season,week,game_date,game_site,opponent,boxscore_url,quarter,time,down,yds_to_go,location,patriots_score,opponent_score,detail,epb,epa,play_type,two_point_attempt,passer,rusher,receiver,interceptor,sacker,punter,kicker,returner,blocker,tackler_1,tackler_2,forced_fumble_player,fumble_recovery_player,penalized_player
1998,1,September 7,away,Denver Broncos,https://www.pro-football-reference.com/boxscores/199809070den.htm,,,,,,,,"Patriots won the coin toss, Broncos to receive the opening kickoff.",,,other,,,,,,,,,,,,,,,
1998,1,September 7,away,Denver Broncos,https://www.pro-football-reference.com/boxscores/199809070den.htm,1,15:00,,,NWE 30,0,0,"Adam Vinatieri kicks off 73 yards, returned by Derek Loville for 21 yards (tackle by Larry Whigham)",0.000,-0.040,kickoff,,,,,,,,Adam Vinatieri,Derek Loville,,Larry Whigham,,,,
1998,1,September 7,away,Denver Broncos,https://www.pro-football-reference.com/boxscores/199809070den.htm,1,,1,10,DEN 18,0,0,John Elway pass complete to Ed McCaffrey for 44 yards (tackle by Chris Canty),0.040,3.050,pass,,John Elway,,Ed McCaffrey,,,,,,,Chris Canty,,,,
1998,1,September 7,away,Denver Broncos,https://www.pro-football-reference.com/boxscores/199809070den.htm,1,,1,10,NWE 38,0,0,John Elway pass complete to Shannon Sharpe for 5 yards (tackle by Chris Slade),3.050,3.180,pass,,John Elway,,Shannon Sharpe,,,,,,,Chris Slade,,,,
1998,1,September 7,away,Denver Broncos,https://www.pro-football-reference.com/boxscores/199809070den.htm,1,,2,5,NWE 33,0,0,Terrell Davis left end for -1 yards (tackle by Ferric Collons),3.180,2.340,run,,,Terrell Davis,,,,,,,,Ferric Collons,,,,
1998,1,September 7,away,Denver Broncos,https://www.pro-football-reference.com/boxscores/199809070den.htm,1,,3,6,NWE 34,0,0,John Elway pass incomplete intended for Shannon Sharpe,2.340,1.070,pass,,John Elway,,Shannon Sharpe,,,,,,,,,,,
1998,1,September 7,away,Denver Broncos,https://www.pro-football-reference.com/boxscores/199809070den.htm,1,,4,6,NWE 34,0,3,Jason Elam 53 yard field goal good,1.070,3.000,field_goal,,,,,,,,Jason Elam,,,,,,,
1998,1,September 7,away,Denver Broncos,https://www.pro-football-reference.com/boxscores/199809070den.htm,1,12:31,,,DEN 30,0,3,"Jason Elam kicks off 70 yards, returned by Derrick Cullors for 68 yards (tackle by Tory James)",0.000,-3.450,kickoff,,,,,,,,Jason Elam,Derrick Cullors,,Tory James,,,,
1998,1,September 7,away,Denver Broncos,https://www.pro-football-reference.com/boxscores/199809070den.htm,1,,1,10,DEN 32,0,3,Drew Bledsoe pass incomplete intended for Terry Glenn,3.450,2.900,pass,,Drew Bledsoe,,Terry Glenn,,,,,,,,,,,
1998,1,September 7,away,Denver Broncos,https://www.pro-football-reference.com/boxscores/199809070den.htm,1,,2,10,DEN 32,0,3,Drew Bledsoe pass complete to Troy Brown for 5 yards (tackle by Eric Brown and Keith Traylor),2.900,2.870,pass,,Drew Bledsoe,,Troy Brown,,,,,,,Eric Brown,Keith Traylor,,,
1998,1,September 7,away,Denver Broncos,https://www.pro-football-reference.com/boxscores/199809070den.htm,1,,3,5,DEN 27,0,3,Drew Bledsoe pass complete to Troy Brown for 8 yards (tackle by Tyrone Braxton),2.870,4.310,pass,,Drew Bledsoe,,Troy Brown,,,,,,,Tyrone Braxton,,,,
1998,1,September 7,away,Denver Broncos,https://www.pro-football-reference.com/boxscores/199809070den.htm,1,,1,10,DEN 19,0,3,Sedrick Shaw right tackle for 1 yard (tackle by Eric Brown and Bill Romanowski),4.310,3.880,run,,,Sedrick Shaw,,,,,,,,Eric Brown,Bill Romanowski,,,
1998,1,September 7,away,Denver Broncos,https://www.pro-football-reference.com/boxscores/199809070den.htm,1,,2,9,DEN 18,0,3,"Penalty on NWE: Illegal Substitution, 5 yards (accepted)",3.880,3.220,penalty,,,,,,,,,,,,,,,
1998,1,September 7,away,Denver Broncos,https://www.pro-football-reference.com/boxscores/199809070den.htm,1,,2,14,DEN 23,0,3,Sedrick Shaw left end for 1 yard (tackle by Trevor Pryce and Keith Traylor),3.220,2.680,run,,,Sedrick Shaw,,,,,,,,Trevor Pryce,Keith Traylor,,,
1998,1,September 7,away,Denver Broncos,https://www.pro-football-reference.com/boxscores/199809070den.htm,1,,3,13,DEN 22,0,3,Drew Bledsoe pass incomplete intended for Terry Glenn,2.680,1.990,pass,,Drew Bledsoe,,Terry Glenn,,,,,,,,,,,
1998,1,September 7,away,Denver Broncos,https://www.pro-football-reference.com/boxscores/199809070den.htm,1,,4,13,DEN 22,0,3,Adam Vinatieri 39 yard field goal no good,1.990,-0.940,field_goal,,,,,,,,Adam Vinatieri,,,,,,,
1998,1,September 7,away,Denver Broncos,https://www.pro-football-reference.com/boxscores/199809070den.htm,1,9:22,1,10,DEN 30,0,3,John Elway pass complete to Ed McCaffrey for 3 yards (tackle by Chris Canty),0.940,0.800,pass,,John Elway,,Ed McCaffrey,,,,,,,Chris Canty,,,,
1998,1,September 7,away,Denver Broncos,https://www.pro-football-reference.com/boxscores/199809070den.htm,1,,2,7,DEN 33,0,3,Terrell Davis left tackle for 3 yards (tackle by Todd Collins and Henry Thomas),0.800,0.500,run,,,Terrell Davis,,,,,,,,Todd Collins,Henry Thomas,,,
1998,1,September 7,away,Denver Broncos,https://www.pro-football-reference.com/boxscores/199809070den.htm,1,,3,4,DEN 36,0,3,John Elway pass incomplete intended for Ed McCaffrey,0.500,-0.980,pass,,John Elway,,Ed McCaffrey,,,,,,,,,,,
1998,1,September 7,away,Denver Broncos,https://www.pro-football-reference.com/boxscores/199809070den.htm,1,,4,4,DEN 36,0,3,"Tom Rouen punts 43 yards, returned by Troy Brown for -2 yards (tackle by Tito Paul)",-0.980,-0.150,punt,,,,,,,Tom Rouen,,Troy Brown,,Tito Paul,,,,
1998,1,September 7,away,Denver Broncos,https://www.pro-football-reference.com/boxscores/199809070den.htm,1,7:57,1,10,NWE 19,0,3,"Drew Bledsoe right end for 9 yards. Penalty on Max Lane: Defensive Holding, 9 yards (accepted) (tackle by Steve Atwater) (no play)",0.150,-0.720,no_play,,,,,,,,,,,Steve Atwater,,,,
1998,1,September 7,away,Denver Broncos,https://www.pro-football-reference.com/boxscores/199809070den.htm,1,,1,19,NWE 10,0,3,Sedrick Shaw right tackle for no gain (tackle by Glenn Cadrez and Bill Romanowski),-0.720,-1.440,run,,,Sedrick Shaw,,,,,,,,Glenn Cadrez,Bill Romanowski,,,
1998,1,September 7,away,Denver Broncos,https://www.pro-football-reference.com/boxscores/199809070den.htm,1,,2,19,NWE 10,0,3,Drew Bledsoe sacked by Bill Romanowski for 8 yards,-1.440,-3.410,pass,,Drew Bledsoe,,,,Bill Romanowski,,,,,,,,,
1998,1,September 7,away,Denver Broncos,https://www.pro-football-reference.com/boxscores/199809070den.htm,1,6:25,3,27,NWE 2,0,3,Sedrick Shaw right tackle for 12 yards (tackle by John Mobley),-3.410,-2.470,run,,,Sedrick Shaw,,,,,,,,John Mobley,,,,
1998,1,September 7,away,Denver Broncos,https://www.pro-football-reference.com/boxscores/199809070den.htm,1,,4,15,NWE 14,0,3,"Tom Tupa punts 64 yards. Penalty on Larry Whigham: Unsportsmanlike Conduct, 7 yards (accepted) (no play)",-2.470,-2.490,no_play,,,,,,,,,,,,,,,
1998,1,September 7,away,Denver Broncos,https://www.pro-football-reference.com/boxscores/199809070den.htm,1,,4,22,NWE 7,0,3,Tom Tupa punts 42 yards,-2.490,-2.320,punt,,,,,,,Tom Tupa,,,,,,,,
1998,1,September 7,away,Denver Broncos,https://www.pro-football-reference.com/boxscores/199809070den.htm,1,5:29,1,10,NWE 49,0,3,John Elway sacked by Brandon Mitchell for 9 yards,2.320,0.570,pass,,John Elway,,,,Brandon Mitchell,,,,,,,,,
1998,1,September 7,away,Denver Broncos,https://www.pro-football-reference.com/boxscores/199809070den.htm,1,,2,19,DEN 42,0,3,John Elway pass complete to Justin Armour for 23 yards (tackle by Larry Whigham),0.570,3.250,pass,,John Elway,,Justin Armour,,,,,,,Larry Whigham,,,,
1998,1,September 7,away,Denver Broncos,https://www.pro-football-reference.com/boxscores/199809070den.htm,1,,1,10,NWE 35,0,3,Terrell Davis left tackle for 5 yards (tackle by Willie McGinest),3.250,3.380,run,,,Terrell Davis,,,,,,,,Willie McGinest,,,,
1998,1,September 7,away,Denver Broncos,https://www.pro-football-reference.com/boxscores/199809070den.htm,1,,2,5,NWE 30,0,3,Terrell Davis right guard for 2 yards (tackle by Ted Johnson),3.380,2.940,run,,,Terrell Davis,,,,,,,,Ted Johnson,,,,
1998,1,September 7,away,Denver Broncos,https://www.pro-football-reference.com/boxscores/199809070den.htm,1,,3,3,NWE 28,0,3,John Elway scrambles middle for 13 yards (tackle by Willie Clay),2.940,4.580,run,,,John Elway,,,,,,,,Willie Clay,,,,
1998,1,September 7,away,Denver Broncos,https://www.pro-football-reference.com/boxscores/199809070den.htm,1,,1,10,NWE 15,0,3,Terrell Davis right guard for 3 yards (tackle by Willie McGinest),4.580,4.450,run,,,Terrell Davis,,,,,,,,Willie McGinest,,,,
1998,1,September 7,away,Denver Broncos,https://www.pro-football-reference.com/boxscores/199809070den.htm,1,,2,7,NWE 12,0,9,"John Elway pass complete to Shannon Sharpe for 12 yards, touchdown",4.450,7.000,pass,,John Elway,,Shannon Sharpe,,,,,,,,,,,
1998,1,September 7,away,Denver Broncos,https://www.pro-football-reference.com/boxscores/199809070den.htm,1,1:40,,,,0,10,Jason Elam kicks extra point good,0.000,0.000,extra_point,,,,,,,,Jason Elam,,,,,,,
1998,1,September 7,away,Denver Broncos,https://www.pro-football-reference.com/boxscores/199809070den.htm,1,,,,DEN 30,0,10,"Jason Elam kicks off 62 yards, returned by Derrick Cullors for 39 yards (tackle by Keith Burns and Tory James)",0.000,-2.060,kickoff,,,,,,,,Jason Elam,Derrick Cullors,,Keith Burns,Tory James,,,
1998,1,September 7,away,Denver Broncos,https://www.pro-football-reference.com/boxscores/199809070den.htm,1,,1,10,NWE 47,0,10,Robert Edwards middle for 15 yards (tackle by Tyrone Braxton),2.060,3.050,run,,,Robert Edwards,,,,,,,,Tyrone Braxton,,,,
1998,1,September 7,away,Denver Broncos,https://www.pro-football-reference.com/boxscores/199809070den.htm,1,,1,10,DEN 38,0,10,Robert Edwards left end for 6 yards (tackle by Glenn Cadrez),3.050,3.320,run,,,Robert Edwards,,,,,,,,Glenn Cadrez,,,,
1998,1,September 7,away,Denver Broncos,https://www.pro-football-reference.com/boxscores/199809070den.htm,1,,2,4,DEN 32,0,10,"Drew Bledsoe for no gain. Drew Bledsoe fumbles, recovered by Drew Bledsoe at DB32",3.320,2.610,run,,,Drew Bledsoe,,,,,,,,,,,Drew Bledsoe,
1998,1,September 7,away,Denver Broncos,https://www.pro-football-reference.com/boxscores/199809070den.htm,2,15:00,3,4,DEN 32,0,10,Drew Bledsoe pass complete to Ben Coates for 9 yards (tackle by Glenn Cadrez),2.610,4.040,pass,,Drew Bledsoe,,Ben Coates,,,,,,,Glenn Cadrez,,,,
1998,1,September 7,away,Denver Broncos,https://www.pro-football-reference.com/boxscores/199809070den.htm,2,,1,10,DEN 23,0,10,Robert Edwards left tackle for 3 yards (tackle by John Mobley),4.040,3.900,run,,,Robert Edwards,,,,,,,,John Mobley,,,,
1998,1,September 7,away,Denver Broncos,https://www.pro-football-reference.com/boxscores/199809070den.htm,2,,2,7,DEN 20,0,10,Drew Bledsoe pass incomplete intended for Terry Glenn,3.900,3.200,pass,,Drew Bledsoe,,Terry Glenn,,,,,,,,,,,
1998,1,September 7,away,Denver Broncos,https://www.pro-football-reference.com/boxscores/199809070den.htm,2,,3,7,DEN 20,0,10,Drew Bledsoe pass incomplete intended for Troy Brown,3.200,2.120,pass,,Drew Bledsoe,,Troy Brown,,,,,,,,,,,
1998,1,September 7,away,Denver Broncos,https://www.pro-football-reference.com/boxscores/199809070den.htm,2,,4,7,DEN 20,0,10,Adam Vinatieri 37 yard field goal no good,2.120,-1.270,field_goal,,,,,,,,Adam Vinatieri,,,,,,,
1998,1,September 7,away,Denver Broncos,https://www.pro-football-reference.com/boxscores/199809070den.htm,2,13:25,1,10,DEN 35,0,10,John Elway pass complete to Howard Griffith for 15 yards (tackle by Ted Johnson),1.270,2.260,pass,,John Elway,,Howard Griffith,,,,,,,Ted Johnson,,,,
1998,1,September 7,away,Denver Broncos,https://www.pro-football-reference.com/boxscores/199809070den.htm,2,,1,10,NWE 50,0,10,Terrell Davis middle for 5 yards (tackle by Todd Collins and Chris Slade),2.260,2.390,run,,,Terrell Davis,,,,,,,,Todd Collins,Chris Slade,,,
1998,1,September 7,away,Denver Broncos,https://www.pro-football-reference.com/boxscores/199809070den.htm,2,,2,5,NWE 45,0,10,Howard Griffith right guard for 2 yards (tackle by Todd Collins),2.390,1.950,run,,,Howard Griffith,,,,,,,,Todd Collins,,,,
1998,1,September 7,away,Denver Broncos,https://www.pro-football-reference.com/boxscores/199809070den.htm,2,11:39,3,3,NWE 43,0,10,John Elway pass incomplete intended for Shannon Sharpe,1.950,0.400,pass,,John Elway,,Shannon Sharpe,,,,,,,,,,,
1998,1,September 7,away,Denver Broncos,https://www.pro-football-reference.com/boxscores/199809070den.htm,2,,4,3,NWE 43,0,10,"Tom Rouen punts 43 yards, touchback.. Penalty on Willie McGinest: Defensive Offside, 5 yards (accepted) (no play)",0.400,3.050,no_play,,,,,,,,,,,,,,,
1998,1,September 7,away,Denver Broncos,https://www.pro-football-reference.com/boxscores/199809070den.htm,2,,1,10,NWE 38,0,10,John Elway pass complete to Rod Smith for 3 yards (tackle by Ty Law),3.050,2.910,pass,,John Elway,,Rod Smith,,,,,,,Ty Law,,,,
1998,1,September 7,away,Denver Broncos,https://www.pro-football-reference.com/boxscores/199809070den.htm,2,,2,7,NWE 35,0,10,John Elway pass complete to Rod Smith for 12 yards (tackle by Chris Canty),2.910,4.040,pass,,John Elway,,Rod Smith,,,,,,,Chris Canty,,,,
1998,1,September 7,away,Denver Broncos,https://www.pro-football-reference.com/boxscores/199809070den.htm,2,,1,10,NWE 23,0,10,John Elway pass complete to Rod Smith for 14 yards,4.040,5.140,pass,,John Elway,,Rod Smith,,,,,,,,,,,
1998,1,September 7,away,Denver Broncos,https://www.pro-football-reference.com/boxscores/199809070den.htm,2,,1,9,NWE 9,0,16,"Terrell Davis left end for 9 yards, touchdown",5.140,7.000,run,,,Terrell Davis,,,,,,,,,,,,
1998,1,September 7,away,Denver Broncos,https://www.pro-football-reference.com/boxscores/199809070den.htm,2,9:28,,,,0,17,Jason Elam kicks extra point good,0.000,0.000,extra_point,,,,,,,,Jason Elam,,,,,,,
1998,1,September 7,away,Denver Broncos,https://www.pro-football-reference.com/boxscores/199809070den.htm,2,,,,DEN 30,0,17,"Jason Elam kicks off 76 yards, touchback.",0.000,-0.280,kickoff,,,,,,,,Jason Elam,,,,,,,
1998,1,September 7,away,Denver Broncos,https://www.pro-football-reference.com/boxscores/199809070den.htm,2,,1,10,NWE 20,0,17,Robert Edwards left end for 2 yards (tackle by John Mobley),0.280,0.000,run,,,Robert Edwards,,,,,,,,John Mobley,,,,
1998,1,September 7,away,Denver Broncos,https://www.pro-football-reference.com/boxscores/199809070den.htm,2,,2,8,NWE 22,0,17,Drew Bledsoe pass complete to Tony Carter for 11 yards (tackle by Neil Smith),0.000,1.140,pass,,Drew Bledsoe,,Tony Carter,,,,,,,Neil Smith,,,,
1998,1,September 7,away,Denver Broncos,https://www.pro-football-reference.com/boxscores/199809070den.htm,2,,1,10,NWE 33,0,17,"Robert Edwards left tackle for 2 yards. Robert Edwards fumbles (forced by Eric Brown), recovered by Bruce Armstrong at NE36",1.140,1.000,run,,,Robert Edwards,,,,,,,,,,Eric Brown,Bruce Armstrong,
1998,1,September 7,away,Denver Broncos,https://www.pro-football-reference.com/boxscores/199809070den.htm,2,,2,7,NWE 36,0,17,"Robert Edwards left guard for 6 yards (tackle by Steve Atwater). Penalty on Marvin Washington: Defensive Offside, 5 yards (accepted) (no play)",1.000,1.670,no_play,,,,,,,,,,,Steve Atwater,,,,
1998,1,September 7,away,Denver Broncos,https://www.pro-football-reference.com/boxscores/199809070den.htm,2,,2,2,NWE 41,0,17,Robert Edwards left tackle for 3 yards (tackle by Bill Romanowski),1.670,1.860,run,,,Robert Edwards,,,,,,,,Bill Romanowski,,,,
1998,1,September 7,away,Denver Broncos,https://www.pro-football-reference.com/boxscores/199809070den.htm,2,,1,10,NWE 44,0,17,Drew Bledsoe pass complete to Shawn Jefferson for 55 yards (tackle by Steve Atwater),1.860,6.970,pass,,Drew Bledsoe,,Shawn Jefferson,,,,,,,Steve Atwater,,,,
1998,1,September 7,away,Denver Broncos,https://www.pro-football-reference.com/boxscores/199809070den.htm,2,,1,1,DEN 1,0,17,Robert Edwards right guard for no gain (tackle by Keith Burns),6.970,5.910,run,,,Robert Edwards,,,,,,,,Keith Burns,,,,
1998,1,September 7,away,Denver Broncos,https://www.pro-football-reference.com/boxscores/199809070den.htm,2,,2,1,DEN 1,6,17,"Robert Edwards right tackle for 1 yard, touchdown",5.910,7.000,run,,,Robert Edwards,,,,,,,,,,,,
1998,1,September 7,away,Denver Broncos,https://www.pro-football-reference.com/boxscores/199809070den.htm,2,5:17,,,,7,17,Adam Vinatieri kicks extra point good,0.000,0.000,extra_point,,,,,,,,Adam Vinatieri,,,,,,,
1998,1,September 7,away,Denver Broncos,https://www.pro-football-reference.com/boxscores/199809070den.htm,2,,,,NWE 30,7,17,"Adam Vinatieri kicks off 73 yards, returned by Derek Loville for 14 yards (tackle by Adam Vinatieri). Penalty on Seth Joyner: Illegal Block Above the Waist, 5 yards (accepted)",0.000,0.380,kickoff,,,,,,,,Adam Vinatieri,Derek Loville,,Adam Vinatieri,,,,
1998,1,September 7,away,Denver Broncos,https://www.pro-football-reference.com/boxscores/199809070den.htm,2,,1,10,DEN 6,7,17,Terrell Davis right guard for 2 yards (tackle by Mark Wheeler),-0.380,-0.630,run,,,Terrell Davis,,,,,,,,Mark Wheeler,,,,
1998,1,September 7,away,Denver Broncos,https://www.pro-football-reference.com/boxscores/199809070den.htm,2,,2,8,DEN 8,7,17,Terrell Davis left tackle for 3 yards (tackle by Henry Thomas),-0.630,-0.840,run,,,Terrell Davis,,,,,,,,Henry Thomas,,,,
1998,1,September 7,away,Denver Broncos,https://www.pro-football-reference.com/boxscores/199809070den.htm,2,,3,5,DEN 11,7,17,John Elway pass complete to Byron Chamberlain for 7 yards (tackle by Chris Carter),-0.840,0.000,pass,,John Elway,,Byron Chamberlain,,,,,,,Chris Carter,,,,
1998,1,September 7,away,Denver Broncos,https://www.pro-football-reference.com/boxscores/199809070den.htm,2,,,,,7,17,Penalty on Willie McGinest: Defensive Offside (declined),0.000,0.040,penalty,,,,,,,,,,,,,,,Willie McGinest
1998,1,September 7,away,Denver Broncos,https://www.pro-football-reference.com/boxscores/199809070den.htm,2,,1,10,DEN 18,7,17,Terrell Davis right tackle for 1 yard (tackle by Willie McGinest),0.040,-0.320,run,,,Terrell Davis,,,,,,,,Willie McGinest,,,,
1998,1,September 7,away,Denver Broncos,https://www.pro-football-reference.com/boxscores/199809070den.htm,2,,2,9,DEN 19,7,17,John Elway pass complete to Rod Smith for 2 yards (tackle by Lawyer Milloy),-0.320,-0.790,pass,,John Elway,,Rod Smith,,,,,,,Lawyer Milloy,,,,
1998,1,September 7,away,Denver Broncos,https://www.pro-football-reference.com/boxscores/199809070den.htm,2,,3,7,DEN 21,7,17,John Elway pass complete to Ed McCaffrey for 11 yards (tackle by Chris Canty),-0.790,1.070,pass,,John Elway,,Ed McCaffrey,,,,,,,Chris Canty,,,,
1998,1,September 7,away,Denver Broncos,https://www.pro-football-reference.com/boxscores/199809070den.htm,2,1:58,1,10,DEN 32,7,17,John Elway pass complete to Terrell Davis for 7 yards (tackle by Chris Canty),1.070,1.470,pass,,John Elway,,Terrell Davis,,,,,,,Chris Canty,,,,
1998,1,September 7,away,Denver Broncos,https://www.pro-football-reference.com/boxscores/199809070den.htm,2,1:50,2,3,DEN 39,7,17,"Penalty on Mark Schlereth: False Start, 5 yards (accepted)",1.470,0.800,penalty,,,,,,,,,,,,,,,Mark Schlereth
1998,1,September 7,away,Denver Broncos,https://www.pro-football-reference.com/boxscores/199809070den.htm,2,,2,8,DEN 34,7,17,John Elway pass incomplete intended for Rod Smith,0.800,0.100,pass,,John Elway,,Rod Smith,,,,,,,,,,,
1998,1,September 7,away,Denver Broncos,https://www.pro-football-reference.com/boxscores/199809070den.htm,2,1:44,3,8,DEN 34,7,17,John Elway pass incomplete intended for Justin Armour,0.100,-1.110,pass,,John Elway,,Justin Armour,,,,,,,,,,,
1998,1,September 7,away,Denver Broncos,https://www.pro-football-reference.com/boxscores/199809070den.htm,2,1:39,4,8,DEN 34,7,17,"Tom Rouen punts 53 yards, returned by Troy Brown for 10 yards (tackle by Anthony Lynn and Detron Smith)",-1.110,-0.480,punt,,,,,,,Tom Rouen,,Troy Brown,,Anthony Lynn,Detron Smith,,,
1998,1,September 7,away,Denver Broncos,https://www.pro-football-reference.com/boxscores/199809070den.htm,2,1:28,1,10,NWE 23,7,17,Drew Bledsoe pass complete to Shawn Jefferson for 9 yards,0.480,1.150,pass,,Drew Bledsoe,,Shawn Jefferson,,,,,,,,,,,
1998,1,September 7,away,Denver Broncos,https://www.pro-football-reference.com/boxscores/199809070den.htm,2,1:22,2,1,NWE 32,7,17,Drew Bledsoe pass incomplete intended for Shawn Jefferson,1.150,0.430,pass,,Drew Bledsoe,,Shawn Jefferson,,,,,,,,,,,
1998,1,September 7,away,Denver Broncos,https://www.pro-football-reference.com/boxscores/199809070den.htm,2,1:16,3,1,NWE 32,7,17,Drew Bledsoe middle for 2 yards (tackle by John Mobley),0.430,1.200,run,,,Drew Bledsoe,,,,,,,,John Mobley,,,,
1998,1,September 7,away,Denver Broncos,https://www.pro-football-reference.com/boxscores/199809070den.htm,2,0:56,1,10,NWE 34,7,17,Drew Bledsoe pass complete to Troy Brown for 8 yards (tackle by Tyrone Braxton),1.200,1.740,pass,,Drew Bledsoe,,Troy Brown,,,,,,,Tyrone Braxton,,,,
1998,1,September 7,away,Denver Broncos,https://www.pro-football-reference.com/boxscores/199809070den.htm,2,0:37,2,2,NWE 42,7,17,Drew Bledsoe pass incomplete intended for Ben Coates,1.740,1.030,pass,,Drew Bledsoe,,Ben Coates,,,,,,,,,,,
1998,1,September 7,away,Denver Broncos,https://www.pro-football-reference.com/boxscores/199809070den.htm,2,0:33,3,2,NWE 42,7,17,Drew Bledsoe pass incomplete intended for Lovett Purnell,1.030,-0.590,pass,,Drew Bledsoe,,Lovett Purnell,,,,,,,,,,,
1998,1,September 7,away,Denver Broncos,https://www.pro-football-reference.com/boxscores/199809070den.htm,2,0:29,4,2,NWE 42,7,17,"Tom Tupa punts 58 yards, touchback.",-0.590,-0.280,punt,,,,,,,Tom Tupa,,,,,,,,
1998,1,September 7,away,Denver Broncos,https://www.pro-football-reference.com/boxscores/199809070den.htm,2,0:20,1,10,DEN 20,7,17,John Elway kneels for -1 yards (tackle by Willie Clay),0.280,-0.460,run,,,John Elway,,,,,,,,Willie Clay,,,,
1998,1,September 7,away,Denver Broncos,https://www.pro-football-reference.com/boxscores/199809070den.htm,3,15:00,,,DEN 30,7,17,"Jason Elam kicks off 61 yards, returned by Derrick Cullors for 18 yards (tackle by Derek Loville)",0.000,-0.740,kickoff,,,,,,,,Jason Elam,Derrick Cullors,,Derek Loville,,,,
1998,1,September 7,away,Denver Broncos,https://www.pro-football-reference.com/boxscores/199809070den.htm,3,,1,10,NWE 27,7,17,Sedrick Shaw left end for 3 yards (tackle by Darrien Gordon),0.740,0.600,run,,,Sedrick Shaw,,,,,,,,Darrien Gordon,,,,
1998,1,September 7,away,Denver Broncos,https://www.pro-football-reference.com/boxscores/199809070den.htm,3,,2,7,NWE 30,7,17,Sedrick Shaw middle for 4 yards (tackle by Eric Brown and Trevor Pryce),0.600,0.430,run,,,Sedrick Shaw,,,,,,,,Eric Brown,Trevor Pryce,,,
1998,1,September 7,away,Denver Broncos,https://www.pro-football-reference.com/boxscores/199809070den.htm,3,,3,3,NWE 34,7,17,Drew Bledsoe pass complete to Terry Glenn for 14 yards (tackle by Darrien Gordon),0.430,2.130,pass,,Drew Bledsoe,,Terry Glenn,,,,,,,Darrien Gordon,,,,
1998,1,September 7,away,Denver Broncos,https://www.pro-football-reference.com/boxscores/199809070den.htm,3,,1,10,NWE 48,7,17,Drew Bledsoe pass complete to Terry Glenn for 24 yards,2.130,3.710,pass,,Drew Bledsoe,,Terry Glenn,,,,,,,,,,,
1998,1,September 7,away,Denver Broncos,https://www.pro-football-reference.com/boxscores/199809070den.htm,3,,1,10,DEN 28,7,17,Sedrick Shaw right guard for 4 yards (tackle by Eric Brown),3.710,3.710,run,,,Sedrick Shaw,,,,,,,,Eric Brown,,,,
1998,1,September 7,away,Denver Broncos,https://www.pro-football-reference.com/boxscores/199809070den.htm,3,,2,6,DEN 24,7,17,Drew Bledsoe pass incomplete intended for Vincent Brisby,3.710,3.010,pass,,Drew Bledsoe,,Vincent Brisby,,,,,,,,,,,
1998,1,September 7,away,Denver Broncos,https://www.pro-football-reference.com/boxscores/199809070den.htm,3,12:29,3,6,DEN 24,13,17,"Drew Bledsoe pass complete to Troy Brown for 24 yards, touchdown",3.010,7.000,pass,,Drew Bledsoe,,Troy Brown,,,,,,,,,,,
1998,1,September 7,away,Denver Broncos,https://www.pro-football-reference.com/boxscores/199809070den.htm,3,12:21,,,,14,17,Adam Vinatieri kicks extra point good,0.000,0.000,extra_point,,,,,,,,Adam Vinatieri,,,,,,,
1998,1,September 7,away,Denver Broncos,https://www.pro-football-reference.com/boxscores/199809070den.htm,3,,,,NWE 30,14,17,"Adam Vinatieri kicks off 74 yards, returned by Derek Loville for 17 yards (tackle by Tebucky Jones)",0.000,0.320,kickoff,,,,,,,,Adam Vinatieri,Derek Loville,,Tebucky Jones,,,,
1998,1,September 7,away,Denver Broncos,https://www.pro-football-reference.com/boxscores/199809070den.htm,3,,1,10,DEN 13,14,17,John Elway pass complete to Shannon Sharpe for 20 yards (tackle by Willie Clay),-0.320,1.140,pass,,John Elway,,Shannon Sharpe,,,,,,,Willie Clay,,,,
1998,1,September 7,away,Denver Broncos,https://www.pro-football-reference.com/boxscores/199809070den.htm,3,,1,10,DEN 33,14,17,Terrell Davis left tackle for 7 yards (tackle by Lawyer Milloy),1.140,1.540,run,,,Terrell Davis,,,,,,,,Lawyer Milloy,,,,
1998,1,September 7,away,Denver Broncos,https://www.pro-football-reference.com/boxscores/199809070den.htm,3,,2,3,DEN 40,14,17,John Elway pass incomplete intended for Rod Smith,1.540,0.830,pass,,John Elway,,Rod Smith,,,,,,,,,,,
1998,1,September 7,away,Denver Broncos,https://www.pro-football-reference.com/boxscores/199809070den.htm,3,,3,3,DEN 40,14,17,John Elway pass complete to Rod Smith for 8 yards (tackle by Willie Clay),0.830,2.130,pass,,John Elway,,Rod Smith,,,,,,,Willie Clay,,,,
1998,1,September 7,away,Denver Broncos,https://www.pro-football-reference.com/boxscores/199809070den.htm,3,,1,10,DEN 48,14,17,Derek Loville left guard for 2 yards (tackle by Todd Collins),2.130,1.850,run,,,Derek Loville,,,,,,,,Todd Collins,,,,
1998,1,September 7,away,Denver Broncos,https://www.pro-football-reference.com/boxscores/199809070den.htm,3,,2,8,NWE 50,14,17,John Elway pass incomplete intended for Ed McCaffrey,1.850,1.160,pass,,John Elway,,Ed McCaffrey,,,,,,,,,,,
1998,1,September 7,away,Denver Broncos,https://www.pro-football-reference.com/boxscores/199809070den.htm,3,,3,8,NWE 50,14,17,John Elway pass complete to Rod Smith for 18 yards (tackle by Ty Law),1.160,3.450,pass,,John Elway,,Rod Smith,,,,,,,Ty Law,,,,
1998,1,September 7,away,Denver Broncos,https://www.pro-football-reference.com/boxscores/199809070den.htm,3,,1,10,NWE 32,14,17,John Elway pass complete to Shannon Sharpe for 5 yards (tackle by Willie Clay),3.450,3.580,pass,,John Elway,,Shannon Sharpe,,,,,,,Willie Clay,,,,
1998,1,September 7,away,Denver Broncos,https://www.pro-football-reference.com/boxscores/199809070den.htm,3,,2,5,NWE 27,14,17,Terrell Davis right tackle for 3 yards (tackle by Ted Johnson),3.580,3.270,run,,,Terrell Davis,,,,,,,,Ted Johnson,,,,
1998,1,September 7,away,Denver Broncos,https://www.pro-football-reference.com/boxscores/199809070den.htm,3,,3,2,NWE 24,14,17,John Elway pass incomplete intended for Rod Smith,3.270,1.990,pass,,John Elway,,Rod Smith,,,,,,,,,,,
1998,1,September 7,away,Denver Broncos,https://www.pro-football-reference.com/boxscores/199809070den.htm,3,,4,2,NWE 24,14,20,Jason Elam 42 yard field goal good,1.990,3.000,field_goal,,,,,,,,Jason Elam,,,,,,,
1998,1,September 7,away,Denver Broncos,https://www.pro-football-reference.com/boxscores/199809070den.htm,3,7:44,,,DEN 30,14,20,"Jason Elam kicks off 69 yards, returned by Derrick Cullors for 28 yards (tackle by Keith Burns)",0.000,-0.870,kickoff,,,,,,,,Jason Elam,Derrick Cullors,,Keith Burns,,,,
1998,1,September 7,away,Denver Broncos,https://www.pro-football-reference.com/boxscores/199809070den.htm,3,,1,10,NWE 29,14,20,Robert Edwards middle for 1 yard (tackle by Keith Burns and Glenn Cadrez),0.870,0.460,run,,,Robert Edwards,,,,,,,,Keith Burns,Glenn Cadrez,,,
1998,1,September 7,away,Denver Broncos,https://www.pro-football-reference.com/boxscores/199809070den.htm,3,6:51,2,9,NWE 30,14,20,Drew Bledsoe sacked by Maa Tanuvasa for 9 yards,0.460,-1.420,pass,,Drew Bledsoe,,,,Maa Tanuvasa,,,,,,,,,
1998,1,September 7,away,Denver Broncos,https://www.pro-football-reference.com/boxscores/199809070den.htm,3,6:16,3,18,NWE 21,14,20,Drew Bledsoe pass complete to Derrick Cullors for 9 yards (tackle by Ray Crockett and Bill Romanowski),-1.420,-1.370,pass,,Drew Bledsoe,,Derrick Cullors,,,,,,,Ray Crockett,Bill Romanowski,,,
1998,1,September 7,away,Denver Broncos,https://www.pro-football-reference.com/boxscores/199809070den.htm,3,,4,9,NWE 30,14,20,"Tom Tupa punts 58 yards, returned by Darrien Gordon for 6 yards (tackle by Derrick Cullors). Penalty on Derrick Cullors: Illegal Downfield Kick, 5 yards (accepted) (no play)",-1.370,-1.700,no_play,,,,,,,,,,,Derrick Cullors,,,,
1998,1,September 7,away,Denver Broncos,https://www.pro-football-reference.com/boxscores/199809070den.htm,3,,4,14,NWE 25,14,20,"Tom Tupa punts 48 yards, returned by Darrien Gordon for 9 yards (tackle by Chris Carter)",-1.700,-1.330,punt,,,,,,,Tom Tupa,,Darrien Gordon,,Chris Carter,,,,
1998,1,September 7,away,Denver Broncos,https://www.pro-football-reference.com/boxscores/199809070den.htm,3,5:17,1,10,DEN 36,14,20,Terrell Davis right tackle for 6 yards (tackle by Willie McGinest and Chris Slade),1.330,1.600,run,,,Terrell Davis,,,,,,,,Willie McGinest,Chris Slade,,,
1998,1,September 7,away,Denver Broncos,https://www.pro-football-reference.com/boxscores/199809070den.htm,3,,2,4,DEN 42,14,20,Terrell Davis right tackle for 3 yards (tackle by Ted Johnson and Mark Wheeler),1.600,1.290,run,,,Terrell Davis,,,,,,,,Ted Johnson,Mark Wheeler,,,
1998,1,September 7,away,Denver Broncos,https://www.pro-football-reference.com/boxscores/199809070den.htm,3,,3,1,DEN 45,14,20,John Elway right guard for 2 yards (tackle by Chris Sullivan),1.290,2.060,run,,,John Elway,,,,,,,,Chris Sullivan,,,,
1998,1,September 7,away,Denver Broncos,https://www.pro-football-reference.com/boxscores/199809070den.htm,3,,1,10,DEN 47,14,20,John Elway pass incomplete intended for Rod Smith,2.060,1.520,pass,,John Elway,,Rod Smith,,,,,,,,,,,
1998,1,September 7,away,Denver Broncos,https://www.pro-football-reference.com/boxscores/199809070den.htm,3,,2,10,DEN 47,14,20,"John Elway pass complete to Rod Smith for 13 yards. Penalty on Dan Neil: Offensive Holding, 10 yards (accepted) (no play)",1.520,0.170,no_play,,,,,,,,,,,,,,,
1998,1,September 7,away,Denver Broncos,https://www.pro-football-reference.com/boxscores/199809070den.htm,3,,2,20,DEN 37,14,20,John Elway pass incomplete intended for Howard Griffith,0.170,-0.490,pass,,John Elway,,Howard Griffith,,,,,,,,,,,
1998,1,September 7,away,Denver Broncos,https://www.pro-football-reference.com/boxscores/199809070den.htm,3,,3,20,DEN 37,14,20,John Elway pass complete to Ed McCaffrey for 17 yards (tackle by Steve Lofton),-0.490,0.200,pass,,John Elway,,Ed McCaffrey,,,,,,,Steve Lofton,,,,
1998,1,September 7,away,Denver Broncos,https://www.pro-football-reference.com/boxscores/199809070den.htm,3,,4,3,NWE 46,14,20,"Penalty on John Elway: Delay of Game, 5 yards (accepted)",0.200,-0.130,penalty,,,,,,,,,,,,,,,John Elway
1998,1,September 7,away,Denver Broncos,https://www.pro-football-reference.com/boxscores/199809070den.htm,3,,4,8,DEN 49,14,20,Tom Rouen punts 36 yards,-0.130,0.140,punt,,,,,,,Tom Rouen,,,,,,,,
1998,1,September 7,away,Denver Broncos,https://www.pro-football-reference.com/boxscores/199809070den.htm,3,1:43,1,10,NWE 16,14,20,Robert Edwards left guard for 6 yards (tackle by Bill Romanowski),-0.140,0.280,run,,,Robert Edwards,,,,,,,,Bill Romanowski,,,,
1998,1,September 7,away,Denver Broncos,https://www.pro-football-reference.com/boxscores/199809070den.htm,3,,2,4,NWE 22,14,20,Robert Edwards left guard for 5 yards (tackle by Maa Tanuvasa),0.280,0.740,run,,,Robert Edwards,,,,,,,,Maa Tanuvasa,,,,
1998,1,September 7,away,Denver Broncos,https://www.pro-football-reference.com/boxscores/199809070den.htm,3,,1,10,NWE 27,14,20,Drew Bledsoe pass incomplete intended for Terry Glenn,0.740,0.200,pass,,Drew Bledsoe,,Terry Glenn,,,,,,,,,,,
1998,1,September 7,away,Denver Broncos,https://www.pro-football-reference.com/boxscores/199809070den.htm,3,,2,10,NWE 27,14,20,Drew Bledsoe pass complete to Lovett Purnell for 4 yards (tackle by Eric Brown),0.200,0.040,pass,,Drew Bledsoe,,Lovett Purnell,,,,,,,Eric Brown,,,,
1998,1,September 7,away,Denver Broncos,https://www.pro-football-reference.com/boxscores/199809070den.htm,4,15:00,3,6,NWE 31,14,20,Drew Bledsoe sacked by Bill Romanowski for 14 yards,0.040,-2.320,pass,,Drew Bledsoe,,,,Bill Romanowski,,,,,,,,,
1998,1,September 7,away,Denver Broncos,https://www.pro-football-reference.com/boxscores/199809070den.htm,4,,4,20,NWE 17,14,20,"Tom Tupa punts 56 yards, returned by Darrien Gordon for 30 yards (tackle by Derrick Cullors)",-2.320,-2.720,punt,,,,,,,Tom Tupa,,Darrien Gordon,,Derrick Cullors,,,,
1998,1,September 7,away,Denver Broncos,https://www.pro-football-reference.com/boxscores/199809070den.htm,4,14:29,1,10,NWE 43,14,20,Terrell Davis left guard for 3 yards (tackle by Todd Collins and Ted Johnson),2.720,2.580,run,,,Terrell Davis,,,,,,,,Todd Collins,Ted Johnson,,,
1998,1,September 7,away,Denver Broncos,https://www.pro-football-reference.com/boxscores/199809070den.htm,4,,2,7,NWE 40,14,20,Terrell Davis left end for 5 yards (tackle by Chris Slade),2.580,2.540,run,,,Terrell Davis,,,,,,,,Chris Slade,,,,
1998,1,September 7,away,Denver Broncos,https://www.pro-football-reference.com/boxscores/199809070den.htm,4,,3,2,NWE 35,14,20,John Elway pass complete to Ed McCaffrey for 5 yards (tackle by Lawyer Milloy and Chris Slade),2.540,3.580,pass,,John Elway,,Ed McCaffrey,,,,,,,Lawyer Milloy,Chris Slade,,,
1998,1,September 7,away,Denver Broncos,https://www.pro-football-reference.com/boxscores/199809070den.htm,4,,1,10,NWE 30,14,20,John Elway pass complete to Shannon Sharpe for 9 yards (tackle by Todd Collins),3.580,0.000,pass,,John Elway,,Shannon Sharpe,,,,,,,Todd Collins,,,,
1998,1,September 7,away,Denver Broncos,https://www.pro-football-reference.com/boxscores/199809070den.htm,4,,,,NWE 21,14,20,"Penalty on Willie McGinest: Roughing the Passer, 10 yards (accepted)",0.000,4.840,penalty,,,,,,,,,,,,,,,Willie McGinest
1998,1,September 7,away,Denver Broncos,https://www.pro-football-reference.com/boxscores/199809070den.htm,4,,1,10,NWE 11,14,20,Terrell Davis right guard for 3 yards (tackle by Willie Clay),4.840,4.700,run,,,Terrell Davis,,,,,,,,Willie Clay,,,,
1998,1,September 7,away,Denver Broncos,https://www.pro-football-reference.com/boxscores/199809070den.htm,4,,2,7,NWE 8,14,20,John Elway pass incomplete intended for Shannon Sharpe,4.700,3.760,pass,,John Elway,,Shannon Sharpe,,,,,,,,,,,
1998,1,September 7,away,Denver Broncos,https://www.pro-football-reference.com/boxscores/199809070den.htm,4,,3,7,NWE 8,14,20,John Elway pass complete to Ed McCaffrey for 7 yards (tackle by Ty Law),3.760,6.970,pass,,John Elway,,Ed McCaffrey,,,,,,,Ty Law,,,,
1998,1,September 7,away,Denver Broncos,https://www.pro-football-reference.com/boxscores/199809070den.htm,4,,1,1,NWE 1,14,26,"Terrell Davis left guard for 1 yard, touchdown",6.970,7.000,run,,,Terrell Davis,,,,,,,,,,,,
1998,1,September 7,away,Denver Broncos,https://www.pro-football-reference.com/boxscores/199809070den.htm,4,10:51,,,,14,27,Jason Elam kicks extra point good,0.000,0.000,extra_point,,,,,,,,Jason Elam,,,,,,,
1998,1,September 7,away,Denver Broncos,https://www.pro-football-reference.com/boxscores/199809070den.htm,4,,,,DEN 30,14,27,"Jason Elam kicks off 71 yards, returned by Derrick Cullors for 17 yards (tackle by Tory James). Penalty on Bernard Russ: Illegal Block Above the Waist, 8 yards (accepted)",0.000,0.380,kickoff,,,,,,,,Jason Elam,Derrick Cullors,,Tory James,,,,
1998,1,September 7,away,Denver Broncos,https://www.pro-football-reference.com/boxscores/199809070den.htm,4,,1,10,NWE 8,14,27,Drew Bledsoe pass complete to Terry Glenn for 20 yards,-0.380,0.810,pass,,Drew Bledsoe,,Terry Glenn,,,,,,,,,,,
1998,1,September 7,away,Denver Broncos,https://www.pro-football-reference.com/boxscores/199809070den.htm,4,,1,10,NWE 28,14,27,Drew Bledsoe pass complete to Tony Carter for 5 yards (tackle by Glenn Cadrez),0.810,0.940,pass,,Drew Bledsoe,,Tony Carter,,,,,,,Glenn Cadrez,,,,
1998,1,September 7,away,Denver Broncos,https://www.pro-football-reference.com/boxscores/199809070den.htm,4,,2,5,NWE 33,14,27,Robert Edwards left guard for 4 yards (tackle by Bill Romanowski),0.940,0.760,run,,,Robert Edwards,,,,,,,,Bill Romanowski,,,,
1998,1,September 7,away,Denver Broncos,https://www.pro-football-reference.com/boxscores/199809070den.htm,4,,3,1,NWE 37,14,27,Drew Bledsoe pass incomplete intended for Robert Edwards,0.760,-0.910,pass,,Drew Bledsoe,,Robert Edwards,,,,,,,,,,,
1998,1,September 7,away,Denver Broncos,https://www.pro-football-reference.com/boxscores/199809070den.htm,4,,4,1,NWE 37,14,27,"Tom Tupa punts 51 yards, returned by Darrien Gordon for 14 yards (tackle by Lovett Purnell)",-0.910,-0.670,punt,,,,,,,Tom Tupa,,Darrien Gordon,,Lovett Purnell,,,,
1998,1,September 7,away,Denver Broncos,https://www.pro-football-reference.com/boxscores/199809070den.htm,4,8:35,1,10,DEN 26,14,27,Terrell Davis left tackle for 1 yard (tackle by Ted Johnson and Chris Slade),0.670,0.270,run,,,Terrell Davis,,,,,,,,Ted Johnson,Chris Slade,,,
1998,1,September 7,away,Denver Broncos,https://www.pro-football-reference.com/boxscores/199809070den.htm,4,,2,9,DEN 27,14,27,Terrell Davis right tackle for 1 yard (tackle by Lawyer Milloy),0.270,-0.300,run,,,Terrell Davis,,,,,,,,Lawyer Milloy,,,,
1998,1,September 7,away,Denver Broncos,https://www.pro-football-reference.com/boxscores/199809070den.htm,4,,3,8,DEN 28,14,27,John Elway pass complete to Ed McCaffrey for 10 yards (tackle by Chris Canty),-0.300,1.470,pass,,John Elway,,Ed McCaffrey,,,,,,,Chris Canty,,,,
1998,1,September 7,away,Denver Broncos,https://www.pro-football-reference.com/boxscores/199809070den.htm,4,,1,10,DEN 38,14,27,Terrell Davis left tackle for 3 yards (tackle by Chris Slade),1.470,1.330,run,,,Terrell Davis,,,,,,,,Chris Slade,,,,
1998,1,September 7,away,Denver Broncos,https://www.pro-football-reference.com/boxscores/199809070den.htm,4,,2,7,DEN 41,14,27,Howard Griffith right tackle for no gain (tackle by Todd Collins),1.330,0.630,run,,,Howard Griffith,,,,,,,,Todd Collins,,,,
1998,1,September 7,away,Denver Broncos,https://www.pro-football-reference.com/boxscores/199809070den.htm,4,,3,7,DEN 41,14,27,John Elway pass incomplete intended for Ed McCaffrey,0.630,-0.650,pass,,John Elway,,Ed McCaffrey,,,,,,,,,,,
1998,1,September 7,away,Denver Broncos,https://www.pro-football-reference.com/boxscores/199809070den.htm,4,,4,7,DEN 41,14,27,Tom Rouen punts 50 yards,-0.650,0.380,punt,,,,,,,Tom Rouen,,,,,,,,
1998,1,September 7,away,Denver Broncos,https://www.pro-football-reference.com/boxscores/199809070den.htm,4,4:59,1,10,NWE 10,14,27,Drew Bledsoe pass complete to Tony Carter for 7 yards (tackle by Glenn Cadrez and Darrien Gordon),-0.380,-0.090,pass,,Drew Bledsoe,,Tony Carter,,,,,,,Glenn Cadrez,Darrien Gordon,,,
1998,1,September 7,away,Denver Broncos,https://www.pro-football-reference.com/boxscores/199809070den.htm,4,,2,3,NWE 17,14,27,Drew Bledsoe pass complete to Tony Carter for 2 yards (tackle by John Mobley),-0.090,-0.370,pass,,Drew Bledsoe,,Tony Carter,,,,,,,John Mobley,,,,
1998,1,September 7,away,Denver Broncos,https://www.pro-football-reference.com/boxscores/199809070den.htm,4,,3,1,NWE 19,14,27,Robert Edwards middle for 2 yards (tackle by Marvin Washington),-0.370,0.340,run,,,Robert Edwards,,,,,,,,Marvin Washington,,,,
1998,1,September 7,away,Denver Broncos,https://www.pro-football-reference.com/boxscores/199809070den.htm,4,,1,10,NWE 21,14,27,Drew Bledsoe pass complete to Troy Brown for 52 yards (tackle by Darrius Johnson),0.340,3.780,pass,,Drew Bledsoe,,Troy Brown,,,,,,,Darrius Johnson,,,,
1998,1,September 7,away,Denver Broncos,https://www.pro-football-reference.com/boxscores/199809070den.htm,4,,1,10,DEN 27,14,27,Derrick Cullors right guard for 3 yards (tackle by Neil Smith),3.780,3.640,run,,,Derrick Cullors,,,,,,,,Neil Smith,,,,
1998,1,September 7,away,Denver Broncos,https://www.pro-football-reference.com/boxscores/199809070den.htm,4,,2,7,DEN 24,14,27,Drew Bledsoe pass incomplete intended for Terry Glenn,3.640,2.940,pass,,Drew Bledsoe,,Terry Glenn,,,,,,,,,,,
1998,1,September 7,away,Denver Broncos,https://www.pro-football-reference.com/boxscores/199809070den.htm,4,,3,7,DEN 24,14,27,Drew Bledsoe pass complete to Terry Glenn for 6 yards (tackle by Darrius Johnson),2.940,2.400,pass,,Drew Bledsoe,,Terry Glenn,,,,,,,Darrius Johnson,,,,
1998,1,September 7,away,Denver Broncos,https://www.pro-football-reference.com/boxscores/199809070den.htm,4,,4,1,DEN 18,14,27,Drew Bledsoe left guard for 1 yard (tackle by Maa Tanuvasa),2.400,4.440,run,,,Drew Bledsoe,,,,,,,,Maa Tanuvasa,,,,
1998,1,September 7,away,Denver Broncos,https://www.pro-football-reference.com/boxscores/199809070den.htm,4,,1,10,DEN 17,14,27,Drew Bledsoe pass incomplete intended for Terry Glenn,4.440,3.850,pass,,Drew Bledsoe,,Terry Glenn,,,,,,,,,,,
1998,1,September 7,away,Denver Broncos,https://www.pro-football-reference.com/boxscores/199809070den.htm,4,,2,10,DEN 17,14,27,Drew Bledsoe pass complete to Terry Glenn for 7 yards (tackle by Tyrone Braxton and Trevor Pryce),3.850,4.340,pass,,Drew Bledsoe,,Terry Glenn,,,,,,,Tyrone Braxton,Trevor Pryce,,,
1998,1,September 7,away,Denver Broncos,https://www.pro-football-reference.com/boxscores/199809070den.htm,4,,3,3,DEN 10,20,27,"Drew Bledsoe pass complete to Vincent Brisby for 10 yards, touchdown",4.340,7.000,pass,,Drew Bledsoe,,Vincent Brisby,,,,,,,,,,,
1998,1,September 7,away,Denver Broncos,https://www.pro-football-reference.com/boxscores/199809070den.htm,4,1:59,,,,21,27,Adam Vinatieri kicks extra point good,0.000,0.000,extra_point,,,,,,,,Adam Vinatieri,,,,,,,
1998,1,September 7,away,Denver Broncos,https://www.pro-football-reference.com/boxscores/199809070den.htm,4,,,,NWE 30,21,27,"Adam Vinatieri kicks onside 10 yards, returned by Ed McCaffrey for no gain",0.000,-2.920,kickoff,,,,,,,,Adam Vinatieri,Ed McCaffrey,,,,,,
1998,1,September 7,away,Denver Broncos,https://www.pro-football-reference.com/boxscores/199809070den.htm,4,1:57,1,10,NWE 40,21,27,Terrell Davis right tackle for 7 yards (tackle by Willie Clay),2.920,3.320,run,,,Terrell Davis,,,,,,,,Willie Clay,,,,
1998,1,September 7,away,Denver Broncos,https://www.pro-football-reference.com/boxscores/199809070den.htm,4,1:12,2,3,NWE 33,21,27,John Elway kneels for -1 yards (tackle by Chad Eaton),3.320,2.480,run,,,John Elway,,,,,,,,Chad Eaton,,,,
1998,1,September 7,away,Denver Broncos,https://www.pro-football-reference.com/boxscores/199809070den.htm,4,0:35,3,4,NWE 34,21,27,John Elway kneels for -1 yards (tackle by Chad Eaton),2.480,0.980,run,,,John Elway,,,,,,,,Chad Eaton,,,,
1998,2,September 13,home,Indianapolis Colts,https://www.pro-football-reference.com/boxscores/199809130nwe.htm,,,,,,,,"Colts won the coin toss, Patriots to receive the opening kickoff.",,,other,,,,,,,,,,,,,,,
1998,2,September 13,home,Indianapolis Colts,https://www.pro-football-reference.com/boxscores/199809130nwe.htm,1,15:00,,,IND 30,0,0,"Chris Gardocki kicks off 72 yards, returned by Derrick Cullors for 47 yards (tackle by Tyrone Poole)",0.000,-1.930,kickoff,,,,,,,,Chris Gardocki,Derrick Cullors,,Tyrone Poole,,,,
1998,2,September 13,home,Indianapolis Colts,https://www.pro-football-reference.com/boxscores/199809130nwe.htm,1,,1,10,NWE 45,0,0,Robert Edwards middle for -1 yards (tackle by Ellis Johnson and Tony McCoy),1.930,0.000,run,,,Robert Edwards,,,,,,,,Ellis Johnson,Tony McCoy,,,
1998,2,September 13,home,Indianapolis Colts,https://www.pro-football-reference.com/boxscores/199809130nwe.htm,1,,,,,0,0,Penalty on NWE: Illegal Formation (declined),0.000,1.250,penalty,,,,,,,,,,,,,,,
1998,2,September 13,home,Indianapolis Colts,https://www.pro-football-reference.com/boxscores/199809130nwe.htm,1,,2,11,NWE 44,0,0,Robert Edwards right tackle for -1 yards (tackle by Jeff Herrod and Ellis Johnson),1.250,0.430,run,,,Robert Edwards,,,,,,,,Jeff Herrod,Ellis Johnson,,,
1998,2,September 13,home,Indianapolis Colts,https://www.pro-football-reference.com/boxscores/199809130nwe.htm,1,,3,12,NWE 43,0,0,"Drew Bledsoe pass complete to Terry Glenn for 15 yards. Penalty on Max Lane: Illegal Use of Hands, 10 yards (accepted) (tackle by Jeff Burris) (no play)",0.430,-0.890,no_play,,,,,,,,,,,Jeff Burris,,,,
1998,2,September 13,home,Indianapolis Colts,https://www.pro-football-reference.com/boxscores/199809130nwe.htm,1,,3,22,NWE 33,0,0,Drew Bledsoe pass incomplete intended for Shawn Jefferson,-0.890,-1.180,pass,,Drew Bledsoe,,Shawn Jefferson,,,,,,,,,,,
1998,2,September 13,home,Indianapolis Colts,https://www.pro-football-reference.com/boxscores/199809130nwe.htm,1,,4,22,NWE 33,0,0,"Tom Tupa punts 54 yards, returned by Aaron Bailey for 18 yards (tackle by Mike Bartrum)",-1.180,-1.000,punt,,,,,,,Tom Tupa,,Aaron Bailey,,Mike Bartrum,,,,
1998,2,September 13,home,Indianapolis Colts,https://www.pro-football-reference.com/boxscores/199809130nwe.htm,1,13:20,1,10,IND 31,0,0,Marshall Faulk middle for 12 yards (tackle by Willie Clay and Lawyer Milloy),1.000,1.800,run,,,Marshall Faulk,,,,,,,,Willie Clay,Lawyer Milloy,,,
1998,2,September 13,home,Indianapolis Colts,https://www.pro-football-reference.com/boxscores/199809130nwe.htm,1,,1,10,IND 43,0,0,Marshall Faulk left end for 7 yards (tackle by Willie Clay and Ted Johnson),1.800,2.200,run,,,Marshall Faulk,,,,,,,,Willie Clay,Ted Johnson,,,
1998,2,September 13,home,Indianapolis Colts,https://www.pro-football-reference.com/boxscores/199809130nwe.htm,1,,2,3,NWE 50,0,0,"Penalty on Marcus Pollard: False Start, 5 yards (accepted)",2.200,1.520,penalty,,,,,,,,,,,,,,,Marcus Pollard
1998,2,September 13,home,Indianapolis Colts,https://www.pro-football-reference.com/boxscores/199809130nwe.htm,1,,2,8,IND 45,0,0,Marshall Faulk middle for 3 yards (tackle by Ferric Collons and Todd Collins),1.520,1.220,run,,,Marshall Faulk,,,,,,,,Ferric Collons,Todd Collins,,,
1998,2,September 13,home,Indianapolis Colts,https://www.pro-football-reference.com/boxscores/199809130nwe.htm,1,,3,5,IND 48,0,0,Peyton Manning pass incomplete intended for Marcus Pollard,1.220,-0.190,pass,,Peyton Manning,,Marcus Pollard,,,,,,,,,,,
1998,2,September 13,home,Indianapolis Colts,https://www.pro-football-reference.com/boxscores/199809130nwe.htm,1,,4,5,IND 48,0,0,"Chris Gardocki punts 52 yards, touchback.",-0.190,-0.280,punt,,,,,,,Chris Gardocki,,,,,,,,
1998,2,September 13,home,Indianapolis Colts,https://www.pro-football-reference.com/boxscores/199809130nwe.htm,1,11:02,1,10,NWE 20,0,0,"Drew Bledsoe pass incomplete intended for Shawn Jefferson. Penalty on Tyrone Poole: Defensive Pass Interference, 10 yards (accepted) (no play)",0.280,0.940,no_play,,,,,,,,,,,,,,,
1998,2,September 13,home,Indianapolis Colts,https://www.pro-football-reference.com/boxscores/199809130nwe.htm,1,,1,10,NWE 30,0,0,Robert Edwards middle for 5 yards (tackle by Elijah Alexander and Jeff Herrod),0.940,1.070,run,,,Robert Edwards,,,,,,,,Elijah Alexander,Jeff Herrod,,,
1998,2,September 13,home,Indianapolis Colts,https://www.pro-football-reference.com/boxscores/199809130nwe.htm,1,,2,5,NWE 35,0,0,Robert Edwards right end for 4 yards (tackle by Ellis Johnson and Tony McCoy),1.070,0.890,run,,,Robert Edwards,,,,,,,,Ellis Johnson,Tony McCoy,,,
1998,2,September 13,home,Indianapolis Colts,https://www.pro-football-reference.com/boxscores/199809130nwe.htm,1,,3,1,NWE 39,0,0,Robert Edwards left guard for no gain (tackle by Dan Footman and Jeff Herrod),0.890,-0.780,run,,,Robert Edwards,,,,,,,,Dan Footman,Jeff Herrod,,,
1998,2,September 13,home,Indianapolis Colts,https://www.pro-football-reference.com/boxscores/199809130nwe.htm,1,,4,1,NWE 39,0,0,"Tom Tupa punts 48 yards, returned by Aaron Bailey for 6 yards (tackle by Mike Bartrum and Larry Whigham)",-0.780,0.000,punt,,,,,,,Tom Tupa,,Aaron Bailey,,Mike Bartrum,Larry Whigham,,,
1998,2,September 13,home,Indianapolis Colts,https://www.pro-football-reference.com/boxscores/199809130nwe.htm,1,,,,IND 19,0,0,Penalty on Chris Sullivan: Unnecessary Roughness (offset),0.000,0.000,penalty,,,,,,,,,,,,,,,Chris Sullivan
1998,2,September 13,home,Indianapolis Colts,https://www.pro-football-reference.com/boxscores/199809130nwe.htm,1,,,,IND 19,0,0,Penalty on Tyrone Poole: Illegal Block Above Waist (offset),0.000,-0.150,penalty,,,,,,,,,,,,,,,Tyrone Poole
1998,2,September 13,home,Indianapolis Colts,https://www.pro-football-reference.com/boxscores/199809130nwe.htm,1,9:03,1,10,IND 19,0,0,"Peyton Manning sacked by Willie McGinest for 9 yards. Peyton Manning fumbles (forced by Willie McGinest), recovered by Willie Clay at IC10 and returned for 3 yards",0.150,-6.740,pass,,Peyton Manning,,,,Willie McGinest,,,,,,,Willie McGinest,Willie Clay,
1998,2,September 13,home,Indianapolis Colts,https://www.pro-football-reference.com/boxscores/199809130nwe.htm,1,8:55,1,2,IND 2,0,0,Robert Edwards right guard for 1 yard (tackle by Jeff Burris),6.740,5.910,run,,,Robert Edwards,,,,,,,,Jeff Burris,,,,
1998,2,September 13,home,Indianapolis Colts,https://www.pro-football-reference.com/boxscores/199809130nwe.htm,1,,2,1,IND 1,0,0,Robert Edwards left guard for -1 yards (tackle by Elijah Alexander and Ellis Johnson),5.910,4.950,run,,,Robert Edwards,,,,,,,,Elijah Alexander,Ellis Johnson,,,
1998,2,September 13,home,Indianapolis Colts,https://www.pro-football-reference.com/boxscores/199809130nwe.htm,1,,3,2,IND 2,0,0,Robert Edwards right tackle for no gain (tackle by Steve Morrison and Bernard Whittington),4.950,3.250,run,,,Robert Edwards,,,,,,,,Steve Morrison,Bernard Whittington,,,
1998,2,September 13,home,Indianapolis Colts,https://www.pro-football-reference.com/boxscores/199809130nwe.htm,1,,4,2,IND 2,3,0,Adam Vinatieri 19 yard field goal good,3.250,3.000,field_goal,,,,,,,,Adam Vinatieri,,,,,,,
1998,2,September 13,home,Indianapolis Colts,https://www.pro-football-reference.com/boxscores/199809130nwe.htm,1,7:06,,,NWE 30,3,0,"Adam Vinatieri kicks off 60 yards, returned by Aaron Bailey for 13 yards (tackle by Tebucky Jones)",0.000,-0.480,kickoff,,,,,,,,Adam Vinatieri,Aaron Bailey,,Tebucky Jones,,,,
1998,2,September 13,home,Indianapolis Colts,https://www.pro-football-reference.com/boxscores/199809130nwe.htm,1,,1,10,IND 23,3,0,Marshall Faulk right end for 9 yards (tackle by Lawyer Milloy and Chris Slade),0.480,1.150,run,,,Marshall Faulk,,,,,,,,Lawyer Milloy,Chris Slade,,,
1998,2,September 13,home,Indianapolis Colts,https://www.pro-football-reference.com/boxscores/199809130nwe.htm,1,,2,1,IND 32,3,0,Marshall Faulk left guard for 3 yards (tackle by Ferric Collons and Willie McGinest),1.150,1.270,run,,,Marshall Faulk,,,,,,,,Ferric Collons,Willie McGinest,,,
1998,2,September 13,home,Indianapolis Colts,https://www.pro-football-reference.com/boxscores/199809130nwe.htm,1,,1,10,IND 35,3,0,Peyton Manning pass complete to Marcus Pollard for 6 yards (tackle by Chris Canty and Willie Clay),1.270,1.530,pass,,Peyton Manning,,Marcus Pollard,,,,,,,Chris Canty,Willie Clay,,,
1998,2,September 13,home,Indianapolis Colts,https://www.pro-football-reference.com/boxscores/199809130nwe.htm,1,,2,4,IND 41,3,0,Marshall Faulk left tackle for 1 yard (tackle by Ted Johnson and Henry Thomas),1.530,0.960,run,,,Marshall Faulk,,,,,,,,Ted Johnson,Henry Thomas,,,
1998,2,September 13,home,Indianapolis Colts,https://www.pro-football-reference.com/boxscores/199809130nwe.htm,1,,3,3,IND 42,9,0,"Peyton Manning pass intended for Marcus Pollard is intercepted by Ty Law at NE41 and returned for 59 yards, touchdown",0.960,-7.000,pass,,Peyton Manning,,Marcus Pollard,Ty Law,,,,,,,,,,
1998,2,September 13,home,Indianapolis Colts,https://www.pro-football-reference.com/boxscores/199809130nwe.htm,1,4:13,,,,10,0,Adam Vinatieri kicks extra point good,0.000,0.000,extra_point,,,,,,,,Adam Vinatieri,,,,,,,
1998,2,September 13,home,Indianapolis Colts,https://www.pro-football-reference.com/boxscores/199809130nwe.htm,1,,,,NWE 30,10,0,"Adam Vinatieri kicks off 65 yards, returned by Aaron Bailey for 36 yards (tackle by Adam Vinatieri)",0.000,-1.660,kickoff,,,,,,,,Adam Vinatieri,Aaron Bailey,,Adam Vinatieri,,,,
1998,2,September 13,home,Indianapolis Colts,https://www.pro-football-reference.com/boxscores/199809130nwe.htm,1,,1,10,IND 41,10,0,Marshall Faulk left guard for 5 yards (tackle by Ted Johnson),1.660,1.800,run,,,Marshall Faulk,,,,,,,,Ted Johnson,,,,
1998,2,September 13,home,Indianapolis Colts,https://www.pro-football-reference.com/boxscores/199809130nwe.htm,1,,2,5,IND 46,10,0,Peyton Manning pass complete to Marcus Pollard for 7 yards (tackle by Willie Clay and Chris Slade),1.800,2.460,pass,,Peyton Manning,,Marcus Pollard,,,,,,,Willie Clay,Chris Slade,,,
1998,2,September 13,home,Indianapolis Colts,https://www.pro-football-reference.com/boxscores/199809130nwe.htm,1,,1,10,NWE 47,10,0,Marshall Faulk left tackle for no gain (tackle by Todd Collins and Brandon Mitchell),2.460,1.910,run,,,Marshall Faulk,,,,,,,,Todd Collins,Brandon Mitchell,,,
1998,2,September 13,home,Indianapolis Colts,https://www.pro-football-reference.com/boxscores/199809130nwe.htm,1,,2,10,NWE 47,10,0,Peyton Manning pass complete to Marshall Faulk for 7 yards (tackle by Ted Johnson),1.910,2.150,pass,,Peyton Manning,,Marshall Faulk,,,,,,,Ted Johnson,,,,
1998,2,September 13,home,Indianapolis Colts,https://www.pro-football-reference.com/boxscores/199809130nwe.htm,1,,3,3,NWE 40,10,0,Peyton Manning pass complete to Marshall Faulk for -2 yards (tackle by Chris Slade),2.150,0.460,pass,,Peyton Manning,,Marshall Faulk,,,,,,,Chris Slade,,,,
1998,2,September 13,home,Indianapolis Colts,https://www.pro-football-reference.com/boxscores/199809130nwe.htm,1,,4,5,NWE 42,10,0,Chris Gardocki punts 30 yards,0.460,0.350,punt,,,,,,,Chris Gardocki,,,,,,,,
1998,2,September 13,home,Indianapolis Colts,https://www.pro-football-reference.com/boxscores/199809130nwe.htm,1,0:47,1,10,NWE 12,10,0,Drew Bledsoe pass incomplete intended for Terry Glenn,-0.350,-0.780,pass,,Drew Bledsoe,,Terry Glenn,,,,,,,,,,,
1998,2,September 13,home,Indianapolis Colts,https://www.pro-football-reference.com/boxscores/199809130nwe.htm,1,,2,10,NWE 12,10,0,Robert Edwards right end for 6 yards (tackle by Steve Morrison),-0.780,-0.720,run,,,Robert Edwards,,,,,,,,Steve Morrison,,,,
1998,2,September 13,home,Indianapolis Colts,https://www.pro-football-reference.com/boxscores/199809130nwe.htm,2,15:00,3,4,NWE 18,10,0,Drew Bledsoe pass incomplete intended for Vincent Brisby,-0.720,-2.240,pass,,Drew Bledsoe,,Vincent Brisby,,,,,,,,,,,
1998,2,September 13,home,Indianapolis Colts,https://www.pro-football-reference.com/boxscores/199809130nwe.htm,2,,4,4,NWE 18,10,0,"Tom Tupa punts 45 yards, returned by Aaron Bailey for 7 yards (tackle by Tony Carter and Chris Sullivan)",-2.240,-1.860,punt,,,,,,,Tom Tupa,,Aaron Bailey,,Tony Carter,Chris Sullivan,,,
1998,2,September 13,home,Indianapolis Colts,https://www.pro-football-reference.com/boxscores/199809130nwe.htm,2,14:45,1,10,IND 44,10,0,Marshall Faulk right guard for 9 yards (tackle by Brandon Mitchell),1.860,2.530,run,,,Marshall Faulk,,,,,,,,Brandon Mitchell,,,,
1998,2,September 13,home,Indianapolis Colts,https://www.pro-football-reference.com/boxscores/199809130nwe.htm,2,,2,1,NWE 47,10,0,Marshall Faulk middle for no gain (tackle by Vernon Crawford and Mark Wheeler),2.530,1.820,run,,,Marshall Faulk,,,,,,,,Vernon Crawford,Mark Wheeler,,,
1998,2,September 13,home,Indianapolis Colts,https://www.pro-football-reference.com/boxscores/199809130nwe.htm,2,,3,1,NWE 47,10,0,Marshall Faulk middle for 2 yards (tackle by Ted Johnson),1.820,2.590,run,,,Marshall Faulk,,,,,,,,Ted Johnson,,,,
1998,2,September 13,home,Indianapolis Colts,https://www.pro-football-reference.com/boxscores/199809130nwe.htm,2,,1,10,NWE 45,10,0,Peyton Manning pass complete to Marvin Harrison for 12 yards (tackle by Willie Clay),2.590,3.380,pass,,Peyton Manning,,Marvin Harrison,,,,,,,Willie Clay,,,,
1998,2,September 13,home,Indianapolis Colts,https://www.pro-football-reference.com/boxscores/199809130nwe.htm,2,,1,10,NWE 33,10,0,Marshall Faulk right end for 4 yards (tackle by Ted Johnson),3.380,3.380,run,,,Marshall Faulk,,,,,,,,Ted Johnson,,,,
1998,2,September 13,home,Indianapolis Colts,https://www.pro-football-reference.com/boxscores/199809130nwe.htm,2,,2,6,NWE 29,10,0,Peyton Manning pass complete to Marvin Harrison for 14 yards (tackle by Todd Collins),3.380,4.580,pass,,Peyton Manning,,Marvin Harrison,,,,,,,Todd Collins,,,,
1998,2,September 13,home,Indianapolis Colts,https://www.pro-football-reference.com/boxscores/199809130nwe.htm,2,,1,10,NWE 15,10,0,Marshall Faulk right tackle for no gain (tackle by Ted Johnson and Lawyer Milloy),4.580,3.950,run,,,Marshall Faulk,,,,,,,,Ted Johnson,Lawyer Milloy,,,
1998,2,September 13,home,Indianapolis Colts,https://www.pro-football-reference.com/boxscores/199809130nwe.htm,2,,2,10,NWE 15,10,0,Peyton Manning pass intended for Marvin Harrison is intercepted by Ty Law at NE0 and returned for no gain,3.950,-0.280,pass,,Peyton Manning,,Marvin Harrison,Ty Law,,,,,,,,,,
1998,2,September 13,home,Indianapolis Colts,https://www.pro-football-reference.com/boxscores/199809130nwe.htm,2,10:35,1,10,NWE 20,10,0,Drew Bledsoe pass incomplete intended for Terry Glenn,0.280,-0.270,pass,,Drew Bledsoe,,Terry Glenn,,,,,,,,,,,
1998,2,September 13,home,Indianapolis Colts,https://www.pro-football-reference.com/boxscores/199809130nwe.htm,2,,2,10,NWE 20,10,0,Robert Edwards left end for 6 yards (tackle by Jeff Herrod and Tyrone Poole),-0.270,-0.160,run,,,Robert Edwards,,,,,,,,Jeff Herrod,Tyrone Poole,,,
1998,2,September 13,home,Indianapolis Colts,https://www.pro-football-reference.com/boxscores/199809130nwe.htm,2,,3,4,NWE 26,10,0,Drew Bledsoe pass complete to Tony Carter for 7 yards (tackle by Steve Morrison),-0.160,1.140,pass,,Drew Bledsoe,,Tony Carter,,,,,,,Steve Morrison,,,,
1998,2,September 13,home,Indianapolis Colts,https://www.pro-football-reference.com/boxscores/199809130nwe.htm,2,,1,10,NWE 33,10,0,Drew Bledsoe pass incomplete intended for Terry Glenn,1.140,0.590,pass,,Drew Bledsoe,,Terry Glenn,,,,,,,,,,,
1998,2,September 13,home,Indianapolis Colts,https://www.pro-football-reference.com/boxscores/199809130nwe.htm,2,9:12,2,10,NWE 33,10,0,"Bruce Armstrong for no gain, recovered by Bruce Armstrong at NE29. Drew Bledsoe fumbles",0.590,-0.620,run,,,Bruce Armstrong,,,,,,,,,,,Bruce Armstrong,
1998,2,September 13,home,Indianapolis Colts,https://www.pro-football-reference.com/boxscores/199809130nwe.htm,2,,3,14,NWE 29,10,0,Drew Bledsoe pass complete to Shawn Jefferson for 38 yards,-0.620,3.380,pass,,Drew Bledsoe,,Shawn Jefferson,,,,,,,,,,,
1998,2,September 13,home,Indianapolis Colts,https://www.pro-football-reference.com/boxscores/199809130nwe.htm,2,,1,10,IND 33,10,0,Drew Bledsoe pass incomplete intended for Terry Glenn,3.380,2.840,pass,,Drew Bledsoe,,Terry Glenn,,,,,,,,,,,
1998,2,September 13,home,Indianapolis Colts,https://www.pro-football-reference.com/boxscores/199809130nwe.htm,2,,2,10,IND 33,10,0,Robert Edwards left end for 8 yards (tackle by Albert Fontenot),2.840,3.200,run,,,Robert Edwards,,,,,,,,Albert Fontenot,,,,
1998,2,September 13,home,Indianapolis Colts,https://www.pro-football-reference.com/boxscores/199809130nwe.htm,2,,3,2,IND 25,10,0,Drew Bledsoe pass complete to Terry Glenn for 10 yards (tackle by Robert Blackmon and Jeff Herrod),3.200,0.000,pass,,Drew Bledsoe,,Terry Glenn,,,,,,,Robert Blackmon,Jeff Herrod,,,
1998,2,September 13,home,Indianapolis Colts,https://www.pro-football-reference.com/boxscores/199809130nwe.htm,2,,,,IND 15,10,0,"Penalty on Robert Blackmon: Unsportsmanlike Conduct, 8 yards (accepted)",0.000,5.600,penalty,,,,,,,,,,,,,,,Robert Blackmon
1998,2,September 13,home,Indianapolis Colts,https://www.pro-football-reference.com/boxscores/199809130nwe.htm,2,,1,7,IND 7,10,0,Robert Edwards left end for 1 yard (tackle by Dan Footman and Jeff Herrod),5.600,4.950,run,,,Robert Edwards,,,,,,,,Dan Footman,Jeff Herrod,,,
1998,2,September 13,home,Indianapolis Colts,https://www.pro-football-reference.com/boxscores/199809130nwe.htm,2,,2,6,IND 6,10,0,Drew Bledsoe pass incomplete intended for Vincent Brisby,4.950,4.040,pass,,Drew Bledsoe,,Vincent Brisby,,,,,,,,,,,
1998,2,September 13,home,Indianapolis Colts,https://www.pro-football-reference.com/boxscores/199809130nwe.htm,2,,3,6,IND 6,10,0,Drew Bledsoe pass incomplete intended for Mike Bartrum,4.040,2.990,pass,,Drew Bledsoe,,Mike Bartrum,,,,,,,,,,,
1998,2,September 13,home,Indianapolis Colts,https://www.pro-football-reference.com/boxscores/199809130nwe.htm,2,,4,6,IND 6,13,0,Adam Vinatieri 23 yard field goal good,2.990,3.000,field_goal,,,,,,,,Adam Vinatieri,,,,,,,
1998,2,September 13,home,Indianapolis Colts,https://www.pro-football-reference.com/boxscores/199809130nwe.htm,2,5:57,,,NWE 30,13,0,"Adam Vinatieri kicks off 58 yards, returned by Aaron Bailey for 23 yards (tackle by Troy Brown and Tedy Bruschi)",0.000,-1.270,kickoff,,,,,,,,Adam Vinatieri,Aaron Bailey,,Troy Brown,Tedy Bruschi,,,
1998,2,September 13,home,Indianapolis Colts,https://www.pro-football-reference.com/boxscores/199809130nwe.htm,2,,1,10,IND 35,13,0,Marshall Faulk middle for 3 yards (tackle by Chris Slade and Mark Wheeler),1.270,1.130,run,,,Marshall Faulk,,,,,,,,Chris Slade,Mark Wheeler,,,
1998,2,September 13,home,Indianapolis Colts,https://www.pro-football-reference.com/boxscores/199809130nwe.htm,2,,2,7,IND 38,13,0,Marshall Faulk left tackle for 5 yards (tackle by Ted Johnson and Willie McGinest),1.130,1.090,run,,,Marshall Faulk,,,,,,,,Ted Johnson,Willie McGinest,,,
1998,2,September 13,home,Indianapolis Colts,https://www.pro-football-reference.com/boxscores/199809130nwe.htm,2,,3,2,IND 43,13,0,Peyton Manning pass complete to Marcus Pollard for 9 yards (tackle by Willie Clay),1.090,2.390,pass,,Peyton Manning,,Marcus Pollard,,,,,,,Willie Clay,,,,
1998,2,September 13,home,Indianapolis Colts,https://www.pro-football-reference.com/boxscores/199809130nwe.htm,2,,1,10,NWE 48,13,0,Marshall Faulk middle for 2 yards (tackle by Lawyer Milloy and Chris Sullivan),2.390,2.120,run,,,Marshall Faulk,,,,,,,,Lawyer Milloy,Chris Sullivan,,,
1998,2,September 13,home,Indianapolis Colts,https://www.pro-football-reference.com/boxscores/199809130nwe.htm,2,,2,8,NWE 46,13,0,Peyton Manning pass complete to Ken Dilger for 1 yard (tackle by Ted Johnson and Ty Law),2.120,1.550,pass,,Peyton Manning,,Ken Dilger,,,,,,,Ted Johnson,Ty Law,,,
1998,2,September 13,home,Indianapolis Colts,https://www.pro-football-reference.com/boxscores/199809130nwe.htm,2,,3,7,NWE 45,13,0,"Penalty on Tarik Glenn: False Start, 5 yards (accepted)",1.550,0.890,penalty,,,,,,,,,,,,,,,Tarik Glenn
1998,2,September 13,home,Indianapolis Colts,https://www.pro-football-reference.com/boxscores/199809130nwe.htm,2,,3,12,NWE 50,13,0,"Penalty on Tarik Glenn: False Start, 4 yards (accepted)",0.890,0.370,penalty,,,,,,,,,,,,,,,Tarik Glenn
1998,2,September 13,home,Indianapolis Colts,https://www.pro-football-reference.com/boxscores/199809130nwe.htm,2,,3,16,IND 46,13,0,Peyton Manning pass complete to Ken Dilger for 8 yards (tackle by Lawyer Milloy and Larry Whigham),0.370,0.200,pass,,Peyton Manning,,Ken Dilger,,,,,,,Lawyer Milloy,Larry Whigham,,,
1998,2,September 13,home,Indianapolis Colts,https://www.pro-football-reference.com/boxscores/199809130nwe.htm,2,1:56,4,8,NWE 46,13,0,Chris Gardocki punts 36 yards,0.200,0.380,punt,,,,,,,Chris Gardocki,,,,,,,,
1998,2,September 13,home,Indianapolis Colts,https://www.pro-football-reference.com/boxscores/199809130nwe.htm,2,1:49,1,10,NWE 10,13,0,Derrick Cullors left tackle for no gain (tackle by Monty Montgomery),-0.380,-0.780,run,,,Derrick Cullors,,,,,,,,Monty Montgomery,,,,
1998,2,September 13,home,Indianapolis Colts,https://www.pro-football-reference.com/boxscores/199809130nwe.htm,2,1:30,2,10,NWE 10,13,0,Drew Bledsoe pass complete to Lovett Purnell for 22 yards (tackle by Tim Hauck and Andre Royal),-0.780,1.070,pass,,Drew Bledsoe,,Lovett Purnell,,,,,,,Tim Hauck,Andre Royal,,,
1998,2,September 13,home,Indianapolis Colts,https://www.pro-football-reference.com/boxscores/199809130nwe.htm,2,1:24,1,10,NWE 32,13,0,Drew Bledsoe pass complete to Troy Brown for 15 yards (tackle by Monty Montgomery),1.070,0.000,pass,,Drew Bledsoe,,Troy Brown,,,,,,,Monty Montgomery,,,,
1998,2,September 13,home,Indianapolis Colts,https://www.pro-football-reference.com/boxscores/199809130nwe.htm,2,,,,,13,0,Penalty on Jeff Burris: Defensive Holding (declined),0.000,2.060,penalty,,,,,,,,,,,,,,,Jeff Burris
1998,2,September 13,home,Indianapolis Colts,https://www.pro-football-reference.com/boxscores/199809130nwe.htm,2,1:18,1,10,NWE 47,13,0,Drew Bledsoe pass complete to Derrick Cullors for 5 yards (tackle by Andre Royal),2.060,2.190,pass,,Drew Bledsoe,,Derrick Cullors,,,,,,,Andre Royal,,,,
1998,2,September 13,home,Indianapolis Colts,https://www.pro-football-reference.com/boxscores/199809130nwe.htm,2,0:59,2,5,IND 48,13,0,Drew Bledsoe pass complete to Terry Glenn for 12 yards (tackle by Jeff Burris),2.190,3.180,pass,,Drew Bledsoe,,Terry Glenn,,,,,,,Jeff Burris,,,,
1998,2,September 13,home,Indianapolis Colts,https://www.pro-football-reference.com/boxscores/199809130nwe.htm,2,0:38,1,10,IND 36,13,0,Drew Bledsoe pass complete to Derrick Cullors for 1 yard (tackle by Tim Hauck),3.180,2.770,pass,,Drew Bledsoe,,Derrick Cullors,,,,,,,Tim Hauck,,,,
1998,2,September 13,home,Indianapolis Colts,https://www.pro-football-reference.com/boxscores/199809130nwe.htm,2,0:17,2,9,IND 35,13,0,Drew Bledsoe pass incomplete intended for Troy Brown,2.770,2.080,pass,,Drew Bledsoe,,Troy Brown,,,,,,,,,,,
1998,2,September 13,home,Indianapolis Colts,https://www.pro-football-reference.com/boxscores/199809130nwe.htm,2,0:12,3,9,IND 35,13,0,Drew Bledsoe pass incomplete intended for Shawn Jefferson,2.080,0.970,pass,,Drew Bledsoe,,Shawn Jefferson,,,,,,,,,,,
1998,2,September 13,home,Indianapolis Colts,https://www.pro-football-reference.com/boxscores/199809130nwe.htm,2,0:07,4,9,IND 35,16,0,Adam Vinatieri 52 yard field goal good,0.970,3.000,field_goal,,,,,,,,Adam Vinatieri,,,,,,,
1998,2,September 13,home,Indianapolis Colts,https://www.pro-football-reference.com/boxscores/199809130nwe.htm,3,15:00,,,NWE 30,16,0,"Adam Vinatieri kicks off 64 yards, returned by Aaron Bailey for 20 yards (tackle by Troy Brown and Harold Shaw)",0.000,-0.670,kickoff,,,,,,,,Adam Vinatieri,Aaron Bailey,,Troy Brown,Harold Shaw,,,
1998,2,September 13,home,Indianapolis Colts,https://www.pro-football-reference.com/boxscores/199809130nwe.htm,3,,1,10,IND 26,16,0,Marshall Faulk left end for 7 yards (tackle by Ferric Collons and Henry Thomas),0.670,1.070,run,,,Marshall Faulk,,,,,,,,Ferric Collons,Henry Thomas,,,
1998,2,September 13,home,Indianapolis Colts,https://www.pro-football-reference.com/boxscores/199809130nwe.htm,3,,2,3,IND 33,16,0,Marshall Faulk left guard for 2 yards (tackle by Todd Collins and Willie McGinest),1.070,0.630,run,,,Marshall Faulk,,,,,,,,Todd Collins,Willie McGinest,,,
1998,2,September 13,home,Indianapolis Colts,https://www.pro-football-reference.com/boxscores/199809130nwe.htm,3,,3,1,IND 35,16,0,Marshall Faulk right tackle for -1 yards (tackle by Ferric Collons and Todd Collins),0.630,-1.110,run,,,Marshall Faulk,,,,,,,,Ferric Collons,Todd Collins,,,
1998,2,September 13,home,Indianapolis Colts,https://www.pro-football-reference.com/boxscores/199809130nwe.htm,3,,4,2,IND 34,16,0,"Chris Gardocki punts 40 yards, returned by Troy Brown for 38 yards (tackle by Jason Belser)",-1.110,0.000,punt,,,,,,,Chris Gardocki,,Troy Brown,,Jason Belser,,,,
1998,2,September 13,home,Indianapolis Colts,https://www.pro-football-reference.com/boxscores/199809130nwe.htm,3,,,,IND 36,16,0,"Penalty on Lawyer Milloy: Offensive Holding, 10 yards (accepted)",0.000,-2.520,penalty,,,,,,,,,,,,,,,Lawyer Milloy
1998,2,September 13,home,Indianapolis Colts,https://www.pro-football-reference.com/boxscores/199809130nwe.htm,3,12:54,1,10,IND 46,16,0,Robert Edwards left tackle for 3 yards (tackle by Steve Morrison and Andre Royal),2.520,2.380,run,,,Robert Edwards,,,,,,,,Steve Morrison,Andre Royal,,,
1998,2,September 13,home,Indianapolis Colts,https://www.pro-football-reference.com/boxscores/199809130nwe.htm,3,,2,7,IND 43,16,0,Drew Bledsoe pass complete to Troy Brown for 26 yards (tackle by Jason Belser and Jeff Burris),2.380,4.440,pass,,Drew Bledsoe,,Troy Brown,,,,,,,Jason Belser,Jeff Burris,,,
1998,2,September 13,home,Indianapolis Colts,https://www.pro-football-reference.com/boxscores/199809130nwe.htm,3,,1,10,IND 17,16,0,Drew Bledsoe pass incomplete intended for Lovett Purnell,4.440,3.850,pass,,Drew Bledsoe,,Lovett Purnell,,,,,,,,,,,
1998,2,September 13,home,Indianapolis Colts,https://www.pro-football-reference.com/boxscores/199809130nwe.htm,3,,2,10,IND 17,16,0,Robert Edwards right tackle for 2 yards (tackle by Jason Belser and Albert Fontenot),3.850,3.340,run,,,Robert Edwards,,,,,,,,Jason Belser,Albert Fontenot,,,
1998,2,September 13,home,Indianapolis Colts,https://www.pro-football-reference.com/boxscores/199809130nwe.htm,3,,3,8,IND 15,16,0,Drew Bledsoe pass complete to Troy Brown for 9 yards (tackle by Tyrone Poole and Andre Royal),3.340,5.830,pass,,Drew Bledsoe,,Troy Brown,,,,,,,Tyrone Poole,Andre Royal,,,
1998,2,September 13,home,Indianapolis Colts,https://www.pro-football-reference.com/boxscores/199809130nwe.htm,3,,1,6,IND 6,16,0,Robert Edwards right guard for 3 yards (tackle by Robert Blackmon and Jeff Herrod),5.830,5.530,run,,,Robert Edwards,,,,,,,,Robert Blackmon,Jeff Herrod,,,
1998,2,September 13,home,Indianapolis Colts,https://www.pro-football-reference.com/boxscores/199809130nwe.htm,3,,2,3,IND 3,16,0,Drew Bledsoe pass incomplete intended for Vincent Brisby,5.530,4.720,pass,,Drew Bledsoe,,Vincent Brisby,,,,,,,,,,,
1998,2,September 13,home,Indianapolis Colts,https://www.pro-football-reference.com/boxscores/199809130nwe.htm,3,,3,3,IND 3,22,0,"Drew Bledsoe pass complete to Terry Glenn for 3 yards, touchdown",4.720,7.000,pass,,Drew Bledsoe,,Terry Glenn,,,,,,,,,,,
1998,2,September 13,home,Indianapolis Colts,https://www.pro-football-reference.com/boxscores/199809130nwe.htm,3,9:34,,,,22,0,,0.000,0.000,other,,,,,,,,,,,,,,,
1998,2,September 13,home,Indianapolis Colts,https://www.pro-football-reference.com/boxscores/199809130nwe.htm,3,,,,NWE 30,22,0,"Adam Vinatieri kicks off 64 yards, returned by Aaron Bailey for 17 yards (tackle by Tebucky Jones and Harold Shaw)",0.000,-0.480,kickoff,,,,,,,,Adam Vinatieri,Aaron Bailey,,Tebucky Jones,Harold Shaw,,,
1998,2,September 13,home,Indianapolis Colts,https://www.pro-football-reference.com/boxscores/199809130nwe.htm,3,,1,10,IND 23,22,0,Peyton Manning pass complete to Marcus Pollard for 13 yards (tackle by Willie Clay),0.480,1.330,pass,,Peyton Manning,,Marcus Pollard,,,,,,,Willie Clay,,,,
1998,2,September 13,home,Indianapolis Colts,https://www.pro-football-reference.com/boxscores/199809130nwe.htm,3,,1,10,IND 36,22,0,Marshall Faulk right tackle for -2 yards (tackle by Chad Eaton and Chris Slade),1.330,0.520,run,,,Marshall Faulk,,,,,,,,Chad Eaton,Chris Slade,,,
1998,2,September 13,home,Indianapolis Colts,https://www.pro-football-reference.com/boxscores/199809130nwe.htm,3,,2,12,IND 34,22,0,Peyton Manning pass complete to Ken Dilger for 10 yards (tackle by Ted Johnson and Chris Slade),0.520,1.160,pass,,Peyton Manning,,Ken Dilger,,,,,,,Ted Johnson,Chris Slade,,,
1998,2,September 13,home,Indianapolis Colts,https://www.pro-football-reference.com/boxscores/199809130nwe.htm,3,,3,2,IND 44,22,0,Peyton Manning pass incomplete intended for Jerome Pathon,1.160,-0.460,pass,,Peyton Manning,,Jerome Pathon,,,,,,,,,,,
1998,2,September 13,home,Indianapolis Colts,https://www.pro-football-reference.com/boxscores/199809130nwe.htm,3,,4,2,IND 44,22,0,Chris Gardocki punts 43 yards,-0.460,0.320,punt,,,,,,,Chris Gardocki,,,,,,,,
1998,2,September 13,home,Indianapolis Colts,https://www.pro-football-reference.com/boxscores/199809130nwe.htm,3,7:25,1,10,NWE 13,22,0,Robert Edwards left tackle for -1 yards (tackle by Dan Footman and Jeff Herrod),-0.320,-0.850,run,,,Robert Edwards,,,,,,,,Dan Footman,Jeff Herrod,,,
1998,2,September 13,home,Indianapolis Colts,https://www.pro-football-reference.com/boxscores/199809130nwe.htm,3,,2,11,NWE 12,22,0,Drew Bledsoe pass complete to Robert Edwards for 8 yards (tackle by Jeff Herrod and Steve Morrison),-0.850,-0.590,pass,,Drew Bledsoe,,Robert Edwards,,,,,,,Jeff Herrod,Steve Morrison,,,
1998,2,September 13,home,Indianapolis Colts,https://www.pro-football-reference.com/boxscores/199809130nwe.htm,3,,3,3,NWE 20,22,0,Drew Bledsoe scrambles middle for 2 yards (tackle by Ellis Johnson and Steve Morrison),-0.590,-1.900,run,,,Drew Bledsoe,,,,,,,,Ellis Johnson,Steve Morrison,,,
1998,2,September 13,home,Indianapolis Colts,https://www.pro-football-reference.com/boxscores/199809130nwe.htm,3,,4,1,NWE 22,22,0,Tom Tupa punts 36 yards,-1.900,-1.730,punt,,,,,,,Tom Tupa,,,,,,,,
1998,2,September 13,home,Indianapolis Colts,https://www.pro-football-reference.com/boxscores/199809130nwe.htm,3,5:25,1,10,IND 42,22,0,Peyton Manning pass complete to Marcus Pollard for 3 yards (tackle by Ted Johnson and Ty Law),1.730,1.590,pass,,Peyton Manning,,Marcus Pollard,,,,,,,Ted Johnson,Ty Law,,,
1998,2,September 13,home,Indianapolis Colts,https://www.pro-football-reference.com/boxscores/199809130nwe.htm,3,,2,7,IND 45,22,0,Marshall Faulk middle for 10 yards (tackle by Willie McGinest),1.590,2.590,run,,,Marshall Faulk,,,,,,,,Willie McGinest,,,,
1998,2,September 13,home,Indianapolis Colts,https://www.pro-football-reference.com/boxscores/199809130nwe.htm,3,,1,10,NWE 45,22,0,Peyton Manning pass complete to Marshall Faulk for 11 yards (tackle by Chris Slade),2.590,3.310,pass,,Peyton Manning,,Marshall Faulk,,,,,,,Chris Slade,,,,
1998,2,September 13,home,Indianapolis Colts,https://www.pro-football-reference.com/boxscores/199809130nwe.htm,3,,1,10,NWE 34,22,0,Marshall Faulk left tackle for 7 yards (tackle by Chris Canty and Willie Clay),3.310,3.720,run,,,Marshall Faulk,,,,,,,,Chris Canty,Willie Clay,,,
1998,2,September 13,home,Indianapolis Colts,https://www.pro-football-reference.com/boxscores/199809130nwe.htm,3,,2,3,NWE 27,22,0,Marshall Faulk middle for 2 yards (tackle by Todd Collins and Willie McGinest),3.720,3.270,run,,,Marshall Faulk,,,,,,,,Todd Collins,Willie McGinest,,,
1998,2,September 13,home,Indianapolis Colts,https://www.pro-football-reference.com/boxscores/199809130nwe.htm,3,,3,1,NWE 25,22,0,Peyton Manning pass intended for Marcus Pollard is intercepted by Chris Canty at NE18 and returned for 12 yards,3.270,-0.940,pass,,Peyton Manning,,Marcus Pollard,Chris Canty,,,,,,,,,,
1998,2,September 13,home,Indianapolis Colts,https://www.pro-football-reference.com/boxscores/199809130nwe.htm,3,2:44,1,10,NWE 30,22,0,Drew Bledsoe pass complete to Tony Carter for -1 yards (tackle by Bertrand Berry),0.940,0.260,pass,,Drew Bledsoe,,Tony Carter,,,,,,,Bertrand Berry,,,,
1998,2,September 13,home,Indianapolis Colts,https://www.pro-football-reference.com/boxscores/199809130nwe.htm,3,,2,11,NWE 29,22,0,Terry Glenn right end for 7 yards (tackle by Robert Blackmon),0.260,0.500,run,,,Terry Glenn,,,,,,,,Robert Blackmon,,,,
1998,2,September 13,home,Indianapolis Colts,https://www.pro-football-reference.com/boxscores/199809130nwe.htm,3,,3,4,NWE 36,22,0,Drew Bledsoe pass complete to Robert Edwards for 39 yards (tackle by Jason Belser),0.500,3.910,pass,,Drew Bledsoe,,Robert Edwards,,,,,,,Jason Belser,,,,
1998,2,September 13,home,Indianapolis Colts,https://www.pro-football-reference.com/boxscores/199809130nwe.htm,3,,1,10,IND 25,22,0,Tony Carter right guard for no gain (tackle by Jason Belser and Andre Royal),3.910,3.360,run,,,Tony Carter,,,,,,,,Jason Belser,Andre Royal,,,
1998,2,September 13,home,Indianapolis Colts,https://www.pro-football-reference.com/boxscores/199809130nwe.htm,3,,2,10,IND 25,22,0,Drew Bledsoe pass complete to Robert Edwards for 24 yards (tackle by Jeff Burris and Andre Royal),3.360,6.970,pass,,Drew Bledsoe,,Robert Edwards,,,,,,,Jeff Burris,Andre Royal,,,
1998,2,September 13,home,Indianapolis Colts,https://www.pro-football-reference.com/boxscores/199809130nwe.htm,4,15:00,1,1,IND 1,22,0,Drew Bledsoe pass incomplete intended for Tony Carter,6.970,5.910,pass,,Drew Bledsoe,,Tony Carter,,,,,,,,,,,
1998,2,September 13,home,Indianapolis Colts,https://www.pro-football-reference.com/boxscores/199809130nwe.htm,4,,2,1,IND 1,22,0,Robert Edwards left guard for no gain (tackle by Jeff Herrod and Andre Royal),5.910,5.170,run,,,Robert Edwards,,,,,,,,Jeff Herrod,Andre Royal,,,
1998,2,September 13,home,Indianapolis Colts,https://www.pro-football-reference.com/boxscores/199809130nwe.htm,4,,3,1,IND 1,28,0,"Robert Edwards right guard for 1 yard, touchdown",5.170,7.000,run,,,Robert Edwards,,,,,,,,,,,,
1998,2,September 13,home,Indianapolis Colts,https://www.pro-football-reference.com/boxscores/199809130nwe.htm,4,14:21,,,,29,0,Adam Vinatieri kicks extra point good,0.000,0.000,extra_point,,,,,,,,Adam Vinatieri,,,,,,,
1998,2,September 13,home,Indianapolis Colts,https://www.pro-football-reference.com/boxscores/199809130nwe.htm,4,,,,NWE 30,29,0,"Adam Vinatieri kicks off 67 yards, returned by Aaron Bailey for no gain (tackle by Harold Shaw). Penalty on Harold Shaw: Encroachment, 5 yards (accepted) (no play)",0.000,0.000,no_play,,,,,,,,,,,Harold Shaw,,,,
1998,2,September 13,home,Indianapolis Colts,https://www.pro-football-reference.com/boxscores/199809130nwe.htm,4,,,,NWE 25,29,0,"Adam Vinatieri kicks off 64 yards, returned by Aaron Bailey for 18 yards (tackle by Tedy Bruschi and Steve Lofton)",0.000,-0.870,kickoff,,,,,,,,Adam Vinatieri,Aaron Bailey,,Tedy Bruschi,Steve Lofton,,,
1998,2,September 13,home,Indianapolis Colts,https://www.pro-football-reference.com/boxscores/199809130nwe.htm,4,,1,10,IND 29,29,0,Peyton Manning pass complete to Marshall Faulk for 12 yards (tackle by Tedy Bruschi and Ted Johnson),0.870,1.660,pass,,Peyton Manning,,Marshall Faulk,,,,,,,Tedy Bruschi,Ted Johnson,,,
1998,2,September 13,home,Indianapolis Colts,https://www.pro-football-reference.com/boxscores/199809130nwe.htm,4,,1,10,IND 41,29,0,Peyton Manning pass complete to Marcus Pollard for 15 yards (tackle by Willie Clay),1.660,2.650,pass,,Peyton Manning,,Marcus Pollard,,,,,,,Willie Clay,,,,
1998,2,September 13,home,Indianapolis Colts,https://www.pro-football-reference.com/boxscores/199809130nwe.htm,4,,1,10,NWE 44,29,0,Marshall Faulk right tackle for -1 yards (tackle by Tedy Bruschi and Willie McGinest),2.650,1.980,run,,,Marshall Faulk,,,,,,,,Tedy Bruschi,Willie McGinest,,,
1998,2,September 13,home,Indianapolis Colts,https://www.pro-football-reference.com/boxscores/199809130nwe.htm,4,,2,11,NWE 45,29,0,Peyton Manning pass complete to Marshall Faulk for no gain (tackle by Willie Clay and Larry Whigham),1.980,1.290,pass,,Peyton Manning,,Marshall Faulk,,,,,,,Willie Clay,Larry Whigham,,,
1998,2,September 13,home,Indianapolis Colts,https://www.pro-football-reference.com/boxscores/199809130nwe.htm,4,,3,11,NWE 45,29,0,Peyton Manning sacked by Chris Slade for 6 yards,1.290,-0.130,pass,,Peyton Manning,,,,Chris Slade,,,,,,,,,
1998,2,September 13,home,Indianapolis Colts,https://www.pro-football-reference.com/boxscores/199809130nwe.htm,4,,4,17,IND 49,29,0,"Chris Gardocki punts 51 yards, touchback.",-0.130,0.000,punt,,,,,,,Chris Gardocki,,,,,,,,
1998,2,September 13,home,Indianapolis Colts,https://www.pro-football-reference.com/boxscores/199809130nwe.htm,4,,,,,29,0,Penalty on Mike Barber: Offensive Holding (declined),0.000,-0.280,penalty,,,,,,,,,,,,,,,Mike Barber
1998,2,September 13,home,Indianapolis Colts,https://www.pro-football-reference.com/boxscores/199809130nwe.htm,4,10:57,1,10,NWE 20,29,0,Derrick Cullors left end for 6 yards (tackle by Mike Barber and Andre Royal),0.280,0.540,run,,,Derrick Cullors,,,,,,,,Mike Barber,Andre Royal,,,
1998,2,September 13,home,Indianapolis Colts,https://www.pro-football-reference.com/boxscores/199809130nwe.htm,4,,2,4,NWE 26,29,0,Sedrick Shaw right tackle for 51 yards (tackle by Jason Belser and Tyrone Poole),0.540,4.040,run,,,Sedrick Shaw,,,,,,,,Jason Belser,Tyrone Poole,,,
1998,2,September 13,home,Indianapolis Colts,https://www.pro-football-reference.com/boxscores/199809130nwe.htm,4,,1,10,IND 23,29,0,"Drew Bledsoe for no gain. Drew Bledsoe fumbles, recovered by Drew Bledsoe at IC25 and returned for -2 yards",4.040,3.230,run,,,Drew Bledsoe,,,,,,,,,,,Drew Bledsoe,
1998,2,September 13,home,Indianapolis Colts,https://www.pro-football-reference.com/boxscores/199809130nwe.htm,4,,2,12,IND 25,29,0,Sedrick Shaw right tackle for no gain (tackle by Bertrand Berry and Albert Fontenot),3.230,2.540,run,,,Sedrick Shaw,,,,,,,,Bertrand Berry,Albert Fontenot,,,
1998,2,September 13,home,Indianapolis Colts,https://www.pro-football-reference.com/boxscores/199809130nwe.htm,4,7:54,3,12,IND 25,29,0,Drew Bledsoe pass incomplete intended for Vincent Brisby,2.540,0.000,pass,,Drew Bledsoe,,Vincent Brisby,,,,,,,,,,,
1998,2,September 13,home,Indianapolis Colts,https://www.pro-football-reference.com/boxscores/199809130nwe.htm,4,,,,,29,0,Penalty on Ed Ellis: Illegal Use of Hands (declined),0.000,1.800,penalty,,,,,,,,,,,,,,,Ed Ellis
1998,2,September 13,home,Indianapolis Colts,https://www.pro-football-reference.com/boxscores/199809130nwe.htm,4,,4,12,IND 25,29,0,Adam Vinatieri 42 yard field goal no good,1.800,-1.140,field_goal,,,,,,,,Adam Vinatieri,,,,,,,
1998,2,September 13,home,Indianapolis Colts,https://www.pro-football-reference.com/boxscores/199809130nwe.htm,4,7:43,1,10,IND 33,29,0,Marshall Faulk right tackle for 2 yards (tackle by Brandon Mitchell and Henry Thomas),1.140,0.860,run,,,Marshall Faulk,,,,,,,,Brandon Mitchell,Henry Thomas,,,
1998,2,September 13,home,Indianapolis Colts,https://www.pro-football-reference.com/boxscores/199809130nwe.htm,4,,2,8,IND 35,29,0,"Peyton Manning pass incomplete intended for Marvin Harrison. Penalty on Steve Lofton: Defensive Pass Interference, 5 yards (accepted) (no play)",0.860,1.600,no_play,,,,,,,,,,,,,,,
1998,2,September 13,home,Indianapolis Colts,https://www.pro-football-reference.com/boxscores/199809130nwe.htm,4,,1,10,IND 40,29,0,Marshall Faulk middle for 9 yards (tackle by Henry Thomas),1.600,2.270,run,,,Marshall Faulk,,,,,,,,Henry Thomas,,,,
1998,2,September 13,home,Indianapolis Colts,https://www.pro-football-reference.com/boxscores/199809130nwe.htm,4,,2,1,IND 49,29,0,Marshall Faulk left guard for 8 yards (tackle by Tedy Bruschi and Chris Slade),2.270,2.720,run,,,Marshall Faulk,,,,,,,,Tedy Bruschi,Chris Slade,,,
1998,2,September 13,home,Indianapolis Colts,https://www.pro-football-reference.com/boxscores/199809130nwe.htm,4,,1,10,NWE 43,29,0,Peyton Manning pass complete to Marshall Faulk for 10 yards (tackle by Chris Carter and Larry Whigham),2.720,3.380,pass,,Peyton Manning,,Marshall Faulk,,,,,,,Chris Carter,Larry Whigham,,,
1998,2,September 13,home,Indianapolis Colts,https://www.pro-football-reference.com/boxscores/199809130nwe.htm,4,,1,10,NWE 33,29,0,Marshall Faulk right guard for 13 yards (tackle by Chris Carter and Lawyer Milloy),3.380,4.240,run,,,Marshall Faulk,,,,,,,,Chris Carter,Lawyer Milloy,,,
1998,2,September 13,home,Indianapolis Colts,https://www.pro-football-reference.com/boxscores/199809130nwe.htm,4,,1,10,NWE 20,29,0,Keith Elias middle for 1 yard (tackle by Willie McGinest and Henry Thomas),4.240,3.820,run,,,Keith Elias,,,,,,,,Willie McGinest,Henry Thomas,,,
1998,2,September 13,home,Indianapolis Colts,https://www.pro-football-reference.com/boxscores/199809130nwe.htm,4,,2,9,NWE 19,29,0,Peyton Manning pass complete to Jerome Pathon for 8 yards (tackle by Tebucky Jones),3.820,4.590,pass,,Peyton Manning,,Jerome Pathon,,,,,,,Tebucky Jones,,,,
1998,2,September 13,home,Indianapolis Colts,https://www.pro-football-reference.com/boxscores/199809130nwe.htm,4,,3,1,NWE 11,29,0,Keith Elias right end for 8 yards (tackle by Chris Carter and Larry Whigham),4.590,6.510,run,,,Keith Elias,,,,,,,,Chris Carter,Larry Whigham,,,
1998,2,September 13,home,Indianapolis Colts,https://www.pro-football-reference.com/boxscores/199809130nwe.htm,4,,1,3,NWE 3,29,0,Keith Elias middle for no gain (tackle by Chad Eaton and Chris Sullivan),6.510,5.530,run,,,Keith Elias,,,,,,,,Chad Eaton,Chris Sullivan,,,
1998,2,September 13,home,Indianapolis Colts,https://www.pro-football-reference.com/boxscores/199809130nwe.htm,4,,2,3,NWE 3,29,0,Peyton Manning pass incomplete intended for Jerome Pathon,5.530,4.720,pass,,Peyton Manning,,Jerome Pathon,,,,,,,,,,,
1998,2,September 13,home,Indianapolis Colts,https://www.pro-football-reference.com/boxscores/199809130nwe.htm,4,,3,3,NWE 3,29,0,Peyton Manning pass incomplete intended for Jerome Pathon,4.720,3.040,pass,,Peyton Manning,,Jerome Pathon,,,,,,,,,,,
1998,2,September 13,home,Indianapolis Colts,https://www.pro-football-reference.com/boxscores/199809130nwe.htm,4,,4,3,NWE 3,29,6,"Peyton Manning pass complete to Torrance Small for 3 yards, touchdown",3.040,7.000,pass,,Peyton Manning,,Torrance Small,,,,,,,,,,,
1998,2,September 13,home,Indianapolis Colts,https://www.pro-football-reference.com/boxscores/199809130nwe.htm,4,4:09,,,,29,6,,0.000,0.000,other,,,,,,,,,,,,,,,
1998,2,September 13,home,Indianapolis Colts,https://www.pro-football-reference.com/boxscores/199809130nwe.htm,4,,,,IND 30,29,6,"Chris Gardocki kicks off 67 yards, returned by Derrick Cullors for 27 yards (tackle by Bertrand Berry and Rico Clark)",0.000,-0.940,kickoff,,,,,,,,Chris Gardocki,Derrick Cullors,,Bertrand Berry,Rico Clark,,,
1998,2,September 13,home,Indianapolis Colts,https://www.pro-football-reference.com/boxscores/199809130nwe.htm,4,,1,10,NWE 30,29,6,Sedrick Shaw left guard for 3 yards (tackle by Mike Barber and Dan Footman),0.940,0.800,run,,,Sedrick Shaw,,,,,,,,Mike Barber,Dan Footman,,,
1998,2,September 13,home,Indianapolis Colts,https://www.pro-football-reference.com/boxscores/199809130nwe.htm,4,,2,7,NWE 33,29,6,Sedrick Shaw right tackle for 2 yards (tackle by Jason Belser and Andre Royal),0.800,0.370,run,,,Sedrick Shaw,,,,,,,,Jason Belser,Andre Royal,,,
1998,2,September 13,home,Indianapolis Colts,https://www.pro-football-reference.com/boxscores/199809130nwe.htm,4,3:05,3,5,NWE 35,29,6,Sedrick Shaw right end for -1 yards (tackle by Bertrand Berry and Andre Royal),0.370,-1.110,run,,,Sedrick Shaw,,,,,,,,Bertrand Berry,Andre Royal,,,
1998,2,September 13,home,Indianapolis Colts,https://www.pro-football-reference.com/boxscores/199809130nwe.htm,4,2:57,4,6,NWE 34,29,6,"Tom Tupa punts 41 yards, returned by Aaron Bailey for -1 yards (tackle by Steve Lofton)",-1.110,-0.540,punt,,,,,,,Tom Tupa,,Aaron Bailey,,Steve Lofton,,,,
1998,2,September 13,home,Indianapolis Colts,https://www.pro-football-reference.com/boxscores/199809130nwe.htm,4,2:49,1,10,IND 24,29,6,Peyton Manning pass incomplete intended for Marvin Harrison,0.540,0.000,pass,,Peyton Manning,,Marvin Harrison,,,,,,,,,,,
1998,2,September 13,home,Indianapolis Colts,https://www.pro-football-reference.com/boxscores/199809130nwe.htm,4,,2,10,IND 24,29,6,Peyton Manning pass complete to Marshall Faulk for 22 yards (tackle by Lawyer Milloy and Larry Whigham),0.000,1.990,pass,,Peyton Manning,,Marshall Faulk,,,,,,,Lawyer Milloy,Larry Whigham,,,
1998,2,September 13,home,Indianapolis Colts,https://www.pro-football-reference.com/boxscores/199809130nwe.htm,4,,1,10,IND 46,29,6,Marshall Faulk right guard for 6 yards (tackle by Ted Johnson),1.990,2.260,run,,,Marshall Faulk,,,,,,,,Ted Johnson,,,,
1998,2,September 13,home,Indianapolis Colts,https://www.pro-football-reference.com/boxscores/199809130nwe.htm,4,,2,4,NWE 48,29,6,Peyton Manning pass complete to Ken Dilger for 19 yards (tackle by Chris Carter and Ted Johnson),2.260,3.640,pass,,Peyton Manning,,Ken Dilger,,,,,,,Chris Carter,Ted Johnson,,,
1998,2,September 13,home,Indianapolis Colts,https://www.pro-football-reference.com/boxscores/199809130nwe.htm,4,1:58,1,10,NWE 29,29,6,Peyton Manning pass incomplete intended for Marvin Harrison,3.640,3.100,pass,,Peyton Manning,,Marvin Harrison,,,,,,,,,,,
1998,2,September 13,home,Indianapolis Colts,https://www.pro-football-reference.com/boxscores/199809130nwe.htm,4,1:53,2,10,NWE 29,29,6,Peyton Manning pass incomplete intended for Marvin Harrison,3.100,2.410,pass,,Peyton Manning,,Marvin Harrison,,,,,,,,,,,
1998,2,September 13,home,Indianapolis Colts,https://www.pro-football-reference.com/boxscores/199809130nwe.htm,4,1:50,3,10,NWE 29,29,6,Peyton Manning pass incomplete intended for Torrance Small,2.410,1.500,pass,,Peyton Manning,,Torrance Small,,,,,,,,,,,
1998,2,September 13,home,Indianapolis Colts,https://www.pro-football-reference.com/boxscores/199809130nwe.htm,4,1:46,4,10,NWE 29,29,6,Peyton Manning pass incomplete intended for Torrance Small,1.500,-0.870,pass,,Peyton Manning,,Torrance Small,,,,,,,,,,,
1998,2,September 13,home,Indianapolis Colts,https://www.pro-football-reference.com/boxscores/199809130nwe.htm,4,1:41,1,10,NWE 29,29,6,Scott Zolak kneels for -1 yards,0.870,0.190,run,,,Scott Zolak,,,,,,,,,,,,
1998,2,September 13,home,Indianapolis Colts,https://www.pro-football-reference.com/boxscores/199809130nwe.htm,4,0:58,2,11,NWE 28,29,6,Scott Zolak kneels for -1 yards,0.190,-0.630,run,,,Scott Zolak,,,,,,,,,,,,
1998,2,September 13,home,Indianapolis Colts,https://www.pro-football-reference.com/boxscores/199809130nwe.htm,4,0:19,3,12,NWE 27,29,6,Scott Zolak kneels for -1 yards,-0.630,-1.630,run,,,Scott Zolak,,,,,,,,,,,,
1998,3,September 20,home,Tennessee Oilers,https://www.pro-football-reference.com/boxscores/199809200nwe.htm,,,,,,,,"Oilers won the coin toss, Oilers to receive the opening kickoff.",,,other,,,,,,,,,,,,,,,
1998,3,September 20,home,Tennessee Oilers,https://www.pro-football-reference.com/boxscores/199809200nwe.htm,1,15:00,,,NWE 30,0,0,"Adam Vinatieri kicks off 75 yards, returned by Derrick Mason for 26 yards (tackle by Steve Lofton)",0.000,-0.340,kickoff,,,,,,,,Adam Vinatieri,Derrick Mason,,Steve Lofton,,,,
1998,3,September 20,home,Tennessee Oilers,https://www.pro-football-reference.com/boxscores/199809200nwe.htm,1,,1,10,TEN 21,0,0,Steve McNair pass complete to Jackie Harris for 3 yards (tackle by Ted Johnson),0.340,0.210,pass,,Steve McNair,,Jackie Harris,,,,,,,Ted Johnson,,,,
1998,3,September 20,home,Tennessee Oilers,https://www.pro-football-reference.com/boxscores/199809200nwe.htm,1,,2,7,TEN 24,0,0,Eddie George left tackle for 1 yard (tackle by Chad Eaton),0.210,-0.360,run,,,Eddie George,,,,,,,,Chad Eaton,,,,
1998,3,September 20,home,Tennessee Oilers,https://www.pro-football-reference.com/boxscores/199809200nwe.htm,1,,3,6,TEN 25,0,0,Steve McNair pass complete to Willie Davis for 5 yards (tackle by Ty Law),-0.360,-1.370,pass,,Steve McNair,,Willie Davis,,,,,,,Ty Law,,,,
1998,3,September 20,home,Tennessee Oilers,https://www.pro-football-reference.com/boxscores/199809200nwe.htm,1,,4,1,TEN 30,0,0,"Craig Hentrich punts 45 yards, returned by Troy Brown for 1 yard (tackle by Lenoy Jones)",-1.370,-0.670,punt,,,,,,,Craig Hentrich,,Troy Brown,,Lenoy Jones,,,,
1998,3,September 20,home,Tennessee Oilers,https://www.pro-football-reference.com/boxscores/199809200nwe.htm,1,13:12,1,10,NWE 26,0,0,Drew Bledsoe sacked by Lonnie Marts for 6 yards,0.670,-0.680,pass,,Drew Bledsoe,,,,Lonnie Marts,,,,,,,,,
1998,3,September 20,home,Tennessee Oilers,https://www.pro-football-reference.com/boxscores/199809200nwe.htm,1,,2,16,NWE 20,0,0,Drew Bledsoe pass complete to Tony Carter for 4 yards (tackle by Denard Walker),-0.680,-0.820,pass,,Drew Bledsoe,,Tony Carter,,,,,,,Denard Walker,,,,
1998,3,September 20,home,Tennessee Oilers,https://www.pro-football-reference.com/boxscores/199809200nwe.htm,1,,3,12,NWE 24,0,0,Drew Bledsoe pass complete to Derrick Cullors for 4 yards (tackle by Kenny Holmes and Darryll Lewis),-0.820,-1.500,pass,,Drew Bledsoe,,Derrick Cullors,,,,,,,Kenny Holmes,Darryll Lewis,,,
1998,3,September 20,home,Tennessee Oilers,https://www.pro-football-reference.com/boxscores/199809200nwe.htm,1,,4,8,NWE 28,0,0,"Tom Tupa punts 55 yards, returned by Derrick Mason for 16 yards (tackle by Chris Floyd and Marty Moore)",-1.500,-1.140,punt,,,,,,,Tom Tupa,,Derrick Mason,,Chris Floyd,Marty Moore,,,
1998,3,September 20,home,Tennessee Oilers,https://www.pro-football-reference.com/boxscores/199809200nwe.htm,1,11:22,1,10,TEN 33,0,0,Steve McNair pass complete to Frank Wycheck for 1 yard (tackle by Ted Johnson),1.140,0.730,pass,,Steve McNair,,Frank Wycheck,,,,,,,Ted Johnson,,,,
1998,3,September 20,home,Tennessee Oilers,https://www.pro-football-reference.com/boxscores/199809200nwe.htm,1,,2,9,TEN 34,0,0,Eddie George left tackle for 4 yards (tackle by Chris Slade and Henry Thomas),0.730,0.560,run,,,Eddie George,,,,,,,,Chris Slade,Henry Thomas,,,
1998,3,September 20,home,Tennessee Oilers,https://www.pro-football-reference.com/boxscores/199809200nwe.htm,1,,3,5,TEN 38,0,0,Steve McNair pass complete to Eddie George for 27 yards (tackle by Steve Lofton and Willie McGinest),0.560,3.250,pass,,Steve McNair,,Eddie George,,,,,,,Steve Lofton,Willie McGinest,,,
1998,3,September 20,home,Tennessee Oilers,https://www.pro-football-reference.com/boxscores/199809200nwe.htm,1,,1,10,NWE 35,0,0,Steve McNair pass complete to Yancey Thigpen for 9 yards (tackle by Ted Johnson and Chris Slade),3.250,3.920,pass,,Steve McNair,,Yancey Thigpen,,,,,,,Ted Johnson,Chris Slade,,,
1998,3,September 20,home,Tennessee Oilers,https://www.pro-football-reference.com/boxscores/199809200nwe.htm,1,,2,1,NWE 26,0,0,Eddie George left guard for 4 yards (tackle by Willie Clay),3.920,4.110,run,,,Eddie George,,,,,,,,Willie Clay,,,,
1998,3,September 20,home,Tennessee Oilers,https://www.pro-football-reference.com/boxscores/199809200nwe.htm,1,,1,10,NWE 22,0,0,Steve McNair sacked by Henry Thomas for 6 yards,4.110,2.750,pass,,Steve McNair,,,,Henry Thomas,,,,,,,,,
1998,3,September 20,home,Tennessee Oilers,https://www.pro-football-reference.com/boxscores/199809200nwe.htm,1,,2,16,NWE 28,0,0,Eddie George left tackle for 5 yards (tackle by Chris Canty),2.750,2.740,run,,,Eddie George,,,,,,,,Chris Canty,,,,
1998,3,September 20,home,Tennessee Oilers,https://www.pro-football-reference.com/boxscores/199809200nwe.htm,1,,3,11,NWE 23,0,0,Steve McNair pass complete to Frank Wycheck for 7 yards (tackle by Tedy Bruschi),2.740,2.450,pass,,Steve McNair,,Frank Wycheck,,,,,,,Tedy Bruschi,,,,
1998,3,September 20,home,Tennessee Oilers,https://www.pro-football-reference.com/boxscores/199809200nwe.htm,1,,4,4,NWE 16,0,3,Al Del Greco 34 yard field goal good,2.450,3.000,field_goal,,,,,,,,Al Del Greco,,,,,,,
1998,3,September 20,home,Tennessee Oilers,https://www.pro-football-reference.com/boxscores/199809200nwe.htm,1,6:14,,,TEN 30,0,3,"Craig Hentrich kicks off 48 yards, returned by Chad Eaton for 13 yards (tackle by Anthony Dorsett and Dennis Stallings)",0.000,-1.270,kickoff,,,,,,,,Craig Hentrich,Chad Eaton,,Anthony Dorsett,Dennis Stallings,,,
1998,3,September 20,home,Tennessee Oilers,https://www.pro-football-reference.com/boxscores/199809200nwe.htm,1,,1,10,NWE 35,0,3,Robert Edwards left tackle for 3 yards (tackle by Blaine Bishop and Pratt Lyons),1.270,1.130,run,,,Robert Edwards,,,,,,,,Blaine Bishop,Pratt Lyons,,,
1998,3,September 20,home,Tennessee Oilers,https://www.pro-football-reference.com/boxscores/199809200nwe.htm,1,,2,7,NWE 38,0,3,Drew Bledsoe pass complete to Terry Glenn for 16 yards (tackle by Denard Walker),1.130,2.520,pass,,Drew Bledsoe,,Terry Glenn,,,,,,,Denard Walker,,,,
1998,3,September 20,home,Tennessee Oilers,https://www.pro-football-reference.com/boxscores/199809200nwe.htm,1,,1,10,TEN 46,0,3,Robert Edwards right tackle for 3 yards (tackle by Anthony Cook),2.520,2.380,run,,,Robert Edwards,,,,,,,,Anthony Cook,,,,
1998,3,September 20,home,Tennessee Oilers,https://www.pro-football-reference.com/boxscores/199809200nwe.htm,1,,2,7,TEN 43,0,3,Robert Edwards middle for 6 yards (tackle by Marcus Robertson and Eddie Robinson),2.380,2.480,run,,,Robert Edwards,,,,,,,,Marcus Robertson,Eddie Robinson,,,
1998,3,September 20,home,Tennessee Oilers,https://www.pro-football-reference.com/boxscores/199809200nwe.htm,1,,3,1,TEN 37,0,3,"Robert Edwards right end for 18 yards. Penalty on Ben Coates: Offensive Holding, 9 yards (accepted) (tackle by Blaine Bishop) (no play)",2.480,1.290,no_play,,,,,,,,,,,Blaine Bishop,,,,
1998,3,September 20,home,Tennessee Oilers,https://www.pro-football-reference.com/boxscores/199809200nwe.htm,1,,3,10,TEN 46,0,3,"Drew Bledsoe sacked by Lonnie Marts for 9 yards. Penalty on Josh Evans: Encroachment, 5 yards (accepted) (no play)",1.290,1.950,no_play,,,,,,,,,,,,,,,
1998,3,September 20,home,Tennessee Oilers,https://www.pro-football-reference.com/boxscores/199809200nwe.htm,1,,3,5,TEN 41,0,3,Drew Bledsoe pass complete to Shawn Jefferson for 12 yards (tackle by Darryll Lewis),1.950,3.640,pass,,Drew Bledsoe,,Shawn Jefferson,,,,,,,Darryll Lewis,,,,
1998,3,September 20,home,Tennessee Oilers,https://www.pro-football-reference.com/boxscores/199809200nwe.htm,1,,1,10,TEN 29,0,3,Drew Bledsoe pass incomplete intended for Robert Edwards,3.640,3.100,pass,,Drew Bledsoe,,Robert Edwards,,,,,,,,,,,
1998,3,September 20,home,Tennessee Oilers,https://www.pro-football-reference.com/boxscores/199809200nwe.htm,1,,2,10,TEN 29,0,3,Robert Edwards right guard for 3 yards (tackle by Blaine Bishop and Gary Walker),3.100,2.810,run,,,Robert Edwards,,,,,,,,Blaine Bishop,Gary Walker,,,
1998,3,September 20,home,Tennessee Oilers,https://www.pro-football-reference.com/boxscores/199809200nwe.htm,1,,3,7,TEN 26,0,3,Drew Bledsoe pass incomplete intended for Terry Glenn,2.810,1.740,pass,,Drew Bledsoe,,Terry Glenn,,,,,,,,,,,
1998,3,September 20,home,Tennessee Oilers,https://www.pro-football-reference.com/boxscores/199809200nwe.htm,1,,4,7,TEN 26,3,3,Adam Vinatieri 43 yard field goal good,1.740,3.000,field_goal,,,,,,,,Adam Vinatieri,,,,,,,
1998,3,September 20,home,Tennessee Oilers,https://www.pro-football-reference.com/boxscores/199809200nwe.htm,1,1:13,,,NWE 30,3,3,"Adam Vinatieri kicks off 70 yards, returned by Derrick Mason for 19 yards. Penalty on Terry Killens: Offensive Holding, 9 yards (accepted) (tackle by Troy Brown and Derrick Cullors)",0.000,0.380,kickoff,,,,,,,,Adam Vinatieri,Derrick Mason,,Troy Brown,Derrick Cullors,,,
1998,3,September 20,home,Tennessee Oilers,https://www.pro-football-reference.com/boxscores/199809200nwe.htm,1,,1,10,TEN 10,3,3,Eddie George left tackle for 4 yards (tackle by Lawyer Milloy),-0.380,-0.460,run,,,Eddie George,,,,,,,,Lawyer Milloy,,,,
1998,3,September 20,home,Tennessee Oilers,https://www.pro-football-reference.com/boxscores/199809200nwe.htm,1,,2,6,TEN 14,3,3,Eddie George right end for -1 yards (tackle by Todd Collins and Brandon Mitchell),-0.460,-1.070,run,,,Eddie George,,,,,,,,Todd Collins,Brandon Mitchell,,,
1998,3,September 20,home,Tennessee Oilers,https://www.pro-football-reference.com/boxscores/199809200nwe.htm,2,15:00,3,7,TEN 13,3,3,"Steve McNair right end for 19 yards. Penalty on Brad Hopkins: Illegal Use of Hands, 6 yards (accepted) (no play)",-1.070,-1.770,no_play,,,,,,,,,,,,,,,
1998,3,September 20,home,Tennessee Oilers,https://www.pro-football-reference.com/boxscores/199809200nwe.htm,2,,3,13,TEN 7,3,3,Steve McNair pass complete to Eddie George for 15 yards (tackle by Ty Law and Henry Thomas),-1.770,0.410,pass,,Steve McNair,,Eddie George,,,,,,,Ty Law,Henry Thomas,,,
1998,3,September 20,home,Tennessee Oilers,https://www.pro-football-reference.com/boxscores/199809200nwe.htm,2,,1,10,TEN 22,3,3,Steve McNair pass complete to Michael Roan for 4 yards (tackle by Ted Johnson),0.410,0.410,pass,,Steve McNair,,Michael Roan,,,,,,,Ted Johnson,,,,
1998,3,September 20,home,Tennessee Oilers,https://www.pro-football-reference.com/boxscores/199809200nwe.htm,2,,2,6,TEN 26,3,3,Rodney Thomas left tackle for 4 yards (tackle by Willie Clay and Willie McGinest),0.410,0.230,run,,,Rodney Thomas,,,,,,,,Willie Clay,Willie McGinest,,,
1998,3,September 20,home,Tennessee Oilers,https://www.pro-football-reference.com/boxscores/199809200nwe.htm,2,,3,2,TEN 30,3,3,Steve McNair pass complete to Willie Davis for 10 yards (tackle by Chris Canty),0.230,1.600,pass,,Steve McNair,,Willie Davis,,,,,,,Chris Canty,,,,
1998,3,September 20,home,Tennessee Oilers,https://www.pro-football-reference.com/boxscores/199809200nwe.htm,2,11:46,1,10,TEN 40,3,3,Eddie George left guard for 1 yard (tackle by Todd Collins and Chad Eaton),1.600,1.190,run,,,Eddie George,,,,,,,,Todd Collins,Chad Eaton,,,
1998,3,September 20,home,Tennessee Oilers,https://www.pro-football-reference.com/boxscores/199809200nwe.htm,2,,2,9,TEN 41,3,3,Eddie George right guard for 4 yards (tackle by Chad Eaton and Lawyer Milloy),1.190,1.030,run,,,Eddie George,,,,,,,,Chad Eaton,Lawyer Milloy,,,
1998,3,September 20,home,Tennessee Oilers,https://www.pro-football-reference.com/boxscores/199809200nwe.htm,2,,3,5,TEN 45,3,3,Steve McNair pass complete to Jackie Harris for 10 yards (tackle by Lawyer Milloy),1.030,2.590,pass,,Steve McNair,,Jackie Harris,,,,,,,Lawyer Milloy,,,,
1998,3,September 20,home,Tennessee Oilers,https://www.pro-football-reference.com/boxscores/199809200nwe.htm,2,,1,10,NWE 45,3,3,Steve McNair pass incomplete intended for Willie Davis,2.590,2.040,pass,,Steve McNair,,Willie Davis,,,,,,,,,,,
1998,3,September 20,home,Tennessee Oilers,https://www.pro-football-reference.com/boxscores/199809200nwe.htm,2,,2,10,NWE 45,3,3,Steve McNair pass incomplete intended for Willie Davis,2.040,1.360,pass,,Steve McNair,,Willie Davis,,,,,,,,,,,
1998,3,September 20,home,Tennessee Oilers,https://www.pro-football-reference.com/boxscores/199809200nwe.htm,2,,3,10,NWE 45,3,3,Steve McNair pass incomplete intended for Chris Sanders,1.360,0.270,pass,,Steve McNair,,Chris Sanders,,,,,,,,,,,
1998,3,September 20,home,Tennessee Oilers,https://www.pro-football-reference.com/boxscores/199809200nwe.htm,2,,4,10,NWE 45,3,3,"Craig Hentrich punts 45 yards, touchback.",0.270,-0.280,punt,,,,,,,Craig Hentrich,,,,,,,,
1998,3,September 20,home,Tennessee Oilers,https://www.pro-football-reference.com/boxscores/199809200nwe.htm,2,9:25,1,10,NWE 20,3,3,Sedrick Shaw right end for no gain (tackle by Anthony Cook and Lonnie Marts),0.280,-0.270,run,,,Sedrick Shaw,,,,,,,,Anthony Cook,Lonnie Marts,,,
1998,3,September 20,home,Tennessee Oilers,https://www.pro-football-reference.com/boxscores/199809200nwe.htm,2,,2,10,NWE 20,3,3,Sedrick Shaw left guard for 1 yard (tackle by Josh Evans and Eddie Robinson),-0.270,-0.820,run,,,Sedrick Shaw,,,,,,,,Josh Evans,Eddie Robinson,,,
1998,3,September 20,home,Tennessee Oilers,https://www.pro-football-reference.com/boxscores/199809200nwe.htm,2,,3,9,NWE 21,3,3,Drew Bledsoe pass incomplete intended for Vincent Brisby,-0.820,-1.960,pass,,Drew Bledsoe,,Vincent Brisby,,,,,,,,,,,
1998,3,September 20,home,Tennessee Oilers,https://www.pro-football-reference.com/boxscores/199809200nwe.htm,2,,4,9,NWE 21,3,3,"Tom Tupa punts 40 yards, returned by Derrick Mason for 8 yards (tackle by Mike Bartrum and Vernon Crawford)",-1.960,-2.060,punt,,,,,,,Tom Tupa,,Derrick Mason,,Mike Bartrum,Vernon Crawford,,,
1998,3,September 20,home,Tennessee Oilers,https://www.pro-football-reference.com/boxscores/199809200nwe.htm,2,8:03,1,10,TEN 47,3,3,Steve McNair pass complete to Yancey Thigpen for 8 yards (tackle by Ty Law),2.060,2.600,pass,,Steve McNair,,Yancey Thigpen,,,,,,,Ty Law,,,,
1998,3,September 20,home,Tennessee Oilers,https://www.pro-football-reference.com/boxscores/199809200nwe.htm,2,,2,2,NWE 45,3,3,Eddie George left guard for 6 yards (tackle by Ted Johnson and Greg Spires),2.600,2.980,run,,,Eddie George,,,,,,,,Ted Johnson,Greg Spires,,,
1998,3,September 20,home,Tennessee Oilers,https://www.pro-football-reference.com/boxscores/199809200nwe.htm,2,,1,10,NWE 39,3,3,Eddie George left guard for 2 yards (tackle by Willie Clay and Ted Johnson),2.980,2.710,run,,,Eddie George,,,,,,,,Willie Clay,Ted Johnson,,,
1998,3,September 20,home,Tennessee Oilers,https://www.pro-football-reference.com/boxscores/199809200nwe.htm,2,,2,8,NWE 37,3,3,Steve McNair scrambles right tackle for 4 yards,2.710,2.540,run,,,Steve McNair,,,,,,,,,,,,
1998,3,September 20,home,Tennessee Oilers,https://www.pro-football-reference.com/boxscores/199809200nwe.htm,2,,3,4,NWE 33,3,3,Steve McNair pass complete to Yancey Thigpen for 4 yards (tackle by Chris Canty),2.540,3.640,pass,,Steve McNair,,Yancey Thigpen,,,,,,,Chris Canty,,,,
1998,3,September 20,home,Tennessee Oilers,https://www.pro-football-reference.com/boxscores/199809200nwe.htm,2,,1,10,NWE 29,3,3,Eddie George middle for 3 yards (tackle by Willie Clay and Henry Thomas),3.640,3.510,run,,,Eddie George,,,,,,,,Willie Clay,Henry Thomas,,,
1998,3,September 20,home,Tennessee Oilers,https://www.pro-football-reference.com/boxscores/199809200nwe.htm,2,,2,7,NWE 26,3,3,"Penalty on Brandon Mitchell: Encroachment, 5 yards (accepted)",3.510,4.180,penalty,,,,,,,,,,,,,,,Brandon Mitchell
1998,3,September 20,home,Tennessee Oilers,https://www.pro-football-reference.com/boxscores/199809200nwe.htm,2,,2,2,NWE 21,3,3,"Penalty on Willie McGinest: Encroachment, 5 yards (accepted)",4.180,4.510,penalty,,,,,,,,,,,,,,,Willie McGinest
1998,3,September 20,home,Tennessee Oilers,https://www.pro-football-reference.com/boxscores/199809200nwe.htm,2,,1,10,NWE 16,3,3,Steve McNair pass incomplete intended for Yancey Thigpen,4.510,3.900,pass,,Steve McNair,,Yancey Thigpen,,,,,,,,,,,
1998,3,September 20,home,Tennessee Oilers,https://www.pro-football-reference.com/boxscores/199809200nwe.htm,2,,2,10,NWE 16,3,3,Eddie George left tackle for 3 yards (tackle by Willie Clay and Todd Collins),3.900,3.540,run,,,Eddie George,,,,,,,,Willie Clay,Todd Collins,,,
1998,3,September 20,home,Tennessee Oilers,https://www.pro-football-reference.com/boxscores/199809200nwe.htm,2,,3,7,NWE 13,3,3,Steve McNair pass complete to Frank Wycheck for 5 yards (tackle by Willie Clay and Larry Whigham),3.540,2.990,pass,,Steve McNair,,Frank Wycheck,,,,,,,Willie Clay,Larry Whigham,,,
1998,3,September 20,home,Tennessee Oilers,https://www.pro-football-reference.com/boxscores/199809200nwe.htm,2,2:00,4,2,NWE 8,3,6,Al Del Greco 26 yard field goal good,2.990,3.000,field_goal,,,,,,,,Al Del Greco,,,,,,,
1998,3,September 20,home,Tennessee Oilers,https://www.pro-football-reference.com/boxscores/199809200nwe.htm,2,1:57,,,TEN 30,3,6,"Craig Hentrich kicks off 75 yards, returned by Sedrick Shaw for 16 yards (tackle by Anthony Dorsett and Terry Killens)",0.000,0.370,kickoff,,,,,,,,Craig Hentrich,Sedrick Shaw,,Anthony Dorsett,Terry Killens,,,
1998,3,September 20,home,Tennessee Oilers,https://www.pro-football-reference.com/boxscores/199809200nwe.htm,2,1:53,1,10,NWE 11,3,6,Drew Bledsoe pass incomplete intended for Terry Glenn,-0.370,-0.780,pass,,Drew Bledsoe,,Terry Glenn,,,,,,,,,,,
1998,3,September 20,home,Tennessee Oilers,https://www.pro-football-reference.com/boxscores/199809200nwe.htm,2,1:47,2,10,NWE 11,3,6,Drew Bledsoe pass complete to Troy Brown for 7 yards (tackle by Eddie Robinson),-0.780,-0.600,pass,,Drew Bledsoe,,Troy Brown,,,,,,,Eddie Robinson,,,,
1998,3,September 20,home,Tennessee Oilers,https://www.pro-football-reference.com/boxscores/199809200nwe.htm,2,1:09,3,3,NWE 18,3,6,Drew Bledsoe pass complete to Troy Brown for 16 yards (tackle by Samari Rolle),-0.600,1.200,pass,,Drew Bledsoe,,Troy Brown,,,,,,,Samari Rolle,,,,
1998,3,September 20,home,Tennessee Oilers,https://www.pro-football-reference.com/boxscores/199809200nwe.htm,2,1:04,1,10,NWE 34,3,6,Drew Bledsoe sacked by Kenny Holmes and Steve Jackson for 4 yards,1.200,0.120,pass,,Drew Bledsoe,,,,Kenny Holmes,,,,,,,,,
1998,3,September 20,home,Tennessee Oilers,https://www.pro-football-reference.com/boxscores/199809200nwe.htm,2,0:45,2,14,NWE 30,3,6,Drew Bledsoe pass incomplete intended for Troy Brown,0.120,-0.560,pass,,Drew Bledsoe,,Troy Brown,,,,,,,,,,,
1998,3,September 20,home,Tennessee Oilers,https://www.pro-football-reference.com/boxscores/199809200nwe.htm,2,0:41,3,14,NWE 30,3,6,"Drew Bledsoe pass intended for Shawn Jefferson is intercepted by Samari Rolle at and returned for no gain. Penalty on Kenny Holmes: Encroachment, 5 yards (accepted) (no play)",-0.560,0.100,no_play,,,,,,,,,,,,,,,
1998,3,September 20,home,Tennessee Oilers,https://www.pro-football-reference.com/boxscores/199809200nwe.htm,2,,3,9,NWE 35,3,6,"Penalty on Kenny Holmes: Encroachment, 5 yards (accepted)",0.100,0.760,penalty,,,,,,,,,,,,,,,Kenny Holmes
1998,3,September 20,home,Tennessee Oilers,https://www.pro-football-reference.com/boxscores/199809200nwe.htm,2,,3,4,NWE 40,3,6,Drew Bledsoe pass complete to Shawn Jefferson for 20 yards (tackle by Samari Rolle),0.760,2.920,pass,,Drew Bledsoe,,Shawn Jefferson,,,,,,,Samari Rolle,,,,
1998,3,September 20,home,Tennessee Oilers,https://www.pro-football-reference.com/boxscores/199809200nwe.htm,2,0:28,1,10,TEN 40,3,6,"Penalty on Terry Glenn: False Start, 5 yards (accepted)",2.920,2.590,penalty,,,,,,,,,,,,,,,Terry Glenn
1998,3,September 20,home,Tennessee Oilers,https://www.pro-football-reference.com/boxscores/199809200nwe.htm,2,,1,15,TEN 45,3,6,Drew Bledsoe pass incomplete intended for Terry Glenn,2.590,1.700,pass,,Drew Bledsoe,,Terry Glenn,,,,,,,,,,,
1998,3,September 20,home,Tennessee Oilers,https://www.pro-football-reference.com/boxscores/199809200nwe.htm,2,0:22,2,15,TEN 45,3,6,Drew Bledsoe pass complete to Vincent Brisby for 21 yards (tackle by Samari Rolle),1.700,3.970,pass,,Drew Bledsoe,,Vincent Brisby,,,,,,,Samari Rolle,,,,
1998,3,September 20,home,Tennessee Oilers,https://www.pro-football-reference.com/boxscores/199809200nwe.htm,2,0:16,1,10,TEN 24,3,6,Drew Bledsoe pass incomplete intended for Vincent Brisby,3.970,3.430,pass,,Drew Bledsoe,,Vincent Brisby,,,,,,,,,,,
1998,3,September 20,home,Tennessee Oilers,https://www.pro-football-reference.com/boxscores/199809200nwe.htm,2,0:11,2,10,TEN 24,3,6,Drew Bledsoe pass incomplete intended for Shawn Jefferson,3.430,2.740,pass,,Drew Bledsoe,,Shawn Jefferson,,,,,,,,,,,
1998,3,September 20,home,Tennessee Oilers,https://www.pro-football-reference.com/boxscores/199809200nwe.htm,2,0:05,3,10,TEN 24,6,6,Adam Vinatieri 41 yard field goal good,2.740,3.000,field_goal,,,,,,,,Adam Vinatieri,,,,,,,
1998,3,September 20,home,Tennessee Oilers,https://www.pro-football-reference.com/boxscores/199809200nwe.htm,3,15:00,,,TEN 30,6,6,"Craig Hentrich kicks off 70 yards, touchback.",0.000,-0.280,kickoff,,,,,,,,Craig Hentrich,,,,,,,
1998,3,September 20,home,Tennessee Oilers,https://www.pro-football-reference.com/boxscores/199809200nwe.htm,3,,1,10,NWE 20,6,6,Drew Bledsoe pass incomplete intended for Terry Glenn,0.280,-0.270,pass,,Drew Bledsoe,,Terry Glenn,,,,,,,,,,,
1998,3,September 20,home,Tennessee Oilers,https://www.pro-football-reference.com/boxscores/199809200nwe.htm,3,,2,10,NWE 20,6,6,Drew Bledsoe sacked by Pratt Lyons and Gary Walker for 6 yards,-0.270,-2.030,pass,,Drew Bledsoe,,,,Pratt Lyons,,,,,,,,,
1998,3,September 20,home,Tennessee Oilers,https://www.pro-football-reference.com/boxscores/199809200nwe.htm,3,,3,16,NWE 14,6,6,Drew Bledsoe pass complete to Derrick Cullors for 11 yards (tackle by Marcus Robertson),-2.030,-1.700,pass,,Drew Bledsoe,,Derrick Cullors,,,,,,,Marcus Robertson,,,,
1998,3,September 20,home,Tennessee Oilers,https://www.pro-football-reference.com/boxscores/199809200nwe.htm,3,,4,5,NWE 25,6,6,"Tom Tupa punts 45 yards, returned by Derrick Mason for 8 yards (tackle by Tony Carter and Tebucky Jones)",-1.700,-1.470,punt,,,,,,,Tom Tupa,,Derrick Mason,,Tony Carter,Tebucky Jones,,,
1998,3,September 20,home,Tennessee Oilers,https://www.pro-football-reference.com/boxscores/199809200nwe.htm,3,13:40,1,10,TEN 38,6,6,Eddie George left end for 24 yards (tackle by Lawyer Milloy),1.470,3.050,run,,,Eddie George,,,,,,,,Lawyer Milloy,,,,
1998,3,September 20,home,Tennessee Oilers,https://www.pro-football-reference.com/boxscores/199809200nwe.htm,3,,1,10,NWE 38,6,6,Eddie George middle for 2 yards (tackle by Willie McGinest and Henry Thomas),3.050,2.780,run,,,Eddie George,,,,,,,,Willie McGinest,Henry Thomas,,,
1998,3,September 20,home,Tennessee Oilers,https://www.pro-football-reference.com/boxscores/199809200nwe.htm,3,,2,8,NWE 36,6,6,Steve McNair pass complete to Willie Davis for 10 yards (tackle by Ty Law),2.780,3.840,pass,,Steve McNair,,Willie Davis,,,,,,,Ty Law,,,,
1998,3,September 20,home,Tennessee Oilers,https://www.pro-football-reference.com/boxscores/199809200nwe.htm,3,,1,10,NWE 26,6,6,Eddie George left end for 4 yards (tackle by Chris Slade),3.840,3.840,run,,,Eddie George,,,,,,,,Chris Slade,,,,
1998,3,September 20,home,Tennessee Oilers,https://www.pro-football-reference.com/boxscores/199809200nwe.htm,3,,2,6,NWE 22,6,6,Steve McNair pass incomplete intended for Yancey Thigpen,3.840,3.140,pass,,Steve McNair,,Yancey Thigpen,,,,,,,,,,,
1998,3,September 20,home,Tennessee Oilers,https://www.pro-football-reference.com/boxscores/199809200nwe.htm,3,,3,6,NWE 22,6,12,"Steve McNair pass complete to Eddie George for 22 yards, touchdown",3.140,7.000,pass,,Steve McNair,,Eddie George,,,,,,,,,,,
1998,3,September 20,home,Tennessee Oilers,https://www.pro-football-reference.com/boxscores/199809200nwe.htm,3,10:56,,,,6,13,Al Del Greco kicks extra point good,0.000,0.000,extra_point,,,,,,,,Al Del Greco,,,,,,,
1998,3,September 20,home,Tennessee Oilers,https://www.pro-football-reference.com/boxscores/199809200nwe.htm,3,,,,TEN 30,6,13,"Craig Hentrich kicks off 73 yards, returned by Derrick Cullors for 41 yards (tackle by Steve Jackson). Penalty on Sedrick Shaw: Unnecessary Roughness, 15 yards (accepted)",0.000,-0.480,kickoff,,,,,,,,Craig Hentrich,Derrick Cullors,,Steve Jackson,,,,
1998,3,September 20,home,Tennessee Oilers,https://www.pro-football-reference.com/boxscores/199809200nwe.htm,3,,1,10,NWE 23,6,13,Robert Edwards right end for -3 yards (tackle by Eddie Robinson),0.480,-0.470,run,,,Robert Edwards,,,,,,,,Eddie Robinson,,,,
1998,3,September 20,home,Tennessee Oilers,https://www.pro-football-reference.com/boxscores/199809200nwe.htm,3,,2,13,NWE 20,6,13,Drew Bledsoe pass complete to Ben Coates for 9 yards (tackle by Josh Evans and Eddie Robinson),-0.470,0.040,pass,,Drew Bledsoe,,Ben Coates,,,,,,,Josh Evans,Eddie Robinson,,,
1998,3,September 20,home,Tennessee Oilers,https://www.pro-football-reference.com/boxscores/199809200nwe.htm,3,,3,4,NWE 29,6,13,Drew Bledsoe pass complete to Derrick Cullors for 8 yards (tackle by Kenny Holmes and Steve Jackson),0.040,1.400,pass,,Drew Bledsoe,,Derrick Cullors,,,,,,,Kenny Holmes,Steve Jackson,,,
1998,3,September 20,home,Tennessee Oilers,https://www.pro-football-reference.com/boxscores/199809200nwe.htm,3,,1,10,NWE 37,6,13,Drew Bledsoe pass complete to Terry Glenn for 27 yards (tackle by Marcus Robertson),1.400,3.180,pass,,Drew Bledsoe,,Terry Glenn,,,,,,,Marcus Robertson,,,,
1998,3,September 20,home,Tennessee Oilers,https://www.pro-football-reference.com/boxscores/199809200nwe.htm,3,,1,10,TEN 36,6,13,Drew Bledsoe pass complete to Vincent Brisby for 16 yards (tackle by Blaine Bishop and Denard Walker),3.180,4.240,pass,,Drew Bledsoe,,Vincent Brisby,,,,,,,Blaine Bishop,Denard Walker,,,
1998,3,September 20,home,Tennessee Oilers,https://www.pro-football-reference.com/boxscores/199809200nwe.htm,3,,1,10,TEN 20,6,13,Robert Edwards right guard for 5 yards (tackle by Joe Bowden and Eddie Robinson),4.240,4.450,run,,,Robert Edwards,,,,,,,,Joe Bowden,Eddie Robinson,,,
1998,3,September 20,home,Tennessee Oilers,https://www.pro-football-reference.com/boxscores/199809200nwe.htm,3,,2,5,TEN 15,6,13,Drew Bledsoe pass incomplete intended for Ben Coates,4.450,3.700,pass,,Drew Bledsoe,,Ben Coates,,,,,,,,,,,
1998,3,September 20,home,Tennessee Oilers,https://www.pro-football-reference.com/boxscores/199809200nwe.htm,3,,3,5,TEN 15,6,13,Drew Bledsoe pass complete to Ben Coates for 6 yards (tackle by Kenny Holmes and Darryll Lewis),3.700,5.140,pass,,Drew Bledsoe,,Ben Coates,,,,,,,Kenny Holmes,Darryll Lewis,,,
1998,3,September 20,home,Tennessee Oilers,https://www.pro-football-reference.com/boxscores/199809200nwe.htm,3,,1,9,TEN 9,6,13,Robert Edwards left guard for 2 yards (tackle by Josh Evans),5.140,4.760,run,,,Robert Edwards,,,,,,,,Josh Evans,,,,
1998,3,September 20,home,Tennessee Oilers,https://www.pro-football-reference.com/boxscores/199809200nwe.htm,3,,2,7,TEN 7,12,13,"Robert Edwards right tackle for 7 yards, touchdown",4.760,7.000,run,,,Robert Edwards,,,,,,,,,,,,
1998,3,September 20,home,Tennessee Oilers,https://www.pro-football-reference.com/boxscores/199809200nwe.htm,3,5:41,,,,13,13,Adam Vinatieri kicks extra point good,0.000,0.000,extra_point,,,,,,,,Adam Vinatieri,,,,,,,
1998,3,September 20,home,Tennessee Oilers,https://www.pro-football-reference.com/boxscores/199809200nwe.htm,3,,,,NWE 30,13,13,"Adam Vinatieri kicks off 64 yards, returned by Derrick Mason for 14 yards (tackle by Steve Lofton and Larry Whigham)",0.000,-0.280,kickoff,,,,,,,,Adam Vinatieri,Derrick Mason,,Steve Lofton,Larry Whigham,,,
1998,3,September 20,home,Tennessee Oilers,https://www.pro-football-reference.com/boxscores/199809200nwe.htm,3,,1,10,TEN 20,13,13,Steve McNair pass complete to Frank Wycheck for no gain (tackle by Chris Canty and Chris Slade),0.280,-0.270,pass,,Steve McNair,,Frank Wycheck,,,,,,,Chris Canty,Chris Slade,,,
1998,3,September 20,home,Tennessee Oilers,https://www.pro-football-reference.com/boxscores/199809200nwe.htm,3,,2,10,TEN 20,13,13,Eddie George left end for 11 yards (tackle by Ted Johnson and Lawyer Milloy),-0.270,1.000,run,,,Eddie George,,,,,,,,Ted Johnson,Lawyer Milloy,,,
1998,3,September 20,home,Tennessee Oilers,https://www.pro-football-reference.com/boxscores/199809200nwe.htm,3,,1,10,TEN 31,13,13,Steve McNair pass complete to Jackie Harris for 3 yards (tackle by Ted Johnson),1.000,0.870,pass,,Steve McNair,,Jackie Harris,,,,,,,Ted Johnson,,,,
1998,3,September 20,home,Tennessee Oilers,https://www.pro-football-reference.com/boxscores/199809200nwe.htm,3,,2,7,TEN 34,13,13,Steve McNair pass complete to Frank Wycheck for 5 yards (tackle by Ty Law and Chris Slade),0.870,0.830,pass,,Steve McNair,,Frank Wycheck,,,,,,,Ty Law,Chris Slade,,,
1998,3,September 20,home,Tennessee Oilers,https://www.pro-football-reference.com/boxscores/199809200nwe.htm,3,,3,2,TEN 39,13,13,Steve McNair pass complete to Jackie Harris for 1 yard (tackle by Tedy Bruschi and Willie Clay),0.830,-0.720,pass,,Steve McNair,,Jackie Harris,,,,,,,Tedy Bruschi,Willie Clay,,,
1998,3,September 20,home,Tennessee Oilers,https://www.pro-football-reference.com/boxscores/199809200nwe.htm,3,,4,1,TEN 40,13,13,Craig Hentrich punts 44 yards,-0.720,0.140,punt,,,,,,,Craig Hentrich,,,,,,,,
1998,3,September 20,home,Tennessee Oilers,https://www.pro-football-reference.com/boxscores/199809200nwe.htm,3,1:56,1,10,NWE 16,13,13,Drew Bledsoe pass incomplete intended for Vincent Brisby,-0.140,-0.660,pass,,Drew Bledsoe,,Vincent Brisby,,,,,,,,,,,
1998,3,September 20,home,Tennessee Oilers,https://www.pro-football-reference.com/boxscores/199809200nwe.htm,3,,2,10,NWE 16,13,13,Sedrick Shaw right tackle for no gain (tackle by Joe Bowden and Pratt Lyons),-0.660,-1.320,run,,,Sedrick Shaw,,,,,,,,Joe Bowden,Pratt Lyons,,,
1998,3,September 20,home,Tennessee Oilers,https://www.pro-football-reference.com/boxscores/199809200nwe.htm,3,,3,10,NWE 16,13,13,Drew Bledsoe pass complete to Derrick Cullors for 8 yards (tackle by Lonnie Marts and Marcus Robertson),-1.320,-1.770,pass,,Drew Bledsoe,,Derrick Cullors,,,,,,,Lonnie Marts,Marcus Robertson,,,
1998,3,September 20,home,Tennessee Oilers,https://www.pro-football-reference.com/boxscores/199809200nwe.htm,3,,4,2,NWE 24,13,13,"Tom Tupa punts 43 yards, returned by Derrick Mason for 12 yards (tackle by Tony Carter and Chris Sullivan)",-1.770,-1.930,punt,,,,,,,Tom Tupa,,Derrick Mason,,Tony Carter,Chris Sullivan,,,
1998,3,September 20,home,Tennessee Oilers,https://www.pro-football-reference.com/boxscores/199809200nwe.htm,3,0:26,1,10,TEN 45,13,13,Eddie George middle for 13 yards (tackle by Lawyer Milloy),1.930,2.790,run,,,Eddie George,,,,,,,,Lawyer Milloy,,,,
1998,3,September 20,home,Tennessee Oilers,https://www.pro-football-reference.com/boxscores/199809200nwe.htm,4,15:00,1,10,NWE 42,13,13,Eddie George left end for -1 yards (tackle by Todd Collins),2.790,2.110,run,,,Eddie George,,,,,,,,Todd Collins,,,,
1998,3,September 20,home,Tennessee Oilers,https://www.pro-football-reference.com/boxscores/199809200nwe.htm,4,,2,11,NWE 43,13,13,Eddie George middle for 4 yards (tackle by Willie McGinest and Mark Wheeler),2.110,1.950,run,,,Eddie George,,,,,,,,Willie McGinest,Mark Wheeler,,,
1998,3,September 20,home,Tennessee Oilers,https://www.pro-football-reference.com/boxscores/199809200nwe.htm,4,,3,7,NWE 39,13,13,Steve McNair pass complete to Rodney Thomas for 9 yards (tackle by Steve Lofton),1.950,3.580,pass,,Steve McNair,,Rodney Thomas,,,,,,,Steve Lofton,,,,
1998,3,September 20,home,Tennessee Oilers,https://www.pro-football-reference.com/boxscores/199809200nwe.htm,4,,1,10,NWE 30,13,13,Eddie George middle for 3 yards (tackle by Ty Law and Mark Wheeler),3.580,3.440,run,,,Eddie George,,,,,,,,Ty Law,Mark Wheeler,,,
1998,3,September 20,home,Tennessee Oilers,https://www.pro-football-reference.com/boxscores/199809200nwe.htm,4,,2,7,NWE 27,13,13,Eddie George middle for 2 yards (tackle by Ted Johnson and Chris Sullivan),3.440,3.010,run,,,Eddie George,,,,,,,,Ted Johnson,Chris Sullivan,,,
1998,3,September 20,home,Tennessee Oilers,https://www.pro-football-reference.com/boxscores/199809200nwe.htm,4,11:30,3,5,NWE 25,13,13,Steve McNair sacked by Willie McGinest and Henry Thomas for 2 yards,3.010,1.670,pass,,Steve McNair,,,,Willie McGinest,,,,,,,,,
1998,3,September 20,home,Tennessee Oilers,https://www.pro-football-reference.com/boxscores/199809200nwe.htm,4,,4,7,NWE 27,13,16,Al Del Greco 45 yard field goal good,1.670,3.000,field_goal,,,,,,,,Al Del Greco,,,,,,,
1998,3,September 20,home,Tennessee Oilers,https://www.pro-football-reference.com/boxscores/199809200nwe.htm,4,10:54,,,TEN 30,13,16,"Craig Hentrich kicks off 65 yards, returned by Derrick Cullors for 27 yards (tackle by Perry Phenix and Michael Roan)",0.000,-1.070,kickoff,,,,,,,,Craig Hentrich,Derrick Cullors,,Perry Phenix,Michael Roan,,,
1998,3,September 20,home,Tennessee Oilers,https://www.pro-football-reference.com/boxscores/199809200nwe.htm,4,,1,10,NWE 32,13,16,Drew Bledsoe pass complete to Troy Brown for 6 yards (tackle by Blaine Bishop and Denard Walker),1.070,1.340,pass,,Drew Bledsoe,,Troy Brown,,,,,,,Blaine Bishop,Denard Walker,,,
1998,3,September 20,home,Tennessee Oilers,https://www.pro-football-reference.com/boxscores/199809200nwe.htm,4,,2,4,NWE 38,13,16,Robert Edwards left guard for 3 yards (tackle by Blaine Bishop),1.340,1.030,run,,,Robert Edwards,,,,,,,,Blaine Bishop,,,,
1998,3,September 20,home,Tennessee Oilers,https://www.pro-football-reference.com/boxscores/199809200nwe.htm,4,,3,1,NWE 41,13,16,Drew Bledsoe right guard for 3 yards (tackle by Anthony Cook),1.030,1.860,run,,,Drew Bledsoe,,,,,,,,Anthony Cook,,,,
1998,3,September 20,home,Tennessee Oilers,https://www.pro-football-reference.com/boxscores/199809200nwe.htm,4,,1,10,NWE 44,13,16,Drew Bledsoe sacked by Blaine Bishop for 6 yards,1.860,0.510,pass,,Drew Bledsoe,,,,Blaine Bishop,,,,,,,,,
1998,3,September 20,home,Tennessee Oilers,https://www.pro-football-reference.com/boxscores/199809200nwe.htm,4,,2,16,NWE 38,13,16,Drew Bledsoe pass incomplete,0.510,-0.160,pass,,Drew Bledsoe,,,,,,,,,,,,,
1998,3,September 20,home,Tennessee Oilers,https://www.pro-football-reference.com/boxscores/199809200nwe.htm,4,,3,16,NWE 38,13,16,Drew Bledsoe pass complete to Terry Glenn for 8 yards (tackle by Steve Jackson),-0.160,-0.320,pass,,Drew Bledsoe,,Terry Glenn,,,,,,,Steve Jackson,,,,
1998,3,September 20,home,Tennessee Oilers,https://www.pro-football-reference.com/boxscores/199809200nwe.htm,4,,4,8,NWE 46,13,16,"Tom Tupa punts 54 yards, touchback.",-0.320,0.000,punt,,,,,,,Tom Tupa,,,,,,,,
1998,3,September 20,home,Tennessee Oilers,https://www.pro-football-reference.com/boxscores/199809200nwe.htm,4,,,,,13,16,Penalty on Vernon Crawford: Ineligible Downfield Kick (declined),0.000,-0.280,penalty,,,,,,,,,,,,,,,Vernon Crawford
1998,3,September 20,home,Tennessee Oilers,https://www.pro-football-reference.com/boxscores/199809200nwe.htm,4,7:47,1,10,TEN 20,13,16,Eddie George left tackle for 1 yard (tackle by Lawyer Milloy),0.280,-0.130,run,,,Eddie George,,,,,,,,Lawyer Milloy,,,,
1998,3,September 20,home,Tennessee Oilers,https://www.pro-football-reference.com/boxscores/199809200nwe.htm,4,,2,9,TEN 21,13,16,Eddie George middle for 1 yard (tackle by Ted Johnson and Lawyer Milloy),-0.130,-0.690,run,,,Eddie George,,,,,,,,Ted Johnson,Lawyer Milloy,,,
1998,3,September 20,home,Tennessee Oilers,https://www.pro-football-reference.com/boxscores/199809200nwe.htm,4,,3,8,TEN 22,13,16,"Penalty on Steve McNair: Delay of Game, 5 yards (accepted)",-0.690,-1.510,penalty,,,,,,,,,,,,,,,Steve McNair
1998,3,September 20,home,Tennessee Oilers,https://www.pro-football-reference.com/boxscores/199809200nwe.htm,4,,3,13,TEN 17,13,16,Steve McNair pass complete to Eddie George for -4 yards (tackle by Tedy Bruschi),-1.510,-2.490,pass,,Steve McNair,,Eddie George,,,,,,,Tedy Bruschi,,,,
1998,3,September 20,home,Tennessee Oilers,https://www.pro-football-reference.com/boxscores/199809200nwe.htm,4,,4,17,TEN 13,13,16,Craig Hentrich punts 42 yards,-2.490,-1.930,punt,,,,,,,Craig Hentrich,,,,,,,,
1998,3,September 20,home,Tennessee Oilers,https://www.pro-football-reference.com/boxscores/199809200nwe.htm,4,5:07,1,10,NWE 45,13,16,Robert Edwards right guard for 4 yards (tackle by Josh Evans and Marcus Robertson),1.930,1.920,run,,,Robert Edwards,,,,,,,,Josh Evans,Marcus Robertson,,,
1998,3,September 20,home,Tennessee Oilers,https://www.pro-football-reference.com/boxscores/199809200nwe.htm,4,,2,6,NWE 49,19,16,"Drew Bledsoe pass complete to Terry Glenn for 51 yards, touchdown",1.920,7.000,pass,,Drew Bledsoe,,Terry Glenn,,,,,,,,,,,
1998,3,September 20,home,Tennessee Oilers,https://www.pro-football-reference.com/boxscores/199809200nwe.htm,4,4:25,,,,20,16,Adam Vinatieri kicks extra point good,0.000,0.000,extra_point,,,,,,,,Adam Vinatieri,,,,,,,
1998,3,September 20,home,Tennessee Oilers,https://www.pro-football-reference.com/boxscores/199809200nwe.htm,4,,,,NWE 30,20,16,"Adam Vinatieri kicks off 70 yards, touchback.",0.000,-0.280,kickoff,,,,,,,,Adam Vinatieri,,,,,,,
1998,3,September 20,home,Tennessee Oilers,https://www.pro-football-reference.com/boxscores/199809200nwe.htm,4,,1,10,TEN 20,20,16,Steve McNair pass incomplete intended for Willie Davis,0.280,-0.270,pass,,Steve McNair,,Willie Davis,,,,,,,,,,,
1998,3,September 20,home,Tennessee Oilers,https://www.pro-football-reference.com/boxscores/199809200nwe.htm,4,,2,10,TEN 20,26,16,"Steve McNair pass intended for Yancey Thigpen is intercepted by Lawyer Milloy at TO30 and returned for 30 yards, touchdown",-0.270,-7.000,pass,,Steve McNair,,Yancey Thigpen,Lawyer Milloy,,,,,,,,,,
1998,3,September 20,home,Tennessee Oilers,https://www.pro-football-reference.com/boxscores/199809200nwe.htm,4,4:07,,,,27,16,Adam Vinatieri kicks extra point good,0.000,0.000,extra_point,,,,,,,,Adam Vinatieri,,,,,,,
1998,3,September 20,home,Tennessee Oilers,https://www.pro-football-reference.com/boxscores/199809200nwe.htm,4,,,,NWE 30,27,16,"Adam Vinatieri kicks off 75 yards, touchback.",0.000,-0.280,kickoff,,,,,,,,Adam Vinatieri,,,,,,,
1998,3,September 20,home,Tennessee Oilers,https://www.pro-football-reference.com/boxscores/199809200nwe.htm,4,,1,10,TEN 20,27,16,Steve McNair pass complete to Frank Wycheck for 16 yards (tackle by Willie Clay and Larry Whigham),0.280,1.330,pass,,Steve McNair,,Frank Wycheck,,,,,,,Willie Clay,Larry Whigham,,,
1998,3,September 20,home,Tennessee Oilers,https://www.pro-football-reference.com/boxscores/199809200nwe.htm,4,,1,10,TEN 36,27,16,Steve McNair pass complete to Frank Wycheck for 3 yards (tackle by Larry Whigham),1.330,1.200,pass,,Steve McNair,,Frank Wycheck,,,,,,,Larry Whigham,,,,
1998,3,September 20,home,Tennessee Oilers,https://www.pro-football-reference.com/boxscores/199809200nwe.htm,4,,2,7,TEN 39,27,16,Steve McNair pass complete to Derrick Mason for 8 yards (tackle by Larry Whigham),1.200,2.060,pass,,Steve McNair,,Derrick Mason,,,,,,,Larry Whigham,,,,
1998,3,September 20,home,Tennessee Oilers,https://www.pro-football-reference.com/boxscores/199809200nwe.htm,4,,1,10,TEN 47,27,16,Steve McNair pass incomplete intended for Frank Wycheck,2.060,1.520,pass,,Steve McNair,,Frank Wycheck,,,,,,,,,,,
1998,3,September 20,home,Tennessee Oilers,https://www.pro-football-reference.com/boxscores/199809200nwe.htm,4,,2,10,TEN 47,27,16,Steve McNair pass incomplete intended for Derrick Mason,1.520,0.830,pass,,Steve McNair,,Derrick Mason,,,,,,,,,,,
1998,3,September 20,home,Tennessee Oilers,https://www.pro-football-reference.com/boxscores/199809200nwe.htm,4,,3,10,TEN 47,27,16,Steve McNair pass complete to Jackie Harris for 14 yards (tackle by Lawyer Milloy),0.830,2.980,pass,,Steve McNair,,Jackie Harris,,,,,,,Lawyer Milloy,,,,
1998,3,September 20,home,Tennessee Oilers,https://www.pro-football-reference.com/boxscores/199809200nwe.htm,4,,1,10,NWE 39,27,16,Steve McNair pass complete to Jackie Harris for 4 yards (tackle by Larry Whigham),2.980,2.980,pass,,Steve McNair,,Jackie Harris,,,,,,,Larry Whigham,,,,
1998,3,September 20,home,Tennessee Oilers,https://www.pro-football-reference.com/boxscores/199809200nwe.htm,4,,2,6,NWE 35,27,16,Steve McNair pass complete to Rodney Thomas for no gain (tackle by Chris Slade),2.980,2.280,pass,,Steve McNair,,Rodney Thomas,,,,,,,Chris Slade,,,,
1998,3,September 20,home,Tennessee Oilers,https://www.pro-football-reference.com/boxscores/199809200nwe.htm,4,,3,6,NWE 35,27,16,Steve McNair pass complete to Frank Wycheck for 3 yards (tackle by Tedy Bruschi),2.280,1.290,pass,,Steve McNair,,Frank Wycheck,,,,,,,Tedy Bruschi,,,,
1998,3,September 20,home,Tennessee Oilers,https://www.pro-football-reference.com/boxscores/199809200nwe.htm,4,2:00,4,3,NWE 32,27,16,Steve McNair right end for 4 yards (tackle by Willie McGinest),1.290,3.710,run,,,Steve McNair,,,,,,,,Willie McGinest,,,,
1998,3,September 20,home,Tennessee Oilers,https://www.pro-football-reference.com/boxscores/199809200nwe.htm,4,1:40,1,10,NWE 28,27,16,Steve McNair pass intended for Yancey Thigpen is intercepted by Ty Law at NE16 and returned for 18 yards,3.710,-1.200,pass,,Steve McNair,,Yancey Thigpen,Ty Law,,,,,,,,,,
1998,3,September 20,home,Tennessee Oilers,https://www.pro-football-reference.com/boxscores/199809200nwe.htm,4,1:26,1,10,NWE 34,27,16,Robert Edwards left guard for 6 yards (tackle by Blaine Bishop and Josh Evans),1.200,1.470,run,,,Robert Edwards,,,,,,,,Blaine Bishop,Josh Evans,,,
1998,3,September 20,home,Tennessee Oilers,https://www.pro-football-reference.com/boxscores/199809200nwe.htm,4,1:17,2,4,NWE 40,27,16,Robert Edwards right guard for 53 yards (tackle by Darryll Lewis),1.470,5.600,run,,,Robert Edwards,,,,,,,,Darryll Lewis,,,,
1998,3,September 20,home,Tennessee Oilers,https://www.pro-football-reference.com/boxscores/199809200nwe.htm,4,1:08,1,7,TEN 7,27,16,Drew Bledsoe kneels for -1 yards,5.600,4.570,run,,,Drew Bledsoe,,,,,,,,,,,,
1998,3,September 20,home,Tennessee Oilers,https://www.pro-football-reference.com/boxscores/199809200nwe.htm,4,0:25,2,8,TEN 8,27,16,Drew Bledsoe kneels for -1 yards,4.570,3.360,run,,,Drew Bledsoe,,,,,,,,,,,,
1998,5,October 4,away,New Orleans Saints,https://www.pro-football-reference.com/boxscores/199810040nor.htm,,,,,,,,"Patriots won the coin toss, Patriots to receive the opening kickoff.",,,other,,,,,,,,,,,,,,,
1998,5,October 4,away,New Orleans Saints,https://www.pro-football-reference.com/boxscores/199810040nor.htm,1,15:00,,,NOR 30,0,0,"Doug Brien kicks off 68 yards, returned by Derrick Cullors for 15 yards (tackle by Je'Rod Cherry)",0.000,0.060,kickoff,,,,,,,,Doug Brien,Derrick Cullors,,Je'Rod Cherry,,,,
1998,5,October 4,away,New Orleans Saints,https://www.pro-football-reference.com/boxscores/199810040nor.htm,1,14:50,1,10,NWE 17,0,0,Drew Bledsoe pass complete to Ben Coates for 15 yards (tackle by Ink Aleaga and Rob Kelly),-0.060,1.070,pass,,Drew Bledsoe,,Ben Coates,,,,,,,Ink Aleaga,Rob Kelly,,,
1998,5,October 4,away,New Orleans Saints,https://www.pro-football-reference.com/boxscores/199810040nor.htm,1,,1,10,NWE 32,0,0,Robert Edwards right end for -1 yards (tackle by Joe Johnson and Brady Smith),1.070,0.390,run,,,Robert Edwards,,,,,,,,Joe Johnson,Brady Smith,,,
1998,5,October 4,away,New Orleans Saints,https://www.pro-football-reference.com/boxscores/199810040nor.htm,1,,2,11,NWE 31,0,0,Drew Bledsoe pass incomplete intended for Tony Carter,0.390,0.000,pass,,Drew Bledsoe,,Tony Carter,,,,,,,,,,,
1998,5,October 4,away,New Orleans Saints,https://www.pro-football-reference.com/boxscores/199810040nor.htm,1,,,,,0,0,Penalty on Mike Bartrum: Illegal Formation (declined),0.000,-0.290,penalty,,,,,,,,,,,,,,,Mike Bartrum
1998,5,October 4,away,New Orleans Saints,https://www.pro-football-reference.com/boxscores/199810040nor.htm,1,,3,11,NWE 31,0,0,"Drew Bledsoe pass incomplete intended for Troy Brown. Penalty on Chris Hewitt: Defensive Pass Interference, 6 yards (accepted) (no play)",-0.290,1.400,no_play,,,,,,,,,,,,,,,
1998,5,October 4,away,New Orleans Saints,https://www.pro-football-reference.com/boxscores/199810040nor.htm,1,,1,10,NWE 37,0,0,Drew Bledsoe pass incomplete,1.400,0.860,pass,,Drew Bledsoe,,,,,,,,,,,,,
1998,5,October 4,away,New Orleans Saints,https://www.pro-football-reference.com/boxscores/199810040nor.htm,1,,2,10,NWE 37,0,0,Robert Edwards middle for 5 yards (tackle by La'Roi Glover),0.860,0.830,run,,,Robert Edwards,,,,,,,,La'Roi Glover,,,,
1998,5,October 4,away,New Orleans Saints,https://www.pro-football-reference.com/boxscores/199810040nor.htm,1,,3,5,NWE 42,0,0,Drew Bledsoe pass complete to Troy Brown for 7 yards (tackle by Chris Hewitt),0.830,2.190,pass,,Drew Bledsoe,,Troy Brown,,,,,,,Chris Hewitt,,,,
1998,5,October 4,away,New Orleans Saints,https://www.pro-football-reference.com/boxscores/199810040nor.htm,1,,1,10,NWE 49,0,0,Robert Edwards right end for 10 yards (tackle by Rob Kelly and Keith Mitchell),2.190,2.850,run,,,Robert Edwards,,,,,,,,Rob Kelly,Keith Mitchell,,,
1998,5,October 4,away,New Orleans Saints,https://www.pro-football-reference.com/boxscores/199810040nor.htm,1,,1,10,NOR 41,0,0,Drew Bledsoe pass incomplete intended for Troy Brown,2.850,2.310,pass,,Drew Bledsoe,,Troy Brown,,,,,,,,,,,
1998,5,October 4,away,New Orleans Saints,https://www.pro-football-reference.com/boxscores/199810040nor.htm,1,,2,10,NOR 41,0,0,"Penalty on Bruce Armstrong: False Start, 5 yards (accepted)",2.310,1.630,penalty,,,,,,,,,,,,,,,Bruce Armstrong
1998,5,October 4,away,New Orleans Saints,https://www.pro-football-reference.com/boxscores/199810040nor.htm,1,,2,15,NOR 46,0,0,Drew Bledsoe pass incomplete intended for Terry Glenn,1.630,0.960,pass,,Drew Bledsoe,,Terry Glenn,,,,,,,,,,,
1998,5,October 4,away,New Orleans Saints,https://www.pro-football-reference.com/boxscores/199810040nor.htm,1,,3,15,NOR 46,0,0,Drew Bledsoe pass complete to Ben Coates for 9 yards (tackle by Mark Fields),0.960,0.790,pass,,Drew Bledsoe,,Ben Coates,,,,,,,Mark Fields,,,,
1998,5,October 4,away,New Orleans Saints,https://www.pro-football-reference.com/boxscores/199810040nor.htm,1,,4,6,NOR 37,0,0,Drew Bledsoe pass complete to Terry Glenn for 12 yards (tackle by Alex Molden),0.790,3.910,pass,,Drew Bledsoe,,Terry Glenn,,,,,,,Alex Molden,,,,
1998,5,October 4,away,New Orleans Saints,https://www.pro-football-reference.com/boxscores/199810040nor.htm,1,,1,10,NOR 25,0,0,Drew Bledsoe pass incomplete intended for Terry Glenn,3.910,3.360,pass,,Drew Bledsoe,,Terry Glenn,,,,,,,,,,,
1998,5,October 4,away,New Orleans Saints,https://www.pro-football-reference.com/boxscores/199810040nor.htm,1,,2,10,NOR 25,0,0,Robert Edwards right end for 7 yards (tackle by Chad Cota and Rob Kelly),3.360,3.660,run,,,Robert Edwards,,,,,,,,Chad Cota,Rob Kelly,,,
1998,5,October 4,away,New Orleans Saints,https://www.pro-football-reference.com/boxscores/199810040nor.htm,1,,3,3,NOR 18,0,0,Drew Bledsoe pass intended for Terry Glenn is intercepted by Alex Molden at NO0 and returned for 11 yards,3.660,0.370,pass,,Drew Bledsoe,,Terry Glenn,Alex Molden,,,,,,,,,,
1998,5,October 4,away,New Orleans Saints,https://www.pro-football-reference.com/boxscores/199810040nor.htm,1,8:50,1,10,NOR 11,0,0,Lamar Smith left end for 3 yards (tackle by Todd Collins),-0.370,-0.530,run,,,Lamar Smith,,,,,,,,Todd Collins,,,,
1998,5,October 4,away,New Orleans Saints,https://www.pro-football-reference.com/boxscores/199810040nor.htm,1,,2,7,NOR 14,0,0,Danny Wuerffel pass complete to Cam Cleeland for 4 yards (tackle by Todd Collins and Ted Johnson),-0.530,-0.600,pass,,Danny Wuerffel,,Cam Cleeland,,,,,,,Todd Collins,Ted Johnson,,,
1998,5,October 4,away,New Orleans Saints,https://www.pro-football-reference.com/boxscores/199810040nor.htm,1,,3,3,NOR 18,0,0,Danny Wuerffel pass complete to Cam Cleeland for 7 yards (tackle by Lawyer Milloy),-0.600,0.610,pass,,Danny Wuerffel,,Cam Cleeland,,,,,,,Lawyer Milloy,,,,
1998,5,October 4,away,New Orleans Saints,https://www.pro-football-reference.com/boxscores/199810040nor.htm,1,,1,10,NOR 25,0,0,Lamar Smith left tackle for 6 yards (tackle by Todd Collins and Lawyer Milloy),0.610,0.870,run,,,Lamar Smith,,,,,,,,Todd Collins,Lawyer Milloy,,,
1998,5,October 4,away,New Orleans Saints,https://www.pro-football-reference.com/boxscores/199810040nor.htm,1,6:42,2,4,NOR 31,0,0,Danny Wuerffel pass incomplete intended for Andre Hastings,0.870,0.170,pass,,Danny Wuerffel,,Andre Hastings,,,,,,,,,,,
1998,5,October 4,away,New Orleans Saints,https://www.pro-football-reference.com/boxscores/199810040nor.htm,1,,3,4,NOR 31,0,0,Danny Wuerffel pass complete to Andre Hastings for 5 yards,0.170,1.330,pass,,Danny Wuerffel,,Andre Hastings,,,,,,,,,,,
1998,5,October 4,away,New Orleans Saints,https://www.pro-football-reference.com/boxscores/199810040nor.htm,1,,1,10,NOR 36,0,0,Danny Wuerffel sacked by Chris Sullivan for 3 yards,1.330,0.000,pass,,Danny Wuerffel,,,,Chris Sullivan,,,,,,,,,
1998,5,October 4,away,New Orleans Saints,https://www.pro-football-reference.com/boxscores/199810040nor.htm,1,,,,,0,0,Penalty on Willie Roaf: Offensive Holding (declined),0.000,0.390,penalty,,,,,,,,,,,,,,,Willie Roaf
1998,5,October 4,away,New Orleans Saints,https://www.pro-football-reference.com/boxscores/199810040nor.htm,1,,2,13,NOR 33,0,0,Danny Wuerffel pass incomplete intended for Ray Zellars,0.390,-0.300,pass,,Danny Wuerffel,,Ray Zellars,,,,,,,,,,,
1998,5,October 4,away,New Orleans Saints,https://www.pro-football-reference.com/boxscores/199810040nor.htm,1,,3,13,NOR 33,0,0,Danny Wuerffel pass complete to Aaron Craver for 4 yards (tackle by Chris Carter and Lawyer Milloy),-0.300,-0.910,pass,,Danny Wuerffel,,Aaron Craver,,,,,,,Chris Carter,Lawyer Milloy,,,
1998,5,October 4,away,New Orleans Saints,https://www.pro-football-reference.com/boxscores/199810040nor.htm,1,,4,9,NOR 37,0,0,"Mark Royals punts 39 yards, returned by Troy Brown for 39 yards (tackle by Kendall Gammon)",-0.910,-3.120,punt,,,,,,,Mark Royals,,Troy Brown,,Kendall Gammon,,,,
1998,5,October 4,away,New Orleans Saints,https://www.pro-football-reference.com/boxscores/199810040nor.htm,1,4:46,1,10,NOR 37,0,0,Robert Edwards right end for 1 yard (tackle by La'Roi Glover),3.120,2.710,run,,,Robert Edwards,,,,,,,,La'Roi Glover,,,,
1998,5,October 4,away,New Orleans Saints,https://www.pro-football-reference.com/boxscores/199810040nor.htm,1,,2,9,NOR 36,0,0,Drew Bledsoe pass complete to Tony Carter for 5 yards (tackle by Tyronne Drakeford and Keith Mitchell),2.710,2.680,pass,,Drew Bledsoe,,Tony Carter,,,,,,,Tyronne Drakeford,Keith Mitchell,,,
1998,5,October 4,away,New Orleans Saints,https://www.pro-football-reference.com/boxscores/199810040nor.htm,1,,3,4,NOR 31,0,0,Drew Bledsoe pass complete to Ben Coates for 10 yards (tackle by Don Davis and Mark Fields),2.680,4.170,pass,,Drew Bledsoe,,Ben Coates,,,,,,,Don Davis,Mark Fields,,,
1998,5,October 4,away,New Orleans Saints,https://www.pro-football-reference.com/boxscores/199810040nor.htm,1,,1,10,NOR 21,0,0,Robert Edwards right tackle for 4 yards (tackle by Joe Johnson),4.170,4.200,run,,,Robert Edwards,,,,,,,,Joe Johnson,,,,
1998,5,October 4,away,New Orleans Saints,https://www.pro-football-reference.com/boxscores/199810040nor.htm,1,,2,6,NOR 17,0,0,Robert Edwards right guard for 4 yards (tackle by Chad Cota),4.200,4.240,run,,,Robert Edwards,,,,,,,,Chad Cota,,,,
1998,5,October 4,away,New Orleans Saints,https://www.pro-football-reference.com/boxscores/199810040nor.htm,1,,3,2,NOR 13,0,0,Drew Bledsoe sacked by Joe Johnson for 3 yards,4.240,2.430,pass,,Drew Bledsoe,,,,Joe Johnson,,,,,,,,,
1998,5,October 4,away,New Orleans Saints,https://www.pro-football-reference.com/boxscores/199810040nor.htm,1,,4,5,NOR 16,3,0,Adam Vinatieri 34 yard field goal good,2.430,3.000,field_goal,,,,,,,,Adam Vinatieri,,,,,,,
1998,5,October 4,away,New Orleans Saints,https://www.pro-football-reference.com/boxscores/199810040nor.htm,1,1:21,,,NWE 30,3,0,"Adam Vinatieri kicks off 69 yards, returned by Qadry Ismail for 27 yards (tackle by Steve Lofton)",0.000,-0.810,kickoff,,,,,,,,Adam Vinatieri,Qadry Ismail,,Steve Lofton,,,,
1998,5,October 4,away,New Orleans Saints,https://www.pro-football-reference.com/boxscores/199810040nor.htm,1,,1,10,NOR 28,3,0,Ray Zellars left end for 3 yards (tackle by Ted Johnson and Chris Slade),0.810,0.670,run,,,Ray Zellars,,,,,,,,Ted Johnson,Chris Slade,,,
1998,5,October 4,away,New Orleans Saints,https://www.pro-football-reference.com/boxscores/199810040nor.htm,1,,2,7,NOR 31,3,0,Lamar Smith left tackle for 2 yards (tackle by Ted Johnson),0.670,0.230,run,,,Lamar Smith,,,,,,,,Ted Johnson,,,,
1998,5,October 4,away,New Orleans Saints,https://www.pro-football-reference.com/boxscores/199810040nor.htm,1,,3,5,NOR 33,3,0,Danny Wuerffel scrambles middle for 4 yards (tackle by Chris Slade),0.230,-0.910,run,,,Danny Wuerffel,,,,,,,,Chris Slade,,,,
1998,5,October 4,away,New Orleans Saints,https://www.pro-football-reference.com/boxscores/199810040nor.htm,2,15:00,4,1,NOR 37,3,0,"Mark Royals punts 48 yards, returned by Troy Brown for 17 yards (tackle by Rob Kelly)",-0.910,-1.070,punt,,,,,,,Mark Royals,,Troy Brown,,Rob Kelly,,,,
1998,5,October 4,away,New Orleans Saints,https://www.pro-football-reference.com/boxscores/199810040nor.htm,2,14:49,1,10,NWE 32,3,0,Drew Bledsoe pass complete to Terry Glenn for 43 yards,1.070,3.910,pass,,Drew Bledsoe,,Terry Glenn,,,,,,,,,,,
1998,5,October 4,away,New Orleans Saints,https://www.pro-football-reference.com/boxscores/199810040nor.htm,2,,1,10,NOR 25,3,0,Robert Edwards right tackle for 2 yards (tackle by Alex Molden),3.910,3.630,run,,,Robert Edwards,,,,,,,,Alex Molden,,,,
1998,5,October 4,away,New Orleans Saints,https://www.pro-football-reference.com/boxscores/199810040nor.htm,2,,2,8,NOR 23,3,6,Drew Bledsoe sacked by Ink Aleaga. Drew Bledsoe fumbles (forced by Ink Aleaga and Keith Mitchell for 14 yards,3.630,-7.000,pass,,Drew Bledsoe,,,,Ink Aleaga. Drew Bledsoe,,,,,,,,,
1998,5,October 4,away,New Orleans Saints,https://www.pro-football-reference.com/boxscores/199810040nor.htm,2,13:29,,,,3,7,Doug Brien kicks extra point good,0.000,0.000,extra_point,,,,,,,,Doug Brien,,,,,,,
1998,5,October 4,away,New Orleans Saints,https://www.pro-football-reference.com/boxscores/199810040nor.htm,2,,,,NOR 30,3,7,"Doug Brien kicks off 56 yards, returned by Chris Canty for 8 yards (tackle by Earl Little)",0.000,-0.410,kickoff,,,,,,,,Doug Brien,Chris Canty,,Earl Little,,,,
1998,5,October 4,away,New Orleans Saints,https://www.pro-football-reference.com/boxscores/199810040nor.htm,2,,1,10,NWE 22,3,7,Drew Bledsoe pass complete to Ben Coates for 11 yards (tackle by Ink Aleaga and Keith Mitchell),0.410,1.140,pass,,Drew Bledsoe,,Ben Coates,,,,,,,Ink Aleaga,Keith Mitchell,,,
1998,5,October 4,away,New Orleans Saints,https://www.pro-football-reference.com/boxscores/199810040nor.htm,2,,1,10,NWE 33,3,7,Tony Carter middle for 3 yards (tackle by Ink Aleaga and Troy Wilson),1.140,1.000,run,,,Tony Carter,,,,,,,,Ink Aleaga,Troy Wilson,,,
1998,5,October 4,away,New Orleans Saints,https://www.pro-football-reference.com/boxscores/199810040nor.htm,2,,2,7,NWE 36,3,7,Robert Edwards left tackle for 14 yards (tackle by Rob Kelly),1.000,2.260,run,,,Robert Edwards,,,,,,,,Rob Kelly,,,,
1998,5,October 4,away,New Orleans Saints,https://www.pro-football-reference.com/boxscores/199810040nor.htm,2,,1,10,NOR 50,3,7,Robert Edwards left tackle for 3 yards (tackle by Rob Kelly),2.260,2.120,run,,,Robert Edwards,,,,,,,,Rob Kelly,,,,
1998,5,October 4,away,New Orleans Saints,https://www.pro-football-reference.com/boxscores/199810040nor.htm,2,,2,7,NOR 47,3,7,Drew Bledsoe pass is intercepted by La'Roi Glover at NO46 and returned for no gain,2.120,-1.990,pass,,Drew Bledsoe,,,La'Roi Glover,,,,,,,,,,
1998,5,October 4,away,New Orleans Saints,https://www.pro-football-reference.com/boxscores/199810040nor.htm,2,10:46,1,10,NOR 46,3,7,Lamar Smith right end for -3 yards (tackle by Henry Thomas),1.990,1.050,run,,,Lamar Smith,,,,,,,,Henry Thomas,,,,
1998,5,October 4,away,New Orleans Saints,https://www.pro-football-reference.com/boxscores/199810040nor.htm,2,,2,13,NOR 43,3,7,Danny Wuerffel sacked by Ted Johnson for 5 yards,1.050,-0.300,pass,,Danny Wuerffel,,,,Ted Johnson,,,,,,,,,
1998,5,October 4,away,New Orleans Saints,https://www.pro-football-reference.com/boxscores/199810040nor.htm,2,,3,18,NOR 38,3,7,Danny Wuerffel pass intended for Sean Dawkins is intercepted by Ty Law at NE16 and returned for no gain,-0.300,0.140,pass,,Danny Wuerffel,,Sean Dawkins,Ty Law,,,,,,,,,,
1998,5,October 4,away,New Orleans Saints,https://www.pro-football-reference.com/boxscores/199810040nor.htm,2,9:28,1,10,NWE 16,3,7,Drew Bledsoe pass incomplete intended for Terry Glenn,-0.140,-0.660,pass,,Drew Bledsoe,,Terry Glenn,,,,,,,,,,,
1998,5,October 4,away,New Orleans Saints,https://www.pro-football-reference.com/boxscores/199810040nor.htm,2,,2,10,NWE 16,3,7,Robert Edwards middle for 3 yards (tackle by Mark Fields and La'Roi Glover),-0.660,-0.950,run,,,Robert Edwards,,,,,,,,Mark Fields,La'Roi Glover,,,
1998,5,October 4,away,New Orleans Saints,https://www.pro-football-reference.com/boxscores/199810040nor.htm,2,,3,7,NWE 19,3,7,Drew Bledsoe pass complete to Derrick Cullors for 43 yards (tackle by Chris Hewitt),-0.950,3.050,pass,,Drew Bledsoe,,Derrick Cullors,,,,,,,Chris Hewitt,,,,
1998,5,October 4,away,New Orleans Saints,https://www.pro-football-reference.com/boxscores/199810040nor.htm,2,,1,10,NOR 38,3,7,Drew Bledsoe pass complete to Terry Glenn for 15 yards (tackle by Chad Cota and Rob Kelly),3.050,4.040,pass,,Drew Bledsoe,,Terry Glenn,,,,,,,Chad Cota,Rob Kelly,,,
1998,5,October 4,away,New Orleans Saints,https://www.pro-football-reference.com/boxscores/199810040nor.htm,2,,1,10,NOR 23,3,7,Robert Edwards left tackle for 4 yards (tackle by Ink Aleaga and Chad Cota),4.040,4.050,run,,,Robert Edwards,,,,,,,,Ink Aleaga,Chad Cota,,,
1998,5,October 4,away,New Orleans Saints,https://www.pro-football-reference.com/boxscores/199810040nor.htm,2,,2,6,NOR 19,3,7,Robert Edwards right end for 8 yards (tackle by Tyronne Drakeford),4.050,4.840,run,,,Robert Edwards,,,,,,,,Tyronne Drakeford,,,,
1998,5,October 4,away,New Orleans Saints,https://www.pro-football-reference.com/boxscores/199810040nor.htm,2,,1,10,NOR 11,3,7,Robert Edwards middle for 5 yards (tackle by Chad Cota and Rob Kelly),4.840,5.080,run,,,Robert Edwards,,,,,,,,Chad Cota,Rob Kelly,,,
1998,5,October 4,away,New Orleans Saints,https://www.pro-football-reference.com/boxscores/199810040nor.htm,2,,2,5,NOR 6,9,7,"Drew Bledsoe pass complete to Vincent Brisby for 6 yards, touchdown",5.080,7.000,pass,,Drew Bledsoe,,Vincent Brisby,,,,,,,,,,,
1998,5,October 4,away,New Orleans Saints,https://www.pro-football-reference.com/boxscores/199810040nor.htm,2,5:25,,,,10,7,Adam Vinatieri kicks extra point good,0.000,0.000,extra_point,,,,,,,,Adam Vinatieri,,,,,,,
1998,5,October 4,away,New Orleans Saints,https://www.pro-football-reference.com/boxscores/199810040nor.htm,2,,,,NWE 30,10,7,"Adam Vinatieri kicks off 73 yards, returned by Qadry Ismail for 18 yards (tackle by Chris Floyd)",0.000,0.220,kickoff,,,,,,,,Adam Vinatieri,Qadry Ismail,,Chris Floyd,,,,
1998,5,October 4,away,New Orleans Saints,https://www.pro-football-reference.com/boxscores/199810040nor.htm,2,,1,10,NOR 15,10,7,Lamar Smith right tackle for -1 yards (tackle by Ted Johnson and Chris Slade),-0.220,-0.820,run,,,Lamar Smith,,,,,,,,Ted Johnson,Chris Slade,,,
1998,5,October 4,away,New Orleans Saints,https://www.pro-football-reference.com/boxscores/199810040nor.htm,2,,2,11,NOR 14,10,7,Danny Wuerffel pass complete to Cam Cleeland for 3 yards (tackle by Chris Slade),-0.820,-1.120,pass,,Danny Wuerffel,,Cam Cleeland,,,,,,,Chris Slade,,,,
1998,5,October 4,away,New Orleans Saints,https://www.pro-football-reference.com/boxscores/199810040nor.htm,2,,3,8,NOR 17,10,7,Danny Wuerffel sacked by Chris Slade and Henry Thomas for 4 yards,-1.120,-2.490,pass,,Danny Wuerffel,,,,Chris Slade,,,,,,,,,
1998,5,October 4,away,New Orleans Saints,https://www.pro-football-reference.com/boxscores/199810040nor.htm,2,,4,12,NOR 13,10,7,Mark Royals punts,-2.490,-3.840,other,,,,,,,,,,,,,,,
1998,5,October 4,away,New Orleans Saints,https://www.pro-football-reference.com/boxscores/199810040nor.htm,2,3:27,1,10,NOR 26,10,7,Drew Bledsoe pass complete to Ben Coates for 18 yards (tackle by Ink Aleaga),3.840,5.370,pass,,Drew Bledsoe,,Ben Coates,,,,,,,Ink Aleaga,,,,
1998,5,October 4,away,New Orleans Saints,https://www.pro-football-reference.com/boxscores/199810040nor.htm,2,,1,8,NOR 8,16,7,"Robert Edwards left guard for 8 yards, touchdown",5.370,7.000,run,,,Robert Edwards,,,,,,,,,,,,
1998,5,October 4,away,New Orleans Saints,https://www.pro-football-reference.com/boxscores/199810040nor.htm,2,2:41,,,,17,7,Adam Vinatieri kicks extra point good,0.000,0.000,extra_point,,,,,,,,Adam Vinatieri,,,,,,,
1998,5,October 4,away,New Orleans Saints,https://www.pro-football-reference.com/boxscores/199810040nor.htm,2,,,,NWE 30,17,7,"Adam Vinatieri kicks off 77 yards, touchback.",0.000,-0.280,kickoff,,,,,,,,Adam Vinatieri,,,,,,,
1998,5,October 4,away,New Orleans Saints,https://www.pro-football-reference.com/boxscores/199810040nor.htm,2,,1,10,NOR 20,17,7,Danny Wuerffel pass complete to Lamar Smith for 17 yards (tackle by Chris Canty),0.280,1.400,pass,,Danny Wuerffel,,Lamar Smith,,,,,,,Chris Canty,,,,
1998,5,October 4,away,New Orleans Saints,https://www.pro-football-reference.com/boxscores/199810040nor.htm,2,,1,10,NOR 37,17,7,Lamar Smith right guard for 1 yard (tackle by Brandon Mitchell),1.400,0.990,run,,,Lamar Smith,,,,,,,,Brandon Mitchell,,,,
1998,5,October 4,away,New Orleans Saints,https://www.pro-football-reference.com/boxscores/199810040nor.htm,2,2:00,2,9,NOR 38,17,7,Danny Wuerffel pass incomplete intended for Sean Dawkins,0.990,0.300,pass,,Danny Wuerffel,,Sean Dawkins,,,,,,,,,,,
1998,5,October 4,away,New Orleans Saints,https://www.pro-football-reference.com/boxscores/199810040nor.htm,2,,3,9,NOR 38,17,7,"Penalty on Clarence Jones: False Start, 5 yards (accepted)",0.300,-0.360,penalty,,,,,,,,,,,,,,,Clarence Jones
1998,5,October 4,away,New Orleans Saints,https://www.pro-football-reference.com/boxscores/199810040nor.htm,2,,3,14,NOR 33,17,7,Danny Wuerffel pass complete to Lamar Smith for 21 yards (tackle by Tedy Bruschi),-0.360,2.520,pass,,Danny Wuerffel,,Lamar Smith,,,,,,,Tedy Bruschi,,,,
1998,5,October 4,away,New Orleans Saints,https://www.pro-football-reference.com/boxscores/199810040nor.htm,2,1:13,1,10,NWE 46,17,7,Danny Wuerffel pass incomplete intended for Cam Cleeland,2.520,1.980,pass,,Danny Wuerffel,,Cam Cleeland,,,,,,,,,,,
1998,5,October 4,away,New Orleans Saints,https://www.pro-football-reference.com/boxscores/199810040nor.htm,2,1:10,2,10,NWE 46,17,7,Danny Wuerffel pass complete to Andre Hastings for 13 yards (tackle by Lawyer Milloy),1.980,3.380,pass,,Danny Wuerffel,,Andre Hastings,,,,,,,Lawyer Milloy,,,,
1998,5,October 4,away,New Orleans Saints,https://www.pro-football-reference.com/boxscores/199810040nor.htm,2,0:41,1,10,NWE 33,17,7,Danny Wuerffel scrambles middle for 9 yards (tackle by Willie Clay),3.380,4.050,run,,,Danny Wuerffel,,,,,,,,Willie Clay,,,,
1998,5,October 4,away,New Orleans Saints,https://www.pro-football-reference.com/boxscores/199810040nor.htm,2,0:32,2,1,NWE 24,17,7,Danny Wuerffel pass complete to Andre Hastings for 23 yards (tackle by Ty Law),4.050,6.970,pass,,Danny Wuerffel,,Andre Hastings,,,,,,,Ty Law,,,,
1998,5,October 4,away,New Orleans Saints,https://www.pro-football-reference.com/boxscores/199810040nor.htm,2,0:21,1,1,NWE 1,17,7,Danny Wuerffel middle for no gain (tackle by Chad Eaton),6.970,5.910,run,,,Danny Wuerffel,,,,,,,,Chad Eaton,,,,
1998,5,October 4,away,New Orleans Saints,https://www.pro-football-reference.com/boxscores/199810040nor.htm,2,0:05,2,1,NWE 1,17,7,Danny Wuerffel pass incomplete,5.910,5.170,pass,,Danny Wuerffel,,,,,,,,,,,,,
1998,5,October 4,away,New Orleans Saints,https://www.pro-football-reference.com/boxscores/199810040nor.htm,2,0:03,3,1,NWE 1,17,13,"Danny Wuerffel pass complete to Cam Cleeland for 1 yard, touchdown",5.170,7.000,pass,,Danny Wuerffel,,Cam Cleeland,,,,,,,,,,,
1998,5,October 4,away,New Orleans Saints,https://www.pro-football-reference.com/boxscores/199810040nor.htm,2,0:00,,,,17,14,Doug Brien kicks extra point good,0.000,0.000,extra_point,,,,,,,,Doug Brien,,,,,,,
1998,5,October 4,away,New Orleans Saints,https://www.pro-football-reference.com/boxscores/199810040nor.htm,3,15:00,,,NWE 30,17,14,"Adam Vinatieri kicks off 69 yards, returned by Qadry Ismail for 16 yards (tackle by Steve Lofton)",0.000,0.060,kickoff,,,,,,,,Adam Vinatieri,Qadry Ismail,,Steve Lofton,,,,
1998,5,October 4,away,New Orleans Saints,https://www.pro-football-reference.com/boxscores/199810040nor.htm,3,,1,10,NOR 17,17,14,Ray Zellars middle for 1 yard (tackle by Willie McGinest and Henry Thomas),-0.060,-0.420,run,,,Ray Zellars,,,,,,,,Willie McGinest,Henry Thomas,,,
1998,5,October 4,away,New Orleans Saints,https://www.pro-football-reference.com/boxscores/199810040nor.htm,3,,2,9,NOR 18,17,14,Danny Wuerffel pass incomplete intended for Ray Zellars,-0.420,-1.130,pass,,Danny Wuerffel,,Ray Zellars,,,,,,,,,,,
1998,5,October 4,away,New Orleans Saints,https://www.pro-football-reference.com/boxscores/199810040nor.htm,3,,3,9,NOR 18,17,14,Danny Wuerffel pass complete to Cam Cleeland for 12 yards (tackle by Tedy Bruschi and Ty Law),-1.130,0.940,pass,,Danny Wuerffel,,Cam Cleeland,,,,,,,Tedy Bruschi,Ty Law,,,
1998,5,October 4,away,New Orleans Saints,https://www.pro-football-reference.com/boxscores/199810040nor.htm,3,,1,10,NOR 30,17,14,Danny Wuerffel pass incomplete intended for Sean Dawkins,0.940,0.390,pass,,Danny Wuerffel,,Sean Dawkins,,,,,,,,,,,
1998,5,October 4,away,New Orleans Saints,https://www.pro-football-reference.com/boxscores/199810040nor.htm,3,,2,10,NOR 30,23,14,"Danny Wuerffel pass intended for Lamar Smith is intercepted by Henry Thomas at NO24 and returned for 24 yards, touchdown",0.390,-7.000,pass,,Danny Wuerffel,,Lamar Smith,Henry Thomas,,,,,,,,,,
1998,5,October 4,away,New Orleans Saints,https://www.pro-football-reference.com/boxscores/199810040nor.htm,3,13:19,,,,24,14,Adam Vinatieri kicks extra point good,0.000,0.000,extra_point,,,,,,,,Adam Vinatieri,,,,,,,
1998,5,October 4,away,New Orleans Saints,https://www.pro-football-reference.com/boxscores/199810040nor.htm,3,,,,NWE 30,24,14,"Adam Vinatieri kicks off 62 yards, returned by Qadry Ismail for 26 yards (tackle by Chris Carter)",0.000,-1.200,kickoff,,,,,,,,Adam Vinatieri,Qadry Ismail,,Chris Carter,,,,
1998,5,October 4,away,New Orleans Saints,https://www.pro-football-reference.com/boxscores/199810040nor.htm,3,,1,10,NOR 34,24,14,Danny Wuerffel pass incomplete,1.200,0.660,pass,,Danny Wuerffel,,,,,,,,,,,,,
1998,5,October 4,away,New Orleans Saints,https://www.pro-football-reference.com/boxscores/199810040nor.htm,3,,2,10,NOR 34,24,14,Danny Wuerffel pass complete to Cam Cleeland for 12 yards (tackle by Lawyer Milloy),0.660,1.990,pass,,Danny Wuerffel,,Cam Cleeland,,,,,,,Lawyer Milloy,,,,
1998,5,October 4,away,New Orleans Saints,https://www.pro-football-reference.com/boxscores/199810040nor.htm,3,,1,10,NOR 46,24,14,Lamar Smith middle for -1 yards (tackle by Chad Eaton and Chris Sullivan),1.990,1.320,run,,,Lamar Smith,,,,,,,,Chad Eaton,Chris Sullivan,,,
1998,5,October 4,away,New Orleans Saints,https://www.pro-football-reference.com/boxscores/199810040nor.htm,3,,2,11,NOR 45,24,14,"Penalty on NOR: Illegal Substitution, 5 yards (accepted)",1.320,0.640,penalty,,,,,,,,,,,,,,,
1998,5,October 4,away,New Orleans Saints,https://www.pro-football-reference.com/boxscores/199810040nor.htm,3,,2,16,NOR 40,24,14,Danny Wuerffel pass complete to Brett Bech for 32 yards (tackle by Willie Clay),0.640,3.710,pass,,Danny Wuerffel,,Brett Bech,,,,,,,Willie Clay,,,,
1998,5,October 4,away,New Orleans Saints,https://www.pro-football-reference.com/boxscores/199810040nor.htm,3,,1,10,NWE 28,24,14,Danny Wuerffel pass incomplete intended for Tony Johnson,3.710,3.170,pass,,Danny Wuerffel,,Tony Johnson,,,,,,,,,,,
1998,5,October 4,away,New Orleans Saints,https://www.pro-football-reference.com/boxscores/199810040nor.htm,3,,2,10,NWE 28,24,14,Danny Wuerffel pass complete to Sean Dawkins for 11 yards (tackle by Tedy Bruschi),3.170,4.440,pass,,Danny Wuerffel,,Sean Dawkins,,,,,,,Tedy Bruschi,,,,
1998,5,October 4,away,New Orleans Saints,https://www.pro-football-reference.com/boxscores/199810040nor.htm,3,,1,10,NWE 17,24,14,Lamar Smith middle for 11 yards (tackle by Lawyer Milloy),4.440,5.830,run,,,Lamar Smith,,,,,,,,Lawyer Milloy,,,,
1998,5,October 4,away,New Orleans Saints,https://www.pro-football-reference.com/boxscores/199810040nor.htm,3,,1,6,NWE 6,24,14,Lamar Smith middle for 3 yards (tackle by Ted Johnson),5.830,5.530,run,,,Lamar Smith,,,,,,,,Ted Johnson,,,,
1998,5,October 4,away,New Orleans Saints,https://www.pro-football-reference.com/boxscores/199810040nor.htm,3,,2,3,NWE 3,24,14,Danny Wuerffel pass incomplete intended for Sean Dawkins,5.530,4.720,pass,,Danny Wuerffel,,Sean Dawkins,,,,,,,,,,,
1998,5,October 4,away,New Orleans Saints,https://www.pro-football-reference.com/boxscores/199810040nor.htm,3,,3,3,NWE 3,24,14,Danny Wuerffel pass incomplete intended for Sean Dawkins,4.720,3.040,pass,,Danny Wuerffel,,Sean Dawkins,,,,,,,,,,,
1998,5,October 4,away,New Orleans Saints,https://www.pro-football-reference.com/boxscores/199810040nor.htm,3,,4,3,NWE 3,24,17,Doug Brien 21 yard field goal good,3.040,3.000,field_goal,,,,,,,,Doug Brien,,,,,,,
1998,5,October 4,away,New Orleans Saints,https://www.pro-football-reference.com/boxscores/199810040nor.htm,3,8:26,,,NOR 30,24,17,"Doug Brien kicks off 69 yards, returned by Chris Canty for 19 yards (tackle by Chris Bordano)",0.000,-0.280,kickoff,,,,,,,,Doug Brien,Chris Canty,,Chris Bordano,,,,
1998,5,October 4,away,New Orleans Saints,https://www.pro-football-reference.com/boxscores/199810040nor.htm,3,,1,10,NWE 20,24,17,Robert Edwards left guard for 5 yards (tackle by Joe Johnson and Wayne Martin),0.280,0.410,run,,,Robert Edwards,,,,,,,,Joe Johnson,Wayne Martin,,,
1998,5,October 4,away,New Orleans Saints,https://www.pro-football-reference.com/boxscores/199810040nor.htm,3,,2,5,NWE 25,24,17,Robert Edwards right guard for 2 yards (tackle by Wayne Martin and Alex Molden),0.410,-0.030,run,,,Robert Edwards,,,,,,,,Wayne Martin,Alex Molden,,,
1998,5,October 4,away,New Orleans Saints,https://www.pro-football-reference.com/boxscores/199810040nor.htm,3,,3,3,NWE 27,24,17,Drew Bledsoe pass complete to Ben Coates for 5 yards (tackle by Mark Fields),-0.030,1.070,pass,,Drew Bledsoe,,Ben Coates,,,,,,,Mark Fields,,,,
1998,5,October 4,away,New Orleans Saints,https://www.pro-football-reference.com/boxscores/199810040nor.htm,3,,1,10,NWE 32,24,17,Drew Bledsoe pass complete to Terry Glenn for 35 yards (tackle by Chad Cota),1.070,3.380,pass,,Drew Bledsoe,,Terry Glenn,,,,,,,Chad Cota,,,,
1998,5,October 4,away,New Orleans Saints,https://www.pro-football-reference.com/boxscores/199810040nor.htm,3,,1,10,NOR 33,24,17,Robert Edwards left end for 1 yard (tackle by Tyronne Drakeford and Keith Mitchell),3.380,2.970,run,,,Robert Edwards,,,,,,,,Tyronne Drakeford,Keith Mitchell,,,
1998,5,October 4,away,New Orleans Saints,https://www.pro-football-reference.com/boxscores/199810040nor.htm,3,,2,9,NOR 32,24,17,Drew Bledsoe pass incomplete intended for Tony Carter,2.970,2.280,pass,,Drew Bledsoe,,Tony Carter,,,,,,,,,,,
1998,5,October 4,away,New Orleans Saints,https://www.pro-football-reference.com/boxscores/199810040nor.htm,3,,3,9,NOR 32,24,17,Drew Bledsoe pass incomplete intended for Vincent Brisby,2.280,1.240,pass,,Drew Bledsoe,,Vincent Brisby,,,,,,,,,,,
1998,5,October 4,away,New Orleans Saints,https://www.pro-football-reference.com/boxscores/199810040nor.htm,3,,4,9,NOR 32,27,17,Adam Vinatieri 49 yard field goal good,1.240,3.000,field_goal,,,,,,,,Adam Vinatieri,,,,,,,
1998,5,October 4,away,New Orleans Saints,https://www.pro-football-reference.com/boxscores/199810040nor.htm,3,4:44,,,NWE 30,27,17,"Adam Vinatieri kicks off 68 yards, returned by Qadry Ismail for 18 yards (tackle by Tebucky Jones). Penalty on Brady Smith: Offensive Holding, 10 yards (accepted)",0.000,0.380,kickoff,,,,,,,,Adam Vinatieri,Qadry Ismail,,Tebucky Jones,,,,
1998,5,October 4,away,New Orleans Saints,https://www.pro-football-reference.com/boxscores/199810040nor.htm,3,,1,10,NOR 10,27,17,Danny Wuerffel pass incomplete,-0.380,-0.780,pass,,Danny Wuerffel,,,,,,,,,,,,,
1998,5,October 4,away,New Orleans Saints,https://www.pro-football-reference.com/boxscores/199810040nor.htm,3,,2,10,NOR 10,27,17,Danny Wuerffel pass complete to Andre Hastings for 6 yards (tackle by Chris Canty),-0.780,-0.720,pass,,Danny Wuerffel,,Andre Hastings,,,,,,,Chris Canty,,,,
1998,5,October 4,away,New Orleans Saints,https://www.pro-football-reference.com/boxscores/199810040nor.htm,3,,3,4,NOR 16,27,17,Danny Wuerffel pass complete to Keith Poole for 9 yards (tackle by Chris Carter and Lawyer Milloy),-0.720,0.610,pass,,Danny Wuerffel,,Keith Poole,,,,,,,Chris Carter,Lawyer Milloy,,,
1998,5,October 4,away,New Orleans Saints,https://www.pro-football-reference.com/boxscores/199810040nor.htm,3,,1,10,NOR 25,27,17,Lamar Smith left tackle for no gain (tackle by Chris Canty and Chris Slade),0.610,0.060,run,,,Lamar Smith,,,,,,,,Chris Canty,Chris Slade,,,
1998,5,October 4,away,New Orleans Saints,https://www.pro-football-reference.com/boxscores/199810040nor.htm,3,,2,10,NOR 25,27,17,Danny Wuerffel sacked by Ted Johnson and Chris Slade for 8 yards,0.060,-1.930,pass,,Danny Wuerffel,,,,Ted Johnson,,,,,,,,,
1998,5,October 4,away,New Orleans Saints,https://www.pro-football-reference.com/boxscores/199810040nor.htm,3,,3,18,NOR 17,27,17,Danny Wuerffel pass incomplete intended for Keith Poole,-1.930,-2.320,pass,,Danny Wuerffel,,Keith Poole,,,,,,,,,,,
1998,5,October 4,away,New Orleans Saints,https://www.pro-football-reference.com/boxscores/199810040nor.htm,3,,4,18,NOR 17,27,17,"Mark Royals punts 45 yards, returned by Troy Brown for 10 yards (tackle by Chris Hewitt)",-2.320,-2.130,punt,,,,,,,Mark Royals,,Troy Brown,,Chris Hewitt,,,,
1998,5,October 4,away,New Orleans Saints,https://www.pro-football-reference.com/boxscores/199810040nor.htm,3,1:35,1,10,NWE 48,27,17,Drew Bledsoe pass complete to Tony Carter for 4 yards (tackle by Chad Cota),2.130,2.120,pass,,Drew Bledsoe,,Tony Carter,,,,,,,Chad Cota,,,,
1998,5,October 4,away,New Orleans Saints,https://www.pro-football-reference.com/boxscores/199810040nor.htm,3,,2,6,NOR 48,27,17,Drew Bledsoe pass incomplete intended for Terry Glenn,2.120,1.420,pass,,Drew Bledsoe,,Terry Glenn,,,,,,,,,,,
1998,5,October 4,away,New Orleans Saints,https://www.pro-football-reference.com/boxscores/199810040nor.htm,3,,3,6,NOR 48,27,17,Drew Bledsoe pass incomplete intended for Vincent Brisby,1.420,0.070,pass,,Drew Bledsoe,,Vincent Brisby,,,,,,,,,,,
1998,5,October 4,away,New Orleans Saints,https://www.pro-football-reference.com/boxscores/199810040nor.htm,3,,4,6,NOR 48,27,17,Tom Tupa punts 46 yards,0.070,0.380,punt,,,,,,,Tom Tupa,,,,,,,,
1998,5,October 4,away,New Orleans Saints,https://www.pro-football-reference.com/boxscores/199810040nor.htm,3,0:36,1,10,NOR 2,27,17,Lamar Smith middle for -1 yards (tackle by Ted Johnson and Brandon Mitchell),-0.380,-0.850,run,,,Lamar Smith,,,,,,,,Ted Johnson,Brandon Mitchell,,,
1998,5,October 4,away,New Orleans Saints,https://www.pro-football-reference.com/boxscores/199810040nor.htm,4,15:00,2,11,NOR 1,27,17,Danny Wuerffel pass complete to Cam Cleeland for 10 yards (tackle by Chris Canty),-0.850,-0.370,pass,,Danny Wuerffel,,Cam Cleeland,,,,,,,Chris Canty,,,,
1998,5,October 4,away,New Orleans Saints,https://www.pro-football-reference.com/boxscores/199810040nor.htm,4,,3,1,NOR 11,27,17,Lamar Smith left end for -2 yards (tackle by Willie Clay and Mark Wheeler),-0.370,-2.490,run,,,Lamar Smith,,,,,,,,Willie Clay,Mark Wheeler,,,
1998,5,October 4,away,New Orleans Saints,https://www.pro-football-reference.com/boxscores/199810040nor.htm,4,,4,3,NOR 9,27,17,"Mark Royals punts 51 yards, returned by Troy Brown for 38 yards (tackle by Chris Hewitt)",-2.490,-4.110,punt,,,,,,,Mark Royals,,Troy Brown,,Chris Hewitt,,,,
1998,5,October 4,away,New Orleans Saints,https://www.pro-football-reference.com/boxscores/199810040nor.htm,4,13:44,1,10,NOR 22,27,17,Robert Edwards right end for 2 yards (tackle by Ink Aleaga and Chad Cota),4.110,3.830,run,,,Robert Edwards,,,,,,,,Ink Aleaga,Chad Cota,,,
1998,5,October 4,away,New Orleans Saints,https://www.pro-football-reference.com/boxscores/199810040nor.htm,4,,2,8,NOR 20,27,17,Drew Bledsoe pass intended for Ben Coates is intercepted by Tyronne Drakeford at NO5 and returned for 20 yards,3.830,-0.610,pass,,Drew Bledsoe,,Ben Coates,Tyronne Drakeford,,,,,,,,,,
1998,5,October 4,away,New Orleans Saints,https://www.pro-football-reference.com/boxscores/199810040nor.htm,4,12:51,1,10,NOR 25,27,17,"Danny Wuerffel pass complete to Aaron Craver for 1 yard (tackle by Ty Law). Penalty on Chris Slade: Defensive Holding, 5 yards (accepted) (no play)",0.610,0.940,no_play,,,,,,,,,,,Ty Law,,,,
1998,5,October 4,away,New Orleans Saints,https://www.pro-football-reference.com/boxscores/199810040nor.htm,4,,1,10,NOR 30,27,17,Danny Wuerffel pass incomplete intended for Andre Hastings,0.940,0.390,pass,,Danny Wuerffel,,Andre Hastings,,,,,,,,,,,
1998,5,October 4,away,New Orleans Saints,https://www.pro-football-reference.com/boxscores/199810040nor.htm,4,,2,10,NOR 30,27,17,Danny Wuerffel pass complete to Cam Cleeland for 15 yards (tackle by Lawyer Milloy and Chris Slade),0.390,1.930,pass,,Danny Wuerffel,,Cam Cleeland,,,,,,,Lawyer Milloy,Chris Slade,,,
1998,5,October 4,away,New Orleans Saints,https://www.pro-football-reference.com/boxscores/199810040nor.htm,4,,1,10,NOR 45,27,17,"Danny Wuerffel pass incomplete intended for Lamar Smith. Penalty on Cam Cleeland: Offensive Pass Interference, 10 yards (accepted) (no play)",1.930,1.270,no_play,,,,,,,,,,,,,,,
1998,5,October 4,away,New Orleans Saints,https://www.pro-football-reference.com/boxscores/199810040nor.htm,4,,1,20,NOR 35,27,17,Danny Wuerffel pass complete to Troy Davis for 19 yards (tackle by Lawyer Milloy),1.270,2.600,pass,,Danny Wuerffel,,Troy Davis,,,,,,,Lawyer Milloy,,,,
1998,5,October 4,away,New Orleans Saints,https://www.pro-football-reference.com/boxscores/199810040nor.htm,4,,2,1,NWE 46,27,17,Danny Wuerffel pass incomplete intended for Cam Cleeland,2.600,1.880,pass,,Danny Wuerffel,,Cam Cleeland,,,,,,,,,,,
1998,5,October 4,away,New Orleans Saints,https://www.pro-football-reference.com/boxscores/199810040nor.htm,4,,3,1,NWE 46,27,17,Danny Wuerffel pass complete to Andre Hastings for 4 yards (tackle by Ty Law),1.880,2.790,pass,,Danny Wuerffel,,Andre Hastings,,,,,,,Ty Law,,,,
1998,5,October 4,away,New Orleans Saints,https://www.pro-football-reference.com/boxscores/199810040nor.htm,4,,1,10,NWE 42,27,17,Danny Wuerffel pass incomplete intended for Andre Hastings,2.790,2.240,pass,,Danny Wuerffel,,Andre Hastings,,,,,,,,,,,
1998,5,October 4,away,New Orleans Saints,https://www.pro-football-reference.com/boxscores/199810040nor.htm,4,,2,10,NWE 42,27,17,Danny Wuerffel pass incomplete intended for Cam Cleeland,2.240,1.550,pass,,Danny Wuerffel,,Cam Cleeland,,,,,,,,,,,
1998,5,October 4,away,New Orleans Saints,https://www.pro-football-reference.com/boxscores/199810040nor.htm,4,,3,10,NWE 42,27,17,Danny Wuerffel pass complete to Andre Hastings for 22 yards (tackle by Lawyer Milloy),1.550,4.240,pass,,Danny Wuerffel,,Andre Hastings,,,,,,,Lawyer Milloy,,,,
1998,5,October 4,away,New Orleans Saints,https://www.pro-football-reference.com/boxscores/199810040nor.htm,4,,1,10,NWE 20,27,17,Danny Wuerffel pass incomplete intended for Andre Hastings,4.240,3.690,pass,,Danny Wuerffel,,Andre Hastings,,,,,,,,,,,
1998,5,October 4,away,New Orleans Saints,https://www.pro-football-reference.com/boxscores/199810040nor.htm,4,,2,10,NWE 20,27,17,Danny Wuerffel sacked by Tedy Bruschi for 7 yards,3.690,2.080,pass,,Danny Wuerffel,,,,Tedy Bruschi,,,,,,,,,
1998,5,October 4,away,New Orleans Saints,https://www.pro-football-reference.com/boxscores/199810040nor.htm,4,,3,17,NWE 27,27,17,Danny Wuerffel pass complete to Brett Bech for 20 yards (tackle by Willie Clay),2.080,5.600,pass,,Danny Wuerffel,,Brett Bech,,,,,,,Willie Clay,,,,
1998,5,October 4,away,New Orleans Saints,https://www.pro-football-reference.com/boxscores/199810040nor.htm,4,,1,7,NWE 7,27,17,Danny Wuerffel pass incomplete intended for Cam Cleeland,5.600,4.760,pass,,Danny Wuerffel,,Cam Cleeland,,,,,,,,,,,
1998,5,October 4,away,New Orleans Saints,https://www.pro-football-reference.com/boxscores/199810040nor.htm,4,,2,7,NWE 7,27,23,"Danny Wuerffel pass complete to Lamar Smith for 7 yards, touchdown",4.760,7.000,pass,,Danny Wuerffel,,Lamar Smith,,,,,,,,,,,
1998,5,October 4,away,New Orleans Saints,https://www.pro-football-reference.com/boxscores/199810040nor.htm,4,7:30,,,,27,24,Doug Brien kicks extra point good,0.000,0.000,extra_point,,,,,,,,Doug Brien,,,,,,,
1998,5,October 4,away,New Orleans Saints,https://www.pro-football-reference.com/boxscores/199810040nor.htm,4,,,,NOR 30,27,24,"Doug Brien kicks off 76 yards, touchback.",0.000,-0.280,kickoff,,,,,,,,Doug Brien,,,,,,,
1998,5,October 4,away,New Orleans Saints,https://www.pro-football-reference.com/boxscores/199810040nor.htm,4,,1,10,NWE 20,27,24,Robert Edwards right guard for 1 yard (tackle by Mark Fields),0.280,-0.130,run,,,Robert Edwards,,,,,,,,Mark Fields,,,,
1998,5,October 4,away,New Orleans Saints,https://www.pro-football-reference.com/boxscores/199810040nor.htm,4,,2,9,NWE 21,27,24,Drew Bledsoe pass complete to Robert Edwards for 4 yards (tackle by Tyronne Drakeford),-0.130,-0.300,pass,,Drew Bledsoe,,Robert Edwards,,,,,,,Tyronne Drakeford,,,,
1998,5,October 4,away,New Orleans Saints,https://www.pro-football-reference.com/boxscores/199810040nor.htm,4,,3,5,NWE 25,27,24,Drew Bledsoe sacked by Chris Hewitt for 9 yards,-0.300,-2.390,pass,,Drew Bledsoe,,,,Chris Hewitt,,,,,,,,,
1998,5,October 4,away,New Orleans Saints,https://www.pro-football-reference.com/boxscores/199810040nor.htm,4,,4,14,NWE 16,27,24,"Tom Tupa punts 64 yards, returned by Andre Hastings for 10 yards (tackle by Larry Whigham)",-2.390,-0.940,punt,,,,,,,Tom Tupa,,Andre Hastings,,Larry Whigham,,,,
1998,5,October 4,away,New Orleans Saints,https://www.pro-football-reference.com/boxscores/199810040nor.htm,4,5:32,1,10,NOR 30,27,24,Danny Wuerffel sacked by Chris Canty for 10 yards,0.940,-0.960,pass,,Danny Wuerffel,,,,Chris Canty,,,,,,,,,
1998,5,October 4,away,New Orleans Saints,https://www.pro-football-reference.com/boxscores/199810040nor.htm,4,,2,20,NOR 20,27,24,Danny Wuerffel pass complete to Lamar Smith for -1 yards (tackle by Henry Thomas),-0.960,-1.870,pass,,Danny Wuerffel,,Lamar Smith,,,,,,,Henry Thomas,,,,
1998,5,October 4,away,New Orleans Saints,https://www.pro-football-reference.com/boxscores/199810040nor.htm,4,,3,21,NOR 19,27,24,Danny Wuerffel sacked by Willie McGinest for 4 yards,-1.870,-2.440,pass,,Danny Wuerffel,,,,Willie McGinest,,,,,,,,,
1998,5,October 4,away,New Orleans Saints,https://www.pro-football-reference.com/boxscores/199810040nor.htm,4,,4,25,NOR 15,27,24,"Doug Brien punts 35 yards, returned by Troy Brown for no gain (tackle by Brett Bech)",-2.440,-2.260,punt,,,,,,,Doug Brien,,Troy Brown,,Brett Bech,,,,
1998,5,October 4,away,New Orleans Saints,https://www.pro-football-reference.com/boxscores/199810040nor.htm,4,3:50,1,10,NOR 50,27,24,Robert Edwards right guard for 3 yards (tackle by Chad Cota and Mark Fields),2.260,2.120,run,,,Robert Edwards,,,,,,,,Chad Cota,Mark Fields,,,
1998,5,October 4,away,New Orleans Saints,https://www.pro-football-reference.com/boxscores/199810040nor.htm,4,,2,7,NOR 47,27,24,"Robert Edwards right end for 5 yards (tackle by Ink Aleaga). Penalty on Dave Wohlabaugh: Offensive Holding, 10 yards (accepted) (no play)",2.120,0.770,no_play,,,,,,,,,,,Ink Aleaga,,,,
1998,5,October 4,away,New Orleans Saints,https://www.pro-football-reference.com/boxscores/199810040nor.htm,4,,2,17,NWE 43,27,24,Drew Bledsoe pass incomplete intended for Robert Edwards,0.770,0.100,pass,,Drew Bledsoe,,Robert Edwards,,,,,,,,,,,
1998,5,October 4,away,New Orleans Saints,https://www.pro-football-reference.com/boxscores/199810040nor.htm,4,,3,17,NWE 43,27,24,Drew Bledsoe pass complete to Derrick Cullors for 13 yards (tackle by Rob Kelly and Alex Molden),0.100,0.330,pass,,Drew Bledsoe,,Derrick Cullors,,,,,,,Rob Kelly,Alex Molden,,,
1998,5,October 4,away,New Orleans Saints,https://www.pro-football-reference.com/boxscores/199810040nor.htm,4,,4,4,NOR 44,27,24,"Tom Tupa punts 45 yards, returned by Andre Hastings for 76 yards (tackle by Tom Tupa)",0.330,-3.910,punt,,,,,,,Tom Tupa,,Andre Hastings,,Tom Tupa,,,,
1998,5,October 4,away,New Orleans Saints,https://www.pro-football-reference.com/boxscores/199810040nor.htm,4,2:00,1,10,NWE 25,27,24,Lamar Smith left end for 4 yards (tackle by Todd Collins),3.910,3.900,run,,,Lamar Smith,,,,,,,,Todd Collins,,,,
1998,5,October 4,away,New Orleans Saints,https://www.pro-football-reference.com/boxscores/199810040nor.htm,4,1:52,2,6,NWE 21,27,24,Danny Wuerffel pass incomplete intended for Andre Hastings,3.900,3.200,pass,,Danny Wuerffel,,Andre Hastings,,,,,,,,,,,
1998,5,October 4,away,New Orleans Saints,https://www.pro-football-reference.com/boxscores/199810040nor.htm,4,1:48,3,6,NWE 21,27,24,Danny Wuerffel pass complete to Aaron Craver for 2 yards (tackle by Larry Whigham),3.200,2.260,pass,,Danny Wuerffel,,Aaron Craver,,,,,,,Larry Whigham,,,,
1998,5,October 4,away,New Orleans Saints,https://www.pro-football-reference.com/boxscores/199810040nor.htm,4,1:32,4,4,NWE 19,27,27,Doug Brien 37 yard field goal good,2.260,3.000,field_goal,,,,,,,,Doug Brien,,,,,,,
1998,5,October 4,away,New Orleans Saints,https://www.pro-football-reference.com/boxscores/199810040nor.htm,4,1:29,,,NOR 30,27,27,"Doug Brien kicks off 71 yards, returned by Chris Canty for 21 yards (tackle by Je'Rod Cherry)",0.000,-0.280,kickoff,,,,,,,,Doug Brien,Chris Canty,,Je'Rod Cherry,,,,
1998,5,October 4,away,New Orleans Saints,https://www.pro-football-reference.com/boxscores/199810040nor.htm,4,1:21,1,10,NWE 20,27,27,Drew Bledsoe pass complete to Troy Brown for 9 yards,0.280,0.950,pass,,Drew Bledsoe,,Troy Brown,,,,,,,,,,,
1998,5,October 4,away,New Orleans Saints,https://www.pro-football-reference.com/boxscores/199810040nor.htm,4,1:17,2,1,NWE 29,27,27,Drew Bledsoe pass complete to Troy Brown for 16 yards (tackle by Chad Cota and Joe Johnson),0.950,1.930,pass,,Drew Bledsoe,,Troy Brown,,,,,,,Chad Cota,Joe Johnson,,,
1998,5,October 4,away,New Orleans Saints,https://www.pro-football-reference.com/boxscores/199810040nor.htm,4,1:09,1,10,NWE 45,27,27,Drew Bledsoe pass complete to Ben Coates for 10 yards (tackle by Chad Cota and Don Davis),1.930,2.590,pass,,Drew Bledsoe,,Ben Coates,,,,,,,Chad Cota,Don Davis,,,
1998,5,October 4,away,New Orleans Saints,https://www.pro-football-reference.com/boxscores/199810040nor.htm,4,0:53,1,10,NOR 45,27,27,Drew Bledsoe pass complete to Vincent Brisby for 27 yards (tackle by Chad Cota),2.590,4.370,pass,,Drew Bledsoe,,Vincent Brisby,,,,,,,Chad Cota,,,,
1998,5,October 4,away,New Orleans Saints,https://www.pro-football-reference.com/boxscores/199810040nor.htm,4,0:43,1,10,NOR 18,27,27,Derrick Cullors middle for -2 yards (tackle by Chad Cota and Joe Johnson),4.370,3.560,run,,,Derrick Cullors,,,,,,,,Chad Cota,Joe Johnson,,,
1998,5,October 4,away,New Orleans Saints,https://www.pro-football-reference.com/boxscores/199810040nor.htm,4,0:38,2,12,NOR 20,27,27,"Robert Edwards right guard for 2 yards (tackle by Don Davis and Joe Johnson) Penalty on NOR: Defensive 12 Men On Field, 5 yards (accepted) (no play)",3.560,4.250,no_play,,,,,,,,,,,Don Davis,Joe Johnson,,,
1998,5,October 4,away,New Orleans Saints,https://www.pro-football-reference.com/boxscores/199810040nor.htm,4,0:30,2,7,NOR 15,27,27,Robert Edwards right guard for 6 yards (tackle by Chad Cota and Don Davis),4.250,4.740,run,,,Robert Edwards,,,,,,,,Chad Cota,Don Davis,,,
1998,5,October 4,away,New Orleans Saints,https://www.pro-football-reference.com/boxscores/199810040nor.htm,4,0:13,3,1,NOR 9,27,27,Drew Bledsoe kneels for -1 yards (tackle by Joe Johnson),4.740,2.890,run,,,Drew Bledsoe,,,,,,,,Joe Johnson,,,,
1998,5,October 4,away,New Orleans Saints,https://www.pro-football-reference.com/boxscores/199810040nor.htm,4,0:06,4,2,NOR 10,30,27,Adam Vinatieri 27 yard field goal good,2.890,3.000,field_goal,,,,,,,,Adam Vinatieri,,,,,,,
1998,5,October 4,away,New Orleans Saints,https://www.pro-football-reference.com/boxscores/199810040nor.htm,4,0:03,,,NWE 30,30,27,"Adam Vinatieri kicks off 56 yards, returned by Troy Davis for 2 yards. Penalty on Troy Davis: Illegal Forward Pass (declined)",0.000,0.940,pass,,,,,,,,,,,,,,,
1998,6,October 11,home,Kansas City Chiefs,https://www.pro-football-reference.com/boxscores/199810110nwe.htm,,,,,,,,"Chiefs won the coin toss, Chiefs to receive the opening kickoff.",,,other,,,,,,,,,,,,,,,
1998,6,October 11,home,Kansas City Chiefs,https://www.pro-football-reference.com/boxscores/199810110nwe.htm,1,15:00,,,NWE 30,0,0,"Adam Vinatieri kicks off 61 yards, returned by Tamarick Vanover for 15 yards (tackle by Tedy Bruschi and Derrick Cullors)",0.000,-0.540,kickoff,,,,,,,,Adam Vinatieri,Tamarick Vanover,,Tedy Bruschi,Derrick Cullors,,,
1998,6,October 11,home,Kansas City Chiefs,https://www.pro-football-reference.com/boxscores/199810110nwe.htm,1,,1,10,KAN 24,0,0,Donnell Bennett left guard for 1 yard (tackle by Ted Johnson and Chris Sullivan),0.540,0.130,run,,,Donnell Bennett,,,,,,,,Ted Johnson,Chris Sullivan,,,
1998,6,October 11,home,Kansas City Chiefs,https://www.pro-football-reference.com/boxscores/199810110nwe.htm,1,,2,9,KAN 25,0,0,Elvis Grbac pass complete to Tony Gonzalez for 9 yards,0.130,1.200,pass,,Elvis Grbac,,Tony Gonzalez,,,,,,,,,,,
1998,6,October 11,home,Kansas City Chiefs,https://www.pro-football-reference.com/boxscores/199810110nwe.htm,1,,1,10,KAN 34,0,0,Donnell Bennett right tackle for 1 yard (tackle by Chris Slade and Chris Sullivan),1.200,0.790,run,,,Donnell Bennett,,,,,,,,Chris Slade,Chris Sullivan,,,
1998,6,October 11,home,Kansas City Chiefs,https://www.pro-football-reference.com/boxscores/199810110nwe.htm,1,,2,9,KAN 35,0,0,Elvis Grbac pass complete to Rashaan Shehee for 14 yards (tackle by Ted Johnson),0.790,2.190,pass,,Elvis Grbac,,Rashaan Shehee,,,,,,,Ted Johnson,,,,
1998,6,October 11,home,Kansas City Chiefs,https://www.pro-football-reference.com/boxscores/199810110nwe.htm,1,,1,10,KAN 49,0,0,Kimble Anders right guard for 2 yards (tackle by Ted Johnson),2.190,1.920,run,,,Kimble Anders,,,,,,,,Ted Johnson,,,,
1998,6,October 11,home,Kansas City Chiefs,https://www.pro-football-reference.com/boxscores/199810110nwe.htm,1,,2,8,NWE 49,0,0,Donnell Bennett left guard for 2 yards (tackle by Chad Eaton and Ted Johnson),1.920,1.490,run,,,Donnell Bennett,,,,,,,,Chad Eaton,Ted Johnson,,,
1998,6,October 11,home,Kansas City Chiefs,https://www.pro-football-reference.com/boxscores/199810110nwe.htm,1,,3,6,NWE 47,0,0,"Penalty on Tim Grunhard: False Start, 5 yards (accepted)",1.490,0.830,penalty,,,,,,,,,,,,,,,Tim Grunhard
1998,6,October 11,home,Kansas City Chiefs,https://www.pro-football-reference.com/boxscores/199810110nwe.htm,1,,3,11,KAN 48,0,0,Elvis Grbac pass complete to Andre Rison for 5 yards (tackle by Steve Lofton),0.830,0.130,pass,,Elvis Grbac,,Andre Rison,,,,,,,Steve Lofton,,,,
1998,6,October 11,home,Kansas City Chiefs,https://www.pro-football-reference.com/boxscores/199810110nwe.htm,1,,4,6,NWE 47,0,0,"Louie Aguiar punts 47 yards, touchback.",0.130,-0.280,punt,,,,,,,Louie Aguiar,,,,,,,,
1998,6,October 11,home,Kansas City Chiefs,https://www.pro-football-reference.com/boxscores/199810110nwe.htm,1,10:10,1,10,NWE 20,0,0,Robert Edwards left tackle for 8 yards (tackle by Mark McMillian),0.280,0.810,run,,,Robert Edwards,,,,,,,,Mark McMillian,,,,
1998,6,October 11,home,Kansas City Chiefs,https://www.pro-football-reference.com/boxscores/199810110nwe.htm,1,,2,2,NWE 28,0,0,Robert Edwards middle for no gain (tackle by Tom Barndt and Anthony Davis),0.810,0.100,run,,,Robert Edwards,,,,,,,,Tom Barndt,Anthony Davis,,,
1998,6,October 11,home,Kansas City Chiefs,https://www.pro-football-reference.com/boxscores/199810110nwe.htm,1,,3,2,NWE 28,0,0,Drew Bledsoe pass incomplete intended for Ben Coates,0.100,-1.500,pass,,Drew Bledsoe,,Ben Coates,,,,,,,,,,,
1998,6,October 11,home,Kansas City Chiefs,https://www.pro-football-reference.com/boxscores/199810110nwe.htm,1,,4,2,NWE 28,0,0,"Tom Tupa punts 43 yards, returned by Tamarick Vanover for -1 yards (tackle by Tebucky Jones)",-1.500,-0.810,punt,,,,,,,Tom Tupa,,Tamarick Vanover,,Tebucky Jones,,,,
1998,6,October 11,home,Kansas City Chiefs,https://www.pro-football-reference.com/boxscores/199810110nwe.htm,1,8:49,1,10,KAN 28,0,0,"Elvis Grbac pass complete to Donnell Bennett for 12 yards. Donnell Bennett fumbles (forced by Chris Slade), recovered by Henry Thomas at KC40",0.810,-2.920,pass,,Elvis Grbac,,Donnell Bennett,,,,,,,,,Chris Slade,Henry Thomas,
1998,6,October 11,home,Kansas City Chiefs,https://www.pro-football-reference.com/boxscores/199810110nwe.htm,1,8:40,1,10,KAN 40,0,0,Drew Bledsoe pass complete to Robert Edwards for 8 yards (tackle by Donnie Edwards and Jerome Woods),2.920,3.450,pass,,Drew Bledsoe,,Robert Edwards,,,,,,,Donnie Edwards,Jerome Woods,,,
1998,6,October 11,home,Kansas City Chiefs,https://www.pro-football-reference.com/boxscores/199810110nwe.htm,1,,2,2,KAN 32,0,0,Robert Edwards middle for 2 yards (tackle by Tom Barndt and Anthony Davis),3.450,3.580,run,,,Robert Edwards,,,,,,,,Tom Barndt,Anthony Davis,,,
1998,6,October 11,home,Kansas City Chiefs,https://www.pro-football-reference.com/boxscores/199810110nwe.htm,1,,1,10,KAN 30,0,0,"Drew Bledsoe pass complete to Ben Coates for 4 yards. Penalty on Dale Carter: Defensive Holding, 5 yards (accepted) (tackle by Donnie Edwards) (no play)",3.580,3.910,no_play,,,,,,,,,,,Donnie Edwards,,,,
1998,6,October 11,home,Kansas City Chiefs,https://www.pro-football-reference.com/boxscores/199810110nwe.htm,1,,1,10,KAN 25,0,0,"Robert Edwards right end for 2 yards. Penalty on Dave Wohlabaugh: Offensive Holding, 10 yards (accepted) (tackle by Derrick Thomas) (no play)",3.910,3.250,no_play,,,,,,,,,,,Derrick Thomas,,,,
1998,6,October 11,home,Kansas City Chiefs,https://www.pro-football-reference.com/boxscores/199810110nwe.htm,1,,1,20,KAN 35,0,0,Drew Bledsoe pass complete to Terry Glenn for 12 yards,3.250,3.630,pass,,Drew Bledsoe,,Terry Glenn,,,,,,,,,,,
1998,6,October 11,home,Kansas City Chiefs,https://www.pro-football-reference.com/boxscores/199810110nwe.htm,1,,2,8,KAN 23,0,0,Drew Bledsoe pass complete to Tony Carter for 14 yards,3.630,5.140,pass,,Drew Bledsoe,,Tony Carter,,,,,,,,,,,
1998,6,October 11,home,Kansas City Chiefs,https://www.pro-football-reference.com/boxscores/199810110nwe.htm,1,,1,9,KAN 9,0,0,Robert Edwards left guard for 4 yards (tackle by Leslie O'Neal and Reggie Tongue),5.140,5.150,run,,,Robert Edwards,,,,,,,,Leslie O'Neal,Reggie Tongue,,,
1998,6,October 11,home,Kansas City Chiefs,https://www.pro-football-reference.com/boxscores/199810110nwe.htm,1,,2,5,KAN 5,0,0,"Drew Bledsoe pass incomplete intended for Ben Coates. Penalty on Donnie Edwards: Defensive Pass Interference, 4 yards (accepted) (no play)",5.150,0.000,no_play,,,,,,,,,,,,,,,
1998,6,October 11,home,Kansas City Chiefs,https://www.pro-football-reference.com/boxscores/199810110nwe.htm,1,,,,,0,0,Penalty on Leslie O'Neal: Defensive Holding (declined),0.000,6.970,penalty,,,,,,,,,,,,,,,Leslie O'Neal
1998,6,October 11,home,Kansas City Chiefs,https://www.pro-football-reference.com/boxscores/199810110nwe.htm,1,,1,1,KAN 1,6,0,"Robert Edwards left tackle for 1 yard, touchdown",6.970,7.000,run,,,Robert Edwards,,,,,,,,,,,,
1998,6,October 11,home,Kansas City Chiefs,https://www.pro-football-reference.com/boxscores/199810110nwe.htm,1,4:53,,,,7,0,Adam Vinatieri kicks extra point good,0.000,0.000,extra_point,,,,,,,,Adam Vinatieri,,,,,,,
1998,6,October 11,home,Kansas City Chiefs,https://www.pro-football-reference.com/boxscores/199810110nwe.htm,1,,,,NWE 30,7,0,"Adam Vinatieri kicks off 54 yards, returned by Tamarick Vanover for 8 yards. Tamarick Vanover fumbles (forced by Vernon Crawford), recovered by Joe Horn at KC24",0.000,-0.540,kickoff,,,,,,,,Adam Vinatieri,Tamarick Vanover,,,,Vernon Crawford,Joe Horn,
1998,6,October 11,home,Kansas City Chiefs,https://www.pro-football-reference.com/boxscores/199810110nwe.htm,1,4:42,1,10,KAN 24,7,0,Penalty on Willie McGinest: Encroachment (declined),0.540,0.540,penalty,,,,,,,,,,,,,,,Willie McGinest
1998,6,October 11,home,Kansas City Chiefs,https://www.pro-football-reference.com/boxscores/199810110nwe.htm,1,,1,10,KAN 24,7,0,"Penalty on Willie McGinest: Unsportsmanlike Conduct, 15 yards (accepted)",0.540,1.530,penalty,,,,,,,,,,,,,,,Willie McGinest
1998,6,October 11,home,Kansas City Chiefs,https://www.pro-football-reference.com/boxscores/199810110nwe.htm,1,,1,10,KAN 39,7,0,Elvis Grbac pass complete to Kimble Anders for 8 yards (tackle by Lawyer Milloy),1.530,2.070,pass,,Elvis Grbac,,Kimble Anders,,,,,,,Lawyer Milloy,,,,
1998,6,October 11,home,Kansas City Chiefs,https://www.pro-football-reference.com/boxscores/199810110nwe.htm,1,,2,2,KAN 47,7,0,Donnell Bennett middle for 1 yard (tackle by Chris Sullivan and Henry Thomas),2.070,1.490,run,,,Donnell Bennett,,,,,,,,Chris Sullivan,Henry Thomas,,,
1998,6,October 11,home,Kansas City Chiefs,https://www.pro-football-reference.com/boxscores/199810110nwe.htm,1,,3,1,KAN 48,7,0,Donnell Bennett middle for no gain (tackle by Willie McGinest and Lawyer Milloy),1.490,-0.190,run,,,Donnell Bennett,,,,,,,,Willie McGinest,Lawyer Milloy,,,
1998,6,October 11,home,Kansas City Chiefs,https://www.pro-football-reference.com/boxscores/199810110nwe.htm,1,,4,1,KAN 48,7,0,Tony Richardson middle for no gain (tackle by Todd Collins and Ted Johnson),-0.190,-2.390,run,,,Tony Richardson,,,,,,,,Todd Collins,Ted Johnson,,,
1998,6,October 11,home,Kansas City Chiefs,https://www.pro-football-reference.com/boxscores/199810110nwe.htm,1,2:56,1,10,KAN 48,7,0,Drew Bledsoe pass incomplete intended for Terry Glenn,2.390,1.850,pass,,Drew Bledsoe,,Terry Glenn,,,,,,,,,,,
1998,6,October 11,home,Kansas City Chiefs,https://www.pro-football-reference.com/boxscores/199810110nwe.htm,1,,2,10,KAN 48,7,0,Robert Edwards left guard for 6 yards (tackle by James Hasty and Jerome Woods),1.850,1.950,run,,,Robert Edwards,,,,,,,,James Hasty,Jerome Woods,,,
1998,6,October 11,home,Kansas City Chiefs,https://www.pro-football-reference.com/boxscores/199810110nwe.htm,1,,3,4,KAN 42,7,0,Drew Bledsoe pass complete to Terry Glenn for 8 yards (tackle by Dale Carter),1.950,3.310,pass,,Drew Bledsoe,,Terry Glenn,,,,,,,Dale Carter,,,,
1998,6,October 11,home,Kansas City Chiefs,https://www.pro-football-reference.com/boxscores/199810110nwe.htm,1,,1,10,KAN 34,7,0,Robert Edwards right end for 3 yards (tackle by Anthony Davis),3.310,3.180,run,,,Robert Edwards,,,,,,,,Anthony Davis,,,,
1998,6,October 11,home,Kansas City Chiefs,https://www.pro-football-reference.com/boxscores/199810110nwe.htm,1,,2,7,KAN 31,7,0,Drew Bledsoe pass complete to Vincent Brisby for 9 yards (tackle by Anthony Davis),3.180,4.110,pass,,Drew Bledsoe,,Vincent Brisby,,,,,,,Anthony Davis,,,,
1998,6,October 11,home,Kansas City Chiefs,https://www.pro-football-reference.com/boxscores/199810110nwe.htm,1,,1,10,KAN 22,7,0,Robert Edwards middle for 8 yards (tackle by John Browning),4.110,4.850,run,,,Robert Edwards,,,,,,,,John Browning,,,,
1998,6,October 11,home,Kansas City Chiefs,https://www.pro-football-reference.com/boxscores/199810110nwe.htm,1,,2,2,KAN 14,7,0,Robert Edwards middle for 2 yards (tackle by Leslie O'Neal) (no play),4.850,4.850,no_play,,,,,,,,,,,Leslie O'Neal,,,,
1998,6,October 11,home,Kansas City Chiefs,https://www.pro-football-reference.com/boxscores/199810110nwe.htm,1,,2,2,KAN 14,7,0,Penalty on Vincent Brisby: Illegal Motion (offset),4.850,4.850,penalty,,,,,,,,,,,,,,,Vincent Brisby
1998,6,October 11,home,Kansas City Chiefs,https://www.pro-football-reference.com/boxscores/199810110nwe.htm,1,,2,2,KAN 14,7,0,Penalty on Derrick Thomas: Encroachment (offset),4.850,4.850,penalty,,,,,,,,,,,,,,,Derrick Thomas
1998,6,October 11,home,Kansas City Chiefs,https://www.pro-football-reference.com/boxscores/199810110nwe.htm,2,15:00,2,2,KAN 14,7,0,Robert Edwards middle for 3 yards (tackle by Donnie Edwards and Reggie Tongue),4.850,4.840,run,,,Robert Edwards,,,,,,,,Donnie Edwards,Reggie Tongue,,,
1998,6,October 11,home,Kansas City Chiefs,https://www.pro-football-reference.com/boxscores/199810110nwe.htm,2,,1,10,KAN 11,7,0,Drew Bledsoe pass incomplete intended for Derrick Cullors,4.840,4.140,pass,,Drew Bledsoe,,Derrick Cullors,,,,,,,,,,,
1998,6,October 11,home,Kansas City Chiefs,https://www.pro-football-reference.com/boxscores/199810110nwe.htm,2,,2,10,KAN 11,7,0,Robert Edwards middle for -4 yards (tackle by Derrick Thomas and Jerome Woods),4.140,2.970,run,,,Robert Edwards,,,,,,,,Derrick Thomas,Jerome Woods,,,
1998,6,October 11,home,Kansas City Chiefs,https://www.pro-football-reference.com/boxscores/199810110nwe.htm,2,,3,14,KAN 15,7,0,Drew Bledsoe pass incomplete intended for Terry Glenn,2.970,2.440,pass,,Drew Bledsoe,,Terry Glenn,,,,,,,,,,,
1998,6,October 11,home,Kansas City Chiefs,https://www.pro-football-reference.com/boxscores/199810110nwe.htm,2,,4,14,KAN 15,10,0,Adam Vinatieri 32 yard field goal good,2.440,3.000,field_goal,,,,,,,,Adam Vinatieri,,,,,,,
1998,6,October 11,home,Kansas City Chiefs,https://www.pro-football-reference.com/boxscores/199810110nwe.htm,2,13:35,,,NWE 30,10,0,"Adam Vinatieri kicks off 79 yards, touchback.",0.000,-0.280,kickoff,,,,,,,,Adam Vinatieri,,,,,,,
1998,6,October 11,home,Kansas City Chiefs,https://www.pro-football-reference.com/boxscores/199810110nwe.htm,2,,1,10,KAN 20,10,0,Donnell Bennett left tackle for 1 yard (tackle by Todd Collins and Ted Johnson),0.280,-0.130,run,,,Donnell Bennett,,,,,,,,Todd Collins,Ted Johnson,,,
1998,6,October 11,home,Kansas City Chiefs,https://www.pro-football-reference.com/boxscores/199810110nwe.htm,2,,2,9,KAN 21,10,0,Elvis Grbac pass incomplete intended for Derrick Alexander,-0.130,0.000,pass,,Elvis Grbac,,Derrick Alexander,,,,,,,,,,,
1998,6,October 11,home,Kansas City Chiefs,https://www.pro-football-reference.com/boxscores/199810110nwe.htm,2,,,,,10,0,Penalty on Tony Gonzalez: Illegal Motion (declined),0.000,-0.820,penalty,,,,,,,,,,,,,,,Tony Gonzalez
1998,6,October 11,home,Kansas City Chiefs,https://www.pro-football-reference.com/boxscores/199810110nwe.htm,2,,3,9,KAN 21,10,0,Elvis Grbac pass incomplete intended for Derrick Alexander,-0.820,-1.960,pass,,Elvis Grbac,,Derrick Alexander,,,,,,,,,,,
1998,6,October 11,home,Kansas City Chiefs,https://www.pro-football-reference.com/boxscores/199810110nwe.htm,2,,4,9,KAN 21,10,0,"Louie Aguiar punts 41 yards, returned by Troy Brown for 12 yards (tackle by Danan Hughes)",-1.960,-2.260,punt,,,,,,,Louie Aguiar,,Troy Brown,,Danan Hughes,,,,
1998,6,October 11,home,Kansas City Chiefs,https://www.pro-football-reference.com/boxscores/199810110nwe.htm,2,12:28,1,10,KAN 50,10,0,Drew Bledsoe pass complete to Robert Edwards for 9 yards (tackle by Donnie Edwards and Wayne Simmons),2.260,2.930,pass,,Drew Bledsoe,,Robert Edwards,,,,,,,Donnie Edwards,Wayne Simmons,,,
1998,6,October 11,home,Kansas City Chiefs,https://www.pro-football-reference.com/boxscores/199810110nwe.htm,2,,2,1,KAN 41,10,0,Chris Floyd right guard for 3 yards (tackle by Tom Barndt and Donnie Edwards),2.930,3.050,run,,,Chris Floyd,,,,,,,,Tom Barndt,Donnie Edwards,,,
1998,6,October 11,home,Kansas City Chiefs,https://www.pro-football-reference.com/boxscores/199810110nwe.htm,2,,1,10,KAN 38,10,0,Drew Bledsoe pass complete to Terry Glenn for 12 yards (tackle by Dale Carter),3.050,3.840,pass,,Drew Bledsoe,,Terry Glenn,,,,,,,Dale Carter,,,,
1998,6,October 11,home,Kansas City Chiefs,https://www.pro-football-reference.com/boxscores/199810110nwe.htm,2,,1,10,KAN 26,10,0,Robert Edwards left guard for 6 yards (tackle by James Hasty and Jerome Woods),3.840,4.110,run,,,Robert Edwards,,,,,,,,James Hasty,Jerome Woods,,,
1998,6,October 11,home,Kansas City Chiefs,https://www.pro-football-reference.com/boxscores/199810110nwe.htm,2,,2,4,KAN 20,10,0,Robert Edwards left guard for no gain (tackle by John Browning and Donnie Edwards),4.110,3.400,run,,,Robert Edwards,,,,,,,,John Browning,Donnie Edwards,,,
1998,6,October 11,home,Kansas City Chiefs,https://www.pro-football-reference.com/boxscores/199810110nwe.htm,2,,3,4,KAN 20,10,0,Drew Bledsoe pass incomplete intended for Vincent Brisby,3.400,2.200,pass,,Drew Bledsoe,,Vincent Brisby,,,,,,,,,,,
1998,6,October 11,home,Kansas City Chiefs,https://www.pro-football-reference.com/boxscores/199810110nwe.htm,2,,4,4,KAN 20,10,0,"Adam Vinatieri 37 yard field goal good. Penalty on Donnie Edwards: Defenisve Delay of Game, 5 yards (accepted) (no play)",2.200,4.580,no_play,,,,,,,,,,,,,,,
1998,6,October 11,home,Kansas City Chiefs,https://www.pro-football-reference.com/boxscores/199810110nwe.htm,2,,1,10,KAN 15,16,0,"Drew Bledsoe pass complete to Robert Edwards for 15 yards, touchdown",4.580,7.000,pass,,Drew Bledsoe,,Robert Edwards,,,,,,,,,,,
1998,6,October 11,home,Kansas City Chiefs,https://www.pro-football-reference.com/boxscores/199810110nwe.htm,2,9:11,,,,17,0,Adam Vinatieri kicks extra point good,0.000,0.000,extra_point,,,,,,,,Adam Vinatieri,,,,,,,
1998,6,October 11,home,Kansas City Chiefs,https://www.pro-football-reference.com/boxscores/199810110nwe.htm,2,,,,NWE 30,17,0,"Adam Vinatieri kicks off 65 yards, returned by Tamarick Vanover for 20 yards (tackle by Tebucky Jones)",0.000,-0.610,kickoff,,,,,,,,Adam Vinatieri,Tamarick Vanover,,Tebucky Jones,,,,
1998,6,October 11,home,Kansas City Chiefs,https://www.pro-football-reference.com/boxscores/199810110nwe.htm,2,,1,10,KAN 25,17,0,Elvis Grbac pass complete to Derrick Alexander for 10 yards,0.610,1.270,pass,,Elvis Grbac,,Derrick Alexander,,,,,,,,,,,
1998,6,October 11,home,Kansas City Chiefs,https://www.pro-football-reference.com/boxscores/199810110nwe.htm,2,,1,10,KAN 35,17,0,Elvis Grbac pass complete to Derrick Alexander for 25 yards (tackle by Willie Clay and Lawyer Milloy),1.270,2.920,pass,,Elvis Grbac,,Derrick Alexander,,,,,,,Willie Clay,Lawyer Milloy,,,
1998,6,October 11,home,Kansas City Chiefs,https://www.pro-football-reference.com/boxscores/199810110nwe.htm,2,,1,10,NWE 40,17,0,Elvis Grbac pass incomplete intended for Andre Rison,2.920,2.370,pass,,Elvis Grbac,,Andre Rison,,,,,,,,,,,
1998,6,October 11,home,Kansas City Chiefs,https://www.pro-football-reference.com/boxscores/199810110nwe.htm,2,,2,10,NWE 40,17,0,Kimble Anders middle for 4 yards (tackle by Willie McGinest and Brandon Mitchell),2.370,2.210,run,,,Kimble Anders,,,,,,,,Willie McGinest,Brandon Mitchell,,,
1998,6,October 11,home,Kansas City Chiefs,https://www.pro-football-reference.com/boxscores/199810110nwe.htm,2,,3,6,NWE 36,17,0,Elvis Grbac pass incomplete intended for Derrick Alexander,2.210,0.880,pass,,Elvis Grbac,,Derrick Alexander,,,,,,,,,,,
1998,6,October 11,home,Kansas City Chiefs,https://www.pro-football-reference.com/boxscores/199810110nwe.htm,2,,4,6,NWE 36,17,0,Elvis Grbac pass incomplete intended for Andre Rison,0.880,-1.330,pass,,Elvis Grbac,,Andre Rison,,,,,,,,,,,
1998,6,October 11,home,Kansas City Chiefs,https://www.pro-football-reference.com/boxscores/199810110nwe.htm,2,7:15,1,10,NWE 36,17,0,Robert Edwards right guard for 3 yards (tackle by Anthony Davis and Derrick Thomas),1.330,1.200,run,,,Robert Edwards,,,,,,,,Anthony Davis,Derrick Thomas,,,
1998,6,October 11,home,Kansas City Chiefs,https://www.pro-football-reference.com/boxscores/199810110nwe.htm,2,,2,7,NWE 39,17,0,Robert Edwards right tackle for 2 yards (tackle by Donnie Edwards),1.200,0.760,run,,,Robert Edwards,,,,,,,,Donnie Edwards,,,,
1998,6,October 11,home,Kansas City Chiefs,https://www.pro-football-reference.com/boxscores/199810110nwe.htm,2,,3,5,NWE 41,17,0,Drew Bledsoe pass incomplete intended for Ben Coates,0.760,-0.650,pass,,Drew Bledsoe,,Ben Coates,,,,,,,,,,,
1998,6,October 11,home,Kansas City Chiefs,https://www.pro-football-reference.com/boxscores/199810110nwe.htm,2,,4,5,NWE 41,17,0,"Tom Tupa punts 35 yards. Penalty on Mike Bartrum: Offensive Holding, 10 yards (accepted) (no play)",-0.650,-1.310,no_play,,,,,,,,,,,,,,,
1998,6,October 11,home,Kansas City Chiefs,https://www.pro-football-reference.com/boxscores/199810110nwe.htm,2,,4,15,NWE 31,17,0,"Tom Tupa punts 52 yards, returned by Tamarick Vanover for 10 yards. Penalty on Ron George: Roughing the Kicker, 15 yards (accepted) (no play)",-1.310,1.990,no_play,,,,,,,,,,,,,,,
1998,6,October 11,home,Kansas City Chiefs,https://www.pro-football-reference.com/boxscores/199810110nwe.htm,2,,1,10,NWE 46,17,0,Drew Bledsoe pass complete to Terry Glenn for 11 yards (tackle by James Hasty),1.990,2.720,pass,,Drew Bledsoe,,Terry Glenn,,,,,,,James Hasty,,,,
1998,6,October 11,home,Kansas City Chiefs,https://www.pro-football-reference.com/boxscores/199810110nwe.htm,2,,1,10,KAN 43,17,0,Robert Edwards left tackle for 4 yards (tackle by John Browning and Jerome Woods),2.720,2.720,run,,,Robert Edwards,,,,,,,,John Browning,Jerome Woods,,,
1998,6,October 11,home,Kansas City Chiefs,https://www.pro-football-reference.com/boxscores/199810110nwe.htm,2,4:57,2,6,KAN 39,17,0,Terry Glenn left end for -8 yards (tackle by Donnie Edwards),2.720,0.960,run,,,Terry Glenn,,,,,,,,Donnie Edwards,,,,
1998,6,October 11,home,Kansas City Chiefs,https://www.pro-football-reference.com/boxscores/199810110nwe.htm,2,,3,14,KAN 47,17,0,Drew Bledsoe pass complete to Shawn Jefferson for 31 yards (tackle by Mark McMillian),0.960,0.000,pass,,Drew Bledsoe,,Shawn Jefferson,,,,,,,Mark McMillian,,,,
1998,6,October 11,home,Kansas City Chiefs,https://www.pro-football-reference.com/boxscores/199810110nwe.htm,2,,,,,17,0,Penalty on Derrick Thomas: Encroachment (declined),0.000,4.510,penalty,,,,,,,,,,,,,,,Derrick Thomas
1998,6,October 11,home,Kansas City Chiefs,https://www.pro-football-reference.com/boxscores/199810110nwe.htm,2,,1,10,KAN 16,17,0,Robert Edwards right end for 6 yards (tackle by Dale Carter),4.510,4.970,run,,,Robert Edwards,,,,,,,,Dale Carter,,,,
1998,6,October 11,home,Kansas City Chiefs,https://www.pro-football-reference.com/boxscores/199810110nwe.htm,2,,2,4,KAN 10,17,0,Robert Edwards right end for 8 yards (tackle by Reggie Tongue),4.970,6.740,run,,,Robert Edwards,,,,,,,,Reggie Tongue,,,,
1998,6,October 11,home,Kansas City Chiefs,https://www.pro-football-reference.com/boxscores/199810110nwe.htm,2,,1,2,KAN 2,23,0,"Drew Bledsoe pass complete to Ben Coates for 2 yards, touchdown",6.740,7.000,pass,,Drew Bledsoe,,Ben Coates,,,,,,,,,,,
1998,6,October 11,home,Kansas City Chiefs,https://www.pro-football-reference.com/boxscores/199810110nwe.htm,2,2:48,,,,24,0,Adam Vinatieri kicks extra point good,0.000,0.000,extra_point,,,,,,,,Adam Vinatieri,,,,,,,
1998,6,October 11,home,Kansas City Chiefs,https://www.pro-football-reference.com/boxscores/199810110nwe.htm,2,,,,NWE 30,24,0,"Adam Vinatieri kicks off 53 yards, returned by Tamarick Vanover for 20 yards (tackle by Troy Brown)",0.000,-1.400,kickoff,,,,,,,,Adam Vinatieri,Tamarick Vanover,,Troy Brown,,,,
1998,6,October 11,home,Kansas City Chiefs,https://www.pro-football-reference.com/boxscores/199810110nwe.htm,2,,1,10,KAN 37,24,0,Elvis Grbac pass incomplete intended for Derrick Alexander,1.400,0.860,pass,,Elvis Grbac,,Derrick Alexander,,,,,,,,,,,
1998,6,October 11,home,Kansas City Chiefs,https://www.pro-football-reference.com/boxscores/199810110nwe.htm,2,,2,10,KAN 37,24,0,Elvis Grbac pass complete to Kimble Anders for 5 yards (tackle by Chris Carter),0.860,0.830,pass,,Elvis Grbac,,Kimble Anders,,,,,,,Chris Carter,,,,
1998,6,October 11,home,Kansas City Chiefs,https://www.pro-football-reference.com/boxscores/199810110nwe.htm,2,,3,5,KAN 42,24,0,Elvis Grbac pass incomplete intended for Andre Rison,0.830,-0.590,pass,,Elvis Grbac,,Andre Rison,,,,,,,,,,,
1998,6,October 11,home,Kansas City Chiefs,https://www.pro-football-reference.com/boxscores/199810110nwe.htm,2,,4,5,KAN 42,24,0,"Louie Aguiar punts 58 yards, touchback.",-0.590,0.000,punt,,,,,,,Louie Aguiar,,,,,,,,
1998,6,October 11,home,Kansas City Chiefs,https://www.pro-football-reference.com/boxscores/199810110nwe.htm,2,,,,,24,0,Penalty on Greg Favors: Offensive Holding (declined),0.000,-0.280,penalty,,,,,,,,,,,,,,,Greg Favors
1998,6,October 11,home,Kansas City Chiefs,https://www.pro-football-reference.com/boxscores/199810110nwe.htm,2,1:53,1,10,NWE 20,24,0,Robert Edwards right guard for 2 yards (tackle by Anthony Davis and Donnie Edwards),0.280,0.000,run,,,Robert Edwards,,,,,,,,Anthony Davis,Donnie Edwards,,,
1998,6,October 11,home,Kansas City Chiefs,https://www.pro-football-reference.com/boxscores/199810110nwe.htm,2,1:11,2,8,NWE 22,24,0,Sedrick Shaw right tackle for 7 yards (tackle by Reggie Tongue and Jerome Woods),0.000,0.230,run,,,Sedrick Shaw,,,,,,,,Reggie Tongue,Jerome Woods,,,
1998,6,October 11,home,Kansas City Chiefs,https://www.pro-football-reference.com/boxscores/199810110nwe.htm,2,1:00,3,1,NWE 29,24,0,Drew Bledsoe middle for 2 yards (tackle by Tom Barndt),0.230,1.000,run,,,Drew Bledsoe,,,,,,,,Tom Barndt,,,,
1998,6,October 11,home,Kansas City Chiefs,https://www.pro-football-reference.com/boxscores/199810110nwe.htm,2,0:45,1,10,NWE 31,24,0,Drew Bledsoe scrambles right end for 5 yards,1.000,1.140,run,,,Drew Bledsoe,,,,,,,,,,,,
1998,6,October 11,home,Kansas City Chiefs,https://www.pro-football-reference.com/boxscores/199810110nwe.htm,2,0:37,2,5,NWE 36,24,0,Drew Bledsoe scrambles for 1 yard,1.140,0.000,run,,,Drew Bledsoe,,,,,,,,,,,,
1998,6,October 11,home,Kansas City Chiefs,https://www.pro-football-reference.com/boxscores/199810110nwe.htm,2,,,,NWE 37,24,0,"Penalty on Drew Bledsoe: Illegal Forward Pass, 5 yards (accepted)",0.000,-0.100,penalty,,,,,,,,,,,,,,,Drew Bledsoe
1998,6,October 11,home,Kansas City Chiefs,https://www.pro-football-reference.com/boxscores/199810110nwe.htm,2,0:30,3,9,NWE 32,24,0,Drew Bledsoe pass complete to Troy Brown for 39 yards (tackle by Reggie Tongue),-0.100,3.640,pass,,Drew Bledsoe,,Troy Brown,,,,,,,Reggie Tongue,,,,
1998,6,October 11,home,Kansas City Chiefs,https://www.pro-football-reference.com/boxscores/199810110nwe.htm,2,0:22,1,10,KAN 29,24,0,Drew Bledsoe pass complete to Terry Glenn for 4 yards (tackle by Donnie Edwards),3.640,3.640,pass,,Drew Bledsoe,,Terry Glenn,,,,,,,Donnie Edwards,,,,
1998,6,October 11,home,Kansas City Chiefs,https://www.pro-football-reference.com/boxscores/199810110nwe.htm,2,0:15,2,6,KAN 25,24,0,"Drew Bledsoe pass incomplete intended for Shawn Jefferson. Penalty on James Hasty: Defensive Holding, 5 yards (accepted) (no play)",3.640,4.240,no_play,,,,,,,,,,,,,,,
1998,6,October 11,home,Kansas City Chiefs,https://www.pro-football-reference.com/boxscores/199810110nwe.htm,2,0:11,1,10,KAN 20,24,0,Drew Bledsoe pass incomplete intended for Terry Glenn,4.240,3.690,pass,,Drew Bledsoe,,Terry Glenn,,,,,,,,,,,
1998,6,October 11,home,Kansas City Chiefs,https://www.pro-football-reference.com/boxscores/199810110nwe.htm,2,0:06,2,10,KAN 20,27,0,Adam Vinatieri 38 yard field goal good,3.690,3.000,field_goal,,,,,,,,Adam Vinatieri,,,,,,,
1998,6,October 11,home,Kansas City Chiefs,https://www.pro-football-reference.com/boxscores/199810110nwe.htm,3,15:00,,,KAN 30,27,0,"Louie Aguiar kicks off 70 yards, returned by Derrick Cullors for 29 yards (tackle by Kevin Lockett). Penalty on Larry Whigham: Offensive Holding, 10 yards (accepted)",0.000,-0.150,kickoff,,,,,,,,Louie Aguiar,Derrick Cullors,,Kevin Lockett,,,,
1998,6,October 11,home,Kansas City Chiefs,https://www.pro-football-reference.com/boxscores/199810110nwe.htm,3,,1,10,NWE 19,27,0,Robert Edwards middle for 33 yards (tackle by James Hasty),0.150,2.390,run,,,Robert Edwards,,,,,,,,James Hasty,,,,
1998,6,October 11,home,Kansas City Chiefs,https://www.pro-football-reference.com/boxscores/199810110nwe.htm,3,,1,10,KAN 48,27,0,Drew Bledsoe pass incomplete intended for Terry Glenn,2.390,1.850,pass,,Drew Bledsoe,,Terry Glenn,,,,,,,,,,,
1998,6,October 11,home,Kansas City Chiefs,https://www.pro-football-reference.com/boxscores/199810110nwe.htm,3,,2,10,KAN 48,27,0,Robert Edwards right guard for 3 yards (tackle by John Browning and Leslie O'Neal),1.850,1.550,run,,,Robert Edwards,,,,,,,,John Browning,Leslie O'Neal,,,
1998,6,October 11,home,Kansas City Chiefs,https://www.pro-football-reference.com/boxscores/199810110nwe.htm,3,,3,7,KAN 45,27,0,Drew Bledsoe pass complete to Troy Brown for 10 yards (tackle by Donnie Edwards and Reggie Tongue),1.550,0.000,pass,,Drew Bledsoe,,Troy Brown,,,,,,,Donnie Edwards,Reggie Tongue,,,
1998,6,October 11,home,Kansas City Chiefs,https://www.pro-football-reference.com/boxscores/199810110nwe.htm,3,,,,,27,0,Penalty on Robert Williams: Defensive Holding (declined),0.000,3.250,penalty,,,,,,,,,,,,,,,Robert Williams
1998,6,October 11,home,Kansas City Chiefs,https://www.pro-football-reference.com/boxscores/199810110nwe.htm,3,,1,10,KAN 35,27,0,Robert Edwards middle for 4 yards (tackle by Donnie Edwards and Derrick Thomas),3.250,3.240,run,,,Robert Edwards,,,,,,,,Donnie Edwards,Derrick Thomas,,,
1998,6,October 11,home,Kansas City Chiefs,https://www.pro-football-reference.com/boxscores/199810110nwe.htm,3,,2,6,KAN 31,27,0,Robert Edwards right end for -3 yards (tackle by Donnie Edwards and Jerome Woods),3.240,2.150,run,,,Robert Edwards,,,,,,,,Donnie Edwards,Jerome Woods,,,
1998,6,October 11,home,Kansas City Chiefs,https://www.pro-football-reference.com/boxscores/199810110nwe.htm,3,11:43,3,9,KAN 34,27,0,Drew Bledsoe pass complete to Terry Glenn for 23 yards,2.150,4.840,pass,,Drew Bledsoe,,Terry Glenn,,,,,,,,,,,
1998,6,October 11,home,Kansas City Chiefs,https://www.pro-football-reference.com/boxscores/199810110nwe.htm,3,,1,10,KAN 11,33,0,"Drew Bledsoe pass complete to Ben Coates for 11 yards, touchdown",4.840,7.000,pass,,Drew Bledsoe,,Ben Coates,,,,,,,,,,,
1998,6,October 11,home,Kansas City Chiefs,https://www.pro-football-reference.com/boxscores/199810110nwe.htm,3,10:48,,,,34,0,Adam Vinatieri kicks extra point good,0.000,0.000,extra_point,,,,,,,,Adam Vinatieri,,,,,,,
1998,6,October 11,home,Kansas City Chiefs,https://www.pro-football-reference.com/boxscores/199810110nwe.htm,3,,,,NWE 30,34,0,"Adam Vinatieri kicks off 73 yards, touchback.",0.000,-0.280,kickoff,,,,,,,,Adam Vinatieri,,,,,,,
1998,6,October 11,home,Kansas City Chiefs,https://www.pro-football-reference.com/boxscores/199810110nwe.htm,3,,1,10,KAN 20,34,0,Elvis Grbac pass complete to Rashaan Shehee for 5 yards (tackle by Chris Canty),0.280,0.410,pass,,Elvis Grbac,,Rashaan Shehee,,,,,,,Chris Canty,,,,
1998,6,October 11,home,Kansas City Chiefs,https://www.pro-football-reference.com/boxscores/199810110nwe.htm,3,,2,5,KAN 25,34,0,Elvis Grbac sacked by Chad Eaton for 2 yards,0.410,-0.560,pass,,Elvis Grbac,,,,Chad Eaton,,,,,,,,,
1998,6,October 11,home,Kansas City Chiefs,https://www.pro-football-reference.com/boxscores/199810110nwe.htm,3,,3,7,KAN 23,34,0,"Penalty on Elvis Grbac: Delay of Game, 5 yards (accepted)",-0.560,-1.330,penalty,,,,,,,,,,,,,,,Elvis Grbac
1998,6,October 11,home,Kansas City Chiefs,https://www.pro-football-reference.com/boxscores/199810110nwe.htm,3,,3,12,KAN 18,34,0,Elvis Grbac sacked by Tedy Bruschi for 8 yards,-1.330,-2.490,pass,,Elvis Grbac,,,,Tedy Bruschi,,,,,,,,,
1998,6,October 11,home,Kansas City Chiefs,https://www.pro-football-reference.com/boxscores/199810110nwe.htm,3,,4,20,KAN 10,34,0,"Louie Aguiar punts 50 yards, returned by Troy Brown for 15 yards (tackle by Ralph Tamm)",-2.490,-2.590,punt,,,,,,,Louie Aguiar,,Troy Brown,,Ralph Tamm,,,,
1998,6,October 11,home,Kansas City Chiefs,https://www.pro-football-reference.com/boxscores/199810110nwe.htm,3,8:49,1,10,KAN 45,34,0,Robert Edwards left guard for 5 yards (tackle by Donnie Edwards and Leslie O'Neal),2.590,2.720,run,,,Robert Edwards,,,,,,,,Donnie Edwards,Leslie O'Neal,,,
1998,6,October 11,home,Kansas City Chiefs,https://www.pro-football-reference.com/boxscores/199810110nwe.htm,3,,2,5,KAN 40,34,0,Sedrick Shaw middle for 1 yard (tackle by Anthony Davis and Derrick Thomas),2.720,2.150,run,,,Sedrick Shaw,,,,,,,,Anthony Davis,Derrick Thomas,,,
1998,6,October 11,home,Kansas City Chiefs,https://www.pro-football-reference.com/boxscores/199810110nwe.htm,3,,3,4,KAN 39,34,0,Drew Bledsoe pass complete to Terry Glenn for 8 yards (tackle by Mark McMillian),2.150,3.510,pass,,Drew Bledsoe,,Terry Glenn,,,,,,,Mark McMillian,,,,
1998,6,October 11,home,Kansas City Chiefs,https://www.pro-football-reference.com/boxscores/199810110nwe.htm,3,,1,10,KAN 31,34,0,"Drew Bledsoe pass complete to Rod Rutledge for 4 yards (tackle by Anthony Davis and Reggie Tongue). Penalty on James Hasty: Defensive Holding, 5 yards (accepted) . Penalty on Todd Rucci: False Start, 5 yards (accepted) (no play)",3.510,3.510,no_play,,,,,,,,,,,Anthony Davis,Reggie Tongue,,,
1998,6,October 11,home,Kansas City Chiefs,https://www.pro-football-reference.com/boxscores/199810110nwe.htm,3,,1,15,KAN 31,34,0,Sedrick Shaw left tackle for 5 yards (tackle by John Browning),3.510,3.300,run,,,Sedrick Shaw,,,,,,,,John Browning,,,,
1998,6,October 11,home,Kansas City Chiefs,https://www.pro-football-reference.com/boxscores/199810110nwe.htm,3,,2,10,KAN 26,34,0,Sedrick Shaw left end for 12 yards (tackle by Jerome Woods),3.300,4.650,run,,,Sedrick Shaw,,,,,,,,Jerome Woods,,,,
1998,6,October 11,home,Kansas City Chiefs,https://www.pro-football-reference.com/boxscores/199810110nwe.htm,3,,1,10,KAN 14,34,0,Sedrick Shaw right guard for 2 yards (tackle by Wayne Simmons and Derrick Thomas),4.650,4.330,run,,,Sedrick Shaw,,,,,,,,Wayne Simmons,Derrick Thomas,,,
1998,6,October 11,home,Kansas City Chiefs,https://www.pro-football-reference.com/boxscores/199810110nwe.htm,3,,2,8,KAN 12,34,0,Sedrick Shaw right guard for 2 yards (tackle by Tom Barndt and Leslie O'Neal),4.330,3.820,run,,,Sedrick Shaw,,,,,,,,Tom Barndt,Leslie O'Neal,,,
1998,6,October 11,home,Kansas City Chiefs,https://www.pro-football-reference.com/boxscores/199810110nwe.htm,3,,3,6,KAN 10,34,0,Drew Bledsoe pass incomplete intended for Terry Glenn,3.820,2.790,pass,,Drew Bledsoe,,Terry Glenn,,,,,,,,,,,
1998,6,October 11,home,Kansas City Chiefs,https://www.pro-football-reference.com/boxscores/199810110nwe.htm,3,,4,6,KAN 10,37,0,Adam Vinatieri 27 yard field goal good,2.790,3.000,field_goal,,,,,,,,Adam Vinatieri,,,,,,,
1998,6,October 11,home,Kansas City Chiefs,https://www.pro-football-reference.com/boxscores/199810110nwe.htm,3,3:24,,,NWE 30,37,0,"Adam Vinatieri kicks off 72 yards, returned by Tamarick Vanover for 24 yards. Tamarick Vanover fumbles (forced by Tebucky Jones), recovered by Greg Favors at KC22 and returned for 41 yards",0.000,-3.120,kickoff,,,,,,,,Adam Vinatieri,Tamarick Vanover,,,,Tebucky Jones,Greg Favors,
1998,6,October 11,home,Kansas City Chiefs,https://www.pro-football-reference.com/boxscores/199810110nwe.htm,3,,1,10,NWE 37,37,0,Elvis Grbac pass complete to Kimble Anders for 12 yards (tackle by Tedy Bruschi and Lawyer Milloy),3.120,3.910,pass,,Elvis Grbac,,Kimble Anders,,,,,,,Tedy Bruschi,Lawyer Milloy,,,
1998,6,October 11,home,Kansas City Chiefs,https://www.pro-football-reference.com/boxscores/199810110nwe.htm,3,,1,10,NWE 25,37,0,Elvis Grbac pass complete to Rashaan Shehee for 8 yards (tackle by Willie Clay),3.910,4.550,pass,,Elvis Grbac,,Rashaan Shehee,,,,,,,Willie Clay,,,,
1998,6,October 11,home,Kansas City Chiefs,https://www.pro-football-reference.com/boxscores/199810110nwe.htm,3,,2,2,NWE 17,37,0,Kimble Anders middle for 2 yards (tackle by Tedy Bruschi),4.550,4.580,run,,,Kimble Anders,,,,,,,,Tedy Bruschi,,,,
1998,6,October 11,home,Kansas City Chiefs,https://www.pro-football-reference.com/boxscores/199810110nwe.htm,3,,1,10,NWE 15,37,0,Elvis Grbac pass complete to Rashaan Shehee for 7 yards (tackle by Chris Canty),4.580,5.220,pass,,Elvis Grbac,,Rashaan Shehee,,,,,,,Chris Canty,,,,
1998,6,October 11,home,Kansas City Chiefs,https://www.pro-football-reference.com/boxscores/199810110nwe.htm,3,,2,3,NWE 8,37,0,Elvis Grbac pass incomplete intended for Tony Gonzalez,5.220,4.450,pass,,Elvis Grbac,,Tony Gonzalez,,,,,,,,,,,
1998,6,October 11,home,Kansas City Chiefs,https://www.pro-football-reference.com/boxscores/199810110nwe.htm,3,,3,3,NWE 8,37,6,"Elvis Grbac pass complete to Derrick Alexander for 8 yards, touchdown",4.450,7.000,pass,,Elvis Grbac,,Derrick Alexander,,,,,,,,,,,
1998,6,October 11,home,Kansas City Chiefs,https://www.pro-football-reference.com/boxscores/199810110nwe.htm,3,0:52,,,,37,7,Pete Stoyanovich kicks extra point good,0.000,0.000,extra_point,,,,,,,,Pete Stoyanovich,,,,,,,
1998,6,October 11,home,Kansas City Chiefs,https://www.pro-football-reference.com/boxscores/199810110nwe.htm,3,,,,KAN 30,37,7,"Louie Aguiar kicks off 61 yards, returned by Derrick Cullors for 21 yards (tackle by Melvin Johnson and Greg Manusky)",0.000,-0.940,kickoff,,,,,,,,Louie Aguiar,Derrick Cullors,,Melvin Johnson,Greg Manusky,,,
1998,6,October 11,home,Kansas City Chiefs,https://www.pro-football-reference.com/boxscores/199810110nwe.htm,3,,1,10,NWE 30,37,7,"Sedrick Shaw for no gain. Sedrick Shaw fumbles, recovered by Ron George at NE23",0.940,-4.040,run,,,Sedrick Shaw,,,,,,,,,,,Ron George,
1998,6,October 11,home,Kansas City Chiefs,https://www.pro-football-reference.com/boxscores/199810110nwe.htm,3,0:38,1,10,NWE 23,37,7,Elvis Grbac pass complete to Tony Gonzalez for 16 yards (tackle by Lawyer Milloy),4.040,5.600,pass,,Elvis Grbac,,Tony Gonzalez,,,,,,,Lawyer Milloy,,,,
1998,6,October 11,home,Kansas City Chiefs,https://www.pro-football-reference.com/boxscores/199810110nwe.htm,4,15:00,1,7,NWE 7,37,7,Elvis Grbac pass incomplete intended for Kimble Anders,5.600,4.760,pass,,Elvis Grbac,,Kimble Anders,,,,,,,,,,,
1998,6,October 11,home,Kansas City Chiefs,https://www.pro-football-reference.com/boxscores/199810110nwe.htm,4,,2,7,NWE 7,37,7,Elvis Grbac pass incomplete intended for Derrick Alexander,4.760,3.810,pass,,Elvis Grbac,,Derrick Alexander,,,,,,,,,,,
1998,6,October 11,home,Kansas City Chiefs,https://www.pro-football-reference.com/boxscores/199810110nwe.htm,4,,3,7,NWE 7,37,7,Elvis Grbac sacked by Chris Slade for 8 yards,3.810,2.440,pass,,Elvis Grbac,,,,Chris Slade,,,,,,,,,
1998,6,October 11,home,Kansas City Chiefs,https://www.pro-football-reference.com/boxscores/199810110nwe.htm,4,,4,15,NWE 15,37,10,Pete Stoyanovich 33 yard field goal good,2.440,3.000,field_goal,,,,,,,,Pete Stoyanovich,,,,,,,
1998,6,October 11,home,Kansas City Chiefs,https://www.pro-football-reference.com/boxscores/199810110nwe.htm,4,14:28,,,KAN 30,37,10,"Louie Aguiar kicks onside 29 yards, returned by Larry Whigham for no gain",0.000,-1.660,kickoff,,,,,,,,Louie Aguiar,Larry Whigham,,,,,,
1998,6,October 11,home,Kansas City Chiefs,https://www.pro-football-reference.com/boxscores/199810110nwe.htm,4,,1,10,NWE 41,37,10,Derrick Cullors right end for 15 yards (tackle by Donnie Edwards and Jerome Woods),1.660,2.650,run,,,Derrick Cullors,,,,,,,,Donnie Edwards,Jerome Woods,,,
1998,6,October 11,home,Kansas City Chiefs,https://www.pro-football-reference.com/boxscores/199810110nwe.htm,4,,1,10,KAN 44,37,10,Derrick Cullors middle for 3 yards (tackle by John Browning and Jerome Woods),2.650,2.520,run,,,Derrick Cullors,,,,,,,,John Browning,Jerome Woods,,,
1998,6,October 11,home,Kansas City Chiefs,https://www.pro-football-reference.com/boxscores/199810110nwe.htm,4,,2,7,KAN 41,37,10,Derrick Cullors left tackle for 11 yards (tackle by Tom Barndt and Reggie Tongue),2.520,3.580,run,,,Derrick Cullors,,,,,,,,Tom Barndt,Reggie Tongue,,,
1998,6,October 11,home,Kansas City Chiefs,https://www.pro-football-reference.com/boxscores/199810110nwe.htm,4,,1,10,KAN 30,37,10,Sedrick Shaw middle for 6 yards (tackle by Tom Barndt),3.580,3.840,run,,,Sedrick Shaw,,,,,,,,Tom Barndt,,,,
1998,6,October 11,home,Kansas City Chiefs,https://www.pro-football-reference.com/boxscores/199810110nwe.htm,4,,2,4,KAN 24,37,10,"Sedrick Shaw left end for no gain (tackle by Leslie O'Neal). Penalty on Max Lane: Offensive Holding, 10 yards (accepted) (no play)",3.840,2.490,no_play,,,,,,,,,,,Leslie O'Neal,,,,
1998,6,October 11,home,Kansas City Chiefs,https://www.pro-football-reference.com/boxscores/199810110nwe.htm,4,,2,14,KAN 34,37,10,Sedrick Shaw right guard for 18 yards (tackle by Mark McMillian),2.490,4.510,run,,,Sedrick Shaw,,,,,,,,Mark McMillian,,,,
1998,6,October 11,home,Kansas City Chiefs,https://www.pro-football-reference.com/boxscores/199810110nwe.htm,4,,1,10,KAN 16,37,10,Sedrick Shaw right end for -1 yards (tackle by Pellom McDaniels and Wayne Simmons),4.510,3.770,run,,,Sedrick Shaw,,,,,,,,Pellom McDaniels,Wayne Simmons,,,
1998,6,October 11,home,Kansas City Chiefs,https://www.pro-football-reference.com/boxscores/199810110nwe.htm,4,,2,11,KAN 17,37,10,Sedrick Shaw left guard for 6 yards (tackle by Ron George and Reggie Tongue),3.770,3.940,run,,,Sedrick Shaw,,,,,,,,Ron George,Reggie Tongue,,,
1998,6,October 11,home,Kansas City Chiefs,https://www.pro-football-reference.com/boxscores/199810110nwe.htm,4,,3,5,KAN 11,37,10,Sedrick Shaw middle for 4 yards (tackle by John Browning and James Hasty),3.940,3.010,run,,,Sedrick Shaw,,,,,,,,John Browning,James Hasty,,,
1998,6,October 11,home,Kansas City Chiefs,https://www.pro-football-reference.com/boxscores/199810110nwe.htm,4,,4,1,KAN 7,37,10,Sedrick Shaw right guard for 4 yards (tackle by Donnie Edwards and Reggie Tongue),3.010,6.510,run,,,Sedrick Shaw,,,,,,,,Donnie Edwards,Reggie Tongue,,,
1998,6,October 11,home,Kansas City Chiefs,https://www.pro-football-reference.com/boxscores/199810110nwe.htm,4,,1,3,KAN 3,37,10,Sedrick Shaw middle for 2 yards (tackle by Wayne Simmons and Reggie Tongue),6.510,5.910,run,,,Sedrick Shaw,,,,,,,,Wayne Simmons,Reggie Tongue,,,
1998,6,October 11,home,Kansas City Chiefs,https://www.pro-football-reference.com/boxscores/199810110nwe.htm,4,,2,1,KAN 1,37,10,Sedrick Shaw left end for -2 yards (tackle by Greg Manusky and Pellom McDaniels),5.910,4.720,run,,,Sedrick Shaw,,,,,,,,Greg Manusky,Pellom McDaniels,,,
1998,6,October 11,home,Kansas City Chiefs,https://www.pro-football-reference.com/boxscores/199810110nwe.htm,4,,3,3,KAN 3,37,10,Scott Zolak pass incomplete intended for Lovett Purnell,4.720,3.040,pass,,Scott Zolak,,Lovett Purnell,,,,,,,,,,,
1998,6,October 11,home,Kansas City Chiefs,https://www.pro-football-reference.com/boxscores/199810110nwe.htm,4,,4,3,KAN 3,40,10,Adam Vinatieri 20 yard field goal good,3.040,3.000,field_goal,,,,,,,,Adam Vinatieri,,,,,,,
1998,6,October 11,home,Kansas City Chiefs,https://www.pro-football-reference.com/boxscores/199810110nwe.htm,4,6:38,,,NWE 30,40,10,"Adam Vinatieri kicks off 68 yards, returned by Tamarick Vanover for 24 yards (tackle by Tedy Bruschi)",0.000,-0.670,kickoff,,,,,,,,Adam Vinatieri,Tamarick Vanover,,Tedy Bruschi,,,,
1998,6,October 11,home,Kansas City Chiefs,https://www.pro-football-reference.com/boxscores/199810110nwe.htm,4,,1,10,KAN 26,40,10,Elvis Grbac pass intended for Derrick Alexander is intercepted by Lawyer Milloy at KC37 and returned for no gain,0.670,-3.120,pass,,Elvis Grbac,,Derrick Alexander,Lawyer Milloy,,,,,,,,,,
1998,6,October 11,home,Kansas City Chiefs,https://www.pro-football-reference.com/boxscores/199810110nwe.htm,4,6:22,1,10,KAN 37,40,10,Sedrick Shaw left tackle for -2 yards (tackle by James Hasty),3.120,2.300,run,,,Sedrick Shaw,,,,,,,,James Hasty,,,,
1998,6,October 11,home,Kansas City Chiefs,https://www.pro-football-reference.com/boxscores/199810110nwe.htm,4,,2,12,KAN 39,40,10,Sedrick Shaw right tackle for 3 yards (tackle by John Browning and Wayne Simmons),2.300,2.010,run,,,Sedrick Shaw,,,,,,,,John Browning,Wayne Simmons,,,
1998,6,October 11,home,Kansas City Chiefs,https://www.pro-football-reference.com/boxscores/199810110nwe.htm,4,,3,9,KAN 36,40,10,Scott Zolak pass complete to Troy Brown for 6 yards (tackle by James Hasty and Reggie Tongue),2.010,1.480,pass,,Scott Zolak,,Troy Brown,,,,,,,James Hasty,Reggie Tongue,,,
1998,6,October 11,home,Kansas City Chiefs,https://www.pro-football-reference.com/boxscores/199810110nwe.htm,4,,4,3,KAN 30,40,10,Sedrick Shaw right guard for 2 yards (tackle by John Browning and Jerome Woods),1.480,-0.810,run,,,Sedrick Shaw,,,,,,,,John Browning,Jerome Woods,,,
1998,6,October 11,home,Kansas City Chiefs,https://www.pro-football-reference.com/boxscores/199810110nwe.htm,4,4:09,1,10,KAN 28,40,10,Elvis Grbac pass incomplete intended for Kimble Anders,0.810,0.260,pass,,Elvis Grbac,,Kimble Anders,,,,,,,,,,,
1998,6,October 11,home,Kansas City Chiefs,https://www.pro-football-reference.com/boxscores/199810110nwe.htm,4,,2,10,KAN 28,40,10,Elvis Grbac pass incomplete intended for Kevin Lockett,0.260,-0.430,pass,,Elvis Grbac,,Kevin Lockett,,,,,,,,,,,
1998,6,October 11,home,Kansas City Chiefs,https://www.pro-football-reference.com/boxscores/199810110nwe.htm,4,,3,10,KAN 28,40,10,Elvis Grbac pass incomplete intended for Tony Gonzalez,-0.430,-1.500,pass,,Elvis Grbac,,Tony Gonzalez,,,,,,,,,,,
1998,6,October 11,home,Kansas City Chiefs,https://www.pro-football-reference.com/boxscores/199810110nwe.htm,4,,4,10,KAN 28,40,10,"Louie Aguiar punts 45 yards, returned by Troy Brown for 4 yards (tackle by Ted Popson)",-1.500,0.000,punt,,,,,,,Louie Aguiar,,Troy Brown,,Ted Popson,,,,
1998,6,October 11,home,Kansas City Chiefs,https://www.pro-football-reference.com/boxscores/199810110nwe.htm,4,,,,NWE 31,40,10,"Penalty on Tebucky Jones: Offensive Holding, 10 yards (accepted)",0.000,-0.340,penalty,,,,,,,,,,,,,,,Tebucky Jones
1998,6,October 11,home,Kansas City Chiefs,https://www.pro-football-reference.com/boxscores/199810110nwe.htm,4,3:40,1,10,NWE 21,40,10,Chris Floyd left guard for 4 yards (tackle by Jerome Woods),0.340,0.340,run,,,Chris Floyd,,,,,,,,Jerome Woods,,,,
1998,6,October 11,home,Kansas City Chiefs,https://www.pro-football-reference.com/boxscores/199810110nwe.htm,4,,2,6,NWE 25,40,10,Chris Floyd right guard for no gain (tackle by Ron George and Leslie O'Neal),0.340,-0.360,run,,,Chris Floyd,,,,,,,,Ron George,Leslie O'Neal,,,
1998,6,October 11,home,Kansas City Chiefs,https://www.pro-football-reference.com/boxscores/199810110nwe.htm,4,,3,6,NWE 25,40,10,Sedrick Shaw right end for -1 yards (tackle by Donnie Edwards),-0.360,-1.770,run,,,Sedrick Shaw,,,,,,,,Donnie Edwards,,,,
1998,6,October 11,home,Kansas City Chiefs,https://www.pro-football-reference.com/boxscores/199810110nwe.htm,4,2:15,4,7,NWE 24,40,10,"Tom Tupa punts 42 yards, returned by Tamarick Vanover for 16 yards (tackle by Larry Whigham)",-1.770,-2.260,punt,,,,,,,Tom Tupa,,Tamarick Vanover,,Larry Whigham,,,,
1998,6,October 11,home,Kansas City Chiefs,https://www.pro-football-reference.com/boxscores/199810110nwe.htm,4,2:06,1,10,NWE 50,40,10,Kimble Anders middle for no gain (tackle by Chad Eaton),2.260,1.710,run,,,Kimble Anders,,,,,,,,Chad Eaton,,,,
1998,6,October 11,home,Kansas City Chiefs,https://www.pro-football-reference.com/boxscores/199810110nwe.htm,4,2:00,2,10,NWE 50,40,10,Elvis Grbac pass incomplete intended for Joe Horn,1.710,1.030,pass,,Elvis Grbac,,Joe Horn,,,,,,,,,,,
1998,6,October 11,home,Kansas City Chiefs,https://www.pro-football-reference.com/boxscores/199810110nwe.htm,4,1:56,3,10,NWE 50,40,10,Elvis Grbac sacked by Greg Spires for 6 yards,1.030,-0.460,pass,,Elvis Grbac,,,,Greg Spires,,,,,,,,,
1998,6,October 11,home,Kansas City Chiefs,https://www.pro-football-reference.com/boxscores/199810110nwe.htm,4,1:24,4,16,KAN 44,40,10,Louie Aguiar punts 34 yards,-0.460,-0.410,punt,,,,,,,Louie Aguiar,,,,,,,,
1998,6,October 11,home,Kansas City Chiefs,https://www.pro-football-reference.com/boxscores/199810110nwe.htm,4,1:14,1,10,NWE 22,40,10,Tom Tupa kneels for -1 yards,0.410,-0.270,run,,,Tom Tupa,,,,,,,,,,,,
1998,6,October 11,home,Kansas City Chiefs,https://www.pro-football-reference.com/boxscores/199810110nwe.htm,4,0:33,2,11,NWE 21,40,10,Tom Tupa kneels for -1 yards,-0.270,-1.090,run,,,Tom Tupa,,,,,,,,,,,,
1998,7,October 19,home,New York Jets,https://www.pro-football-reference.com/boxscores/199810190nwe.htm,,,,,,,,"Jets won the coin toss, Patriots to receive the opening kickoff.",,,other,,,,,,,,,,,,,,,
1998,7,October 19,home,New York Jets,https://www.pro-football-reference.com/boxscores/199810190nwe.htm,1,15:00,,,NYJ 30,0,0,"John Hall kicks off 71 yards, returned by Derrick Cullors for 32 yards (tackle by Corwin Brown and Ray Lucas)",0.000,-1.000,kickoff,,,,,,,,John Hall,Derrick Cullors,,Corwin Brown,Ray Lucas,,,
1998,7,October 19,home,New York Jets,https://www.pro-football-reference.com/boxscores/199810190nwe.htm,1,,1,10,NWE 31,0,0,Drew Bledsoe pass incomplete intended for Shawn Jefferson,1.000,0.460,pass,,Drew Bledsoe,,Shawn Jefferson,,,,,,,,,,,
1998,7,October 19,home,New York Jets,https://www.pro-football-reference.com/boxscores/199810190nwe.htm,1,,2,10,NWE 31,0,0,Drew Bledsoe pass incomplete intended for Terry Glenn,0.460,-0.230,pass,,Drew Bledsoe,,Terry Glenn,,,,,,,,,,,
1998,7,October 19,home,New York Jets,https://www.pro-football-reference.com/boxscores/199810190nwe.htm,1,,3,10,NWE 31,0,0,Drew Bledsoe sacked by Anthony Pleasant for 8 yards,-0.230,-1.830,pass,,Drew Bledsoe,,,,Anthony Pleasant,,,,,,,,,
1998,7,October 19,home,New York Jets,https://www.pro-football-reference.com/boxscores/199810190nwe.htm,1,,4,18,NWE 23,0,0,"Tom Tupa punts 37 yards, returned by Leon Johnson for 4 yards (tackle by Tony Carter and Marty Moore)",-1.830,-1.860,punt,,,,,,,Tom Tupa,,Leon Johnson,,Tony Carter,Marty Moore,,,
1998,7,October 19,home,New York Jets,https://www.pro-football-reference.com/boxscores/199810190nwe.htm,1,14:14,1,10,NYJ 44,0,0,Vinny Testaverde pass incomplete intended for Dedric Ward,1.860,1.320,pass,,Vinny Testaverde,,Dedric Ward,,,,,,,,,,,
1998,7,October 19,home,New York Jets,https://www.pro-football-reference.com/boxscores/199810190nwe.htm,1,,2,10,NYJ 44,0,0,Curtis Martin right tackle for 6 yards (tackle by Willie McGinest),1.320,1.420,run,,,Curtis Martin,,,,,,,,Willie McGinest,,,,
1998,7,October 19,home,New York Jets,https://www.pro-football-reference.com/boxscores/199810190nwe.htm,1,,3,4,NWE 50,0,0,Vinny Testaverde pass complete to Keyshawn Johnson for 20 yards,1.420,3.580,pass,,Vinny Testaverde,,Keyshawn Johnson,,,,,,,,,,,
1998,7,October 19,home,New York Jets,https://www.pro-football-reference.com/boxscores/199810190nwe.htm,1,,1,10,NWE 30,0,0,Vinny Testaverde pass complete to Wayne Chrebet for 14 yards (tackle by Chris Canty),3.580,4.510,pass,,Vinny Testaverde,,Wayne Chrebet,,,,,,,Chris Canty,,,,
1998,7,October 19,home,New York Jets,https://www.pro-football-reference.com/boxscores/199810190nwe.htm,1,,1,10,NWE 16,0,0,Vinny Testaverde pass complete to Jerald Sowell for 11 yards (tackle by Willie Clay),4.510,6.060,pass,,Vinny Testaverde,,Jerald Sowell,,,,,,,Willie Clay,,,,
1998,7,October 19,home,New York Jets,https://www.pro-football-reference.com/boxscores/199810190nwe.htm,1,,1,5,NWE 5,0,0,Curtis Martin left guard for 1 yard (tackle by Willie Clay),6.060,5.340,run,,,Curtis Martin,,,,,,,,Willie Clay,,,,
1998,7,October 19,home,New York Jets,https://www.pro-football-reference.com/boxscores/199810190nwe.htm,1,11:02,2,4,NWE 4,0,0,Curtis Martin left guard for 3 yards (tackle by Todd Collins),5.340,5.170,run,,,Curtis Martin,,,,,,,,Todd Collins,,,,
1998,7,October 19,home,New York Jets,https://www.pro-football-reference.com/boxscores/199810190nwe.htm,1,,3,1,NWE 1,0,6,"Vinny Testaverde pass complete to Kyle Brady for 1 yard, touchdown",5.170,7.000,pass,,Vinny Testaverde,,Kyle Brady,,,,,,,,,,,
1998,7,October 19,home,New York Jets,https://www.pro-football-reference.com/boxscores/199810190nwe.htm,1,10:24,,,,0,7,John Hall kicks extra point good,0.000,0.000,extra_point,,,,,,,,John Hall,,,,,,,
1998,7,October 19,home,New York Jets,https://www.pro-football-reference.com/boxscores/199810190nwe.htm,1,,,,NYJ 30,0,7,"John Hall kicks off 72 yards, returned by Chris Canty for 26 yards (tackle by Corwin Brown and Dwayne Gordon)",0.000,-0.540,kickoff,,,,,,,,John Hall,Chris Canty,,Corwin Brown,Dwayne Gordon,,,
1998,7,October 19,home,New York Jets,https://www.pro-football-reference.com/boxscores/199810190nwe.htm,1,,1,10,NWE 24,0,7,Robert Edwards right tackle for 7 yards (tackle by Victor Green and Rick Lyle),0.540,0.940,run,,,Robert Edwards,,,,,,,,Victor Green,Rick Lyle,,,
1998,7,October 19,home,New York Jets,https://www.pro-football-reference.com/boxscores/199810190nwe.htm,1,,2,3,NWE 31,0,7,Robert Edwards middle for 2 yards (tackle by James Farrior and Anthony Pleasant),0.940,0.500,run,,,Robert Edwards,,,,,,,,James Farrior,Anthony Pleasant,,,
1998,7,October 19,home,New York Jets,https://www.pro-football-reference.com/boxscores/199810190nwe.htm,1,,3,1,NWE 33,0,7,Drew Bledsoe scrambles right end for 5 yards (tackle by Mo Lewis),0.500,1.470,run,,,Drew Bledsoe,,,,,,,,Mo Lewis,,,,
1998,7,October 19,home,New York Jets,https://www.pro-football-reference.com/boxscores/199810190nwe.htm,1,,1,10,NWE 38,0,7,Drew Bledsoe pass complete to Troy Brown for 18 yards (tackle by Aaron Glenn),1.470,2.650,pass,,Drew Bledsoe,,Troy Brown,,,,,,,Aaron Glenn,,,,
1998,7,October 19,home,New York Jets,https://www.pro-football-reference.com/boxscores/199810190nwe.htm,1,,1,10,NYJ 44,0,7,Robert Edwards right tackle for 10 yards (tackle by Jason Ferguson and Otis Smith),2.650,3.310,run,,,Robert Edwards,,,,,,,,Jason Ferguson,Otis Smith,,,
1998,7,October 19,home,New York Jets,https://www.pro-football-reference.com/boxscores/199810190nwe.htm,1,,1,10,NYJ 34,0,7,Robert Edwards middle for 1 yard (tackle by Victor Green and Ernie Logan),3.310,2.910,run,,,Robert Edwards,,,,,,,,Victor Green,Ernie Logan,,,
1998,7,October 19,home,New York Jets,https://www.pro-football-reference.com/boxscores/199810190nwe.htm,1,,2,9,NYJ 33,0,7,Drew Bledsoe pass complete to Ben Coates for 29 yards (tackle by James Farrior and Kevin Williams),2.910,6.280,pass,,Drew Bledsoe,,Ben Coates,,,,,,,James Farrior,Kevin Williams,,,
1998,7,October 19,home,New York Jets,https://www.pro-football-reference.com/boxscores/199810190nwe.htm,1,,1,4,NYJ 4,0,7,Robert Edwards left guard for 3 yards (tackle by Victor Green and Mo Lewis),6.280,5.910,run,,,Robert Edwards,,,,,,,,Victor Green,Mo Lewis,,,
1998,7,October 19,home,New York Jets,https://www.pro-football-reference.com/boxscores/199810190nwe.htm,1,,2,1,NYJ 1,0,7,Robert Edwards left tackle for no gain (tackle by Anthony Pleasant),5.910,5.170,run,,,Robert Edwards,,,,,,,,Anthony Pleasant,,,,
1998,7,October 19,home,New York Jets,https://www.pro-football-reference.com/boxscores/199810190nwe.htm,1,,3,1,NYJ 1,0,7,Robert Edwards left guard for no gain (tackle by Dwayne Gordon and Bobby Hamilton),5.170,3.550,run,,,Robert Edwards,,,,,,,,Dwayne Gordon,Bobby Hamilton,,,
1998,7,October 19,home,New York Jets,https://www.pro-football-reference.com/boxscores/199810190nwe.htm,1,,4,1,NYJ 1,6,7,"Robert Edwards left tackle for 1 yard, touchdown",3.550,7.000,run,,,Robert Edwards,,,,,,,,,,,,
1998,7,October 19,home,New York Jets,https://www.pro-football-reference.com/boxscores/199810190nwe.htm,1,3:48,,,,7,7,Adam Vinatieri kicks extra point good,0.000,0.000,extra_point,,,,,,,,Adam Vinatieri,,,,,,,
1998,7,October 19,home,New York Jets,https://www.pro-football-reference.com/boxscores/199810190nwe.htm,1,,,,NWE 30,7,7,"Adam Vinatieri kicks off 67 yards, returned by Aaron Glenn for 27 yards (tackle by Chris Floyd)",0.000,-0.940,kickoff,,,,,,,,Adam Vinatieri,Aaron Glenn,,Chris Floyd,,,,
1998,7,October 19,home,New York Jets,https://www.pro-football-reference.com/boxscores/199810190nwe.htm,1,,1,10,NYJ 30,7,7,Curtis Martin middle for 5 yards (tackle by Brandon Mitchell),0.940,1.070,run,,,Curtis Martin,,,,,,,,Brandon Mitchell,,,,
1998,7,October 19,home,New York Jets,https://www.pro-football-reference.com/boxscores/199810190nwe.htm,1,,2,5,NYJ 35,7,7,Curtis Martin left guard for 5 yards (tackle by Chad Eaton and Ty Law),1.070,1.600,run,,,Curtis Martin,,,,,,,,Chad Eaton,Ty Law,,,
1998,7,October 19,home,New York Jets,https://www.pro-football-reference.com/boxscores/199810190nwe.htm,1,,1,10,NYJ 40,7,7,Vinny Testaverde pass incomplete intended for Dedric Ward,1.600,1.050,pass,,Vinny Testaverde,,Dedric Ward,,,,,,,,,,,
1998,7,October 19,home,New York Jets,https://www.pro-football-reference.com/boxscores/199810190nwe.htm,1,,2,10,NYJ 40,7,7,Curtis Martin right guard for 6 yards (tackle by Willie Clay and Chris Slade),1.050,1.160,run,,,Curtis Martin,,,,,,,,Willie Clay,Chris Slade,,,
1998,7,October 19,home,New York Jets,https://www.pro-football-reference.com/boxscores/199810190nwe.htm,1,,3,4,NYJ 46,7,7,Leon Johnson left end for 14 yards (tackle by Ty Law and Lawyer Milloy),1.160,2.920,run,,,Leon Johnson,,,,,,,,Ty Law,Lawyer Milloy,,,
1998,7,October 19,home,New York Jets,https://www.pro-football-reference.com/boxscores/199810190nwe.htm,1,,1,10,NWE 40,7,7,Vinny Testaverde pass complete to Wayne Chrebet for 22 yards (tackle by Chris Canty),2.920,4.370,pass,,Vinny Testaverde,,Wayne Chrebet,,,,,,,Chris Canty,,,,
1998,7,October 19,home,New York Jets,https://www.pro-football-reference.com/boxscores/199810190nwe.htm,1,,1,10,NWE 18,7,7,Vinny Testaverde sacked by Willie McGinest for 9 yards,4.370,2.610,pass,,Vinny Testaverde,,,,Willie McGinest,,,,,,,,,
1998,7,October 19,home,New York Jets,https://www.pro-football-reference.com/boxscores/199810190nwe.htm,2,15:00,2,19,NWE 27,7,7,Vinny Testaverde sacked by Lawyer Milloy for 8 yards,2.610,0.890,pass,,Vinny Testaverde,,,,Lawyer Milloy,,,,,,,,,
1998,7,October 19,home,New York Jets,https://www.pro-football-reference.com/boxscores/199810190nwe.htm,2,,3,27,NWE 35,7,7,Curtis Martin right end for 14 yards (tackle by Lawyer Milloy),0.890,2.060,run,,,Curtis Martin,,,,,,,,Lawyer Milloy,,,,
1998,7,October 19,home,New York Jets,https://www.pro-football-reference.com/boxscores/199810190nwe.htm,2,,4,13,NWE 21,7,7,John Hall 38 yard field goal no good (tackle by Chad Eaton),2.060,-0.480,field_goal,,,,,,,,John Hall,,,Chad Eaton,,,,
1998,7,October 19,home,New York Jets,https://www.pro-football-reference.com/boxscores/199810190nwe.htm,2,13:55,1,10,NWE 23,7,7,Robert Edwards left end for 13 yards (tackle by Aaron Glenn),0.480,0.000,run,,,Robert Edwards,,,,,,,,Aaron Glenn,,,,
1998,7,October 19,home,New York Jets,https://www.pro-football-reference.com/boxscores/199810190nwe.htm,2,,,,NWE 36,7,7,"Penalty on Aaron Glenn: Face Mask (5 Yards), 5 yards (accepted)",0.000,1.660,penalty,,,,,,,,,,,,,,,Aaron Glenn
1998,7,October 19,home,New York Jets,https://www.pro-football-reference.com/boxscores/199810190nwe.htm,2,,1,10,NWE 41,7,7,Robert Edwards left guard for 2 yards (tackle by Jason Ferguson and Victor Green),1.660,1.390,run,,,Robert Edwards,,,,,,,,Jason Ferguson,Victor Green,,,
1998,7,October 19,home,New York Jets,https://www.pro-football-reference.com/boxscores/199810190nwe.htm,2,,2,8,NWE 43,7,7,Robert Edwards left tackle for 14 yards (tackle by Otis Smith),1.390,2.720,run,,,Robert Edwards,,,,,,,,Otis Smith,,,,
1998,7,October 19,home,New York Jets,https://www.pro-football-reference.com/boxscores/199810190nwe.htm,2,,1,10,NYJ 43,7,7,Drew Bledsoe pass incomplete intended for Terry Glenn,2.720,2.180,pass,,Drew Bledsoe,,Terry Glenn,,,,,,,,,,,
1998,7,October 19,home,New York Jets,https://www.pro-football-reference.com/boxscores/199810190nwe.htm,2,,2,10,NYJ 43,7,7,Robert Edwards middle for 4 yards (tackle by Bryan Cox and Rick Lyle),2.180,2.010,run,,,Robert Edwards,,,,,,,,Bryan Cox,Rick Lyle,,,
1998,7,October 19,home,New York Jets,https://www.pro-football-reference.com/boxscores/199810190nwe.htm,2,,3,6,NYJ 39,7,7,Drew Bledsoe pass complete to Robert Edwards for 8 yards (tackle by Corwin Brown),2.010,0.000,pass,,Drew Bledsoe,,Robert Edwards,,,,,,,Corwin Brown,,,,
1998,7,October 19,home,New York Jets,https://www.pro-football-reference.com/boxscores/199810190nwe.htm,2,,,,,7,7,Penalty on NYJ: Illegal Substitution (declined),0.000,3.510,penalty,,,,,,,,,,,,,,,
1998,7,October 19,home,New York Jets,https://www.pro-football-reference.com/boxscores/199810190nwe.htm,2,,1,10,NYJ 31,7,7,Robert Edwards right end for 4 yards (tackle by Ernie Logan and Rick Lyle),3.510,3.510,run,,,Robert Edwards,,,,,,,,Ernie Logan,Rick Lyle,,,
1998,7,October 19,home,New York Jets,https://www.pro-football-reference.com/boxscores/199810190nwe.htm,2,,2,6,NYJ 27,7,7,Drew Bledsoe pass complete to Robert Edwards for 7 yards (tackle by Mo Lewis),3.510,4.240,pass,,Drew Bledsoe,,Robert Edwards,,,,,,,Mo Lewis,,,,
1998,7,October 19,home,New York Jets,https://www.pro-football-reference.com/boxscores/199810190nwe.htm,2,,1,10,NYJ 20,7,7,Derrick Cullors left guard for 1 yard (tackle by Dwayne Gordon and Kevin Williams),4.240,3.820,run,,,Derrick Cullors,,,,,,,,Dwayne Gordon,Kevin Williams,,,
1998,7,October 19,home,New York Jets,https://www.pro-football-reference.com/boxscores/199810190nwe.htm,2,,2,9,NYJ 19,7,7,"Drew Bledsoe pass intended for Ben Coates is intercepted by Mo Lewis at and returned for no gain. Penalty on Victor Green: Defensive Pass Interference, 16 yards (accepted) (no play)",3.820,6.510,no_play,,,,,,,,,,,,,,,
1998,7,October 19,home,New York Jets,https://www.pro-football-reference.com/boxscores/199810190nwe.htm,2,,1,3,NYJ 3,7,7,Drew Bledsoe sacked by Mo Lewis for 8 yards,6.510,4.020,pass,,Drew Bledsoe,,,,Mo Lewis,,,,,,,,,
1998,7,October 19,home,New York Jets,https://www.pro-football-reference.com/boxscores/199810190nwe.htm,2,,2,11,NYJ 11,7,7,Drew Bledsoe pass complete to Troy Brown for 5 yards (tackle by Bryan Cox),4.020,4.040,pass,,Drew Bledsoe,,Troy Brown,,,,,,,Bryan Cox,,,,
1998,7,October 19,home,New York Jets,https://www.pro-football-reference.com/boxscores/199810190nwe.htm,2,,3,6,NYJ 6,13,7,"Drew Bledsoe pass complete to Lovett Purnell for 6 yards, touchdown",4.040,7.000,pass,,Drew Bledsoe,,Lovett Purnell,,,,,,,,,,,
1998,7,October 19,home,New York Jets,https://www.pro-football-reference.com/boxscores/199810190nwe.htm,2,8:22,,,,14,7,Adam Vinatieri kicks extra point good,0.000,0.000,extra_point,,,,,,,,Adam Vinatieri,,,,,,,
1998,7,October 19,home,New York Jets,https://www.pro-football-reference.com/boxscores/199810190nwe.htm,2,,,,NWE 30,14,7,"Adam Vinatieri kicks off 71 yards, returned by Aaron Glenn for 29 yards",0.000,-0.810,kickoff,,,,,,,,Adam Vinatieri,Aaron Glenn,,,,,,
1998,7,October 19,home,New York Jets,https://www.pro-football-reference.com/boxscores/199810190nwe.htm,2,,1,10,NYJ 28,14,7,Curtis Martin right guard for 3 yards (tackle by Ferric Collons),0.810,0.670,run,,,Curtis Martin,,,,,,,,Ferric Collons,,,,
1998,7,October 19,home,New York Jets,https://www.pro-football-reference.com/boxscores/199810190nwe.htm,2,,2,7,NYJ 31,14,7,Curtis Martin left tackle for 4 yards (tackle by Willie Clay),0.670,0.000,run,,,Curtis Martin,,,,,,,,Willie Clay,,,,
1998,7,October 19,home,New York Jets,https://www.pro-football-reference.com/boxscores/199810190nwe.htm,2,,,,NYJ 35,14,7,"Penalty on Kyle Brady: Offensive Holding, 10 yards (accepted)",0.000,-0.140,penalty,,,,,,,,,,,,,,,Kyle Brady
1998,7,October 19,home,New York Jets,https://www.pro-football-reference.com/boxscores/199810190nwe.htm,2,,2,13,NYJ 25,14,7,Curtis Martin right tackle for 5 yards (tackle by Chris Canty and Brandon Mitchell),-0.140,-0.160,run,,,Curtis Martin,,,,,,,,Chris Canty,Brandon Mitchell,,,
1998,7,October 19,home,New York Jets,https://www.pro-football-reference.com/boxscores/199810190nwe.htm,2,,3,8,NYJ 30,14,7,Vinny Testaverde pass incomplete intended for Wayne Chrebet,-0.160,-1.370,pass,,Vinny Testaverde,,Wayne Chrebet,,,,,,,,,,,
1998,7,October 19,home,New York Jets,https://www.pro-football-reference.com/boxscores/199810190nwe.htm,2,,4,8,NYJ 30,14,7,"Brian Hansen punts 40 yards, returned by Troy Brown for 1 yard (tackle by Corwin Brown and Marcus Coleman)",-1.370,-1.000,punt,,,,,,,Brian Hansen,,Troy Brown,,Corwin Brown,Marcus Coleman,,,
1998,7,October 19,home,New York Jets,https://www.pro-football-reference.com/boxscores/199810190nwe.htm,2,6:19,1,10,NWE 31,14,7,Drew Bledsoe pass complete to Troy Brown for 8 yards (tackle by Aaron Glenn and Dwayne Gordon),1.000,1.540,pass,,Drew Bledsoe,,Troy Brown,,,,,,,Aaron Glenn,Dwayne Gordon,,,
1998,7,October 19,home,New York Jets,https://www.pro-football-reference.com/boxscores/199810190nwe.htm,2,,2,2,NWE 39,14,7,"Robert Edwards right end for 5 yards (tackle by Aaron Glenn). Penalty on Ben Coates: Offensive Holding, 10 yards (accepted) (no play)",1.540,0.190,no_play,,,,,,,,,,,Aaron Glenn,,,,
1998,7,October 19,home,New York Jets,https://www.pro-football-reference.com/boxscores/199810190nwe.htm,2,,2,12,NWE 29,14,7,Robert Edwards right end for 1 yard,0.190,-0.360,run,,,Robert Edwards,,,,,,,,,,,,
1998,7,October 19,home,New York Jets,https://www.pro-football-reference.com/boxscores/199810190nwe.htm,2,,3,11,NWE 30,14,7,"Drew Bledsoe pass incomplete intended for Troy Brown. Penalty on Ray Mickens: Defensive Holding, 5 yards (accepted) (no play)",-0.360,1.270,no_play,,,,,,,,,,,,,,,
1998,7,October 19,home,New York Jets,https://www.pro-football-reference.com/boxscores/199810190nwe.htm,2,,1,10,NWE 35,14,7,Robert Edwards right guard for 4 yards (tackle by Jason Ferguson and Dwayne Gordon),1.270,1.260,run,,,Robert Edwards,,,,,,,,Jason Ferguson,Dwayne Gordon,,,
1998,7,October 19,home,New York Jets,https://www.pro-football-reference.com/boxscores/199810190nwe.htm,2,,2,6,NWE 39,14,7,Robert Edwards right tackle for 1 yard (tackle by Rick Lyle),1.260,0.700,run,,,Robert Edwards,,,,,,,,Rick Lyle,,,,
1998,7,October 19,home,New York Jets,https://www.pro-football-reference.com/boxscores/199810190nwe.htm,2,,3,5,NWE 40,14,7,Drew Bledsoe pass complete to Lovett Purnell for 4 yards (tackle by Mo Lewis),0.700,-0.460,pass,,Drew Bledsoe,,Lovett Purnell,,,,,,,Mo Lewis,,,,
1998,7,October 19,home,New York Jets,https://www.pro-football-reference.com/boxscores/199810190nwe.htm,2,,4,1,NWE 44,14,7,"Tom Tupa punts 52 yards, returned by Leon Johnson for 13 yards (tackle by Marty Moore and Larry Whigham). Penalty on Chris Floyd: Illegal Downfield Kick, 5 yards (accepted) (no play)",-0.460,-0.780,no_play,,,,,,,,,,,Marty Moore,Larry Whigham,,,
1998,7,October 19,home,New York Jets,https://www.pro-football-reference.com/boxscores/199810190nwe.htm,2,,4,6,NWE 39,14,7,"Tom Tupa punts 38 yards, returned by Leon Johnson for 3 yards (tackle by Vernon Crawford)",-0.780,-0.670,punt,,,,,,,Tom Tupa,,Leon Johnson,,Vernon Crawford,,,,
1998,7,October 19,home,New York Jets,https://www.pro-football-reference.com/boxscores/199810190nwe.htm,2,2:45,1,10,NYJ 26,14,7,Vinny Testaverde pass incomplete intended for Keyshawn Johnson,0.670,0.130,pass,,Vinny Testaverde,,Keyshawn Johnson,,,,,,,,,,,
1998,7,October 19,home,New York Jets,https://www.pro-football-reference.com/boxscores/199810190nwe.htm,2,,2,10,NYJ 26,14,7,"Curtis Martin left guard for 6 yards (tackle by Tedy Bruschi and Steve Israel). Penalty on Kevin Mawae: Offensive Holding, 10 yards (accepted) (no play)",0.130,-1.370,no_play,,,,,,,,,,,Tedy Bruschi,Steve Israel,,,
1998,7,October 19,home,New York Jets,https://www.pro-football-reference.com/boxscores/199810190nwe.htm,2,,2,20,NYJ 16,14,7,Curtis Martin right guard for 10 yards (tackle by Willie Clay and Henry Thomas),-1.370,-0.560,run,,,Curtis Martin,,,,,,,,Willie Clay,Henry Thomas,,,
1998,7,October 19,home,New York Jets,https://www.pro-football-reference.com/boxscores/199810190nwe.htm,2,2:00,3,10,NYJ 26,14,7,Vinny Testaverde pass complete to Keyshawn Johnson for 29 yards (tackle by Ty Law),-0.560,2.590,pass,,Vinny Testaverde,,Keyshawn Johnson,,,,,,,Ty Law,,,,
1998,7,October 19,home,New York Jets,https://www.pro-football-reference.com/boxscores/199810190nwe.htm,2,1:28,1,10,NWE 45,14,7,"Vinny Testaverde pass incomplete intended for Alex Van Dyke. Penalty on Steve Israel: Illegal Use of Hands, 5 yards (accepted) (no play)",2.590,2.920,no_play,,,,,,,,,,,,,,,
1998,7,October 19,home,New York Jets,https://www.pro-football-reference.com/boxscores/199810190nwe.htm,2,1:24,1,10,NWE 40,14,7,Vinny Testaverde pass complete to Leon Johnson for 11 yards (tackle by Ty Law and Henry Thomas),2.920,3.640,pass,,Vinny Testaverde,,Leon Johnson,,,,,,,Ty Law,Henry Thomas,,,
1998,7,October 19,home,New York Jets,https://www.pro-football-reference.com/boxscores/199810190nwe.htm,2,1:00,1,10,NWE 29,14,7,Vinny Testaverde pass complete to Leon Johnson for 5 yards (tackle by Steve Israel),3.640,3.780,pass,,Vinny Testaverde,,Leon Johnson,,,,,,,Steve Israel,,,,
1998,7,October 19,home,New York Jets,https://www.pro-football-reference.com/boxscores/199810190nwe.htm,2,0:55,2,5,NWE 24,14,7,Leon Johnson middle for 3 yards (tackle by Lawyer Milloy and Larry Whigham),3.780,3.470,run,,,Leon Johnson,,,,,,,,Lawyer Milloy,Larry Whigham,,,
1998,7,October 19,home,New York Jets,https://www.pro-football-reference.com/boxscores/199810190nwe.htm,2,0:34,3,2,NWE 21,14,7,Vinny Testaverde pass complete to Alex Van Dyke for 15 yards (tackle by Chris Canty),3.470,5.830,pass,,Vinny Testaverde,,Alex Van Dyke,,,,,,,Chris Canty,,,,
1998,7,October 19,home,New York Jets,https://www.pro-football-reference.com/boxscores/199810190nwe.htm,2,0:29,1,6,NWE 6,14,7,"Vinny Testaverde pass incomplete intended for Kyle Brady. Penalty on Matt O'Dwyer: Illegal Use of Hands, 10 yards (accepted) (no play)",5.830,4.310,no_play,,,,,,,,,,,,,,,
1998,7,October 19,home,New York Jets,https://www.pro-football-reference.com/boxscores/199810190nwe.htm,2,0:25,1,16,NWE 16,14,7,Vinny Testaverde sacked by Chris Sullivan for 1 yard,4.310,3.240,pass,,Vinny Testaverde,,,,Chris Sullivan,,,,,,,,,
1998,7,October 19,home,New York Jets,https://www.pro-football-reference.com/boxscores/199810190nwe.htm,2,0:19,2,17,NWE 17,14,7,Vinny Testaverde pass complete to Kyle Brady for 12 yards (tackle by Chris Canty and Brandon Mitchell),3.240,4.260,pass,,Vinny Testaverde,,Kyle Brady,,,,,,,Chris Canty,Brandon Mitchell,,,
1998,7,October 19,home,New York Jets,https://www.pro-football-reference.com/boxscores/199810190nwe.htm,2,0:06,3,5,NWE 5,14,7,Vinny Testaverde pass incomplete intended for Keyshawn Johnson,4.260,3.010,pass,,Vinny Testaverde,,Keyshawn Johnson,,,,,,,,,,,
1998,7,October 19,home,New York Jets,https://www.pro-football-reference.com/boxscores/199810190nwe.htm,2,0:03,4,5,NWE 5,14,10,John Hall 23 yard field goal good,3.010,3.000,field_goal,,,,,,,,John Hall,,,,,,,
1998,7,October 19,home,New York Jets,https://www.pro-football-reference.com/boxscores/199810190nwe.htm,3,15:00,,,NWE 30,14,10,"Adam Vinatieri kicks off 55 yards, returned by Leon Johnson for 16 yards (tackle by Vernon Crawford and Steve Lofton)",0.000,-1.000,kickoff,,,,,,,,Adam Vinatieri,Leon Johnson,,Vernon Crawford,Steve Lofton,,,
1998,7,October 19,home,New York Jets,https://www.pro-football-reference.com/boxscores/199810190nwe.htm,3,,1,10,NYJ 31,14,10,Vinny Testaverde pass incomplete intended for Wayne Chrebet,1.000,0.460,pass,,Vinny Testaverde,,Wayne Chrebet,,,,,,,,,,,
1998,7,October 19,home,New York Jets,https://www.pro-football-reference.com/boxscores/199810190nwe.htm,3,,2,10,NYJ 31,14,10,Curtis Martin left tackle for 5 yards (tackle by Ted Johnson and Brandon Mitchell),0.460,0.430,run,,,Curtis Martin,,,,,,,,Ted Johnson,Brandon Mitchell,,,
1998,7,October 19,home,New York Jets,https://www.pro-football-reference.com/boxscores/199810190nwe.htm,3,,3,5,NYJ 36,14,10,Leon Johnson left guard for -1 yards (tackle by Chris Slade),0.430,-1.040,run,,,Leon Johnson,,,,,,,,Chris Slade,,,,
1998,7,October 19,home,New York Jets,https://www.pro-football-reference.com/boxscores/199810190nwe.htm,3,,4,6,NYJ 35,14,10,Brian Hansen punts 39 yards,-1.040,-0.670,punt,,,,,,,Brian Hansen,,,,,,,,
1998,7,October 19,home,New York Jets,https://www.pro-football-reference.com/boxscores/199810190nwe.htm,3,13:37,1,10,NWE 26,14,10,Robert Edwards right end for 1 yard (tackle by Pepper Johnson and Mo Lewis),0.670,0.270,run,,,Robert Edwards,,,,,,,,Pepper Johnson,Mo Lewis,,,
1998,7,October 19,home,New York Jets,https://www.pro-football-reference.com/boxscores/199810190nwe.htm,3,,2,9,NWE 27,14,10,Drew Bledsoe pass complete to Robert Edwards for 7 yards (tackle by Jason Ferguson and Pepper Johnson),0.270,0.500,pass,,Drew Bledsoe,,Robert Edwards,,,,,,,Jason Ferguson,Pepper Johnson,,,
1998,7,October 19,home,New York Jets,https://www.pro-football-reference.com/boxscores/199810190nwe.htm,3,,3,2,NWE 34,14,10,Drew Bledsoe pass incomplete intended for Robert Edwards,0.500,-1.110,pass,,Drew Bledsoe,,Robert Edwards,,,,,,,,,,,
1998,7,October 19,home,New York Jets,https://www.pro-football-reference.com/boxscores/199810190nwe.htm,3,,4,2,NWE 34,14,10,Tom Tupa punts 38 yards,-1.110,-0.810,punt,,,,,,,Tom Tupa,,,,,,,,
1998,7,October 19,home,New York Jets,https://www.pro-football-reference.com/boxscores/199810190nwe.htm,3,12:02,1,10,NYJ 28,14,10,Curtis Martin middle for 3 yards (tackle by Chris Slade),0.810,0.670,run,,,Curtis Martin,,,,,,,,Chris Slade,,,,
1998,7,October 19,home,New York Jets,https://www.pro-football-reference.com/boxscores/199810190nwe.htm,3,,2,7,NYJ 31,14,10,Vinny Testaverde pass complete to Wayne Chrebet for 8 yards (tackle by Todd Collins),0.670,1.530,pass,,Vinny Testaverde,,Wayne Chrebet,,,,,,,Todd Collins,,,,
1998,7,October 19,home,New York Jets,https://www.pro-football-reference.com/boxscores/199810190nwe.htm,3,,1,10,NYJ 39,14,10,Curtis Martin left tackle for 2 yards (tackle by Willie Clay and Chad Eaton),1.530,1.260,run,,,Curtis Martin,,,,,,,,Willie Clay,Chad Eaton,,,
1998,7,October 19,home,New York Jets,https://www.pro-football-reference.com/boxscores/199810190nwe.htm,3,,2,8,NYJ 41,14,10,Curtis Martin right tackle for 2 yards (tackle by Chris Slade),1.260,0.830,run,,,Curtis Martin,,,,,,,,Chris Slade,,,,
1998,7,October 19,home,New York Jets,https://www.pro-football-reference.com/boxscores/199810190nwe.htm,3,,3,6,NYJ 43,14,10,Vinny Testaverde pass complete to Wayne Chrebet for 10 yards (tackle by Steve Israel),0.830,2.460,pass,,Vinny Testaverde,,Wayne Chrebet,,,,,,,Steve Israel,,,,
1998,7,October 19,home,New York Jets,https://www.pro-football-reference.com/boxscores/199810190nwe.htm,3,,1,10,NWE 47,14,10,Vinny Testaverde pass incomplete intended for Curtis Martin,2.460,1.910,pass,,Vinny Testaverde,,Curtis Martin,,,,,,,,,,,
1998,7,October 19,home,New York Jets,https://www.pro-football-reference.com/boxscores/199810190nwe.htm,3,,2,10,NWE 47,14,10,Curtis Martin left guard for 1 yard (tackle by Tedy Bruschi and Chad Eaton),1.910,1.350,run,,,Curtis Martin,,,,,,,,Tedy Bruschi,Chad Eaton,,,
1998,7,October 19,home,New York Jets,https://www.pro-football-reference.com/boxscores/199810190nwe.htm,3,,3,9,NWE 46,14,10,Vinny Testaverde pass incomplete intended for Keyshawn Johnson,1.350,0.200,pass,,Vinny Testaverde,,Keyshawn Johnson,,,,,,,,,,,
1998,7,October 19,home,New York Jets,https://www.pro-football-reference.com/boxscores/199810190nwe.htm,3,,4,9,NWE 46,14,10,Brian Hansen punts 38 yards,0.200,0.000,punt,,,,,,,Brian Hansen,,,,,,,,
1998,7,October 19,home,New York Jets,https://www.pro-football-reference.com/boxscores/199810190nwe.htm,3,,,,NWE 8,14,10,"Penalty on Ferric Collons: Unnecessary Roughness, 4 yards (accepted)",0.000,0.000,penalty,,,,,,,,,,,,,,,Ferric Collons
1998,7,October 19,home,New York Jets,https://www.pro-football-reference.com/boxscores/199810190nwe.htm,3,,,,NWE 8,14,10,Penalty on Ferric Collons: Offensive Holding (declined),0.000,0.380,penalty,,,,,,,,,,,,,,,Ferric Collons
1998,7,October 19,home,New York Jets,https://www.pro-football-reference.com/boxscores/199810190nwe.htm,3,8:29,1,10,NWE 4,14,10,Robert Edwards middle for 4 yards (tackle by Dwayne Gordon and Rick Lyle),-0.380,-0.490,run,,,Robert Edwards,,,,,,,,Dwayne Gordon,Rick Lyle,,,
1998,7,October 19,home,New York Jets,https://www.pro-football-reference.com/boxscores/199810190nwe.htm,3,,2,6,NWE 8,14,10,Drew Bledsoe pass incomplete intended for Terry Glenn,-0.490,-0.950,pass,,Drew Bledsoe,,Terry Glenn,,,,,,,,,,,
1998,7,October 19,home,New York Jets,https://www.pro-football-reference.com/boxscores/199810190nwe.htm,3,,3,6,NWE 8,14,10,Drew Bledsoe pass complete to Troy Brown for 10 yards (tackle by Marcus Coleman and Victor Green),-0.950,0.040,pass,,Drew Bledsoe,,Troy Brown,,,,,,,Marcus Coleman,Victor Green,,,
1998,7,October 19,home,New York Jets,https://www.pro-football-reference.com/boxscores/199810190nwe.htm,3,,1,10,NWE 18,14,10,"Drew Bledsoe pass complete to Terry Glenn for 44 yards (tackle by Otis Smith). Penalty on Ben Coates: Illegal Motion, 5 yards (accepted) (no play)",0.040,-0.450,no_play,,,,,,,,,,,Otis Smith,,,,
1998,7,October 19,home,New York Jets,https://www.pro-football-reference.com/boxscores/199810190nwe.htm,3,,1,15,NWE 13,14,10,Robert Edwards right end for 14 yards (tackle by Kevin Williams),-0.450,0.820,run,,,Robert Edwards,,,,,,,,Kevin Williams,,,,
1998,7,October 19,home,New York Jets,https://www.pro-football-reference.com/boxscores/199810190nwe.htm,3,,2,1,NWE 27,14,10,"Penalty on Ben Coates: False Start, 5 yards (accepted)",0.820,0.140,penalty,,,,,,,,,,,,,,,Ben Coates
1998,7,October 19,home,New York Jets,https://www.pro-football-reference.com/boxscores/199810190nwe.htm,3,,2,6,NWE 22,14,10,Drew Bledsoe pass complete to Tony Carter for 19 yards (tackle by Pepper Johnson),0.140,1.660,pass,,Drew Bledsoe,,Tony Carter,,,,,,,Pepper Johnson,,,,
1998,7,October 19,home,New York Jets,https://www.pro-football-reference.com/boxscores/199810190nwe.htm,3,,1,10,NWE 41,14,10,Drew Bledsoe pass complete to Terry Glenn for 29 yards (tackle by Victor Green and Otis Smith),1.660,3.580,pass,,Drew Bledsoe,,Terry Glenn,,,,,,,Victor Green,Otis Smith,,,
1998,7,October 19,home,New York Jets,https://www.pro-football-reference.com/boxscores/199810190nwe.htm,3,,1,10,NYJ 30,14,10,Drew Bledsoe pass complete to Shawn Jefferson for 13 yards (tackle by Aaron Glenn),3.580,4.440,pass,,Drew Bledsoe,,Shawn Jefferson,,,,,,,Aaron Glenn,,,,
1998,7,October 19,home,New York Jets,https://www.pro-football-reference.com/boxscores/199810190nwe.htm,3,,1,10,NYJ 17,14,10,Robert Edwards middle for 2 yards (tackle by Jason Ferguson and Pepper Johnson),4.440,4.150,run,,,Robert Edwards,,,,,,,,Jason Ferguson,Pepper Johnson,,,
1998,7,October 19,home,New York Jets,https://www.pro-football-reference.com/boxscores/199810190nwe.htm,3,,2,8,NYJ 15,14,10,Drew Bledsoe pass complete to Tony Carter for 2 yards (tackle by Mo Lewis),4.150,3.680,pass,,Drew Bledsoe,,Tony Carter,,,,,,,Mo Lewis,,,,
1998,7,October 19,home,New York Jets,https://www.pro-football-reference.com/boxscores/199810190nwe.htm,3,,3,6,NYJ 13,14,10,"Penalty on Lovett Purnell: False Start, 5 yards (accepted)",3.680,3.000,penalty,,,,,,,,,,,,,,,Lovett Purnell
1998,7,October 19,home,New York Jets,https://www.pro-football-reference.com/boxscores/199810190nwe.htm,3,,3,11,NYJ 18,14,10,Drew Bledsoe pass intended for Shawn Jefferson is intercepted by Aaron Glenn at NY0 and returned for no gain,3.000,-0.280,pass,,Drew Bledsoe,,Shawn Jefferson,Aaron Glenn,,,,,,,,,,
1998,7,October 19,home,New York Jets,https://www.pro-football-reference.com/boxscores/199810190nwe.htm,3,2:29,1,10,NYJ 20,14,10,Vinny Testaverde pass incomplete intended for Wayne Chrebet,0.280,-0.270,pass,,Vinny Testaverde,,Wayne Chrebet,,,,,,,,,,,
1998,7,October 19,home,New York Jets,https://www.pro-football-reference.com/boxscores/199810190nwe.htm,3,,2,10,NYJ 20,14,10,Vinny Testaverde pass complete to Keyshawn Johnson for 10 yards (tackle by Willie Clay and Ty Law),-0.270,0.940,pass,,Vinny Testaverde,,Keyshawn Johnson,,,,,,,Willie Clay,Ty Law,,,
1998,7,October 19,home,New York Jets,https://www.pro-football-reference.com/boxscores/199810190nwe.htm,3,,1,10,NYJ 30,14,10,Vinny Testaverde pass incomplete intended for Kyle Brady,0.940,0.390,pass,,Vinny Testaverde,,Kyle Brady,,,,,,,,,,,
1998,7,October 19,home,New York Jets,https://www.pro-football-reference.com/boxscores/199810190nwe.htm,3,,2,10,NYJ 30,14,10,"Penalty on Matt O'Dwyer: False Start, 5 yards (accepted)",0.390,-0.280,penalty,,,,,,,,,,,,,,,Matt O'Dwyer
1998,7,October 19,home,New York Jets,https://www.pro-football-reference.com/boxscores/199810190nwe.htm,3,,2,15,NYJ 25,14,10,Curtis Martin left tackle for no gain (tackle by Chris Canty),-0.280,-0.960,run,,,Curtis Martin,,,,,,,,Chris Canty,,,,
1998,7,October 19,home,New York Jets,https://www.pro-football-reference.com/boxscores/199810190nwe.htm,3,,3,15,NYJ 25,14,10,"Vinny Testaverde pass complete to Wayne Chrebet for 14 yards (tackle by Chris Carter). Penalty on Ty Law: Defensive Holding, 5 yards (accepted) (no play)",-0.960,0.940,no_play,,,,,,,,,,,Chris Carter,,,,
1998,7,October 19,home,New York Jets,https://www.pro-football-reference.com/boxscores/199810190nwe.htm,3,,1,10,NYJ 30,14,10,Vinny Testaverde sacked by Chad Eaton for 5 yards,0.940,-0.280,pass,,Vinny Testaverde,,,,Chad Eaton,,,,,,,,,
1998,7,October 19,home,New York Jets,https://www.pro-football-reference.com/boxscores/199810190nwe.htm,3,,2,15,NYJ 25,14,10,Vinny Testaverde pass complete to Dedric Ward for 17 yards (tackle by Steve Israel),-0.280,1.730,pass,,Vinny Testaverde,,Dedric Ward,,,,,,,Steve Israel,,,,
1998,7,October 19,home,New York Jets,https://www.pro-football-reference.com/boxscores/199810190nwe.htm,4,15:00,1,10,NYJ 42,14,10,Vinny Testaverde pass complete to Kyle Brady for 6 yards (tackle by Steve Israel),1.730,2.000,pass,,Vinny Testaverde,,Kyle Brady,,,,,,,Steve Israel,,,,
1998,7,October 19,home,New York Jets,https://www.pro-football-reference.com/boxscores/199810190nwe.htm,4,,2,4,NYJ 48,14,10,Curtis Martin left guard for 1 yard (tackle by Lawyer Milloy and Henry Thomas),2.000,1.420,run,,,Curtis Martin,,,,,,,,Lawyer Milloy,Henry Thomas,,,
1998,7,October 19,home,New York Jets,https://www.pro-football-reference.com/boxscores/199810190nwe.htm,4,,3,3,NYJ 49,14,10,Vinny Testaverde pass complete to Wayne Chrebet for 5 yards (tackle by Tedy Bruschi),1.420,2.520,pass,,Vinny Testaverde,,Wayne Chrebet,,,,,,,Tedy Bruschi,,,,
1998,7,October 19,home,New York Jets,https://www.pro-football-reference.com/boxscores/199810190nwe.htm,4,,1,10,NWE 46,14,10,Vinny Testaverde pass complete to Curtis Martin for 9 yards (tackle by Todd Collins and Ted Johnson),2.520,3.190,pass,,Vinny Testaverde,,Curtis Martin,,,,,,,Todd Collins,Ted Johnson,,,
1998,7,October 19,home,New York Jets,https://www.pro-football-reference.com/boxscores/199810190nwe.htm,4,,2,1,NWE 37,14,10,Vinny Testaverde pass complete to Keith Byars for 6 yards (tackle by Lawyer Milloy),3.190,3.510,pass,,Vinny Testaverde,,Keith Byars,,,,,,,Lawyer Milloy,,,,
1998,7,October 19,home,New York Jets,https://www.pro-football-reference.com/boxscores/199810190nwe.htm,4,,1,10,NWE 31,14,10,Curtis Martin right tackle for 1 yard (tackle by Chris Canty and Ty Law),3.510,3.100,run,,,Curtis Martin,,,,,,,,Chris Canty,Ty Law,,,
1998,7,October 19,home,New York Jets,https://www.pro-football-reference.com/boxscores/199810190nwe.htm,4,,2,9,NWE 30,14,10,Vinny Testaverde pass complete to Keyshawn Johnson for 19 yards (tackle by Willie Clay),3.100,4.840,pass,,Vinny Testaverde,,Keyshawn Johnson,,,,,,,Willie Clay,,,,
1998,7,October 19,home,New York Jets,https://www.pro-football-reference.com/boxscores/199810190nwe.htm,4,,1,10,NWE 11,14,10,Curtis Martin right end for 7 yards,4.840,5.470,run,,,Curtis Martin,,,,,,,,,,,,
1998,7,October 19,home,New York Jets,https://www.pro-football-reference.com/boxscores/199810190nwe.htm,4,,2,3,NWE 4,14,10,Curtis Martin right guard for 3 yards (tackle by Willie Clay and Ted Johnson),5.470,6.970,run,,,Curtis Martin,,,,,,,,Willie Clay,Ted Johnson,,,
1998,7,October 19,home,New York Jets,https://www.pro-football-reference.com/boxscores/199810190nwe.htm,4,,1,1,NWE 1,14,10,Curtis Martin left guard for no gain (tackle by Todd Collins and Ted Johnson),6.970,5.910,run,,,Curtis Martin,,,,,,,,Todd Collins,Ted Johnson,,,
1998,7,October 19,home,New York Jets,https://www.pro-football-reference.com/boxscores/199810190nwe.htm,4,,2,1,NWE 1,14,16,"Vinny Testaverde pass complete to Kyle Brady for 1 yard, touchdown",5.910,7.000,pass,,Vinny Testaverde,,Kyle Brady,,,,,,,,,,,
1998,7,October 19,home,New York Jets,https://www.pro-football-reference.com/boxscores/199810190nwe.htm,4,8:54,,,,14,17,John Hall kicks extra point good,0.000,0.000,extra_point,,,,,,,,John Hall,,,,,,,
1998,7,October 19,home,New York Jets,https://www.pro-football-reference.com/boxscores/199810190nwe.htm,4,,,,NYJ 30,14,17,"John Hall kicks off 61 yards, returned by Derrick Cullors for 9 yards (tackle by John Hall). Penalty on Chris Carter: Offensive Holding, 9 yards (accepted)",0.000,0.380,kickoff,,,,,,,,John Hall,Derrick Cullors,,John Hall,,,,
1998,7,October 19,home,New York Jets,https://www.pro-football-reference.com/boxscores/199810190nwe.htm,4,,1,10,NWE 9,14,17,Drew Bledsoe pass incomplete intended for Tony Carter,-0.380,-0.780,pass,,Drew Bledsoe,,Tony Carter,,,,,,,,,,,
1998,7,October 19,home,New York Jets,https://www.pro-football-reference.com/boxscores/199810190nwe.htm,4,,2,10,NWE 9,14,17,Robert Edwards left end for 10 yards (tackle by Dwayne Gordon and Ernie Logan),-0.780,0.150,run,,,Robert Edwards,,,,,,,,Dwayne Gordon,Ernie Logan,,,
1998,7,October 19,home,New York Jets,https://www.pro-football-reference.com/boxscores/199810190nwe.htm,4,,1,10,NWE 19,14,17,Robert Edwards middle for 6 yards (tackle by Bryan Cox and Bobby Hamilton),0.150,0.480,run,,,Robert Edwards,,,,,,,,Bryan Cox,Bobby Hamilton,,,
1998,7,October 19,home,New York Jets,https://www.pro-football-reference.com/boxscores/199810190nwe.htm,4,,2,4,NWE 25,14,17,Drew Bledsoe pass complete to Terry Glenn for 5 yards (tackle by Victor Green),0.480,0.940,pass,,Drew Bledsoe,,Terry Glenn,,,,,,,Victor Green,,,,
1998,7,October 19,home,New York Jets,https://www.pro-football-reference.com/boxscores/199810190nwe.htm,4,,1,10,NWE 30,14,17,"Penalty on Drew Bledsoe: False Start, 5 yards (accepted)",0.940,0.610,penalty,,,,,,,,,,,,,,,Drew Bledsoe
1998,7,October 19,home,New York Jets,https://www.pro-football-reference.com/boxscores/199810190nwe.htm,4,,1,15,NWE 25,14,17,Drew Bledsoe pass complete to Robert Edwards for 2 yards (tackle by Bryan Cox),0.610,-0.010,pass,,Drew Bledsoe,,Robert Edwards,,,,,,,Bryan Cox,,,,
1998,7,October 19,home,New York Jets,https://www.pro-football-reference.com/boxscores/199810190nwe.htm,4,,2,13,NWE 27,14,17,Drew Bledsoe pass complete to Ben Coates for 7 yards (tackle by Victor Green and Mo Lewis),-0.010,0.230,pass,,Drew Bledsoe,,Ben Coates,,,,,,,Victor Green,Mo Lewis,,,
1998,7,October 19,home,New York Jets,https://www.pro-football-reference.com/boxscores/199810190nwe.htm,4,,3,6,NWE 34,14,17,Drew Bledsoe pass incomplete intended for Lovett Purnell,0.230,-1.110,pass,,Drew Bledsoe,,Lovett Purnell,,,,,,,,,,,
1998,7,October 19,home,New York Jets,https://www.pro-football-reference.com/boxscores/199810190nwe.htm,4,,4,6,NWE 34,14,17,"Tom Tupa punts 51 yards, returned by Leon Johnson for 19 yards (tackle by Derrick Cullors)",-1.110,-1.200,punt,,,,,,,Tom Tupa,,Leon Johnson,,Derrick Cullors,,,,
1998,7,October 19,home,New York Jets,https://www.pro-football-reference.com/boxscores/199810190nwe.htm,4,4:58,1,10,NYJ 34,14,17,Vinny Testaverde pass complete to Kyle Brady for 20 yards (tackle by Lawyer Milloy),1.200,2.520,pass,,Vinny Testaverde,,Kyle Brady,,,,,,,Lawyer Milloy,,,,
1998,7,October 19,home,New York Jets,https://www.pro-football-reference.com/boxscores/199810190nwe.htm,4,,1,10,NWE 46,14,17,Curtis Martin left tackle for 3 yards (tackle by Ted Johnson and Brandon Mitchell),2.520,2.380,run,,,Curtis Martin,,,,,,,,Ted Johnson,Brandon Mitchell,,,
1998,7,October 19,home,New York Jets,https://www.pro-football-reference.com/boxscores/199810190nwe.htm,4,,2,7,NWE 43,14,23,"Vinny Testaverde pass complete to Dedric Ward for 43 yards, touchdown",2.380,7.000,pass,,Vinny Testaverde,,Dedric Ward,,,,,,,,,,,
1998,7,October 19,home,New York Jets,https://www.pro-football-reference.com/boxscores/199810190nwe.htm,4,3:20,,,,14,24,John Hall kicks extra point good,0.000,0.000,extra_point,,,,,,,,John Hall,,,,,,,
1998,7,October 19,home,New York Jets,https://www.pro-football-reference.com/boxscores/199810190nwe.htm,4,,,,NYJ 30,14,24,"John Hall kicks off 64 yards, returned by Chris Canty for 29 yards (tackle by Corwin Brown and Ray Lucas)",0.000,-1.270,kickoff,,,,,,,,John Hall,Chris Canty,,Corwin Brown,Ray Lucas,,,
1998,7,October 19,home,New York Jets,https://www.pro-football-reference.com/boxscores/199810190nwe.htm,4,3:29,1,10,NWE 35,14,24,Drew Bledsoe sacked by Mo Lewis for 1 yard,1.270,0.590,pass,,Drew Bledsoe,,,,Mo Lewis,,,,,,,,,
1998,7,October 19,home,New York Jets,https://www.pro-football-reference.com/boxscores/199810190nwe.htm,4,,2,11,NWE 34,14,24,Drew Bledsoe sacked by Jerome Henderson for 8 yards,0.590,-1.150,pass,,Drew Bledsoe,,,,Jerome Henderson,,,,,,,,,
1998,7,October 19,home,New York Jets,https://www.pro-football-reference.com/boxscores/199810190nwe.htm,4,,3,19,NWE 26,14,24,Drew Bledsoe pass complete to Shawn Jefferson for 27 yards (tackle by Victor Green),-1.150,2.460,pass,,Drew Bledsoe,,Shawn Jefferson,,,,,,,Victor Green,,,,
1998,7,October 19,home,New York Jets,https://www.pro-football-reference.com/boxscores/199810190nwe.htm,4,2:40,1,10,NYJ 47,14,24,Drew Bledsoe pass incomplete intended for Terry Glenn,2.460,1.910,pass,,Drew Bledsoe,,Terry Glenn,,,,,,,,,,,
1998,7,October 19,home,New York Jets,https://www.pro-football-reference.com/boxscores/199810190nwe.htm,4,,2,10,NYJ 47,14,24,Drew Bledsoe pass incomplete intended for Troy Brown,1.910,1.220,pass,,Drew Bledsoe,,Troy Brown,,,,,,,,,,,
1998,7,October 19,home,New York Jets,https://www.pro-football-reference.com/boxscores/199810190nwe.htm,4,,3,10,NYJ 47,14,24,Drew Bledsoe pass incomplete intended for Shawn Jefferson,1.220,0.130,pass,,Drew Bledsoe,,Shawn Jefferson,,,,,,,,,,,
1998,7,October 19,home,New York Jets,https://www.pro-football-reference.com/boxscores/199810190nwe.htm,4,,4,10,NYJ 47,14,24,Drew Bledsoe pass incomplete intended for Derrick Cullors,0.130,-2.060,pass,,Drew Bledsoe,,Derrick Cullors,,,,,,,,,,,
1998,7,October 19,home,New York Jets,https://www.pro-football-reference.com/boxscores/199810190nwe.htm,4,2:17,1,10,NYJ 47,14,24,Curtis Martin right guard for 3 yards (tackle by Chris Canty and Chris Sullivan),2.060,1.920,run,,,Curtis Martin,,,,,,,,Chris Canty,Chris Sullivan,,,
1998,7,October 19,home,New York Jets,https://www.pro-football-reference.com/boxscores/199810190nwe.htm,4,,2,7,NWE 50,14,24,Curtis Martin left guard for 4 yards (tackle by Chad Eaton and Henry Thomas),1.920,1.750,run,,,Curtis Martin,,,,,,,,Chad Eaton,Henry Thomas,,,
1998,7,October 19,home,New York Jets,https://www.pro-football-reference.com/boxscores/199810190nwe.htm,4,2:08,3,3,NWE 46,14,24,"Vinny Testaverde pass incomplete intended for Keyshawn Johnson. Penalty on Ty Law: Defensive Pass Interference, 13 yards (accepted) (no play)",1.750,0.000,no_play,,,,,,,,,,,,,,,
1998,7,October 19,home,New York Jets,https://www.pro-football-reference.com/boxscores/199810190nwe.htm,4,,,,,14,24,Penalty on Ty Law: Encroachment (declined),0.000,3.380,penalty,,,,,,,,,,,,,,,Ty Law
1998,7,October 19,home,New York Jets,https://www.pro-football-reference.com/boxscores/199810190nwe.htm,4,,1,10,NWE 33,14,24,Curtis Martin right end for 7 yards (tackle by Willie Clay and Henry Thomas),3.380,3.780,run,,,Curtis Martin,,,,,,,,Willie Clay,Henry Thomas,,,
1998,7,October 19,home,New York Jets,https://www.pro-football-reference.com/boxscores/199810190nwe.htm,4,1:59,2,3,NWE 26,14,24,Curtis Martin left tackle for no gain (tackle by Brandon Mitchell),3.780,3.070,run,,,Curtis Martin,,,,,,,,Brandon Mitchell,,,,
1998,7,October 19,home,New York Jets,https://www.pro-football-reference.com/boxscores/199810190nwe.htm,4,1:14,3,3,NWE 26,14,24,Curtis Martin left guard for 3 yards (tackle by Chris Canty and Chad Eaton),3.070,4.040,run,,,Curtis Martin,,,,,,,,Chris Canty,Chad Eaton,,,
1998,7,October 19,home,New York Jets,https://www.pro-football-reference.com/boxscores/199810190nwe.htm,4,0:45,1,10,NWE 23,14,24,Vinny Testaverde kneels for -1 yards,4.040,3.360,run,,,Vinny Testaverde,,,,,,,,,,,,
1998,7,October 19,home,New York Jets,https://www.pro-football-reference.com/boxscores/199810190nwe.htm,4,0:25,2,11,NWE 24,14,24,Vinny Testaverde kneels for -1 yards,3.360,2.540,run,,,Vinny Testaverde,,,,,,,,,,,,
1998,8,October 25,away,Miami Dolphins,https://www.pro-football-reference.com/boxscores/199810250mia.htm,,,,,,,,"Patriots won the coin toss, Dolphins to receive the opening kickoff.",,,other,,,,,,,,,,,,,,,
1998,8,October 25,away,Miami Dolphins,https://www.pro-football-reference.com/boxscores/199810250mia.htm,1,15:00,,,NWE 30,0,0,"Adam Vinatieri kicks off 72 yards, returned by John Avery for no gain. John Avery fumbles, recovered by Brock Marion at MD1 and returned for 7 yards",0.000,0.380,kickoff,,,,,,,,Adam Vinatieri,John Avery,,,,,Brock Marion,
1998,8,October 25,away,Miami Dolphins,https://www.pro-football-reference.com/boxscores/199810250mia.htm,1,,1,10,MIA 8,0,0,Karim Abdul-Jabbar left end for 2 yards (tackle by Chad Eaton),-0.380,-0.630,run,,,Karim Abdul-Jabbar,,,,,,,,Chad Eaton,,,,
1998,8,October 25,away,Miami Dolphins,https://www.pro-football-reference.com/boxscores/199810250mia.htm,1,,2,8,MIA 10,0,0,Dan Marino pass complete to O.J. McDuffie for 7 yards (tackle by Ty Law),-0.630,-0.370,pass,,Dan Marino,,O.J. McDuffie,,,,,,,Ty Law,,,,
1998,8,October 25,away,Miami Dolphins,https://www.pro-football-reference.com/boxscores/199810250mia.htm,1,,3,1,MIA 17,0,0,Karim Abdul-Jabbar middle for 23 yards (tackle by Willie Clay),-0.370,0.000,run,,,Karim Abdul-Jabbar,,,,,,,,Willie Clay,,,,
1998,8,October 25,away,Miami Dolphins,https://www.pro-football-reference.com/boxscores/199810250mia.htm,1,,,,,0,0,Penalty on Chris Slade: Defensive Offside (declined),0.000,1.600,penalty,,,,,,,,,,,,,,,Chris Slade
1998,8,October 25,away,Miami Dolphins,https://www.pro-football-reference.com/boxscores/199810250mia.htm,1,,1,10,MIA 40,0,0,Dan Marino pass complete to Karim Abdul-Jabbar for -4 yards (tackle by Chris Slade),1.600,0.510,pass,,Dan Marino,,Karim Abdul-Jabbar,,,,,,,Chris Slade,,,,
1998,8,October 25,away,Miami Dolphins,https://www.pro-football-reference.com/boxscores/199810250mia.htm,1,,2,14,MIA 36,0,0,Karim Abdul-Jabbar left tackle for 2 yards (tackle by Chris Slade),0.510,0.100,run,,,Karim Abdul-Jabbar,,,,,,,,Chris Slade,,,,
1998,8,October 25,away,Miami Dolphins,https://www.pro-football-reference.com/boxscores/199810250mia.htm,1,,3,12,MIA 38,0,0,"Dan Marino sacked by Henry Thomas for 6 yards. Dan Marino fumbles (forced by Henry Thomas), recovered by Mark Dixon at MD32",0.100,-1.240,pass,,Dan Marino,,,,Henry Thomas,,,,,,,Henry Thomas,Mark Dixon,
1998,8,October 25,away,Miami Dolphins,https://www.pro-football-reference.com/boxscores/199810250mia.htm,1,,4,18,MIA 32,0,0,"Klaus Wilmsmeyer punts 45 yards, returned by Chris Canty for 36 yards (tackle by Bernie Parmalee)",-1.240,-2.850,punt,,,,,,,Klaus Wilmsmeyer,,Chris Canty,,Bernie Parmalee,,,,
1998,8,October 25,away,Miami Dolphins,https://www.pro-football-reference.com/boxscores/199810250mia.htm,1,10:43,1,10,MIA 41,0,0,Robert Edwards left guard for -1 yards (tackle by Derrick Rodgers and Jason Taylor),2.850,2.170,run,,,Robert Edwards,,,,,,,,Derrick Rodgers,Jason Taylor,,,
1998,8,October 25,away,Miami Dolphins,https://www.pro-football-reference.com/boxscores/199810250mia.htm,1,,2,11,MIA 42,0,0,Robert Edwards middle for 3 yards (tackle by Sam Madison and Zach Thomas),2.170,1.880,run,,,Robert Edwards,,,,,,,,Sam Madison,Zach Thomas,,,
1998,8,October 25,away,Miami Dolphins,https://www.pro-football-reference.com/boxscores/199810250mia.htm,1,,3,8,MIA 39,0,0,Drew Bledsoe pass incomplete intended for Anthony Ladd,1.880,0.660,pass,,Drew Bledsoe,,Anthony Ladd,,,,,,,,,,,
1998,8,October 25,away,Miami Dolphins,https://www.pro-football-reference.com/boxscores/199810250mia.htm,1,,4,8,MIA 39,0,0,"Tom Tupa punts 39 yards, touchback.",0.660,-0.280,punt,,,,,,,Tom Tupa,,,,,,,,
1998,8,October 25,away,Miami Dolphins,https://www.pro-football-reference.com/boxscores/199810250mia.htm,1,9:11,1,10,MIA 20,0,0,Dan Marino pass complete to Lamar Thomas for 21 yards (tackle by Chris Canty),0.280,1.660,pass,,Dan Marino,,Lamar Thomas,,,,,,,Chris Canty,,,,
1998,8,October 25,away,Miami Dolphins,https://www.pro-football-reference.com/boxscores/199810250mia.htm,1,,1,10,MIA 41,0,0,John Avery right guard for -1 yards (tackle by Brandon Mitchell),1.660,0.990,run,,,John Avery,,,,,,,,Brandon Mitchell,,,,
1998,8,October 25,away,Miami Dolphins,https://www.pro-football-reference.com/boxscores/199810250mia.htm,1,,2,11,MIA 40,0,0,Dan Marino sacked by Chad Eaton for 4 yards,0.990,-0.230,pass,,Dan Marino,,,,Chad Eaton,,,,,,,,,
1998,8,October 25,away,Miami Dolphins,https://www.pro-football-reference.com/boxscores/199810250mia.htm,1,,3,15,MIA 36,0,0,Dan Marino pass intended for O.J. McDuffie is intercepted by Larry Whigham at MD45 and returned for no gain,-0.230,-2.590,pass,,Dan Marino,,O.J. McDuffie,Larry Whigham,,,,,,,,,,
1998,8,October 25,away,Miami Dolphins,https://www.pro-football-reference.com/boxscores/199810250mia.htm,1,7:08,1,10,MIA 45,0,0,Drew Bledsoe pass incomplete intended for Lovett Purnell,2.590,2.040,pass,,Drew Bledsoe,,Lovett Purnell,,,,,,,,,,,
1998,8,October 25,away,Miami Dolphins,https://www.pro-football-reference.com/boxscores/199810250mia.htm,1,,2,10,MIA 45,0,0,Drew Bledsoe pass incomplete intended for Shawn Jefferson,2.040,1.360,pass,,Drew Bledsoe,,Shawn Jefferson,,,,,,,,,,,
1998,8,October 25,away,Miami Dolphins,https://www.pro-football-reference.com/boxscores/199810250mia.htm,1,,3,10,MIA 45,0,0,"Penalty on Drew Bledsoe: Intentional Grounding, 13 yards (accepted)",1.360,-0.590,penalty,,,,,,,,,,,,,,,Drew Bledsoe
1998,8,October 25,away,Miami Dolphins,https://www.pro-football-reference.com/boxscores/199810250mia.htm,1,,4,23,NWE 42,0,0,"Tom Tupa punts 58 yards, touchback.",-0.590,-0.280,punt,,,,,,,Tom Tupa,,,,,,,,
1998,8,October 25,away,Miami Dolphins,https://www.pro-football-reference.com/boxscores/199810250mia.htm,1,6:36,1,10,MIA 20,0,0,Karim Abdul-Jabbar right guard for 5 yards (tackle by Mark Wheeler),0.280,0.410,run,,,Karim Abdul-Jabbar,,,,,,,,Mark Wheeler,,,,
1998,8,October 25,away,Miami Dolphins,https://www.pro-football-reference.com/boxscores/199810250mia.htm,1,,2,5,MIA 25,0,0,Dan Marino pass complete to Ed Perry for 13 yards (tackle by Lawyer Milloy),0.410,1.470,pass,,Dan Marino,,Ed Perry,,,,,,,Lawyer Milloy,,,,
1998,8,October 25,away,Miami Dolphins,https://www.pro-football-reference.com/boxscores/199810250mia.htm,1,,1,10,MIA 38,0,0,Dan Marino pass incomplete intended for Oronde Gadsden,1.470,0.920,pass,,Dan Marino,,Oronde Gadsden,,,,,,,,,,,
1998,8,October 25,away,Miami Dolphins,https://www.pro-football-reference.com/boxscores/199810250mia.htm,1,,2,10,MIA 38,0,0,Karim Abdul-Jabbar right tackle for 2 yards (tackle by Ted Johnson and Chris Slade),0.920,0.500,run,,,Karim Abdul-Jabbar,,,,,,,,Ted Johnson,Chris Slade,,,
1998,8,October 25,away,Miami Dolphins,https://www.pro-football-reference.com/boxscores/199810250mia.htm,1,,3,8,MIA 40,0,0,Dan Marino pass intended for O.J. McDuffie is intercepted by Willie Clay at NE36 and returned for 19 yards,0.500,-2.590,pass,,Dan Marino,,O.J. McDuffie,Willie Clay,,,,,,,,,,
1998,8,October 25,away,Miami Dolphins,https://www.pro-football-reference.com/boxscores/199810250mia.htm,1,4:24,1,10,MIA 45,0,0,Robert Edwards middle for 5 yards (tackle by Zach Thomas),2.590,2.720,run,,,Robert Edwards,,,,,,,,Zach Thomas,,,,
1998,8,October 25,away,Miami Dolphins,https://www.pro-football-reference.com/boxscores/199810250mia.htm,1,,2,5,MIA 40,0,0,Robert Edwards right end for -5 yards (tackle by Terrell Buckley and Derrick Rodgers),2.720,1.360,run,,,Robert Edwards,,,,,,,,Terrell Buckley,Derrick Rodgers,,,
1998,8,October 25,away,Miami Dolphins,https://www.pro-football-reference.com/boxscores/199810250mia.htm,1,,3,10,MIA 45,0,0,Drew Bledsoe pass incomplete intended for Anthony Ladd,1.360,0.270,pass,,Drew Bledsoe,,Anthony Ladd,,,,,,,,,,,
1998,8,October 25,away,Miami Dolphins,https://www.pro-football-reference.com/boxscores/199810250mia.htm,1,,4,10,MIA 45,0,0,Tom Tupa punts 36 yards,0.270,0.380,punt,,,,,,,Tom Tupa,,,,,,,,
1998,8,October 25,away,Miami Dolphins,https://www.pro-football-reference.com/boxscores/199810250mia.htm,1,2:48,1,10,MIA 10,0,0,Karim Abdul-Jabbar left guard for 5 yards (tackle by Chris Sullivan),-0.380,-0.350,run,,,Karim Abdul-Jabbar,,,,,,,,Chris Sullivan,,,,
1998,8,October 25,away,Miami Dolphins,https://www.pro-football-reference.com/boxscores/199810250mia.htm,1,,2,5,MIA 15,0,0,Karim Abdul-Jabbar right end for -3 yards (tackle by Willie Clay and Henry Thomas),-0.350,-1.190,run,,,Karim Abdul-Jabbar,,,,,,,,Willie Clay,Henry Thomas,,,
1998,8,October 25,away,Miami Dolphins,https://www.pro-football-reference.com/boxscores/199810250mia.htm,1,,3,8,MIA 12,0,0,Dan Marino pass complete to Bernie Parmalee for 20 yards (tackle by Willie Clay and Lawyer Milloy),-1.190,1.070,pass,,Dan Marino,,Bernie Parmalee,,,,,,,Willie Clay,Lawyer Milloy,,,
1998,8,October 25,away,Miami Dolphins,https://www.pro-football-reference.com/boxscores/199810250mia.htm,1,,1,10,MIA 32,0,0,Karim Abdul-Jabbar left end for -5 yards (tackle by Ted Johnson),1.070,-0.150,run,,,Karim Abdul-Jabbar,,,,,,,,Ted Johnson,,,,
1998,8,October 25,away,Miami Dolphins,https://www.pro-football-reference.com/boxscores/199810250mia.htm,2,15:00,2,15,MIA 27,0,0,Dan Marino pass complete to Karim Abdul-Jabbar for 10 yards (tackle by Chris Canty),-0.150,0.500,pass,,Dan Marino,,Karim Abdul-Jabbar,,,,,,,Chris Canty,,,,
1998,8,October 25,away,Miami Dolphins,https://www.pro-football-reference.com/boxscores/199810250mia.htm,2,,3,5,MIA 37,0,0,Dan Marino pass complete to O.J. McDuffie for 12 yards (tackle by Ty Law),0.500,2.190,pass,,Dan Marino,,O.J. McDuffie,,,,,,,Ty Law,,,,
1998,8,October 25,away,Miami Dolphins,https://www.pro-football-reference.com/boxscores/199810250mia.htm,2,,1,10,MIA 49,0,0,John Avery right end for no gain (tackle by Mark Wheeler),2.190,1.650,run,,,John Avery,,,,,,,,Mark Wheeler,,,,
1998,8,October 25,away,Miami Dolphins,https://www.pro-football-reference.com/boxscores/199810250mia.htm,2,12:44,2,10,MIA 49,0,0,Dan Marino pass complete to O.J. McDuffie for 17 yards (tackle by Willie Clay),1.650,3.310,pass,,Dan Marino,,O.J. McDuffie,,,,,,,Willie Clay,,,,
1998,8,October 25,away,Miami Dolphins,https://www.pro-football-reference.com/boxscores/199810250mia.htm,2,,1,10,NWE 34,0,0,Karim Abdul-Jabbar middle for 1 yard (tackle by Chad Eaton and Brandon Mitchell),3.310,2.910,run,,,Karim Abdul-Jabbar,,,,,,,,Chad Eaton,Brandon Mitchell,,,
1998,8,October 25,away,Miami Dolphins,https://www.pro-football-reference.com/boxscores/199810250mia.htm,2,,2,9,NWE 33,0,0,Dan Marino pass complete to Ed Perry for 2 yards (tackle by Ty Law),2.910,2.480,pass,,Dan Marino,,Ed Perry,,,,,,,Ty Law,,,,
1998,8,October 25,away,Miami Dolphins,https://www.pro-football-reference.com/boxscores/199810250mia.htm,2,,3,7,NWE 31,0,0,Dan Marino pass incomplete intended for Oronde Gadsden,2.480,1.320,pass,,Dan Marino,,Oronde Gadsden,,,,,,,,,,,
1998,8,October 25,away,Miami Dolphins,https://www.pro-football-reference.com/boxscores/199810250mia.htm,2,,4,7,NWE 31,0,3,Olindo Mare 48 yard field goal good,1.320,3.000,field_goal,,,,,,,,Olindo Mare,,,,,,,
1998,8,October 25,away,Miami Dolphins,https://www.pro-football-reference.com/boxscores/199810250mia.htm,2,10:26,,,MIA 30,0,3,"Olindo Mare kicks off 59 yards, returned by Derrick Cullors for 13 yards (tackle by Derrick Rodgers and Jerry Wilson)",0.000,-0.540,kickoff,,,,,,,,Olindo Mare,Derrick Cullors,,Derrick Rodgers,Jerry Wilson,,,
1998,8,October 25,away,Miami Dolphins,https://www.pro-football-reference.com/boxscores/199810250mia.htm,2,,1,10,NWE 24,0,3,Drew Bledsoe sacked by Daryl Gardener for 9 yards,0.540,-1.350,pass,,Drew Bledsoe,,,,Daryl Gardener,,,,,,,,,
1998,8,October 25,away,Miami Dolphins,https://www.pro-football-reference.com/boxscores/199810250mia.htm,2,,2,19,NWE 15,0,3,"Drew Bledsoe pass incomplete. Penalty on Sam Madison: Defensive Holding, 5 yards (accepted) (no play)",-1.350,0.280,no_play,,,,,,,,,,,,,,,
1998,8,October 25,away,Miami Dolphins,https://www.pro-football-reference.com/boxscores/199810250mia.htm,2,,1,10,NWE 20,0,3,Robert Edwards right end for -1 yards (tackle by Calvin Jackson),0.280,0.000,run,,,Robert Edwards,,,,,,,,Calvin Jackson,,,,
1998,8,October 25,away,Miami Dolphins,https://www.pro-football-reference.com/boxscores/199810250mia.htm,2,,,,,0,3,Penalty on Ben Coates: Illegal Motion (declined),0.000,-0.460,penalty,,,,,,,,,,,,,,,Ben Coates
1998,8,October 25,away,Miami Dolphins,https://www.pro-football-reference.com/boxscores/199810250mia.htm,2,,2,11,NWE 19,0,3,Drew Bledsoe pass complete to Robert Edwards for 8 yards (tackle by Robert Jones),-0.460,-0.030,pass,,Drew Bledsoe,,Robert Edwards,,,,,,,Robert Jones,,,,
1998,8,October 25,away,Miami Dolphins,https://www.pro-football-reference.com/boxscores/199810250mia.htm,2,,3,3,NWE 27,0,3,Drew Bledsoe pass complete to Shawn Jefferson for 54 yards (tackle by Terrell Buckley),-0.030,4.310,pass,,Drew Bledsoe,,Shawn Jefferson,,,,,,,Terrell Buckley,,,,
1998,8,October 25,away,Miami Dolphins,https://www.pro-football-reference.com/boxscores/199810250mia.htm,2,,1,10,MIA 19,0,3,Drew Bledsoe pass complete to Ben Coates for 11 yards (tackle by Calvin Jackson),4.310,5.370,pass,,Drew Bledsoe,,Ben Coates,,,,,,,Calvin Jackson,,,,
1998,8,October 25,away,Miami Dolphins,https://www.pro-football-reference.com/boxscores/199810250mia.htm,2,,1,8,MIA 8,0,3,Robert Edwards left guard for no gain (tackle by Tim Bowens),5.370,4.570,run,,,Robert Edwards,,,,,,,,Tim Bowens,,,,
1998,8,October 25,away,Miami Dolphins,https://www.pro-football-reference.com/boxscores/199810250mia.htm,2,,2,8,MIA 8,0,3,"Drew Bledsoe sacked by Tim Bowens for no gain. Penalty on Zefross Moss: False Start, 5 yards (accepted) (no play)",4.570,3.720,no_play,,,,,,,,,,,,,,,
1998,8,October 25,away,Miami Dolphins,https://www.pro-football-reference.com/boxscores/199810250mia.htm,2,,2,13,MIA 13,0,3,Drew Bledsoe pass incomplete intended for Ben Coates,3.720,3.060,pass,,Drew Bledsoe,,Ben Coates,,,,,,,,,,,
1998,8,October 25,away,Miami Dolphins,https://www.pro-football-reference.com/boxscores/199810250mia.htm,2,,3,13,MIA 13,0,3,Drew Bledsoe pass incomplete intended for Shawn Jefferson,3.060,0.000,pass,,Drew Bledsoe,,Shawn Jefferson,,,,,,,,,,,
1998,8,October 25,away,Miami Dolphins,https://www.pro-football-reference.com/boxscores/199810250mia.htm,2,,,,MIA 13,0,3,"Penalty on Bruce Armstrong: Unsportsmanlike Conduct, 15 yards (accepted)",0.000,0.000,penalty,,,,,,,,,,,,,,,Bruce Armstrong
1998,8,October 25,away,Miami Dolphins,https://www.pro-football-reference.com/boxscores/199810250mia.htm,2,,,,MIA 13,0,3,Penalty on Bruce Armstrong: Offensive Holding (declined),0.000,1.590,penalty,,,,,,,,,,,,,,,Bruce Armstrong
1998,8,October 25,away,Miami Dolphins,https://www.pro-football-reference.com/boxscores/199810250mia.htm,2,,4,28,MIA 28,0,3,Adam Vinatieri 45 yard field goal no good,1.590,-1.330,field_goal,,,,,,,,Adam Vinatieri,,,,,,,
1998,8,October 25,away,Miami Dolphins,https://www.pro-football-reference.com/boxscores/199810250mia.htm,2,6:05,1,10,MIA 36,0,3,Karim Abdul-Jabbar left tackle for -1 yards (tackle by Chad Eaton and Henry Thomas),1.330,0.660,run,,,Karim Abdul-Jabbar,,,,,,,,Chad Eaton,Henry Thomas,,,
1998,8,October 25,away,Miami Dolphins,https://www.pro-football-reference.com/boxscores/199810250mia.htm,2,,2,11,MIA 35,0,3,Karim Abdul-Jabbar middle for 7 yards (tackle by Ted Johnson),0.660,0.890,run,,,Karim Abdul-Jabbar,,,,,,,,Ted Johnson,,,,
1998,8,October 25,away,Miami Dolphins,https://www.pro-football-reference.com/boxscores/199810250mia.htm,2,,3,4,MIA 42,0,3,Dan Marino pass complete to Oronde Gadsden for 12 yards (tackle by Chris Canty and Chris Slade),0.890,2.520,pass,,Dan Marino,,Oronde Gadsden,,,,,,,Chris Canty,Chris Slade,,,
1998,8,October 25,away,Miami Dolphins,https://www.pro-football-reference.com/boxscores/199810250mia.htm,2,,1,10,NWE 46,0,3,Karim Abdul-Jabbar right guard for 7 yards (tackle by Brandon Mitchell),2.520,2.920,run,,,Karim Abdul-Jabbar,,,,,,,,Brandon Mitchell,,,,
1998,8,October 25,away,Miami Dolphins,https://www.pro-football-reference.com/boxscores/199810250mia.htm,2,,2,3,NWE 39,0,3,Karim Abdul-Jabbar left guard for 1 yard (tackle by Ferric Collons and Ted Johnson),2.920,2.350,run,,,Karim Abdul-Jabbar,,,,,,,,Ferric Collons,Ted Johnson,,,
1998,8,October 25,away,Miami Dolphins,https://www.pro-football-reference.com/boxscores/199810250mia.htm,2,,3,2,NWE 38,0,3,Dan Marino pass incomplete intended for O.J. McDuffie,2.350,0.720,pass,,Dan Marino,,O.J. McDuffie,,,,,,,,,,,
1998,8,October 25,away,Miami Dolphins,https://www.pro-football-reference.com/boxscores/199810250mia.htm,2,,4,2,NWE 38,0,3,Klaus Wilmsmeyer punts 29 yards,0.720,0.380,punt,,,,,,,Klaus Wilmsmeyer,,,,,,,,
1998,8,October 25,away,Miami Dolphins,https://www.pro-football-reference.com/boxscores/199810250mia.htm,2,2:27,1,10,NWE 10,0,3,Robert Edwards middle for 4 yards (tackle by Zach Thomas),-0.380,-0.460,run,,,Robert Edwards,,,,,,,,Zach Thomas,,,,
1998,8,October 25,away,Miami Dolphins,https://www.pro-football-reference.com/boxscores/199810250mia.htm,2,2:00,2,6,NWE 14,0,3,Robert Edwards left end for 15 yards (tackle by Zach Thomas),-0.460,0.870,run,,,Robert Edwards,,,,,,,,Zach Thomas,,,,
1998,8,October 25,away,Miami Dolphins,https://www.pro-football-reference.com/boxscores/199810250mia.htm,2,1:46,1,10,NWE 29,0,3,Drew Bledsoe pass complete to Shawn Jefferson for 15 yards,0.870,1.860,pass,,Drew Bledsoe,,Shawn Jefferson,,,,,,,,,,,
1998,8,October 25,away,Miami Dolphins,https://www.pro-football-reference.com/boxscores/199810250mia.htm,2,1:36,1,10,NWE 44,0,3,"Drew Bledsoe sacked by, recovered by Drew Bledsoe at NE38 Shane Burton for 6 yards. Drew Bledsoe fumbles (forced by Shane Burton)",1.860,0.510,pass,,Drew Bledsoe,,,,,,,,,,,Shane Burton,Drew Bledsoe,
1998,8,October 25,away,Miami Dolphins,https://www.pro-football-reference.com/boxscores/199810250mia.htm,2,1:28,2,16,NWE 38,0,3,"Bruce Armstrong for no gain, recovered by Bruce Armstrong at NE34. Drew Bledsoe fumbles",0.510,-0.690,run,,,Bruce Armstrong,,,,,,,,,,,Bruce Armstrong,
1998,8,October 25,away,Miami Dolphins,https://www.pro-football-reference.com/boxscores/199810250mia.htm,2,1:13,3,20,NWE 34,0,3,"Drew Bledsoe pass incomplete intended for Tony Simmons. Penalty on Terrell Buckley: Defensive Holding, 7 yards (accepted) (no play)",-0.690,0.000,no_play,,,,,,,,,,,,,,,
1998,8,October 25,away,Miami Dolphins,https://www.pro-football-reference.com/boxscores/199810250mia.htm,2,,,,,0,3,Penalty on Shane Burton: Defensive Offside (declined),0.000,1.660,penalty,,,,,,,,,,,,,,,Shane Burton
1998,8,October 25,away,Miami Dolphins,https://www.pro-football-reference.com/boxscores/199810250mia.htm,2,1:06,1,10,NWE 41,0,3,"Drew Bledsoe pass complete to Ben Coates for 14 yards (tackle by Terrell Buckley and Zach Thomas). Penalty on Jason Taylor: Defensive Offside, 5 yards (accepted)",1.660,3.320,pass,,Drew Bledsoe,,Ben Coates,,,,,,,Terrell Buckley,Zach Thomas,,,
1998,8,October 25,away,Miami Dolphins,https://www.pro-football-reference.com/boxscores/199810250mia.htm,2,0:39,1,5,MIA 40,0,3,Drew Bledsoe pass intended for Shawn Jefferson is intercepted by Brian Walker at MD22 and returned for no gain,3.320,-0.410,pass,,Drew Bledsoe,,Shawn Jefferson,Brian Walker,,,,,,,,,,
1998,8,October 25,away,Miami Dolphins,https://www.pro-football-reference.com/boxscores/199810250mia.htm,2,0:31,1,10,MIA 22,0,3,Dan Marino kneels for -1 yards (tackle by Mark Wheeler),0.410,-0.270,run,,,Dan Marino,,,,,,,,Mark Wheeler,,,,
1998,8,October 25,away,Miami Dolphins,https://www.pro-football-reference.com/boxscores/199810250mia.htm,3,15:00,,,MIA 30,0,3,"Olindo Mare kicks off 71 yards, returned by Derrick Cullors for 21 yards (tackle by Dwight Hollier)",0.000,-0.280,kickoff,,,,,,,,Olindo Mare,Derrick Cullors,,Dwight Hollier,,,,
1998,8,October 25,away,Miami Dolphins,https://www.pro-football-reference.com/boxscores/199810250mia.htm,3,,1,10,NWE 20,0,3,Robert Edwards middle for -1 yards (tackle by Daryl Gardener),0.280,-0.460,run,,,Robert Edwards,,,,,,,,Daryl Gardener,,,,
1998,8,October 25,away,Miami Dolphins,https://www.pro-football-reference.com/boxscores/199810250mia.htm,3,,2,11,NWE 19,0,3,Drew Bledsoe pass complete to Robert Edwards for 10 yards (tackle by Daryl Gardener and Zach Thomas),-0.460,0.230,pass,,Drew Bledsoe,,Robert Edwards,,,,,,,Daryl Gardener,Zach Thomas,,,
1998,8,October 25,away,Miami Dolphins,https://www.pro-football-reference.com/boxscores/199810250mia.htm,3,,3,1,NWE 29,0,3,Robert Edwards left tackle for no gain (tackle by Kenny Mixon and Zach Thomas),0.230,-1.440,run,,,Robert Edwards,,,,,,,,Kenny Mixon,Zach Thomas,,,
1998,8,October 25,away,Miami Dolphins,https://www.pro-football-reference.com/boxscores/199810250mia.htm,3,,4,1,NWE 29,0,3,Tom Tupa punts 38 yards,-1.440,0.000,punt,,,,,,,Tom Tupa,,,,,,,,
1998,8,October 25,away,Miami Dolphins,https://www.pro-football-reference.com/boxscores/199810250mia.htm,3,,,,MIA 33,0,3,"Penalty on Larry Izzo: Offensive Holding, 10 yards (accepted)",0.000,-0.480,penalty,,,,,,,,,,,,,,,Larry Izzo
1998,8,October 25,away,Miami Dolphins,https://www.pro-football-reference.com/boxscores/199810250mia.htm,3,12:22,1,10,MIA 23,0,3,Karim Abdul-Jabbar left guard for 2 yards (tackle by Todd Collins),0.480,0.200,run,,,Karim Abdul-Jabbar,,,,,,,,Todd Collins,,,,
1998,8,October 25,away,Miami Dolphins,https://www.pro-football-reference.com/boxscores/199810250mia.htm,3,,2,8,MIA 25,0,3,Dan Marino pass complete to O.J. McDuffie for 9 yards (tackle by Ty Law),0.200,1.200,pass,,Dan Marino,,O.J. McDuffie,,,,,,,Ty Law,,,,
1998,8,October 25,away,Miami Dolphins,https://www.pro-football-reference.com/boxscores/199810250mia.htm,3,,1,10,MIA 34,0,3,Karim Abdul-Jabbar left guard for -1 yards (tackle by Brandon Mitchell),1.200,0.520,run,,,Karim Abdul-Jabbar,,,,,,,,Brandon Mitchell,,,,
1998,8,October 25,away,Miami Dolphins,https://www.pro-football-reference.com/boxscores/199810250mia.htm,3,,2,11,MIA 33,0,3,Dan Marino pass incomplete intended for O.J. McDuffie,0.520,-0.160,pass,,Dan Marino,,O.J. McDuffie,,,,,,,,,,,
1998,8,October 25,away,Miami Dolphins,https://www.pro-football-reference.com/boxscores/199810250mia.htm,3,,3,11,MIA 33,0,3,Dan Marino pass complete to Oronde Gadsden for 9 yards (tackle by Chris Canty),-0.160,-0.590,pass,,Dan Marino,,Oronde Gadsden,,,,,,,Chris Canty,,,,
1998,8,October 25,away,Miami Dolphins,https://www.pro-football-reference.com/boxscores/199810250mia.htm,3,,4,2,MIA 42,0,3,"Klaus Wilmsmeyer punts 51 yards, returned by Chris Canty for no gain (tackle by Nate Jacquet). Penalty on Robert Jones: Illegal Downfield Kick, 6 yards (accepted) (no play)",-0.590,-0.980,no_play,,,,,,,,,,,Nate Jacquet,,,,
1998,8,October 25,away,Miami Dolphins,https://www.pro-football-reference.com/boxscores/199810250mia.htm,3,,4,8,MIA 36,0,3,"Klaus Wilmsmeyer punts 56 yards, returned by Chris Canty for 23 yards (tackle by Bernie Parmalee and Ed Perry)",-0.980,-1.000,punt,,,,,,,Klaus Wilmsmeyer,,Chris Canty,,Bernie Parmalee,Ed Perry,,,
1998,8,October 25,away,Miami Dolphins,https://www.pro-football-reference.com/boxscores/199810250mia.htm,3,9:21,1,10,NWE 31,0,3,Drew Bledsoe pass incomplete intended for Anthony Ladd,1.000,0.460,pass,,Drew Bledsoe,,Anthony Ladd,,,,,,,,,,,
1998,8,October 25,away,Miami Dolphins,https://www.pro-football-reference.com/boxscores/199810250mia.htm,3,,2,10,NWE 31,0,3,Sedrick Shaw middle for 1 yard (tackle by Daryl Gardener),0.460,-0.100,run,,,Sedrick Shaw,,,,,,,,Daryl Gardener,,,,
1998,8,October 25,away,Miami Dolphins,https://www.pro-football-reference.com/boxscores/199810250mia.htm,3,,3,9,NWE 32,0,3,Drew Bledsoe pass complete to Robert Edwards for 8 yards (tackle by Lorenzo Bromell and Terrell Buckley),-0.100,-0.720,pass,,Drew Bledsoe,,Robert Edwards,,,,,,,Lorenzo Bromell,Terrell Buckley,,,
1998,8,October 25,away,Miami Dolphins,https://www.pro-football-reference.com/boxscores/199810250mia.htm,3,,4,1,NWE 40,0,3,"Tom Tupa punts 45 yards, returned by Terrell Buckley for 13 yards (tackle by Chris Floyd)",-0.720,0.000,punt,,,,,,,Tom Tupa,,Terrell Buckley,,Chris Floyd,,,,
1998,8,October 25,away,Miami Dolphins,https://www.pro-football-reference.com/boxscores/199810250mia.htm,3,,,,MIA 28,0,3,"Penalty on Larry Izzo: Illegal Block Above the Waist, 10 yards (accepted)",0.000,-0.040,penalty,,,,,,,,,,,,,,,Larry Izzo
1998,8,October 25,away,Miami Dolphins,https://www.pro-football-reference.com/boxscores/199810250mia.htm,3,7:45,1,10,MIA 18,0,3,Dan Marino pass intended for O.J. McDuffie is intercepted by Ty Law at MD29 and returned for no gain,0.040,-3.710,pass,,Dan Marino,,O.J. McDuffie,Ty Law,,,,,,,,,,
1998,8,October 25,away,Miami Dolphins,https://www.pro-football-reference.com/boxscores/199810250mia.htm,3,7:34,1,10,MIA 28,0,3,Robert Edwards right guard for 4 yards (tackle by Jason Taylor),3.710,3.710,run,,,Robert Edwards,,,,,,,,Jason Taylor,,,,
1998,8,October 25,away,Miami Dolphins,https://www.pro-football-reference.com/boxscores/199810250mia.htm,3,,2,6,MIA 24,0,3,Robert Edwards left guard for no gain (tackle by Calvin Jackson),3.710,3.010,run,,,Robert Edwards,,,,,,,,Calvin Jackson,,,,
1998,8,October 25,away,Miami Dolphins,https://www.pro-football-reference.com/boxscores/199810250mia.htm,3,,3,6,MIA 24,0,3,Drew Bledsoe pass incomplete intended for Lovett Purnell,3.010,1.890,pass,,Drew Bledsoe,,Lovett Purnell,,,,,,,,,,,
1998,8,October 25,away,Miami Dolphins,https://www.pro-football-reference.com/boxscores/199810250mia.htm,3,,4,6,MIA 24,3,3,Adam Vinatieri 41 yard field goal good,1.890,3.000,field_goal,,,,,,,,Adam Vinatieri,,,,,,,
1998,8,October 25,away,Miami Dolphins,https://www.pro-football-reference.com/boxscores/199810250mia.htm,3,6:10,,,NWE 30,3,3,"Adam Vinatieri kicks off 57 yards, returned by John Avery for 20 yards (tackle by Harold Shaw)",0.000,-1.140,kickoff,,,,,,,,Adam Vinatieri,John Avery,,Harold Shaw,,,,
1998,8,October 25,away,Miami Dolphins,https://www.pro-football-reference.com/boxscores/199810250mia.htm,3,,1,10,MIA 33,3,3,John Avery left end for 11 yards (tackle by Willie Clay),1.140,1.860,run,,,John Avery,,,,,,,,Willie Clay,,,,
1998,8,October 25,away,Miami Dolphins,https://www.pro-football-reference.com/boxscores/199810250mia.htm,3,,1,10,MIA 44,3,3,John Avery right guard for 5 yards (tackle by Greg Spires),1.860,1.990,run,,,John Avery,,,,,,,,Greg Spires,,,,
1998,8,October 25,away,Miami Dolphins,https://www.pro-football-reference.com/boxscores/199810250mia.htm,3,,2,5,MIA 49,3,3,Dan Marino pass incomplete intended for Karim Abdul-Jabbar,1.990,1.290,pass,,Dan Marino,,Karim Abdul-Jabbar,,,,,,,,,,,
1998,8,October 25,away,Miami Dolphins,https://www.pro-football-reference.com/boxscores/199810250mia.htm,3,,3,5,MIA 49,3,3,Dan Marino pass incomplete,1.290,-0.130,pass,,Dan Marino,,,,,,,,,,,,,
1998,8,October 25,away,Miami Dolphins,https://www.pro-football-reference.com/boxscores/199810250mia.htm,3,,4,5,MIA 49,3,3,"Klaus Wilmsmeyer punts 51 yards, touchback.",-0.130,-0.280,punt,,,,,,,Klaus Wilmsmeyer,,,,,,,,
1998,8,October 25,away,Miami Dolphins,https://www.pro-football-reference.com/boxscores/199810250mia.htm,3,4:32,1,10,NWE 20,3,3,Robert Edwards left tackle for 2 yards (tackle by Jason Taylor),0.280,0.000,run,,,Robert Edwards,,,,,,,,Jason Taylor,,,,
1998,8,October 25,away,Miami Dolphins,https://www.pro-football-reference.com/boxscores/199810250mia.htm,3,,2,8,NWE 22,3,3,Drew Bledsoe pass incomplete intended for Ben Coates,0.000,-0.690,pass,,Drew Bledsoe,,Ben Coates,,,,,,,,,,,
1998,8,October 25,away,Miami Dolphins,https://www.pro-football-reference.com/boxscores/199810250mia.htm,3,,3,8,NWE 22,3,3,Drew Bledsoe pass incomplete intended for Ben Coates,-0.690,-1.900,pass,,Drew Bledsoe,,Ben Coates,,,,,,,,,,,
1998,8,October 25,away,Miami Dolphins,https://www.pro-football-reference.com/boxscores/199810250mia.htm,3,,4,8,NWE 22,3,3,Tom Tupa punts 49 yards,-1.900,-0.870,punt,,,,,,,Tom Tupa,,,,,,,,
1998,8,October 25,away,Miami Dolphins,https://www.pro-football-reference.com/boxscores/199810250mia.htm,3,3:49,1,10,MIA 29,3,3,John Avery right end for 1 yard (tackle by Ted Johnson),0.870,0.460,run,,,John Avery,,,,,,,,Ted Johnson,,,,
1998,8,October 25,away,Miami Dolphins,https://www.pro-football-reference.com/boxscores/199810250mia.htm,3,,2,9,MIA 30,3,3,Dan Marino pass complete to John Avery for 7 yards (tackle by Chris Slade),0.460,0.700,pass,,Dan Marino,,John Avery,,,,,,,Chris Slade,,,,
1998,8,October 25,away,Miami Dolphins,https://www.pro-football-reference.com/boxscores/199810250mia.htm,3,,3,2,MIA 37,3,3,Dan Marino pass incomplete intended for Oronde Gadsden,0.700,-0.910,pass,,Dan Marino,,Oronde Gadsden,,,,,,,,,,,
1998,8,October 25,away,Miami Dolphins,https://www.pro-football-reference.com/boxscores/199810250mia.htm,3,,4,2,MIA 37,3,3,"Klaus Wilmsmeyer punts 53 yards, returned by Chris Canty for 6 yards (tackle by Robert Jones)",-0.910,0.140,punt,,,,,,,Klaus Wilmsmeyer,,Chris Canty,,Robert Jones,,,,
1998,8,October 25,away,Miami Dolphins,https://www.pro-football-reference.com/boxscores/199810250mia.htm,3,2:10,1,10,NWE 16,3,3,"Drew Bledsoe pass incomplete intended for Robert Edwards. Penalty on Terrell Buckley: Defensive Holding, 5 yards (accepted) Penalty on NWE: Delay of Game, 5 yards (accepted) (no play)",-0.140,-0.220,no_play,,,,,,,,,,,,,,,
1998,8,October 25,away,Miami Dolphins,https://www.pro-football-reference.com/boxscores/199810250mia.htm,3,,1,15,NWE 16,3,3,Drew Bledsoe pass complete to Ben Coates for 7 yards (tackle by Terrell Buckley and Zach Thomas),-0.220,0.070,pass,,Drew Bledsoe,,Ben Coates,,,,,,,Terrell Buckley,Zach Thomas,,,
1998,8,October 25,away,Miami Dolphins,https://www.pro-football-reference.com/boxscores/199810250mia.htm,3,,2,8,NWE 23,3,3,Drew Bledsoe pass complete to Ben Coates for 17 yards (tackle by Robert Jones and Zach Thomas),0.070,1.600,pass,,Drew Bledsoe,,Ben Coates,,,,,,,Robert Jones,Zach Thomas,,,
1998,8,October 25,away,Miami Dolphins,https://www.pro-football-reference.com/boxscores/199810250mia.htm,3,,1,10,NWE 40,3,3,Drew Bledsoe pass incomplete intended for Shawn Jefferson,1.600,1.050,pass,,Drew Bledsoe,,Shawn Jefferson,,,,,,,,,,,
1998,8,October 25,away,Miami Dolphins,https://www.pro-football-reference.com/boxscores/199810250mia.htm,3,,2,10,NWE 40,3,3,Robert Edwards left tackle for 4 yards (tackle by Robert Jones and Jason Taylor),1.050,0.890,run,,,Robert Edwards,,,,,,,,Robert Jones,Jason Taylor,,,
1998,8,October 25,away,Miami Dolphins,https://www.pro-football-reference.com/boxscores/199810250mia.htm,4,15:00,3,6,NWE 44,3,3,Drew Bledsoe pass incomplete intended for Anthony Ladd,0.890,-0.460,pass,,Drew Bledsoe,,Anthony Ladd,,,,,,,,,,,
1998,8,October 25,away,Miami Dolphins,https://www.pro-football-reference.com/boxscores/199810250mia.htm,4,,4,6,NWE 44,3,3,"Tom Tupa punts 43 yards, muffed catch by Terrell Buckley. Terrell Buckley fumbles, recovered by Terrell Buckley at MD15 (tackle by Harold Shaw)",-0.460,-0.670,punt,,,,,,,Tom Tupa,,,,Harold Shaw,,,Terrell Buckley,
1998,8,October 25,away,Miami Dolphins,https://www.pro-football-reference.com/boxscores/199810250mia.htm,4,14:43,1,10,MIA 26,3,3,Karim Abdul-Jabbar left tackle for no gain (tackle by Chris Sullivan),0.670,0.130,run,,,Karim Abdul-Jabbar,,,,,,,,Chris Sullivan,,,,
1998,8,October 25,away,Miami Dolphins,https://www.pro-football-reference.com/boxscores/199810250mia.htm,4,,2,10,MIA 26,3,3,Dan Marino pass complete to Troy Drayton for 17 yards (tackle by Todd Collins),0.130,1.800,pass,,Dan Marino,,Troy Drayton,,,,,,,Todd Collins,,,,
1998,8,October 25,away,Miami Dolphins,https://www.pro-football-reference.com/boxscores/199810250mia.htm,4,,1,10,MIA 43,3,3,Karim Abdul-Jabbar left guard for 1 yard (tackle by Todd Collins and Brandon Mitchell),1.800,1.390,run,,,Karim Abdul-Jabbar,,,,,,,,Todd Collins,Brandon Mitchell,,,
1998,8,October 25,away,Miami Dolphins,https://www.pro-football-reference.com/boxscores/199810250mia.htm,4,,2,9,MIA 44,3,3,Dan Marino pass incomplete intended for O.J. McDuffie,1.390,0.690,pass,,Dan Marino,,O.J. McDuffie,,,,,,,,,,,
1998,8,October 25,away,Miami Dolphins,https://www.pro-football-reference.com/boxscores/199810250mia.htm,4,,3,9,MIA 44,3,3,Dan Marino pass incomplete intended for O.J. McDuffie,0.690,-0.460,pass,,Dan Marino,,O.J. McDuffie,,,,,,,,,,,
1998,8,October 25,away,Miami Dolphins,https://www.pro-football-reference.com/boxscores/199810250mia.htm,4,,4,9,MIA 44,3,3,Klaus Wilmsmeyer punts 40 yards,-0.460,0.140,punt,,,,,,,Klaus Wilmsmeyer,,,,,,,,
1998,8,October 25,away,Miami Dolphins,https://www.pro-football-reference.com/boxscores/199810250mia.htm,4,12:18,1,10,NWE 16,3,3,Robert Edwards right end for -1 yards (tackle by Derrick Rodgers and Zach Thomas),-0.140,-0.780,run,,,Robert Edwards,,,,,,,,Derrick Rodgers,Zach Thomas,,,
1998,8,October 25,away,Miami Dolphins,https://www.pro-football-reference.com/boxscores/199810250mia.htm,4,,2,11,NWE 15,3,3,Drew Bledsoe pass incomplete intended for Lovett Purnell,-0.780,-1.470,pass,,Drew Bledsoe,,Lovett Purnell,,,,,,,,,,,
1998,8,October 25,away,Miami Dolphins,https://www.pro-football-reference.com/boxscores/199810250mia.htm,4,11:31,3,11,NWE 15,3,3,Drew Bledsoe pass complete to Shawn Jefferson for 36 yards (tackle by Brock Marion),-1.470,2.320,pass,,Drew Bledsoe,,Shawn Jefferson,,,,,,,Brock Marion,,,,
1998,8,October 25,away,Miami Dolphins,https://www.pro-football-reference.com/boxscores/199810250mia.htm,4,,1,10,MIA 49,3,3,"Drew Bledsoe pass incomplete intended for Shawn Jefferson. Penalty on Terrell Buckley: Defensive Pass Interference, 38 yards (accepted) (no play)",2.320,4.840,no_play,,,,,,,,,,,,,,,
1998,8,October 25,away,Miami Dolphins,https://www.pro-football-reference.com/boxscores/199810250mia.htm,4,,1,10,MIA 11,3,3,Robert Edwards left end for -2 yards (tackle by Robert Jones),4.840,3.830,run,,,Robert Edwards,,,,,,,,Robert Jones,,,,
1998,8,October 25,away,Miami Dolphins,https://www.pro-football-reference.com/boxscores/199810250mia.htm,4,,2,12,MIA 13,3,3,Drew Bledsoe pass incomplete intended for Shawn Jefferson,3.830,3.080,pass,,Drew Bledsoe,,Shawn Jefferson,,,,,,,,,,,
1998,8,October 25,away,Miami Dolphins,https://www.pro-football-reference.com/boxscores/199810250mia.htm,4,,3,12,MIA 13,3,3,Robert Edwards left end for no gain (tackle by Zach Thomas),3.080,2.570,run,,,Robert Edwards,,,,,,,,Zach Thomas,,,,
1998,8,October 25,away,Miami Dolphins,https://www.pro-football-reference.com/boxscores/199810250mia.htm,4,,4,12,MIA 13,6,3,Adam Vinatieri 30 yard field goal good,2.570,3.000,field_goal,,,,,,,,Adam Vinatieri,,,,,,,
1998,8,October 25,away,Miami Dolphins,https://www.pro-football-reference.com/boxscores/199810250mia.htm,4,9:10,,,NWE 30,6,3,"Adam Vinatieri kicks off 56 yards, returned by John Avery for 32 yards (tackle by Tedy Bruschi)",0.000,-1.990,kickoff,,,,,,,,Adam Vinatieri,John Avery,,Tedy Bruschi,,,,
1998,8,October 25,away,Miami Dolphins,https://www.pro-football-reference.com/boxscores/199810250mia.htm,4,,1,10,MIA 46,6,3,Dan Marino pass complete to Karim Abdul-Jabbar for 6 yards (tackle by Todd Collins),1.990,2.260,pass,,Dan Marino,,Karim Abdul-Jabbar,,,,,,,Todd Collins,,,,
1998,8,October 25,away,Miami Dolphins,https://www.pro-football-reference.com/boxscores/199810250mia.htm,4,,2,4,NWE 48,6,3,Dan Marino pass complete to O.J. McDuffie for 7 yards (tackle by Ty Law),2.260,2.850,pass,,Dan Marino,,O.J. McDuffie,,,,,,,Ty Law,,,,
1998,8,October 25,away,Miami Dolphins,https://www.pro-football-reference.com/boxscores/199810250mia.htm,4,,1,10,NWE 41,6,3,Dan Marino pass complete to Troy Drayton for 18 yards (tackle by Lawyer Milloy),2.850,4.040,pass,,Dan Marino,,Troy Drayton,,,,,,,Lawyer Milloy,,,,
1998,8,October 25,away,Miami Dolphins,https://www.pro-football-reference.com/boxscores/199810250mia.htm,4,,1,10,NWE 23,6,3,John Avery right tackle for 1 yard (tackle by Chris Slade),4.040,3.630,run,,,John Avery,,,,,,,,Chris Slade,,,,
1998,8,October 25,away,Miami Dolphins,https://www.pro-football-reference.com/boxscores/199810250mia.htm,4,,2,9,NWE 22,6,3,Dan Marino pass complete to Lamar Thomas for 7 yards (tackle by Chris Slade),3.630,4.050,pass,,Dan Marino,,Lamar Thomas,,,,,,,Chris Slade,,,,
1998,8,October 25,away,Miami Dolphins,https://www.pro-football-reference.com/boxscores/199810250mia.htm,4,,3,2,NWE 15,6,3,Dan Marino sacked by Brandon Mitchell for 6 yards,4.050,2.060,pass,,Dan Marino,,,,Brandon Mitchell,,,,,,,,,
1998,8,October 25,away,Miami Dolphins,https://www.pro-football-reference.com/boxscores/199810250mia.htm,4,,4,8,NWE 21,6,6,Olindo Mare 38 yard field goal good,2.060,3.000,field_goal,,,,,,,,Olindo Mare,,,,,,,
1998,8,October 25,away,Miami Dolphins,https://www.pro-football-reference.com/boxscores/199810250mia.htm,4,5:07,,,MIA 30,6,6,"Olindo Mare kicks off 65 yards, returned by Derrick Cullors for 16 yards (tackle by Todd Doxzon)",0.000,-0.340,kickoff,,,,,,,,Olindo Mare,Derrick Cullors,,Todd Doxzon,,,,
1998,8,October 25,away,Miami Dolphins,https://www.pro-football-reference.com/boxscores/199810250mia.htm,4,,1,10,NWE 21,6,6,Drew Bledsoe pass complete to Lovett Purnell for 2 yards (tackle by Derrick Rodgers),0.340,0.070,pass,,Drew Bledsoe,,Lovett Purnell,,,,,,,Derrick Rodgers,,,,
1998,8,October 25,away,Miami Dolphins,https://www.pro-football-reference.com/boxscores/199810250mia.htm,4,,2,8,NWE 23,6,6,Drew Bledsoe pass incomplete intended for Robert Edwards,0.070,-0.630,pass,,Drew Bledsoe,,Robert Edwards,,,,,,,,,,,
1998,8,October 25,away,Miami Dolphins,https://www.pro-football-reference.com/boxscores/199810250mia.htm,4,,3,8,NWE 23,6,6,Drew Bledsoe pass complete to Shawn Jefferson for 11 yards (tackle by Sam Madison),-0.630,1.200,pass,,Drew Bledsoe,,Shawn Jefferson,,,,,,,Sam Madison,,,,
1998,8,October 25,away,Miami Dolphins,https://www.pro-football-reference.com/boxscores/199810250mia.htm,4,,1,10,NWE 34,6,6,Drew Bledsoe pass incomplete intended for Shawn Jefferson,1.200,0.660,pass,,Drew Bledsoe,,Shawn Jefferson,,,,,,,,,,,
1998,8,October 25,away,Miami Dolphins,https://www.pro-football-reference.com/boxscores/199810250mia.htm,4,,2,10,NWE 34,6,6,Robert Edwards middle for 2 yards (tackle by Zach Thomas),0.660,0.230,run,,,Robert Edwards,,,,,,,,Zach Thomas,,,,
1998,8,October 25,away,Miami Dolphins,https://www.pro-football-reference.com/boxscores/199810250mia.htm,4,,3,8,NWE 36,6,6,Drew Bledsoe pass complete to Tony Simmons for 47 yards (tackle by Terrell Buckley),0.230,4.440,pass,,Drew Bledsoe,,Tony Simmons,,,,,,,Terrell Buckley,,,,
1998,8,October 25,away,Miami Dolphins,https://www.pro-football-reference.com/boxscores/199810250mia.htm,4,,1,10,MIA 17,6,6,Robert Edwards left tackle for -1 yards (tackle by Jason Taylor),4.440,3.720,run,,,Robert Edwards,,,,,,,,Jason Taylor,,,,
1998,8,October 25,away,Miami Dolphins,https://www.pro-football-reference.com/boxscores/199810250mia.htm,4,2:26,2,11,MIA 18,6,6,Drew Bledsoe pass incomplete intended for Shawn Jefferson,3.720,3.000,pass,,Drew Bledsoe,,Shawn Jefferson,,,,,,,,,,,
1998,8,October 25,away,Miami Dolphins,https://www.pro-football-reference.com/boxscores/199810250mia.htm,4,2:22,3,11,MIA 18,6,6,Drew Bledsoe pass incomplete intended for Tony Simmons,3.000,2.250,pass,,Drew Bledsoe,,Tony Simmons,,,,,,,,,,,
1998,8,October 25,away,Miami Dolphins,https://www.pro-football-reference.com/boxscores/199810250mia.htm,4,,4,11,MIA 18,9,6,Adam Vinatieri 36 yard field goal good,2.250,3.000,field_goal,,,,,,,,Adam Vinatieri,,,,,,,
1998,8,October 25,away,Miami Dolphins,https://www.pro-football-reference.com/boxscores/199810250mia.htm,4,2:13,,,NWE 30,9,6,"Adam Vinatieri kicks off 66 yards, returned by John Avery for 33 yards. John Avery fumbles, recovered by John Avery at MD8 (tackle by Adam Vinatieri and Tebucky Jones)",0.000,-1.660,kickoff,,,,,,,,Adam Vinatieri,John Avery,,Adam Vinatieri,Tebucky Jones,,John Avery,
1998,8,October 25,away,Miami Dolphins,https://www.pro-football-reference.com/boxscores/199810250mia.htm,4,2:00,1,10,MIA 41,9,6,Dan Marino pass complete to Ed Perry for 10 yards,1.660,2.320,pass,,Dan Marino,,Ed Perry,,,,,,,,,,,
1998,8,October 25,away,Miami Dolphins,https://www.pro-football-reference.com/boxscores/199810250mia.htm,4,1:53,1,10,NWE 49,9,6,Dan Marino pass incomplete intended for Lamar Thomas,2.320,1.780,pass,,Dan Marino,,Lamar Thomas,,,,,,,,,,,
1998,8,October 25,away,Miami Dolphins,https://www.pro-football-reference.com/boxscores/199810250mia.htm,4,1:47,2,10,NWE 49,9,6,Dan Marino pass complete to Oronde Gadsden for 28 yards (tackle by Chris Canty and Chris Carter),1.780,4.170,pass,,Dan Marino,,Oronde Gadsden,,,,,,,Chris Canty,Chris Carter,,,
1998,8,October 25,away,Miami Dolphins,https://www.pro-football-reference.com/boxscores/199810250mia.htm,4,1:37,1,10,NWE 21,9,6,Dan Marino pass incomplete intended for O.J. McDuffie,4.170,3.630,pass,,Dan Marino,,O.J. McDuffie,,,,,,,,,,,
1998,8,October 25,away,Miami Dolphins,https://www.pro-football-reference.com/boxscores/199810250mia.htm,4,1:35,2,10,NWE 21,9,6,Dan Marino pass complete to Bernie Parmalee for 16 yards (tackle by Ty Law),3.630,6.060,pass,,Dan Marino,,Bernie Parmalee,,,,,,,Ty Law,,,,
1998,8,October 25,away,Miami Dolphins,https://www.pro-football-reference.com/boxscores/199810250mia.htm,4,1:25,1,5,NWE 5,9,6,Bernie Parmalee right end for -2 yards (tackle by Greg Spires),6.060,4.760,run,,,Bernie Parmalee,,,,,,,,Greg Spires,,,,
1998,8,October 25,away,Miami Dolphins,https://www.pro-football-reference.com/boxscores/199810250mia.htm,4,1:03,2,7,NWE 7,9,6,Dan Marino pass incomplete intended for Oronde Gadsden,4.760,3.810,pass,,Dan Marino,,Oronde Gadsden,,,,,,,,,,,
1998,8,October 25,away,Miami Dolphins,https://www.pro-football-reference.com/boxscores/199810250mia.htm,4,0:57,3,7,NWE 7,9,6,Dan Marino pass incomplete intended for Lamar Thomas,3.810,2.970,pass,,Dan Marino,,Lamar Thomas,,,,,,,,,,,
1998,8,October 25,away,Miami Dolphins,https://www.pro-football-reference.com/boxscores/199810250mia.htm,4,0:53,4,7,NWE 7,9,9,Olindo Mare 25 yard field goal good,2.970,3.000,field_goal,,,,,,,,Olindo Mare,,,,,,,
1998,8,October 25,away,Miami Dolphins,https://www.pro-football-reference.com/boxscores/199810250mia.htm,4,0:49,,,MIA 30,9,9,"Olindo Mare kicks off 72 yards, returned by Derrick Cullors for 23 yards (tackle by Brian Walker). Penalty on Lovett Purnell: Offensive Holding, 10 yards (accepted)",0.000,0.370,kickoff,,,,,,,,Olindo Mare,Derrick Cullors,,Brian Walker,,,,
1998,8,October 25,away,Miami Dolphins,https://www.pro-football-reference.com/boxscores/199810250mia.htm,4,0:43,1,10,NWE 11,9,9,Drew Bledsoe kneels for -2 yards (tackle by Shane Burton),-0.370,0.000,run,,,Drew Bledsoe,,,,,,,,Shane Burton,,,,
1998,8,October 25,away,Miami Dolphins,https://www.pro-football-reference.com/boxscores/199810250mia.htm,,,,,,,,"Patriots won the coin toss, Dolphins to receive the overtime kickoff.",,,other,,,,,,,,,,,,,,,
1998,8,October 25,away,Miami Dolphins,https://www.pro-football-reference.com/boxscores/199810250mia.htm,OT,15:00,,,NWE 30,9,9,"Adam Vinatieri kicks off 70 yards, returned by John Avery for 15 yards (tackle by Chris Floyd)",0.000,0.220,kickoff,,,,,,,,Adam Vinatieri,John Avery,,Chris Floyd,,,,
1998,8,October 25,away,Miami Dolphins,https://www.pro-football-reference.com/boxscores/199810250mia.htm,OT,,1,10,MIA 15,9,9,Dan Marino pass incomplete intended for O.J. McDuffie,-0.220,-0.710,pass,,Dan Marino,,O.J. McDuffie,,,,,,,,,,,
1998,8,October 25,away,Miami Dolphins,https://www.pro-football-reference.com/boxscores/199810250mia.htm,OT,,2,10,MIA 15,9,9,Dan Marino pass incomplete intended for O.J. McDuffie,-0.710,-1.370,pass,,Dan Marino,,O.J. McDuffie,,,,,,,,,,,
1998,8,October 25,away,Miami Dolphins,https://www.pro-football-reference.com/boxscores/199810250mia.htm,OT,,3,10,MIA 15,9,9,"Dan Marino pass incomplete intended for Lamar Thomas. Penalty on Ty Law: Defensive Pass Interference, 16 yards (accepted) (no play)",-1.370,1.000,no_play,,,,,,,,,,,,,,,
1998,8,October 25,away,Miami Dolphins,https://www.pro-football-reference.com/boxscores/199810250mia.htm,OT,,1,10,MIA 31,9,9,Karim Abdul-Jabbar right guard for 4 yards (tackle by Ted Johnson),1.000,1.000,run,,,Karim Abdul-Jabbar,,,,,,,,Ted Johnson,,,,
1998,8,October 25,away,Miami Dolphins,https://www.pro-football-reference.com/boxscores/199810250mia.htm,OT,,2,6,MIA 35,9,9,Dan Marino pass complete to O.J. McDuffie for 25 yards (tackle by Ty Law),1.000,2.920,pass,,Dan Marino,,O.J. McDuffie,,,,,,,Ty Law,,,,
1998,8,October 25,away,Miami Dolphins,https://www.pro-football-reference.com/boxscores/199810250mia.htm,OT,,1,10,NWE 40,9,9,Karim Abdul-Jabbar middle for 2 yards (tackle by Ted Johnson and Brandon Mitchell),2.920,2.640,run,,,Karim Abdul-Jabbar,,,,,,,,Ted Johnson,Brandon Mitchell,,,
1998,8,October 25,away,Miami Dolphins,https://www.pro-football-reference.com/boxscores/199810250mia.htm,OT,,2,8,NWE 38,9,9,Dan Marino pass complete to Oronde Gadsden for 10 yards (tackle by Lawyer Milloy),2.640,3.710,pass,,Dan Marino,,Oronde Gadsden,,,,,,,Lawyer Milloy,,,,
1998,8,October 25,away,Miami Dolphins,https://www.pro-football-reference.com/boxscores/199810250mia.htm,OT,,1,10,NWE 28,9,9,Karim Abdul-Jabbar left guard for 3 yards (tackle by Todd Collins),3.710,3.570,run,,,Karim Abdul-Jabbar,,,,,,,,Todd Collins,,,,
1998,8,October 25,away,Miami Dolphins,https://www.pro-football-reference.com/boxscores/199810250mia.htm,OT,,2,7,NWE 25,9,9,Karim Abdul-Jabbar right tackle for -1 yards (tackle by Chris Slade),3.570,2.740,run,,,Karim Abdul-Jabbar,,,,,,,,Chris Slade,,,,
1998,8,October 25,away,Miami Dolphins,https://www.pro-football-reference.com/boxscores/199810250mia.htm,OT,,3,8,NWE 26,9,9,Dan Marino pass incomplete intended for Oronde Gadsden,2.740,1.740,pass,,Dan Marino,,Oronde Gadsden,,,,,,,,,,,
1998,8,October 25,away,Miami Dolphins,https://www.pro-football-reference.com/boxscores/199810250mia.htm,OT,,4,8,NWE 26,9,12,Olindo Mare 43 yard field goal good,1.740,3.000,field_goal,,,,,,,,Olindo Mare,,,,,,,
1998,9,November 1,away,Indianapolis Colts,https://www.pro-football-reference.com/boxscores/199811010clt.htm,,,,,,,,"Patriots won the coin toss, Patriots to receive the opening kickoff.",,,other,,,,,,,,,,,,,,,
1998,9,November 1,away,Indianapolis Colts,https://www.pro-football-reference.com/boxscores/199811010clt.htm,1,15:00,,,IND 30,0,0,"Chris Gardocki kicks off 73 yards, returned by Derrick Cullors for 26 yards. Derrick Cullors fumbles (forced by Monty Montgomery), recovered by Tebucky Jones at NE23",0.000,-0.480,kickoff,,,,,,,,Chris Gardocki,Derrick Cullors,,,,Monty Montgomery,Tebucky Jones,
1998,9,November 1,away,Indianapolis Colts,https://www.pro-football-reference.com/boxscores/199811010clt.htm,1,,1,10,NWE 23,0,0,Robert Edwards right tackle for 3 yards (tackle by Bernard Whittington),0.480,0.340,run,,,Robert Edwards,,,,,,,,Bernard Whittington,,,,
1998,9,November 1,away,Indianapolis Colts,https://www.pro-football-reference.com/boxscores/199811010clt.htm,1,,2,7,NWE 26,0,0,Robert Edwards right guard for 2 yards (tackle by Jason Belser),0.340,-0.100,run,,,Robert Edwards,,,,,,,,Jason Belser,,,,
1998,9,November 1,away,Indianapolis Colts,https://www.pro-football-reference.com/boxscores/199811010clt.htm,1,,3,5,NWE 28,0,0,Drew Bledsoe sacked by Jason Belser for 13 yards,-0.100,-2.440,pass,,Drew Bledsoe,,,,Jason Belser,,,,,,,,,
1998,9,November 1,away,Indianapolis Colts,https://www.pro-football-reference.com/boxscores/199811010clt.htm,1,,4,18,NWE 15,0,0,"Tom Tupa punts 52 yards, returned by Tyrone Poole for 7 yards (tackle by Vernon Crawford)",-2.440,-1.600,punt,,,,,,,Tom Tupa,,Tyrone Poole,,Vernon Crawford,,,,
1998,9,November 1,away,Indianapolis Colts,https://www.pro-football-reference.com/boxscores/199811010clt.htm,1,13:04,1,10,IND 40,0,0,Peyton Manning pass incomplete intended for Marvin Harrison,1.600,1.050,pass,,Peyton Manning,,Marvin Harrison,,,,,,,,,,,
1998,9,November 1,away,Indianapolis Colts,https://www.pro-football-reference.com/boxscores/199811010clt.htm,1,,2,10,IND 40,0,0,Marshall Faulk middle for -2 yards (tackle by Ferric Collons and Lawyer Milloy),1.050,0.100,run,,,Marshall Faulk,,,,,,,,Ferric Collons,Lawyer Milloy,,,
1998,9,November 1,away,Indianapolis Colts,https://www.pro-football-reference.com/boxscores/199811010clt.htm,1,,3,12,IND 38,0,0,"Penalty on Ty Law: Encroachment, 5 yards (accepted)",0.100,0.760,penalty,,,,,,,,,,,,,,,Ty Law
1998,9,November 1,away,Indianapolis Colts,https://www.pro-football-reference.com/boxscores/199811010clt.htm,1,,3,7,IND 43,0,0,Peyton Manning pass incomplete intended for Marvin Harrison,0.760,-0.520,pass,,Peyton Manning,,Marvin Harrison,,,,,,,,,,,
1998,9,November 1,away,Indianapolis Colts,https://www.pro-football-reference.com/boxscores/199811010clt.htm,1,,4,7,IND 43,0,0,Chris Gardocki punts 37 yards,-0.520,-0.280,punt,,,,,,,Chris Gardocki,,,,,,,,
1998,9,November 1,away,Indianapolis Colts,https://www.pro-football-reference.com/boxscores/199811010clt.htm,1,11:38,1,10,NWE 20,0,0,Drew Bledsoe pass complete to Shawn Jefferson for 13 yards (tackle by Jeff Burris),0.280,1.140,pass,,Drew Bledsoe,,Shawn Jefferson,,,,,,,Jeff Burris,,,,
1998,9,November 1,away,Indianapolis Colts,https://www.pro-football-reference.com/boxscores/199811010clt.htm,1,,1,10,NWE 33,0,0,Drew Bledsoe pass incomplete intended for Ben Coates,1.140,0.590,pass,,Drew Bledsoe,,Ben Coates,,,,,,,,,,,
1998,9,November 1,away,Indianapolis Colts,https://www.pro-football-reference.com/boxscores/199811010clt.htm,1,,2,10,NWE 33,0,0,Robert Edwards right end for 8 yards (tackle by Jeff Burris),0.590,0.960,run,,,Robert Edwards,,,,,,,,Jeff Burris,,,,
1998,9,November 1,away,Indianapolis Colts,https://www.pro-football-reference.com/boxscores/199811010clt.htm,1,,3,2,NWE 41,0,0,Robert Edwards middle for 2 yards (tackle by Steve Morrison),0.960,1.800,run,,,Robert Edwards,,,,,,,,Steve Morrison,,,,
1998,9,November 1,away,Indianapolis Colts,https://www.pro-football-reference.com/boxscores/199811010clt.htm,1,,1,10,NWE 43,0,0,Drew Bledsoe pass complete to Ben Coates for 27 yards (tackle by Jason Belser and Andre Royal),1.800,3.580,pass,,Drew Bledsoe,,Ben Coates,,,,,,,Jason Belser,Andre Royal,,,
1998,9,November 1,away,Indianapolis Colts,https://www.pro-football-reference.com/boxscores/199811010clt.htm,1,,1,10,IND 30,0,0,"Drew Bledsoe right guard for 5 yards. Penalty on Zefross Moss: Offensive Holding, 10 yards (accepted) (tackle by Mike Barber) (no play)",3.580,2.920,no_play,,,,,,,,,,,Mike Barber,,,,
1998,9,November 1,away,Indianapolis Colts,https://www.pro-football-reference.com/boxscores/199811010clt.htm,1,,1,20,IND 40,0,0,Drew Bledsoe pass complete to Robert Edwards for 5 yards (tackle by Ellis Johnson),2.920,2.360,pass,,Drew Bledsoe,,Robert Edwards,,,,,,,Ellis Johnson,,,,
1998,9,November 1,away,Indianapolis Colts,https://www.pro-football-reference.com/boxscores/199811010clt.htm,1,,2,15,IND 35,0,0,Derrick Cullors middle for 4 yards (tackle by Andre Royal),2.360,2.210,run,,,Derrick Cullors,,,,,,,,Andre Royal,,,,
1998,9,November 1,away,Indianapolis Colts,https://www.pro-football-reference.com/boxscores/199811010clt.htm,1,,3,11,IND 31,0,0,"Drew Bledsoe pass incomplete intended for Shawn Jefferson. Penalty on Jeff Burris: Defensive Pass Interference, 21 yards (accepted) (no play)",2.210,4.910,no_play,,,,,,,,,,,,,,,
1998,9,November 1,away,Indianapolis Colts,https://www.pro-football-reference.com/boxscores/199811010clt.htm,1,,1,10,IND 10,0,0,Robert Edwards right end for 8 yards (tackle by Jason Belser),4.910,5.720,run,,,Robert Edwards,,,,,,,,Jason Belser,,,,
1998,9,November 1,away,Indianapolis Colts,https://www.pro-football-reference.com/boxscores/199811010clt.htm,1,,2,2,IND 2,6,0,"Drew Bledsoe pass complete to Ben Coates for 2 yards, touchdown",5.720,7.000,pass,,Drew Bledsoe,,Ben Coates,,,,,,,,,,,
1998,9,November 1,away,Indianapolis Colts,https://www.pro-football-reference.com/boxscores/199811010clt.htm,1,6:39,,,,7,0,Adam Vinatieri kicks extra point good,0.000,0.000,extra_point,,,,,,,,Adam Vinatieri,,,,,,,
1998,9,November 1,away,Indianapolis Colts,https://www.pro-football-reference.com/boxscores/199811010clt.htm,1,,,,NWE 30,7,0,"Adam Vinatieri kicks off 65 yards, returned by Keith Elias for 27 yards (tackle by Tebucky Jones and Marty Moore)",0.000,-1.070,kickoff,,,,,,,,Adam Vinatieri,Keith Elias,,Tebucky Jones,Marty Moore,,,
1998,9,November 1,away,Indianapolis Colts,https://www.pro-football-reference.com/boxscores/199811010clt.htm,1,6:27,1,10,IND 32,7,0,Marshall Faulk right tackle for 3 yards (tackle by Mark Wheeler),1.070,0.930,run,,,Marshall Faulk,,,,,,,,Mark Wheeler,,,,
1998,9,November 1,away,Indianapolis Colts,https://www.pro-football-reference.com/boxscores/199811010clt.htm,1,,2,7,IND 35,7,0,Peyton Manning pass complete to Marshall Faulk for 6 yards (tackle by Tedy Bruschi),0.930,1.030,pass,,Peyton Manning,,Marshall Faulk,,,,,,,Tedy Bruschi,,,,
1998,9,November 1,away,Indianapolis Colts,https://www.pro-football-reference.com/boxscores/199811010clt.htm,1,,3,1,IND 41,7,0,Peyton Manning pass complete to Bradford Banta for 7 yards (tackle by Todd Collins and Ted Johnson),1.030,2.130,pass,,Peyton Manning,,Bradford Banta,,,,,,,Todd Collins,Ted Johnson,,,
1998,9,November 1,away,Indianapolis Colts,https://www.pro-football-reference.com/boxscores/199811010clt.htm,1,,1,10,IND 48,7,0,Peyton Manning pass complete to Jerome Pathon for 18 yards (tackle by Lawyer Milloy),2.130,3.310,pass,,Peyton Manning,,Jerome Pathon,,,,,,,Lawyer Milloy,,,,
1998,9,November 1,away,Indianapolis Colts,https://www.pro-football-reference.com/boxscores/199811010clt.htm,1,,1,10,NWE 34,7,0,Marshall Faulk middle for 1 yard (tackle by Ted Johnson and Chris Sullivan),3.310,2.910,run,,,Marshall Faulk,,,,,,,,Ted Johnson,Chris Sullivan,,,
1998,9,November 1,away,Indianapolis Colts,https://www.pro-football-reference.com/boxscores/199811010clt.htm,1,,2,9,NWE 33,7,0,Peyton Manning pass complete to Marvin Harrison for 10 yards (tackle by Ty Law),2.910,4.040,pass,,Peyton Manning,,Marvin Harrison,,,,,,,Ty Law,,,,
1998,9,November 1,away,Indianapolis Colts,https://www.pro-football-reference.com/boxscores/199811010clt.htm,1,,1,10,NWE 23,7,0,Peyton Manning pass complete to Marshall Faulk for 11 yards (tackle by Steve Israel and Lawyer Milloy),4.040,4.780,pass,,Peyton Manning,,Marshall Faulk,,,,,,,Steve Israel,Lawyer Milloy,,,
1998,9,November 1,away,Indianapolis Colts,https://www.pro-football-reference.com/boxscores/199811010clt.htm,1,,1,10,NWE 12,7,0,Lamont Warren right guard for 8 yards (tackle by Tedy Bruschi and Ted Johnson),4.780,5.600,run,,,Lamont Warren,,,,,,,,Tedy Bruschi,Ted Johnson,,,
1998,9,November 1,away,Indianapolis Colts,https://www.pro-football-reference.com/boxscores/199811010clt.htm,1,,2,2,NWE 4,7,6,"Peyton Manning pass complete to Lamont Warren for 4 yards, touchdown",5.600,7.000,pass,,Peyton Manning,,Lamont Warren,,,,,,,,,,,
1998,9,November 1,away,Indianapolis Colts,https://www.pro-football-reference.com/boxscores/199811010clt.htm,1,0:52,,,,7,7,Mike Vanderjagt kicks extra point good,0.000,0.000,extra_point,,,,,,,,Mike Vanderjagt,,,,,,,
1998,9,November 1,away,Indianapolis Colts,https://www.pro-football-reference.com/boxscores/199811010clt.htm,1,,,,IND 30,7,7,"Chris Gardocki kicks off 71 yards, returned by Derrick Cullors for 20 yards (tackle by Ray McElroy)",0.000,-0.150,kickoff,,,,,,,,Chris Gardocki,Derrick Cullors,,Ray McElroy,,,,
1998,9,November 1,away,Indianapolis Colts,https://www.pro-football-reference.com/boxscores/199811010clt.htm,1,,1,10,NWE 19,7,7,Drew Bledsoe pass complete to Tony Simmons for 24 yards (tackle by Jeff Burris and Tim Hauck),0.150,1.800,pass,,Drew Bledsoe,,Tony Simmons,,,,,,,Jeff Burris,Tim Hauck,,,
1998,9,November 1,away,Indianapolis Colts,https://www.pro-football-reference.com/boxscores/199811010clt.htm,1,,1,10,NWE 43,7,7,Robert Edwards right end for 5 yards (tackle by Andre Royal),1.800,1.930,run,,,Robert Edwards,,,,,,,,Andre Royal,,,,
1998,9,November 1,away,Indianapolis Colts,https://www.pro-football-reference.com/boxscores/199811010clt.htm,2,15:00,2,5,NWE 48,7,7,Drew Bledsoe pass complete to Shawn Jefferson for 11 yards (tackle by Andre Royal),1.930,2.850,pass,,Drew Bledsoe,,Shawn Jefferson,,,,,,,Andre Royal,,,,
1998,9,November 1,away,Indianapolis Colts,https://www.pro-football-reference.com/boxscores/199811010clt.htm,2,,1,10,IND 41,7,7,Drew Bledsoe pass complete to Henry Ellard for 15 yards (tackle by Jeff Burris),2.850,3.840,pass,,Drew Bledsoe,,Henry Ellard,,,,,,,Jeff Burris,,,,
1998,9,November 1,away,Indianapolis Colts,https://www.pro-football-reference.com/boxscores/199811010clt.htm,2,,1,10,IND 26,7,7,Sedrick Shaw right tackle for 2 yards (tackle by Mike Barber and Tim Hauck),3.840,3.570,run,,,Sedrick Shaw,,,,,,,,Mike Barber,Tim Hauck,,,
1998,9,November 1,away,Indianapolis Colts,https://www.pro-football-reference.com/boxscores/199811010clt.htm,2,,2,8,IND 24,7,7,Drew Bledsoe pass incomplete intended for Tony Simmons,3.570,2.870,pass,,Drew Bledsoe,,Tony Simmons,,,,,,,,,,,
1998,9,November 1,away,Indianapolis Colts,https://www.pro-football-reference.com/boxscores/199811010clt.htm,2,,3,8,IND 24,7,7,Drew Bledsoe pass complete to Tony Simmons for 12 yards (tackle by Tyrone Poole),2.870,4.780,pass,,Drew Bledsoe,,Tony Simmons,,,,,,,Tyrone Poole,,,,
1998,9,November 1,away,Indianapolis Colts,https://www.pro-football-reference.com/boxscores/199811010clt.htm,2,,1,10,IND 12,7,7,"Drew Bledsoe pass incomplete intended for Tony Simmons. Penalty on Jeff Burris: Defensive Pass Interference, 11 yards (accepted) (no play)",4.780,6.970,no_play,,,,,,,,,,,,,,,
1998,9,November 1,away,Indianapolis Colts,https://www.pro-football-reference.com/boxscores/199811010clt.htm,2,,1,1,IND 1,7,7,Robert Edwards right guard for no gain (tackle by Steve Morrison and Kendel Shello),6.970,5.910,run,,,Robert Edwards,,,,,,,,Steve Morrison,Kendel Shello,,,
1998,9,November 1,away,Indianapolis Colts,https://www.pro-football-reference.com/boxscores/199811010clt.htm,2,,2,1,IND 1,7,7,Robert Edwards middle for no gain (tackle by Jason Belser and Steve Morrison),5.910,5.170,run,,,Robert Edwards,,,,,,,,Jason Belser,Steve Morrison,,,
1998,9,November 1,away,Indianapolis Colts,https://www.pro-football-reference.com/boxscores/199811010clt.htm,2,,3,1,IND 1,13,7,"Robert Edwards right tackle for 1 yard, touchdown",5.170,7.000,run,,,Robert Edwards,,,,,,,,,,,,
1998,9,November 1,away,Indianapolis Colts,https://www.pro-football-reference.com/boxscores/199811010clt.htm,2,10:54,,,,14,7,Adam Vinatieri kicks extra point good,0.000,0.000,extra_point,,,,,,,,Adam Vinatieri,,,,,,,
1998,9,November 1,away,Indianapolis Colts,https://www.pro-football-reference.com/boxscores/199811010clt.htm,2,,,,NWE 30,14,7,"Adam Vinatieri kicks off 69 yards, returned by Keith Elias for 19 yards (tackle by Chris Carter)",0.000,-0.280,kickoff,,,,,,,,Adam Vinatieri,Keith Elias,,Chris Carter,,,,
1998,9,November 1,away,Indianapolis Colts,https://www.pro-football-reference.com/boxscores/199811010clt.htm,2,,1,10,IND 20,14,7,Peyton Manning pass complete to Marshall Faulk for 12 yards (tackle by Ty Law),0.280,1.070,pass,,Peyton Manning,,Marshall Faulk,,,,,,,Ty Law,,,,
1998,9,November 1,away,Indianapolis Colts,https://www.pro-football-reference.com/boxscores/199811010clt.htm,2,,1,10,IND 32,14,7,Marshall Faulk middle for 4 yards (tackle by Tedy Bruschi and Steve Israel),1.070,1.070,run,,,Marshall Faulk,,,,,,,,Tedy Bruschi,Steve Israel,,,
1998,9,November 1,away,Indianapolis Colts,https://www.pro-football-reference.com/boxscores/199811010clt.htm,2,,2,6,IND 36,14,7,Marshall Faulk left end for -1 yards (tackle by Tedy Bruschi and Mark Wheeler),1.070,0.230,run,,,Marshall Faulk,,,,,,,,Tedy Bruschi,Mark Wheeler,,,
1998,9,November 1,away,Indianapolis Colts,https://www.pro-football-reference.com/boxscores/199811010clt.htm,2,,3,7,IND 35,14,7,"Penalty on Marvin Harrison: False Start, 5 yards (accepted)",0.230,-0.430,penalty,,,,,,,,,,,,,,,Marvin Harrison
1998,9,November 1,away,Indianapolis Colts,https://www.pro-football-reference.com/boxscores/199811010clt.htm,2,,3,12,IND 30,14,7,Peyton Manning pass incomplete intended for Jerome Pathon,-0.430,-1.370,pass,,Peyton Manning,,Jerome Pathon,,,,,,,,,,,
1998,9,November 1,away,Indianapolis Colts,https://www.pro-football-reference.com/boxscores/199811010clt.htm,2,,4,12,IND 30,14,7,"Chris Gardocki punts 50 yards, returned by Chris Canty for 6 yards (tackle by Tim Hauck)",-1.370,-0.670,punt,,,,,,,Chris Gardocki,,Chris Canty,,Tim Hauck,,,,
1998,9,November 1,away,Indianapolis Colts,https://www.pro-football-reference.com/boxscores/199811010clt.htm,2,7:53,1,10,NWE 26,14,7,Drew Bledsoe pass complete to Henry Ellard for 18 yards (tackle by Tyrone Poole),0.670,1.860,pass,,Drew Bledsoe,,Henry Ellard,,,,,,,Tyrone Poole,,,,
1998,9,November 1,away,Indianapolis Colts,https://www.pro-football-reference.com/boxscores/199811010clt.htm,2,,1,10,NWE 44,14,7,Robert Edwards middle for 6 yards (tackle by Jason Belser and Bertrand Berry),1.860,2.130,run,,,Robert Edwards,,,,,,,,Jason Belser,Bertrand Berry,,,
1998,9,November 1,away,Indianapolis Colts,https://www.pro-football-reference.com/boxscores/199811010clt.htm,2,,2,4,IND 50,14,7,Robert Edwards right end for 8 yards (tackle by Jason Belser),2.130,2.790,run,,,Robert Edwards,,,,,,,,Jason Belser,,,,
1998,9,November 1,away,Indianapolis Colts,https://www.pro-football-reference.com/boxscores/199811010clt.htm,2,,1,10,IND 42,14,7,"Drew Bledsoe sacked by Tony McCoy for 1 yard. Penalty on Max Lane: Offensive Holding, 10 yards (accepted) (no play)",2.790,2.130,no_play,,,,,,,,,,,,,,,
1998,9,November 1,away,Indianapolis Colts,https://www.pro-football-reference.com/boxscores/199811010clt.htm,2,,1,20,NWE 48,14,7,Drew Bledsoe pass complete to Ben Coates for 8 yards (tackle by Antony Jordan),2.130,1.970,pass,,Drew Bledsoe,,Ben Coates,,,,,,,Antony Jordan,,,,
1998,9,November 1,away,Indianapolis Colts,https://www.pro-football-reference.com/boxscores/199811010clt.htm,2,,2,12,IND 44,14,7,Drew Bledsoe pass incomplete intended for Chris Floyd,1.970,1.290,pass,,Drew Bledsoe,,Chris Floyd,,,,,,,,,,,
1998,9,November 1,away,Indianapolis Colts,https://www.pro-football-reference.com/boxscores/199811010clt.htm,2,,3,12,IND 44,14,7,Drew Bledsoe pass incomplete intended for Henry Ellard,1.290,0.330,pass,,Drew Bledsoe,,Henry Ellard,,,,,,,,,,,
1998,9,November 1,away,Indianapolis Colts,https://www.pro-football-reference.com/boxscores/199811010clt.htm,2,,4,12,IND 44,14,7,Tom Tupa punts 29 yards,0.330,0.220,punt,,,,,,,Tom Tupa,,,,,,,,
1998,9,November 1,away,Indianapolis Colts,https://www.pro-football-reference.com/boxscores/199811010clt.htm,2,4:37,1,10,IND 15,14,7,Peyton Manning pass complete to Marshall Faulk for 9 yards (tackle by Tedy Bruschi),-0.220,0.620,pass,,Peyton Manning,,Marshall Faulk,,,,,,,Tedy Bruschi,,,,
1998,9,November 1,away,Indianapolis Colts,https://www.pro-football-reference.com/boxscores/199811010clt.htm,2,,2,1,IND 24,14,7,Marshall Faulk left tackle for no gain (tackle by Ted Johnson),0.620,-0.270,run,,,Marshall Faulk,,,,,,,,Ted Johnson,,,,
1998,9,November 1,away,Indianapolis Colts,https://www.pro-football-reference.com/boxscores/199811010clt.htm,2,,3,1,IND 24,14,7,Marshall Faulk left tackle for 5 yards (tackle by Ted Johnson and Lawyer Milloy),-0.270,0.870,run,,,Marshall Faulk,,,,,,,,Ted Johnson,Lawyer Milloy,,,
1998,9,November 1,away,Indianapolis Colts,https://www.pro-football-reference.com/boxscores/199811010clt.htm,2,,1,10,IND 29,14,7,"Peyton Manning pass complete to Jerome Pathon for 9 yards (tackle by Steve Israel). Penalty on Tony Mandarich: Offensive Holding, 10 yards (accepted) (no play)",0.870,0.110,no_play,,,,,,,,,,,Steve Israel,,,,
1998,9,November 1,away,Indianapolis Colts,https://www.pro-football-reference.com/boxscores/199811010clt.htm,2,,1,20,IND 19,14,7,Lamont Warren middle for 3 yards (tackle by Tedy Bruschi),0.110,-0.620,run,,,Lamont Warren,,,,,,,,Tedy Bruschi,,,,
1998,9,November 1,away,Indianapolis Colts,https://www.pro-football-reference.com/boxscores/199811010clt.htm,2,2:00,2,17,IND 22,14,7,Peyton Manning pass incomplete intended for Jerome Pathon,-0.620,-1.290,pass,,Peyton Manning,,Jerome Pathon,,,,,,,,,,,
1998,9,November 1,away,Indianapolis Colts,https://www.pro-football-reference.com/boxscores/199811010clt.htm,2,1:57,3,17,IND 22,14,7,Peyton Manning pass incomplete intended for Jerome Pathon,-1.290,-1.900,pass,,Peyton Manning,,Jerome Pathon,,,,,,,,,,,
1998,9,November 1,away,Indianapolis Colts,https://www.pro-football-reference.com/boxscores/199811010clt.htm,2,1:51,4,17,IND 22,14,7,Chris Gardocki punts 40 yards,-1.900,-1.470,punt,,,,,,,Chris Gardocki,,,,,,,,
1998,9,November 1,away,Indianapolis Colts,https://www.pro-football-reference.com/boxscores/199811010clt.htm,2,1:36,1,10,NWE 38,14,7,Drew Bledsoe pass incomplete intended for Robert Edwards,1.470,0.920,pass,,Drew Bledsoe,,Robert Edwards,,,,,,,,,,,
1998,9,November 1,away,Indianapolis Colts,https://www.pro-football-reference.com/boxscores/199811010clt.htm,2,1:31,2,10,NWE 38,14,7,Drew Bledsoe pass complete to Robert Edwards for 5 yards (tackle by Jason Belser),0.920,0.890,pass,,Drew Bledsoe,,Robert Edwards,,,,,,,Jason Belser,,,,
1998,9,November 1,away,Indianapolis Colts,https://www.pro-football-reference.com/boxscores/199811010clt.htm,2,1:12,3,5,NWE 43,14,7,Drew Bledsoe pass complete to Ben Coates for 4 yards (tackle by Jeff Burris),0.890,-0.260,pass,,Drew Bledsoe,,Ben Coates,,,,,,,Jeff Burris,,,,
1998,9,November 1,away,Indianapolis Colts,https://www.pro-football-reference.com/boxscores/199811010clt.htm,2,0:56,4,1,NWE 47,14,7,"Tom Tupa punts 35 yards, returned by Tyrone Poole for 16 yards (tackle by Sedrick Shaw)",-0.260,-1.200,punt,,,,,,,Tom Tupa,,Tyrone Poole,,Sedrick Shaw,,,,
1998,9,November 1,away,Indianapolis Colts,https://www.pro-football-reference.com/boxscores/199811010clt.htm,2,0:46,1,10,IND 34,14,7,Peyton Manning pass complete to Marshall Faulk for 16 yards (tackle by Steve Israel),1.200,2.260,pass,,Peyton Manning,,Marshall Faulk,,,,,,,Steve Israel,,,,
1998,9,November 1,away,Indianapolis Colts,https://www.pro-football-reference.com/boxscores/199811010clt.htm,2,0:37,1,10,NWE 50,14,7,Peyton Manning pass complete to Jerome Pathon for 9 yards (tackle by Chris Canty),2.260,2.930,pass,,Peyton Manning,,Jerome Pathon,,,,,,,Chris Canty,,,,
1998,9,November 1,away,Indianapolis Colts,https://www.pro-football-reference.com/boxscores/199811010clt.htm,2,0:32,2,1,NWE 41,14,7,Peyton Manning pass complete to Jerome Pathon for 5 yards (tackle by Chris Canty),2.930,3.180,pass,,Peyton Manning,,Jerome Pathon,,,,,,,Chris Canty,,,,
1998,9,November 1,away,Indianapolis Colts,https://www.pro-football-reference.com/boxscores/199811010clt.htm,2,0:19,1,10,NWE 36,14,7,Peyton Manning spiked the ball,3.180,2.640,qb_spike,,Peyton Manning,,,,,,,,,,,,,
1998,9,November 1,away,Indianapolis Colts,https://www.pro-football-reference.com/boxscores/199811010clt.htm,2,0:18,2,10,NWE 36,14,7,Peyton Manning pass incomplete intended for Jerome Pathon,2.640,1.950,pass,,Peyton Manning,,Jerome Pathon,,,,,,,,,,,
1998,9,November 1,away,Indianapolis Colts,https://www.pro-football-reference.com/boxscores/199811010clt.htm,2,0:16,3,10,NWE 36,14,7,Peyton Manning pass complete to Marvin Harrison for 4 yards (tackle by Ty Law),1.950,1.250,pass,,Peyton Manning,,Marvin Harrison,,,,,,,Ty Law,,,,
1998,9,November 1,away,Indianapolis Colts,https://www.pro-football-reference.com/boxscores/199811010clt.htm,2,0:05,4,6,NWE 32,14,10,Mike Vanderjagt 49 yard field goal good,1.250,3.000,field_goal,,,,,,,,Mike Vanderjagt,,,,,,,
1998,9,November 1,away,Indianapolis Colts,https://www.pro-football-reference.com/boxscores/199811010clt.htm,3,15:00,,,NWE 30,14,10,"Adam Vinatieri kicks off 70 yards, returned by Keith Elias for 21 yards (tackle by Chris Carter)",0.000,-0.340,kickoff,,,,,,,,Adam Vinatieri,Keith Elias,,Chris Carter,,,,
1998,9,November 1,away,Indianapolis Colts,https://www.pro-football-reference.com/boxscores/199811010clt.htm,3,,1,10,IND 21,14,10,Peyton Manning pass incomplete intended for Jerome Pathon,0.340,-0.200,pass,,Peyton Manning,,Jerome Pathon,,,,,,,,,,,
1998,9,November 1,away,Indianapolis Colts,https://www.pro-football-reference.com/boxscores/199811010clt.htm,3,,2,10,IND 21,14,10,Marshall Faulk left end for 4 yards (tackle by Todd Collins),-0.200,-0.360,run,,,Marshall Faulk,,,,,,,,Todd Collins,,,,
1998,9,November 1,away,Indianapolis Colts,https://www.pro-football-reference.com/boxscores/199811010clt.htm,3,,3,6,IND 25,14,10,Peyton Manning pass complete to Marshall Faulk for 21 yards (tackle by Lawyer Milloy),-0.360,1.990,pass,,Peyton Manning,,Marshall Faulk,,,,,,,Lawyer Milloy,,,,
1998,9,November 1,away,Indianapolis Colts,https://www.pro-football-reference.com/boxscores/199811010clt.htm,3,,1,10,IND 46,14,10,Lamont Warren right end for -1 yards (tackle by Chris Slade),1.990,1.320,run,,,Lamont Warren,,,,,,,,Chris Slade,,,,
1998,9,November 1,away,Indianapolis Colts,https://www.pro-football-reference.com/boxscores/199811010clt.htm,3,,2,11,IND 45,14,10,"Penalty on Tarik Glenn: False Start, 5 yards (accepted)",1.320,0.640,penalty,,,,,,,,,,,,,,,Tarik Glenn
1998,9,November 1,away,Indianapolis Colts,https://www.pro-football-reference.com/boxscores/199811010clt.htm,3,,2,16,IND 40,14,10,Peyton Manning pass complete to Marcus Pollard for 10 yards (tackle by Chris Canty),0.640,1.290,pass,,Peyton Manning,,Marcus Pollard,,,,,,,Chris Canty,,,,
1998,9,November 1,away,Indianapolis Colts,https://www.pro-football-reference.com/boxscores/199811010clt.htm,3,,3,6,NWE 50,14,10,Peyton Manning pass complete to Jerome Pathon for 4 yards (tackle by Chris Canty),1.290,0.200,pass,,Peyton Manning,,Jerome Pathon,,,,,,,Chris Canty,,,,
1998,9,November 1,away,Indianapolis Colts,https://www.pro-football-reference.com/boxscores/199811010clt.htm,3,,4,2,NWE 46,14,10,Chris Gardocki punts 37 yards,0.200,0.380,punt,,,,,,,Chris Gardocki,,,,,,,,
1998,9,November 1,away,Indianapolis Colts,https://www.pro-football-reference.com/boxscores/199811010clt.htm,3,10:58,1,10,NWE 9,14,10,Sedrick Shaw right guard for 2 yards (tackle by Andre Royal),-0.380,-0.630,run,,,Sedrick Shaw,,,,,,,,Andre Royal,,,,
1998,9,November 1,away,Indianapolis Colts,https://www.pro-football-reference.com/boxscores/199811010clt.htm,3,,2,8,NWE 11,14,10,Drew Bledsoe pass complete to Ben Coates for 15 yards (tackle by Robert Blackmon),-0.630,0.670,pass,,Drew Bledsoe,,Ben Coates,,,,,,,Robert Blackmon,,,,
1998,9,November 1,away,Indianapolis Colts,https://www.pro-football-reference.com/boxscores/199811010clt.htm,3,,1,10,NWE 26,14,10,Drew Bledsoe pass complete to Robert Edwards for 2 yards (tackle by Bernard Whittington),0.670,0.400,pass,,Drew Bledsoe,,Robert Edwards,,,,,,,Bernard Whittington,,,,
1998,9,November 1,away,Indianapolis Colts,https://www.pro-football-reference.com/boxscores/199811010clt.htm,3,,2,8,NWE 28,14,10,Robert Edwards left end for 4 yards (tackle by Mike Barber and Bertrand Berry),0.400,0.230,run,,,Robert Edwards,,,,,,,,Mike Barber,Bertrand Berry,,,
1998,9,November 1,away,Indianapolis Colts,https://www.pro-football-reference.com/boxscores/199811010clt.htm,3,,3,4,NWE 32,14,10,Drew Bledsoe pass complete to Ben Coates for 8 yards (tackle by Monty Montgomery),0.230,1.600,pass,,Drew Bledsoe,,Ben Coates,,,,,,,Monty Montgomery,,,,
1998,9,November 1,away,Indianapolis Colts,https://www.pro-football-reference.com/boxscores/199811010clt.htm,3,,1,10,NWE 40,14,10,Drew Bledsoe pass complete to Ben Coates for 15 yards (tackle by Robert Blackmon),1.600,2.590,pass,,Drew Bledsoe,,Ben Coates,,,,,,,Robert Blackmon,,,,
1998,9,November 1,away,Indianapolis Colts,https://www.pro-football-reference.com/boxscores/199811010clt.htm,3,,1,10,IND 45,14,10,Drew Bledsoe pass incomplete intended for Shawn Jefferson,2.590,2.040,pass,,Drew Bledsoe,,Shawn Jefferson,,,,,,,,,,,
1998,9,November 1,away,Indianapolis Colts,https://www.pro-football-reference.com/boxscores/199811010clt.htm,3,6:54,2,10,IND 45,14,10,Robert Edwards right tackle for no gain (tackle by Mike Barber),2.040,1.360,run,,,Robert Edwards,,,,,,,,Mike Barber,,,,
1998,9,November 1,away,Indianapolis Colts,https://www.pro-football-reference.com/boxscores/199811010clt.htm,3,,3,10,IND 45,14,10,Drew Bledsoe pass complete to Ben Coates for 15 yards (tackle by Jason Belser),1.360,3.580,pass,,Drew Bledsoe,,Ben Coates,,,,,,,Jason Belser,,,,
1998,9,November 1,away,Indianapolis Colts,https://www.pro-football-reference.com/boxscores/199811010clt.htm,3,,1,10,IND 30,14,10,Drew Bledsoe pass complete to Ben Coates for 7 yards (tackle by Mike Barber and Jason Belser),3.580,3.980,pass,,Drew Bledsoe,,Ben Coates,,,,,,,Mike Barber,Jason Belser,,,
1998,9,November 1,away,Indianapolis Colts,https://www.pro-football-reference.com/boxscores/199811010clt.htm,3,,2,3,IND 23,14,10,Robert Edwards left guard for 1 yard (tackle by Bernard Whittington),3.980,3.400,run,,,Robert Edwards,,,,,,,,Bernard Whittington,,,,
1998,9,November 1,away,Indianapolis Colts,https://www.pro-football-reference.com/boxscores/199811010clt.htm,3,,3,2,IND 22,14,10,Drew Bledsoe pass complete to Ben Coates for 8 yards (tackle by Jason Belser),3.400,4.650,pass,,Drew Bledsoe,,Ben Coates,,,,,,,Jason Belser,,,,
1998,9,November 1,away,Indianapolis Colts,https://www.pro-football-reference.com/boxscores/199811010clt.htm,3,,1,10,IND 14,14,10,Robert Edwards middle for 7 yards (tackle by Mike Barber and Jason Belser),4.650,5.280,run,,,Robert Edwards,,,,,,,,Mike Barber,Jason Belser,,,
1998,9,November 1,away,Indianapolis Colts,https://www.pro-football-reference.com/boxscores/199811010clt.htm,3,,2,3,IND 7,14,10,Robert Edwards middle for -4 yards (tackle by Andre Royal),5.280,3.620,run,,,Robert Edwards,,,,,,,,Andre Royal,,,,
1998,9,November 1,away,Indianapolis Colts,https://www.pro-football-reference.com/boxscores/199811010clt.htm,3,,3,7,IND 11,14,10,Drew Bledsoe pass intended for Henry Ellard is intercepted by Robert Blackmon at IC5 and returned for 14 yards,3.620,-0.150,pass,,Drew Bledsoe,,Henry Ellard,Robert Blackmon,,,,,,,,,,
1998,9,November 1,away,Indianapolis Colts,https://www.pro-football-reference.com/boxscores/199811010clt.htm,3,2:03,1,10,IND 19,14,10,Marshall Faulk right guard for 3 yards (tackle by Henry Thomas),0.150,0.070,run,,,Marshall Faulk,,,,,,,,Henry Thomas,,,,
1998,9,November 1,away,Indianapolis Colts,https://www.pro-football-reference.com/boxscores/199811010clt.htm,3,,2,7,IND 22,14,10,Peyton Manning pass complete to Jerome Pathon for 11 yards (tackle by Chris Canty),0.070,1.140,pass,,Peyton Manning,,Jerome Pathon,,,,,,,Chris Canty,,,,
1998,9,November 1,away,Indianapolis Colts,https://www.pro-football-reference.com/boxscores/199811010clt.htm,3,,1,10,IND 33,14,10,Peyton Manning pass complete to Marvin Harrison for 4 yards (tackle by Ty Law),1.140,1.130,pass,,Peyton Manning,,Marvin Harrison,,,,,,,Ty Law,,,,
1998,9,November 1,away,Indianapolis Colts,https://www.pro-football-reference.com/boxscores/199811010clt.htm,4,15:00,2,6,IND 37,14,10,Peyton Manning pass incomplete intended for Marshall Faulk,1.130,0.430,pass,,Peyton Manning,,Marshall Faulk,,,,,,,,,,,
1998,9,November 1,away,Indianapolis Colts,https://www.pro-football-reference.com/boxscores/199811010clt.htm,4,,3,6,IND 37,14,10,Peyton Manning pass incomplete intended for Torrance Small,0.430,-0.910,pass,,Peyton Manning,,Torrance Small,,,,,,,,,,,
1998,9,November 1,away,Indianapolis Colts,https://www.pro-football-reference.com/boxscores/199811010clt.htm,4,,4,6,IND 37,14,10,"Chris Gardocki punts 52 yards, returned by Chris Canty for 2 yards (tackle by Andre Royal). Penalty on Andre Royal: Illegal Downfield Kick, 5 yards (accepted) (no play)",-0.910,-1.240,no_play,,,,,,,,,,,Andre Royal,,,,
1998,9,November 1,away,Indianapolis Colts,https://www.pro-football-reference.com/boxscores/199811010clt.htm,4,,4,11,IND 32,14,10,"Chris Gardocki punts 42 yards, returned by Chris Canty for 11 yards (tackle by Ratcliff Thomas)",-1.240,-1.400,punt,,,,,,,Chris Gardocki,,Chris Canty,,Ratcliff Thomas,,,,
1998,9,November 1,away,Indianapolis Colts,https://www.pro-football-reference.com/boxscores/199811010clt.htm,4,14:26,1,10,NWE 37,20,10,"Drew Bledsoe pass complete to Tony Simmons for 63 yards, touchdown",1.400,7.000,pass,,Drew Bledsoe,,Tony Simmons,,,,,,,,,,,
1998,9,November 1,away,Indianapolis Colts,https://www.pro-football-reference.com/boxscores/199811010clt.htm,4,,,,,20,10,Penalty on Jeff Burris: Defensive Pass Interference (declined),0.000,0.000,penalty,,,,,,,,,,,,,,,Jeff Burris
1998,9,November 1,away,Indianapolis Colts,https://www.pro-football-reference.com/boxscores/199811010clt.htm,4,14:16,,,,21,10,Adam Vinatieri kicks extra point good,0.000,0.000,extra_point,,,,,,,,Adam Vinatieri,,,,,,,
1998,9,November 1,away,Indianapolis Colts,https://www.pro-football-reference.com/boxscores/199811010clt.htm,4,,,,NWE 30,21,10,"Adam Vinatieri kicks off 69 yards, returned by Keith Elias for 24 yards (tackle by Chris Carter). Penalty on Monty Montgomery: Offensive Holding, 10 yards (accepted)",0.000,0.220,kickoff,,,,,,,,Adam Vinatieri,Keith Elias,,Chris Carter,,,,
1998,9,November 1,away,Indianapolis Colts,https://www.pro-football-reference.com/boxscores/199811010clt.htm,4,14:04,1,10,IND 15,21,10,Marshall Faulk middle for 5 yards (tackle by Chris Slade),-0.220,0.080,run,,,Marshall Faulk,,,,,,,,Chris Slade,,,,
1998,9,November 1,away,Indianapolis Colts,https://www.pro-football-reference.com/boxscores/199811010clt.htm,4,,2,5,IND 20,21,10,Marshall Faulk right tackle for no gain (tackle by Greg Spires),0.080,-0.760,run,,,Marshall Faulk,,,,,,,,Greg Spires,,,,
1998,9,November 1,away,Indianapolis Colts,https://www.pro-football-reference.com/boxscores/199811010clt.htm,4,,3,5,IND 20,21,10,Peyton Manning pass complete to Marcus Pollard for 1 yard (tackle by Lawyer Milloy),-0.760,-1.960,pass,,Peyton Manning,,Marcus Pollard,,,,,,,Lawyer Milloy,,,,
1998,9,November 1,away,Indianapolis Colts,https://www.pro-football-reference.com/boxscores/199811010clt.htm,4,,4,4,IND 21,21,10,"Chris Gardocki punts 47 yards, returned by Chris Canty for 4 yards (tackle by Tim Hauck)",-1.960,-1.330,punt,,,,,,,Chris Gardocki,,Chris Canty,,Tim Hauck,,,,
1998,9,November 1,away,Indianapolis Colts,https://www.pro-football-reference.com/boxscores/199811010clt.htm,4,11:59,1,10,NWE 36,21,10,Drew Bledsoe pass incomplete intended for Robert Edwards,1.330,0.790,pass,,Drew Bledsoe,,Robert Edwards,,,,,,,,,,,
1998,9,November 1,away,Indianapolis Colts,https://www.pro-football-reference.com/boxscores/199811010clt.htm,4,,2,10,NWE 36,21,10,Robert Edwards middle for 2 yards (tackle by Larry Chester),0.790,0.370,run,,,Robert Edwards,,,,,,,,Larry Chester,,,,
1998,9,November 1,away,Indianapolis Colts,https://www.pro-football-reference.com/boxscores/199811010clt.htm,4,,3,8,NWE 38,21,10,Drew Bledsoe pass complete to Tony Simmons for 10 yards (tackle by Jeff Burris),0.370,2.130,pass,,Drew Bledsoe,,Tony Simmons,,,,,,,Jeff Burris,,,,
1998,9,November 1,away,Indianapolis Colts,https://www.pro-football-reference.com/boxscores/199811010clt.htm,4,,1,10,NWE 48,21,10,"Robert Edwards left end for 6 yards (tackle by Robert Blackmon). Penalty on Lovett Purnell: Offensive Holding, 10 yards (accepted) (no play)",2.130,1.470,no_play,,,,,,,,,,,Robert Blackmon,,,,
1998,9,November 1,away,Indianapolis Colts,https://www.pro-football-reference.com/boxscores/199811010clt.htm,4,,1,20,NWE 38,21,10,Drew Bledsoe pass incomplete intended for Henry Ellard,1.470,0.230,pass,,Drew Bledsoe,,Henry Ellard,,,,,,,,,,,
1998,9,November 1,away,Indianapolis Colts,https://www.pro-football-reference.com/boxscores/199811010clt.htm,4,,2,20,NWE 38,21,10,"Penalty on Drew Bledsoe: Delay of Game, 5 yards (accepted)",0.230,-0.440,penalty,,,,,,,,,,,,,,,Drew Bledsoe
1998,9,November 1,away,Indianapolis Colts,https://www.pro-football-reference.com/boxscores/199811010clt.htm,4,,2,25,NWE 33,21,10,Drew Bledsoe pass incomplete intended for Tony Simmons,-0.440,-1.090,pass,,Drew Bledsoe,,Tony Simmons,,,,,,,,,,,
1998,9,November 1,away,Indianapolis Colts,https://www.pro-football-reference.com/boxscores/199811010clt.htm,4,,3,25,NWE 33,21,10,Drew Bledsoe pass complete to Henry Ellard for 19 yards (tackle by Monty Montgomery),-1.090,0.070,pass,,Drew Bledsoe,,Henry Ellard,,,,,,,Monty Montgomery,,,,
1998,9,November 1,away,Indianapolis Colts,https://www.pro-football-reference.com/boxscores/199811010clt.htm,4,,4,6,IND 48,21,10,Tom Tupa punts 33 yards,0.070,0.220,punt,,,,,,,Tom Tupa,,,,,,,,
1998,9,November 1,away,Indianapolis Colts,https://www.pro-football-reference.com/boxscores/199811010clt.htm,4,9:27,1,10,IND 15,21,10,Peyton Manning pass incomplete intended for Marvin Harrison,-0.220,-0.710,pass,,Peyton Manning,,Marvin Harrison,,,,,,,,,,,
1998,9,November 1,away,Indianapolis Colts,https://www.pro-football-reference.com/boxscores/199811010clt.htm,4,,2,10,IND 15,21,10,Peyton Manning pass incomplete intended for Torrance Small,-0.710,-1.370,pass,,Peyton Manning,,Torrance Small,,,,,,,,,,,
1998,9,November 1,away,Indianapolis Colts,https://www.pro-football-reference.com/boxscores/199811010clt.htm,4,,3,10,IND 15,21,10,Peyton Manning pass incomplete intended for Marvin Harrison,-1.370,0.000,pass,,Peyton Manning,,Marvin Harrison,,,,,,,,,,,
1998,9,November 1,away,Indianapolis Colts,https://www.pro-football-reference.com/boxscores/199811010clt.htm,4,,,,,21,10,Penalty on Tony Mandarich: Offensive Holding (declined),0.000,-2.440,penalty,,,,,,,,,,,,,,,Tony Mandarich
1998,9,November 1,away,Indianapolis Colts,https://www.pro-football-reference.com/boxscores/199811010clt.htm,4,,4,10,IND 15,21,10,Chris Gardocki punts 51 yards,-2.440,-1.200,punt,,,,,,,Chris Gardocki,,,,,,,,
1998,9,November 1,away,Indianapolis Colts,https://www.pro-football-reference.com/boxscores/199811010clt.htm,4,9:04,1,10,NWE 34,21,10,Robert Edwards right end for 5 yards (tackle by Larry Chester and Van Tuinei),1.200,1.330,run,,,Robert Edwards,,,,,,,,Larry Chester,Van Tuinei,,,
1998,9,November 1,away,Indianapolis Colts,https://www.pro-football-reference.com/boxscores/199811010clt.htm,4,,2,5,NWE 39,21,10,"Penalty on Drew Bledsoe: Delay of Game, 5 yards (accepted)",1.330,0.660,penalty,,,,,,,,,,,,,,,Drew Bledsoe
1998,9,November 1,away,Indianapolis Colts,https://www.pro-football-reference.com/boxscores/199811010clt.htm,4,,2,10,NWE 34,21,10,Robert Edwards left end for 3 yards (tackle by Mike Barber),0.660,0.370,run,,,Robert Edwards,,,,,,,,Mike Barber,,,,
1998,9,November 1,away,Indianapolis Colts,https://www.pro-football-reference.com/boxscores/199811010clt.htm,4,,3,7,NWE 37,21,10,Drew Bledsoe pass incomplete intended for Henry Ellard,0.370,-0.910,pass,,Drew Bledsoe,,Henry Ellard,,,,,,,,,,,
1998,9,November 1,away,Indianapolis Colts,https://www.pro-football-reference.com/boxscores/199811010clt.htm,4,,4,7,NWE 37,21,10,Tom Tupa punts 51 yards,-0.910,0.350,punt,,,,,,,Tom Tupa,,,,,,,,
1998,9,November 1,away,Indianapolis Colts,https://www.pro-football-reference.com/boxscores/199811010clt.htm,4,7:10,1,10,IND 12,21,10,Peyton Manning pass complete to Marshall Faulk for no gain (tackle by Steve Israel),-0.350,-0.780,pass,,Peyton Manning,,Marshall Faulk,,,,,,,Steve Israel,,,,
1998,9,November 1,away,Indianapolis Colts,https://www.pro-football-reference.com/boxscores/199811010clt.htm,4,,2,10,IND 12,21,10,Peyton Manning pass complete to Marvin Harrison for 10 yards (tackle by Ty Law),-0.780,0.410,pass,,Peyton Manning,,Marvin Harrison,,,,,,,Ty Law,,,,
1998,9,November 1,away,Indianapolis Colts,https://www.pro-football-reference.com/boxscores/199811010clt.htm,4,,1,10,IND 22,21,10,Peyton Manning pass incomplete intended for Jerome Pathon,0.410,-0.130,pass,,Peyton Manning,,Jerome Pathon,,,,,,,,,,,
1998,9,November 1,away,Indianapolis Colts,https://www.pro-football-reference.com/boxscores/199811010clt.htm,4,,2,10,IND 22,21,10,Peyton Manning pass complete to Marcus Pollard for 13 yards (tackle by Chris Carter and Lawyer Milloy),-0.130,1.270,pass,,Peyton Manning,,Marcus Pollard,,,,,,,Chris Carter,Lawyer Milloy,,,
1998,9,November 1,away,Indianapolis Colts,https://www.pro-football-reference.com/boxscores/199811010clt.htm,4,,1,10,IND 35,21,10,Peyton Manning pass complete to Jerome Pathon for 5 yards (tackle by Ty Law),1.270,1.400,pass,,Peyton Manning,,Jerome Pathon,,,,,,,Ty Law,,,,
1998,9,November 1,away,Indianapolis Colts,https://www.pro-football-reference.com/boxscores/199811010clt.htm,4,,2,5,IND 40,21,10,"Penalty on Peyton Manning: False Start, 5 yards (accepted)",1.400,0.720,penalty,,,,,,,,,,,,,,,Peyton Manning
1998,9,November 1,away,Indianapolis Colts,https://www.pro-football-reference.com/boxscores/199811010clt.htm,4,,2,10,IND 35,21,10,Peyton Manning pass complete to Marshall Faulk for 20 yards (tackle by Chris Canty and Lawyer Milloy),0.720,2.590,pass,,Peyton Manning,,Marshall Faulk,,,,,,,Chris Canty,Lawyer Milloy,,,
1998,9,November 1,away,Indianapolis Colts,https://www.pro-football-reference.com/boxscores/199811010clt.htm,4,,1,10,NWE 45,21,10,Peyton Manning pass complete to Marvin Harrison for 6 yards (tackle by Chris Canty),2.590,2.850,pass,,Peyton Manning,,Marvin Harrison,,,,,,,Chris Canty,,,,
1998,9,November 1,away,Indianapolis Colts,https://www.pro-football-reference.com/boxscores/199811010clt.htm,4,,2,4,NWE 39,21,10,Peyton Manning pass complete to Jerome Pathon for 4 yards (tackle by Ted Johnson),2.850,3.250,pass,,Peyton Manning,,Jerome Pathon,,,,,,,Ted Johnson,,,,
1998,9,November 1,away,Indianapolis Colts,https://www.pro-football-reference.com/boxscores/199811010clt.htm,4,,1,10,NWE 35,21,10,Peyton Manning pass incomplete intended for Marvin Harrison,3.250,2.700,pass,,Peyton Manning,,Marvin Harrison,,,,,,,,,,,
1998,9,November 1,away,Indianapolis Colts,https://www.pro-football-reference.com/boxscores/199811010clt.htm,4,,2,10,NWE 35,21,10,Peyton Manning pass incomplete intended for Marvin Harrison,2.700,2.010,pass,,Peyton Manning,,Marvin Harrison,,,,,,,,,,,
1998,9,November 1,away,Indianapolis Colts,https://www.pro-football-reference.com/boxscores/199811010clt.htm,4,,3,10,NWE 35,21,10,Peyton Manning pass complete to Torrance Small for 20 yards (tackle by Lawyer Milloy),2.010,4.580,pass,,Peyton Manning,,Torrance Small,,,,,,,Lawyer Milloy,,,,
1998,9,November 1,away,Indianapolis Colts,https://www.pro-football-reference.com/boxscores/199811010clt.htm,4,,1,10,NWE 15,21,10,Peyton Manning pass incomplete intended for Marvin Harrison,4.580,3.950,pass,,Peyton Manning,,Marvin Harrison,,,,,,,,,,,
1998,9,November 1,away,Indianapolis Colts,https://www.pro-football-reference.com/boxscores/199811010clt.htm,4,,2,10,NWE 15,21,16,"Peyton Manning pass complete to Marcus Pollard for 15 yards, touchdown",3.950,7.000,pass,,Peyton Manning,,Marcus Pollard,,,,,,,,,,,
1998,9,November 1,away,Indianapolis Colts,https://www.pro-football-reference.com/boxscores/199811010clt.htm,4,3:40,,,,21,16,,0.000,0.000,other,,,,,,,,,,,,,,,
1998,9,November 1,away,Indianapolis Colts,https://www.pro-football-reference.com/boxscores/199811010clt.htm,4,,,,IND 30,21,16,"Chris Gardocki kicks off 70 yards, returned by Derrick Cullors for 12 yards (tackle by Tim Hauck and Ray McElroy)",0.000,0.350,kickoff,,,,,,,,Chris Gardocki,Derrick Cullors,,Tim Hauck,Ray McElroy,,,
1998,9,November 1,away,Indianapolis Colts,https://www.pro-football-reference.com/boxscores/199811010clt.htm,4,,1,10,NWE 12,21,16,Drew Bledsoe pass incomplete intended for Ben Coates,-0.350,-0.780,pass,,Drew Bledsoe,,Ben Coates,,,,,,,,,,,
1998,9,November 1,away,Indianapolis Colts,https://www.pro-football-reference.com/boxscores/199811010clt.htm,4,,2,10,NWE 12,21,16,Robert Edwards left tackle for 5 yards (tackle by Ellis Johnson and Tony McCoy),-0.780,-0.840,run,,,Robert Edwards,,,,,,,,Ellis Johnson,Tony McCoy,,,
1998,9,November 1,away,Indianapolis Colts,https://www.pro-football-reference.com/boxscores/199811010clt.htm,4,,3,5,NWE 17,21,16,Drew Bledsoe pass incomplete intended for Lovett Purnell,-0.840,-2.320,pass,,Drew Bledsoe,,Lovett Purnell,,,,,,,,,,,
1998,9,November 1,away,Indianapolis Colts,https://www.pro-football-reference.com/boxscores/199811010clt.htm,4,,4,5,NWE 17,21,16,"Tom Tupa punts 55 yards, returned by Tyrone Poole for 11 yards (tackle by Chris Carter and Marty Moore)",-2.320,-1.530,punt,,,,,,,Tom Tupa,,Tyrone Poole,,Chris Carter,Marty Moore,,,
1998,9,November 1,away,Indianapolis Colts,https://www.pro-football-reference.com/boxscores/199811010clt.htm,4,2:31,1,10,IND 39,21,16,Peyton Manning pass incomplete intended for Torrance Small,1.530,0.990,pass,,Peyton Manning,,Torrance Small,,,,,,,,,,,
1998,9,November 1,away,Indianapolis Colts,https://www.pro-football-reference.com/boxscores/199811010clt.htm,4,,2,10,IND 39,21,16,Peyton Manning pass complete to Marcus Pollard for 1 yard (tackle by Lawyer Milloy),0.990,0.430,pass,,Peyton Manning,,Marcus Pollard,,,,,,,Lawyer Milloy,,,,
1998,9,November 1,away,Indianapolis Colts,https://www.pro-football-reference.com/boxscores/199811010clt.htm,4,2:00,3,9,IND 40,21,16,Peyton Manning pass incomplete intended for Torrance Small,0.430,-0.720,pass,,Peyton Manning,,Torrance Small,,,,,,,,,,,
1998,9,November 1,away,Indianapolis Colts,https://www.pro-football-reference.com/boxscores/199811010clt.htm,4,1:55,4,9,IND 40,21,16,Peyton Manning pass intended for Torrance Small is intercepted by Lawyer Milloy at NE47 and returned for 12 yards,-0.720,-2.850,pass,,Peyton Manning,,Torrance Small,Lawyer Milloy,,,,,,,,,,
1998,9,November 1,away,Indianapolis Colts,https://www.pro-football-reference.com/boxscores/199811010clt.htm,4,1:46,1,10,IND 41,21,16,Robert Edwards left tackle for 5 yards (tackle by Andre Royal),2.850,2.980,run,,,Robert Edwards,,,,,,,,Andre Royal,,,,
1998,9,November 1,away,Indianapolis Colts,https://www.pro-football-reference.com/boxscores/199811010clt.htm,4,1:41,2,5,IND 36,21,16,Robert Edwards middle for no gain (tackle by Bertrand Berry and Bernard Whittington),2.980,2.280,run,,,Robert Edwards,,,,,,,,Bertrand Berry,Bernard Whittington,,,
1998,9,November 1,away,Indianapolis Colts,https://www.pro-football-reference.com/boxscores/199811010clt.htm,4,1:36,3,5,IND 36,21,16,Robert Edwards left guard for -1 yards (tackle by Mike Barber),2.280,0.790,run,,,Robert Edwards,,,,,,,,Mike Barber,,,,
1998,9,November 1,away,Indianapolis Colts,https://www.pro-football-reference.com/boxscores/199811010clt.htm,4,1:32,4,6,IND 37,21,16,Tom Tupa punts 29 yards,0.790,0.380,punt,,,,,,,Tom Tupa,,,,,,,,
1998,9,November 1,away,Indianapolis Colts,https://www.pro-football-reference.com/boxscores/199811010clt.htm,4,1:25,1,10,IND 9,21,16,Peyton Manning pass complete to Marshall Faulk for 24 yards (tackle by Steve Israel),-0.380,1.140,pass,,Peyton Manning,,Marshall Faulk,,,,,,,Steve Israel,,,,
1998,9,November 1,away,Indianapolis Colts,https://www.pro-football-reference.com/boxscores/199811010clt.htm,4,1:16,1,10,IND 33,21,16,Peyton Manning pass complete to Lamont Warren for -2 yards (tackle by Larry Whigham),1.140,0.320,pass,,Peyton Manning,,Lamont Warren,,,,,,,Larry Whigham,,,,
1998,9,November 1,away,Indianapolis Colts,https://www.pro-football-reference.com/boxscores/199811010clt.htm,4,0:49,2,12,IND 31,21,16,Peyton Manning pass incomplete intended for Jerome Pathon,0.320,-0.360,pass,,Peyton Manning,,Jerome Pathon,,,,,,,,,,,
1998,9,November 1,away,Indianapolis Colts,https://www.pro-football-reference.com/boxscores/199811010clt.htm,4,0:44,3,12,IND 31,21,16,Peyton Manning pass intended for Marvin Harrison is intercepted by Lawyer Milloy at NE45 and returned for 12 yards,-0.360,-2.720,pass,,Peyton Manning,,Marvin Harrison,Lawyer Milloy,,,,,,,,,,
1998,9,November 1,away,Indianapolis Colts,https://www.pro-football-reference.com/boxscores/199811010clt.htm,4,0:34,1,10,IND 43,21,16,Drew Bledsoe kneels for -1 yards,2.720,2.040,run,,,Drew Bledsoe,,,,,,,,,,,,
1998,10,November 8,home,Atlanta Falcons,https://www.pro-football-reference.com/boxscores/199811080nwe.htm,,,,,,,,"Falcons won the coin toss, Patriots to receive the opening kickoff.",,,other,,,,,,,,,,,,,,,
1998,10,November 8,home,Atlanta Falcons,https://www.pro-football-reference.com/boxscores/199811080nwe.htm,1,15:00,,,ATL 30,0,0,"Morten Andersen kicks off 64 yards, returned by Derrick Cullors for 23 yards. Penalty on Larry Whigham: Offensive Holding, 10 yards (accepted) (tackle by Randy Fuller)",0.000,-0.150,kickoff,,,,,,,,Morten Andersen,Derrick Cullors,,Randy Fuller,,,,
1998,10,November 8,home,Atlanta Falcons,https://www.pro-football-reference.com/boxscores/199811080nwe.htm,1,,1,10,NWE 19,0,0,Drew Bledsoe pass complete to Ben Coates for 6 yards (tackle by Henri Crockett),0.150,0.480,pass,,Drew Bledsoe,,Ben Coates,,,,,,,Henri Crockett,,,,
1998,10,November 8,home,Atlanta Falcons,https://www.pro-football-reference.com/boxscores/199811080nwe.htm,1,,2,4,NWE 25,0,0,Robert Edwards right end for -3 yards (tackle by Michael Booker),0.480,-0.680,run,,,Robert Edwards,,,,,,,,Michael Booker,,,,
1998,10,November 8,home,Atlanta Falcons,https://www.pro-football-reference.com/boxscores/199811080nwe.htm,1,,3,7,NWE 22,0,0,Drew Bledsoe sacked by Lester Archambeau for 8 yards,-0.680,-2.470,pass,,Drew Bledsoe,,,,Lester Archambeau,,,,,,,,,
1998,10,November 8,home,Atlanta Falcons,https://www.pro-football-reference.com/boxscores/199811080nwe.htm,1,,4,15,NWE 14,0,0,"Tom Tupa punts 40 yards, returned by Todd Kinchen for 8 yards (tackle by Anthony Ladd)",-2.470,-2.520,punt,,,,,,,Tom Tupa,,Todd Kinchen,,Anthony Ladd,,,,
1998,10,November 8,home,Atlanta Falcons,https://www.pro-football-reference.com/boxscores/199811080nwe.htm,1,13:22,1,10,NWE 46,0,0,Jamal Anderson left guard for 5 yards (tackle by Willie Clay and Larry Whigham),2.520,2.650,run,,,Jamal Anderson,,,,,,,,Willie Clay,Larry Whigham,,,
1998,10,November 8,home,Atlanta Falcons,https://www.pro-football-reference.com/boxscores/199811080nwe.htm,1,,2,5,NWE 41,0,0,Chris Chandler pass complete to Bob Christian for 39 yards (tackle by Chris Canty and Ty Law),2.650,0.000,pass,,Chris Chandler,,Bob Christian,,,,,,,Chris Canty,Ty Law,,,
1998,10,November 8,home,Atlanta Falcons,https://www.pro-football-reference.com/boxscores/199811080nwe.htm,1,,,,NWE 2,0,0,"Penalty on Ty Law: Face Mask (15 Yards), 1 yard (accepted)",0.000,6.970,penalty,,,,,,,,,,,,,,,Ty Law
1998,10,November 8,home,Atlanta Falcons,https://www.pro-football-reference.com/boxscores/199811080nwe.htm,1,,1,1,NWE 1,0,6,"Jamal Anderson middle for 1 yard, touchdown",6.970,7.000,run,,,Jamal Anderson,,,,,,,,,,,,
1998,10,November 8,home,Atlanta Falcons,https://www.pro-football-reference.com/boxscores/199811080nwe.htm,1,12:10,,,,0,7,Morten Andersen kicks extra point good,0.000,0.000,extra_point,,,,,,,,Morten Andersen,,,,,,,
1998,10,November 8,home,Atlanta Falcons,https://www.pro-football-reference.com/boxscores/199811080nwe.htm,1,,,,ATL 30,0,7,"Morten Andersen kicks off 72 yards, returned by Derrick Cullors for 27 yards (tackle by Devin Bush and Ken Oxendine)",0.000,-0.610,kickoff,,,,,,,,Morten Andersen,Derrick Cullors,,Devin Bush,Ken Oxendine,,,
1998,10,November 8,home,Atlanta Falcons,https://www.pro-football-reference.com/boxscores/199811080nwe.htm,1,,1,10,NWE 25,0,7,"Drew Bledsoe sacked by Chuck Smith for 9 yards. Drew Bledsoe fumbles (forced by Chuck Smith), recovered by John Burrough at NE16",0.610,-4.510,pass,,Drew Bledsoe,,,,Chuck Smith,,,,,,,Chuck Smith,John Burrough,
1998,10,November 8,home,Atlanta Falcons,https://www.pro-football-reference.com/boxscores/199811080nwe.htm,1,11:53,1,10,NWE 16,0,7,Jamal Anderson right tackle for 2 yards (tackle by Ted Johnson and Mark Wheeler),4.510,4.210,run,,,Jamal Anderson,,,,,,,,Ted Johnson,Mark Wheeler,,,
1998,10,November 8,home,Atlanta Falcons,https://www.pro-football-reference.com/boxscores/199811080nwe.htm,1,,2,8,NWE 14,0,7,Jamal Anderson pass incomplete,4.210,3.370,pass,,Jamal Anderson,,,,,,,,,,,,,
1998,10,November 8,home,Atlanta Falcons,https://www.pro-football-reference.com/boxscores/199811080nwe.htm,1,,3,8,NWE 14,0,7,Chris Chandler pass complete to Terance Mathis for 8 yards (tackle by Lawyer Milloy),3.370,5.830,pass,,Chris Chandler,,Terance Mathis,,,,,,,Lawyer Milloy,,,,
1998,10,November 8,home,Atlanta Falcons,https://www.pro-football-reference.com/boxscores/199811080nwe.htm,1,,1,6,NWE 6,0,7,Chris Chandler middle for -1 yards (tackle by Mark Wheeler),5.830,4.760,run,,,Chris Chandler,,,,,,,,Mark Wheeler,,,,
1998,10,November 8,home,Atlanta Falcons,https://www.pro-football-reference.com/boxscores/199811080nwe.htm,1,,2,7,NWE 7,0,13,"Chris Chandler pass complete to O.J. Santiago for 7 yards, touchdown",4.760,7.000,pass,,Chris Chandler,,O.J. Santiago,,,,,,,,,,,
1998,10,November 8,home,Atlanta Falcons,https://www.pro-football-reference.com/boxscores/199811080nwe.htm,1,9:48,,,,0,14,Morten Andersen kicks extra point good,0.000,0.000,extra_point,,,,,,,,Morten Andersen,,,,,,,
1998,10,November 8,home,Atlanta Falcons,https://www.pro-football-reference.com/boxscores/199811080nwe.htm,1,,,,ATL 30,0,14,"Morten Andersen kicks off 77 yards, touchback.",0.000,-0.280,kickoff,,,,,,,,Morten Andersen,,,,,,,
1998,10,November 8,home,Atlanta Falcons,https://www.pro-football-reference.com/boxscores/199811080nwe.htm,1,,1,10,NWE 20,0,14,Robert Edwards right guard for 5 yards (tackle by Eugene Robinson and William White),0.280,0.410,run,,,Robert Edwards,,,,,,,,Eugene Robinson,William White,,,
1998,10,November 8,home,Atlanta Falcons,https://www.pro-football-reference.com/boxscores/199811080nwe.htm,1,,2,5,NWE 25,0,14,"Drew Bledsoe pass incomplete intended for Chris Floyd. Penalty on Shane Dronett: Encroachment, 5 yards (accepted) (no play)",0.410,0.940,no_play,,,,,,,,,,,,,,,
1998,10,November 8,home,Atlanta Falcons,https://www.pro-football-reference.com/boxscores/199811080nwe.htm,1,,1,10,NWE 30,0,14,Robert Edwards right end for 8 yards (tackle by Henri Crockett and Eugene Robinson),0.940,1.470,run,,,Robert Edwards,,,,,,,,Henri Crockett,Eugene Robinson,,,
1998,10,November 8,home,Atlanta Falcons,https://www.pro-football-reference.com/boxscores/199811080nwe.htm,1,,2,2,NWE 38,0,14,Chris Floyd middle for 1 yard (tackle by Lester Archambeau and Cornelius Bennett),1.470,0.890,run,,,Chris Floyd,,,,,,,,Lester Archambeau,Cornelius Bennett,,,
1998,10,November 8,home,Atlanta Falcons,https://www.pro-football-reference.com/boxscores/199811080nwe.htm,1,,3,1,NWE 39,0,14,Drew Bledsoe left guard for 3 yards (tackle by John Burrough and Shane Dronett),0.890,1.730,run,,,Drew Bledsoe,,,,,,,,John Burrough,Shane Dronett,,,
1998,10,November 8,home,Atlanta Falcons,https://www.pro-football-reference.com/boxscores/199811080nwe.htm,1,,1,10,NWE 42,0,14,Drew Bledsoe pass incomplete intended for Robert Edwards,1.730,1.190,pass,,Drew Bledsoe,,Robert Edwards,,,,,,,,,,,
1998,10,November 8,home,Atlanta Falcons,https://www.pro-football-reference.com/boxscores/199811080nwe.htm,1,,2,10,NWE 42,0,14,Robert Edwards middle for 2 yards (tackle by Eugene Robinson and Jessie Tuggle),1.190,0.760,run,,,Robert Edwards,,,,,,,,Eugene Robinson,Jessie Tuggle,,,
1998,10,November 8,home,Atlanta Falcons,https://www.pro-football-reference.com/boxscores/199811080nwe.htm,1,,3,8,NWE 44,0,14,Drew Bledsoe pass complete to Derrick Cullors for 5 yards (tackle by Michael Booker),0.760,-0.130,pass,,Drew Bledsoe,,Derrick Cullors,,,,,,,Michael Booker,,,,
1998,10,November 8,home,Atlanta Falcons,https://www.pro-football-reference.com/boxscores/199811080nwe.htm,1,,4,3,NWE 49,0,14,Tom Tupa punts 30 yards,-0.130,-0.340,punt,,,,,,,Tom Tupa,,,,,,,,
1998,10,November 8,home,Atlanta Falcons,https://www.pro-football-reference.com/boxscores/199811080nwe.htm,1,5:33,1,10,ATL 21,0,14,Jamal Anderson middle for 2 yards (tackle by Todd Collins and Chris Sullivan),0.340,0.070,run,,,Jamal Anderson,,,,,,,,Todd Collins,Chris Sullivan,,,
1998,10,November 8,home,Atlanta Falcons,https://www.pro-football-reference.com/boxscores/199811080nwe.htm,1,,2,8,ATL 23,0,14,Jamal Anderson left guard for 6 yards (tackle by Steve Israel and Ted Johnson),0.070,0.170,run,,,Jamal Anderson,,,,,,,,Steve Israel,Ted Johnson,,,
1998,10,November 8,home,Atlanta Falcons,https://www.pro-football-reference.com/boxscores/199811080nwe.htm,1,,3,2,ATL 29,0,14,Chris Chandler pass intended for Tony Martin is intercepted by Ty Law at AF39 and returned for 12 yards,0.170,-3.780,pass,,Chris Chandler,,Tony Martin,Ty Law,,,,,,,,,,
1998,10,November 8,home,Atlanta Falcons,https://www.pro-football-reference.com/boxscores/199811080nwe.htm,1,3:55,1,10,ATL 27,0,14,Drew Bledsoe pass complete to Robert Edwards for 2 yards (tackle by Cornelius Bennett),3.780,3.500,pass,,Drew Bledsoe,,Robert Edwards,,,,,,,Cornelius Bennett,,,,
1998,10,November 8,home,Atlanta Falcons,https://www.pro-football-reference.com/boxscores/199811080nwe.htm,1,,2,8,ATL 25,0,14,Robert Edwards middle for 2 yards (tackle by Shane Dronett and Jessie Tuggle),3.500,3.070,run,,,Robert Edwards,,,,,,,,Shane Dronett,Jessie Tuggle,,,
1998,10,November 8,home,Atlanta Falcons,https://www.pro-football-reference.com/boxscores/199811080nwe.htm,1,,3,6,ATL 23,0,14,Drew Bledsoe pass incomplete intended for Derrick Cullors,3.070,1.950,pass,,Drew Bledsoe,,Derrick Cullors,,,,,,,,,,,
1998,10,November 8,home,Atlanta Falcons,https://www.pro-football-reference.com/boxscores/199811080nwe.htm,1,,4,6,ATL 23,3,14,Adam Vinatieri 40 yard field goal good,1.950,3.000,field_goal,,,,,,,,Adam Vinatieri,,,,,,,
1998,10,November 8,home,Atlanta Falcons,https://www.pro-football-reference.com/boxscores/199811080nwe.htm,1,2:29,,,NWE 30,3,14,"Adam Vinatieri kicks off 53 yards, returned by Elijah Williams for 9 yards (tackle by Marty Moore)",0.000,-0.670,kickoff,,,,,,,,Adam Vinatieri,Elijah Williams,,Marty Moore,,,,
1998,10,November 8,home,Atlanta Falcons,https://www.pro-football-reference.com/boxscores/199811080nwe.htm,1,,1,10,ATL 26,3,14,Jamal Anderson middle for 4 yards (tackle by Chad Eaton and Henry Thomas),0.670,0.670,run,,,Jamal Anderson,,,,,,,,Chad Eaton,Henry Thomas,,,
1998,10,November 8,home,Atlanta Falcons,https://www.pro-football-reference.com/boxscores/199811080nwe.htm,1,,2,6,ATL 30,3,14,Jamal Anderson left tackle for 20 yards (tackle by Ted Johnson and Ty Law),0.670,2.260,run,,,Jamal Anderson,,,,,,,,Ted Johnson,Ty Law,,,
1998,10,November 8,home,Atlanta Falcons,https://www.pro-football-reference.com/boxscores/199811080nwe.htm,1,,1,10,NWE 50,3,14,Chris Chandler pass complete to O.J. Santiago for 24 yards (tackle by Todd Collins and Lawyer Milloy),2.260,3.840,pass,,Chris Chandler,,O.J. Santiago,,,,,,,Todd Collins,Lawyer Milloy,,,
1998,10,November 8,home,Atlanta Falcons,https://www.pro-football-reference.com/boxscores/199811080nwe.htm,1,,1,10,NWE 26,3,14,Jamal Anderson middle for 3 yards (tackle by Ted Johnson and Lawyer Milloy),3.840,3.700,run,,,Jamal Anderson,,,,,,,,Ted Johnson,Lawyer Milloy,,,
1998,10,November 8,home,Atlanta Falcons,https://www.pro-football-reference.com/boxscores/199811080nwe.htm,2,15:00,2,7,NWE 23,3,14,Jamal Anderson left guard for 4 yards (tackle by Ted Johnson),3.700,3.570,run,,,Jamal Anderson,,,,,,,,Ted Johnson,,,,
1998,10,November 8,home,Atlanta Falcons,https://www.pro-football-reference.com/boxscores/199811080nwe.htm,2,,3,3,NWE 19,3,14,Jamal Anderson middle for 4 yards (tackle by Todd Collins and Ted Johnson),3.570,4.580,run,,,Jamal Anderson,,,,,,,,Todd Collins,Ted Johnson,,,
1998,10,November 8,home,Atlanta Falcons,https://www.pro-football-reference.com/boxscores/199811080nwe.htm,2,,1,10,NWE 15,3,14,"Penalty on Chad Eaton: Encroachment, 5 yards (accepted)",4.580,5.740,penalty,,,,,,,,,,,,,,,Chad Eaton
1998,10,November 8,home,Atlanta Falcons,https://www.pro-football-reference.com/boxscores/199811080nwe.htm,2,,1,5,NWE 10,3,20,"Jamal Anderson left end for 10 yards, touchdown",5.740,7.000,run,,,Jamal Anderson,,,,,,,,,,,,
1998,10,November 8,home,Atlanta Falcons,https://www.pro-football-reference.com/boxscores/199811080nwe.htm,2,13:05,,,,3,21,Morten Andersen kicks extra point good,0.000,0.000,extra_point,,,,,,,,Morten Andersen,,,,,,,
1998,10,November 8,home,Atlanta Falcons,https://www.pro-football-reference.com/boxscores/199811080nwe.htm,2,,,,ATL 30,3,21,"Morten Andersen kicks off 60 yards, returned by Derrick Cullors for 23 yards (tackle by Keith Brooking)",0.000,-1.140,kickoff,,,,,,,,Morten Andersen,Derrick Cullors,,Keith Brooking,,,,
1998,10,November 8,home,Atlanta Falcons,https://www.pro-football-reference.com/boxscores/199811080nwe.htm,2,,1,10,NWE 33,3,21,Drew Bledsoe scrambles left guard for 3 yards (tackle by Cornelius Bennett),1.140,1.000,run,,,Drew Bledsoe,,,,,,,,Cornelius Bennett,,,,
1998,10,November 8,home,Atlanta Falcons,https://www.pro-football-reference.com/boxscores/199811080nwe.htm,2,,2,7,NWE 36,3,21,Robert Edwards middle for -3 yards (tackle by Cornelius Bennett and Antonio Edwards),1.000,-0.100,run,,,Robert Edwards,,,,,,,,Cornelius Bennett,Antonio Edwards,,,
1998,10,November 8,home,Atlanta Falcons,https://www.pro-football-reference.com/boxscores/199811080nwe.htm,2,,3,10,NWE 33,3,21,Drew Bledsoe pass incomplete intended for Shawn Jefferson (no play),-0.100,-0.100,no_play,,,,,,,,,,,,,,,
1998,10,November 8,home,Atlanta Falcons,https://www.pro-football-reference.com/boxscores/199811080nwe.htm,2,,3,10,NWE 33,3,21,Penalty on Drew Bledsoe: Intentional Grounding (offset),-0.100,-0.100,penalty,,,,,,,,,,,,,,,Drew Bledsoe
1998,10,November 8,home,Atlanta Falcons,https://www.pro-football-reference.com/boxscores/199811080nwe.htm,2,,3,10,NWE 33,3,21,Penalty on Ray Buchanan: Illegal Contact (offset),-0.100,-0.100,penalty,,,,,,,,,,,,,,,Ray Buchanan
1998,10,November 8,home,Atlanta Falcons,https://www.pro-football-reference.com/boxscores/199811080nwe.htm,2,,3,10,NWE 33,3,21,Drew Bledsoe sacked by Travis Hall for 7 yards,-0.100,-1.630,pass,,Drew Bledsoe,,,,Travis Hall,,,,,,,,,
1998,10,November 8,home,Atlanta Falcons,https://www.pro-football-reference.com/boxscores/199811080nwe.htm,2,,4,17,NWE 26,3,21,"Tom Tupa punts 52 yards, returned by Todd Kinchen for 7 yards (tackle by Chris Carter and Larry Whigham)",-1.630,-0.870,punt,,,,,,,Tom Tupa,,Todd Kinchen,,Chris Carter,Larry Whigham,,,
1998,10,November 8,home,Atlanta Falcons,https://www.pro-football-reference.com/boxscores/199811080nwe.htm,2,11:06,1,10,ATL 29,3,21,Jamal Anderson middle for 3 yards (tackle by Ted Johnson),0.870,0.730,run,,,Jamal Anderson,,,,,,,,Ted Johnson,,,,
1998,10,November 8,home,Atlanta Falcons,https://www.pro-football-reference.com/boxscores/199811080nwe.htm,2,,2,7,ATL 32,3,21,Chris Chandler pass incomplete intended for Tony Martin,0.730,0.040,pass,,Chris Chandler,,Tony Martin,,,,,,,,,,,
1998,10,November 8,home,Atlanta Falcons,https://www.pro-football-reference.com/boxscores/199811080nwe.htm,2,,3,7,ATL 32,3,21,Chris Chandler pass incomplete intended for Terance Mathis,0.040,-1.240,pass,,Chris Chandler,,Terance Mathis,,,,,,,,,,,
1998,10,November 8,home,Atlanta Falcons,https://www.pro-football-reference.com/boxscores/199811080nwe.htm,2,,4,7,ATL 32,3,21,"Dan Stryzinski punts 39 yards, returned by Chris Canty for 2 yards (tackle by Jammi German)",-1.240,-1.000,punt,,,,,,,Dan Stryzinski,,Chris Canty,,Jammi German,,,,
1998,10,November 8,home,Atlanta Falcons,https://www.pro-football-reference.com/boxscores/199811080nwe.htm,2,10:09,1,10,NWE 31,3,21,Drew Bledsoe pass complete to Ben Coates for 5 yards (tackle by Cornelius Bennett and Henri Crockett),1.000,1.140,pass,,Drew Bledsoe,,Ben Coates,,,,,,,Cornelius Bennett,Henri Crockett,,,
1998,10,November 8,home,Atlanta Falcons,https://www.pro-football-reference.com/boxscores/199811080nwe.htm,2,,2,5,NWE 36,3,21,Drew Bledsoe pass complete to Tony Simmons for 43 yards (tackle by Michael Booker),1.140,4.170,pass,,Drew Bledsoe,,Tony Simmons,,,,,,,Michael Booker,,,,
1998,10,November 8,home,Atlanta Falcons,https://www.pro-football-reference.com/boxscores/199811080nwe.htm,2,,1,10,ATL 21,3,21,Robert Edwards left guard for no gain (tackle by Shane Dronett and Chuck Smith),4.170,3.630,run,,,Robert Edwards,,,,,,,,Shane Dronett,Chuck Smith,,,
1998,10,November 8,home,Atlanta Falcons,https://www.pro-football-reference.com/boxscores/199811080nwe.htm,2,,2,10,ATL 21,3,21,Drew Bledsoe pass complete to Robert Edwards for 8 yards (tackle by Cornelius Bennett and Jessie Tuggle),3.630,4.240,pass,,Drew Bledsoe,,Robert Edwards,,,,,,,Cornelius Bennett,Jessie Tuggle,,,
1998,10,November 8,home,Atlanta Falcons,https://www.pro-football-reference.com/boxscores/199811080nwe.htm,2,,3,2,ATL 13,3,21,Robert Edwards middle for no gain (tackle by Lester Archambeau and Jessie Tuggle),4.240,2.690,run,,,Robert Edwards,,,,,,,,Lester Archambeau,Jessie Tuggle,,,
1998,10,November 8,home,Atlanta Falcons,https://www.pro-football-reference.com/boxscores/199811080nwe.htm,2,,4,2,ATL 13,3,27,"Drew Bledsoe sacked by Lester Archambeau for 16 yards. Drew Bledsoe fumbles (forced by Lester Archambeau), recovered by Chuck Smith at AF29 and returned for 71 yards, touchdown",2.690,-7.000,pass,,Drew Bledsoe,,,,Lester Archambeau,,,,,,,Lester Archambeau,Chuck Smith,
1998,10,November 8,home,Atlanta Falcons,https://www.pro-football-reference.com/boxscores/199811080nwe.htm,2,6:28,,,,3,28,Morten Andersen kicks extra point good,0.000,0.000,extra_point,,,,,,,,Morten Andersen,,,,,,,
1998,10,November 8,home,Atlanta Falcons,https://www.pro-football-reference.com/boxscores/199811080nwe.htm,2,,,,ATL 30,3,28,"Morten Andersen kicks off 60 yards, returned by Chris Canty for no gain. Chris Canty fumbles",0.000,0.380,kickoff,,,,,,,,Morten Andersen,Chris Canty,,,,,,
1998,10,November 8,home,Atlanta Falcons,https://www.pro-football-reference.com/boxscores/199811080nwe.htm,2,,1,10,NWE 3,3,28,Drew Bledsoe pass incomplete intended for Shawn Jefferson,-0.380,-0.780,pass,,Drew Bledsoe,,Shawn Jefferson,,,,,,,,,,,
1998,10,November 8,home,Atlanta Falcons,https://www.pro-football-reference.com/boxscores/199811080nwe.htm,2,,2,10,NWE 3,3,28,Drew Bledsoe pass incomplete intended for Shawn Jefferson,-0.780,-1.420,pass,,Drew Bledsoe,,Shawn Jefferson,,,,,,,,,,,
1998,10,November 8,home,Atlanta Falcons,https://www.pro-football-reference.com/boxscores/199811080nwe.htm,2,,3,10,NWE 3,3,28,Drew Bledsoe pass complete to Tony Simmons for 14 yards (tackle by Ray Buchanan),-1.420,-0.060,pass,,Drew Bledsoe,,Tony Simmons,,,,,,,Ray Buchanan,,,,
1998,10,November 8,home,Atlanta Falcons,https://www.pro-football-reference.com/boxscores/199811080nwe.htm,2,,1,10,NWE 17,3,28,Sedrick Shaw middle for no gain (tackle by Jessie Tuggle and William White),-0.060,0.000,run,,,Sedrick Shaw,,,,,,,,Jessie Tuggle,William White,,,
1998,10,November 8,home,Atlanta Falcons,https://www.pro-football-reference.com/boxscores/199811080nwe.htm,2,,,,,3,28,Penalty on Lovett Purnell: Illegal Motion (declined),0.000,-0.580,penalty,,,,,,,,,,,,,,,Lovett Purnell
1998,10,November 8,home,Atlanta Falcons,https://www.pro-football-reference.com/boxscores/199811080nwe.htm,2,,2,10,NWE 17,3,28,Drew Bledsoe pass complete to Sedrick Shaw for 7 yards (tackle by Cornelius Bennett and Jessie Tuggle),-0.580,-0.370,pass,,Drew Bledsoe,,Sedrick Shaw,,,,,,,Cornelius Bennett,Jessie Tuggle,,,
1998,10,November 8,home,Atlanta Falcons,https://www.pro-football-reference.com/boxscores/199811080nwe.htm,2,,3,3,NWE 24,3,28,Drew Bledsoe pass complete to Ben Coates for 6 yards (tackle by Cornelius Bennett),-0.370,0.940,pass,,Drew Bledsoe,,Ben Coates,,,,,,,Cornelius Bennett,,,,
1998,10,November 8,home,Atlanta Falcons,https://www.pro-football-reference.com/boxscores/199811080nwe.htm,2,,1,10,NWE 30,3,28,Drew Bledsoe pass complete to Robert Edwards for 12 yards (tackle by Eugene Robinson and Jessie Tuggle),0.940,1.730,pass,,Drew Bledsoe,,Robert Edwards,,,,,,,Eugene Robinson,Jessie Tuggle,,,
1998,10,November 8,home,Atlanta Falcons,https://www.pro-football-reference.com/boxscores/199811080nwe.htm,2,,1,10,NWE 42,3,28,Drew Bledsoe pass incomplete intended for Tony Simmons,1.730,1.190,pass,,Drew Bledsoe,,Tony Simmons,,,,,,,,,,,
1998,10,November 8,home,Atlanta Falcons,https://www.pro-football-reference.com/boxscores/199811080nwe.htm,2,,2,10,NWE 42,3,28,Robert Edwards right end for -1 yards (tackle by Craig Sauer and William White),1.190,0.370,run,,,Robert Edwards,,,,,,,,Craig Sauer,William White,,,
1998,10,November 8,home,Atlanta Falcons,https://www.pro-football-reference.com/boxscores/199811080nwe.htm,2,,3,11,NWE 41,3,28,Drew Bledsoe pass incomplete intended for Henry Ellard,0.370,0.000,pass,,Drew Bledsoe,,Henry Ellard,,,,,,,,,,,
1998,10,November 8,home,Atlanta Falcons,https://www.pro-football-reference.com/boxscores/199811080nwe.htm,2,,,,,3,28,Penalty on Max Lane: Offensive Holding (declined),0.000,-0.650,penalty,,,,,,,,,,,,,,,Max Lane
1998,10,November 8,home,Atlanta Falcons,https://www.pro-football-reference.com/boxscores/199811080nwe.htm,2,,4,11,NWE 41,3,28,Tom Tupa punts 51 yards,-0.650,0.380,punt,,,,,,,Tom Tupa,,,,,,,,
1998,10,November 8,home,Atlanta Falcons,https://www.pro-football-reference.com/boxscores/199811080nwe.htm,2,1:53,1,10,ATL 8,3,28,Jamal Anderson middle for 4 yards (tackle by Ferric Collons and Mark Wheeler),-0.380,0.000,run,,,Jamal Anderson,,,,,,,,Ferric Collons,Mark Wheeler,,,
1998,10,November 8,home,Atlanta Falcons,https://www.pro-football-reference.com/boxscores/199811080nwe.htm,2,,,,ATL 12,3,28,"Penalty on Mark Wheeler: Face Mask (5 Yards), 5 yards (accepted)",0.000,0.550,penalty,,,,,,,,,,,,,,,Mark Wheeler
1998,10,November 8,home,Atlanta Falcons,https://www.pro-football-reference.com/boxscores/199811080nwe.htm,2,1:47,1,1,ATL 17,3,28,Jamal Anderson middle for 1 yard (tackle by Chris Sullivan and Mark Wheeler),0.550,0.040,run,,,Jamal Anderson,,,,,,,,Chris Sullivan,Mark Wheeler,,,
1998,10,November 8,home,Atlanta Falcons,https://www.pro-football-reference.com/boxscores/199811080nwe.htm,2,1:09,1,10,ATL 18,3,28,Jamal Anderson left tackle for 3 yards (tackle by Todd Collins and Lawyer Milloy),0.040,0.010,run,,,Jamal Anderson,,,,,,,,Todd Collins,Lawyer Milloy,,,
1998,10,November 8,home,Atlanta Falcons,https://www.pro-football-reference.com/boxscores/199811080nwe.htm,2,1:04,2,7,ATL 21,3,28,Chris Chandler pass complete to Brian Kozlowski for 8 yards (tackle by Lawyer Milloy),0.010,0.870,pass,,Chris Chandler,,Brian Kozlowski,,,,,,,Lawyer Milloy,,,,
1998,10,November 8,home,Atlanta Falcons,https://www.pro-football-reference.com/boxscores/199811080nwe.htm,2,0:44,1,10,ATL 29,3,28,Chris Chandler pass complete to Terance Mathis for 12 yards,0.870,1.660,pass,,Chris Chandler,,Terance Mathis,,,,,,,,,,,
1998,10,November 8,home,Atlanta Falcons,https://www.pro-football-reference.com/boxscores/199811080nwe.htm,2,0:40,1,10,ATL 41,3,28,Chris Chandler pass incomplete intended for Tony Martin,1.660,1.120,pass,,Chris Chandler,,Tony Martin,,,,,,,,,,,
1998,10,November 8,home,Atlanta Falcons,https://www.pro-football-reference.com/boxscores/199811080nwe.htm,2,0:34,2,10,ATL 41,3,28,Chris Chandler pass complete to Terance Mathis for 22 yards,1.120,3.120,pass,,Chris Chandler,,Terance Mathis,,,,,,,,,,,
1998,10,November 8,home,Atlanta Falcons,https://www.pro-football-reference.com/boxscores/199811080nwe.htm,2,0:28,1,10,NWE 37,3,28,Chris Chandler pass incomplete intended for Jamal Anderson,3.120,2.570,pass,,Chris Chandler,,Jamal Anderson,,,,,,,,,,,
1998,10,November 8,home,Atlanta Falcons,https://www.pro-football-reference.com/boxscores/199811080nwe.htm,2,0:24,2,10,NWE 37,3,28,Chris Chandler pass incomplete intended for Terance Mathis,2.570,1.880,pass,,Chris Chandler,,Terance Mathis,,,,,,,,,,,
1998,10,November 8,home,Atlanta Falcons,https://www.pro-football-reference.com/boxscores/199811080nwe.htm,2,0:20,3,10,NWE 37,3,28,Jamal Anderson right guard for 7 yards (tackle by Ted Johnson and Greg Spires),1.880,1.480,run,,,Jamal Anderson,,,,,,,,Ted Johnson,Greg Spires,,,
1998,10,November 8,home,Atlanta Falcons,https://www.pro-football-reference.com/boxscores/199811080nwe.htm,2,0:06,4,3,NWE 30,3,28,Morten Andersen 47 yard field goal no good (tackle by Ferric Collons),1.480,-1.530,field_goal,,,,,,,,Morten Andersen,,,Ferric Collons,,,,
1998,10,November 8,home,Atlanta Falcons,https://www.pro-football-reference.com/boxscores/199811080nwe.htm,2,0:01,1,10,NWE 39,3,28,Drew Bledsoe pass incomplete intended for Shawn Jefferson,1.530,0.990,pass,,Drew Bledsoe,,Shawn Jefferson,,,,,,,,,,,
1998,10,November 8,home,Atlanta Falcons,https://www.pro-football-reference.com/boxscores/199811080nwe.htm,3,15:00,,,NWE 30,3,28,"Adam Vinatieri kicks off 62 yards, returned by Elijah Williams for 13 yards (tackle by Marty Moore and Lovett Purnell)",0.000,-0.340,kickoff,,,,,,,,Adam Vinatieri,Elijah Williams,,Marty Moore,Lovett Purnell,,,
1998,10,November 8,home,Atlanta Falcons,https://www.pro-football-reference.com/boxscores/199811080nwe.htm,3,,1,10,ATL 21,3,28,Jamal Anderson right guard for 3 yards (tackle by Todd Collins and Ted Johnson),0.340,0.210,run,,,Jamal Anderson,,,,,,,,Todd Collins,Ted Johnson,,,
1998,10,November 8,home,Atlanta Falcons,https://www.pro-football-reference.com/boxscores/199811080nwe.htm,3,,2,7,ATL 24,3,28,Jamal Anderson middle for no gain (tackle by Chad Eaton and Chris Sullivan),0.210,-0.490,run,,,Jamal Anderson,,,,,,,,Chad Eaton,Chris Sullivan,,,
1998,10,November 8,home,Atlanta Falcons,https://www.pro-football-reference.com/boxscores/199811080nwe.htm,3,,3,7,ATL 24,3,28,Chris Chandler sacked by Steve Israel for 2 yards,-0.490,-1.900,pass,,Chris Chandler,,,,Steve Israel,,,,,,,,,
1998,10,November 8,home,Atlanta Falcons,https://www.pro-football-reference.com/boxscores/199811080nwe.htm,3,,4,9,ATL 22,3,28,"Dan Stryzinski punts 45 yards, returned by Chris Canty for 9 yards (tackle by Jammi German and Craig Sauer)",-1.900,-1.730,punt,,,,,,,Dan Stryzinski,,Chris Canty,,Jammi German,Craig Sauer,,,
1998,10,November 8,home,Atlanta Falcons,https://www.pro-football-reference.com/boxscores/199811080nwe.htm,3,12:52,1,10,NWE 42,3,28,Drew Bledsoe pass complete to Robert Edwards for 10 yards (tackle by Cornelius Bennett and Randy Fuller),1.730,2.390,pass,,Drew Bledsoe,,Robert Edwards,,,,,,,Cornelius Bennett,Randy Fuller,,,
1998,10,November 8,home,Atlanta Falcons,https://www.pro-football-reference.com/boxscores/199811080nwe.htm,3,,1,10,ATL 48,3,28,Drew Bledsoe pass complete to Henry Ellard for 18 yards (tackle by Eugene Robinson),2.390,3.580,pass,,Drew Bledsoe,,Henry Ellard,,,,,,,Eugene Robinson,,,,
1998,10,November 8,home,Atlanta Falcons,https://www.pro-football-reference.com/boxscores/199811080nwe.htm,3,,1,10,ATL 30,3,28,Drew Bledsoe pass complete to Ben Coates for -6 yards (tackle by Randy Fuller),3.580,2.220,pass,,Drew Bledsoe,,Ben Coates,,,,,,,Randy Fuller,,,,
1998,10,November 8,home,Atlanta Falcons,https://www.pro-football-reference.com/boxscores/199811080nwe.htm,3,,2,16,ATL 36,3,28,"Penalty on Bruce Armstrong: False Start, 4 yards (accepted)",2.220,1.680,penalty,,,,,,,,,,,,,,,Bruce Armstrong
1998,10,November 8,home,Atlanta Falcons,https://www.pro-football-reference.com/boxscores/199811080nwe.htm,3,,2,20,ATL 40,3,28,Drew Bledsoe pass incomplete intended for Tony Simmons,1.680,1.020,pass,,Drew Bledsoe,,Tony Simmons,,,,,,,,,,,
1998,10,November 8,home,Atlanta Falcons,https://www.pro-football-reference.com/boxscores/199811080nwe.htm,3,11:13,3,20,ATL 40,3,28,Drew Bledsoe pass incomplete intended for Shawn Jefferson,1.020,0.590,pass,,Drew Bledsoe,,Shawn Jefferson,,,,,,,,,,,
1998,10,November 8,home,Atlanta Falcons,https://www.pro-football-reference.com/boxscores/199811080nwe.htm,3,,4,20,ATL 40,3,28,"Tom Tupa punts 40 yards, touchback.",0.590,-0.280,punt,,,,,,,Tom Tupa,,,,,,,,
1998,10,November 8,home,Atlanta Falcons,https://www.pro-football-reference.com/boxscores/199811080nwe.htm,3,10:54,1,10,ATL 20,3,28,Jamal Anderson left tackle for 2 yards (tackle by Lawyer Milloy),0.280,0.000,run,,,Jamal Anderson,,,,,,,,Lawyer Milloy,,,,
1998,10,November 8,home,Atlanta Falcons,https://www.pro-football-reference.com/boxscores/199811080nwe.htm,3,,2,8,ATL 22,3,28,Jamal Anderson middle for -1 yards (tackle by Chad Eaton and Greg Spires),0.000,-0.820,run,,,Jamal Anderson,,,,,,,,Chad Eaton,Greg Spires,,,
1998,10,November 8,home,Atlanta Falcons,https://www.pro-football-reference.com/boxscores/199811080nwe.htm,3,,3,9,ATL 21,3,28,Chris Chandler pass complete to Terance Mathis for 14 yards (tackle by Chris Canty),-0.820,1.270,pass,,Chris Chandler,,Terance Mathis,,,,,,,Chris Canty,,,,
1998,10,November 8,home,Atlanta Falcons,https://www.pro-football-reference.com/boxscores/199811080nwe.htm,3,,1,10,ATL 35,3,28,Chris Chandler pass complete to Tony Martin for 15 yards (tackle by Todd Collins and Ty Law),1.270,2.260,pass,,Chris Chandler,,Tony Martin,,,,,,,Todd Collins,Ty Law,,,
1998,10,November 8,home,Atlanta Falcons,https://www.pro-football-reference.com/boxscores/199811080nwe.htm,3,,1,10,NWE 50,3,28,Chris Chandler pass complete to Jamal Anderson for 8 yards (tackle by Chris Slade),2.260,2.790,pass,,Chris Chandler,,Jamal Anderson,,,,,,,Chris Slade,,,,
1998,10,November 8,home,Atlanta Falcons,https://www.pro-football-reference.com/boxscores/199811080nwe.htm,3,,2,2,NWE 42,3,28,Jamal Anderson left guard for -3 yards (tackle by Todd Collins and Mark Wheeler),2.790,1.690,run,,,Jamal Anderson,,,,,,,,Todd Collins,Mark Wheeler,,,
1998,10,November 8,home,Atlanta Falcons,https://www.pro-football-reference.com/boxscores/199811080nwe.htm,3,,3,5,NWE 45,3,28,"Chris Chandler pass incomplete intended for Tony Martin. Penalty on Ty Law: Defensive Pass Interference, 14 yards (accepted) (no play)",1.690,3.510,no_play,,,,,,,,,,,,,,,
1998,10,November 8,home,Atlanta Falcons,https://www.pro-football-reference.com/boxscores/199811080nwe.htm,3,,1,10,NWE 31,3,28,Jamal Anderson middle for 5 yards (tackle by Willie Clay and Chad Eaton),3.510,3.640,run,,,Jamal Anderson,,,,,,,,Willie Clay,Chad Eaton,,,
1998,10,November 8,home,Atlanta Falcons,https://www.pro-football-reference.com/boxscores/199811080nwe.htm,3,,2,5,NWE 26,3,28,Jamal Anderson right guard for 3 yards (tackle by Mark Wheeler),3.640,3.340,run,,,Jamal Anderson,,,,,,,,Mark Wheeler,,,,
1998,10,November 8,home,Atlanta Falcons,https://www.pro-football-reference.com/boxscores/199811080nwe.htm,3,,3,2,NWE 23,3,28,Jamal Anderson right guard for no gain (tackle by Chad Eaton and Chris Sullivan),3.340,2.050,run,,,Jamal Anderson,,,,,,,,Chad Eaton,Chris Sullivan,,,
1998,10,November 8,home,Atlanta Falcons,https://www.pro-football-reference.com/boxscores/199811080nwe.htm,3,,4,2,NWE 23,3,31,Morten Andersen 40 yard field goal good,2.050,3.000,field_goal,,,,,,,,Morten Andersen,,,,,,,
1998,10,November 8,home,Atlanta Falcons,https://www.pro-football-reference.com/boxscores/199811080nwe.htm,3,4:27,,,ATL 30,3,31,"Morten Andersen kicks off 56 yards, returned by Derrick Cullors for 12 yards (tackle by Gary Downs and Brian Kozlowski)",0.000,-0.670,kickoff,,,,,,,,Morten Andersen,Derrick Cullors,,Gary Downs,Brian Kozlowski,,,
1998,10,November 8,home,Atlanta Falcons,https://www.pro-football-reference.com/boxscores/199811080nwe.htm,3,,1,10,NWE 26,3,31,Drew Bledsoe pass complete to Robert Edwards for 2 yards (tackle by Ray Buchanan),0.670,0.400,pass,,Drew Bledsoe,,Robert Edwards,,,,,,,Ray Buchanan,,,,
1998,10,November 8,home,Atlanta Falcons,https://www.pro-football-reference.com/boxscores/199811080nwe.htm,3,,2,8,NWE 28,3,31,Drew Bledsoe pass complete to Shawn Jefferson for 15 yards (tackle by Eugene Robinson),0.400,1.800,pass,,Drew Bledsoe,,Shawn Jefferson,,,,,,,Eugene Robinson,,,,
1998,10,November 8,home,Atlanta Falcons,https://www.pro-football-reference.com/boxscores/199811080nwe.htm,3,,1,10,NWE 43,3,31,Drew Bledsoe pass incomplete intended for Tony Simmons,1.800,1.250,pass,,Drew Bledsoe,,Tony Simmons,,,,,,,,,,,
1998,10,November 8,home,Atlanta Falcons,https://www.pro-football-reference.com/boxscores/199811080nwe.htm,3,,2,10,NWE 43,3,31,Robert Edwards left guard for 1 yard (tackle by Antonio Edwards and Chuck Smith),1.250,0.690,run,,,Robert Edwards,,,,,,,,Antonio Edwards,Chuck Smith,,,
1998,10,November 8,home,Atlanta Falcons,https://www.pro-football-reference.com/boxscores/199811080nwe.htm,3,,3,9,NWE 44,3,31,Drew Bledsoe pass complete to Henry Ellard for 16 yards (tackle by Eugene Robinson),0.690,2.920,pass,,Drew Bledsoe,,Henry Ellard,,,,,,,Eugene Robinson,,,,
1998,10,November 8,home,Atlanta Falcons,https://www.pro-football-reference.com/boxscores/199811080nwe.htm,3,,1,10,ATL 40,3,31,Drew Bledsoe pass incomplete intended for Tony Simmons,2.920,2.370,pass,,Drew Bledsoe,,Tony Simmons,,,,,,,,,,,
1998,10,November 8,home,Atlanta Falcons,https://www.pro-football-reference.com/boxscores/199811080nwe.htm,3,,2,10,ATL 40,3,31,Drew Bledsoe pass incomplete intended for Tony Simmons,2.370,0.000,pass,,Drew Bledsoe,,Tony Simmons,,,,,,,,,,,
1998,10,November 8,home,Atlanta Falcons,https://www.pro-football-reference.com/boxscores/199811080nwe.htm,3,,,,,3,31,Penalty on Dave Wohlabaugh: Ineligible Downfield Pass (declined),0.000,1.680,penalty,,,,,,,,,,,,,,,Dave Wohlabaugh
1998,10,November 8,home,Atlanta Falcons,https://www.pro-football-reference.com/boxscores/199811080nwe.htm,3,,3,10,ATL 40,3,31,Drew Bledsoe pass intended for Henry Ellard is intercepted by Keith Brooking at AF29 and returned for 12 yards,1.680,-1.660,pass,,Drew Bledsoe,,Henry Ellard,Keith Brooking,,,,,,,,,,
1998,10,November 8,home,Atlanta Falcons,https://www.pro-football-reference.com/boxscores/199811080nwe.htm,3,2:26,1,10,ATL 41,3,31,Chris Chandler pass intended for Tony Martin is intercepted by Ty Law at NE48 and returned for 4 yards,1.660,-2.390,pass,,Chris Chandler,,Tony Martin,Ty Law,,,,,,,,,,
1998,10,November 8,home,Atlanta Falcons,https://www.pro-football-reference.com/boxscores/199811080nwe.htm,3,2:19,1,10,ATL 48,3,31,Drew Bledsoe pass complete to Shawn Jefferson for 46 yards (tackle by Ray Buchanan),2.390,6.740,pass,,Drew Bledsoe,,Shawn Jefferson,,,,,,,Ray Buchanan,,,,
1998,10,November 8,home,Atlanta Falcons,https://www.pro-football-reference.com/boxscores/199811080nwe.htm,3,,1,2,ATL 2,9,31,"Drew Bledsoe pass complete to Ben Coates for 2 yards, touchdown",6.740,7.000,pass,,Drew Bledsoe,,Ben Coates,,,,,,,,,,,
1998,10,November 8,home,Atlanta Falcons,https://www.pro-football-reference.com/boxscores/199811080nwe.htm,3,1:26,,,,10,31,Adam Vinatieri kicks extra point good,0.000,0.000,extra_point,,,,,,,,Adam Vinatieri,,,,,,,
1998,10,November 8,home,Atlanta Falcons,https://www.pro-football-reference.com/boxscores/199811080nwe.htm,3,,,,NWE 30,10,31,"Adam Vinatieri kicks off 70 yards, touchback.",0.000,-0.280,kickoff,,,,,,,,Adam Vinatieri,,,,,,,
1998,10,November 8,home,Atlanta Falcons,https://www.pro-football-reference.com/boxscores/199811080nwe.htm,3,,1,10,ATL 20,10,31,Jamal Anderson middle for 3 yards (tackle by Todd Collins and Ted Johnson),0.280,0.140,run,,,Jamal Anderson,,,,,,,,Todd Collins,Ted Johnson,,,
1998,10,November 8,home,Atlanta Falcons,https://www.pro-football-reference.com/boxscores/199811080nwe.htm,3,,2,7,ATL 23,10,31,Chris Chandler pass complete to Terance Mathis for 22 yards (tackle by Ty Law),0.140,0.000,pass,,Chris Chandler,,Terance Mathis,,,,,,,Ty Law,,,,
1998,10,November 8,home,Atlanta Falcons,https://www.pro-football-reference.com/boxscores/199811080nwe.htm,3,,,,,10,31,Penalty on Ferric Collons: Encroachment (declined),0.000,1.930,penalty,,,,,,,,,,,,,,,Ferric Collons
1998,10,November 8,home,Atlanta Falcons,https://www.pro-football-reference.com/boxscores/199811080nwe.htm,3,,1,10,ATL 45,10,31,Jamal Anderson left tackle for 2 yards (tackle by Ferric Collons and Ted Johnson),1.930,1.650,run,,,Jamal Anderson,,,,,,,,Ferric Collons,Ted Johnson,,,
1998,10,November 8,home,Atlanta Falcons,https://www.pro-football-reference.com/boxscores/199811080nwe.htm,4,15:00,2,8,ATL 47,10,31,Chris Chandler pass complete to Terance Mathis for 21 yards (tackle by Chris Canty),1.650,3.450,pass,,Chris Chandler,,Terance Mathis,,,,,,,Chris Canty,,,,
1998,10,November 8,home,Atlanta Falcons,https://www.pro-football-reference.com/boxscores/199811080nwe.htm,4,,1,10,NWE 32,10,31,Jamal Anderson middle for 3 yards (tackle by Todd Collins and Chad Eaton),3.450,3.310,run,,,Jamal Anderson,,,,,,,,Todd Collins,Chad Eaton,,,
1998,10,November 8,home,Atlanta Falcons,https://www.pro-football-reference.com/boxscores/199811080nwe.htm,4,,2,7,NWE 29,10,31,Jamal Anderson pass incomplete intended for Terance Mathis,3.310,2.610,pass,,Jamal Anderson,,Terance Mathis,,,,,,,,,,,
1998,10,November 8,home,Atlanta Falcons,https://www.pro-football-reference.com/boxscores/199811080nwe.htm,4,,3,7,NWE 29,10,31,Chris Chandler pass complete to Terance Mathis for 14 yards (tackle by Willie Clay),2.610,4.580,pass,,Chris Chandler,,Terance Mathis,,,,,,,Willie Clay,,,,
1998,10,November 8,home,Atlanta Falcons,https://www.pro-football-reference.com/boxscores/199811080nwe.htm,4,,1,10,NWE 15,10,31,Jamal Anderson middle for -1 yards (tackle by Willie Clay and Chad Eaton),4.580,3.810,run,,,Jamal Anderson,,,,,,,,Willie Clay,Chad Eaton,,,
1998,10,November 8,home,Atlanta Falcons,https://www.pro-football-reference.com/boxscores/199811080nwe.htm,4,,2,11,NWE 16,10,31,Chris Chandler pass complete to Terance Mathis for 4 yards (tackle by Todd Collins),3.810,3.580,pass,,Chris Chandler,,Terance Mathis,,,,,,,Todd Collins,,,,
1998,10,November 8,home,Atlanta Falcons,https://www.pro-football-reference.com/boxscores/199811080nwe.htm,4,,3,7,NWE 12,10,31,Chris Chandler scrambles left guard for 9 yards (tackle by Ted Johnson and Lawyer Milloy),3.580,6.510,run,,,Chris Chandler,,,,,,,,Ted Johnson,Lawyer Milloy,,,
1998,10,November 8,home,Atlanta Falcons,https://www.pro-football-reference.com/boxscores/199811080nwe.htm,4,,1,3,NWE 3,10,31,"Chris Chandler pass complete to Ed Smith for 3 yards. Penalty on Ed Smith: Encroachment, 5 yards (accepted) (no play)",6.510,5.370,no_play,,,,,,,,,,,,,,,
1998,10,November 8,home,Atlanta Falcons,https://www.pro-football-reference.com/boxscores/199811080nwe.htm,4,,1,8,NWE 8,10,31,"Jamal Anderson right tackle for 5 yards (tackle by Ted Johnson and Lawyer Milloy). Penalty on Robbie Tobeck: Offensive Holding, 10 yards (accepted) (no play)",5.370,4.240,no_play,,,,,,,,,,,Ted Johnson,Lawyer Milloy,,,
1998,10,November 8,home,Atlanta Falcons,https://www.pro-football-reference.com/boxscores/199811080nwe.htm,4,,1,18,NWE 18,10,31,Jamal Anderson right tackle for 1 yard (tackle by Ted Johnson and Chris Slade),4.240,3.240,run,,,Jamal Anderson,,,,,,,,Ted Johnson,Chris Slade,,,
1998,10,November 8,home,Atlanta Falcons,https://www.pro-football-reference.com/boxscores/199811080nwe.htm,4,,2,17,NWE 17,10,31,"Penalty on Bob Whitfield: False Start, 5 yards (accepted)",3.240,2.730,penalty,,,,,,,,,,,,,,,Bob Whitfield
1998,10,November 8,home,Atlanta Falcons,https://www.pro-football-reference.com/boxscores/199811080nwe.htm,4,,2,22,NWE 22,10,37,"Chris Chandler pass complete to O.J. Santiago for 22 yards, touchdown",2.730,7.000,pass,,Chris Chandler,,O.J. Santiago,,,,,,,,,,,
1998,10,November 8,home,Atlanta Falcons,https://www.pro-football-reference.com/boxscores/199811080nwe.htm,4,8:59,,,,10,38,Morten Andersen kicks extra point good,0.000,0.000,extra_point,,,,,,,,Morten Andersen,,,,,,,
1998,10,November 8,home,Atlanta Falcons,https://www.pro-football-reference.com/boxscores/199811080nwe.htm,4,,,,ATL 30,10,38,"Morten Andersen kicks off 64 yards, returned by Derrick Cullors for 18 yards (tackle by Ken Oxendine)",0.000,-0.540,kickoff,,,,,,,,Morten Andersen,Derrick Cullors,,Ken Oxendine,,,,
1998,10,November 8,home,Atlanta Falcons,https://www.pro-football-reference.com/boxscores/199811080nwe.htm,4,,1,10,NWE 24,10,38,Drew Bledsoe pass complete to Tony Simmons for 18 yards (tackle by Michael Booker),0.540,1.730,pass,,Drew Bledsoe,,Tony Simmons,,,,,,,Michael Booker,,,,
1998,10,November 8,home,Atlanta Falcons,https://www.pro-football-reference.com/boxscores/199811080nwe.htm,4,,1,10,NWE 42,10,38,Drew Bledsoe pass incomplete intended for Shawn Jefferson,1.730,1.190,pass,,Drew Bledsoe,,Shawn Jefferson,,,,,,,,,,,
1998,10,November 8,home,Atlanta Falcons,https://www.pro-football-reference.com/boxscores/199811080nwe.htm,4,,2,10,NWE 42,10,38,Drew Bledsoe pass incomplete intended for Sedrick Shaw,1.190,0.500,pass,,Drew Bledsoe,,Sedrick Shaw,,,,,,,,,,,
1998,10,November 8,home,Atlanta Falcons,https://www.pro-football-reference.com/boxscores/199811080nwe.htm,4,,3,10,NWE 42,10,38,Drew Bledsoe sacked by Chuck Smith for 8 yards,0.500,-1.110,pass,,Drew Bledsoe,,,,Chuck Smith,,,,,,,,,
1998,10,November 8,home,Atlanta Falcons,https://www.pro-football-reference.com/boxscores/199811080nwe.htm,4,,4,18,NWE 34,10,38,Tom Tupa punts 44 yards,-1.110,-0.410,punt,,,,,,,Tom Tupa,,,,,,,,
1998,10,November 8,home,Atlanta Falcons,https://www.pro-football-reference.com/boxscores/199811080nwe.htm,4,8:02,1,10,ATL 22,10,38,Ken Oxendine left guard for 3 yards (tackle by Greg Spires and Mark Wheeler),0.410,0.270,run,,,Ken Oxendine,,,,,,,,Greg Spires,Mark Wheeler,,,
1998,10,November 8,home,Atlanta Falcons,https://www.pro-football-reference.com/boxscores/199811080nwe.htm,4,,2,7,ATL 25,10,38,"Penalty on Tony Martin: False Start, 5 yards (accepted)",0.270,-0.400,penalty,,,,,,,,,,,,,,,Tony Martin
1998,10,November 8,home,Atlanta Falcons,https://www.pro-football-reference.com/boxscores/199811080nwe.htm,4,,2,12,ATL 20,10,38,Ken Oxendine middle for 3 yards (tackle by Chris Sullivan),-0.400,-0.690,run,,,Ken Oxendine,,,,,,,,Chris Sullivan,,,,
1998,10,November 8,home,Atlanta Falcons,https://www.pro-football-reference.com/boxscores/199811080nwe.htm,4,,3,9,ATL 23,10,38,Tony Graziani pass complete to Ken Oxendine for 11 yards (tackle by Tedy Bruschi and Steve Israel),-0.690,1.200,pass,,Tony Graziani,,Ken Oxendine,,,,,,,Tedy Bruschi,Steve Israel,,,
1998,10,November 8,home,Atlanta Falcons,https://www.pro-football-reference.com/boxscores/199811080nwe.htm,4,,1,10,ATL 34,10,38,"Penalty on ATL: Delay of Game, 5 yards (accepted)",1.200,0.870,penalty,,,,,,,,,,,,,,,
1998,10,November 8,home,Atlanta Falcons,https://www.pro-football-reference.com/boxscores/199811080nwe.htm,4,,1,15,ATL 29,10,38,Jamal Anderson middle for 2 yards (tackle by Tedy Bruschi and Vernon Crawford),0.870,0.250,run,,,Jamal Anderson,,,,,,,,Tedy Bruschi,Vernon Crawford,,,
1998,10,November 8,home,Atlanta Falcons,https://www.pro-football-reference.com/boxscores/199811080nwe.htm,4,,2,13,ATL 31,10,38,Jamal Anderson left guard for 3 yards (tackle by Tedy Bruschi and Leonta Rheams),0.250,-0.030,run,,,Jamal Anderson,,,,,,,,Tedy Bruschi,Leonta Rheams,,,
1998,10,November 8,home,Atlanta Falcons,https://www.pro-football-reference.com/boxscores/199811080nwe.htm,4,,3,10,ATL 34,10,38,Jamal Anderson middle for 3 yards (tackle by Ferric Collons and Leonta Rheams),-0.030,-0.910,run,,,Jamal Anderson,,,,,,,,Ferric Collons,Leonta Rheams,,,
1998,10,November 8,home,Atlanta Falcons,https://www.pro-football-reference.com/boxscores/199811080nwe.htm,4,,4,7,ATL 37,10,38,"Dan Stryzinski punts 49 yards, muffed catch by Chris Canty. Chris Canty fumbles, recovered by Bob Christian at NE14",-0.910,4.650,punt,,,,,,,Dan Stryzinski,,,,,,,Bob Christian,
1998,10,November 8,home,Atlanta Falcons,https://www.pro-football-reference.com/boxscores/199811080nwe.htm,4,2:51,1,10,NWE 14,10,38,Ken Oxendine middle for no gain (tackle by Leonta Rheams and Greg Spires),4.650,4.000,run,,,Ken Oxendine,,,,,,,,Leonta Rheams,Greg Spires,,,
1998,10,November 8,home,Atlanta Falcons,https://www.pro-football-reference.com/boxscores/199811080nwe.htm,4,,2,10,NWE 14,10,38,Ken Oxendine left end for -2 yards (tackle by Tedy Bruschi),4.000,3.000,run,,,Ken Oxendine,,,,,,,,Tedy Bruschi,,,,
1998,10,November 8,home,Atlanta Falcons,https://www.pro-football-reference.com/boxscores/199811080nwe.htm,4,2:00,3,12,NWE 16,10,38,Harold Green left guard for 1 yard (tackle by Tedy Bruschi and Greg Spires),3.000,2.440,run,,,Harold Green,,,,,,,,Tedy Bruschi,Greg Spires,,,
1998,10,November 8,home,Atlanta Falcons,https://www.pro-football-reference.com/boxscores/199811080nwe.htm,4,1:53,4,11,NWE 15,10,41,Morten Andersen 32 yard field goal good,2.440,3.000,field_goal,,,,,,,,Morten Andersen,,,,,,,
1998,10,November 8,home,Atlanta Falcons,https://www.pro-football-reference.com/boxscores/199811080nwe.htm,4,1:49,,,ATL 30,10,41,"Morten Andersen kicks off 36 yards, returned by Tedy Bruschi for 4 yards",0.000,-1.470,kickoff,,,,,,,,Morten Andersen,Tedy Bruschi,,,,,,
1998,10,November 8,home,Atlanta Falcons,https://www.pro-football-reference.com/boxscores/199811080nwe.htm,4,1:46,1,10,NWE 38,10,41,Scott Zolak pass complete to Sedrick Shaw for 2 yards (tackle by Keith Brooking and Elijah Williams),1.470,1.190,pass,,Scott Zolak,,Sedrick Shaw,,,,,,,Keith Brooking,Elijah Williams,,,
1998,10,November 8,home,Atlanta Falcons,https://www.pro-football-reference.com/boxscores/199811080nwe.htm,4,1:21,2,8,NWE 40,10,41,Scott Zolak pass incomplete intended for Lovett Purnell,1.190,0.500,pass,,Scott Zolak,,Lovett Purnell,,,,,,,,,,,
1998,10,November 8,home,Atlanta Falcons,https://www.pro-football-reference.com/boxscores/199811080nwe.htm,4,1:17,3,8,NWE 40,10,41,Scott Zolak pass incomplete intended for Anthony Ladd,0.500,-0.720,pass,,Scott Zolak,,Anthony Ladd,,,,,,,,,,,
1998,10,November 8,home,Atlanta Falcons,https://www.pro-football-reference.com/boxscores/199811080nwe.htm,4,1:13,4,8,NWE 40,10,41,Scott Zolak pass complete to Tony Simmons for 20 yards (tackle by Elijah Williams),-0.720,2.920,pass,,Scott Zolak,,Tony Simmons,,,,,,,Elijah Williams,,,,
1998,10,November 8,home,Atlanta Falcons,https://www.pro-football-reference.com/boxscores/199811080nwe.htm,4,0:49,1,10,ATL 40,10,41,Scott Zolak pass incomplete intended for Sedrick Shaw,2.920,2.370,pass,,Scott Zolak,,Sedrick Shaw,,,,,,,,,,,
1998,10,November 8,home,Atlanta Falcons,https://www.pro-football-reference.com/boxscores/199811080nwe.htm,4,0:45,2,10,ATL 40,10,41,Scott Zolak pass incomplete intended for Tony Simmons,2.370,1.680,pass,,Scott Zolak,,Tony Simmons,,,,,,,,,,,
1998,10,November 8,home,Atlanta Falcons,https://www.pro-football-reference.com/boxscores/199811080nwe.htm,4,0:38,3,10,ATL 40,10,41,Scott Zolak pass complete to Sedrick Shaw for 11 yards (tackle by Ray Buchanan),1.680,3.640,pass,,Scott Zolak,,Sedrick Shaw,,,,,,,Ray Buchanan,,,,
1998,10,November 8,home,Atlanta Falcons,https://www.pro-football-reference.com/boxscores/199811080nwe.htm,4,0:20,1,10,ATL 29,10,41,Scott Zolak pass incomplete intended for Anthony Ladd,3.640,3.100,pass,,Scott Zolak,,Anthony Ladd,,,,,,,,,,,
1998,10,November 8,home,Atlanta Falcons,https://www.pro-football-reference.com/boxscores/199811080nwe.htm,4,0:14,2,10,ATL 29,10,41,Scott Zolak pass incomplete intended for Henry Ellard,3.100,2.410,pass,,Scott Zolak,,Henry Ellard,,,,,,,,,,,
1998,10,November 8,home,Atlanta Falcons,https://www.pro-football-reference.com/boxscores/199811080nwe.htm,4,,3,10,ATL 29,10,41,"Penalty on Chuck Smith: Encroachment, 5 yards (accepted)",2.410,3.070,penalty,,,,,,,,,,,,,,,Chuck Smith
1998,10,November 8,home,Atlanta Falcons,https://www.pro-football-reference.com/boxscores/199811080nwe.htm,4,0:09,3,5,ATL 24,10,41,Scott Zolak sacked by Chuck Smith for 9 yards,3.070,1.150,pass,,Scott Zolak,,,,Chuck Smith,,,,,,,,,
1998,10,November 8,home,Atlanta Falcons,https://www.pro-football-reference.com/boxscores/199811080nwe.htm,4,0:04,4,14,ATL 33,10,41,Scott Zolak pass intended for Tony Simmons is intercepted by Eugene Robinson at AF0 and returned for no gain,1.150,1.140,pass,,Scott Zolak,,Tony Simmons,Eugene Robinson,,,,,,,,,,
1998,11,November 15,away,Buffalo Bills,https://www.pro-football-reference.com/boxscores/199811150buf.htm,,,,,,,,"Patriots won the coin toss, Bills to receive the opening kickoff.",,,other,,,,,,,,,,,,,,,
1998,11,November 15,away,Buffalo Bills,https://www.pro-football-reference.com/boxscores/199811150buf.htm,1,15:00,,,NWE 30,0,0,"Adam Vinatieri kicks off 60 yards, returned by Kevin Williams for 24 yards (tackle by Marty Moore)",0.000,-1.200,kickoff,,,,,,,,Adam Vinatieri,Kevin Williams,,Marty Moore,,,,
1998,11,November 15,away,Buffalo Bills,https://www.pro-football-reference.com/boxscores/199811150buf.htm,1,14:51,1,10,BUF 34,0,0,Antowain Smith middle for 5 yards (tackle by Chris Sullivan and Henry Thomas),1.200,1.330,run,,,Antowain Smith,,,,,,,,Chris Sullivan,Henry Thomas,,,
1998,11,November 15,away,Buffalo Bills,https://www.pro-football-reference.com/boxscores/199811150buf.htm,1,,2,5,BUF 39,0,0,"Antowain Smith middle for -1 yards. Penalty on Ferric Collons: Defensive Offside, 4 yards (accepted) (tackle by Ferric Collons and Willie McGinest) (no play)",1.330,1.870,no_play,,,,,,,,,,,Ferric Collons,Willie McGinest,,,
1998,11,November 15,away,Buffalo Bills,https://www.pro-football-reference.com/boxscores/199811150buf.htm,1,,2,1,BUF 43,0,0,Antowain Smith left guard for no gain (tackle by Willie McGinest),1.870,1.160,run,,,Antowain Smith,,,,,,,,Willie McGinest,,,,
1998,11,November 15,away,Buffalo Bills,https://www.pro-football-reference.com/boxscores/199811150buf.htm,1,,3,1,BUF 43,0,0,Antowain Smith right tackle for 2 yards (tackle by Steve Israel),1.160,1.930,run,,,Antowain Smith,,,,,,,,Steve Israel,,,,
1998,11,November 15,away,Buffalo Bills,https://www.pro-football-reference.com/boxscores/199811150buf.htm,1,,1,10,BUF 45,0,0,Doug Flutie pass complete to Lonnie Johnson for 12 yards (tackle by Lawyer Milloy),1.930,2.720,pass,,Doug Flutie,,Lonnie Johnson,,,,,,,Lawyer Milloy,,,,
1998,11,November 15,away,Buffalo Bills,https://www.pro-football-reference.com/boxscores/199811150buf.htm,1,,1,10,NWE 43,0,0,Thurman Thomas right tackle for 9 yards (tackle by Ty Law),2.720,3.390,run,,,Thurman Thomas,,,,,,,,Ty Law,,,,
1998,11,November 15,away,Buffalo Bills,https://www.pro-football-reference.com/boxscores/199811150buf.htm,1,,2,1,NWE 34,0,0,Doug Flutie pass complete to Sam Gash for 18 yards (tackle by Willie Clay),3.390,4.510,pass,,Doug Flutie,,Sam Gash,,,,,,,Willie Clay,,,,
1998,11,November 15,away,Buffalo Bills,https://www.pro-football-reference.com/boxscores/199811150buf.htm,1,,1,10,NWE 16,0,0,"Doug Flutie pass complete to Antowain Smith for 8 yards. Penalty on Dusty Zeigler: Offensive Holding, 10 yards (accepted) (tackle by Ted Johnson) (no play)",4.510,3.840,no_play,,,,,,,,,,,Ted Johnson,,,,
1998,11,November 15,away,Buffalo Bills,https://www.pro-football-reference.com/boxscores/199811150buf.htm,1,,1,20,NWE 26,0,0,Doug Flutie pass incomplete,3.840,2.610,pass,,Doug Flutie,,,,,,,,,,,,,
1998,11,November 15,away,Buffalo Bills,https://www.pro-football-reference.com/boxscores/199811150buf.htm,1,,2,20,NWE 26,0,0,Antowain Smith middle for 4 yards (tackle by Ted Johnson),2.610,2.480,run,,,Antowain Smith,,,,,,,,Ted Johnson,,,,
1998,11,November 15,away,Buffalo Bills,https://www.pro-football-reference.com/boxscores/199811150buf.htm,1,,3,16,NWE 22,0,0,Doug Flutie pass complete to Andre Reed for 9 yards (tackle by Chris Canty),2.480,2.570,pass,,Doug Flutie,,Andre Reed,,,,,,,Chris Canty,,,,
1998,11,November 15,away,Buffalo Bills,https://www.pro-football-reference.com/boxscores/199811150buf.htm,1,,4,7,NWE 13,0,3,Steve Christie 31 yard field goal good,2.570,3.000,field_goal,,,,,,,,Steve Christie,,,,,,,
1998,11,November 15,away,Buffalo Bills,https://www.pro-football-reference.com/boxscores/199811150buf.htm,1,8:54,,,BUF 30,0,3,"Steve Christie kicks off 61 yards, returned by Chris Canty for 21 yards (tackle by Dan Brandenburg)",0.000,-0.940,kickoff,,,,,,,,Steve Christie,Chris Canty,,Dan Brandenburg,,,,
1998,11,November 15,away,Buffalo Bills,https://www.pro-football-reference.com/boxscores/199811150buf.htm,1,8:44,1,10,NWE 30,0,3,"Penalty on Rod Rutledge: False Start, 5 yards (accepted)",0.940,0.610,penalty,,,,,,,,,,,,,,,Rod Rutledge
1998,11,November 15,away,Buffalo Bills,https://www.pro-football-reference.com/boxscores/199811150buf.htm,1,,1,15,NWE 25,0,3,Robert Edwards right guard for 7 yards (tackle by Ted Washington),0.610,0.660,run,,,Robert Edwards,,,,,,,,Ted Washington,,,,
1998,11,November 15,away,Buffalo Bills,https://www.pro-football-reference.com/boxscores/199811150buf.htm,1,,2,8,NWE 32,0,3,Drew Bledsoe pass incomplete intended for Ben Coates,0.660,-0.030,pass,,Drew Bledsoe,,Ben Coates,,,,,,,,,,,
1998,11,November 15,away,Buffalo Bills,https://www.pro-football-reference.com/boxscores/199811150buf.htm,1,,3,8,NWE 32,0,3,Drew Bledsoe pass complete to Tony Simmons for 11 yards (tackle by Donovan Greer),-0.030,1.800,pass,,Drew Bledsoe,,Tony Simmons,,,,,,,Donovan Greer,,,,
1998,11,November 15,away,Buffalo Bills,https://www.pro-football-reference.com/boxscores/199811150buf.htm,1,,1,10,NWE 43,0,3,Robert Edwards left tackle for -2 yards (tackle by John Holecek),1.800,0.980,run,,,Robert Edwards,,,,,,,,John Holecek,,,,
1998,11,November 15,away,Buffalo Bills,https://www.pro-football-reference.com/boxscores/199811150buf.htm,1,,2,12,NWE 41,0,3,Drew Bledsoe pass complete to Vincent Brisby for 7 yards (tackle by Thomas Smith),0.980,1.220,pass,,Drew Bledsoe,,Vincent Brisby,,,,,,,Thomas Smith,,,,
1998,11,November 15,away,Buffalo Bills,https://www.pro-football-reference.com/boxscores/199811150buf.htm,1,,3,5,NWE 48,0,3,Drew Bledsoe pass incomplete intended for Ben Coates,1.220,-0.190,pass,,Drew Bledsoe,,Ben Coates,,,,,,,,,,,
1998,11,November 15,away,Buffalo Bills,https://www.pro-football-reference.com/boxscores/199811150buf.htm,1,,4,5,NWE 48,0,3,"Tom Tupa punts 52 yards, touchback.",-0.190,-0.280,punt,,,,,,,Tom Tupa,,,,,,,,
1998,11,November 15,away,Buffalo Bills,https://www.pro-football-reference.com/boxscores/199811150buf.htm,1,5:43,1,10,BUF 20,0,3,Antowain Smith left tackle for no gain (tackle by Tedy Bruschi and Willie McGinest),0.280,-0.270,run,,,Antowain Smith,,,,,,,,Tedy Bruschi,Willie McGinest,,,
1998,11,November 15,away,Buffalo Bills,https://www.pro-football-reference.com/boxscores/199811150buf.htm,1,5:07,2,10,BUF 20,0,3,Doug Flutie scrambles left tackle for 6 yards (tackle by Chris Sullivan),-0.270,-0.160,run,,,Doug Flutie,,,,,,,,Chris Sullivan,,,,
1998,11,November 15,away,Buffalo Bills,https://www.pro-football-reference.com/boxscores/199811150buf.htm,1,,3,4,BUF 26,0,3,Doug Flutie scrambles middle for 20 yards,-0.160,1.990,run,,,Doug Flutie,,,,,,,,,,,,
1998,11,November 15,away,Buffalo Bills,https://www.pro-football-reference.com/boxscores/199811150buf.htm,1,,1,10,BUF 46,0,3,"Penalty on Doug Flutie: Delay of Game, 5 yards (accepted)",1.990,1.660,penalty,,,,,,,,,,,,,,,Doug Flutie
1998,11,November 15,away,Buffalo Bills,https://www.pro-football-reference.com/boxscores/199811150buf.htm,1,,1,15,BUF 41,0,3,Doug Flutie pass incomplete intended for Andre Reed,1.660,0.780,pass,,Doug Flutie,,Andre Reed,,,,,,,,,,,
1998,11,November 15,away,Buffalo Bills,https://www.pro-football-reference.com/boxscores/199811150buf.htm,1,,2,15,BUF 41,0,3,Doug Flutie pass incomplete intended for Kevin Williams,0.780,0.100,pass,,Doug Flutie,,Kevin Williams,,,,,,,,,,,
1998,11,November 15,away,Buffalo Bills,https://www.pro-football-reference.com/boxscores/199811150buf.htm,1,,3,15,BUF 41,0,3,Doug Flutie scrambles right tackle for 22 yards (tackle by Lawyer Milloy),0.100,3.120,run,,,Doug Flutie,,,,,,,,Lawyer Milloy,,,,
1998,11,November 15,away,Buffalo Bills,https://www.pro-football-reference.com/boxscores/199811150buf.htm,1,,1,10,NWE 37,0,3,Antowain Smith left tackle for 5 yards (tackle by Ty Law),3.120,3.250,run,,,Antowain Smith,,,,,,,,Ty Law,,,,
1998,11,November 15,away,Buffalo Bills,https://www.pro-football-reference.com/boxscores/199811150buf.htm,1,,2,5,NWE 32,0,3,Antowain Smith right tackle for 2 yards (tackle by Ted Johnson),3.250,2.810,run,,,Antowain Smith,,,,,,,,Ted Johnson,,,,
1998,11,November 15,away,Buffalo Bills,https://www.pro-football-reference.com/boxscores/199811150buf.htm,1,,3,3,NWE 30,0,3,Doug Flutie pass complete to Andre Reed for 23 yards (tackle by Ted Johnson),2.810,5.600,pass,,Doug Flutie,,Andre Reed,,,,,,,Ted Johnson,,,,
1998,11,November 15,away,Buffalo Bills,https://www.pro-football-reference.com/boxscores/199811150buf.htm,1,,1,7,NWE 7,0,3,Antowain Smith right tackle for 3 yards (tackle by Willie Clay and Greg Spires),5.600,5.340,run,,,Antowain Smith,,,,,,,,Willie Clay,Greg Spires,,,
1998,11,November 15,away,Buffalo Bills,https://www.pro-football-reference.com/boxscores/199811150buf.htm,1,,2,4,NWE 4,0,3,Antowain Smith right tackle for 2 yards (tackle by Greg Spires),5.340,4.950,run,,,Antowain Smith,,,,,,,,Greg Spires,,,,
1998,11,November 15,away,Buffalo Bills,https://www.pro-football-reference.com/boxscores/199811150buf.htm,2,15:00,3,2,NWE 2,0,3,Thurman Thomas left guard for no gain (tackle by Henry Thomas),4.950,3.250,run,,,Thurman Thomas,,,,,,,,Henry Thomas,,,,
1998,11,November 15,away,Buffalo Bills,https://www.pro-football-reference.com/boxscores/199811150buf.htm,2,,4,2,NWE 2,0,6,Steve Christie 20 yard field goal good,3.250,3.000,field_goal,,,,,,,,Steve Christie,,,,,,,
1998,11,November 15,away,Buffalo Bills,https://www.pro-football-reference.com/boxscores/199811150buf.htm,2,14:20,,,BUF 30,0,6,"Steve Christie kicks off 64 yards, returned by Chris Canty for 23 yards (tackle by Mark Pike)",0.000,-0.870,kickoff,,,,,,,,Steve Christie,Chris Canty,,Mark Pike,,,,
1998,11,November 15,away,Buffalo Bills,https://www.pro-football-reference.com/boxscores/199811150buf.htm,2,14:10,1,10,NWE 29,0,6,Robert Edwards left end for 13 yards (tackle by Henry Jones and Eric Smedley),0.870,1.730,run,,,Robert Edwards,,,,,,,,Henry Jones,Eric Smedley,,,
1998,11,November 15,away,Buffalo Bills,https://www.pro-football-reference.com/boxscores/199811150buf.htm,2,,1,10,NWE 42,0,6,Drew Bledsoe pass complete to Ben Coates for 14 yards,1.730,2.650,pass,,Drew Bledsoe,,Ben Coates,,,,,,,,,,,
1998,11,November 15,away,Buffalo Bills,https://www.pro-football-reference.com/boxscores/199811150buf.htm,2,,1,10,BUF 44,0,6,Robert Edwards right tackle for 7 yards (tackle by Sam Rogers),2.650,3.060,run,,,Robert Edwards,,,,,,,,Sam Rogers,,,,
1998,11,November 15,away,Buffalo Bills,https://www.pro-football-reference.com/boxscores/199811150buf.htm,2,,2,3,BUF 37,0,6,Robert Edwards left tackle for 2 yards (tackle by Gabe Northern),3.060,2.610,run,,,Robert Edwards,,,,,,,,Gabe Northern,,,,
1998,11,November 15,away,Buffalo Bills,https://www.pro-football-reference.com/boxscores/199811150buf.htm,2,,3,1,BUF 35,0,6,Robert Edwards right guard for 5 yards (tackle by John Holecek),2.610,3.580,run,,,Robert Edwards,,,,,,,,John Holecek,,,,
1998,11,November 15,away,Buffalo Bills,https://www.pro-football-reference.com/boxscores/199811150buf.htm,2,,1,10,BUF 30,0,6,Drew Bledsoe pass complete to Lovett Purnell for 9 yards (tackle by Henry Jones),3.580,4.250,pass,,Drew Bledsoe,,Lovett Purnell,,,,,,,Henry Jones,,,,
1998,11,November 15,away,Buffalo Bills,https://www.pro-football-reference.com/boxscores/199811150buf.htm,2,,2,1,BUF 21,0,6,Robert Edwards left tackle for -1 yards (tackle by Thomas Smith),4.250,3.400,run,,,Robert Edwards,,,,,,,,Thomas Smith,,,,
1998,11,November 15,away,Buffalo Bills,https://www.pro-football-reference.com/boxscores/199811150buf.htm,2,,3,2,BUF 22,0,6,Drew Bledsoe pass incomplete,3.400,2.120,pass,,Drew Bledsoe,,,,,,,,,,,,,
1998,11,November 15,away,Buffalo Bills,https://www.pro-football-reference.com/boxscores/199811150buf.htm,2,,4,2,BUF 22,0,6,Adam Vinatieri 39 yard field goal no good,2.120,-0.940,field_goal,,,,,,,,Adam Vinatieri,,,,,,,
1998,11,November 15,away,Buffalo Bills,https://www.pro-football-reference.com/boxscores/199811150buf.htm,2,9:33,1,10,BUF 30,0,6,"Doug Flutie for no gain, recovered by Doug Flutie at BB24. Dusty Zeigler fumbles",0.940,-0.420,run,,,Doug Flutie,,,,,,,,,,,Doug Flutie,
1998,11,November 15,away,Buffalo Bills,https://www.pro-football-reference.com/boxscores/199811150buf.htm,2,,2,16,BUF 24,0,6,Doug Flutie pass incomplete intended for Eric Moulds,-0.420,0.000,pass,,Doug Flutie,,Eric Moulds,,,,,,,,,,,
1998,11,November 15,away,Buffalo Bills,https://www.pro-football-reference.com/boxscores/199811150buf.htm,2,,,,,0,6,Penalty on Dusty Zeigler: Ineligible Downfield Pass (declined),0.000,-1.090,penalty,,,,,,,,,,,,,,,Dusty Zeigler
1998,11,November 15,away,Buffalo Bills,https://www.pro-football-reference.com/boxscores/199811150buf.htm,2,,3,16,BUF 24,0,6,Doug Flutie pass incomplete intended for Eric Moulds,-1.090,-1.770,pass,,Doug Flutie,,Eric Moulds,,,,,,,,,,,
1998,11,November 15,away,Buffalo Bills,https://www.pro-football-reference.com/boxscores/199811150buf.htm,2,,4,16,BUF 24,0,6,"Chris Mohr punts 51 yards, returned by Chris Canty for 5 yards (tackle by Lonnie Johnson). Penalty on Lonnie Johnson: Offensive Holding, 10 yards (accepted) (no play)",-1.770,-2.470,no_play,,,,,,,,,,,Lonnie Johnson,,,,
1998,11,November 15,away,Buffalo Bills,https://www.pro-football-reference.com/boxscores/199811150buf.htm,2,,4,26,BUF 14,0,6,"Chris Mohr punts 53 yards, returned by Chris Canty for 3 yards (tackle by Eric Smedley)",-2.470,-1.330,punt,,,,,,,Chris Mohr,,Chris Canty,,Eric Smedley,,,,
1998,11,November 15,away,Buffalo Bills,https://www.pro-football-reference.com/boxscores/199811150buf.htm,2,8:26,1,10,NWE 36,0,6,"Robert Edwards right guard for 4 yards (tackle by Sam Rogers). Penalty on Ted Washington: Defensive Offside, 5 yards (accepted) (no play)",1.330,2.060,no_play,,,,,,,,,,,Sam Rogers,,,,
1998,11,November 15,away,Buffalo Bills,https://www.pro-football-reference.com/boxscores/199811150buf.htm,2,,1,5,NWE 41,0,6,Robert Edwards right tackle for 2 yards (tackle by Phil Hansen),2.060,1.740,run,,,Robert Edwards,,,,,,,,Phil Hansen,,,,
1998,11,November 15,away,Buffalo Bills,https://www.pro-football-reference.com/boxscores/199811150buf.htm,2,,2,3,NWE 43,0,6,Robert Edwards right guard for 1 yard (tackle by Bruce Smith and Ted Washington),1.740,1.160,run,,,Robert Edwards,,,,,,,,Bruce Smith,Ted Washington,,,
1998,11,November 15,away,Buffalo Bills,https://www.pro-football-reference.com/boxscores/199811150buf.htm,2,,3,2,NWE 44,0,6,Drew Bledsoe pass complete to Ben Coates for 33 yards (tackle by Donovan Greer),1.160,4.040,pass,,Drew Bledsoe,,Ben Coates,,,,,,,Donovan Greer,,,,
1998,11,November 15,away,Buffalo Bills,https://www.pro-football-reference.com/boxscores/199811150buf.htm,2,,1,10,BUF 23,0,6,Robert Edwards left tackle for 3 yards (tackle by Bruce Smith),4.040,3.900,run,,,Robert Edwards,,,,,,,,Bruce Smith,,,,
1998,11,November 15,away,Buffalo Bills,https://www.pro-football-reference.com/boxscores/199811150buf.htm,2,,2,7,BUF 20,0,6,Drew Bledsoe pass incomplete intended for Shawn Jefferson,3.900,3.200,pass,,Drew Bledsoe,,Shawn Jefferson,,,,,,,,,,,
1998,11,November 15,away,Buffalo Bills,https://www.pro-football-reference.com/boxscores/199811150buf.htm,2,,3,7,BUF 20,0,6,Drew Bledsoe pass incomplete intended for Vincent Brisby,3.200,2.120,pass,,Drew Bledsoe,,Vincent Brisby,,,,,,,,,,,
1998,11,November 15,away,Buffalo Bills,https://www.pro-football-reference.com/boxscores/199811150buf.htm,2,,4,7,BUF 20,3,6,Adam Vinatieri 38 yard field goal good,2.120,3.000,field_goal,,,,,,,,Adam Vinatieri,,,,,,,
1998,11,November 15,away,Buffalo Bills,https://www.pro-football-reference.com/boxscores/199811150buf.htm,2,4:55,,,NWE 30,3,6,"Adam Vinatieri kicks off 49 yards, returned by Lonnie Johnson for -1 yards. Lonnie Johnson fumbles, recovered by Shawn Stuckey at BB20",0.000,4.240,kickoff,,,,,,,,Adam Vinatieri,Lonnie Johnson,,,,,Shawn Stuckey,
1998,11,November 15,away,Buffalo Bills,https://www.pro-football-reference.com/boxscores/199811150buf.htm,2,4:45,1,10,BUF 20,3,6,Robert Edwards right tackle for 3 yards (tackle by Joe Cummings),4.240,4.120,run,,,Robert Edwards,,,,,,,,Joe Cummings,,,,
1998,11,November 15,away,Buffalo Bills,https://www.pro-football-reference.com/boxscores/199811150buf.htm,2,,2,7,BUF 17,3,6,"Penalty on Max Lane: False Start, 5 yards (accepted)",4.120,3.420,penalty,,,,,,,,,,,,,,,Max Lane
1998,11,November 15,away,Buffalo Bills,https://www.pro-football-reference.com/boxscores/199811150buf.htm,2,,2,12,BUF 22,3,6,Drew Bledsoe pass incomplete intended for Ben Coates,3.420,2.740,pass,,Drew Bledsoe,,Ben Coates,,,,,,,,,,,
1998,11,November 15,away,Buffalo Bills,https://www.pro-football-reference.com/boxscores/199811150buf.htm,2,,3,12,BUF 22,3,6,Drew Bledsoe pass incomplete intended for Robert Edwards,2.740,1.990,pass,,Drew Bledsoe,,Robert Edwards,,,,,,,,,,,
1998,11,November 15,away,Buffalo Bills,https://www.pro-football-reference.com/boxscores/199811150buf.htm,2,,4,12,BUF 22,3,6,Adam Vinatieri 39 yard field goal no good,1.990,-0.870,field_goal,,,,,,,,Adam Vinatieri,,,,,,,
1998,11,November 15,away,Buffalo Bills,https://www.pro-football-reference.com/boxscores/199811150buf.htm,2,3:36,1,10,BUF 29,3,6,Antowain Smith right guard for 6 yards (tackle by Ted Johnson),0.870,1.140,run,,,Antowain Smith,,,,,,,,Ted Johnson,,,,
1998,11,November 15,away,Buffalo Bills,https://www.pro-football-reference.com/boxscores/199811150buf.htm,2,,2,4,BUF 35,3,6,Antowain Smith middle for 10 yards (tackle by Willie Clay and Lawyer Milloy),1.140,1.930,run,,,Antowain Smith,,,,,,,,Willie Clay,Lawyer Milloy,,,
1998,11,November 15,away,Buffalo Bills,https://www.pro-football-reference.com/boxscores/199811150buf.htm,2,,1,10,BUF 45,3,6,Doug Flutie pass complete to Eric Moulds for 11 yards (tackle by Willie Clay),1.930,2.650,pass,,Doug Flutie,,Eric Moulds,,,,,,,Willie Clay,,,,
1998,11,November 15,away,Buffalo Bills,https://www.pro-football-reference.com/boxscores/199811150buf.htm,2,2:00,1,10,NWE 44,3,6,Antowain Smith middle for 2 yards (tackle by Chris Sullivan),2.650,2.380,run,,,Antowain Smith,,,,,,,,Chris Sullivan,,,,
1998,11,November 15,away,Buffalo Bills,https://www.pro-football-reference.com/boxscores/199811150buf.htm,2,1:28,2,8,NWE 42,3,6,Doug Flutie pass incomplete intended for Andre Reed,2.380,1.690,pass,,Doug Flutie,,Andre Reed,,,,,,,,,,,
1998,11,November 15,away,Buffalo Bills,https://www.pro-football-reference.com/boxscores/199811150buf.htm,2,1:23,3,8,NWE 42,3,6,Doug Flutie pass incomplete,1.690,0.460,pass,,Doug Flutie,,,,,,,,,,,,,
1998,11,November 15,away,Buffalo Bills,https://www.pro-football-reference.com/boxscores/199811150buf.htm,2,1:17,4,8,NWE 42,3,6,"Chris Mohr punts 42 yards, touchback.",0.460,-0.280,punt,,,,,,,Chris Mohr,,,,,,,,
1998,11,November 15,away,Buffalo Bills,https://www.pro-football-reference.com/boxscores/199811150buf.htm,2,1:06,1,10,NWE 20,3,6,Derrick Cullors right guard for 1 yard (tackle by Bruce Smith),0.280,-0.130,run,,,Derrick Cullors,,,,,,,,Bruce Smith,,,,
1998,11,November 15,away,Buffalo Bills,https://www.pro-football-reference.com/boxscores/199811150buf.htm,2,0:46,2,9,NWE 21,3,6,Drew Bledsoe pass incomplete intended for Henry Ellard,-0.130,-0.820,pass,,Drew Bledsoe,,Henry Ellard,,,,,,,,,,,
1998,11,November 15,away,Buffalo Bills,https://www.pro-football-reference.com/boxscores/199811150buf.htm,2,0:43,3,9,NWE 21,3,6,Derrick Cullors left end for -3 yards (tackle by Henry Jones),-0.820,-2.240,run,,,Derrick Cullors,,,,,,,,Henry Jones,,,,
1998,11,November 15,away,Buffalo Bills,https://www.pro-football-reference.com/boxscores/199811150buf.htm,2,0:34,4,12,NWE 18,3,6,"Tom Tupa punts 41 yards, returned by Kevin Williams for 2 yards (tackle by Tebucky Jones)",-2.240,-1.800,punt,,,,,,,Tom Tupa,,Kevin Williams,,Tebucky Jones,,,,
1998,11,November 15,away,Buffalo Bills,https://www.pro-football-reference.com/boxscores/199811150buf.htm,2,0:26,1,10,BUF 43,3,6,Doug Flutie pass complete to Andre Reed for 12 yards (tackle by Larry Whigham),1.800,2.590,pass,,Doug Flutie,,Andre Reed,,,,,,,Larry Whigham,,,,
1998,11,November 15,away,Buffalo Bills,https://www.pro-football-reference.com/boxscores/199811150buf.htm,2,0:18,1,10,NWE 45,3,6,Doug Flutie pass incomplete intended for Thurman Thomas,2.590,2.040,pass,,Doug Flutie,,Thurman Thomas,,,,,,,,,,,
1998,11,November 15,away,Buffalo Bills,https://www.pro-football-reference.com/boxscores/199811150buf.htm,2,0:14,2,10,NWE 45,3,6,Doug Flutie pass incomplete intended for Kevin Williams,2.040,1.360,pass,,Doug Flutie,,Kevin Williams,,,,,,,,,,,
1998,11,November 15,away,Buffalo Bills,https://www.pro-football-reference.com/boxscores/199811150buf.htm,2,0:08,3,10,NWE 45,3,6,Doug Flutie pass complete to Jay Riemersma for 23 yards,1.360,4.110,pass,,Doug Flutie,,Jay Riemersma,,,,,,,,,,,
1998,11,November 15,away,Buffalo Bills,https://www.pro-football-reference.com/boxscores/199811150buf.htm,2,0:01,1,10,NWE 22,3,6,Steve Christie 40 yard field goal no good,4.110,0.870,field_goal,,,,,,,,Steve Christie,,,,,,,
1998,11,November 15,away,Buffalo Bills,https://www.pro-football-reference.com/boxscores/199811150buf.htm,3,15:00,,,BUF 30,3,6,"Steve Christie kicks off 60 yards, returned by Derrick Cullors for 13 yards (tackle by Jonathan Linton)",0.000,-0.480,kickoff,,,,,,,,Steve Christie,Derrick Cullors,,Jonathan Linton,,,,
1998,11,November 15,away,Buffalo Bills,https://www.pro-football-reference.com/boxscores/199811150buf.htm,3,14:52,1,10,NWE 23,3,6,Robert Edwards right guard for 3 yards (tackle by Bruce Smith),0.480,0.340,run,,,Robert Edwards,,,,,,,,Bruce Smith,,,,
1998,11,November 15,away,Buffalo Bills,https://www.pro-football-reference.com/boxscores/199811150buf.htm,3,,2,7,NWE 26,3,6,Drew Bledsoe pass incomplete intended for Robert Edwards,0.340,-0.360,pass,,Drew Bledsoe,,Robert Edwards,,,,,,,,,,,
1998,11,November 15,away,Buffalo Bills,https://www.pro-football-reference.com/boxscores/199811150buf.htm,3,,3,7,NWE 26,3,6,Drew Bledsoe pass incomplete intended for Vincent Brisby,-0.360,-1.630,pass,,Drew Bledsoe,,Vincent Brisby,,,,,,,,,,,
1998,11,November 15,away,Buffalo Bills,https://www.pro-football-reference.com/boxscores/199811150buf.htm,3,,4,7,NWE 26,3,6,"Tom Tupa punts 58 yards, returned by Kevin Williams for 7 yards (tackle by Shawn Stuckey)",-1.630,-0.480,punt,,,,,,,Tom Tupa,,Kevin Williams,,Shawn Stuckey,,,,
1998,11,November 15,away,Buffalo Bills,https://www.pro-football-reference.com/boxscores/199811150buf.htm,3,13:49,1,10,BUF 23,3,6,Antowain Smith left tackle for 2 yards (tackle by Steve Israel),0.480,0.200,run,,,Antowain Smith,,,,,,,,Steve Israel,,,,
1998,11,November 15,away,Buffalo Bills,https://www.pro-football-reference.com/boxscores/199811150buf.htm,3,,2,8,BUF 25,3,6,Thurman Thomas middle for 14 yards (tackle by Willie Clay and Lawyer Milloy),0.200,1.530,run,,,Thurman Thomas,,,,,,,,Willie Clay,Lawyer Milloy,,,
1998,11,November 15,away,Buffalo Bills,https://www.pro-football-reference.com/boxscores/199811150buf.htm,3,,1,10,BUF 39,3,6,Thurman Thomas left tackle for 14 yards (tackle by Lawyer Milloy),1.530,2.460,run,,,Thurman Thomas,,,,,,,,Lawyer Milloy,,,,
1998,11,November 15,away,Buffalo Bills,https://www.pro-football-reference.com/boxscores/199811150buf.htm,3,,1,10,NWE 47,3,6,Thurman Thomas middle for 2 yards (tackle by Chris Sullivan and Henry Thomas),2.460,2.180,run,,,Thurman Thomas,,,,,,,,Chris Sullivan,Henry Thomas,,,
1998,11,November 15,away,Buffalo Bills,https://www.pro-football-reference.com/boxscores/199811150buf.htm,3,,2,8,NWE 45,3,6,Doug Flutie pass complete to Jay Riemersma for 16 yards (tackle by Vernon Crawford),2.180,3.640,pass,,Doug Flutie,,Jay Riemersma,,,,,,,Vernon Crawford,,,,
1998,11,November 15,away,Buffalo Bills,https://www.pro-football-reference.com/boxscores/199811150buf.htm,3,,1,10,NWE 29,3,6,Antowain Smith middle for 15 yards (tackle by Willie Clay and Steve Israel),3.640,4.650,run,,,Antowain Smith,,,,,,,,Willie Clay,Steve Israel,,,
1998,11,November 15,away,Buffalo Bills,https://www.pro-football-reference.com/boxscores/199811150buf.htm,3,,1,10,NWE 14,3,6,Antowain Smith right guard for 1 yard (tackle by Ted Johnson),4.650,4.160,run,,,Antowain Smith,,,,,,,,Ted Johnson,,,,
1998,11,November 15,away,Buffalo Bills,https://www.pro-football-reference.com/boxscores/199811150buf.htm,3,,2,9,NWE 13,3,6,Doug Flutie pass intended for Andre Reed is intercepted by Willie Clay at NE0 and returned for no gain,4.160,-0.280,pass,,Doug Flutie,,Andre Reed,Willie Clay,,,,,,,,,,
1998,11,November 15,away,Buffalo Bills,https://www.pro-football-reference.com/boxscores/199811150buf.htm,3,9:07,1,10,NWE 20,3,6,Robert Edwards left tackle for 2 yards (tackle by Joe Cummings),0.280,0.000,run,,,Robert Edwards,,,,,,,,Joe Cummings,,,,
1998,11,November 15,away,Buffalo Bills,https://www.pro-football-reference.com/boxscores/199811150buf.htm,3,,2,8,NWE 22,3,6,Drew Bledsoe sacked by Phil Hansen for 7 yards,0.000,-1.860,pass,,Drew Bledsoe,,,,Phil Hansen,,,,,,,,,
1998,11,November 15,away,Buffalo Bills,https://www.pro-football-reference.com/boxscores/199811150buf.htm,3,,3,15,NWE 15,3,6,Drew Bledsoe pass incomplete intended for Shawn Jefferson,-1.860,-2.440,pass,,Drew Bledsoe,,Shawn Jefferson,,,,,,,,,,,
1998,11,November 15,away,Buffalo Bills,https://www.pro-football-reference.com/boxscores/199811150buf.htm,3,,4,15,NWE 15,3,6,"Tom Tupa punts 44 yards, returned by Kevin Williams for 12 yards (tackle by Lovett Purnell)",-2.440,-2.460,punt,,,,,,,Tom Tupa,,Kevin Williams,,Lovett Purnell,,,,
1998,11,November 15,away,Buffalo Bills,https://www.pro-football-reference.com/boxscores/199811150buf.htm,3,7:34,1,10,NWE 47,3,6,Antowain Smith middle for no gain (tackle by Henry Thomas),2.460,1.910,run,,,Antowain Smith,,,,,,,,Henry Thomas,,,,
1998,11,November 15,away,Buffalo Bills,https://www.pro-football-reference.com/boxscores/199811150buf.htm,3,,2,10,NWE 47,3,6,Doug Flutie scrambles middle for 5 yards (tackle by Greg Spires),1.910,1.880,run,,,Doug Flutie,,,,,,,,Greg Spires,,,,
1998,11,November 15,away,Buffalo Bills,https://www.pro-football-reference.com/boxscores/199811150buf.htm,3,,3,5,NWE 42,3,6,Doug Flutie pass complete to Eric Moulds for 9 yards (tackle by Ty Law),1.880,3.380,pass,,Doug Flutie,,Eric Moulds,,,,,,,Ty Law,,,,
1998,11,November 15,away,Buffalo Bills,https://www.pro-football-reference.com/boxscores/199811150buf.htm,3,,1,10,NWE 33,3,6,Antowain Smith left guard for 2 yards (tackle by Willie Clay),3.380,3.110,run,,,Antowain Smith,,,,,,,,Willie Clay,,,,
1998,11,November 15,away,Buffalo Bills,https://www.pro-football-reference.com/boxscores/199811150buf.htm,3,,2,8,NWE 31,3,6,Doug Flutie pass complete to Eric Moulds for 9 yards (tackle by Ty Law),3.110,4.110,pass,,Doug Flutie,,Eric Moulds,,,,,,,Ty Law,,,,
1998,11,November 15,away,Buffalo Bills,https://www.pro-football-reference.com/boxscores/199811150buf.htm,3,,1,10,NWE 22,3,6,Thurman Thomas left tackle for 4 yards (tackle by Steve Israel and Lawyer Milloy),4.110,4.130,run,,,Thurman Thomas,,,,,,,,Steve Israel,Lawyer Milloy,,,
1998,11,November 15,away,Buffalo Bills,https://www.pro-football-reference.com/boxscores/199811150buf.htm,3,,2,6,NWE 18,3,6,Thurman Thomas left tackle for 5 yards (tackle by Ted Johnson),4.130,4.390,run,,,Thurman Thomas,,,,,,,,Ted Johnson,,,,
1998,11,November 15,away,Buffalo Bills,https://www.pro-football-reference.com/boxscores/199811150buf.htm,3,,3,1,NWE 13,3,6,Doug Flutie scrambles right guard for 3 yards (tackle by Tedy Bruschi),4.390,4.910,run,,,Doug Flutie,,,,,,,,Tedy Bruschi,,,,
1998,11,November 15,away,Buffalo Bills,https://www.pro-football-reference.com/boxscores/199811150buf.htm,3,,1,10,NWE 10,3,12,"Doug Flutie pass complete to Jay Riemersma for 10 yards, touchdown",4.910,7.000,pass,,Doug Flutie,,Jay Riemersma,,,,,,,,,,,
1998,11,November 15,away,Buffalo Bills,https://www.pro-football-reference.com/boxscores/199811150buf.htm,3,1:57,,,,3,13,Steve Christie kicks extra point good,0.000,0.000,extra_point,,,,,,,,Steve Christie,,,,,,,
1998,11,November 15,away,Buffalo Bills,https://www.pro-football-reference.com/boxscores/199811150buf.htm,3,,,,BUF 30,3,13,"Steve Christie kicks off 58 yards, returned by Derrick Cullors for 23 yards (tackle by Donovan Greer). Penalty on Harold Shaw: Offensive Holding, 10 yards (accepted)",0.000,-0.610,kickoff,,,,,,,,Steve Christie,Derrick Cullors,,Donovan Greer,,,,
1998,11,November 15,away,Buffalo Bills,https://www.pro-football-reference.com/boxscores/199811150buf.htm,3,1:45,1,10,NWE 25,3,13,Drew Bledsoe pass complete to Shawn Jefferson for 14 yards (tackle by Ken Irvin),0.610,1.530,pass,,Drew Bledsoe,,Shawn Jefferson,,,,,,,Ken Irvin,,,,
1998,11,November 15,away,Buffalo Bills,https://www.pro-football-reference.com/boxscores/199811150buf.htm,3,,1,10,NWE 39,3,13,Drew Bledsoe pass complete to Robert Edwards for 10 yards (tackle by Sam Cowart and Kurt Schulz),1.530,2.190,pass,,Drew Bledsoe,,Robert Edwards,,,,,,,Sam Cowart,Kurt Schulz,,,
1998,11,November 15,away,Buffalo Bills,https://www.pro-football-reference.com/boxscores/199811150buf.htm,3,,1,10,NWE 49,3,13,Robert Edwards left tackle for 5 yards (tackle by Sam Cowart),2.190,2.320,run,,,Robert Edwards,,,,,,,,Sam Cowart,,,,
1998,11,November 15,away,Buffalo Bills,https://www.pro-football-reference.com/boxscores/199811150buf.htm,4,15:00,2,5,BUF 46,3,13,Drew Bledsoe pass incomplete intended for Shawn Jefferson,2.320,1.620,pass,,Drew Bledsoe,,Shawn Jefferson,,,,,,,,,,,
1998,11,November 15,away,Buffalo Bills,https://www.pro-football-reference.com/boxscores/199811150buf.htm,4,,3,5,BUF 46,3,13,Drew Bledsoe pass complete to Ben Coates for 14 yards (tackle by Henry Jones and Kurt Schulz),1.620,3.450,pass,,Drew Bledsoe,,Ben Coates,,,,,,,Henry Jones,Kurt Schulz,,,
1998,11,November 15,away,Buffalo Bills,https://www.pro-football-reference.com/boxscores/199811150buf.htm,4,,1,10,BUF 32,3,13,Drew Bledsoe pass complete to Sedrick Shaw for no gain (tackle by Sam Cowart),3.450,2.900,pass,,Drew Bledsoe,,Sedrick Shaw,,,,,,,Sam Cowart,,,,
1998,11,November 15,away,Buffalo Bills,https://www.pro-football-reference.com/boxscores/199811150buf.htm,4,,2,10,BUF 32,3,13,"Drew Bledsoe pass complete to Tony Simmons for 32 yards. Penalty on Tony Simmons: Illegal Touch Pass, 5 yards (accepted) (no play)",2.900,2.230,no_play,,,,,,,,,,,,,,,
1998,11,November 15,away,Buffalo Bills,https://www.pro-football-reference.com/boxscores/199811150buf.htm,4,,2,15,BUF 37,9,13,"Drew Bledsoe pass complete to Tony Simmons for 37 yards, touchdown",2.230,7.000,pass,,Drew Bledsoe,,Tony Simmons,,,,,,,,,,,
1998,11,November 15,away,Buffalo Bills,https://www.pro-football-reference.com/boxscores/199811150buf.htm,4,13:11,,,,10,13,Adam Vinatieri kicks extra point good,0.000,0.000,extra_point,,,,,,,,Adam Vinatieri,,,,,,,
1998,11,November 15,away,Buffalo Bills,https://www.pro-football-reference.com/boxscores/199811150buf.htm,4,,,,NWE 30,10,13,"Adam Vinatieri kicks off 55 yards, returned by Kevin Williams for 13 yards (tackle by Marty Moore)",0.000,-0.810,kickoff,,,,,,,,Adam Vinatieri,Kevin Williams,,Marty Moore,,,,
1998,11,November 15,away,Buffalo Bills,https://www.pro-football-reference.com/boxscores/199811150buf.htm,4,13:00,1,10,BUF 28,10,13,Doug Flutie pass complete to Andre Reed for 17 yards (tackle by Lawyer Milloy),0.810,1.930,pass,,Doug Flutie,,Andre Reed,,,,,,,Lawyer Milloy,,,,
1998,11,November 15,away,Buffalo Bills,https://www.pro-football-reference.com/boxscores/199811150buf.htm,4,,1,10,BUF 45,10,13,Doug Flutie pass complete to Jay Riemersma for 2 yards (tackle by Greg Spires),1.930,1.650,pass,,Doug Flutie,,Jay Riemersma,,,,,,,Greg Spires,,,,
1998,11,November 15,away,Buffalo Bills,https://www.pro-football-reference.com/boxscores/199811150buf.htm,4,,2,8,BUF 47,10,13,Thurman Thomas middle for 14 yards (tackle by Willie Clay),1.650,2.980,run,,,Thurman Thomas,,,,,,,,Willie Clay,,,,
1998,11,November 15,away,Buffalo Bills,https://www.pro-football-reference.com/boxscores/199811150buf.htm,4,,1,10,NWE 39,10,13,Thurman Thomas left guard for 3 yards (tackle by Vernon Crawford),2.980,2.850,run,,,Thurman Thomas,,,,,,,,Vernon Crawford,,,,
1998,11,November 15,away,Buffalo Bills,https://www.pro-football-reference.com/boxscores/199811150buf.htm,4,,2,7,NWE 36,10,13,Thurman Thomas right tackle for no gain (tackle by Lawyer Milloy and Henry Thomas),2.850,2.150,run,,,Thurman Thomas,,,,,,,,Lawyer Milloy,Henry Thomas,,,
1998,11,November 15,away,Buffalo Bills,https://www.pro-football-reference.com/boxscores/199811150buf.htm,4,,3,7,NWE 36,10,13,Doug Flutie pass complete to Andre Reed for 7 yards (tackle by Chris Canty),2.150,3.640,pass,,Doug Flutie,,Andre Reed,,,,,,,Chris Canty,,,,
1998,11,November 15,away,Buffalo Bills,https://www.pro-football-reference.com/boxscores/199811150buf.htm,4,,1,10,NWE 29,10,13,Antowain Smith right tackle for 5 yards (tackle by Henry Thomas),3.640,3.780,run,,,Antowain Smith,,,,,,,,Henry Thomas,,,,
1998,11,November 15,away,Buffalo Bills,https://www.pro-football-reference.com/boxscores/199811150buf.htm,4,,2,5,NWE 24,10,13,Antowain Smith right end for 8 yards (tackle by Ferric Collons),3.780,4.510,run,,,Antowain Smith,,,,,,,,Ferric Collons,,,,
1998,11,November 15,away,Buffalo Bills,https://www.pro-football-reference.com/boxscores/199811150buf.htm,4,,1,10,NWE 16,10,13,Antowain Smith left guard for 2 yards (tackle by Chris Sullivan),4.510,4.210,run,,,Antowain Smith,,,,,,,,Chris Sullivan,,,,
1998,11,November 15,away,Buffalo Bills,https://www.pro-football-reference.com/boxscores/199811150buf.htm,4,,2,8,NWE 14,10,13,Antowain Smith right guard for 7 yards (tackle by Ferric Collons and Ty Law),4.210,4.850,run,,,Antowain Smith,,,,,,,,Ferric Collons,Ty Law,,,
1998,11,November 15,away,Buffalo Bills,https://www.pro-football-reference.com/boxscores/199811150buf.htm,4,,3,1,NWE 7,10,13,Antowain Smith right tackle for 3 yards (tackle by Tedy Bruschi),4.850,6.280,run,,,Antowain Smith,,,,,,,,Tedy Bruschi,,,,
1998,11,November 15,away,Buffalo Bills,https://www.pro-football-reference.com/boxscores/199811150buf.htm,4,,1,4,NWE 4,10,13,Antowain Smith middle for -1 yards (tackle by Ted Johnson and Henry Thomas),6.280,5.150,run,,,Antowain Smith,,,,,,,,Ted Johnson,Henry Thomas,,,
1998,11,November 15,away,Buffalo Bills,https://www.pro-football-reference.com/boxscores/199811150buf.htm,4,,2,5,NWE 5,10,13,Thurman Thomas left guard for 1 yard (tackle by Ferric Collons),5.150,4.490,run,,,Thurman Thomas,,,,,,,,Ferric Collons,,,,
1998,11,November 15,away,Buffalo Bills,https://www.pro-football-reference.com/boxscores/199811150buf.htm,4,,3,4,NWE 4,10,13,Doug Flutie pass intended for Kevin Williams is intercepted by Lawyer Milloy at NE4 and returned for no gain,4.490,-0.280,pass,,Doug Flutie,,Kevin Williams,Lawyer Milloy,,,,,,,,,,
1998,11,November 15,away,Buffalo Bills,https://www.pro-football-reference.com/boxscores/199811150buf.htm,4,4:41,1,10,NWE 20,10,13,Drew Bledsoe sacked by Bruce Smith for 8 yards,0.280,-1.360,pass,,Drew Bledsoe,,,,Bruce Smith,,,,,,,,,
1998,11,November 15,away,Buffalo Bills,https://www.pro-football-reference.com/boxscores/199811150buf.htm,4,,2,18,NWE 12,10,13,Drew Bledsoe pass incomplete intended for Ben Coates,-1.360,-2.360,pass,,Drew Bledsoe,,Ben Coates,,,,,,,,,,,
1998,11,November 15,away,Buffalo Bills,https://www.pro-football-reference.com/boxscores/199811150buf.htm,4,,3,18,NWE 12,10,13,Drew Bledsoe sacked by Bruce Smith for 7 yards,-2.360,-2.490,pass,,Drew Bledsoe,,,,Bruce Smith,,,,,,,,,
1998,11,November 15,away,Buffalo Bills,https://www.pro-football-reference.com/boxscores/199811150buf.htm,4,,4,25,NWE 5,10,13,"Tom Tupa punts 45 yards, returned by Kevin Williams for 17 yards (tackle by Larry Whigham)",-2.490,-3.380,punt,,,,,,,Tom Tupa,,Kevin Williams,,Larry Whigham,,,,
1998,11,November 15,away,Buffalo Bills,https://www.pro-football-reference.com/boxscores/199811150buf.htm,4,3:18,1,10,NWE 33,10,13,Antowain Smith middle for 3 yards (tackle by Ted Johnson),3.380,3.240,run,,,Antowain Smith,,,,,,,,Ted Johnson,,,,
1998,11,November 15,away,Buffalo Bills,https://www.pro-football-reference.com/boxscores/199811150buf.htm,4,3:12,2,7,NWE 30,10,13,"Doug Flutie for no gain. Doug Flutie fumbles, recovered by Doug Flutie at NE33 and returned for -3 yards",3.240,2.150,run,,,Doug Flutie,,,,,,,,,,,Doug Flutie,
1998,11,November 15,away,Buffalo Bills,https://www.pro-football-reference.com/boxscores/199811150buf.htm,4,3:08,3,10,NWE 33,10,13,Doug Flutie middle for 6 yards (tackle by Chris Sullivan),2.150,1.750,run,,,Doug Flutie,,,,,,,,Chris Sullivan,,,,
1998,11,November 15,away,Buffalo Bills,https://www.pro-football-reference.com/boxscores/199811150buf.htm,4,3:01,4,4,NWE 27,10,13,Doug Flutie pass incomplete intended for Andre Reed,1.750,-0.740,pass,,Doug Flutie,,Andre Reed,,,,,,,,,,,
1998,11,November 15,away,Buffalo Bills,https://www.pro-football-reference.com/boxscores/199811150buf.htm,4,2:57,1,10,NWE 27,10,13,"Penalty on Heath Irwin: False Start, 5 yards (accepted)",0.740,0.410,penalty,,,,,,,,,,,,,,,Heath Irwin
1998,11,November 15,away,Buffalo Bills,https://www.pro-football-reference.com/boxscores/199811150buf.htm,4,,1,15,NWE 22,10,13,"Penalty on Bruce Smith: Neutral Zone Infraction, 5 yards (accepted)",0.410,0.740,penalty,,,,,,,,,,,,,,,Bruce Smith
1998,11,November 15,away,Buffalo Bills,https://www.pro-football-reference.com/boxscores/199811150buf.htm,4,,1,10,NWE 27,10,13,Drew Bledsoe pass complete to Ben Coates for 9 yards (tackle by Henry Jones),0.740,1.410,pass,,Drew Bledsoe,,Ben Coates,,,,,,,Henry Jones,,,,
1998,11,November 15,away,Buffalo Bills,https://www.pro-football-reference.com/boxscores/199811150buf.htm,4,,2,1,NWE 36,10,13,Drew Bledsoe pass complete to Shawn Jefferson for 22 yards (tackle by Thomas Smith),1.410,2.790,pass,,Drew Bledsoe,,Shawn Jefferson,,,,,,,Thomas Smith,,,,
1998,11,November 15,away,Buffalo Bills,https://www.pro-football-reference.com/boxscores/199811150buf.htm,4,,1,10,BUF 42,10,13,Drew Bledsoe pass incomplete intended for Tony Simmons,2.790,2.240,pass,,Drew Bledsoe,,Tony Simmons,,,,,,,,,,,
1998,11,November 15,away,Buffalo Bills,https://www.pro-football-reference.com/boxscores/199811150buf.htm,4,2:00,2,10,BUF 42,10,13,Drew Bledsoe pass incomplete intended for Vincent Brisby,2.240,1.550,pass,,Drew Bledsoe,,Vincent Brisby,,,,,,,,,,,
1998,11,November 15,away,Buffalo Bills,https://www.pro-football-reference.com/boxscores/199811150buf.htm,4,1:55,3,10,BUF 42,10,13,"Drew Bledsoe pass incomplete intended for Ben Coates. Penalty on Henry Jones: Defensive Pass Interference, 8 yards (accepted) (no play)",1.550,3.310,no_play,,,,,,,,,,,,,,,
1998,11,November 15,away,Buffalo Bills,https://www.pro-football-reference.com/boxscores/199811150buf.htm,4,1:46,1,10,BUF 34,10,13,Drew Bledsoe pass incomplete intended for Derrick Cullors,3.310,2.770,pass,,Drew Bledsoe,,Derrick Cullors,,,,,,,,,,,
1998,11,November 15,away,Buffalo Bills,https://www.pro-football-reference.com/boxscores/199811150buf.htm,4,1:43,2,10,BUF 34,10,13,Drew Bledsoe pass incomplete intended for Shawn Jefferson,2.770,2.080,pass,,Drew Bledsoe,,Shawn Jefferson,,,,,,,,,,,
1998,11,November 15,away,Buffalo Bills,https://www.pro-football-reference.com/boxscores/199811150buf.htm,4,1:38,3,10,BUF 34,10,13,Drew Bledsoe pass incomplete intended for Tony Simmons,2.080,1.060,pass,,Drew Bledsoe,,Tony Simmons,,,,,,,,,,,
1998,11,November 15,away,Buffalo Bills,https://www.pro-football-reference.com/boxscores/199811150buf.htm,4,1:31,4,10,BUF 34,10,13,Drew Bledsoe pass incomplete intended for Shawn Jefferson,1.060,-1.200,pass,,Drew Bledsoe,,Shawn Jefferson,,,,,,,,,,,
1998,11,November 15,away,Buffalo Bills,https://www.pro-football-reference.com/boxscores/199811150buf.htm,4,1:25,1,10,BUF 34,10,13,Doug Flutie kneels for -1 yards,1.200,0.520,run,,,Doug Flutie,,,,,,,,,,,,
1998,11,November 15,away,Buffalo Bills,https://www.pro-football-reference.com/boxscores/199811150buf.htm,4,0:43,2,11,BUF 33,10,13,Doug Flutie kneels for -1 yards,0.520,-0.300,run,,,Doug Flutie,,,,,,,,,,,,
1998,11,November 15,away,Buffalo Bills,https://www.pro-football-reference.com/boxscores/199811150buf.htm,4,0:05,3,12,BUF 32,10,13,Doug Flutie kneels for -1 yards,-0.300,-1.310,run,,,Doug Flutie,,,,,,,,,,,,
1998,12,November 23,home,Miami Dolphins,https://www.pro-football-reference.com/boxscores/199811230nwe.htm,,,,,,,,"Dolphins won the coin toss, Dolphins to receive the opening kickoff.",,,other,,,,,,,,,,,,,,,
1998,12,November 23,home,Miami Dolphins,https://www.pro-football-reference.com/boxscores/199811230nwe.htm,1,15:00,,,NWE 30,0,0,"Adam Vinatieri kicks off 72 yards, returned by John Avery for 29 yards (tackle by Marty Moore)",0.000,-0.740,kickoff,,,,,,,,Adam Vinatieri,John Avery,,Marty Moore,,,,
1998,12,November 23,home,Miami Dolphins,https://www.pro-football-reference.com/boxscores/199811230nwe.htm,1,,1,10,MIA 27,0,0,"Dan Marino pass incomplete intended for Oronde Gadsden. Penalty on Oronde Gadsden: Offensive Pass Interference, 10 yards (accepted) (no play)",0.740,-0.170,no_play,,,,,,,,,,,,,,,
1998,12,November 23,home,Miami Dolphins,https://www.pro-football-reference.com/boxscores/199811230nwe.htm,1,,1,20,MIA 17,0,0,Karim Abdul-Jabbar right guard for 1 yard (tackle by Ted Johnson),-0.170,-1.120,run,,,Karim Abdul-Jabbar,,,,,,,,Ted Johnson,,,,
1998,12,November 23,home,Miami Dolphins,https://www.pro-football-reference.com/boxscores/199811230nwe.htm,1,,2,19,MIA 18,0,0,Dan Marino pass incomplete intended for O.J. McDuffie,-1.120,-1.880,pass,,Dan Marino,,O.J. McDuffie,,,,,,,,,,,
1998,12,November 23,home,Miami Dolphins,https://www.pro-football-reference.com/boxscores/199811230nwe.htm,1,,3,19,MIA 18,0,0,Dan Marino pass incomplete intended for Lamar Thomas,-1.880,-2.240,pass,,Dan Marino,,Lamar Thomas,,,,,,,,,,,
1998,12,November 23,home,Miami Dolphins,https://www.pro-football-reference.com/boxscores/199811230nwe.htm,1,,4,19,MIA 18,0,0,Klaus Wilmsmeyer punts 44 yards,-2.240,-1.470,punt,,,,,,,Klaus Wilmsmeyer,,,,,,,,
1998,12,November 23,home,Miami Dolphins,https://www.pro-football-reference.com/boxscores/199811230nwe.htm,1,13:54,1,10,NWE 38,0,0,Drew Bledsoe pass incomplete intended for Tony Simmons,1.470,0.920,pass,,Drew Bledsoe,,Tony Simmons,,,,,,,,,,,
1998,12,November 23,home,Miami Dolphins,https://www.pro-football-reference.com/boxscores/199811230nwe.htm,1,,2,10,NWE 38,0,0,Derrick Cullors right end for no gain (tackle by Zach Thomas),0.920,0.230,run,,,Derrick Cullors,,,,,,,,Zach Thomas,,,,
1998,12,November 23,home,Miami Dolphins,https://www.pro-football-reference.com/boxscores/199811230nwe.htm,1,,3,10,NWE 38,0,0,Drew Bledsoe pass complete to Ben Coates for -1 yards (tackle by Jerry Wilson),0.230,-0.910,pass,,Drew Bledsoe,,Ben Coates,,,,,,,Jerry Wilson,,,,
1998,12,November 23,home,Miami Dolphins,https://www.pro-football-reference.com/boxscores/199811230nwe.htm,1,,4,11,NWE 37,0,0,"Tom Tupa punts 44 yards, returned by Terrell Buckley for 9 yards",-0.910,-0.810,punt,,,,,,,Tom Tupa,,Terrell Buckley,,,,,,
1998,12,November 23,home,Miami Dolphins,https://www.pro-football-reference.com/boxscores/199811230nwe.htm,1,12:25,1,10,MIA 28,0,0,Dan Marino pass complete to Troy Drayton for 26 yards (tackle by Ty Law),0.810,2.520,pass,,Dan Marino,,Troy Drayton,,,,,,,Ty Law,,,,
1998,12,November 23,home,Miami Dolphins,https://www.pro-football-reference.com/boxscores/199811230nwe.htm,1,,1,10,NWE 46,0,0,John Avery right tackle for 3 yards (tackle by Ted Johnson and Henry Thomas),2.520,2.380,run,,,John Avery,,,,,,,,Ted Johnson,Henry Thomas,,,
1998,12,November 23,home,Miami Dolphins,https://www.pro-football-reference.com/boxscores/199811230nwe.htm,1,,2,7,NWE 43,0,0,Dan Marino pass complete to Stanley Pritchett for no gain (tackle by Ty Law and Lawyer Milloy),2.380,1.680,pass,,Dan Marino,,Stanley Pritchett,,,,,,,Ty Law,Lawyer Milloy,,,
1998,12,November 23,home,Miami Dolphins,https://www.pro-football-reference.com/boxscores/199811230nwe.htm,1,,3,7,NWE 43,0,0,Dan Marino pass complete to O.J. McDuffie for 8 yards (tackle by Steve Israel),1.680,3.250,pass,,Dan Marino,,O.J. McDuffie,,,,,,,Steve Israel,,,,
1998,12,November 23,home,Miami Dolphins,https://www.pro-football-reference.com/boxscores/199811230nwe.htm,1,,1,10,NWE 35,0,0,John Avery right end for no gain (tackle by Tedy Bruschi and Ted Johnson),3.250,2.700,run,,,John Avery,,,,,,,,Tedy Bruschi,Ted Johnson,,,
1998,12,November 23,home,Miami Dolphins,https://www.pro-football-reference.com/boxscores/199811230nwe.htm,1,,2,10,NWE 35,0,0,Dan Marino pass incomplete intended for O.J. McDuffie,2.700,2.010,pass,,Dan Marino,,O.J. McDuffie,,,,,,,,,,,
1998,12,November 23,home,Miami Dolphins,https://www.pro-football-reference.com/boxscores/199811230nwe.htm,1,,3,10,NWE 35,0,0,Dan Marino pass complete to Bernie Parmalee for no gain (tackle by Tedy Bruschi),2.010,0.970,pass,,Dan Marino,,Bernie Parmalee,,,,,,,Tedy Bruschi,,,,
1998,12,November 23,home,Miami Dolphins,https://www.pro-football-reference.com/boxscores/199811230nwe.htm,1,,4,10,NWE 35,0,6,"Dan Marino pass complete to Oronde Gadsden for 35 yards, touchdown",0.970,7.000,pass,,Dan Marino,,Oronde Gadsden,,,,,,,,,,,
1998,12,November 23,home,Miami Dolphins,https://www.pro-football-reference.com/boxscores/199811230nwe.htm,1,8:17,,,,0,7,Olindo Mare kicks extra point good,0.000,0.000,extra_point,,,,,,,,Olindo Mare,,,,,,,
1998,12,November 23,home,Miami Dolphins,https://www.pro-football-reference.com/boxscores/199811230nwe.htm,1,,,,MIA 30,0,7,"Olindo Mare kicks off 50 yards, returned by Chris Canty for 12 yards (tackle by Larry Izzo and Bernie Parmalee)",0.000,-1.070,kickoff,,,,,,,,Olindo Mare,Chris Canty,,Larry Izzo,Bernie Parmalee,,,
1998,12,November 23,home,Miami Dolphins,https://www.pro-football-reference.com/boxscores/199811230nwe.htm,1,,1,10,NWE 32,0,7,Drew Bledsoe pass complete to Shawn Jefferson for 38 yards (tackle by Brock Marion),1.070,3.580,pass,,Drew Bledsoe,,Shawn Jefferson,,,,,,,Brock Marion,,,,
1998,12,November 23,home,Miami Dolphins,https://www.pro-football-reference.com/boxscores/199811230nwe.htm,1,,1,10,MIA 30,0,7,Robert Edwards right end for 4 yards (tackle by Zach Thomas),3.580,3.570,run,,,Robert Edwards,,,,,,,,Zach Thomas,,,,
1998,12,November 23,home,Miami Dolphins,https://www.pro-football-reference.com/boxscores/199811230nwe.htm,1,,2,6,MIA 26,0,7,Robert Edwards left end for no gain (tackle by Sam Madison and Zach Thomas),3.570,2.870,run,,,Robert Edwards,,,,,,,,Sam Madison,Zach Thomas,,,
1998,12,November 23,home,Miami Dolphins,https://www.pro-football-reference.com/boxscores/199811230nwe.htm,1,,3,6,MIA 26,0,7,"Drew Bledsoe pass incomplete intended for Shawn Jefferson. Penalty on Shane Burton: Encroachment, 5 yards (accepted) (no play)",2.870,3.530,no_play,,,,,,,,,,,,,,,
1998,12,November 23,home,Miami Dolphins,https://www.pro-football-reference.com/boxscores/199811230nwe.htm,1,,3,1,MIA 21,0,7,Drew Bledsoe pass complete to Ben Coates for 14 yards (tackle by Zach Thomas),3.530,5.600,pass,,Drew Bledsoe,,Ben Coates,,,,,,,Zach Thomas,,,,
1998,12,November 23,home,Miami Dolphins,https://www.pro-football-reference.com/boxscores/199811230nwe.htm,1,,1,7,MIA 7,0,7,"Robert Edwards right end for no gain. Penalty on Daryl Gardener: Encroachment, 4 yards (accepted) (tackle by Terrell Buckley and Robert Jones) (no play)",5.600,6.510,no_play,,,,,,,,,,,Terrell Buckley,Robert Jones,,,
1998,12,November 23,home,Miami Dolphins,https://www.pro-football-reference.com/boxscores/199811230nwe.htm,1,,1,3,MIA 3,0,7,"Robert Edwards middle for no gain. Penalty on Ben Coates: False Start, 5 yards (accepted) (tackle by Tim Bowens and Shane Burton) (no play)",6.510,5.370,no_play,,,,,,,,,,,Tim Bowens,Shane Burton,,,
1998,12,November 23,home,Miami Dolphins,https://www.pro-football-reference.com/boxscores/199811230nwe.htm,1,,1,8,MIA 8,0,7,Drew Bledsoe pass incomplete intended for Tony Carter,5.370,4.570,pass,,Drew Bledsoe,,Tony Carter,,,,,,,,,,,
1998,12,November 23,home,Miami Dolphins,https://www.pro-football-reference.com/boxscores/199811230nwe.htm,1,,2,8,MIA 8,6,7,"Drew Bledsoe pass complete to Ben Coates for 8 yards, touchdown",4.570,7.000,pass,,Drew Bledsoe,,Ben Coates,,,,,,,,,,,
1998,12,November 23,home,Miami Dolphins,https://www.pro-football-reference.com/boxscores/199811230nwe.htm,1,4:27,,,,7,7,Adam Vinatieri kicks extra point good,0.000,0.000,extra_point,,,,,,,,Adam Vinatieri,,,,,,,
1998,12,November 23,home,Miami Dolphins,https://www.pro-football-reference.com/boxscores/199811230nwe.htm,1,,,,NWE 30,7,7,"Adam Vinatieri kicks off 67 yards, returned by John Avery for 37 yards (tackle by Adam Vinatieri)",0.000,-1.600,kickoff,,,,,,,,Adam Vinatieri,John Avery,,Adam Vinatieri,,,,
1998,12,November 23,home,Miami Dolphins,https://www.pro-football-reference.com/boxscores/199811230nwe.htm,1,,1,10,MIA 40,7,7,Dan Marino pass complete to Troy Drayton for 15 yards (tackle by Willie Clay),1.600,2.590,pass,,Dan Marino,,Troy Drayton,,,,,,,Willie Clay,,,,
1998,12,November 23,home,Miami Dolphins,https://www.pro-football-reference.com/boxscores/199811230nwe.htm,1,,1,10,NWE 45,7,7,Karim Abdul-Jabbar right guard for -1 yards (tackle by Chris Sullivan),2.590,1.910,run,,,Karim Abdul-Jabbar,,,,,,,,Chris Sullivan,,,,
1998,12,November 23,home,Miami Dolphins,https://www.pro-football-reference.com/boxscores/199811230nwe.htm,1,,2,11,NWE 46,7,7,Dan Marino pass incomplete intended for Iheanyi Uwaezuoke,1.910,1.220,pass,,Dan Marino,,Iheanyi Uwaezuoke,,,,,,,,,,,
1998,12,November 23,home,Miami Dolphins,https://www.pro-football-reference.com/boxscores/199811230nwe.htm,1,,3,11,NWE 46,7,7,Dan Marino pass intended for Lamar Thomas is intercepted by Steve Israel at NE32 and returned for no gain,1.220,-1.070,pass,,Dan Marino,,Lamar Thomas,Steve Israel,,,,,,,,,,
1998,12,November 23,home,Miami Dolphins,https://www.pro-football-reference.com/boxscores/199811230nwe.htm,1,2:47,1,10,NWE 32,7,7,Robert Edwards right end for 11 yards (tackle by Terrell Buckley),1.070,1.800,run,,,Robert Edwards,,,,,,,,Terrell Buckley,,,,
1998,12,November 23,home,Miami Dolphins,https://www.pro-football-reference.com/boxscores/199811230nwe.htm,1,,1,10,NWE 43,7,7,Drew Bledsoe pass complete to Shawn Jefferson for 9 yards (tackle by Zach Thomas),1.800,2.470,pass,,Drew Bledsoe,,Shawn Jefferson,,,,,,,Zach Thomas,,,,
1998,12,November 23,home,Miami Dolphins,https://www.pro-football-reference.com/boxscores/199811230nwe.htm,1,,2,1,MIA 48,7,7,Robert Edwards middle for -2 yards (tackle by Daryl Gardener and Zach Thomas),2.470,1.490,run,,,Robert Edwards,,,,,,,,Daryl Gardener,Zach Thomas,,,
1998,12,November 23,home,Miami Dolphins,https://www.pro-football-reference.com/boxscores/199811230nwe.htm,1,,3,3,MIA 50,7,7,Drew Bledsoe pass incomplete intended for Lovett Purnell,1.490,-0.060,pass,,Drew Bledsoe,,Lovett Purnell,,,,,,,,,,,
1998,12,November 23,home,Miami Dolphins,https://www.pro-football-reference.com/boxscores/199811230nwe.htm,1,,4,3,MIA 50,7,7,Tom Tupa punts 43 yards,-0.060,0.380,punt,,,,,,,Tom Tupa,,,,,,,,
1998,12,November 23,home,Miami Dolphins,https://www.pro-football-reference.com/boxscores/199811230nwe.htm,1,0:28,1,10,MIA 7,7,7,John Avery left end for 1 yard (tackle by Tedy Bruschi and Lawyer Milloy),-0.380,-0.710,run,,,John Avery,,,,,,,,Tedy Bruschi,Lawyer Milloy,,,
1998,12,November 23,home,Miami Dolphins,https://www.pro-football-reference.com/boxscores/199811230nwe.htm,2,15:00,2,9,MIA 8,7,7,Dan Marino pass incomplete intended for O.J. McDuffie,-0.710,-1.300,pass,,Dan Marino,,O.J. McDuffie,,,,,,,,,,,
1998,12,November 23,home,Miami Dolphins,https://www.pro-football-reference.com/boxscores/199811230nwe.htm,2,,3,9,MIA 8,7,7,"Dan Marino pass incomplete intended for Oronde Gadsden. Penalty on Iheanyi Uwaezuoke: False Start, 4 yards (accepted) (no play)",-1.300,-1.770,no_play,,,,,,,,,,,,,,,
1998,12,November 23,home,Miami Dolphins,https://www.pro-football-reference.com/boxscores/199811230nwe.htm,2,,3,13,MIA 4,7,7,Dan Marino pass complete to O.J. McDuffie for 9 yards (tackle by Chris Canty and Willie Clay),-1.770,-2.490,pass,,Dan Marino,,O.J. McDuffie,,,,,,,Chris Canty,Willie Clay,,,
1998,12,November 23,home,Miami Dolphins,https://www.pro-football-reference.com/boxscores/199811230nwe.htm,2,,4,4,MIA 13,7,7,"Klaus Wilmsmeyer punts 38 yards, returned by Chris Canty for 7 yards (tackle by Bernie Parmalee)",-2.490,0.000,punt,,,,,,,Klaus Wilmsmeyer,,Chris Canty,,Bernie Parmalee,,,,
1998,12,November 23,home,Miami Dolphins,https://www.pro-football-reference.com/boxscores/199811230nwe.htm,2,,,,MIA 44,7,7,Penalty on Tebucky Jones: Offensive Holding (offset),0.000,0.000,penalty,,,,,,,,,,,,,,,Tebucky Jones
1998,12,November 23,home,Miami Dolphins,https://www.pro-football-reference.com/boxscores/199811230nwe.htm,2,,,,MIA 44,7,7,Penalty on Nate Jacquet: Face Mask (15 Yards) (offset),0.000,-2.650,penalty,,,,,,,,,,,,,,,Nate Jacquet
1998,12,November 23,home,Miami Dolphins,https://www.pro-football-reference.com/boxscores/199811230nwe.htm,2,14:02,1,10,MIA 44,7,7,"Drew Bledsoe pass incomplete intended for Robert Edwards. Penalty on Todd Rucci: Offensive Pass Interference, 10 yards (accepted) (no play)",2.650,1.990,no_play,,,,,,,,,,,,,,,
1998,12,November 23,home,Miami Dolphins,https://www.pro-football-reference.com/boxscores/199811230nwe.htm,2,,1,20,NWE 46,7,7,Drew Bledsoe pass incomplete intended for Terry Glenn,1.990,0.760,pass,,Drew Bledsoe,,Terry Glenn,,,,,,,,,,,
1998,12,November 23,home,Miami Dolphins,https://www.pro-football-reference.com/boxscores/199811230nwe.htm,2,,2,20,NWE 46,7,7,Drew Bledsoe pass complete to Tony Simmons for 17 yards (tackle by Terrell Buckley),0.760,2.350,pass,,Drew Bledsoe,,Tony Simmons,,,,,,,Terrell Buckley,,,,
1998,12,November 23,home,Miami Dolphins,https://www.pro-football-reference.com/boxscores/199811230nwe.htm,2,,3,3,MIA 37,7,7,Drew Bledsoe pass incomplete intended for Ben Coates,2.350,0.790,pass,,Drew Bledsoe,,Ben Coates,,,,,,,,,,,
1998,12,November 23,home,Miami Dolphins,https://www.pro-football-reference.com/boxscores/199811230nwe.htm,2,,4,3,MIA 37,7,7,Drew Bledsoe pass incomplete intended for Shawn Jefferson,0.790,-1.470,pass,,Drew Bledsoe,,Shawn Jefferson,,,,,,,,,,,
1998,12,November 23,home,Miami Dolphins,https://www.pro-football-reference.com/boxscores/199811230nwe.htm,2,13:16,1,10,MIA 38,7,7,Karim Abdul-Jabbar left end for 1 yard (tackle by Chad Eaton and Chris Slade),1.470,1.060,run,,,Karim Abdul-Jabbar,,,,,,,,Chad Eaton,Chris Slade,,,
1998,12,November 23,home,Miami Dolphins,https://www.pro-football-reference.com/boxscores/199811230nwe.htm,2,,2,9,MIA 39,7,7,Karim Abdul-Jabbar left end for 3 yards (tackle by Chris Slade),1.060,0.760,run,,,Karim Abdul-Jabbar,,,,,,,,Chris Slade,,,,
1998,12,November 23,home,Miami Dolphins,https://www.pro-football-reference.com/boxscores/199811230nwe.htm,2,,3,6,MIA 42,7,7,Dan Marino pass incomplete intended for Iheanyi Uwaezuoke,0.760,-0.590,pass,,Dan Marino,,Iheanyi Uwaezuoke,,,,,,,,,,,
1998,12,November 23,home,Miami Dolphins,https://www.pro-football-reference.com/boxscores/199811230nwe.htm,2,,4,6,MIA 42,7,7,Klaus Wilmsmeyer punts 29 yards,-0.590,-0.870,punt,,,,,,,Klaus Wilmsmeyer,,,,,,,,
1998,12,November 23,home,Miami Dolphins,https://www.pro-football-reference.com/boxscores/199811230nwe.htm,2,11:37,1,10,NWE 29,7,7,Robert Edwards left end for -1 yards (tackle by Calvin Jackson and Zach Thomas),0.870,0.190,run,,,Robert Edwards,,,,,,,,Calvin Jackson,Zach Thomas,,,
1998,12,November 23,home,Miami Dolphins,https://www.pro-football-reference.com/boxscores/199811230nwe.htm,2,,2,11,NWE 28,7,7,Drew Bledsoe middle for 10 yards (tackle by Brock Marion),0.190,0.830,run,,,Drew Bledsoe,,,,,,,,Brock Marion,,,,
1998,12,November 23,home,Miami Dolphins,https://www.pro-football-reference.com/boxscores/199811230nwe.htm,2,,3,1,NWE 38,7,7,Drew Bledsoe pass complete to Ben Coates for 14 yards (tackle by Sam Madison and Brock Marion),0.830,2.390,pass,,Drew Bledsoe,,Ben Coates,,,,,,,Sam Madison,Brock Marion,,,
1998,12,November 23,home,Miami Dolphins,https://www.pro-football-reference.com/boxscores/199811230nwe.htm,2,,1,10,MIA 48,7,7,Drew Bledsoe pass incomplete intended for Shawn Jefferson,2.390,1.850,pass,,Drew Bledsoe,,Shawn Jefferson,,,,,,,,,,,
1998,12,November 23,home,Miami Dolphins,https://www.pro-football-reference.com/boxscores/199811230nwe.htm,2,,2,10,MIA 48,7,7,Sedrick Shaw left end for -1 yards (tackle by Zach Thomas),1.850,1.030,run,,,Sedrick Shaw,,,,,,,,Zach Thomas,,,,
1998,12,November 23,home,Miami Dolphins,https://www.pro-football-reference.com/boxscores/199811230nwe.htm,2,,3,11,MIA 49,7,7,Drew Bledsoe pass intended for Tony Simmons is intercepted by Sam Madison at MD32 and returned for 31 yards,1.030,-3.120,pass,,Drew Bledsoe,,Tony Simmons,Sam Madison,,,,,,,,,,
1998,12,November 23,home,Miami Dolphins,https://www.pro-football-reference.com/boxscores/199811230nwe.htm,2,8:31,1,10,NWE 37,7,7,John Avery left guard for 9 yards (tackle by Willie Clay),3.120,0.000,run,,,John Avery,,,,,,,,Willie Clay,,,,
1998,12,November 23,home,Miami Dolphins,https://www.pro-football-reference.com/boxscores/199811230nwe.htm,2,,,,NWE 28,7,7,"Penalty on Ted Johnson: Face Mask (15 Yards), 14 yards (accepted)",0.000,4.650,penalty,,,,,,,,,,,,,,,Ted Johnson
1998,12,November 23,home,Miami Dolphins,https://www.pro-football-reference.com/boxscores/199811230nwe.htm,2,,1,10,NWE 14,7,7,John Avery right guard for 3 yards (tackle by Chad Eaton and Chris Sullivan),4.650,4.520,run,,,John Avery,,,,,,,,Chad Eaton,Chris Sullivan,,,
1998,12,November 23,home,Miami Dolphins,https://www.pro-football-reference.com/boxscores/199811230nwe.htm,2,,2,7,NWE 11,7,7,Dan Marino pass incomplete intended for O.J. McDuffie,4.520,3.620,pass,,Dan Marino,,O.J. McDuffie,,,,,,,,,,,
1998,12,November 23,home,Miami Dolphins,https://www.pro-football-reference.com/boxscores/199811230nwe.htm,2,7:08,3,7,NWE 11,7,13,"Dan Marino pass complete to Oronde Gadsden for 11 yards, touchdown",3.620,7.000,pass,,Dan Marino,,Oronde Gadsden,,,,,,,,,,,
1998,12,November 23,home,Miami Dolphins,https://www.pro-football-reference.com/boxscores/199811230nwe.htm,2,7:05,,,,7,14,Olindo Mare kicks extra point good,0.000,0.000,extra_point,,,,,,,,Olindo Mare,,,,,,,
1998,12,November 23,home,Miami Dolphins,https://www.pro-football-reference.com/boxscores/199811230nwe.htm,2,,,,MIA 30,7,14,"Olindo Mare kicks off 70 yards, touchback.",0.000,-0.280,kickoff,,,,,,,,Olindo Mare,,,,,,,
1998,12,November 23,home,Miami Dolphins,https://www.pro-football-reference.com/boxscores/199811230nwe.htm,2,,1,10,NWE 20,7,14,Drew Bledsoe pass complete to Shawn Jefferson for 33 yards (tackle by Brock Marion),0.280,2.460,pass,,Drew Bledsoe,,Shawn Jefferson,,,,,,,Brock Marion,,,,
1998,12,November 23,home,Miami Dolphins,https://www.pro-football-reference.com/boxscores/199811230nwe.htm,2,,1,10,MIA 47,7,14,Robert Edwards middle for 3 yards (tackle by Daryl Gardener),2.460,2.320,run,,,Robert Edwards,,,,,,,,Daryl Gardener,,,,
1998,12,November 23,home,Miami Dolphins,https://www.pro-football-reference.com/boxscores/199811230nwe.htm,2,,2,7,MIA 44,7,14,Robert Edwards left end for no gain (tackle by Derrick Rodgers and Zach Thomas),2.320,1.620,run,,,Robert Edwards,,,,,,,,Derrick Rodgers,Zach Thomas,,,
1998,12,November 23,home,Miami Dolphins,https://www.pro-football-reference.com/boxscores/199811230nwe.htm,2,,3,7,MIA 44,7,14,Drew Bledsoe pass complete to Terry Glenn for 8 yards (tackle by Terrell Buckley),1.620,3.180,pass,,Drew Bledsoe,,Terry Glenn,,,,,,,Terrell Buckley,,,,
1998,12,November 23,home,Miami Dolphins,https://www.pro-football-reference.com/boxscores/199811230nwe.htm,2,,1,10,MIA 36,7,14,Drew Bledsoe pass incomplete intended for Terry Glenn,3.180,2.640,pass,,Drew Bledsoe,,Terry Glenn,,,,,,,,,,,
1998,12,November 23,home,Miami Dolphins,https://www.pro-football-reference.com/boxscores/199811230nwe.htm,2,,2,10,MIA 36,7,14,Drew Bledsoe pass complete to Terry Glenn for 9 yards (tackle by Derrick Rodgers),2.640,3.140,pass,,Drew Bledsoe,,Terry Glenn,,,,,,,Derrick Rodgers,,,,
1998,12,November 23,home,Miami Dolphins,https://www.pro-football-reference.com/boxscores/199811230nwe.htm,2,,3,1,MIA 27,7,14,Drew Bledsoe right guard for 1 yard (tackle by Calvin Jackson and Robert Jones),3.140,3.840,run,,,Drew Bledsoe,,,,,,,,Calvin Jackson,Robert Jones,,,
1998,12,November 23,home,Miami Dolphins,https://www.pro-football-reference.com/boxscores/199811230nwe.htm,2,,1,10,MIA 26,7,14,Drew Bledsoe pass incomplete intended for Ben Coates,3.840,3.300,pass,,Drew Bledsoe,,Ben Coates,,,,,,,,,,,
1998,12,November 23,home,Miami Dolphins,https://www.pro-football-reference.com/boxscores/199811230nwe.htm,2,3:37,2,10,MIA 26,7,14,"Penalty on Shawn Jefferson: False Start, 5 yards (accepted)",3.300,2.620,penalty,,,,,,,,,,,,,,,Shawn Jefferson
1998,12,November 23,home,Miami Dolphins,https://www.pro-football-reference.com/boxscores/199811230nwe.htm,2,,2,15,MIA 31,7,14,Drew Bledsoe pass complete to Terry Glenn for 6 yards (tackle by Derrick Rodgers),2.620,2.740,pass,,Drew Bledsoe,,Terry Glenn,,,,,,,Derrick Rodgers,,,,
1998,12,November 23,home,Miami Dolphins,https://www.pro-football-reference.com/boxscores/199811230nwe.htm,2,,3,9,MIA 25,7,14,Drew Bledsoe pass complete to Tony Simmons for 11 yards (tackle by Sam Madison),2.740,4.650,pass,,Drew Bledsoe,,Tony Simmons,,,,,,,Sam Madison,,,,
1998,12,November 23,home,Miami Dolphins,https://www.pro-football-reference.com/boxscores/199811230nwe.htm,2,,1,10,MIA 14,7,14,Drew Bledsoe pass complete to Ben Coates for 5 yards (tackle by Calvin Jackson and Robert Jones),4.650,4.900,pass,,Drew Bledsoe,,Ben Coates,,,,,,,Calvin Jackson,Robert Jones,,,
1998,12,November 23,home,Miami Dolphins,https://www.pro-football-reference.com/boxscores/199811230nwe.htm,2,2:00,2,5,MIA 9,7,14,Robert Edwards middle for 1 yard (tackle by Daryl Gardener),4.900,4.280,run,,,Robert Edwards,,,,,,,,Daryl Gardener,,,,
1998,12,November 23,home,Miami Dolphins,https://www.pro-football-reference.com/boxscores/199811230nwe.htm,2,1:17,3,4,MIA 8,7,14,Drew Bledsoe pass incomplete intended for Ben Coates,4.280,2.980,pass,,Drew Bledsoe,,Ben Coates,,,,,,,,,,,
1998,12,November 23,home,Miami Dolphins,https://www.pro-football-reference.com/boxscores/199811230nwe.htm,2,1:12,4,4,MIA 8,10,14,Adam Vinatieri 25 yard field goal good,2.980,3.000,field_goal,,,,,,,,Adam Vinatieri,,,,,,,
1998,12,November 23,home,Miami Dolphins,https://www.pro-football-reference.com/boxscores/199811230nwe.htm,2,1:08,,,NWE 30,10,14,"Adam Vinatieri kicks off 56 yards, returned by John Avery for 13 yards (tackle by Larry Whigham)",0.000,-0.740,kickoff,,,,,,,,Adam Vinatieri,John Avery,,Larry Whigham,,,,
1998,12,November 23,home,Miami Dolphins,https://www.pro-football-reference.com/boxscores/199811230nwe.htm,2,1:03,1,10,MIA 27,10,14,Dan Marino pass incomplete intended for Lamar Thomas,0.740,0.200,pass,,Dan Marino,,Lamar Thomas,,,,,,,,,,,
1998,12,November 23,home,Miami Dolphins,https://www.pro-football-reference.com/boxscores/199811230nwe.htm,2,0:59,2,10,MIA 27,10,14,Dan Marino pass complete to Bernie Parmalee for 4 yards (tackle by Larry Whigham),0.200,0.040,pass,,Dan Marino,,Bernie Parmalee,,,,,,,Larry Whigham,,,,
1998,12,November 23,home,Miami Dolphins,https://www.pro-football-reference.com/boxscores/199811230nwe.htm,2,0:26,3,6,MIA 31,10,14,Bernie Parmalee right tackle for 5 yards (tackle by Henry Thomas and Larry Whigham),0.040,-0.980,run,,,Bernie Parmalee,,,,,,,,Henry Thomas,Larry Whigham,,,
1998,12,November 23,home,Miami Dolphins,https://www.pro-football-reference.com/boxscores/199811230nwe.htm,2,0:15,4,1,MIA 36,10,14,Klaus Wilmsmeyer punts 56 yards,-0.980,0.000,punt,,,,,,,Klaus Wilmsmeyer,,,,,,,,
1998,12,November 23,home,Miami Dolphins,https://www.pro-football-reference.com/boxscores/199811230nwe.htm,2,,,,,10,14,Penalty on MIA: Illegal Touch Kick (declined),0.000,0.000,penalty,,,,,,,,,,,,,,,
1998,12,November 23,home,Miami Dolphins,https://www.pro-football-reference.com/boxscores/199811230nwe.htm,3,15:00,,,MIA 30,10,14,"Olindo Mare kicks off 64 yards, returned by Derrick Cullors for 35 yards (tackle by Olindo Mare and Patrick Surtain)",0.000,-1.660,kickoff,,,,,,,,Olindo Mare,Derrick Cullors,,Olindo Mare,Patrick Surtain,,,
1998,12,November 23,home,Miami Dolphins,https://www.pro-football-reference.com/boxscores/199811230nwe.htm,3,,1,10,NWE 41,10,14,Robert Edwards right end for -3 yards (tackle by Robert Jones and Zach Thomas),1.660,0.720,run,,,Robert Edwards,,,,,,,,Robert Jones,Zach Thomas,,,
1998,12,November 23,home,Miami Dolphins,https://www.pro-football-reference.com/boxscores/199811230nwe.htm,3,,2,13,NWE 38,10,14,"Derrick Cullors left end for no gain (tackle by Robert Jones). Penalty on Heath Irwin: Offensive Holding, 10 yards (accepted) (no play)",0.720,-0.640,no_play,,,,,,,,,,,Robert Jones,,,,
1998,12,November 23,home,Miami Dolphins,https://www.pro-football-reference.com/boxscores/199811230nwe.htm,3,,2,23,NWE 28,10,14,Drew Bledsoe pass incomplete intended for Tony Simmons,-0.640,-1.290,pass,,Drew Bledsoe,,Tony Simmons,,,,,,,,,,,
1998,12,November 23,home,Miami Dolphins,https://www.pro-football-reference.com/boxscores/199811230nwe.htm,3,,3,23,NWE 28,10,14,Drew Bledsoe pass intended for Tony Simmons is intercepted by Sam Madison at MD38 and returned for 27 yards,-1.290,-3.250,pass,,Drew Bledsoe,,Tony Simmons,Sam Madison,,,,,,,,,,
1998,12,November 23,home,Miami Dolphins,https://www.pro-football-reference.com/boxscores/199811230nwe.htm,3,13:16,1,10,NWE 35,10,14,Dan Marino pass complete to Troy Drayton for 3 yards (tackle by Tedy Bruschi),3.250,3.110,pass,,Dan Marino,,Troy Drayton,,,,,,,Tedy Bruschi,,,,
1998,12,November 23,home,Miami Dolphins,https://www.pro-football-reference.com/boxscores/199811230nwe.htm,3,,2,7,NWE 32,10,14,Karim Abdul-Jabbar middle for 6 yards (tackle by Willie Clay and Ted Johnson),3.110,3.200,run,,,Karim Abdul-Jabbar,,,,,,,,Willie Clay,Ted Johnson,,,
1998,12,November 23,home,Miami Dolphins,https://www.pro-football-reference.com/boxscores/199811230nwe.htm,3,,3,1,NWE 26,10,14,Dan Marino pass incomplete intended for O.J. McDuffie,3.200,1.890,pass,,Dan Marino,,O.J. McDuffie,,,,,,,,,,,
1998,12,November 23,home,Miami Dolphins,https://www.pro-football-reference.com/boxscores/199811230nwe.htm,3,,4,1,NWE 26,10,14,Karim Abdul-Jabbar right end for -3 yards (tackle by Ferric Collons),1.890,-0.870,run,,,Karim Abdul-Jabbar,,,,,,,,Ferric Collons,,,,
1998,12,November 23,home,Miami Dolphins,https://www.pro-football-reference.com/boxscores/199811230nwe.htm,3,11:53,1,10,NWE 29,10,14,Drew Bledsoe pass complete to Robert Edwards for 46 yards (tackle by Brock Marion),0.870,3.910,pass,,Drew Bledsoe,,Robert Edwards,,,,,,,Brock Marion,,,,
1998,12,November 23,home,Miami Dolphins,https://www.pro-football-reference.com/boxscores/199811230nwe.htm,3,,1,10,MIA 25,10,14,Robert Edwards middle for 3 yards (tackle by Calvin Jackson),3.910,3.770,run,,,Robert Edwards,,,,,,,,Calvin Jackson,,,,
1998,12,November 23,home,Miami Dolphins,https://www.pro-football-reference.com/boxscores/199811230nwe.htm,3,,2,7,MIA 22,10,14,Drew Bledsoe pass complete to Terry Glenn for 7 yards (tackle by Calvin Jackson),3.770,0.000,pass,,Drew Bledsoe,,Terry Glenn,,,,,,,Calvin Jackson,,,,
1998,12,November 23,home,Miami Dolphins,https://www.pro-football-reference.com/boxscores/199811230nwe.htm,3,,,,MIA 15,10,14,"Penalty on Calvin Jackson: Face Mask (15 Yards), 8 yards (accepted)",0.000,5.600,penalty,,,,,,,,,,,,,,,Calvin Jackson
1998,12,November 23,home,Miami Dolphins,https://www.pro-football-reference.com/boxscores/199811230nwe.htm,3,,1,7,MIA 7,10,14,"Robert Edwards right end for 4 yards (tackle by Calvin Jackson). Penalty on Lovett Purnell: Offensive Holding, 10 yards (accepted) (no play)",5.600,4.260,no_play,,,,,,,,,,,Calvin Jackson,,,,
1998,12,November 23,home,Miami Dolphins,https://www.pro-football-reference.com/boxscores/199811230nwe.htm,3,,1,17,MIA 17,10,14,Drew Bledsoe pass incomplete intended for Ben Coates,4.260,3.240,pass,,Drew Bledsoe,,Ben Coates,,,,,,,,,,,
1998,12,November 23,home,Miami Dolphins,https://www.pro-football-reference.com/boxscores/199811230nwe.htm,3,,2,17,MIA 17,10,14,Drew Bledsoe sacked by Lorenzo Bromell for 9 yards,3.240,1.550,pass,,Drew Bledsoe,,,,Lorenzo Bromell,,,,,,,,,
1998,12,November 23,home,Miami Dolphins,https://www.pro-football-reference.com/boxscores/199811230nwe.htm,3,,3,26,MIA 26,10,14,Drew Bledsoe pass incomplete intended for Tony Simmons,1.550,1.740,pass,,Drew Bledsoe,,Tony Simmons,,,,,,,,,,,
1998,12,November 23,home,Miami Dolphins,https://www.pro-football-reference.com/boxscores/199811230nwe.htm,3,,4,26,MIA 26,13,14,Adam Vinatieri 44 yard field goal good,1.740,3.000,field_goal,,,,,,,,Adam Vinatieri,,,,,,,
1998,12,November 23,home,Miami Dolphins,https://www.pro-football-reference.com/boxscores/199811230nwe.htm,3,9:02,,,NWE 30,13,14,"Adam Vinatieri kicks off 69 yards, returned by John Avery for 24 yards (tackle by Sedrick Shaw)",0.000,-0.610,kickoff,,,,,,,,Adam Vinatieri,John Avery,,Sedrick Shaw,,,,
1998,12,November 23,home,Miami Dolphins,https://www.pro-football-reference.com/boxscores/199811230nwe.htm,3,,1,10,MIA 25,13,14,John Avery right end for no gain (tackle by Chris Slade),0.610,0.000,run,,,John Avery,,,,,,,,Chris Slade,,,,
1998,12,November 23,home,Miami Dolphins,https://www.pro-football-reference.com/boxscores/199811230nwe.htm,3,,,,MIA 25,13,14,"Penalty on Chris Slade: Face Mask (15 Yards), 15 yards (accepted)",0.000,1.600,penalty,,,,,,,,,,,,,,,Chris Slade
1998,12,November 23,home,Miami Dolphins,https://www.pro-football-reference.com/boxscores/199811230nwe.htm,3,,1,10,MIA 40,13,14,Dan Marino pass complete to Stanley Pritchett for 4 yards (tackle by Chris Slade),1.600,1.590,pass,,Dan Marino,,Stanley Pritchett,,,,,,,Chris Slade,,,,
1998,12,November 23,home,Miami Dolphins,https://www.pro-football-reference.com/boxscores/199811230nwe.htm,3,,2,6,MIA 44,13,14,Dan Marino pass complete to O.J. McDuffie for 9 yards (tackle by Chris Slade),1.590,2.460,pass,,Dan Marino,,O.J. McDuffie,,,,,,,Chris Slade,,,,
1998,12,November 23,home,Miami Dolphins,https://www.pro-football-reference.com/boxscores/199811230nwe.htm,3,,1,10,NWE 47,13,14,"Dan Marino pass incomplete intended for Lamar Thomas. Penalty on Lawyer Milloy: Defensive Pass Interference, 16 yards (accepted) (no play)",2.460,3.510,no_play,,,,,,,,,,,,,,,
1998,12,November 23,home,Miami Dolphins,https://www.pro-football-reference.com/boxscores/199811230nwe.htm,3,,1,10,NWE 31,13,14,John Avery right guard for 1 yard (tackle by Chad Eaton and Lawyer Milloy),3.510,3.100,run,,,John Avery,,,,,,,,Chad Eaton,Lawyer Milloy,,,
1998,12,November 23,home,Miami Dolphins,https://www.pro-football-reference.com/boxscores/199811230nwe.htm,3,,2,9,NWE 30,13,14,Dan Marino pass complete to O.J. McDuffie for 17 yards (tackle by Steve Israel),3.100,4.710,pass,,Dan Marino,,O.J. McDuffie,,,,,,,Steve Israel,,,,
1998,12,November 23,home,Miami Dolphins,https://www.pro-football-reference.com/boxscores/199811230nwe.htm,3,5:32,1,10,NWE 13,13,14,Dan Marino pass incomplete intended for Stanley Pritchett,4.710,4.050,pass,,Dan Marino,,Stanley Pritchett,,,,,,,,,,,
1998,12,November 23,home,Miami Dolphins,https://www.pro-football-reference.com/boxscores/199811230nwe.htm,3,,2,10,NWE 13,13,14,Dan Marino pass complete to John Avery for 8 yards (tackle by Chris Slade),4.050,4.780,pass,,Dan Marino,,John Avery,,,,,,,Chris Slade,,,,
1998,12,November 23,home,Miami Dolphins,https://www.pro-football-reference.com/boxscores/199811230nwe.htm,3,,3,2,NWE 5,13,14,John Avery middle for 1 yard (tackle by Tedy Bruschi and Willie Clay),4.780,3.040,run,,,John Avery,,,,,,,,Tedy Bruschi,Willie Clay,,,
1998,12,November 23,home,Miami Dolphins,https://www.pro-football-reference.com/boxscores/199811230nwe.htm,3,,4,1,NWE 4,13,17,Olindo Mare 21 yard field goal good,3.040,3.000,field_goal,,,,,,,,Olindo Mare,,,,,,,
1998,12,November 23,home,Miami Dolphins,https://www.pro-football-reference.com/boxscores/199811230nwe.htm,3,4:40,,,MIA 30,13,17,"Olindo Mare kicks off 56 yards, returned by Derrick Cullors for 14 yards (tackle by Larry Izzo)",0.000,-0.810,kickoff,,,,,,,,Olindo Mare,Derrick Cullors,,Larry Izzo,,,,
1998,12,November 23,home,Miami Dolphins,https://www.pro-football-reference.com/boxscores/199811230nwe.htm,3,,1,10,NWE 28,13,17,Drew Bledsoe pass complete to Ben Coates for 7 yards (tackle by Brock Marion and Zach Thomas),0.810,1.210,pass,,Drew Bledsoe,,Ben Coates,,,,,,,Brock Marion,Zach Thomas,,,
1998,12,November 23,home,Miami Dolphins,https://www.pro-football-reference.com/boxscores/199811230nwe.htm,3,,2,3,NWE 35,13,17,Drew Bledsoe pass complete to Ben Coates for 18 yards (tackle by Brock Marion),1.210,2.460,pass,,Drew Bledsoe,,Ben Coates,,,,,,,Brock Marion,,,,
1998,12,November 23,home,Miami Dolphins,https://www.pro-football-reference.com/boxscores/199811230nwe.htm,3,,1,10,MIA 47,13,17,Drew Bledsoe pass complete to Terry Glenn for 10 yards (tackle by Derrick Rodgers),2.460,3.120,pass,,Drew Bledsoe,,Terry Glenn,,,,,,,Derrick Rodgers,,,,
1998,12,November 23,home,Miami Dolphins,https://www.pro-football-reference.com/boxscores/199811230nwe.htm,3,,1,10,MIA 37,13,17,Robert Edwards left guard for 6 yards (tackle by Brock Marion and Zach Thomas),3.120,3.380,run,,,Robert Edwards,,,,,,,,Brock Marion,Zach Thomas,,,
1998,12,November 23,home,Miami Dolphins,https://www.pro-football-reference.com/boxscores/199811230nwe.htm,3,,2,4,MIA 31,13,17,Robert Edwards middle for -2 yards (tackle by Shane Burton),3.380,2.410,run,,,Robert Edwards,,,,,,,,Shane Burton,,,,
1998,12,November 23,home,Miami Dolphins,https://www.pro-football-reference.com/boxscores/199811230nwe.htm,3,,3,6,MIA 33,13,17,Drew Bledsoe pass complete to Terry Glenn for 5 yards (tackle by Brock Marion),2.410,1.720,pass,,Drew Bledsoe,,Terry Glenn,,,,,,,Brock Marion,,,,
1998,12,November 23,home,Miami Dolphins,https://www.pro-football-reference.com/boxscores/199811230nwe.htm,3,,4,1,MIA 28,16,17,Adam Vinatieri 45 yard field goal good,1.720,3.000,field_goal,,,,,,,,Adam Vinatieri,,,,,,,
1998,12,November 23,home,Miami Dolphins,https://www.pro-football-reference.com/boxscores/199811230nwe.htm,3,0:31,,,NWE 30,16,17,"Adam Vinatieri kicks off 69 yards, returned by John Avery for 24 yards (tackle by Shawn Stuckey)",0.000,-0.610,kickoff,,,,,,,,Adam Vinatieri,John Avery,,Shawn Stuckey,,,,
1998,12,November 23,home,Miami Dolphins,https://www.pro-football-reference.com/boxscores/199811230nwe.htm,3,,1,10,MIA 25,16,17,Dan Marino pass incomplete intended for Iheanyi Uwaezuoke,0.610,0.060,pass,,Dan Marino,,Iheanyi Uwaezuoke,,,,,,,,,,,
1998,12,November 23,home,Miami Dolphins,https://www.pro-football-reference.com/boxscores/199811230nwe.htm,3,,2,10,MIA 25,16,17,Karim Abdul-Jabbar right guard for no gain (tackle by Henry Thomas),0.060,-0.620,run,,,Karim Abdul-Jabbar,,,,,,,,Henry Thomas,,,,
1998,12,November 23,home,Miami Dolphins,https://www.pro-football-reference.com/boxscores/199811230nwe.htm,4,15:00,3,10,MIA 25,16,17,Dan Marino pass complete to O.J. McDuffie for 13 yards (tackle by Chris Canty),-0.620,1.470,pass,,Dan Marino,,O.J. McDuffie,,,,,,,Chris Canty,,,,
1998,12,November 23,home,Miami Dolphins,https://www.pro-football-reference.com/boxscores/199811230nwe.htm,4,,1,10,MIA 38,16,17,Dan Marino pass incomplete intended for Karim Abdul-Jabbar,1.470,0.920,pass,,Dan Marino,,Karim Abdul-Jabbar,,,,,,,,,,,
1998,12,November 23,home,Miami Dolphins,https://www.pro-football-reference.com/boxscores/199811230nwe.htm,4,,2,10,MIA 38,16,17,Dan Marino pass complete to O.J. McDuffie for 9 yards (tackle by Ty Law),0.920,1.420,pass,,Dan Marino,,O.J. McDuffie,,,,,,,Ty Law,,,,
1998,12,November 23,home,Miami Dolphins,https://www.pro-football-reference.com/boxscores/199811230nwe.htm,4,,3,1,MIA 47,16,17,Karim Abdul-Jabbar left guard for -1 yards (tackle by Henry Thomas),1.420,-0.320,run,,,Karim Abdul-Jabbar,,,,,,,,Henry Thomas,,,,
1998,12,November 23,home,Miami Dolphins,https://www.pro-football-reference.com/boxscores/199811230nwe.htm,4,,4,2,MIA 46,16,17,Klaus Wilmsmeyer punts 49 yards,-0.320,0.380,punt,,,,,,,Klaus Wilmsmeyer,,,,,,,,
1998,12,November 23,home,Miami Dolphins,https://www.pro-football-reference.com/boxscores/199811230nwe.htm,4,12:40,1,10,NWE 5,16,17,"Penalty on Max Lane: False Start, 2 yards (accepted)",-0.380,-0.460,penalty,,,,,,,,,,,,,,,Max Lane
1998,12,November 23,home,Miami Dolphins,https://www.pro-football-reference.com/boxscores/199811230nwe.htm,4,,1,12,NWE 3,16,17,Robert Edwards left guard for 5 yards (tackle by Kenny Mixon),-0.460,-0.560,run,,,Robert Edwards,,,,,,,,Kenny Mixon,,,,
1998,12,November 23,home,Miami Dolphins,https://www.pro-football-reference.com/boxscores/199811230nwe.htm,4,,2,7,NWE 8,16,17,Drew Bledsoe pass complete to Terry Glenn for 21 yards,-0.560,0.870,pass,,Drew Bledsoe,,Terry Glenn,,,,,,,,,,,
1998,12,November 23,home,Miami Dolphins,https://www.pro-football-reference.com/boxscores/199811230nwe.htm,4,,1,10,NWE 29,16,17,Drew Bledsoe pass incomplete intended for Terry Glenn,0.870,0.330,pass,,Drew Bledsoe,,Terry Glenn,,,,,,,,,,,
1998,12,November 23,home,Miami Dolphins,https://www.pro-football-reference.com/boxscores/199811230nwe.htm,4,,2,10,NWE 29,16,17,Drew Bledsoe pass complete to Tony Simmons for 8 yards (tackle by Lorenzo Bromell),0.330,0.700,pass,,Drew Bledsoe,,Tony Simmons,,,,,,,Lorenzo Bromell,,,,
1998,12,November 23,home,Miami Dolphins,https://www.pro-football-reference.com/boxscores/199811230nwe.htm,4,,3,2,NWE 37,16,17,Drew Bledsoe pass complete to Tony Carter for 49 yards (tackle by Sam Madison),0.700,4.650,pass,,Drew Bledsoe,,Tony Carter,,,,,,,Sam Madison,,,,
1998,12,November 23,home,Miami Dolphins,https://www.pro-football-reference.com/boxscores/199811230nwe.htm,4,,1,10,MIA 14,16,17,Drew Bledsoe pass incomplete intended for Terry Glenn,4.650,4.000,pass,,Drew Bledsoe,,Terry Glenn,,,,,,,,,,,
1998,12,November 23,home,Miami Dolphins,https://www.pro-football-reference.com/boxscores/199811230nwe.htm,4,,2,10,MIA 14,16,17,Drew Bledsoe middle for 7 yards (tackle by Daryl Gardener),4.000,4.500,run,,,Drew Bledsoe,,,,,,,,Daryl Gardener,,,,
1998,12,November 23,home,Miami Dolphins,https://www.pro-football-reference.com/boxscores/199811230nwe.htm,4,,3,3,MIA 7,16,17,Drew Bledsoe pass incomplete intended for Robert Edwards,4.500,2.990,pass,,Drew Bledsoe,,Robert Edwards,,,,,,,,,,,
1998,12,November 23,home,Miami Dolphins,https://www.pro-football-reference.com/boxscores/199811230nwe.htm,4,,4,3,MIA 7,19,17,Adam Vinatieri 24 yard field goal good,2.990,3.000,field_goal,,,,,,,,Adam Vinatieri,,,,,,,
1998,12,November 23,home,Miami Dolphins,https://www.pro-football-reference.com/boxscores/199811230nwe.htm,4,9:01,,,NWE 30,19,17,"Adam Vinatieri kicks off 59 yards, returned by John Avery for 31 yards (tackle by Adam Vinatieri). Penalty on Adam Vinatieri: Tripping, 10 yards (accepted)",0.000,-2.390,kickoff,,,,,,,,Adam Vinatieri,John Avery,,Adam Vinatieri,,,,
1998,12,November 23,home,Miami Dolphins,https://www.pro-football-reference.com/boxscores/199811230nwe.htm,4,,1,10,NWE 48,19,17,Dan Marino pass complete to Karim Abdul-Jabbar for 4 yards (tackle by Ted Johnson),2.390,2.390,pass,,Dan Marino,,Karim Abdul-Jabbar,,,,,,,Ted Johnson,,,,
1998,12,November 23,home,Miami Dolphins,https://www.pro-football-reference.com/boxscores/199811230nwe.htm,4,,2,6,NWE 44,19,17,Dan Marino pass complete to Oronde Gadsden for 3 yards (tackle by Steve Israel and Ty Law),2.390,2.080,pass,,Dan Marino,,Oronde Gadsden,,,,,,,Steve Israel,Ty Law,,,
1998,12,November 23,home,Miami Dolphins,https://www.pro-football-reference.com/boxscores/199811230nwe.htm,4,,3,3,NWE 41,19,17,"Dan Marino pass complete to O.J. McDuffie for 15 yards (tackle by Lawyer Milloy). Penalty on James Brown: Offensive Holding, 10 yards (accepted) (no play)",2.080,0.760,no_play,,,,,,,,,,,Lawyer Milloy,,,,
1998,12,November 23,home,Miami Dolphins,https://www.pro-football-reference.com/boxscores/199811230nwe.htm,4,,3,13,MIA 49,19,17,Dan Marino pass complete to O.J. McDuffie for 10 yards (tackle by Willie Clay),0.760,0.530,pass,,Dan Marino,,O.J. McDuffie,,,,,,,Willie Clay,,,,
1998,12,November 23,home,Miami Dolphins,https://www.pro-football-reference.com/boxscores/199811230nwe.htm,4,,4,3,NWE 41,19,17,Dan Marino pass complete to Troy Drayton for 7 yards (tackle by Chris Carter and Lawyer Milloy),0.530,3.310,pass,,Dan Marino,,Troy Drayton,,,,,,,Chris Carter,Lawyer Milloy,,,
1998,12,November 23,home,Miami Dolphins,https://www.pro-football-reference.com/boxscores/199811230nwe.htm,4,,1,10,NWE 34,19,17,Karim Abdul-Jabbar left end for no gain (tackle by Chris Slade),3.310,2.770,run,,,Karim Abdul-Jabbar,,,,,,,,Chris Slade,,,,
1998,12,November 23,home,Miami Dolphins,https://www.pro-football-reference.com/boxscores/199811230nwe.htm,4,,2,10,NWE 34,19,17,Dan Marino pass complete to O.J. McDuffie for 11 yards (tackle by Lawyer Milloy),2.770,4.040,pass,,Dan Marino,,O.J. McDuffie,,,,,,,Lawyer Milloy,,,,
1998,12,November 23,home,Miami Dolphins,https://www.pro-football-reference.com/boxscores/199811230nwe.htm,4,,1,10,NWE 23,19,17,"Penalty on Dan Marino: Delay of Game, 5 yards (accepted)",4.040,3.710,penalty,,,,,,,,,,,,,,,Dan Marino
1998,12,November 23,home,Miami Dolphins,https://www.pro-football-reference.com/boxscores/199811230nwe.htm,4,,1,15,NWE 28,19,17,Dan Marino pass complete to Stanley Pritchett for 24 yards (tackle by Willie Clay and Lawyer Milloy),3.710,6.280,pass,,Dan Marino,,Stanley Pritchett,,,,,,,Willie Clay,Lawyer Milloy,,,
1998,12,November 23,home,Miami Dolphins,https://www.pro-football-reference.com/boxscores/199811230nwe.htm,4,,1,4,NWE 4,19,23,"Karim Abdul-Jabbar left tackle for 4 yards, touchdown",6.280,7.000,run,,,Karim Abdul-Jabbar,,,,,,,,,,,,
1998,12,November 23,home,Miami Dolphins,https://www.pro-football-reference.com/boxscores/199811230nwe.htm,4,3:22,,,,19,23,,0.000,0.000,other,,,,,,,,,,,,,,,
1998,12,November 23,home,Miami Dolphins,https://www.pro-football-reference.com/boxscores/199811230nwe.htm,4,,,,MIA 30,19,23,"Olindo Mare kicks off 74 yards, touchback.",0.000,-0.280,kickoff,,,,,,,,Olindo Mare,,,,,,,
1998,12,November 23,home,Miami Dolphins,https://www.pro-football-reference.com/boxscores/199811230nwe.htm,4,,1,10,NWE 20,19,23,Robert Edwards left guard for -1 yards (tackle by Jason Taylor),0.280,-0.460,run,,,Robert Edwards,,,,,,,,Jason Taylor,,,,
1998,12,November 23,home,Miami Dolphins,https://www.pro-football-reference.com/boxscores/199811230nwe.htm,4,,2,11,NWE 19,19,23,Drew Bledsoe pass incomplete intended for Tony Simmons,-0.460,-1.140,pass,,Drew Bledsoe,,Tony Simmons,,,,,,,,,,,
1998,12,November 23,home,Miami Dolphins,https://www.pro-football-reference.com/boxscores/199811230nwe.htm,4,,3,11,NWE 19,19,23,Drew Bledsoe pass complete to Tony Simmons for 17 yards (tackle by Patrick Surtain),-1.140,1.330,pass,,Drew Bledsoe,,Tony Simmons,,,,,,,Patrick Surtain,,,,
1998,12,November 23,home,Miami Dolphins,https://www.pro-football-reference.com/boxscores/199811230nwe.htm,4,,1,10,NWE 36,19,23,Drew Bledsoe pass incomplete intended for Terry Glenn,1.330,0.790,pass,,Drew Bledsoe,,Terry Glenn,,,,,,,,,,,
1998,12,November 23,home,Miami Dolphins,https://www.pro-football-reference.com/boxscores/199811230nwe.htm,4,,2,10,NWE 36,19,23,Drew Bledsoe pass incomplete intended for Terry Glenn,0.790,0.100,pass,,Drew Bledsoe,,Terry Glenn,,,,,,,,,,,
1998,12,November 23,home,Miami Dolphins,https://www.pro-football-reference.com/boxscores/199811230nwe.htm,4,,3,10,NWE 36,19,23,Drew Bledsoe pass complete to Ben Coates for 10 yards (tackle by Sam Madison),0.100,1.990,pass,,Drew Bledsoe,,Ben Coates,,,,,,,Sam Madison,,,,
1998,12,November 23,home,Miami Dolphins,https://www.pro-football-reference.com/boxscores/199811230nwe.htm,4,2:00,1,10,NWE 46,19,23,Drew Bledsoe pass incomplete intended for Henry Ellard,1.990,1.450,pass,,Drew Bledsoe,,Henry Ellard,,,,,,,,,,,
1998,12,November 23,home,Miami Dolphins,https://www.pro-football-reference.com/boxscores/199811230nwe.htm,4,1:55,2,10,NWE 46,19,23,Drew Bledsoe pass incomplete intended for Terry Glenn,1.450,0.760,pass,,Drew Bledsoe,,Terry Glenn,,,,,,,,,,,
1998,12,November 23,home,Miami Dolphins,https://www.pro-football-reference.com/boxscores/199811230nwe.htm,4,1:52,3,10,NWE 46,19,23,Drew Bledsoe pass incomplete intended for Tony Simmons,0.760,-0.320,pass,,Drew Bledsoe,,Tony Simmons,,,,,,,,,,,
1998,12,November 23,home,Miami Dolphins,https://www.pro-football-reference.com/boxscores/199811230nwe.htm,4,1:48,4,10,NWE 46,19,23,Drew Bledsoe pass complete to Shawn Jefferson for 14 yards (tackle by Jerry Wilson),-0.320,2.920,pass,,Drew Bledsoe,,Shawn Jefferson,,,,,,,Jerry Wilson,,,,
1998,12,November 23,home,Miami Dolphins,https://www.pro-football-reference.com/boxscores/199811230nwe.htm,4,1:19,1,10,MIA 40,19,23,Drew Bledsoe pass incomplete intended for Derrick Cullors,2.920,2.370,pass,,Drew Bledsoe,,Derrick Cullors,,,,,,,,,,,
1998,12,November 23,home,Miami Dolphins,https://www.pro-football-reference.com/boxscores/199811230nwe.htm,4,1:15,2,10,MIA 40,19,23,Drew Bledsoe pass incomplete intended for Shawn Jefferson,2.370,1.680,pass,,Drew Bledsoe,,Shawn Jefferson,,,,,,,,,,,
1998,12,November 23,home,Miami Dolphins,https://www.pro-football-reference.com/boxscores/199811230nwe.htm,4,1:10,3,10,MIA 40,19,23,Drew Bledsoe pass complete to Ben Coates for 3 yards (tackle by Jerry Wilson),1.680,0.790,pass,,Drew Bledsoe,,Ben Coates,,,,,,,Jerry Wilson,,,,
1998,12,November 23,home,Miami Dolphins,https://www.pro-football-reference.com/boxscores/199811230nwe.htm,4,0:43,4,7,MIA 37,19,23,Drew Bledsoe pass complete to Shawn Jefferson for 12 yards (tackle by Brian Walker),0.790,3.910,pass,,Drew Bledsoe,,Shawn Jefferson,,,,,,,Brian Walker,,,,
1998,12,November 23,home,Miami Dolphins,https://www.pro-football-reference.com/boxscores/199811230nwe.htm,4,0:34,1,10,MIA 25,25,23,"Drew Bledsoe pass complete to Shawn Jefferson for 25 yards, touchdown",3.910,7.000,pass,,Drew Bledsoe,,Shawn Jefferson,,,,,,,,,,,
1998,12,November 23,home,Miami Dolphins,https://www.pro-football-reference.com/boxscores/199811230nwe.htm,4,0:29,,,,26,23,Adam Vinatieri kicks extra point good,0.000,0.000,extra_point,,,,,,,,Adam Vinatieri,,,,,,,
1998,12,November 23,home,Miami Dolphins,https://www.pro-football-reference.com/boxscores/199811230nwe.htm,4,,,,NWE 30,26,23,"Adam Vinatieri kicks off 69 yards, returned by Brock Marion for 3 yards (tackle by Harold Shaw)",0.000,0.380,kickoff,,,,,,,,Adam Vinatieri,Brock Marion,,Harold Shaw,,,,
1998,12,November 23,home,Miami Dolphins,https://www.pro-football-reference.com/boxscores/199811230nwe.htm,4,0:26,1,10,MIA 4,26,23,Dan Marino pass incomplete intended for Oronde Gadsden,-0.380,-0.780,pass,,Dan Marino,,Oronde Gadsden,,,,,,,,,,,
1998,12,November 23,home,Miami Dolphins,https://www.pro-football-reference.com/boxscores/199811230nwe.htm,4,0:16,2,10,MIA 4,26,23,Dan Marino pass complete to Ed Perry for 46 yards (tackle by Tebucky Jones and Ty Law),-0.780,2.260,pass,,Dan Marino,,Ed Perry,,,,,,,Tebucky Jones,Ty Law,,,
1998,12,November 23,home,Miami Dolphins,https://www.pro-football-reference.com/boxscores/199811230nwe.htm,4,0:05,1,10,NWE 50,26,23,Dan Marino pass complete to Ed Perry for 13 yards (tackle by Larry Whigham),2.260,1.400,pass,,Dan Marino,,Ed Perry,,,,,,,Larry Whigham,,,,
1998,13,November 29,home,Buffalo Bills,https://www.pro-football-reference.com/boxscores/199811290nwe.htm,,,,,,,,"Bills won the coin toss, Bills to receive the opening kickoff.",,,other,,,,,,,,,,,,,,,
1998,13,November 29,home,Buffalo Bills,https://www.pro-football-reference.com/boxscores/199811290nwe.htm,1,15:00,,,NWE 30,0,0,"Adam Vinatieri kicks off 64 yards, returned by Kevin Williams for 19 yards. Penalty on Donovan Greer: Illegal Block Above the Waist, 10 yards (accepted) (tackle by Chris Canty and Harold Shaw)",0.000,0.220,kickoff,,,,,,,,Adam Vinatieri,Kevin Williams,,Chris Canty,Harold Shaw,,,
1998,13,November 29,home,Buffalo Bills,https://www.pro-football-reference.com/boxscores/199811290nwe.htm,1,,1,10,BUF 15,0,0,Doug Flutie pass complete to Eric Moulds for 8 yards (tackle by Ty Law),-0.220,0.480,pass,,Doug Flutie,,Eric Moulds,,,,,,,Ty Law,,,,
1998,13,November 29,home,Buffalo Bills,https://www.pro-football-reference.com/boxscores/199811290nwe.htm,1,,2,2,BUF 23,0,0,Doug Flutie pass complete to Andre Reed for 16 yards (tackle by Lawyer Milloy),0.480,1.530,pass,,Doug Flutie,,Andre Reed,,,,,,,Lawyer Milloy,,,,
1998,13,November 29,home,Buffalo Bills,https://www.pro-football-reference.com/boxscores/199811290nwe.htm,1,,1,10,BUF 39,0,0,Doug Flutie pass complete to Thurman Thomas for 2 yards (tackle by Tedy Bruschi and Chad Eaton),1.530,1.260,pass,,Doug Flutie,,Thurman Thomas,,,,,,,Tedy Bruschi,Chad Eaton,,,
1998,13,November 29,home,Buffalo Bills,https://www.pro-football-reference.com/boxscores/199811290nwe.htm,1,,2,8,BUF 41,0,0,Antowain Smith right guard for 7 yards (tackle by Tedy Bruschi and Chad Eaton),1.260,1.490,run,,,Antowain Smith,,,,,,,,Tedy Bruschi,Chad Eaton,,,
1998,13,November 29,home,Buffalo Bills,https://www.pro-football-reference.com/boxscores/199811290nwe.htm,1,,3,1,BUF 48,0,0,Antowain Smith middle for 1 yard (tackle by Chad Eaton and Ted Johnson),1.490,2.190,run,,,Antowain Smith,,,,,,,,Chad Eaton,Ted Johnson,,,
1998,13,November 29,home,Buffalo Bills,https://www.pro-football-reference.com/boxscores/199811290nwe.htm,1,,1,10,BUF 49,0,0,Thurman Thomas right tackle for 2 yards (tackle by Tedy Bruschi and Chad Eaton),2.190,1.920,run,,,Thurman Thomas,,,,,,,,Tedy Bruschi,Chad Eaton,,,
1998,13,November 29,home,Buffalo Bills,https://www.pro-football-reference.com/boxscores/199811290nwe.htm,1,,2,8,NWE 49,0,0,Doug Flutie pass complete to Andre Reed for 10 yards (tackle by Steve Israel and Lawyer Milloy),1.920,2.980,pass,,Doug Flutie,,Andre Reed,,,,,,,Steve Israel,Lawyer Milloy,,,
1998,13,November 29,home,Buffalo Bills,https://www.pro-football-reference.com/boxscores/199811290nwe.htm,1,,1,10,NWE 39,0,0,"Penalty on Ruben Brown: False Start, 5 yards (accepted)",2.980,2.650,penalty,,,,,,,,,,,,,,,Ruben Brown
1998,13,November 29,home,Buffalo Bills,https://www.pro-football-reference.com/boxscores/199811290nwe.htm,1,,1,15,NWE 44,0,0,Doug Flutie pass complete to Jay Riemersma for 4 yards (tackle by Lawyer Milloy),2.650,2.300,pass,,Doug Flutie,,Jay Riemersma,,,,,,,Lawyer Milloy,,,,
1998,13,November 29,home,Buffalo Bills,https://www.pro-football-reference.com/boxscores/199811290nwe.htm,1,,2,11,NWE 40,0,0,Doug Flutie pass incomplete intended for Kevin Williams,2.300,1.620,pass,,Doug Flutie,,Kevin Williams,,,,,,,,,,,
1998,13,November 29,home,Buffalo Bills,https://www.pro-football-reference.com/boxscores/199811290nwe.htm,1,,3,11,NWE 40,0,0,Doug Flutie pass complete to Kevin Williams for -5 yards (tackle by Ty Law and Lawyer Milloy),1.620,0.000,pass,,Doug Flutie,,Kevin Williams,,,,,,,Ty Law,Lawyer Milloy,,,
1998,13,November 29,home,Buffalo Bills,https://www.pro-football-reference.com/boxscores/199811290nwe.htm,1,,,,,0,0,Penalty on Dusty Zeigler: Illegal Block Above Waist (declined),0.000,0.270,penalty,,,,,,,,,,,,,,,Dusty Zeigler
1998,13,November 29,home,Buffalo Bills,https://www.pro-football-reference.com/boxscores/199811290nwe.htm,1,,4,16,NWE 45,0,0,Chris Mohr punts 23 yards,0.270,-0.410,punt,,,,,,,Chris Mohr,,,,,,,,
1998,13,November 29,home,Buffalo Bills,https://www.pro-football-reference.com/boxscores/199811290nwe.htm,1,8:42,1,10,NWE 22,0,0,"Robert Edwards left guard for 5 yards. Penalty on Gabe Northern: Encroachment, 5 yards (accepted) (tackle by Henry Jones and Marlo Perry) (no play)",0.410,1.140,no_play,,,,,,,,,,,Henry Jones,Marlo Perry,,,
1998,13,November 29,home,Buffalo Bills,https://www.pro-football-reference.com/boxscores/199811290nwe.htm,1,,1,5,NWE 27,0,0,Drew Bledsoe pass complete to Terry Glenn for 9 yards (tackle by Ken Irvin),1.140,1.330,pass,,Drew Bledsoe,,Terry Glenn,,,,,,,Ken Irvin,,,,
1998,13,November 29,home,Buffalo Bills,https://www.pro-football-reference.com/boxscores/199811290nwe.htm,1,,1,10,NWE 36,0,0,Robert Edwards middle for 13 yards (tackle by Sam Cowart),1.330,2.190,run,,,Robert Edwards,,,,,,,,Sam Cowart,,,,
1998,13,November 29,home,Buffalo Bills,https://www.pro-football-reference.com/boxscores/199811290nwe.htm,1,,1,10,NWE 49,0,0,Drew Bledsoe pass intended for Shawn Jefferson is intercepted by Thomas Smith at BB12 and returned for no gain,2.190,0.350,pass,,Drew Bledsoe,,Shawn Jefferson,Thomas Smith,,,,,,,,,,
1998,13,November 29,home,Buffalo Bills,https://www.pro-football-reference.com/boxscores/199811290nwe.htm,1,7:14,1,10,BUF 12,0,0,Antowain Smith right guard for 4 yards (tackle by Chad Eaton and Ted Johnson),-0.350,-0.370,run,,,Antowain Smith,,,,,,,,Chad Eaton,Ted Johnson,,,
1998,13,November 29,home,Buffalo Bills,https://www.pro-football-reference.com/boxscores/199811290nwe.htm,1,,2,6,BUF 16,0,0,"Antowain Smith middle for 2 yards. Antowain Smith fumbles, recovered by Antowain Smith at BB18 (forced by Tedy Bruschi)",-0.370,-0.720,run,,,Antowain Smith,,,,,,,,,,,Antowain Smith,
1998,13,November 29,home,Buffalo Bills,https://www.pro-football-reference.com/boxscores/199811290nwe.htm,1,,3,4,BUF 18,0,0,Doug Flutie pass complete to Eric Moulds for 33 yards (tackle by Ty Law),-0.720,2.320,pass,,Doug Flutie,,Eric Moulds,,,,,,,Ty Law,,,,
1998,13,November 29,home,Buffalo Bills,https://www.pro-football-reference.com/boxscores/199811290nwe.htm,1,,1,10,NWE 49,0,0,Doug Flutie pass incomplete intended for Jay Riemersma,2.320,0.000,pass,,Doug Flutie,,Jay Riemersma,,,,,,,,,,,
1998,13,November 29,home,Buffalo Bills,https://www.pro-football-reference.com/boxscores/199811290nwe.htm,1,,,,,0,0,Penalty on Andre Reed: Illegal Motion (declined),0.000,1.780,penalty,,,,,,,,,,,,,,,Andre Reed
1998,13,November 29,home,Buffalo Bills,https://www.pro-football-reference.com/boxscores/199811290nwe.htm,1,,2,10,NWE 49,0,0,Thurman Thomas middle for 2 yards (tackle by Chris Sullivan and Henry Thomas),1.780,1.360,run,,,Thurman Thomas,,,,,,,,Chris Sullivan,Henry Thomas,,,
1998,13,November 29,home,Buffalo Bills,https://www.pro-football-reference.com/boxscores/199811290nwe.htm,1,,3,8,NWE 47,0,0,"Doug Flutie pass incomplete intended for Andre Reed. Penalty on Ty Law: Illegal Contact, 5 yards (accepted) (no play)",1.360,2.790,no_play,,,,,,,,,,,,,,,
1998,13,November 29,home,Buffalo Bills,https://www.pro-football-reference.com/boxscores/199811290nwe.htm,1,,1,10,NWE 42,0,0,Antowain Smith middle for 5 yards (tackle by Tedy Bruschi and Ted Johnson),2.790,2.920,run,,,Antowain Smith,,,,,,,,Tedy Bruschi,Ted Johnson,,,
1998,13,November 29,home,Buffalo Bills,https://www.pro-football-reference.com/boxscores/199811290nwe.htm,1,,2,5,NWE 37,0,0,Doug Flutie pass complete to Eric Moulds for 8 yards,2.920,3.640,pass,,Doug Flutie,,Eric Moulds,,,,,,,,,,,
1998,13,November 29,home,Buffalo Bills,https://www.pro-football-reference.com/boxscores/199811290nwe.htm,1,,1,10,NWE 29,0,0,Doug Flutie pass incomplete intended for Lonnie Johnson,3.640,3.100,pass,,Doug Flutie,,Lonnie Johnson,,,,,,,,,,,
1998,13,November 29,home,Buffalo Bills,https://www.pro-football-reference.com/boxscores/199811290nwe.htm,1,,2,10,NWE 29,0,0,Doug Flutie pass incomplete intended for Sam Gash,3.100,2.410,pass,,Doug Flutie,,Sam Gash,,,,,,,,,,,
1998,13,November 29,home,Buffalo Bills,https://www.pro-football-reference.com/boxscores/199811290nwe.htm,1,,3,10,NWE 29,0,0,Doug Flutie pass complete to Eric Moulds for 11 yards (tackle by Lawyer Milloy),2.410,4.370,pass,,Doug Flutie,,Eric Moulds,,,,,,,Lawyer Milloy,,,,
1998,13,November 29,home,Buffalo Bills,https://www.pro-football-reference.com/boxscores/199811290nwe.htm,1,,1,10,NWE 18,0,0,Antowain Smith right guard for 1 yard (tackle by Chris Slade and Henry Thomas),4.370,3.940,run,,,Antowain Smith,,,,,,,,Chris Slade,Henry Thomas,,,
1998,13,November 29,home,Buffalo Bills,https://www.pro-football-reference.com/boxscores/199811290nwe.htm,1,,2,9,NWE 17,0,0,Doug Flutie pass incomplete intended for Andre Reed,3.940,3.170,pass,,Doug Flutie,,Andre Reed,,,,,,,,,,,
1998,13,November 29,home,Buffalo Bills,https://www.pro-football-reference.com/boxscores/199811290nwe.htm,1,,3,9,NWE 17,0,0,Doug Flutie pass incomplete intended for Thurman Thomas,3.170,2.310,pass,,Doug Flutie,,Thurman Thomas,,,,,,,,,,,
1998,13,November 29,home,Buffalo Bills,https://www.pro-football-reference.com/boxscores/199811290nwe.htm,1,,4,9,NWE 17,0,0,Steve Christie 35 yard field goal no good,2.310,-0.610,field_goal,,,,,,,,Steve Christie,,,,,,,
1998,13,November 29,home,Buffalo Bills,https://www.pro-football-reference.com/boxscores/199811290nwe.htm,1,1:40,1,10,NWE 25,0,0,"Drew Bledsoe pass incomplete intended for Terry Glenn. Penalty on Terry Glenn: Illegal Motion, 5 yards (accepted) (no play)",0.610,0.280,no_play,,,,,,,,,,,,,,,
1998,13,November 29,home,Buffalo Bills,https://www.pro-football-reference.com/boxscores/199811290nwe.htm,1,,1,15,NWE 20,0,0,Drew Bledsoe pass complete to Ben Coates for 9 yards (tackle by Sam Cowart and Marlo Perry),0.280,0.600,pass,,Drew Bledsoe,,Ben Coates,,,,,,,Sam Cowart,Marlo Perry,,,
1998,13,November 29,home,Buffalo Bills,https://www.pro-football-reference.com/boxscores/199811290nwe.htm,1,,2,6,NWE 29,0,0,Robert Edwards middle for no gain (tackle by Sam Cowart),0.600,-0.100,run,,,Robert Edwards,,,,,,,,Sam Cowart,,,,
1998,13,November 29,home,Buffalo Bills,https://www.pro-football-reference.com/boxscores/199811290nwe.htm,1,,3,6,NWE 29,0,0,Drew Bledsoe pass incomplete intended for Ben Coates,-0.100,-1.440,pass,,Drew Bledsoe,,Ben Coates,,,,,,,,,,,
1998,13,November 29,home,Buffalo Bills,https://www.pro-football-reference.com/boxscores/199811290nwe.htm,1,,4,6,NWE 29,0,0,"Tom Tupa punts 47 yards, returned by Kevin Williams for 7 yards (tackle by Shawn Stuckey and Larry Whigham)",-1.440,-1.000,punt,,,,,,,Tom Tupa,,Kevin Williams,,Shawn Stuckey,Larry Whigham,,,
1998,13,November 29,home,Buffalo Bills,https://www.pro-football-reference.com/boxscores/199811290nwe.htm,1,0:03,1,10,BUF 31,0,0,Doug Flutie pass complete to Thurman Thomas for 4 yards (tackle by Willie Clay),1.000,1.000,pass,,Doug Flutie,,Thurman Thomas,,,,,,,Willie Clay,,,,
1998,13,November 29,home,Buffalo Bills,https://www.pro-football-reference.com/boxscores/199811290nwe.htm,2,15:00,2,6,BUF 35,0,0,Antowain Smith right guard for no gain (tackle by Willie Clay and Henry Thomas),1.000,0.300,run,,,Antowain Smith,,,,,,,,Willie Clay,Henry Thomas,,,
1998,13,November 29,home,Buffalo Bills,https://www.pro-football-reference.com/boxscores/199811290nwe.htm,2,,3,6,BUF 35,0,0,Doug Flutie pass incomplete intended for Eric Moulds,0.300,-1.040,pass,,Doug Flutie,,Eric Moulds,,,,,,,,,,,
1998,13,November 29,home,Buffalo Bills,https://www.pro-football-reference.com/boxscores/199811290nwe.htm,2,,4,6,BUF 35,0,0,Chris Mohr punts 31 yards,-1.040,-1.200,punt,,,,,,,Chris Mohr,,,,,,,,
1998,13,November 29,home,Buffalo Bills,https://www.pro-football-reference.com/boxscores/199811290nwe.htm,2,14:09,1,10,NWE 34,0,0,Robert Edwards right end for -3 yards (tackle by Phil Hansen and Sam Rogers),1.200,0.250,run,,,Robert Edwards,,,,,,,,Phil Hansen,Sam Rogers,,,
1998,13,November 29,home,Buffalo Bills,https://www.pro-football-reference.com/boxscores/199811290nwe.htm,2,,2,13,NWE 31,0,0,Drew Bledsoe pass complete to Tony Carter for 15 yards,0.250,1.990,pass,,Drew Bledsoe,,Tony Carter,,,,,,,,,,,
1998,13,November 29,home,Buffalo Bills,https://www.pro-football-reference.com/boxscores/199811290nwe.htm,2,,1,10,NWE 46,0,0,Drew Bledsoe pass complete to Terry Glenn for 33 yards (tackle by Ken Irvin and Kurt Schulz),1.990,4.170,pass,,Drew Bledsoe,,Terry Glenn,,,,,,,Ken Irvin,Kurt Schulz,,,
1998,13,November 29,home,Buffalo Bills,https://www.pro-football-reference.com/boxscores/199811290nwe.htm,2,,1,10,BUF 21,0,0,Drew Bledsoe pass complete to Ben Coates for 12 yards (tackle by Henry Jones and Sam Rogers),4.170,5.140,pass,,Drew Bledsoe,,Ben Coates,,,,,,,Henry Jones,Sam Rogers,,,
1998,13,November 29,home,Buffalo Bills,https://www.pro-football-reference.com/boxscores/199811290nwe.htm,2,,1,9,BUF 9,0,0,Robert Edwards left guard for 1 yard (tackle by Sam Rogers and Bruce Smith),5.140,4.570,run,,,Robert Edwards,,,,,,,,Sam Rogers,Bruce Smith,,,
1998,13,November 29,home,Buffalo Bills,https://www.pro-football-reference.com/boxscores/199811290nwe.htm,2,,2,8,BUF 8,0,0,"Drew Bledsoe pass incomplete intended for Shawn Jefferson. Penalty on Ken Irvin: Defensive Pass Interference, 7 yards (accepted) (no play)",4.570,6.970,no_play,,,,,,,,,,,,,,,
1998,13,November 29,home,Buffalo Bills,https://www.pro-football-reference.com/boxscores/199811290nwe.htm,2,,1,1,BUF 1,0,0,"Robert Edwards middle for no gain. Robert Edwards fumbles, recovered by Robert Edwards at BB1 (forced by Gabe Northern)",6.970,5.910,run,,,Robert Edwards,,,,,,,,,,,Robert Edwards,
1998,13,November 29,home,Buffalo Bills,https://www.pro-football-reference.com/boxscores/199811290nwe.htm,2,,2,1,BUF 1,0,0,Robert Edwards right guard for -1 yards (tackle by Marlo Perry and Shawn Price),5.910,4.950,run,,,Robert Edwards,,,,,,,,Marlo Perry,Shawn Price,,,
1998,13,November 29,home,Buffalo Bills,https://www.pro-football-reference.com/boxscores/199811290nwe.htm,2,,3,2,BUF 2,6,0,"Drew Bledsoe pass complete to Robert Edwards for 2 yards, touchdown",4.950,7.000,pass,,Drew Bledsoe,,Robert Edwards,,,,,,,,,,,
1998,13,November 29,home,Buffalo Bills,https://www.pro-football-reference.com/boxscores/199811290nwe.htm,2,9:44,,,,7,0,Adam Vinatieri kicks extra point good,0.000,0.000,extra_point,,,,,,,,Adam Vinatieri,,,,,,,
1998,13,November 29,home,Buffalo Bills,https://www.pro-football-reference.com/boxscores/199811290nwe.htm,2,,,,NWE 30,7,0,"Adam Vinatieri kicks off 60 yards, returned by Kevin Williams for 20 yards (tackle by Chris Carter)",0.000,-0.940,kickoff,,,,,,,,Adam Vinatieri,Kevin Williams,,Chris Carter,,,,
1998,13,November 29,home,Buffalo Bills,https://www.pro-football-reference.com/boxscores/199811290nwe.htm,2,,1,10,BUF 30,7,0,Doug Flutie sacked by Greg Spires for 10 yards,0.940,-0.960,pass,,Doug Flutie,,,,Greg Spires,,,,,,,,,
1998,13,November 29,home,Buffalo Bills,https://www.pro-football-reference.com/boxscores/199811290nwe.htm,2,,2,20,BUF 20,7,0,Doug Flutie pass incomplete intended for Andre Reed,-0.960,-1.620,pass,,Doug Flutie,,Andre Reed,,,,,,,,,,,
1998,13,November 29,home,Buffalo Bills,https://www.pro-football-reference.com/boxscores/199811290nwe.htm,2,,3,20,BUF 20,7,0,Doug Flutie pass complete to Jay Riemersma for 13 yards (tackle by Tebucky Jones and Lawyer Milloy),-1.620,-1.180,pass,,Doug Flutie,,Jay Riemersma,,,,,,,Tebucky Jones,Lawyer Milloy,,,
1998,13,November 29,home,Buffalo Bills,https://www.pro-football-reference.com/boxscores/199811290nwe.htm,2,,4,7,BUF 33,7,0,"Chris Mohr punts 44 yards, returned by Chris Canty for 30 yards (tackle by Marlo Perry)",-1.180,-2.460,punt,,,,,,,Chris Mohr,,Chris Canty,,Marlo Perry,,,,
1998,13,November 29,home,Buffalo Bills,https://www.pro-football-reference.com/boxscores/199811290nwe.htm,2,8:26,1,10,BUF 47,7,0,Drew Bledsoe pass complete to Derrick Cullors for 3 yards (tackle by Gabe Northern),2.460,2.320,pass,,Drew Bledsoe,,Derrick Cullors,,,,,,,Gabe Northern,,,,
1998,13,November 29,home,Buffalo Bills,https://www.pro-football-reference.com/boxscores/199811290nwe.htm,2,,2,7,BUF 44,7,0,Robert Edwards left guard for 3 yards (tackle by Bruce Smith and Ted Washington),2.320,2.010,run,,,Robert Edwards,,,,,,,,Bruce Smith,Ted Washington,,,
1998,13,November 29,home,Buffalo Bills,https://www.pro-football-reference.com/boxscores/199811290nwe.htm,2,,3,4,BUF 41,7,0,Drew Bledsoe pass complete to Terry Glenn for 12 yards (tackle by Kurt Schulz),2.010,3.640,pass,,Drew Bledsoe,,Terry Glenn,,,,,,,Kurt Schulz,,,,
1998,13,November 29,home,Buffalo Bills,https://www.pro-football-reference.com/boxscores/199811290nwe.htm,2,,1,10,BUF 29,7,0,Drew Bledsoe pass complete to Ben Coates for 13 yards (tackle by Kurt Schulz),3.640,4.510,pass,,Drew Bledsoe,,Ben Coates,,,,,,,Kurt Schulz,,,,
1998,13,November 29,home,Buffalo Bills,https://www.pro-football-reference.com/boxscores/199811290nwe.htm,2,,1,10,BUF 16,7,0,Drew Bledsoe pass incomplete intended for Ben Coates,4.510,3.900,pass,,Drew Bledsoe,,Ben Coates,,,,,,,,,,,
1998,13,November 29,home,Buffalo Bills,https://www.pro-football-reference.com/boxscores/199811290nwe.htm,2,,2,10,BUF 16,7,0,Drew Bledsoe pass complete to Robert Edwards for 4 yards (tackle by Wayne Simmons),3.900,3.730,pass,,Drew Bledsoe,,Robert Edwards,,,,,,,Wayne Simmons,,,,
1998,13,November 29,home,Buffalo Bills,https://www.pro-football-reference.com/boxscores/199811290nwe.htm,2,,3,6,BUF 12,13,0,"Drew Bledsoe pass complete to Derrick Cullors for 12 yards, touchdown",3.730,7.000,pass,,Drew Bledsoe,,Derrick Cullors,,,,,,,,,,,
1998,13,November 29,home,Buffalo Bills,https://www.pro-football-reference.com/boxscores/199811290nwe.htm,2,4:37,,,,14,0,Adam Vinatieri kicks extra point good,0.000,0.000,extra_point,,,,,,,,Adam Vinatieri,,,,,,,
1998,13,November 29,home,Buffalo Bills,https://www.pro-football-reference.com/boxscores/199811290nwe.htm,2,,,,NWE 30,14,0,"Adam Vinatieri kicks off 59 yards, returned by Kevin Williams for 13 yards (tackle by Marty Moore)",0.000,-0.540,kickoff,,,,,,,,Adam Vinatieri,Kevin Williams,,Marty Moore,,,,
1998,13,November 29,home,Buffalo Bills,https://www.pro-football-reference.com/boxscores/199811290nwe.htm,2,,1,10,BUF 24,14,0,Doug Flutie pass incomplete intended for Eric Moulds,0.540,0.000,pass,,Doug Flutie,,Eric Moulds,,,,,,,,,,,
1998,13,November 29,home,Buffalo Bills,https://www.pro-football-reference.com/boxscores/199811290nwe.htm,2,,2,10,BUF 24,14,0,Doug Flutie pass incomplete intended for Eric Moulds,0.000,-0.690,pass,,Doug Flutie,,Eric Moulds,,,,,,,,,,,
1998,13,November 29,home,Buffalo Bills,https://www.pro-football-reference.com/boxscores/199811290nwe.htm,2,,3,10,BUF 24,14,0,"Doug Flutie pass incomplete intended for Eric Moulds. Penalty on Chris Canty: Defensive Pass Interference, 26 yards (accepted) (no play)",-0.690,2.260,no_play,,,,,,,,,,,,,,,
1998,13,November 29,home,Buffalo Bills,https://www.pro-football-reference.com/boxscores/199811290nwe.htm,2,,1,10,NWE 50,14,0,Antowain Smith left tackle for 9 yards (tackle by Willie Clay and Ted Johnson),2.260,2.930,run,,,Antowain Smith,,,,,,,,Willie Clay,Ted Johnson,,,
1998,13,November 29,home,Buffalo Bills,https://www.pro-football-reference.com/boxscores/199811290nwe.htm,2,,2,1,NWE 41,14,0,Antowain Smith left guard for 3 yards (tackle by Tedy Bruschi and Chad Eaton),2.930,3.050,run,,,Antowain Smith,,,,,,,,Tedy Bruschi,Chad Eaton,,,
1998,13,November 29,home,Buffalo Bills,https://www.pro-football-reference.com/boxscores/199811290nwe.htm,2,,1,10,NWE 38,14,0,Antowain Smith right end for 10 yards (tackle by Steve Israel),3.050,3.710,run,,,Antowain Smith,,,,,,,,Steve Israel,,,,
1998,13,November 29,home,Buffalo Bills,https://www.pro-football-reference.com/boxscores/199811290nwe.htm,2,,1,10,NWE 28,14,0,Doug Flutie pass complete to Eric Moulds for 9 yards (tackle by Ty Law),3.710,4.420,pass,,Doug Flutie,,Eric Moulds,,,,,,,Ty Law,,,,
1998,13,November 29,home,Buffalo Bills,https://www.pro-football-reference.com/boxscores/199811290nwe.htm,2,2:00,2,1,NWE 19,14,0,Antowain Smith left end for 1 yard (tackle by Willie Clay),4.420,4.370,run,,,Antowain Smith,,,,,,,,Willie Clay,,,,
1998,13,November 29,home,Buffalo Bills,https://www.pro-football-reference.com/boxscores/199811290nwe.htm,2,1:55,1,10,NWE 18,14,0,Doug Flutie pass incomplete intended for Antowain Smith,4.370,3.800,pass,,Doug Flutie,,Antowain Smith,,,,,,,,,,,
1998,13,November 29,home,Buffalo Bills,https://www.pro-football-reference.com/boxscores/199811290nwe.htm,2,1:50,2,10,NWE 18,14,0,Doug Flutie pass incomplete intended for Andre Reed,3.800,0.000,pass,,Doug Flutie,,Andre Reed,,,,,,,,,,,
1998,13,November 29,home,Buffalo Bills,https://www.pro-football-reference.com/boxscores/199811290nwe.htm,2,,,,,14,0,Penalty on Andre Reed: Illegal Touch Pass (declined),0.000,3.050,penalty,,,,,,,,,,,,,,,Andre Reed
1998,13,November 29,home,Buffalo Bills,https://www.pro-football-reference.com/boxscores/199811290nwe.htm,2,1:42,3,10,NWE 18,14,0,Doug Flutie pass complete to Kevin Williams for 2 yards (tackle by Tedy Bruschi and Larry Whigham),3.050,2.380,pass,,Doug Flutie,,Kevin Williams,,,,,,,Tedy Bruschi,Larry Whigham,,,
1998,13,November 29,home,Buffalo Bills,https://www.pro-football-reference.com/boxscores/199811290nwe.htm,2,1:25,4,8,NWE 16,14,3,Steve Christie 34 yard field goal good,2.380,3.000,field_goal,,,,,,,,Steve Christie,,,,,,,
1998,13,November 29,home,Buffalo Bills,https://www.pro-football-reference.com/boxscores/199811290nwe.htm,2,1:21,,,BUF 30,14,3,"Steve Christie kicks off 61 yards, returned by Derrick Cullors for 15 yards (tackle by Jonathan Linton)",0.000,-0.540,kickoff,,,,,,,,Steve Christie,Derrick Cullors,,Jonathan Linton,,,,
1998,13,November 29,home,Buffalo Bills,https://www.pro-football-reference.com/boxscores/199811290nwe.htm,2,1:16,1,10,NWE 24,14,3,Drew Bledsoe pass complete to Ben Coates for 8 yards (tackle by Henry Jones),0.540,1.080,pass,,Drew Bledsoe,,Ben Coates,,,,,,,Henry Jones,,,,
1998,13,November 29,home,Buffalo Bills,https://www.pro-football-reference.com/boxscores/199811290nwe.htm,2,1:00,2,2,NWE 32,14,3,Drew Bledsoe pass complete to Ben Coates for 2 yards (tackle by Henry Jones),1.080,1.200,pass,,Drew Bledsoe,,Ben Coates,,,,,,,Henry Jones,,,,
1998,13,November 29,home,Buffalo Bills,https://www.pro-football-reference.com/boxscores/199811290nwe.htm,2,0:45,1,10,NWE 34,14,3,Drew Bledsoe pass complete to Terry Glenn for 6 yards (tackle by Donovan Greer),1.200,1.470,pass,,Drew Bledsoe,,Terry Glenn,,,,,,,Donovan Greer,,,,
1998,13,November 29,home,Buffalo Bills,https://www.pro-football-reference.com/boxscores/199811290nwe.htm,2,0:36,2,4,NWE 40,14,3,Drew Bledsoe pass incomplete intended for Derrick Cullors,1.470,0.760,pass,,Drew Bledsoe,,Derrick Cullors,,,,,,,,,,,
1998,13,November 29,home,Buffalo Bills,https://www.pro-football-reference.com/boxscores/199811290nwe.htm,2,0:31,3,4,NWE 40,14,3,Drew Bledsoe sacked by Marcellus Wiley for 10 yards,0.760,-1.370,pass,,Drew Bledsoe,,,,Marcellus Wiley,,,,,,,,,
1998,13,November 29,home,Buffalo Bills,https://www.pro-football-reference.com/boxscores/199811290nwe.htm,2,0:27,4,14,NWE 30,14,3,"Penalty on Tebucky Jones: False Start, 5 yards (accepted)",-1.370,-1.700,penalty,,,,,,,,,,,,,,,Tebucky Jones
1998,13,November 29,home,Buffalo Bills,https://www.pro-football-reference.com/boxscores/199811290nwe.htm,2,,4,19,NWE 25,14,3,"Tom Tupa punts 41 yards, returned by Kevin Williams for 3 yards (tackle by Shawn Stuckey)",-1.700,-1.400,punt,,,,,,,Tom Tupa,,Kevin Williams,,Shawn Stuckey,,,,
1998,13,November 29,home,Buffalo Bills,https://www.pro-football-reference.com/boxscores/199811290nwe.htm,2,0:18,1,10,BUF 37,14,3,Doug Flutie pass complete to Kevin Williams for 55 yards (tackle by Larry Whigham),1.400,5.370,pass,,Doug Flutie,,Kevin Williams,,,,,,,Larry Whigham,,,,
1998,13,November 29,home,Buffalo Bills,https://www.pro-football-reference.com/boxscores/199811290nwe.htm,2,0:08,1,8,NWE 8,14,3,Doug Flutie pass incomplete intended for Jay Riemersma,5.370,4.570,pass,,Doug Flutie,,Jay Riemersma,,,,,,,,,,,
1998,13,November 29,home,Buffalo Bills,https://www.pro-football-reference.com/boxscores/199811290nwe.htm,2,0:04,2,8,NWE 8,14,6,Steve Christie 26 yard field goal good,4.570,3.000,field_goal,,,,,,,,Steve Christie,,,,,,,
1998,13,November 29,home,Buffalo Bills,https://www.pro-football-reference.com/boxscores/199811290nwe.htm,3,15:00,,,BUF 30,14,6,"Steve Christie kicks off 59 yards, returned by Derrick Cullors for 18 yards (tackle by Gabe Northern)",0.000,-0.870,kickoff,,,,,,,,Steve Christie,Derrick Cullors,,Gabe Northern,,,,
1998,13,November 29,home,Buffalo Bills,https://www.pro-football-reference.com/boxscores/199811290nwe.htm,3,,1,10,NWE 29,14,6,Drew Bledsoe pass complete to Tony Carter for 9 yards (tackle by Sam Rogers),0.870,1.540,pass,,Drew Bledsoe,,Tony Carter,,,,,,,Sam Rogers,,,,
1998,13,November 29,home,Buffalo Bills,https://www.pro-football-reference.com/boxscores/199811290nwe.htm,3,,2,1,NWE 38,14,6,Robert Edwards right guard for 1 yard (tackle by Phil Hansen and Ted Washington),1.540,1.530,run,,,Robert Edwards,,,,,,,,Phil Hansen,Ted Washington,,,
1998,13,November 29,home,Buffalo Bills,https://www.pro-football-reference.com/boxscores/199811290nwe.htm,3,,1,10,NWE 39,14,6,Drew Bledsoe pass complete to Shawn Jefferson for 8 yards,1.530,2.070,pass,,Drew Bledsoe,,Shawn Jefferson,,,,,,,,,,,
1998,13,November 29,home,Buffalo Bills,https://www.pro-football-reference.com/boxscores/199811290nwe.htm,3,,2,2,NWE 47,14,6,Robert Edwards right tackle for 3 yards (tackle by Phil Hansen and Sam Rogers),2.070,2.260,run,,,Robert Edwards,,,,,,,,Phil Hansen,Sam Rogers,,,
1998,13,November 29,home,Buffalo Bills,https://www.pro-football-reference.com/boxscores/199811290nwe.htm,3,,1,10,BUF 50,14,6,Drew Bledsoe pass incomplete intended for Robert Edwards,2.260,1.710,pass,,Drew Bledsoe,,Robert Edwards,,,,,,,,,,,
1998,13,November 29,home,Buffalo Bills,https://www.pro-football-reference.com/boxscores/199811290nwe.htm,3,,2,10,BUF 50,14,6,Robert Edwards right guard for 7 yards (tackle by Sam Cowart and Marlo Perry),1.710,1.950,run,,,Robert Edwards,,,,,,,,Sam Cowart,Marlo Perry,,,
1998,13,November 29,home,Buffalo Bills,https://www.pro-football-reference.com/boxscores/199811290nwe.htm,3,,3,3,BUF 43,14,6,"Penalty on Max Lane: False Start, 5 yards (accepted)",1.950,1.290,penalty,,,,,,,,,,,,,,,Max Lane
1998,13,November 29,home,Buffalo Bills,https://www.pro-football-reference.com/boxscores/199811290nwe.htm,3,,3,8,BUF 48,14,6,Drew Bledsoe pass incomplete intended for Terry Glenn,1.290,0.070,pass,,Drew Bledsoe,,Terry Glenn,,,,,,,,,,,
1998,13,November 29,home,Buffalo Bills,https://www.pro-football-reference.com/boxscores/199811290nwe.htm,3,,4,8,BUF 48,14,6,"Tom Tupa punts 48 yards, touchback.",0.070,-0.280,punt,,,,,,,Tom Tupa,,,,,,,,
1998,13,November 29,home,Buffalo Bills,https://www.pro-football-reference.com/boxscores/199811290nwe.htm,3,11:47,1,10,BUF 20,14,6,Antowain Smith right end for -4 yards (tackle by Chad Eaton),0.280,-0.940,run,,,Antowain Smith,,,,,,,,Chad Eaton,,,,
1998,13,November 29,home,Buffalo Bills,https://www.pro-football-reference.com/boxscores/199811290nwe.htm,3,,2,14,BUF 16,14,12,"Doug Flutie pass complete to Eric Moulds for 84 yards, touchdown",-0.940,7.000,pass,,Doug Flutie,,Eric Moulds,,,,,,,,,,,
1998,13,November 29,home,Buffalo Bills,https://www.pro-football-reference.com/boxscores/199811290nwe.htm,3,10:57,,,,14,12,,0.000,0.000,other,,,,,,,,,,,,,,,
1998,13,November 29,home,Buffalo Bills,https://www.pro-football-reference.com/boxscores/199811290nwe.htm,3,,,,BUF 30,14,12,"Steve Christie kicks off 40 yards, returned by Chris Sullivan for 9 yards (tackle by Sam Cowart and Mark Pike)",0.000,-1.530,kickoff,,,,,,,,Steve Christie,Chris Sullivan,,Sam Cowart,Mark Pike,,,
1998,13,November 29,home,Buffalo Bills,https://www.pro-football-reference.com/boxscores/199811290nwe.htm,3,,1,10,NWE 39,14,12,Drew Bledsoe pass complete to Tony Carter for no gain (tackle by Henry Jones),1.530,0.990,pass,,Drew Bledsoe,,Tony Carter,,,,,,,Henry Jones,,,,
1998,13,November 29,home,Buffalo Bills,https://www.pro-football-reference.com/boxscores/199811290nwe.htm,3,,2,10,NWE 39,14,12,Robert Edwards left tackle for 5 yards (tackle by Ken Irvin and Bruce Smith),0.990,0.960,run,,,Robert Edwards,,,,,,,,Ken Irvin,Bruce Smith,,,
1998,13,November 29,home,Buffalo Bills,https://www.pro-football-reference.com/boxscores/199811290nwe.htm,3,,3,5,NWE 44,14,12,Drew Bledsoe pass complete to Terry Glenn for 9 yards (tackle by Thomas Smith),0.960,0.000,pass,,Drew Bledsoe,,Terry Glenn,,,,,,,Thomas Smith,,,,
1998,13,November 29,home,Buffalo Bills,https://www.pro-football-reference.com/boxscores/199811290nwe.htm,3,,,,,14,12,Penalty on Shawn Price: Encroachment (declined),0.000,2.460,penalty,,,,,,,,,,,,,,,Shawn Price
1998,13,November 29,home,Buffalo Bills,https://www.pro-football-reference.com/boxscores/199811290nwe.htm,3,,1,10,BUF 47,14,12,Drew Bledsoe scrambles middle for 4 yards (tackle by Sam Rogers),2.460,2.450,run,,,Drew Bledsoe,,,,,,,,Sam Rogers,,,,
1998,13,November 29,home,Buffalo Bills,https://www.pro-football-reference.com/boxscores/199811290nwe.htm,3,8:16,2,6,BUF 43,14,12,Drew Bledsoe pass complete to Terry Glenn for 4 yards (tackle by Sam Cowart),2.450,2.280,pass,,Drew Bledsoe,,Terry Glenn,,,,,,,Sam Cowart,,,,
1998,13,November 29,home,Buffalo Bills,https://www.pro-football-reference.com/boxscores/199811290nwe.htm,3,,3,2,BUF 39,14,12,Drew Bledsoe pass complete to Ben Coates for 1 yard (tackle by Phil Hansen and Marlo Perry),2.280,0.720,pass,,Drew Bledsoe,,Ben Coates,,,,,,,Phil Hansen,Marlo Perry,,,
1998,13,November 29,home,Buffalo Bills,https://www.pro-football-reference.com/boxscores/199811290nwe.htm,3,,4,1,BUF 38,14,12,Robert Edwards middle for 5 yards (tackle by Sam Cowart and Henry Jones),0.720,3.380,run,,,Robert Edwards,,,,,,,,Sam Cowart,Henry Jones,,,
1998,13,November 29,home,Buffalo Bills,https://www.pro-football-reference.com/boxscores/199811290nwe.htm,3,,1,10,BUF 33,14,12,Robert Edwards right guard for 6 yards (tackle by Sam Cowart and Marlo Perry),3.380,3.650,run,,,Robert Edwards,,,,,,,,Sam Cowart,Marlo Perry,,,
1998,13,November 29,home,Buffalo Bills,https://www.pro-football-reference.com/boxscores/199811290nwe.htm,3,,2,4,BUF 27,14,12,Drew Bledsoe pass incomplete intended for Terry Glenn,3.650,2.940,pass,,Drew Bledsoe,,Terry Glenn,,,,,,,,,,,
1998,13,November 29,home,Buffalo Bills,https://www.pro-football-reference.com/boxscores/199811290nwe.htm,3,,3,4,BUF 27,14,12,Drew Bledsoe pass incomplete intended for Henry Ellard,2.940,1.750,pass,,Drew Bledsoe,,Henry Ellard,,,,,,,,,,,
1998,13,November 29,home,Buffalo Bills,https://www.pro-football-reference.com/boxscores/199811290nwe.htm,3,,4,4,BUF 27,17,12,Adam Vinatieri 44 yard field goal good,1.750,3.000,field_goal,,,,,,,,Adam Vinatieri,,,,,,,
1998,13,November 29,home,Buffalo Bills,https://www.pro-football-reference.com/boxscores/199811290nwe.htm,3,5:06,,,NWE 30,17,12,"Adam Vinatieri kicks off 56 yards, returned by Kevin Williams for 19 yards (tackle by Harold Shaw and Larry Whigham)",0.000,-1.140,kickoff,,,,,,,,Adam Vinatieri,Kevin Williams,,Harold Shaw,Larry Whigham,,,
1998,13,November 29,home,Buffalo Bills,https://www.pro-football-reference.com/boxscores/199811290nwe.htm,3,,1,10,BUF 33,17,12,Antowain Smith left guard for 3 yards (tackle by Tedy Bruschi),1.140,1.000,run,,,Antowain Smith,,,,,,,,Tedy Bruschi,,,,
1998,13,November 29,home,Buffalo Bills,https://www.pro-football-reference.com/boxscores/199811290nwe.htm,3,,2,7,BUF 36,17,12,Doug Flutie scrambles middle for 5 yards (tackle by Chris Sullivan),1.000,0.960,run,,,Doug Flutie,,,,,,,,Chris Sullivan,,,,
1998,13,November 29,home,Buffalo Bills,https://www.pro-football-reference.com/boxscores/199811290nwe.htm,3,,3,2,BUF 41,17,12,Doug Flutie pass complete to Andre Reed for 23 yards (tackle by Tebucky Jones),0.960,0.000,pass,,Doug Flutie,,Andre Reed,,,,,,,Tebucky Jones,,,,
1998,13,November 29,home,Buffalo Bills,https://www.pro-football-reference.com/boxscores/199811290nwe.htm,3,,,,,17,12,Penalty on Tebucky Jones: Defensive Holding (declined),0.000,3.180,penalty,,,,,,,,,,,,,,,Tebucky Jones
1998,13,November 29,home,Buffalo Bills,https://www.pro-football-reference.com/boxscores/199811290nwe.htm,3,,1,10,NWE 36,17,12,Antowain Smith middle for 1 yard (tackle by Chad Eaton and Chris Sullivan),3.180,2.770,run,,,Antowain Smith,,,,,,,,Chad Eaton,Chris Sullivan,,,
1998,13,November 29,home,Buffalo Bills,https://www.pro-football-reference.com/boxscores/199811290nwe.htm,3,,2,9,NWE 35,17,12,Doug Flutie pass complete to Eric Moulds for 17 yards (tackle by Lawyer Milloy),2.770,4.370,pass,,Doug Flutie,,Eric Moulds,,,,,,,Lawyer Milloy,,,,
1998,13,November 29,home,Buffalo Bills,https://www.pro-football-reference.com/boxscores/199811290nwe.htm,3,,1,10,NWE 18,17,12,Doug Flutie scrambles left end for 10 yards,4.370,5.370,run,,,Doug Flutie,,,,,,,,,,,,
1998,13,November 29,home,Buffalo Bills,https://www.pro-football-reference.com/boxscores/199811290nwe.htm,3,,1,8,NWE 8,17,12,Antowain Smith left guard for 4 yards (tackle by Willie Clay and Chris Sullivan),5.370,5.340,run,,,Antowain Smith,,,,,,,,Willie Clay,Chris Sullivan,,,
1998,13,November 29,home,Buffalo Bills,https://www.pro-football-reference.com/boxscores/199811290nwe.htm,3,,2,4,NWE 4,17,12,Doug Flutie pass incomplete intended for Eric Moulds,5.340,4.490,pass,,Doug Flutie,,Eric Moulds,,,,,,,,,,,
1998,13,November 29,home,Buffalo Bills,https://www.pro-football-reference.com/boxscores/199811290nwe.htm,3,,3,4,NWE 4,17,12,Doug Flutie pass incomplete intended for Kevin Williams,4.490,3.030,pass,,Doug Flutie,,Kevin Williams,,,,,,,,,,,
1998,13,November 29,home,Buffalo Bills,https://www.pro-football-reference.com/boxscores/199811290nwe.htm,3,,4,4,NWE 4,17,15,Steve Christie 22 yard field goal good,3.030,3.000,field_goal,,,,,,,,Steve Christie,,,,,,,
1998,13,November 29,home,Buffalo Bills,https://www.pro-football-reference.com/boxscores/199811290nwe.htm,3,0:50,,,BUF 30,17,15,"Steve Christie kicks off 67 yards, returned by Derrick Cullors for 20 yards (tackle by Marlo Perry)",0.000,-0.480,kickoff,,,,,,,,Steve Christie,Derrick Cullors,,Marlo Perry,,,,
1998,13,November 29,home,Buffalo Bills,https://www.pro-football-reference.com/boxscores/199811290nwe.htm,3,,1,10,NWE 23,17,15,Drew Bledsoe sacked by Ted Washington for 5 yards,0.480,-0.840,pass,,Drew Bledsoe,,,,Ted Washington,,,,,,,,,
1998,13,November 29,home,Buffalo Bills,https://www.pro-football-reference.com/boxscores/199811290nwe.htm,3,,2,15,NWE 18,17,15,Drew Bledsoe sacked by Bruce Smith for 7 yards,-0.840,-2.820,pass,,Drew Bledsoe,,,,Bruce Smith,,,,,,,,,
1998,13,November 29,home,Buffalo Bills,https://www.pro-football-reference.com/boxscores/199811290nwe.htm,4,15:00,3,22,NWE 11,17,15,Drew Bledsoe pass incomplete intended for Tony Simmons,-2.820,-2.490,pass,,Drew Bledsoe,,Tony Simmons,,,,,,,,,,,
1998,13,November 29,home,Buffalo Bills,https://www.pro-football-reference.com/boxscores/199811290nwe.htm,4,,4,22,NWE 11,17,15,"Tom Tupa punts 52 yards, returned by Kevin Williams for -4 yards (tackle by Tebucky Jones)",-2.490,-1.140,punt,,,,,,,Tom Tupa,,Kevin Williams,,Tebucky Jones,,,,
1998,13,November 29,home,Buffalo Bills,https://www.pro-football-reference.com/boxscores/199811290nwe.htm,4,14:42,1,10,BUF 33,17,15,Doug Flutie pass incomplete intended for Thurman Thomas,1.140,0.590,pass,,Doug Flutie,,Thurman Thomas,,,,,,,,,,,
1998,13,November 29,home,Buffalo Bills,https://www.pro-football-reference.com/boxscores/199811290nwe.htm,4,,2,10,BUF 33,17,15,Antowain Smith left end for -1 yards (tackle by Willie Clay),0.590,-0.230,run,,,Antowain Smith,,,,,,,,Willie Clay,,,,
1998,13,November 29,home,Buffalo Bills,https://www.pro-football-reference.com/boxscores/199811290nwe.htm,4,,3,11,BUF 32,17,15,"Penalty on BUF: Delay of Game, 5 yards (accepted)",-0.230,-0.890,penalty,,,,,,,,,,,,,,,
1998,13,November 29,home,Buffalo Bills,https://www.pro-football-reference.com/boxscores/199811290nwe.htm,4,,3,16,BUF 27,17,15,"Doug Flutie pass incomplete intended for Eric Moulds. Penalty on Ty Law: Defensive Holding, 5 yards (accepted) (no play)",-0.890,1.070,no_play,,,,,,,,,,,,,,,
1998,13,November 29,home,Buffalo Bills,https://www.pro-football-reference.com/boxscores/199811290nwe.htm,4,,1,10,BUF 32,17,15,Sam Gash middle for 4 yards (tackle by Chad Eaton and Chris Sullivan),1.070,1.070,run,,,Sam Gash,,,,,,,,Chad Eaton,Chris Sullivan,,,
1998,13,November 29,home,Buffalo Bills,https://www.pro-football-reference.com/boxscores/199811290nwe.htm,4,,2,6,BUF 36,17,15,Doug Flutie scrambles middle for 2 yards (tackle by Chad Eaton and Ted Johnson),1.070,0.630,run,,,Doug Flutie,,,,,,,,Chad Eaton,Ted Johnson,,,
1998,13,November 29,home,Buffalo Bills,https://www.pro-football-reference.com/boxscores/199811290nwe.htm,4,,3,4,BUF 38,17,15,"Doug Flutie pass incomplete intended for Kevin Williams. Penalty on Tebucky Jones: Illegal Use of Hands, 5 yards (accepted) (no play)",0.630,1.800,no_play,,,,,,,,,,,,,,,
1998,13,November 29,home,Buffalo Bills,https://www.pro-football-reference.com/boxscores/199811290nwe.htm,4,,1,10,BUF 43,17,15,"Doug Flutie pass complete to Andre Reed for 23 yards (tackle by Steve Israel). Penalty on Joe Panos: Offensive Holding, 10 yards (accepted) (no play)",1.800,1.140,no_play,,,,,,,,,,,Steve Israel,,,,
1998,13,November 29,home,Buffalo Bills,https://www.pro-football-reference.com/boxscores/199811290nwe.htm,4,,1,20,BUF 33,17,15,Doug Flutie pass complete to Eric Moulds for 7 yards (tackle by Ty Law),1.140,0.850,pass,,Doug Flutie,,Eric Moulds,,,,,,,Ty Law,,,,
1998,13,November 29,home,Buffalo Bills,https://www.pro-football-reference.com/boxscores/199811290nwe.htm,4,,2,13,BUF 40,17,15,"Doug Flutie left end for 11 yards. Penalty on John Fina: Offensive Holding, 10 yards (accepted) (no play)",0.850,-0.500,no_play,,,,,,,,,,,,,,,
1998,13,November 29,home,Buffalo Bills,https://www.pro-football-reference.com/boxscores/199811290nwe.htm,4,,2,23,BUF 30,17,15,Doug Flutie pass complete to Quinn Early for 12 yards (tackle by Larry Whigham),-0.500,0.430,pass,,Doug Flutie,,Quinn Early,,,,,,,Larry Whigham,,,,
1998,13,November 29,home,Buffalo Bills,https://www.pro-football-reference.com/boxscores/199811290nwe.htm,4,,3,11,BUF 42,17,15,Doug Flutie scrambles left end for 11 yards (tackle by Willie Clay and Larry Whigham),0.430,2.460,run,,,Doug Flutie,,,,,,,,Willie Clay,Larry Whigham,,,
1998,13,November 29,home,Buffalo Bills,https://www.pro-football-reference.com/boxscores/199811290nwe.htm,4,,1,10,NWE 47,17,15,Doug Flutie pass incomplete intended for Lonnie Johnson,2.460,1.910,pass,,Doug Flutie,,Lonnie Johnson,,,,,,,,,,,
1998,13,November 29,home,Buffalo Bills,https://www.pro-football-reference.com/boxscores/199811290nwe.htm,4,9:19,2,10,NWE 47,17,15,Doug Flutie pass incomplete intended for Andre Reed,1.910,1.220,pass,,Doug Flutie,,Andre Reed,,,,,,,,,,,
1998,13,November 29,home,Buffalo Bills,https://www.pro-football-reference.com/boxscores/199811290nwe.htm,4,,3,10,NWE 47,17,15,Doug Flutie pass complete to Kevin Williams for 22 yards (tackle by Tebucky Jones),1.220,3.910,pass,,Doug Flutie,,Kevin Williams,,,,,,,Tebucky Jones,,,,
1998,13,November 29,home,Buffalo Bills,https://www.pro-football-reference.com/boxscores/199811290nwe.htm,4,,1,10,NWE 25,17,15,"Thurman Thomas right guard for 2 yards (tackle by Ted Johnson) Penalty on NWE: Illegal Substitution, 5 yards (accepted) (no play)",3.910,4.640,no_play,,,,,,,,,,,Ted Johnson,,,,
1998,13,November 29,home,Buffalo Bills,https://www.pro-football-reference.com/boxscores/199811290nwe.htm,4,,1,5,NWE 20,17,15,Thurman Thomas left tackle for 1 yard (tackle by Tedy Bruschi and Chad Eaton),4.640,4.200,run,,,Thurman Thomas,,,,,,,,Tedy Bruschi,Chad Eaton,,,
1998,13,November 29,home,Buffalo Bills,https://www.pro-football-reference.com/boxscores/199811290nwe.htm,4,,2,4,NWE 19,17,15,"Penalty on Ruben Brown: False Start, 5 yards (accepted)",4.200,3.500,penalty,,,,,,,,,,,,,,,Ruben Brown
1998,13,November 29,home,Buffalo Bills,https://www.pro-football-reference.com/boxscores/199811290nwe.htm,4,,2,9,NWE 24,17,15,"Doug Flutie pass incomplete intended for Andre Reed. Penalty on Steve Israel: Defensive Pass Interference, 19 yards (accepted) (no play)",3.500,6.060,no_play,,,,,,,,,,,,,,,
1998,13,November 29,home,Buffalo Bills,https://www.pro-football-reference.com/boxscores/199811290nwe.htm,4,,1,5,NWE 5,17,15,Antowain Smith right guard for 3 yards (tackle by Chad Eaton and Ted Johnson),6.060,5.720,run,,,Antowain Smith,,,,,,,,Chad Eaton,Ted Johnson,,,
1998,13,November 29,home,Buffalo Bills,https://www.pro-football-reference.com/boxscores/199811290nwe.htm,4,,2,2,NWE 2,17,15,Antowain Smith left guard for -2 yards (tackle by Henry Thomas),5.720,4.490,run,,,Antowain Smith,,,,,,,,Henry Thomas,,,,
1998,13,November 29,home,Buffalo Bills,https://www.pro-football-reference.com/boxscores/199811290nwe.htm,4,,3,4,NWE 4,17,21,"Doug Flutie pass complete to Andre Reed for 4 yards, touchdown",4.490,7.000,pass,,Doug Flutie,,Andre Reed,,,,,,,,,,,
1998,13,November 29,home,Buffalo Bills,https://www.pro-football-reference.com/boxscores/199811290nwe.htm,4,6:14,,,,17,21,,0.000,0.000,other,,,,,,,,,,,,,,,
1998,13,November 29,home,Buffalo Bills,https://www.pro-football-reference.com/boxscores/199811290nwe.htm,4,,,,BUF 30,17,21,"Steve Christie kicks off 55 yards, returned by Derrick Cullors for 22 yards (tackle by Marlo Perry)",0.000,-1.400,kickoff,,,,,,,,Steve Christie,Derrick Cullors,,Marlo Perry,,,,
1998,13,November 29,home,Buffalo Bills,https://www.pro-football-reference.com/boxscores/199811290nwe.htm,4,,1,10,NWE 37,17,21,"Drew Bledsoe pass incomplete intended for Ben Coates. Penalty on Marlo Perry: Defensive Holding, 5 yards (accepted) (no play)",1.400,1.730,no_play,,,,,,,,,,,,,,,
1998,13,November 29,home,Buffalo Bills,https://www.pro-football-reference.com/boxscores/199811290nwe.htm,4,,1,10,NWE 42,17,21,Drew Bledsoe pass incomplete intended for Ben Coates,1.730,1.190,pass,,Drew Bledsoe,,Ben Coates,,,,,,,,,,,
1998,13,November 29,home,Buffalo Bills,https://www.pro-football-reference.com/boxscores/199811290nwe.htm,4,,2,10,NWE 42,17,21,Drew Bledsoe pass complete to Terry Glenn for 23 yards (tackle by Kurt Schulz),1.190,0.000,pass,,Drew Bledsoe,,Terry Glenn,,,,,,,Kurt Schulz,,,,
1998,13,November 29,home,Buffalo Bills,https://www.pro-football-reference.com/boxscores/199811290nwe.htm,4,,,,BUF 35,17,21,"Penalty on Kurt Schulz: Face Mask (15 Yards), 15 yards (accepted)",0.000,4.240,penalty,,,,,,,,,,,,,,,Kurt Schulz
1998,13,November 29,home,Buffalo Bills,https://www.pro-football-reference.com/boxscores/199811290nwe.htm,4,,1,10,BUF 20,17,21,Drew Bledsoe sacked by Wayne Simmons for 9 yards,4.240,2.480,pass,,Drew Bledsoe,,,,Wayne Simmons,,,,,,,,,
1998,13,November 29,home,Buffalo Bills,https://www.pro-football-reference.com/boxscores/199811290nwe.htm,4,,2,19,BUF 29,17,21,Drew Bledsoe pass incomplete intended for Tony Carter,2.480,1.820,pass,,Drew Bledsoe,,Tony Carter,,,,,,,,,,,
1998,13,November 29,home,Buffalo Bills,https://www.pro-football-reference.com/boxscores/199811290nwe.htm,4,,3,19,BUF 29,17,21,Drew Bledsoe pass incomplete intended for Terry Glenn,1.820,1.500,pass,,Drew Bledsoe,,Terry Glenn,,,,,,,,,,,
1998,13,November 29,home,Buffalo Bills,https://www.pro-football-reference.com/boxscores/199811290nwe.htm,4,,4,19,BUF 29,17,21,Adam Vinatieri 47 yard field goal no good,1.500,-1.400,field_goal,,,,,,,,Adam Vinatieri,,,,,,,
1998,13,November 29,home,Buffalo Bills,https://www.pro-football-reference.com/boxscores/199811290nwe.htm,4,4:41,1,10,BUF 37,17,21,Antowain Smith middle for 3 yards (tackle by Steve Israel and Chris Slade),1.400,1.260,run,,,Antowain Smith,,,,,,,,Steve Israel,Chris Slade,,,
1998,13,November 29,home,Buffalo Bills,https://www.pro-football-reference.com/boxscores/199811290nwe.htm,4,,2,7,BUF 40,17,21,Antowain Smith right guard for 8 yards (tackle by Steve Israel),1.260,2.130,run,,,Antowain Smith,,,,,,,,Steve Israel,,,,
1998,13,November 29,home,Buffalo Bills,https://www.pro-football-reference.com/boxscores/199811290nwe.htm,4,,1,10,BUF 48,17,21,Antowain Smith middle for no gain (tackle by Willie Clay and Ted Johnson),2.130,1.580,run,,,Antowain Smith,,,,,,,,Willie Clay,Ted Johnson,,,
1998,13,November 29,home,Buffalo Bills,https://www.pro-football-reference.com/boxscores/199811290nwe.htm,4,,2,10,BUF 48,17,21,Jonathan Linton right guard for 2 yards (tackle by Tedy Bruschi and Chad Eaton),1.580,1.160,run,,,Jonathan Linton,,,,,,,,Tedy Bruschi,Chad Eaton,,,
1998,13,November 29,home,Buffalo Bills,https://www.pro-football-reference.com/boxscores/199811290nwe.htm,4,2:24,3,8,NWE 50,17,21,Doug Flutie left guard for 2 yards (tackle by Greg Spires and Henry Thomas),1.160,0.070,run,,,Doug Flutie,,,,,,,,Greg Spires,Henry Thomas,,,
1998,13,November 29,home,Buffalo Bills,https://www.pro-football-reference.com/boxscores/199811290nwe.htm,4,2:00,4,6,NWE 48,17,21,Chris Mohr punts 30 yards,0.070,-0.040,punt,,,,,,,Chris Mohr,,,,,,,,
1998,13,November 29,home,Buffalo Bills,https://www.pro-football-reference.com/boxscores/199811290nwe.htm,4,1:52,1,10,NWE 18,17,21,Drew Bledsoe pass complete to Ben Coates for 11 yards (tackle by Donovan Greer and Eric Smedley),0.040,0.870,pass,,Drew Bledsoe,,Ben Coates,,,,,,,Donovan Greer,Eric Smedley,,,
1998,13,November 29,home,Buffalo Bills,https://www.pro-football-reference.com/boxscores/199811290nwe.htm,4,1:32,1,10,NWE 29,17,21,Drew Bledsoe pass complete to Derrick Cullors for 9 yards (tackle by Marlo Perry),0.870,1.540,pass,,Drew Bledsoe,,Derrick Cullors,,,,,,,Marlo Perry,,,,
1998,13,November 29,home,Buffalo Bills,https://www.pro-football-reference.com/boxscores/199811290nwe.htm,4,1:09,2,1,NWE 38,17,21,Drew Bledsoe pass incomplete intended for Derrick Cullors,1.540,0.830,pass,,Drew Bledsoe,,Derrick Cullors,,,,,,,,,,,
1998,13,November 29,home,Buffalo Bills,https://www.pro-football-reference.com/boxscores/199811290nwe.htm,4,1:03,3,1,NWE 38,17,21,Drew Bledsoe pass complete to Terry Glenn for 8 yards (tackle by Thomas Smith),0.830,1.990,pass,,Drew Bledsoe,,Terry Glenn,,,,,,,Thomas Smith,,,,
1998,13,November 29,home,Buffalo Bills,https://www.pro-football-reference.com/boxscores/199811290nwe.htm,4,0:59,1,10,NWE 46,17,21,"Drew Bledsoe pass incomplete intended for Derrick Cullors. Penalty on Marcellus Wiley: Encroachment, 5 yards (accepted) (no play)",1.990,2.720,no_play,,,,,,,,,,,,,,,
1998,13,November 29,home,Buffalo Bills,https://www.pro-football-reference.com/boxscores/199811290nwe.htm,4,0:54,1,5,BUF 49,17,21,Drew Bledsoe pass complete to Ben Coates for 12 yards (tackle by Marlo Perry),2.720,3.120,pass,,Drew Bledsoe,,Ben Coates,,,,,,,Marlo Perry,,,,
1998,13,November 29,home,Buffalo Bills,https://www.pro-football-reference.com/boxscores/199811290nwe.htm,4,0:38,1,10,BUF 37,17,21,Drew Bledsoe spiked the ball,3.120,2.570,qb_spike,,Drew Bledsoe,,,,,,,,,,,,,
1998,13,November 29,home,Buffalo Bills,https://www.pro-football-reference.com/boxscores/199811290nwe.htm,4,0:37,2,10,BUF 37,17,21,Drew Bledsoe pass incomplete intended for Shawn Jefferson,2.570,1.880,pass,,Drew Bledsoe,,Shawn Jefferson,,,,,,,,,,,
1998,13,November 29,home,Buffalo Bills,https://www.pro-football-reference.com/boxscores/199811290nwe.htm,4,0:32,3,10,BUF 37,17,21,Drew Bledsoe pass complete to Ben Coates for 1 yard (tackle by Kurt Schulz),1.880,0.880,pass,,Drew Bledsoe,,Ben Coates,,,,,,,Kurt Schulz,,,,
1998,13,November 29,home,Buffalo Bills,https://www.pro-football-reference.com/boxscores/199811290nwe.htm,4,0:11,4,9,BUF 36,17,21,Drew Bledsoe pass complete to Shawn Jefferson for 10 yards,0.880,3.840,pass,,Drew Bledsoe,,Shawn Jefferson,,,,,,,,,,,
1998,13,November 29,home,Buffalo Bills,https://www.pro-football-reference.com/boxscores/199811290nwe.htm,4,0:06,1,10,BUF 26,17,21,"Drew Bledsoe pass incomplete intended for Terry Glenn. Penalty on Henry Jones: Defensive Pass Interference, 25 yards (accepted) (no play)",3.840,6.970,no_play,,,,,,,,,,,,,,,
1998,13,November 29,home,Buffalo Bills,https://www.pro-football-reference.com/boxscores/199811290nwe.htm,4,0:00,1,1,BUF 1,23,21,"Drew Bledsoe pass complete to Ben Coates for 1 yard, touchdown",6.970,7.000,pass,,Drew Bledsoe,,Ben Coates,,,,,,,,,,,
1998,13,November 29,home,Buffalo Bills,https://www.pro-football-reference.com/boxscores/199811290nwe.htm,4,,,,,25,21,,0.000,0.000,other,,,,,,,,,,,,,,,
1998,14,December 6,away,Pittsburgh Steelers,https://www.pro-football-reference.com/boxscores/199812060pit.htm,,,,,,,,"Patriots won the coin toss, Steelers to receive the opening kickoff.",,,other,,,,,,,,,,,,,,,
1998,14,December 6,away,Pittsburgh Steelers,https://www.pro-football-reference.com/boxscores/199812060pit.htm,1,15:00,,,NWE 30,0,0,"Adam Vinatieri kicks off 62 yards, returned by David Dunn for 32 yards (tackle by Adam Vinatieri and Chris Canty)",0.000,-1.600,kickoff,,,,,,,,Adam Vinatieri,David Dunn,,Adam Vinatieri,Chris Canty,,,
1998,14,December 6,away,Pittsburgh Steelers,https://www.pro-football-reference.com/boxscores/199812060pit.htm,1,,1,10,PIT 40,0,0,Kordell Stewart pass incomplete intended for Charles Johnson,1.600,1.050,pass,,Kordell Stewart,,Charles Johnson,,,,,,,,,,,
1998,14,December 6,away,Pittsburgh Steelers,https://www.pro-football-reference.com/boxscores/199812060pit.htm,1,,2,10,PIT 40,0,0,Jerome Bettis left tackle for 14 yards (tackle by Ty Law),1.050,2.520,run,,,Jerome Bettis,,,,,,,,Ty Law,,,,
1998,14,December 6,away,Pittsburgh Steelers,https://www.pro-football-reference.com/boxscores/199812060pit.htm,1,,1,10,NWE 46,0,0,Jerome Bettis middle for 3 yards (tackle by Ferric Collons and Chad Eaton),2.520,2.380,run,,,Jerome Bettis,,,,,,,,Ferric Collons,Chad Eaton,,,
1998,14,December 6,away,Pittsburgh Steelers,https://www.pro-football-reference.com/boxscores/199812060pit.htm,1,,2,7,NWE 43,0,0,Kordell Stewart pass incomplete intended for Mark Bruener,2.380,1.680,pass,,Kordell Stewart,,Mark Bruener,,,,,,,,,,,
1998,14,December 6,away,Pittsburgh Steelers,https://www.pro-football-reference.com/boxscores/199812060pit.htm,1,,3,7,NWE 43,0,0,Kordell Stewart pass incomplete intended for Fred McAfee,1.680,0.400,pass,,Kordell Stewart,,Fred McAfee,,,,,,,,,,,
1998,14,December 6,away,Pittsburgh Steelers,https://www.pro-football-reference.com/boxscores/199812060pit.htm,1,,4,7,NWE 43,0,0,Josh Miller punts 30 yards,0.400,0.320,punt,,,,,,,Josh Miller,,,,,,,,
1998,14,December 6,away,Pittsburgh Steelers,https://www.pro-football-reference.com/boxscores/199812060pit.htm,1,13:11,1,10,NWE 13,0,0,Robert Edwards left end for 1 yard (tackle by Nolan Harrison),-0.320,-0.680,run,,,Robert Edwards,,,,,,,,Nolan Harrison,,,,
1998,14,December 6,away,Pittsburgh Steelers,https://www.pro-football-reference.com/boxscores/199812060pit.htm,1,,2,9,NWE 14,0,0,Drew Bledsoe pass complete to Terry Glenn for 11 yards (tackle by Jason Gildon),-0.680,0.610,pass,,Drew Bledsoe,,Terry Glenn,,,,,,,Jason Gildon,,,,
1998,14,December 6,away,Pittsburgh Steelers,https://www.pro-football-reference.com/boxscores/199812060pit.htm,1,,1,10,NWE 25,0,0,"Robert Edwards right tackle for -9 yards. Penalty on Nolan Harrison: Defensive Offside, 5 yards (accepted) (tackle by Earl Holmes) (no play)",0.610,1.340,no_play,,,,,,,,,,,Earl Holmes,,,,
1998,14,December 6,away,Pittsburgh Steelers,https://www.pro-football-reference.com/boxscores/199812060pit.htm,1,,1,5,NWE 30,0,0,Robert Edwards left guard for 1 yard (tackle by Earl Holmes),1.340,0.870,run,,,Robert Edwards,,,,,,,,Earl Holmes,,,,
1998,14,December 6,away,Pittsburgh Steelers,https://www.pro-football-reference.com/boxscores/199812060pit.htm,1,,2,4,NWE 31,0,0,"Robert Edwards right guard for no gain. Penalty on Zefross Moss: False Start, 5 yards (accepted) (no play)",0.870,0.200,no_play,,,,,,,,,,,,,,,
1998,14,December 6,away,Pittsburgh Steelers,https://www.pro-football-reference.com/boxscores/199812060pit.htm,1,,2,9,NWE 26,0,0,Drew Bledsoe pass incomplete intended for Ben Coates,0.200,-0.490,pass,,Drew Bledsoe,,Ben Coates,,,,,,,,,,,
1998,14,December 6,away,Pittsburgh Steelers,https://www.pro-football-reference.com/boxscores/199812060pit.htm,1,,3,9,NWE 26,0,0,Drew Bledsoe pass complete to Terry Glenn for 43 yards (tackle by Carlos Emmons and Deshea Townsend),-0.490,3.510,pass,,Drew Bledsoe,,Terry Glenn,,,,,,,Carlos Emmons,Deshea Townsend,,,
1998,14,December 6,away,Pittsburgh Steelers,https://www.pro-football-reference.com/boxscores/199812060pit.htm,1,,1,10,PIT 31,0,0,Drew Bledsoe pass complete to Ben Coates for 7 yards (tackle by Lee Flowers),3.510,3.910,pass,,Drew Bledsoe,,Ben Coates,,,,,,,Lee Flowers,,,,
1998,14,December 6,away,Pittsburgh Steelers,https://www.pro-football-reference.com/boxscores/199812060pit.htm,1,,2,3,PIT 24,0,0,Robert Edwards left tackle for 6 yards (tackle by Levon Kirkland),3.910,4.370,run,,,Robert Edwards,,,,,,,,Levon Kirkland,,,,
1998,14,December 6,away,Pittsburgh Steelers,https://www.pro-football-reference.com/boxscores/199812060pit.htm,1,,1,10,PIT 18,0,0,Drew Bledsoe pass complete to Tony Carter for 3 yards (tackle by Jason Gildon),4.370,4.250,pass,,Drew Bledsoe,,Tony Carter,,,,,,,Jason Gildon,,,,
1998,14,December 6,away,Pittsburgh Steelers,https://www.pro-football-reference.com/boxscores/199812060pit.htm,1,,2,7,PIT 15,0,0,Robert Edwards left guard for 4 yards (tackle by Darren Perry),4.250,4.260,run,,,Robert Edwards,,,,,,,,Darren Perry,,,,
1998,14,December 6,away,Pittsburgh Steelers,https://www.pro-football-reference.com/boxscores/199812060pit.htm,1,,3,3,PIT 11,0,0,Drew Bledsoe pass complete to Ben Coates for 4 yards (tackle by Levon Kirkland and Deshea Townsend),4.260,5.600,pass,,Drew Bledsoe,,Ben Coates,,,,,,,Levon Kirkland,Deshea Townsend,,,
1998,14,December 6,away,Pittsburgh Steelers,https://www.pro-football-reference.com/boxscores/199812060pit.htm,1,,1,7,PIT 7,0,0,Robert Edwards middle for 4 yards (tackle by Joel Steed),5.600,5.530,run,,,Robert Edwards,,,,,,,,Joel Steed,,,,
1998,14,December 6,away,Pittsburgh Steelers,https://www.pro-football-reference.com/boxscores/199812060pit.htm,1,,2,3,PIT 3,0,0,Drew Bledsoe pass incomplete intended for Terry Glenn,5.530,4.720,pass,,Drew Bledsoe,,Terry Glenn,,,,,,,,,,,
1998,14,December 6,away,Pittsburgh Steelers,https://www.pro-football-reference.com/boxscores/199812060pit.htm,1,,3,3,PIT 3,0,0,Drew Bledsoe pass incomplete intended for Shawn Jefferson,4.720,3.040,pass,,Drew Bledsoe,,Shawn Jefferson,,,,,,,,,,,
1998,14,December 6,away,Pittsburgh Steelers,https://www.pro-football-reference.com/boxscores/199812060pit.htm,1,,4,3,PIT 3,3,0,Adam Vinatieri 21 yard field goal good,3.040,3.000,field_goal,,,,,,,,Adam Vinatieri,,,,,,,
1998,14,December 6,away,Pittsburgh Steelers,https://www.pro-football-reference.com/boxscores/199812060pit.htm,1,5:26,,,NWE 30,3,0,"Adam Vinatieri kicks off 70 yards, returned by David Dunn for 17 yards (tackle by Derrick Cullors)",0.000,0.060,kickoff,,,,,,,,Adam Vinatieri,David Dunn,,Derrick Cullors,,,,
1998,14,December 6,away,Pittsburgh Steelers,https://www.pro-football-reference.com/boxscores/199812060pit.htm,1,,1,10,PIT 17,3,0,Jerome Bettis middle for 1 yard (tackle by Lawyer Milloy),-0.060,-0.420,run,,,Jerome Bettis,,,,,,,,Lawyer Milloy,,,,
1998,14,December 6,away,Pittsburgh Steelers,https://www.pro-football-reference.com/boxscores/199812060pit.htm,1,,2,9,PIT 18,3,0,Kordell Stewart pass complete to Jon Witman for -1 yards (tackle by Tedy Bruschi),-0.420,-1.250,pass,,Kordell Stewart,,Jon Witman,,,,,,,Tedy Bruschi,,,,
1998,14,December 6,away,Pittsburgh Steelers,https://www.pro-football-reference.com/boxscores/199812060pit.htm,1,,3,10,PIT 17,3,0,Kordell Stewart pass complete to Hines Ward for 10 yards,-1.250,0.740,pass,,Kordell Stewart,,Hines Ward,,,,,,,,,,,
1998,14,December 6,away,Pittsburgh Steelers,https://www.pro-football-reference.com/boxscores/199812060pit.htm,1,,1,10,PIT 27,3,0,Kordell Stewart pass complete to Courtney Hawkins for 8 yards (tackle by Lawyer Milloy),0.740,1.280,pass,,Kordell Stewart,,Courtney Hawkins,,,,,,,Lawyer Milloy,,,,
1998,14,December 6,away,Pittsburgh Steelers,https://www.pro-football-reference.com/boxscores/199812060pit.htm,1,,2,2,PIT 35,3,0,Jerome Bettis right tackle for 5 yards (tackle by Willie Clay and Chris Sullivan),1.280,1.600,run,,,Jerome Bettis,,,,,,,,Willie Clay,Chris Sullivan,,,
1998,14,December 6,away,Pittsburgh Steelers,https://www.pro-football-reference.com/boxscores/199812060pit.htm,1,,1,10,PIT 40,3,0,Kordell Stewart pass incomplete intended for Charles Johnson,1.600,1.050,pass,,Kordell Stewart,,Charles Johnson,,,,,,,,,,,
1998,14,December 6,away,Pittsburgh Steelers,https://www.pro-football-reference.com/boxscores/199812060pit.htm,1,,2,10,PIT 40,3,0,Kordell Stewart sacked by Chad Eaton for 5 yards,1.050,-0.300,pass,,Kordell Stewart,,,,Chad Eaton,,,,,,,,,
1998,14,December 6,away,Pittsburgh Steelers,https://www.pro-football-reference.com/boxscores/199812060pit.htm,1,,3,15,PIT 35,3,0,Kordell Stewart pass incomplete intended for Charles Johnson,-0.300,-1.040,pass,,Kordell Stewart,,Charles Johnson,,,,,,,,,,,
1998,14,December 6,away,Pittsburgh Steelers,https://www.pro-football-reference.com/boxscores/199812060pit.htm,1,,4,15,PIT 35,3,0,Josh Miller punts 29 yards,-1.040,-1.330,punt,,,,,,,Josh Miller,,,,,,,,
1998,14,December 6,away,Pittsburgh Steelers,https://www.pro-football-reference.com/boxscores/199812060pit.htm,1,1:29,1,10,NWE 36,3,0,Drew Bledsoe scrambles middle for 7 yards (tackle by Kevin Henry),1.330,1.740,run,,,Drew Bledsoe,,,,,,,,Kevin Henry,,,,
1998,14,December 6,away,Pittsburgh Steelers,https://www.pro-football-reference.com/boxscores/199812060pit.htm,1,,2,3,NWE 43,3,0,Robert Edwards right guard for 17 yards,1.740,2.920,run,,,Robert Edwards,,,,,,,,,,,,
1998,14,December 6,away,Pittsburgh Steelers,https://www.pro-football-reference.com/boxscores/199812060pit.htm,1,,1,10,PIT 40,3,0,Drew Bledsoe pass complete to Shawn Jefferson for 25 yards (tackle by Dewayne Washington),2.920,4.580,pass,,Drew Bledsoe,,Shawn Jefferson,,,,,,,Dewayne Washington,,,,
1998,14,December 6,away,Pittsburgh Steelers,https://www.pro-football-reference.com/boxscores/199812060pit.htm,2,15:00,1,10,PIT 15,3,0,Drew Bledsoe pass complete to Ben Coates for 7 yards (tackle by Levon Kirkland and Darren Perry),4.580,5.220,pass,,Drew Bledsoe,,Ben Coates,,,,,,,Levon Kirkland,Darren Perry,,,
1998,14,December 6,away,Pittsburgh Steelers,https://www.pro-football-reference.com/boxscores/199812060pit.htm,2,,2,3,PIT 8,3,0,Robert Edwards left end for -4 yards (tackle by Carlos Emmons),5.220,3.580,run,,,Robert Edwards,,,,,,,,Carlos Emmons,,,,
1998,14,December 6,away,Pittsburgh Steelers,https://www.pro-football-reference.com/boxscores/199812060pit.htm,2,,3,7,PIT 12,3,0,Drew Bledsoe pass incomplete intended for Ben Coates,3.580,2.630,pass,,Drew Bledsoe,,Ben Coates,,,,,,,,,,,
1998,14,December 6,away,Pittsburgh Steelers,https://www.pro-football-reference.com/boxscores/199812060pit.htm,2,,4,7,PIT 12,6,0,Adam Vinatieri 29 yard field goal good,2.630,3.000,field_goal,,,,,,,,Adam Vinatieri,,,,,,,
1998,14,December 6,away,Pittsburgh Steelers,https://www.pro-football-reference.com/boxscores/199812060pit.htm,2,13:38,,,NWE 30,6,0,"Adam Vinatieri kicks off 61 yards, returned by Will Blackwell for 17 yards (tackle by Tebucky Jones)",0.000,-0.670,kickoff,,,,,,,,Adam Vinatieri,Will Blackwell,,Tebucky Jones,,,,
1998,14,December 6,away,Pittsburgh Steelers,https://www.pro-football-reference.com/boxscores/199812060pit.htm,2,,1,10,PIT 26,6,0,Jerome Bettis middle for 3 yards (tackle by Chad Eaton and Greg Spires),0.670,0.540,run,,,Jerome Bettis,,,,,,,,Chad Eaton,Greg Spires,,,
1998,14,December 6,away,Pittsburgh Steelers,https://www.pro-football-reference.com/boxscores/199812060pit.htm,2,,2,7,PIT 29,6,0,Kordell Stewart pass incomplete intended for Courtney Hawkins,0.540,-0.160,pass,,Kordell Stewart,,Courtney Hawkins,,,,,,,,,,,
1998,14,December 6,away,Pittsburgh Steelers,https://www.pro-football-reference.com/boxscores/199812060pit.htm,2,,3,7,PIT 29,6,0,Kordell Stewart pass incomplete intended for Hines Ward,-0.160,-1.440,pass,,Kordell Stewart,,Hines Ward,,,,,,,,,,,
1998,14,December 6,away,Pittsburgh Steelers,https://www.pro-football-reference.com/boxscores/199812060pit.htm,2,,4,7,PIT 29,6,0,"Josh Miller punts 50 yards, returned by Chris Canty for no gain (tackle by Mike Vrabel and Hines Ward)",-1.440,-0.340,punt,,,,,,,Josh Miller,,Chris Canty,,Mike Vrabel,Hines Ward,,,
1998,14,December 6,away,Pittsburgh Steelers,https://www.pro-football-reference.com/boxscores/199812060pit.htm,2,12:32,1,10,NWE 21,6,0,Robert Edwards left tackle for 1 yard (tackle by Kevin Henry and Levon Kirkland),0.340,-0.070,run,,,Robert Edwards,,,,,,,,Kevin Henry,Levon Kirkland,,,
1998,14,December 6,away,Pittsburgh Steelers,https://www.pro-football-reference.com/boxscores/199812060pit.htm,2,,2,9,NWE 22,6,0,Drew Bledsoe pass complete to Terry Glenn for 11 yards,-0.070,1.140,pass,,Drew Bledsoe,,Terry Glenn,,,,,,,,,,,
1998,14,December 6,away,Pittsburgh Steelers,https://www.pro-football-reference.com/boxscores/199812060pit.htm,2,,1,10,NWE 33,6,0,Drew Bledsoe pass incomplete intended for Terry Glenn,1.140,0.590,pass,,Drew Bledsoe,,Terry Glenn,,,,,,,,,,,
1998,14,December 6,away,Pittsburgh Steelers,https://www.pro-football-reference.com/boxscores/199812060pit.htm,2,,2,10,NWE 33,6,0,Robert Edwards left tackle for 4 yards (tackle by Earl Holmes and Levon Kirkland),0.590,0.430,run,,,Robert Edwards,,,,,,,,Earl Holmes,Levon Kirkland,,,
1998,14,December 6,away,Pittsburgh Steelers,https://www.pro-football-reference.com/boxscores/199812060pit.htm,2,,3,6,NWE 37,6,0,"Drew Bledsoe pass incomplete. Penalty on Max Lane: False Start, 5 yards (accepted) (no play)",0.430,-0.230,no_play,,,,,,,,,,,,,,,
1998,14,December 6,away,Pittsburgh Steelers,https://www.pro-football-reference.com/boxscores/199812060pit.htm,2,,3,11,NWE 32,6,0,Drew Bledsoe pass complete to Ben Coates for 30 yards,-0.230,3.050,pass,,Drew Bledsoe,,Ben Coates,,,,,,,,,,,
1998,14,December 6,away,Pittsburgh Steelers,https://www.pro-football-reference.com/boxscores/199812060pit.htm,2,9:34,1,10,PIT 38,6,0,Drew Bledsoe pass complete to Tony Simmons for 12 yards (tackle by Lee Flowers),3.050,3.840,pass,,Drew Bledsoe,,Tony Simmons,,,,,,,Lee Flowers,,,,
1998,14,December 6,away,Pittsburgh Steelers,https://www.pro-football-reference.com/boxscores/199812060pit.htm,2,,1,10,PIT 26,6,0,Robert Edwards right tackle for no gain (tackle by Oliver Gibson),3.840,3.300,run,,,Robert Edwards,,,,,,,,Oliver Gibson,,,,
1998,14,December 6,away,Pittsburgh Steelers,https://www.pro-football-reference.com/boxscores/199812060pit.htm,2,,2,10,PIT 26,6,0,Drew Bledsoe pass incomplete intended for Robert Edwards,3.300,2.610,pass,,Drew Bledsoe,,Robert Edwards,,,,,,,,,,,
1998,14,December 6,away,Pittsburgh Steelers,https://www.pro-football-reference.com/boxscores/199812060pit.htm,2,,3,10,PIT 26,6,0,Drew Bledsoe pass intended for Ben Coates is intercepted by Levon Kirkland at PS16 and returned for 1 yard,2.610,0.060,pass,,Drew Bledsoe,,Ben Coates,Levon Kirkland,,,,,,,,,,
1998,14,December 6,away,Pittsburgh Steelers,https://www.pro-football-reference.com/boxscores/199812060pit.htm,2,7:53,1,10,PIT 17,6,0,Kordell Stewart pass complete to Mark Bruener for 5 yards (tackle by Chris Slade),-0.060,0.210,pass,,Kordell Stewart,,Mark Bruener,,,,,,,Chris Slade,,,,
1998,14,December 6,away,Pittsburgh Steelers,https://www.pro-football-reference.com/boxscores/199812060pit.htm,2,,2,5,PIT 22,6,0,Jerome Bettis middle for 3 yards (tackle by Todd Collins),0.210,-0.240,run,,,Jerome Bettis,,,,,,,,Todd Collins,,,,
1998,14,December 6,away,Pittsburgh Steelers,https://www.pro-football-reference.com/boxscores/199812060pit.htm,2,,3,2,PIT 25,6,0,Kordell Stewart pass complete to Courtney Hawkins for 9 yards (tackle by Lawyer Milloy),-0.240,1.200,pass,,Kordell Stewart,,Courtney Hawkins,,,,,,,Lawyer Milloy,,,,
1998,14,December 6,away,Pittsburgh Steelers,https://www.pro-football-reference.com/boxscores/199812060pit.htm,2,,1,10,PIT 34,6,0,Kordell Stewart pass complete to Will Blackwell for 22 yards (tackle by Steve Israel),1.200,2.650,pass,,Kordell Stewart,,Will Blackwell,,,,,,,Steve Israel,,,,
1998,14,December 6,away,Pittsburgh Steelers,https://www.pro-football-reference.com/boxscores/199812060pit.htm,2,,1,10,NWE 44,6,0,"Kordell Stewart pass incomplete. Penalty on Brenden Stai: False Start, 5 yards (accepted) (no play)",2.650,2.320,no_play,,,,,,,,,,,,,,,
1998,14,December 6,away,Pittsburgh Steelers,https://www.pro-football-reference.com/boxscores/199812060pit.htm,2,,1,15,NWE 49,6,0,Jerome Bettis left guard for 13 yards (tackle by Willie Clay),2.320,3.190,run,,,Jerome Bettis,,,,,,,,Willie Clay,,,,
1998,14,December 6,away,Pittsburgh Steelers,https://www.pro-football-reference.com/boxscores/199812060pit.htm,2,,2,2,NWE 36,6,0,Jerome Bettis middle for 2 yards (tackle by Willie Clay and Henry Thomas),3.190,3.310,run,,,Jerome Bettis,,,,,,,,Willie Clay,Henry Thomas,,,
1998,14,December 6,away,Pittsburgh Steelers,https://www.pro-football-reference.com/boxscores/199812060pit.htm,2,,1,10,NWE 34,6,0,Kordell Stewart pass incomplete intended for Charles Johnson,3.310,2.770,pass,,Kordell Stewart,,Charles Johnson,,,,,,,,,,,
1998,14,December 6,away,Pittsburgh Steelers,https://www.pro-football-reference.com/boxscores/199812060pit.htm,2,,2,10,NWE 34,6,0,Kordell Stewart pass complete to Jon Witman for 3 yards (tackle by Marty Moore),2.770,2.480,pass,,Kordell Stewart,,Jon Witman,,,,,,,Marty Moore,,,,
1998,14,December 6,away,Pittsburgh Steelers,https://www.pro-football-reference.com/boxscores/199812060pit.htm,2,,3,7,NWE 31,6,0,Kordell Stewart pass incomplete intended for Fred McAfee,2.480,1.320,pass,,Kordell Stewart,,Fred McAfee,,,,,,,,,,,
1998,14,December 6,away,Pittsburgh Steelers,https://www.pro-football-reference.com/boxscores/199812060pit.htm,2,,4,7,NWE 31,6,3,Norm Johnson 49 yard field goal good,1.320,3.000,field_goal,,,,,,,,Norm Johnson,,,,,,,
1998,14,December 6,away,Pittsburgh Steelers,https://www.pro-football-reference.com/boxscores/199812060pit.htm,2,2:58,,,PIT 30,6,3,"Norm Johnson kicks off 62 yards, returned by Chris Canty for 15 yards (tackle by Richard Huntley and Fred McAfee). Penalty on Chris Sullivan: Offensive Holding, 10 yards (accepted)",0.000,0.320,kickoff,,,,,,,,Norm Johnson,Chris Canty,,Richard Huntley,Fred McAfee,,,
1998,14,December 6,away,Pittsburgh Steelers,https://www.pro-football-reference.com/boxscores/199812060pit.htm,2,,1,10,NWE 13,6,3,Robert Edwards middle for 1 yard (tackle by Kevin Henry),-0.320,-0.680,run,,,Robert Edwards,,,,,,,,Kevin Henry,,,,
1998,14,December 6,away,Pittsburgh Steelers,https://www.pro-football-reference.com/boxscores/199812060pit.htm,2,,2,9,NWE 14,12,3,"Drew Bledsoe pass complete to Terry Glenn for 86 yards, touchdown",-0.680,7.000,pass,,Drew Bledsoe,,Terry Glenn,,,,,,,,,,,
1998,14,December 6,away,Pittsburgh Steelers,https://www.pro-football-reference.com/boxscores/199812060pit.htm,2,1:56,,,,13,3,Adam Vinatieri kicks extra point good,0.000,0.000,extra_point,,,,,,,,Adam Vinatieri,,,,,,,
1998,14,December 6,away,Pittsburgh Steelers,https://www.pro-football-reference.com/boxscores/199812060pit.htm,2,,,,NWE 30,13,3,"Adam Vinatieri kicks off 60 yards, returned by Will Blackwell for 14 yards (tackle by Chris Floyd and Marty Moore)",0.000,-0.540,kickoff,,,,,,,,Adam Vinatieri,Will Blackwell,,Chris Floyd,Marty Moore,,,
1998,14,December 6,away,Pittsburgh Steelers,https://www.pro-football-reference.com/boxscores/199812060pit.htm,2,1:50,1,10,PIT 24,13,3,Kordell Stewart pass complete to Charles Johnson for 12 yards (tackle by Ty Law),0.540,1.330,pass,,Kordell Stewart,,Charles Johnson,,,,,,,Ty Law,,,,
1998,14,December 6,away,Pittsburgh Steelers,https://www.pro-football-reference.com/boxscores/199812060pit.htm,2,1:46,1,10,PIT 36,13,3,Kordell Stewart pass complete to Hines Ward for 9 yards (tackle by Tebucky Jones),1.330,2.010,pass,,Kordell Stewart,,Hines Ward,,,,,,,Tebucky Jones,,,,
1998,14,December 6,away,Pittsburgh Steelers,https://www.pro-football-reference.com/boxscores/199812060pit.htm,2,1:26,2,1,PIT 45,13,3,Kordell Stewart sacked by Chad Eaton for 4 yards,2.010,0.760,pass,,Kordell Stewart,,,,Chad Eaton,,,,,,,,,
1998,14,December 6,away,Pittsburgh Steelers,https://www.pro-football-reference.com/boxscores/199812060pit.htm,2,1:12,3,5,PIT 41,13,3,Kordell Stewart pass complete to Courtney Hawkins for 11 yards (tackle by Ty Law),0.760,2.390,pass,,Kordell Stewart,,Courtney Hawkins,,,,,,,Ty Law,,,,
1998,14,December 6,away,Pittsburgh Steelers,https://www.pro-football-reference.com/boxscores/199812060pit.htm,2,0:52,1,10,NWE 48,13,3,Kordell Stewart pass complete to Charles Johnson for 9 yards (tackle by Ty Law),2.390,3.060,pass,,Kordell Stewart,,Charles Johnson,,,,,,,Ty Law,,,,
1998,14,December 6,away,Pittsburgh Steelers,https://www.pro-football-reference.com/boxscores/199812060pit.htm,2,0:35,2,1,NWE 39,13,3,Kordell Stewart pass complete to Will Blackwell for 22 yards (tackle by Lawyer Milloy),3.060,0.000,pass,,Kordell Stewart,,Will Blackwell,,,,,,,Lawyer Milloy,,,,
1998,14,December 6,away,Pittsburgh Steelers,https://www.pro-football-reference.com/boxscores/199812060pit.htm,2,,,,,13,3,Penalty on Ty Law: Defensive Holding (declined),0.000,4.440,penalty,,,,,,,,,,,,,,,Ty Law
1998,14,December 6,away,Pittsburgh Steelers,https://www.pro-football-reference.com/boxscores/199812060pit.htm,2,0:27,1,10,NWE 17,13,3,Kordell Stewart pass incomplete intended for David Dunn,4.440,3.850,pass,,Kordell Stewart,,David Dunn,,,,,,,,,,,
1998,14,December 6,away,Pittsburgh Steelers,https://www.pro-football-reference.com/boxscores/199812060pit.htm,2,0:24,2,10,NWE 17,13,3,Kordell Stewart pass incomplete intended for Courtney Hawkins,3.850,3.070,pass,,Kordell Stewart,,Courtney Hawkins,,,,,,,,,,,
1998,14,December 6,away,Pittsburgh Steelers,https://www.pro-football-reference.com/boxscores/199812060pit.htm,2,0:18,3,10,NWE 17,13,3,Kordell Stewart pass complete to David Dunn for 9 yards (tackle by Ty Law),3.070,2.990,pass,,Kordell Stewart,,David Dunn,,,,,,,Ty Law,,,,
1998,14,December 6,away,Pittsburgh Steelers,https://www.pro-football-reference.com/boxscores/199812060pit.htm,2,0:11,4,1,NWE 8,13,6,Norm Johnson 26 yard field goal good,2.990,3.000,field_goal,,,,,,,,Norm Johnson,,,,,,,
1998,14,December 6,away,Pittsburgh Steelers,https://www.pro-football-reference.com/boxscores/199812060pit.htm,2,0:07,,,PIT 30,13,6,"Norm Johnson kicks off 42 yards, returned by Chris Sullivan for 5 yards",0.000,-1.140,kickoff,,,,,,,,Norm Johnson,Chris Sullivan,,,,,,
1998,14,December 6,away,Pittsburgh Steelers,https://www.pro-football-reference.com/boxscores/199812060pit.htm,2,0:03,1,10,NWE 33,13,6,Drew Bledsoe kneels for -2 yards,1.140,0.320,run,,,Drew Bledsoe,,,,,,,,,,,,
1998,14,December 6,away,Pittsburgh Steelers,https://www.pro-football-reference.com/boxscores/199812060pit.htm,3,15:00,,,PIT 30,13,6,"Norm Johnson kicks off 63 yards, returned by Derrick Cullors for 18 yards (tackle by John Fiala and Hines Ward)",0.000,-0.610,kickoff,,,,,,,,Norm Johnson,Derrick Cullors,,John Fiala,Hines Ward,,,
1998,14,December 6,away,Pittsburgh Steelers,https://www.pro-football-reference.com/boxscores/199812060pit.htm,3,,1,10,NWE 25,13,6,Drew Bledsoe pass complete to Terry Glenn for 5 yards (tackle by Levon Kirkland),0.610,0.740,pass,,Drew Bledsoe,,Terry Glenn,,,,,,,Levon Kirkland,,,,
1998,14,December 6,away,Pittsburgh Steelers,https://www.pro-football-reference.com/boxscores/199812060pit.htm,3,,2,5,NWE 30,13,6,Drew Bledsoe pass complete to Terry Glenn for 9 yards (tackle by Carlos Emmons),0.740,1.530,pass,,Drew Bledsoe,,Terry Glenn,,,,,,,Carlos Emmons,,,,
1998,14,December 6,away,Pittsburgh Steelers,https://www.pro-football-reference.com/boxscores/199812060pit.htm,3,,1,10,NWE 39,13,6,Robert Edwards middle for 4 yards (tackle by Dewayne Washington),1.530,1.530,run,,,Robert Edwards,,,,,,,,Dewayne Washington,,,,
1998,14,December 6,away,Pittsburgh Steelers,https://www.pro-football-reference.com/boxscores/199812060pit.htm,3,,2,6,NWE 43,13,6,Drew Bledsoe pass complete to Terry Glenn for 4 yards,1.530,1.360,pass,,Drew Bledsoe,,Terry Glenn,,,,,,,,,,,
1998,14,December 6,away,Pittsburgh Steelers,https://www.pro-football-reference.com/boxscores/199812060pit.htm,3,,3,2,NWE 47,13,6,Drew Bledsoe pass complete to Robert Edwards for 6 yards (tackle by Carnell Lake),1.360,2.460,pass,,Drew Bledsoe,,Robert Edwards,,,,,,,Carnell Lake,,,,
1998,14,December 6,away,Pittsburgh Steelers,https://www.pro-football-reference.com/boxscores/199812060pit.htm,3,,1,10,PIT 47,13,6,"Drew Bledsoe pass incomplete intended for Terry Glenn. Penalty on Nolan Harrison: Defensive Offside, 5 yards (accepted) (no play)",2.460,3.190,no_play,,,,,,,,,,,,,,,
1998,14,December 6,away,Pittsburgh Steelers,https://www.pro-football-reference.com/boxscores/199812060pit.htm,3,,1,5,PIT 42,13,6,"Drew Bledsoe sacked by, recovered by Drew Bledsoe at PS42 Kevin Henry for 13 yards. Drew Bledsoe fumbles",3.190,0.830,pass,,Drew Bledsoe,,,,,,,,,,,,Drew Bledsoe,
1998,14,December 6,away,Pittsburgh Steelers,https://www.pro-football-reference.com/boxscores/199812060pit.htm,3,11:21,2,18,NWE 45,13,6,Drew Bledsoe pass incomplete intended for Terry Glenn,0.830,0.170,pass,,Drew Bledsoe,,Terry Glenn,,,,,,,,,,,
1998,14,December 6,away,Pittsburgh Steelers,https://www.pro-football-reference.com/boxscores/199812060pit.htm,3,,3,18,NWE 45,13,6,Drew Bledsoe pass intended for Terry Glenn is intercepted by Chris Oldham at PS40 and returned for 14 yards,0.170,-2.520,pass,,Drew Bledsoe,,Terry Glenn,Chris Oldham,,,,,,,,,,
1998,14,December 6,away,Pittsburgh Steelers,https://www.pro-football-reference.com/boxscores/199812060pit.htm,3,11:02,1,10,NWE 46,13,6,Kordell Stewart pass incomplete intended for Charles Johnson,2.520,1.980,pass,,Kordell Stewart,,Charles Johnson,,,,,,,,,,,
1998,14,December 6,away,Pittsburgh Steelers,https://www.pro-football-reference.com/boxscores/199812060pit.htm,3,,2,10,NWE 46,13,6,Kordell Stewart pass complete to Mark Bruener for 17 yards (tackle by Willie Clay),1.980,3.640,pass,,Kordell Stewart,,Mark Bruener,,,,,,,Willie Clay,,,,
1998,14,December 6,away,Pittsburgh Steelers,https://www.pro-football-reference.com/boxscores/199812060pit.htm,3,,1,10,NWE 29,13,6,Jerome Bettis left end for no gain (tackle by Henry Thomas),3.640,3.100,run,,,Jerome Bettis,,,,,,,,Henry Thomas,,,,
1998,14,December 6,away,Pittsburgh Steelers,https://www.pro-football-reference.com/boxscores/199812060pit.htm,3,,2,10,NWE 29,13,6,Kordell Stewart sacked by Chad Eaton for 2 yards,3.100,0.000,pass,,Kordell Stewart,,,,Chad Eaton,,,,,,,,,
1998,14,December 6,away,Pittsburgh Steelers,https://www.pro-football-reference.com/boxscores/199812060pit.htm,3,,,,NWE 31,13,6,"Penalty on Willie McGinest: Face Mask (5 Yards), 5 yards (accepted)",0.000,3.510,penalty,,,,,,,,,,,,,,,Willie McGinest
1998,14,December 6,away,Pittsburgh Steelers,https://www.pro-football-reference.com/boxscores/199812060pit.htm,3,,2,7,NWE 26,13,6,Jerome Bettis left guard for 1 yard (tackle by Chris Sullivan),3.510,2.940,run,,,Jerome Bettis,,,,,,,,Chris Sullivan,,,,
1998,14,December 6,away,Pittsburgh Steelers,https://www.pro-football-reference.com/boxscores/199812060pit.htm,3,,3,6,NWE 25,13,6,Kordell Stewart pass incomplete intended for Hines Ward,2.940,1.830,pass,,Kordell Stewart,,Hines Ward,,,,,,,,,,,
1998,14,December 6,away,Pittsburgh Steelers,https://www.pro-football-reference.com/boxscores/199812060pit.htm,3,,4,6,NWE 25,13,9,Norm Johnson 43 yard field goal good,1.830,3.000,field_goal,,,,,,,,Norm Johnson,,,,,,,
1998,14,December 6,away,Pittsburgh Steelers,https://www.pro-football-reference.com/boxscores/199812060pit.htm,3,8:34,,,PIT 30,13,9,"Norm Johnson kicks off 60 yards, returned by Derrick Cullors for 19 yards (tackle by Bo Orlando). Penalty on Vernon Crawford: Illegal Block Above the Waist, 10 yards (accepted)",0.000,-0.150,kickoff,,,,,,,,Norm Johnson,Derrick Cullors,,Bo Orlando,,,,
1998,14,December 6,away,Pittsburgh Steelers,https://www.pro-football-reference.com/boxscores/199812060pit.htm,3,,1,10,NWE 19,13,9,"Robert Edwards right end for no gain (tackle by Earl Holmes and Joel Steed). Penalty on Tony Carter: Offensive Holding, 9 yards (accepted) (no play)",0.150,-0.720,no_play,,,,,,,,,,,Earl Holmes,Joel Steed,,,
1998,14,December 6,away,Pittsburgh Steelers,https://www.pro-football-reference.com/boxscores/199812060pit.htm,3,,1,19,NWE 10,13,9,"Drew Bledsoe pass incomplete. Penalty on Bruce Armstrong: False Start, 5 yards (accepted) (no play)",-0.720,-0.910,no_play,,,,,,,,,,,,,,,
1998,14,December 6,away,Pittsburgh Steelers,https://www.pro-football-reference.com/boxscores/199812060pit.htm,3,,1,24,NWE 5,13,9,Drew Bledsoe pass incomplete intended for Terry Glenn,-0.910,-1.800,pass,,Drew Bledsoe,,Terry Glenn,,,,,,,,,,,
1998,14,December 6,away,Pittsburgh Steelers,https://www.pro-football-reference.com/boxscores/199812060pit.htm,3,,2,24,NWE 5,13,9,Drew Bledsoe pass incomplete intended for Tony Carter,-1.800,-3.060,pass,,Drew Bledsoe,,Tony Carter,,,,,,,,,,,
1998,14,December 6,away,Pittsburgh Steelers,https://www.pro-football-reference.com/boxscores/199812060pit.htm,3,7:36,3,24,NWE 5,13,9,Drew Bledsoe pass incomplete intended for Terry Glenn,-3.060,-2.490,pass,,Drew Bledsoe,,Terry Glenn,,,,,,,,,,,
1998,14,December 6,away,Pittsburgh Steelers,https://www.pro-football-reference.com/boxscores/199812060pit.htm,3,,4,24,NWE 5,13,9,"Penalty on Tom Tupa: Delay of Game, 3 yards (accepted)",-2.490,-2.490,penalty,,,,,,,,,,,,,,,Tom Tupa
1998,14,December 6,away,Pittsburgh Steelers,https://www.pro-football-reference.com/boxscores/199812060pit.htm,3,,4,27,NWE 2,13,9,"Tom Tupa punts 63 yards, returned by Courtney Hawkins for 14 yards (tackle by Mike Bartrum)",-2.490,-2.190,punt,,,,,,,Tom Tupa,,Courtney Hawkins,,Mike Bartrum,,,,
1998,14,December 6,away,Pittsburgh Steelers,https://www.pro-football-reference.com/boxscores/199812060pit.htm,3,7:13,1,10,PIT 49,13,9,Jerome Bettis right guard for 2 yards (tackle by Chad Eaton and Henry Thomas),2.190,1.920,run,,,Jerome Bettis,,,,,,,,Chad Eaton,Henry Thomas,,,
1998,14,December 6,away,Pittsburgh Steelers,https://www.pro-football-reference.com/boxscores/199812060pit.htm,3,,2,8,NWE 49,13,9,Kordell Stewart pass incomplete intended for Jon Witman,1.920,1.220,pass,,Kordell Stewart,,Jon Witman,,,,,,,,,,,
1998,14,December 6,away,Pittsburgh Steelers,https://www.pro-football-reference.com/boxscores/199812060pit.htm,3,,3,8,NWE 49,13,9,Kordell Stewart pass incomplete intended for Hines Ward,1.220,0.000,pass,,Kordell Stewart,,Hines Ward,,,,,,,,,,,
1998,14,December 6,away,Pittsburgh Steelers,https://www.pro-football-reference.com/boxscores/199812060pit.htm,3,,4,8,NWE 49,13,9,Josh Miller punts 41 yards,0.000,0.380,punt,,,,,,,Josh Miller,,,,,,,,
1998,14,December 6,away,Pittsburgh Steelers,https://www.pro-football-reference.com/boxscores/199812060pit.htm,3,6:16,1,10,NWE 8,13,9,Robert Edwards left tackle for 4 yards (tackle by Earl Holmes and Darren Perry),-0.380,-0.490,run,,,Robert Edwards,,,,,,,,Earl Holmes,Darren Perry,,,
1998,14,December 6,away,Pittsburgh Steelers,https://www.pro-football-reference.com/boxscores/199812060pit.htm,3,,2,6,NWE 12,13,9,Robert Edwards right tackle for -3 yards (tackle by Earl Holmes and Joel Steed),-0.490,-1.300,run,,,Robert Edwards,,,,,,,,Earl Holmes,Joel Steed,,,
1998,14,December 6,away,Pittsburgh Steelers,https://www.pro-football-reference.com/boxscores/199812060pit.htm,3,,3,9,NWE 9,13,9,Drew Bledsoe pass complete to Ben Coates for 20 yards (tackle by Lee Flowers),-1.300,0.870,pass,,Drew Bledsoe,,Ben Coates,,,,,,,Lee Flowers,,,,
1998,14,December 6,away,Pittsburgh Steelers,https://www.pro-football-reference.com/boxscores/199812060pit.htm,3,,1,10,NWE 29,13,9,Robert Edwards middle for 2 yards (tackle by Jason Gildon and Nolan Harrison),0.870,0.600,run,,,Robert Edwards,,,,,,,,Jason Gildon,Nolan Harrison,,,
1998,14,December 6,away,Pittsburgh Steelers,https://www.pro-football-reference.com/boxscores/199812060pit.htm,3,,2,8,NWE 31,13,9,Drew Bledsoe pass complete to Ben Coates for 10 yards (tackle by Lee Flowers),0.600,1.660,pass,,Drew Bledsoe,,Ben Coates,,,,,,,Lee Flowers,,,,
1998,14,December 6,away,Pittsburgh Steelers,https://www.pro-football-reference.com/boxscores/199812060pit.htm,3,,1,10,NWE 41,13,9,Drew Bledsoe pass complete to Terry Glenn for 15 yards (tackle by Carnell Lake),1.660,2.650,pass,,Drew Bledsoe,,Terry Glenn,,,,,,,Carnell Lake,,,,
1998,14,December 6,away,Pittsburgh Steelers,https://www.pro-football-reference.com/boxscores/199812060pit.htm,3,,1,10,PIT 44,13,9,"Drew Bledsoe pass complete to Rod Rutledge for 1 yard (tackle by Carnell Lake and Darren Perry). Penalty on Tony Simmons: Illegal Motion, 5 yards (accepted) (no play)",2.650,2.320,no_play,,,,,,,,,,,Carnell Lake,Darren Perry,,,
1998,14,December 6,away,Pittsburgh Steelers,https://www.pro-football-reference.com/boxscores/199812060pit.htm,3,,1,15,PIT 49,13,9,Robert Edwards right tackle for 4 yards (tackle by Jason Gildon),2.320,1.980,run,,,Robert Edwards,,,,,,,,Jason Gildon,,,,
1998,14,December 6,away,Pittsburgh Steelers,https://www.pro-football-reference.com/boxscores/199812060pit.htm,3,,2,11,PIT 45,13,9,Drew Bledsoe pass complete to Chris Floyd for 6 yards (tackle by Levon Kirkland),1.980,2.080,pass,,Drew Bledsoe,,Chris Floyd,,,,,,,Levon Kirkland,,,,
1998,14,December 6,away,Pittsburgh Steelers,https://www.pro-football-reference.com/boxscores/199812060pit.htm,3,,3,5,PIT 39,13,9,Drew Bledsoe sacked by Orpheus Roye for 10 yards,2.080,0.000,pass,,Drew Bledsoe,,,,Orpheus Roye,,,,,,,,,
1998,14,December 6,away,Pittsburgh Steelers,https://www.pro-football-reference.com/boxscores/199812060pit.htm,3,,4,15,PIT 49,13,9,"Penalty on Vernon Crawford: False Start, 5 yards (accepted)",0.000,-0.320,penalty,,,,,,,,,,,,,,,Vernon Crawford
1998,14,December 6,away,Pittsburgh Steelers,https://www.pro-football-reference.com/boxscores/199812060pit.htm,3,,4,20,NWE 46,13,9,"Tom Tupa punts 54 yards, touchback.",-0.320,0.000,punt,,,,,,,Tom Tupa,,,,,,,,
1998,14,December 6,away,Pittsburgh Steelers,https://www.pro-football-reference.com/boxscores/199812060pit.htm,3,,,,,13,9,Penalty on Mike Bartrum: Offensive Holding (declined),0.000,-0.280,penalty,,,,,,,,,,,,,,,Mike Bartrum
1998,14,December 6,away,Pittsburgh Steelers,https://www.pro-football-reference.com/boxscores/199812060pit.htm,3,0:09,1,10,PIT 20,13,9,Kordell Stewart pass incomplete intended for Charles Johnson,0.280,-0.270,pass,,Kordell Stewart,,Charles Johnson,,,,,,,,,,,
1998,14,December 6,away,Pittsburgh Steelers,https://www.pro-football-reference.com/boxscores/199812060pit.htm,3,,2,10,PIT 20,13,9,Kordell Stewart pass intended for Charles Johnson is intercepted by Ty Law at PS28 and returned for 10 yards,-0.270,-4.370,pass,,Kordell Stewart,,Charles Johnson,Ty Law,,,,,,,,,,
1998,14,December 6,away,Pittsburgh Steelers,https://www.pro-football-reference.com/boxscores/199812060pit.htm,4,15:00,1,10,PIT 18,13,9,Robert Edwards right tackle for 4 yards (tackle by Carnell Lake),4.370,4.430,run,,,Robert Edwards,,,,,,,,Carnell Lake,,,,
1998,14,December 6,away,Pittsburgh Steelers,https://www.pro-football-reference.com/boxscores/199812060pit.htm,4,,2,6,PIT 14,13,9,Robert Edwards left guard for 4 yards (tackle by Earl Holmes and Levon Kirkland),4.430,4.510,run,,,Robert Edwards,,,,,,,,Earl Holmes,Levon Kirkland,,,
1998,14,December 6,away,Pittsburgh Steelers,https://www.pro-football-reference.com/boxscores/199812060pit.htm,4,,3,2,PIT 10,13,9,Robert Edwards right end for -3 yards (tackle by Carnell Lake and Darren Perry),4.510,2.620,run,,,Robert Edwards,,,,,,,,Carnell Lake,Darren Perry,,,
1998,14,December 6,away,Pittsburgh Steelers,https://www.pro-football-reference.com/boxscores/199812060pit.htm,4,,4,5,PIT 13,13,9,"Adam Vinatieri 30 yard field goal good. Penalty on Adam Vinatieri: Delay of Game, 5 yards (accepted) (no play)",2.620,2.250,no_play,,,,,,,,,,,,,,,
1998,14,December 6,away,Pittsburgh Steelers,https://www.pro-football-reference.com/boxscores/199812060pit.htm,4,,4,10,PIT 18,16,9,Adam Vinatieri 35 yard field goal good,2.250,3.000,field_goal,,,,,,,,Adam Vinatieri,,,,,,,
1998,14,December 6,away,Pittsburgh Steelers,https://www.pro-football-reference.com/boxscores/199812060pit.htm,4,12:55,,,NWE 30,16,9,"Adam Vinatieri kicks off 62 yards, returned by David Dunn for 18 yards (tackle by Harold Shaw)",0.000,-0.670,kickoff,,,,,,,,Adam Vinatieri,David Dunn,,Harold Shaw,,,,
1998,14,December 6,away,Pittsburgh Steelers,https://www.pro-football-reference.com/boxscores/199812060pit.htm,4,,1,10,PIT 26,16,9,Kordell Stewart pass complete to Mark Bruener for 7 yards (tackle by Todd Collins and Lawyer Milloy),0.670,1.070,pass,,Kordell Stewart,,Mark Bruener,,,,,,,Todd Collins,Lawyer Milloy,,,
1998,14,December 6,away,Pittsburgh Steelers,https://www.pro-football-reference.com/boxscores/199812060pit.htm,4,,2,3,PIT 33,16,9,"Jerome Bettis left tackle for 1 yard. Jerome Bettis fumbles (forced by Chad Eaton), recovered by Lawyer Milloy at PS35",1.070,-3.250,run,,,Jerome Bettis,,,,,,,,,,Chad Eaton,Lawyer Milloy,
1998,14,December 6,away,Pittsburgh Steelers,https://www.pro-football-reference.com/boxscores/199812060pit.htm,4,11:57,1,10,PIT 35,16,9,Drew Bledsoe pass complete to Terry Glenn for 9 yards (tackle by Carnell Lake),3.250,3.920,pass,,Drew Bledsoe,,Terry Glenn,,,,,,,Carnell Lake,,,,
1998,14,December 6,away,Pittsburgh Steelers,https://www.pro-football-reference.com/boxscores/199812060pit.htm,4,,2,1,PIT 26,16,9,Robert Edwards middle for -2 yards (tackle by Kevin Henry),3.920,2.940,run,,,Robert Edwards,,,,,,,,Kevin Henry,,,,
1998,14,December 6,away,Pittsburgh Steelers,https://www.pro-football-reference.com/boxscores/199812060pit.htm,4,,3,3,PIT 28,16,9,Derrick Cullors right tackle for 6 yards (tackle by Darren Perry),2.940,4.110,run,,,Derrick Cullors,,,,,,,,Darren Perry,,,,
1998,14,December 6,away,Pittsburgh Steelers,https://www.pro-football-reference.com/boxscores/199812060pit.htm,4,,1,10,PIT 22,16,9,"Robert Edwards right tackle for 8 yards (tackle by Joel Steed). Penalty on Dave Wohlabaugh: Offensive Holding, 10 yards (accepted) (no play)",4.110,3.450,no_play,,,,,,,,,,,Joel Steed,,,,
1998,14,December 6,away,Pittsburgh Steelers,https://www.pro-football-reference.com/boxscores/199812060pit.htm,4,,1,20,PIT 32,16,9,"Drew Bledsoe pass incomplete intended for Ben Coates. Penalty on Levon Kirkland: Defensive Pass Interference, 28 yards (accepted) (no play)",3.450,6.280,no_play,,,,,,,,,,,,,,,
1998,14,December 6,away,Pittsburgh Steelers,https://www.pro-football-reference.com/boxscores/199812060pit.htm,4,,1,4,PIT 4,22,9,"Robert Edwards right end for 4 yards, touchdown",6.280,7.000,run,,,Robert Edwards,,,,,,,,,,,,
1998,14,December 6,away,Pittsburgh Steelers,https://www.pro-football-reference.com/boxscores/199812060pit.htm,4,9:20,,,,23,9,Adam Vinatieri kicks extra point good,0.000,0.000,extra_point,,,,,,,,Adam Vinatieri,,,,,,,
1998,14,December 6,away,Pittsburgh Steelers,https://www.pro-football-reference.com/boxscores/199812060pit.htm,4,,,,NWE 30,23,9,"Adam Vinatieri kicks off 65 yards, returned by Will Blackwell for 11 yards (tackle by Chris Carter). Penalty on Oliver Gibson: Offensive Holding, 8 yards (accepted)",0.000,0.380,kickoff,,,,,,,,Adam Vinatieri,Will Blackwell,,Chris Carter,,,,
1998,14,December 6,away,Pittsburgh Steelers,https://www.pro-football-reference.com/boxscores/199812060pit.htm,4,,1,10,PIT 8,23,9,Kordell Stewart pass incomplete intended for Will Blackwell,-0.380,-0.780,pass,,Kordell Stewart,,Will Blackwell,,,,,,,,,,,
1998,14,December 6,away,Pittsburgh Steelers,https://www.pro-football-reference.com/boxscores/199812060pit.htm,4,,2,10,PIT 8,23,9,Fred McAfee middle for 6 yards (tackle by Chad Eaton),-0.780,-0.720,run,,,Fred McAfee,,,,,,,,Chad Eaton,,,,
1998,14,December 6,away,Pittsburgh Steelers,https://www.pro-football-reference.com/boxscores/199812060pit.htm,4,,3,4,PIT 14,23,9,Kordell Stewart pass complete to Courtney Hawkins for 2 yards (tackle by Steve Israel),-0.720,-2.390,pass,,Kordell Stewart,,Courtney Hawkins,,,,,,,Steve Israel,,,,
1998,14,December 6,away,Pittsburgh Steelers,https://www.pro-football-reference.com/boxscores/199812060pit.htm,4,,4,2,PIT 16,23,9,"Josh Miller punts 58 yards, returned by Chris Canty for 7 yards (tackle by Lance Brown and John Fiala)",-2.390,-1.140,punt,,,,,,,Josh Miller,,Chris Canty,,Lance Brown,John Fiala,,,
1998,14,December 6,away,Pittsburgh Steelers,https://www.pro-football-reference.com/boxscores/199812060pit.htm,4,7:53,1,10,NWE 33,23,9,Robert Edwards left tackle for 5 yards (tackle by Earl Holmes and Levon Kirkland),1.140,1.270,run,,,Robert Edwards,,,,,,,,Earl Holmes,Levon Kirkland,,,
1998,14,December 6,away,Pittsburgh Steelers,https://www.pro-football-reference.com/boxscores/199812060pit.htm,4,,2,5,NWE 38,23,9,"Robert Edwards right tackle for no gain. Robert Edwards fumbles (forced by Lee Flowers), recovered by Shawn Jefferson at NE38",1.270,0.560,run,,,Robert Edwards,,,,,,,,,,Lee Flowers,Shawn Jefferson,
1998,14,December 6,away,Pittsburgh Steelers,https://www.pro-football-reference.com/boxscores/199812060pit.htm,4,,3,5,NWE 38,23,9,Drew Bledsoe pass complete to Shawn Jefferson for 4 yards (tackle by Levon Kirkland),0.560,-0.590,pass,,Drew Bledsoe,,Shawn Jefferson,,,,,,,Levon Kirkland,,,,
1998,14,December 6,away,Pittsburgh Steelers,https://www.pro-football-reference.com/boxscores/199812060pit.htm,4,,4,1,NWE 42,23,9,"Tom Tupa punts 52 yards, returned by Courtney Hawkins for -6 yards (tackle by Larry Whigham). Penalty on Lance Brown: Illegal Use of Hands, 5 yards (accepted) (no play)",-0.590,2.060,no_play,,,,,,,,,,,Larry Whigham,,,,
1998,14,December 6,away,Pittsburgh Steelers,https://www.pro-football-reference.com/boxscores/199812060pit.htm,4,,1,10,NWE 47,23,9,Robert Edwards right guard for 2 yards (tackle by Levon Kirkland),2.060,1.790,run,,,Robert Edwards,,,,,,,,Levon Kirkland,,,,
1998,14,December 6,away,Pittsburgh Steelers,https://www.pro-football-reference.com/boxscores/199812060pit.htm,4,,2,8,NWE 49,23,9,Robert Edwards left tackle for 5 yards (tackle by Lee Flowers),1.790,1.750,run,,,Robert Edwards,,,,,,,,Lee Flowers,,,,
1998,14,December 6,away,Pittsburgh Steelers,https://www.pro-football-reference.com/boxscores/199812060pit.htm,4,,3,3,PIT 46,23,9,Drew Bledsoe pass intended for Lovett Purnell is intercepted by Earl Holmes at PS42 and returned for 36 yards,1.750,-4.110,pass,,Drew Bledsoe,,Lovett Purnell,Earl Holmes,,,,,,,,,,
1998,14,December 6,away,Pittsburgh Steelers,https://www.pro-football-reference.com/boxscores/199812060pit.htm,4,4:20,1,10,NWE 22,23,9,Kordell Stewart pass incomplete intended for Charles Johnson,4.110,3.560,pass,,Kordell Stewart,,Charles Johnson,,,,,,,,,,,
1998,14,December 6,away,Pittsburgh Steelers,https://www.pro-football-reference.com/boxscores/199812060pit.htm,4,,2,10,NWE 22,23,9,Kordell Stewart pass complete to Will Blackwell for 3 yards (tackle by Larry Whigham),3.560,3.260,pass,,Kordell Stewart,,Will Blackwell,,,,,,,Larry Whigham,,,,
1998,14,December 6,away,Pittsburgh Steelers,https://www.pro-football-reference.com/boxscores/199812060pit.htm,4,,3,7,NWE 19,23,9,Kordell Stewart pass complete to Charles Johnson for 10 yards (tackle by Tebucky Jones),3.260,5.140,pass,,Kordell Stewart,,Charles Johnson,,,,,,,Tebucky Jones,,,,
1998,14,December 6,away,Pittsburgh Steelers,https://www.pro-football-reference.com/boxscores/199812060pit.htm,4,,1,9,NWE 9,23,9,Kordell Stewart pass incomplete intended for Richard Huntley,5.140,4.380,pass,,Kordell Stewart,,Richard Huntley,,,,,,,,,,,
1998,14,December 6,away,Pittsburgh Steelers,https://www.pro-football-reference.com/boxscores/199812060pit.htm,4,,2,9,NWE 9,23,9,Kordell Stewart pass incomplete intended for Richard Huntley,4.380,3.360,pass,,Kordell Stewart,,Richard Huntley,,,,,,,,,,,
1998,14,December 6,away,Pittsburgh Steelers,https://www.pro-football-reference.com/boxscores/199812060pit.htm,4,,3,9,NWE 9,23,9,Kordell Stewart pass incomplete intended for Hines Ward,3.360,2.830,pass,,Kordell Stewart,,Hines Ward,,,,,,,,,,,
1998,14,December 6,away,Pittsburgh Steelers,https://www.pro-football-reference.com/boxscores/199812060pit.htm,4,,4,9,NWE 9,23,9,Kordell Stewart pass incomplete intended for Hines Ward,2.830,0.380,pass,,Kordell Stewart,,Hines Ward,,,,,,,,,,,
1998,14,December 6,away,Pittsburgh Steelers,https://www.pro-football-reference.com/boxscores/199812060pit.htm,4,2:48,1,10,NWE 10,23,9,Robert Edwards left tackle for no gain (tackle by Carlos Emmons and Lee Flowers),-0.380,-0.780,run,,,Robert Edwards,,,,,,,,Carlos Emmons,Lee Flowers,,,
1998,14,December 6,away,Pittsburgh Steelers,https://www.pro-football-reference.com/boxscores/199812060pit.htm,4,2:43,2,10,NWE 10,23,9,Robert Edwards middle for no gain (tackle by Levon Kirkland),-0.780,-1.420,run,,,Robert Edwards,,,,,,,,Levon Kirkland,,,,
1998,14,December 6,away,Pittsburgh Steelers,https://www.pro-football-reference.com/boxscores/199812060pit.htm,4,2:37,3,10,NWE 10,23,9,Robert Edwards left guard for 1 yard (tackle by Joel Steed),-1.420,-2.490,run,,,Robert Edwards,,,,,,,,Joel Steed,,,,
1998,14,December 6,away,Pittsburgh Steelers,https://www.pro-football-reference.com/boxscores/199812060pit.htm,4,2:30,4,9,NWE 11,23,9,"Tom Tupa punts 46 yards, returned by Courtney Hawkins for 8 yards (tackle by Tebucky Jones and Larry Whigham)",-2.490,-2.320,punt,,,,,,,Tom Tupa,,Courtney Hawkins,,Tebucky Jones,Larry Whigham,,,
1998,14,December 6,away,Pittsburgh Steelers,https://www.pro-football-reference.com/boxscores/199812060pit.htm,4,2:20,1,10,NWE 49,23,9,Kordell Stewart pass complete to Charles Johnson for 11 yards (tackle by Tebucky Jones),2.320,3.050,pass,,Kordell Stewart,,Charles Johnson,,,,,,,Tebucky Jones,,,,
1998,14,December 6,away,Pittsburgh Steelers,https://www.pro-football-reference.com/boxscores/199812060pit.htm,4,,1,10,NWE 38,23,9,Kordell Stewart pass complete to Charles Johnson for 19 yards (tackle by Willie Clay and Lawyer Milloy),3.050,4.310,pass,,Kordell Stewart,,Charles Johnson,,,,,,,Willie Clay,Lawyer Milloy,,,
1998,14,December 6,away,Pittsburgh Steelers,https://www.pro-football-reference.com/boxscores/199812060pit.htm,4,2:00,1,10,NWE 19,23,9,Kordell Stewart pass complete to David Dunn for 9 yards (tackle by Ty Law),4.310,5.360,pass,,Kordell Stewart,,David Dunn,,,,,,,Ty Law,,,,
1998,14,December 6,away,Pittsburgh Steelers,https://www.pro-football-reference.com/boxscores/199812060pit.htm,4,1:56,2,1,NWE 10,23,9,Kordell Stewart pass intended for Charles Johnson is intercepted by Steve Israel at NE6 and returned for 1 yard,5.360,0.380,pass,,Kordell Stewart,,Charles Johnson,Steve Israel,,,,,,,,,,
1998,14,December 6,away,Pittsburgh Steelers,https://www.pro-football-reference.com/boxscores/199812060pit.htm,4,1:51,1,10,NWE 7,23,9,Drew Bledsoe kneels for -2 yards,-0.380,-0.930,run,,,Drew Bledsoe,,,,,,,,,,,,
1998,14,December 6,away,Pittsburgh Steelers,https://www.pro-football-reference.com/boxscores/199812060pit.htm,4,1:10,2,12,NWE 5,23,9,Drew Bledsoe kneels for -1 yards,-0.930,-1.770,run,,,Drew Bledsoe,,,,,,,,,,,,
1998,14,December 6,away,Pittsburgh Steelers,https://www.pro-football-reference.com/boxscores/199812060pit.htm,4,0:30,3,13,NWE 4,23,9,Drew Bledsoe kneels for -1 yards,-1.770,-2.490,run,,,Drew Bledsoe,,,,,,,,,,,,
1998,15,December 13,away,St. Louis Rams,https://www.pro-football-reference.com/boxscores/199812130ram.htm,,,,,,,,"Patriots won the coin toss, Rams to receive the opening kickoff.",,,other,,,,,,,,,,,,,,,
1998,15,December 13,away,St. Louis Rams,https://www.pro-football-reference.com/boxscores/199812130ram.htm,1,15:00,,,NWE 30,0,0,"Adam Vinatieri kicks off 66 yards, returned by Tony Horne for 15 yards (tackle by Chris Carter)",0.000,-0.150,kickoff,,,,,,,,Adam Vinatieri,Tony Horne,,Chris Carter,,,,
1998,15,December 13,away,St. Louis Rams,https://www.pro-football-reference.com/boxscores/199812130ram.htm,1,,1,10,STL 19,0,0,Tony Banks pass complete to Amp Lee for 11 yards (tackle by Tedy Bruschi),0.150,0.940,pass,,Tony Banks,,Amp Lee,,,,,,,Tedy Bruschi,,,,
1998,15,December 13,away,St. Louis Rams,https://www.pro-football-reference.com/boxscores/199812130ram.htm,1,,1,10,STL 30,0,0,Tony Banks pass incomplete intended for June Henley,0.940,0.390,pass,,Tony Banks,,June Henley,,,,,,,,,,,
1998,15,December 13,away,St. Louis Rams,https://www.pro-football-reference.com/boxscores/199812130ram.htm,1,,2,10,STL 30,0,0,Tony Banks pass complete to Amp Lee for 6 yards (tackle by Henry Thomas),0.390,0.500,pass,,Tony Banks,,Amp Lee,,,,,,,Henry Thomas,,,,
1998,15,December 13,away,St. Louis Rams,https://www.pro-football-reference.com/boxscores/199812130ram.htm,1,,3,4,STL 36,0,0,Tony Banks pass complete to Ricky Proehl for 12 yards (tackle by Lawyer Milloy),0.500,2.130,pass,,Tony Banks,,Ricky Proehl,,,,,,,Lawyer Milloy,,,,
1998,15,December 13,away,St. Louis Rams,https://www.pro-football-reference.com/boxscores/199812130ram.htm,1,,1,10,STL 48,0,0,Tony Banks pass complete to June Henley for 14 yards (tackle by Chris Canty),2.130,3.050,pass,,Tony Banks,,June Henley,,,,,,,Chris Canty,,,,
1998,15,December 13,away,St. Louis Rams,https://www.pro-football-reference.com/boxscores/199812130ram.htm,1,,1,10,NWE 38,0,0,Tony Banks pass incomplete intended for Az-Zahir Hakim,3.050,2.510,pass,,Tony Banks,,Az-Zahir Hakim,,,,,,,,,,,
1998,15,December 13,away,St. Louis Rams,https://www.pro-football-reference.com/boxscores/199812130ram.htm,1,,2,10,NWE 38,0,0,Tony Banks pass complete to Amp Lee for 8 yards (tackle by Chris Slade),2.510,2.870,pass,,Tony Banks,,Amp Lee,,,,,,,Chris Slade,,,,
1998,15,December 13,away,St. Louis Rams,https://www.pro-football-reference.com/boxscores/199812130ram.htm,1,,3,2,NWE 30,0,0,Tony Banks pass incomplete intended for June Henley,2.870,1.500,pass,,Tony Banks,,June Henley,,,,,,,,,,,
1998,15,December 13,away,St. Louis Rams,https://www.pro-football-reference.com/boxscores/199812130ram.htm,1,,4,2,NWE 30,0,3,Jeff Wilkins 48 yard field goal good,1.500,3.000,field_goal,,,,,,,,Jeff Wilkins,,,,,,,
1998,15,December 13,away,St. Louis Rams,https://www.pro-football-reference.com/boxscores/199812130ram.htm,1,11:53,,,STL 30,0,3,"Jeff Wilkins kicks off 70 yards, returned by Derrick Cullors for 24 yards. Penalty on Tedy Bruschi: Offensive Holding, 10 yards (accepted) (tackle by Jay Williams)",0.000,0.280,kickoff,,,,,,,,Jeff Wilkins,Derrick Cullors,,Jay Williams,,,,
1998,15,December 13,away,St. Louis Rams,https://www.pro-football-reference.com/boxscores/199812130ram.htm,1,,1,10,NWE 14,0,3,Robert Edwards left tackle for 1 yard (tackle by D'Marco Farr and Roman Phifer),-0.280,-0.640,run,,,Robert Edwards,,,,,,,,D'Marco Farr,Roman Phifer,,,
1998,15,December 13,away,St. Louis Rams,https://www.pro-football-reference.com/boxscores/199812130ram.htm,1,,2,9,NWE 15,0,3,Drew Bledsoe pass intended for Terry Glenn is intercepted by Todd Lyght at NE27 and returned for 13 yards,-0.640,-4.650,pass,,Drew Bledsoe,,Terry Glenn,Todd Lyght,,,,,,,,,,
1998,15,December 13,away,St. Louis Rams,https://www.pro-football-reference.com/boxscores/199812130ram.htm,1,10:56,1,10,NWE 14,0,3,June Henley left end for 5 yards (tackle by Steve Israel),4.650,4.900,run,,,June Henley,,,,,,,,Steve Israel,,,,
1998,15,December 13,away,St. Louis Rams,https://www.pro-football-reference.com/boxscores/199812130ram.htm,1,,2,5,NWE 9,0,9,"Tony Banks pass complete to Az-Zahir Hakim for 9 yards, touchdown",4.900,7.000,pass,,Tony Banks,,Az-Zahir Hakim,,,,,,,,,,,
1998,15,December 13,away,St. Louis Rams,https://www.pro-football-reference.com/boxscores/199812130ram.htm,1,10:12,,,,0,10,Jeff Wilkins kicks extra point good,0.000,0.000,extra_point,,,,,,,,Jeff Wilkins,,,,,,,
1998,15,December 13,away,St. Louis Rams,https://www.pro-football-reference.com/boxscores/199812130ram.htm,1,,,,STL 30,0,10,"Jeff Wilkins kicks off 75 yards, touchback.",0.000,-0.280,kickoff,,,,,,,,Jeff Wilkins,,,,,,,
1998,15,December 13,away,St. Louis Rams,https://www.pro-football-reference.com/boxscores/199812130ram.htm,1,,1,10,NWE 20,0,10,Drew Bledsoe pass complete to Terry Glenn for 14 yards (tackle by Ryan McNeil),0.280,1.200,pass,,Drew Bledsoe,,Terry Glenn,,,,,,,Ryan McNeil,,,,
1998,15,December 13,away,St. Louis Rams,https://www.pro-football-reference.com/boxscores/199812130ram.htm,1,,1,10,NWE 34,0,10,Robert Edwards right guard for 3 yards (tackle by Billy Jenkins and Mike Jones),1.200,1.060,run,,,Robert Edwards,,,,,,,,Billy Jenkins,Mike Jones,,,
1998,15,December 13,away,St. Louis Rams,https://www.pro-football-reference.com/boxscores/199812130ram.htm,1,,2,7,NWE 37,0,10,Robert Edwards right guard for 53 yards (tackle by Todd Lyght),1.060,4.910,run,,,Robert Edwards,,,,,,,,Todd Lyght,,,,
1998,15,December 13,away,St. Louis Rams,https://www.pro-football-reference.com/boxscores/199812130ram.htm,1,,1,10,STL 10,0,10,"Robert Edwards middle for no gain. Penalty on Dave Wohlabaugh: Offensive Holding, 10 yards (accepted) (tackle by D'Marco Farr and Keith Lyle) (no play)",4.910,4.240,no_play,,,,,,,,,,,D'Marco Farr,Keith Lyle,,,
1998,15,December 13,away,St. Louis Rams,https://www.pro-football-reference.com/boxscores/199812130ram.htm,1,,1,20,STL 20,0,10,Drew Bledsoe pass incomplete intended for Sedrick Shaw,4.240,3.000,pass,,Drew Bledsoe,,Sedrick Shaw,,,,,,,,,,,
1998,15,December 13,away,St. Louis Rams,https://www.pro-football-reference.com/boxscores/199812130ram.htm,1,,2,20,STL 20,0,10,Drew Bledsoe pass incomplete intended for Terry Glenn,3.000,2.340,pass,,Drew Bledsoe,,Terry Glenn,,,,,,,,,,,
1998,15,December 13,away,St. Louis Rams,https://www.pro-football-reference.com/boxscores/199812130ram.htm,1,,3,20,STL 20,0,10,Drew Bledsoe pass incomplete intended for Terry Glenn,2.340,2.120,pass,,Drew Bledsoe,,Terry Glenn,,,,,,,,,,,
1998,15,December 13,away,St. Louis Rams,https://www.pro-football-reference.com/boxscores/199812130ram.htm,1,,4,20,STL 20,3,10,Adam Vinatieri 37 yard field goal good,2.120,3.000,field_goal,,,,,,,,Adam Vinatieri,,,,,,,
1998,15,December 13,away,St. Louis Rams,https://www.pro-football-reference.com/boxscores/199812130ram.htm,1,7:29,,,NWE 30,3,10,"Adam Vinatieri kicks off 63 yards, returned by London Fletcher for 20 yards (tackle by Tebucky Jones)",0.000,-0.740,kickoff,,,,,,,,Adam Vinatieri,London Fletcher,,Tebucky Jones,,,,
1998,15,December 13,away,St. Louis Rams,https://www.pro-football-reference.com/boxscores/199812130ram.htm,1,,1,10,STL 27,3,10,June Henley left end for 22 yards (tackle by Steve Israel),0.740,0.000,run,,,June Henley,,,,,,,,Steve Israel,,,,
1998,15,December 13,away,St. Louis Rams,https://www.pro-football-reference.com/boxscores/199812130ram.htm,1,,,,,3,10,Penalty on Chris Sullivan: Defensive Offside (declined),0.000,2.190,penalty,,,,,,,,,,,,,,,Chris Sullivan
1998,15,December 13,away,St. Louis Rams,https://www.pro-football-reference.com/boxscores/199812130ram.htm,1,,1,10,STL 49,3,10,Tony Banks sacked by Henry Thomas for 1 yard,2.190,1.510,pass,,Tony Banks,,,,Henry Thomas,,,,,,,,,
1998,15,December 13,away,St. Louis Rams,https://www.pro-football-reference.com/boxscores/199812130ram.htm,1,,2,11,STL 48,3,10,Tony Banks pass complete to Roland Williams for 10 yards (tackle by Willie Clay),1.510,2.150,pass,,Tony Banks,,Roland Williams,,,,,,,Willie Clay,,,,
1998,15,December 13,away,St. Louis Rams,https://www.pro-football-reference.com/boxscores/199812130ram.htm,1,,3,1,NWE 42,3,10,Derrick Harris right guard for no gain (tackle by Chad Eaton and Henry Thomas),2.150,0.460,run,,,Derrick Harris,,,,,,,,Chad Eaton,Henry Thomas,,,
1998,15,December 13,away,St. Louis Rams,https://www.pro-football-reference.com/boxscores/199812130ram.htm,1,,4,1,NWE 42,3,10,June Henley left end for no gain (tackle by Tedy Bruschi and Chad Eaton),0.460,-1.730,run,,,June Henley,,,,,,,,Tedy Bruschi,Chad Eaton,,,
1998,15,December 13,away,St. Louis Rams,https://www.pro-football-reference.com/boxscores/199812130ram.htm,1,4:56,1,10,NWE 42,3,10,"Scott Zolak sacked by Ray Agnew for 27 yards. Scott Zolak fumbles (forced by Ray Agnew), recovered by Grant Wistrom at NE29 and returned for 4 yards",1.730,-4.840,pass,,Scott Zolak,,,,Ray Agnew,,,,,,,Ray Agnew,Grant Wistrom,
1998,15,December 13,away,St. Louis Rams,https://www.pro-football-reference.com/boxscores/199812130ram.htm,1,4:47,1,10,NWE 11,3,10,Tony Banks pass incomplete intended for Roland Williams,4.840,4.140,pass,,Tony Banks,,Roland Williams,,,,,,,,,,,
1998,15,December 13,away,St. Louis Rams,https://www.pro-football-reference.com/boxscores/199812130ram.htm,1,,2,10,NWE 11,3,10,Tony Banks pass incomplete intended for Az-Zahir Hakim,4.140,3.130,pass,,Tony Banks,,Az-Zahir Hakim,,,,,,,,,,,
1998,15,December 13,away,St. Louis Rams,https://www.pro-football-reference.com/boxscores/199812130ram.htm,1,,3,10,NWE 11,3,10,Steve Bono pass incomplete intended for Az-Zahir Hakim,3.130,2.700,pass,,Steve Bono,,Az-Zahir Hakim,,,,,,,,,,,
1998,15,December 13,away,St. Louis Rams,https://www.pro-football-reference.com/boxscores/199812130ram.htm,1,,4,10,NWE 11,3,10,Rick Tuten aborted snap,2.700,2.700,other,,,,,,,,,,,,,,,
1998,15,December 13,away,St. Louis Rams,https://www.pro-football-reference.com/boxscores/199812130ram.htm,1,,4,10,NWE 11,3,10,Rick Tuten pass incomplete intended for Zach Wiegert,2.700,0.370,pass,,Rick Tuten,,Zach Wiegert,,,,,,,,,,,
1998,15,December 13,away,St. Louis Rams,https://www.pro-football-reference.com/boxscores/199812130ram.htm,1,4:23,1,10,NWE 11,3,10,Robert Edwards left guard for 4 yards (tackle by Corey Sears),-0.370,-0.430,run,,,Robert Edwards,,,,,,,,Corey Sears,,,,
1998,15,December 13,away,St. Louis Rams,https://www.pro-football-reference.com/boxscores/199812130ram.htm,1,,2,6,NWE 15,3,10,Robert Edwards right tackle for 47 yards (tackle by Todd Lyght),-0.430,3.050,run,,,Robert Edwards,,,,,,,,Todd Lyght,,,,
1998,15,December 13,away,St. Louis Rams,https://www.pro-football-reference.com/boxscores/199812130ram.htm,1,,1,10,STL 38,3,10,Scott Zolak pass incomplete intended for Sedrick Shaw,3.050,2.510,pass,,Scott Zolak,,Sedrick Shaw,,,,,,,,,,,
1998,15,December 13,away,St. Louis Rams,https://www.pro-football-reference.com/boxscores/199812130ram.htm,1,,2,10,STL 38,3,10,Sedrick Shaw right guard for no gain (tackle by Grant Wistrom),2.510,1.820,run,,,Sedrick Shaw,,,,,,,,Grant Wistrom,,,,
1998,15,December 13,away,St. Louis Rams,https://www.pro-football-reference.com/boxscores/199812130ram.htm,1,,3,10,STL 38,3,10,"Penalty on Bruce Armstrong: False Start, 5 yards (accepted)",1.820,1.160,penalty,,,,,,,,,,,,,,,Bruce Armstrong
1998,15,December 13,away,St. Louis Rams,https://www.pro-football-reference.com/boxscores/199812130ram.htm,1,,3,15,STL 43,3,10,"Penalty on Mike Jones: Neutral Zone Infraction, 5 yards (accepted)",1.160,1.820,penalty,,,,,,,,,,,,,,,Mike Jones
1998,15,December 13,away,St. Louis Rams,https://www.pro-football-reference.com/boxscores/199812130ram.htm,1,,3,10,STL 38,3,10,Scott Zolak pass incomplete intended for Tony Simmons,1.820,0.720,pass,,Scott Zolak,,Tony Simmons,,,,,,,,,,,
1998,15,December 13,away,St. Louis Rams,https://www.pro-football-reference.com/boxscores/199812130ram.htm,1,,4,10,STL 38,3,10,Tom Tupa punts 23 yards,0.720,0.220,punt,,,,,,,Tom Tupa,,,,,,,,
1998,15,December 13,away,St. Louis Rams,https://www.pro-football-reference.com/boxscores/199812130ram.htm,1,1:36,1,10,STL 15,3,10,June Henley left tackle for -1 yards (tackle by Tedy Bruschi),-0.220,-0.820,run,,,June Henley,,,,,,,,Tedy Bruschi,,,,
1998,15,December 13,away,St. Louis Rams,https://www.pro-football-reference.com/boxscores/199812130ram.htm,1,,2,11,STL 14,3,10,"Steve Bono for no gain. Steve Bono fumbles, recovered by Marty Moore at SL13",-0.820,-4.710,run,,,Steve Bono,,,,,,,,,,,Marty Moore,
1998,15,December 13,away,St. Louis Rams,https://www.pro-football-reference.com/boxscores/199812130ram.htm,1,0:52,1,10,STL 13,3,10,Robert Edwards left tackle for 7 yards (tackle by Billy Jenkins),4.710,5.340,run,,,Robert Edwards,,,,,,,,Billy Jenkins,,,,
1998,15,December 13,away,St. Louis Rams,https://www.pro-football-reference.com/boxscores/199812130ram.htm,1,,2,3,STL 6,3,10,Robert Edwards left guard for 2 yards (tackle by Ray Agnew and Billy Jenkins),5.340,5.010,run,,,Robert Edwards,,,,,,,,Ray Agnew,Billy Jenkins,,,
1998,15,December 13,away,St. Louis Rams,https://www.pro-football-reference.com/boxscores/199812130ram.htm,2,15:00,3,1,STL 4,3,10,Robert Edwards left tackle for no gain (tackle by Eric Hill),5.010,3.040,run,,,Robert Edwards,,,,,,,,Eric Hill,,,,
1998,15,December 13,away,St. Louis Rams,https://www.pro-football-reference.com/boxscores/199812130ram.htm,2,,4,1,STL 4,3,10,Robert Edwards middle for -1 yards (tackle by Eric Hill),3.040,0.380,run,,,Robert Edwards,,,,,,,,Eric Hill,,,,
1998,15,December 13,away,St. Louis Rams,https://www.pro-football-reference.com/boxscores/199812130ram.htm,2,14:29,1,10,STL 5,3,10,June Henley left guard for 1 yard (tackle by Chad Eaton),-0.380,-0.710,run,,,June Henley,,,,,,,,Chad Eaton,,,,
1998,15,December 13,away,St. Louis Rams,https://www.pro-football-reference.com/boxscores/199812130ram.htm,2,,2,9,STL 6,3,10,Steve Bono pass complete to Az-Zahir Hakim for 13 yards (tackle by Steve Israel),-0.710,0.150,pass,,Steve Bono,,Az-Zahir Hakim,,,,,,,Steve Israel,,,,
1998,15,December 13,away,St. Louis Rams,https://www.pro-football-reference.com/boxscores/199812130ram.htm,2,,1,10,STL 19,3,10,Steve Bono pass incomplete intended for Az-Zahir Hakim,0.150,-0.390,pass,,Steve Bono,,Az-Zahir Hakim,,,,,,,,,,,
1998,15,December 13,away,St. Louis Rams,https://www.pro-football-reference.com/boxscores/199812130ram.htm,2,,2,10,STL 19,3,10,Steve Bono pass complete to Amp Lee for 13 yards (tackle by Tedy Bruschi),-0.390,1.070,pass,,Steve Bono,,Amp Lee,,,,,,,Tedy Bruschi,,,,
1998,15,December 13,away,St. Louis Rams,https://www.pro-football-reference.com/boxscores/199812130ram.htm,2,,1,10,STL 32,3,10,Steve Bono pass incomplete intended for Ricky Proehl,1.070,0.530,pass,,Steve Bono,,Ricky Proehl,,,,,,,,,,,
1998,15,December 13,away,St. Louis Rams,https://www.pro-football-reference.com/boxscores/199812130ram.htm,2,,2,10,STL 32,3,10,June Henley left end for 7 yards (tackle by Lawyer Milloy),0.530,0.760,run,,,June Henley,,,,,,,,Lawyer Milloy,,,,
1998,15,December 13,away,St. Louis Rams,https://www.pro-football-reference.com/boxscores/199812130ram.htm,2,,3,3,STL 39,3,10,Steve Bono pass complete to June Henley for no gain (tackle by Steve Israel),0.760,-0.780,pass,,Steve Bono,,June Henley,,,,,,,Steve Israel,,,,
1998,15,December 13,away,St. Louis Rams,https://www.pro-football-reference.com/boxscores/199812130ram.htm,2,,4,3,STL 39,3,10,"Rick Tuten punts 53 yards, returned by Chris Canty for 14 yards (tackle by Mitch Jacoby)",-0.780,-0.410,punt,,,,,,,Rick Tuten,,Chris Canty,,Mitch Jacoby,,,,
1998,15,December 13,away,St. Louis Rams,https://www.pro-football-reference.com/boxscores/199812130ram.htm,2,10:49,1,10,NWE 22,3,10,Robert Edwards right tackle for 3 yards (tackle by Jay Williams),0.410,0.270,run,,,Robert Edwards,,,,,,,,Jay Williams,,,,
1998,15,December 13,away,St. Louis Rams,https://www.pro-football-reference.com/boxscores/199812130ram.htm,2,,2,7,NWE 25,3,10,"Drew Bledsoe sacked by. Penalty on Jay Williams: Defensive Offside, 5 yards (accepted) (no play)",0.270,0.950,no_play,,,,,,,,,,,,,,,
1998,15,December 13,away,St. Louis Rams,https://www.pro-football-reference.com/boxscores/199812130ram.htm,2,,2,2,NWE 30,3,10,Robert Edwards left guard for 1 yard (tackle by Mike Jones and Corey Sears),0.950,0.370,run,,,Robert Edwards,,,,,,,,Mike Jones,Corey Sears,,,
1998,15,December 13,away,St. Louis Rams,https://www.pro-football-reference.com/boxscores/199812130ram.htm,2,,3,1,NWE 31,3,10,Robert Edwards left end for 36 yards (tackle by Dexter McCleon),0.370,3.380,run,,,Robert Edwards,,,,,,,,Dexter McCleon,,,,
1998,15,December 13,away,St. Louis Rams,https://www.pro-football-reference.com/boxscores/199812130ram.htm,2,,1,10,STL 33,3,10,Sedrick Shaw right tackle for 3 yards (tackle by Eric Hill and Billy Jenkins),3.380,3.240,run,,,Sedrick Shaw,,,,,,,,Eric Hill,Billy Jenkins,,,
1998,15,December 13,away,St. Louis Rams,https://www.pro-football-reference.com/boxscores/199812130ram.htm,2,,2,7,STL 30,3,10,Sedrick Shaw left end for -1 yards (tackle by Mike Jones and Roman Phifer),3.240,2.410,run,,,Sedrick Shaw,,,,,,,,Mike Jones,Roman Phifer,,,
1998,15,December 13,away,St. Louis Rams,https://www.pro-football-reference.com/boxscores/199812130ram.htm,2,,3,8,STL 31,3,10,Drew Bledsoe pass complete to Troy Brown for 7 yards (tackle by Dexter McCleon),2.410,2.020,pass,,Drew Bledsoe,,Troy Brown,,,,,,,Dexter McCleon,,,,
1998,15,December 13,away,St. Louis Rams,https://www.pro-football-reference.com/boxscores/199812130ram.htm,2,,4,1,STL 24,6,10,Adam Vinatieri 41 yard field goal good,2.020,3.000,field_goal,,,,,,,,Adam Vinatieri,,,,,,,
1998,15,December 13,away,St. Louis Rams,https://www.pro-football-reference.com/boxscores/199812130ram.htm,2,7:01,,,NWE 30,6,10,"Adam Vinatieri kicks off 64 yards, returned by Tony Horne for 32 yards (tackle by Adam Vinatieri)",0.000,-1.470,kickoff,,,,,,,,Adam Vinatieri,Tony Horne,,Adam Vinatieri,,,,
1998,15,December 13,away,St. Louis Rams,https://www.pro-football-reference.com/boxscores/199812130ram.htm,2,,1,10,STL 38,6,10,June Henley left end for no gain (tackle by Tedy Bruschi),1.470,0.920,run,,,June Henley,,,,,,,,Tedy Bruschi,,,,
1998,15,December 13,away,St. Louis Rams,https://www.pro-football-reference.com/boxscores/199812130ram.htm,2,,2,10,STL 38,6,10,Steve Bono pass complete to Roland Williams for 33 yards (tackle by Lawyer Milloy),0.920,3.640,pass,,Steve Bono,,Roland Williams,,,,,,,Lawyer Milloy,,,,
1998,15,December 13,away,St. Louis Rams,https://www.pro-football-reference.com/boxscores/199812130ram.htm,2,,1,10,NWE 29,6,10,June Henley left tackle for 9 yards (tackle by Lawyer Milloy),3.640,4.320,run,,,June Henley,,,,,,,,Lawyer Milloy,,,,
1998,15,December 13,away,St. Louis Rams,https://www.pro-football-reference.com/boxscores/199812130ram.htm,2,,2,1,NWE 20,6,10,June Henley left end for -1 yards (tackle by Willie Clay),4.320,3.470,run,,,June Henley,,,,,,,,Willie Clay,,,,
1998,15,December 13,away,St. Louis Rams,https://www.pro-football-reference.com/boxscores/199812130ram.htm,2,,3,2,NWE 21,6,10,"Steve Bono pass incomplete intended for Ricky Proehl. Penalty on Steve Israel: Defensive Pass Interference, 20 yards (accepted) (no play)",3.470,6.970,no_play,,,,,,,,,,,,,,,
1998,15,December 13,away,St. Louis Rams,https://www.pro-football-reference.com/boxscores/199812130ram.htm,2,,1,1,NWE 1,6,16,"June Henley middle for 1 yard, touchdown",6.970,7.000,run,,,June Henley,,,,,,,,,,,,
1998,15,December 13,away,St. Louis Rams,https://www.pro-football-reference.com/boxscores/199812130ram.htm,2,4:02,,,,6,17,Jeff Wilkins kicks extra point good,0.000,0.000,extra_point,,,,,,,,Jeff Wilkins,,,,,,,
1998,15,December 13,away,St. Louis Rams,https://www.pro-football-reference.com/boxscores/199812130ram.htm,2,,,,STL 30,6,17,"Jeff Wilkins kicks off 76 yards, touchback.",0.000,-0.280,kickoff,,,,,,,,Jeff Wilkins,,,,,,,
1998,15,December 13,away,St. Louis Rams,https://www.pro-football-reference.com/boxscores/199812130ram.htm,2,,1,10,NWE 20,6,17,Drew Bledsoe sacked by Grant Wistrom for 5 yards,0.280,-1.070,pass,,Drew Bledsoe,,,,Grant Wistrom,,,,,,,,,
1998,15,December 13,away,St. Louis Rams,https://www.pro-football-reference.com/boxscores/199812130ram.htm,2,,2,15,NWE 15,6,17,Drew Bledsoe pass incomplete intended for Lovett Purnell,-1.070,-1.860,pass,,Drew Bledsoe,,Lovett Purnell,,,,,,,,,,,
1998,15,December 13,away,St. Louis Rams,https://www.pro-football-reference.com/boxscores/199812130ram.htm,2,,3,15,NWE 15,6,17,Drew Bledsoe pass incomplete intended for Terry Glenn,-1.860,-2.440,pass,,Drew Bledsoe,,Terry Glenn,,,,,,,,,,,
1998,15,December 13,away,St. Louis Rams,https://www.pro-football-reference.com/boxscores/199812130ram.htm,2,,4,15,NWE 15,6,17,"Tom Tupa punts 40 yards, returned by Eddie Kennison for 7 yards (tackle by Marty Moore)",-2.440,-2.390,punt,,,,,,,Tom Tupa,,Eddie Kennison,,Marty Moore,,,,
1998,15,December 13,away,St. Louis Rams,https://www.pro-football-reference.com/boxscores/199812130ram.htm,2,2:58,1,10,NWE 48,6,17,Steve Bono pass incomplete intended for Roland Williams,2.390,1.850,pass,,Steve Bono,,Roland Williams,,,,,,,,,,,
1998,15,December 13,away,St. Louis Rams,https://www.pro-football-reference.com/boxscores/199812130ram.htm,2,,2,10,NWE 48,6,17,"Steve Bono sacked by Henry Thomas for 24 yards. Steve Bono fumbles (forced by Henry Thomas), recovered by Chad Eaton at SL42 and returned for 2 yards",1.850,-3.840,pass,,Steve Bono,,,,Henry Thomas,,,,,,,Henry Thomas,Chad Eaton,
1998,15,December 13,away,St. Louis Rams,https://www.pro-football-reference.com/boxscores/199812130ram.htm,2,2:43,1,10,STL 26,6,17,Robert Edwards right guard for 6 yards (tackle by Eric Hill),3.840,4.110,run,,,Robert Edwards,,,,,,,,Eric Hill,,,,
1998,15,December 13,away,St. Louis Rams,https://www.pro-football-reference.com/boxscores/199812130ram.htm,2,,2,4,STL 20,6,17,Robert Edwards left guard for 4 yards (tackle by Roman Phifer),4.110,4.510,run,,,Robert Edwards,,,,,,,,Roman Phifer,,,,
1998,15,December 13,away,St. Louis Rams,https://www.pro-football-reference.com/boxscores/199812130ram.htm,2,2:00,1,10,STL 16,6,17,Drew Bledsoe pass incomplete intended for Tony Simmons,4.510,3.900,pass,,Drew Bledsoe,,Tony Simmons,,,,,,,,,,,
1998,15,December 13,away,St. Louis Rams,https://www.pro-football-reference.com/boxscores/199812130ram.htm,2,1:55,2,10,STL 16,12,17,"Drew Bledsoe pass complete to Lovett Purnell for 16 yards, touchdown",3.900,7.000,pass,,Drew Bledsoe,,Lovett Purnell,,,,,,,,,,,
1998,15,December 13,away,St. Louis Rams,https://www.pro-football-reference.com/boxscores/199812130ram.htm,2,1:49,,,,12,17,,0.000,0.000,other,,,,,,,,,,,,,,,
1998,15,December 13,away,St. Louis Rams,https://www.pro-football-reference.com/boxscores/199812130ram.htm,2,,,,NWE 30,12,17,"Adam Vinatieri kicks off 60 yards, returned by London Fletcher for no gain",0.000,0.380,kickoff,,,,,,,,Adam Vinatieri,London Fletcher,,,,,,
1998,15,December 13,away,St. Louis Rams,https://www.pro-football-reference.com/boxscores/199812130ram.htm,2,,1,10,STL 10,12,17,Steve Bono sacked by Henry Thomas for 5 yards,-0.380,-1.150,pass,,Steve Bono,,,,Henry Thomas,,,,,,,,,
1998,15,December 13,away,St. Louis Rams,https://www.pro-football-reference.com/boxscores/199812130ram.htm,2,1:44,2,15,STL 5,12,17,"Steve Bono pass incomplete intended for Eddie Kennison. Penalty on Tedy Bruschi: Defensive Offside, 5 yards (accepted) (no play)",-1.150,-0.780,no_play,,,,,,,,,,,,,,,
1998,15,December 13,away,St. Louis Rams,https://www.pro-football-reference.com/boxscores/199812130ram.htm,2,1:39,2,10,STL 10,12,17,Steve Bono pass incomplete intended for Ricky Proehl,-0.780,-1.420,pass,,Steve Bono,,Ricky Proehl,,,,,,,,,,,
1998,15,December 13,away,St. Louis Rams,https://www.pro-football-reference.com/boxscores/199812130ram.htm,2,1:36,3,10,STL 10,12,17,Steve Bono pass intended for Ricky Proehl is intercepted by Steve Israel at SL34 and returned for 12 yards,-1.420,-4.110,pass,,Steve Bono,,Ricky Proehl,Steve Israel,,,,,,,,,,
1998,15,December 13,away,St. Louis Rams,https://www.pro-football-reference.com/boxscores/199812130ram.htm,2,1:25,1,10,STL 22,12,17,Drew Bledsoe pass incomplete intended for Lovett Purnell,4.110,3.560,pass,,Drew Bledsoe,,Lovett Purnell,,,,,,,,,,,
1998,15,December 13,away,St. Louis Rams,https://www.pro-football-reference.com/boxscores/199812130ram.htm,2,1:21,2,10,STL 22,12,17,Drew Bledsoe sacked by Eric Hill and Roman Phifer for 9 yards,3.560,1.690,pass,,Drew Bledsoe,,,,Eric Hill,,,,,,,,,
1998,15,December 13,away,St. Louis Rams,https://www.pro-football-reference.com/boxscores/199812130ram.htm,2,0:43,3,19,STL 31,12,17,Drew Bledsoe sacked by Roman Phifer for 7 yards,1.690,0.720,pass,,Drew Bledsoe,,,,Roman Phifer,,,,,,,,,
1998,15,December 13,away,St. Louis Rams,https://www.pro-football-reference.com/boxscores/199812130ram.htm,2,0:30,4,26,STL 38,15,17,Adam Vinatieri 55 yard field goal good,0.720,3.000,field_goal,,,,,,,,Adam Vinatieri,,,,,,,
1998,15,December 13,away,St. Louis Rams,https://www.pro-football-reference.com/boxscores/199812130ram.htm,2,0:25,,,NWE 30,15,17,"Adam Vinatieri kicks off 40 yards, returned by Mike Jones for 2 yards",0.000,-1.070,kickoff,,,,,,,,Adam Vinatieri,Mike Jones,,,,,,
1998,15,December 13,away,St. Louis Rams,https://www.pro-football-reference.com/boxscores/199812130ram.htm,2,,1,10,STL 32,15,17,Steve Bono kneels for -1 yards (tackle by Henry Thomas),1.070,0.390,run,,,Steve Bono,,,,,,,,Henry Thomas,,,,
1998,15,December 13,away,St. Louis Rams,https://www.pro-football-reference.com/boxscores/199812130ram.htm,3,15:00,,,STL 30,15,17,"Jeff Wilkins kicks off 79 yards, touchback.",0.000,-0.280,kickoff,,,,,,,,Jeff Wilkins,,,,,,,
1998,15,December 13,away,St. Louis Rams,https://www.pro-football-reference.com/boxscores/199812130ram.htm,3,,1,10,NWE 20,15,17,Robert Edwards right guard for -6 yards (tackle by D'Marco Farr),0.280,-1.180,run,,,Robert Edwards,,,,,,,,D'Marco Farr,,,,
1998,15,December 13,away,St. Louis Rams,https://www.pro-football-reference.com/boxscores/199812130ram.htm,3,,2,16,NWE 14,15,17,Drew Bledsoe pass complete to Lovett Purnell for 4 yards (tackle by Eric Hill and Mike Jones),-1.180,-1.330,pass,,Drew Bledsoe,,Lovett Purnell,,,,,,,Eric Hill,Mike Jones,,,
1998,15,December 13,away,St. Louis Rams,https://www.pro-football-reference.com/boxscores/199812130ram.htm,3,,3,12,NWE 18,15,17,Drew Bledsoe pass complete to Troy Brown for 35 yards (tackle by Todd Lyght),-1.330,2.460,pass,,Drew Bledsoe,,Troy Brown,,,,,,,Todd Lyght,,,,
1998,15,December 13,away,St. Louis Rams,https://www.pro-football-reference.com/boxscores/199812130ram.htm,3,,1,10,STL 47,15,17,Robert Edwards middle for 11 yards (tackle by Keith Lyle),2.460,3.180,run,,,Robert Edwards,,,,,,,,Keith Lyle,,,,
1998,15,December 13,away,St. Louis Rams,https://www.pro-football-reference.com/boxscores/199812130ram.htm,3,,1,10,STL 36,15,17,Drew Bledsoe pass incomplete intended for Sedrick Shaw,3.180,2.640,pass,,Drew Bledsoe,,Sedrick Shaw,,,,,,,,,,,
1998,15,December 13,away,St. Louis Rams,https://www.pro-football-reference.com/boxscores/199812130ram.htm,3,,2,10,STL 36,15,17,Robert Edwards left tackle for 6 yards (tackle by Keith Lyle),2.640,2.740,run,,,Robert Edwards,,,,,,,,Keith Lyle,,,,
1998,15,December 13,away,St. Louis Rams,https://www.pro-football-reference.com/boxscores/199812130ram.htm,3,,3,4,STL 30,15,17,Drew Bledsoe pass complete to Shawn Jefferson for 11 yards (tackle by Todd Lyght),2.740,4.310,pass,,Drew Bledsoe,,Shawn Jefferson,,,,,,,Todd Lyght,,,,
1998,15,December 13,away,St. Louis Rams,https://www.pro-football-reference.com/boxscores/199812130ram.htm,3,,1,10,STL 19,15,17,Robert Edwards left end for -4 yards (tackle by Eric Hill),4.310,3.220,run,,,Robert Edwards,,,,,,,,Eric Hill,,,,
1998,15,December 13,away,St. Louis Rams,https://www.pro-football-reference.com/boxscores/199812130ram.htm,3,,2,14,STL 23,15,17,Robert Edwards middle for 21 yards (tackle by Ryan McNeil),3.220,6.740,run,,,Robert Edwards,,,,,,,,Ryan McNeil,,,,
1998,15,December 13,away,St. Louis Rams,https://www.pro-football-reference.com/boxscores/199812130ram.htm,3,,1,2,STL 2,15,17,Robert Edwards left tackle for 1 yard (tackle by Eric Hill),6.740,5.910,run,,,Robert Edwards,,,,,,,,Eric Hill,,,,
1998,15,December 13,away,St. Louis Rams,https://www.pro-football-reference.com/boxscores/199812130ram.htm,3,,2,1,STL 1,15,17,Robert Edwards left tackle for no gain (tackle by Ron Carpenter and London Fletcher),5.910,5.170,run,,,Robert Edwards,,,,,,,,Ron Carpenter,London Fletcher,,,
1998,15,December 13,away,St. Louis Rams,https://www.pro-football-reference.com/boxscores/199812130ram.htm,3,,3,1,STL 1,15,17,Robert Edwards left end for no gain (tackle by Ray Agnew and Eric Hill),5.170,3.550,run,,,Robert Edwards,,,,,,,,Ray Agnew,Eric Hill,,,
1998,15,December 13,away,St. Louis Rams,https://www.pro-football-reference.com/boxscores/199812130ram.htm,3,,4,1,STL 1,18,17,Adam Vinatieri 18 yard field goal good,3.550,3.000,field_goal,,,,,,,,Adam Vinatieri,,,,,,,
1998,15,December 13,away,St. Louis Rams,https://www.pro-football-reference.com/boxscores/199812130ram.htm,3,7:49,,,NWE 30,18,17,"Adam Vinatieri kicks off 62 yards, returned by Tony Horne for -8 yards (tackle by Chris Carter). Penalty on Derrick Cullors: Offensive Offside, 5 yards (accepted) (no play)",0.000,0.000,no_play,,,,,,,,,,,Chris Carter,,,,
1998,15,December 13,away,St. Louis Rams,https://www.pro-football-reference.com/boxscores/199812130ram.htm,3,,,,NWE 25,18,17,"Adam Vinatieri kicks off 67 yards, returned by Tony Horne for 25 yards (tackle by Leonta Rheams)",0.000,-1.140,kickoff,,,,,,,,Adam Vinatieri,Tony Horne,,Leonta Rheams,,,,
1998,15,December 13,away,St. Louis Rams,https://www.pro-football-reference.com/boxscores/199812130ram.htm,3,,1,10,STL 33,18,17,June Henley right end for 1 yard (tackle by Tedy Bruschi),1.140,0.730,run,,,June Henley,,,,,,,,Tedy Bruschi,,,,
1998,15,December 13,away,St. Louis Rams,https://www.pro-football-reference.com/boxscores/199812130ram.htm,3,,2,9,STL 34,18,17,Steve Bono pass incomplete intended for Az-Zahir Hakim,0.730,0.040,pass,,Steve Bono,,Az-Zahir Hakim,,,,,,,,,,,
1998,15,December 13,away,St. Louis Rams,https://www.pro-football-reference.com/boxscores/199812130ram.htm,3,,3,9,STL 34,18,17,Steve Bono pass complete to Az-Zahir Hakim for 13 yards (tackle by Lawyer Milloy),0.040,2.060,pass,,Steve Bono,,Az-Zahir Hakim,,,,,,,Lawyer Milloy,,,,
1998,15,December 13,away,St. Louis Rams,https://www.pro-football-reference.com/boxscores/199812130ram.htm,3,,1,10,STL 47,18,17,June Henley middle for -2 yards (tackle by Henry Thomas),2.060,1.250,run,,,June Henley,,,,,,,,Henry Thomas,,,,
1998,15,December 13,away,St. Louis Rams,https://www.pro-football-reference.com/boxscores/199812130ram.htm,3,,2,12,STL 45,18,17,Steve Bono pass complete to June Henley for no gain (tackle by Willie Clay),1.250,0.560,pass,,Steve Bono,,June Henley,,,,,,,Willie Clay,,,,
1998,15,December 13,away,St. Louis Rams,https://www.pro-football-reference.com/boxscores/199812130ram.htm,3,,3,12,STL 45,18,17,Steve Bono pass complete to J.T. Thomas for 21 yards (tackle by Lawyer Milloy),0.560,3.310,pass,,Steve Bono,,J.T. Thomas,,,,,,,Lawyer Milloy,,,,
1998,15,December 13,away,St. Louis Rams,https://www.pro-football-reference.com/boxscores/199812130ram.htm,3,,1,10,NWE 34,18,23,"Az-Zahir Hakim right end for 34 yards, touchdown",3.310,7.000,run,,,Az-Zahir Hakim,,,,,,,,,,,,
1998,15,December 13,away,St. Louis Rams,https://www.pro-football-reference.com/boxscores/199812130ram.htm,3,4:00,,,,18,25,,0.000,0.000,other,,,,,,,,,,,,,,,
1998,15,December 13,away,St. Louis Rams,https://www.pro-football-reference.com/boxscores/199812130ram.htm,3,,,,STL 30,18,25,"Jeff Wilkins kicks off 74 yards, returned by Derrick Cullors for 28 yards (tackle by Robert Holcombe)",0.000,-0.540,kickoff,,,,,,,,Jeff Wilkins,Derrick Cullors,,Robert Holcombe,,,,
1998,15,December 13,away,St. Louis Rams,https://www.pro-football-reference.com/boxscores/199812130ram.htm,3,,1,10,NWE 24,18,25,Drew Bledsoe pass incomplete intended for Robert Edwards,0.540,0.000,pass,,Drew Bledsoe,,Robert Edwards,,,,,,,,,,,
1998,15,December 13,away,St. Louis Rams,https://www.pro-football-reference.com/boxscores/199812130ram.htm,3,,2,10,NWE 24,18,25,Drew Bledsoe sacked by Billy Jenkins for 9 yards,0.000,-2.250,pass,,Drew Bledsoe,,,,Billy Jenkins,,,,,,,,,
1998,15,December 13,away,St. Louis Rams,https://www.pro-football-reference.com/boxscores/199812130ram.htm,3,,3,19,NWE 15,18,25,Drew Bledsoe pass incomplete intended for Tony Simmons,-2.250,-2.440,pass,,Drew Bledsoe,,Tony Simmons,,,,,,,,,,,
1998,15,December 13,away,St. Louis Rams,https://www.pro-football-reference.com/boxscores/199812130ram.htm,3,,4,19,NWE 15,18,25,Tom Tupa punts 18 yards,-2.440,-3.380,punt,,,,,,,Tom Tupa,,,,,,,,
1998,15,December 13,away,St. Louis Rams,https://www.pro-football-reference.com/boxscores/199812130ram.htm,3,2:59,1,10,NWE 33,18,25,Steve Bono pass complete to Ricky Proehl for 10 yards (tackle by Ty Law),3.380,4.040,pass,,Steve Bono,,Ricky Proehl,,,,,,,Ty Law,,,,
1998,15,December 13,away,St. Louis Rams,https://www.pro-football-reference.com/boxscores/199812130ram.htm,3,2:18,1,10,NWE 23,18,25,Steve Bono pass incomplete intended for Ricky Proehl,4.040,3.500,pass,,Steve Bono,,Ricky Proehl,,,,,,,,,,,
1998,15,December 13,away,St. Louis Rams,https://www.pro-football-reference.com/boxscores/199812130ram.htm,3,,2,10,NWE 23,18,25,Steve Bono pass complete to Az-Zahir Hakim for 15 yards (tackle by Steve Israel),3.500,5.370,pass,,Steve Bono,,Az-Zahir Hakim,,,,,,,Steve Israel,,,,
1998,15,December 13,away,St. Louis Rams,https://www.pro-football-reference.com/boxscores/199812130ram.htm,3,,1,8,NWE 8,18,25,June Henley right end for 7 yards (tackle by Willie Clay),5.370,5.910,run,,,June Henley,,,,,,,,Willie Clay,,,,
1998,15,December 13,away,St. Louis Rams,https://www.pro-football-reference.com/boxscores/199812130ram.htm,3,,2,1,NWE 1,18,31,"June Henley middle for 1 yard, touchdown",5.910,7.000,run,,,June Henley,,,,,,,,,,,,
1998,15,December 13,away,St. Louis Rams,https://www.pro-football-reference.com/boxscores/199812130ram.htm,3,0:41,,,,18,32,Jeff Wilkins kicks extra point good,0.000,0.000,extra_point,,,,,,,,Jeff Wilkins,,,,,,,
1998,15,December 13,away,St. Louis Rams,https://www.pro-football-reference.com/boxscores/199812130ram.htm,3,,,,STL 30,18,32,"Jeff Wilkins kicks off 79 yards, touchback.",0.000,-0.280,kickoff,,,,,,,,Jeff Wilkins,,,,,,,
1998,15,December 13,away,St. Louis Rams,https://www.pro-football-reference.com/boxscores/199812130ram.htm,3,,1,10,NWE 20,18,32,Drew Bledsoe pass incomplete intended for Robert Edwards,0.280,-0.270,pass,,Drew Bledsoe,,Robert Edwards,,,,,,,,,,,
1998,15,December 13,away,St. Louis Rams,https://www.pro-football-reference.com/boxscores/199812130ram.htm,3,,2,10,NWE 20,18,32,Robert Edwards right tackle for -1 yards (tackle by Mike Jones),-0.270,-1.140,run,,,Robert Edwards,,,,,,,,Mike Jones,,,,
1998,15,December 13,away,St. Louis Rams,https://www.pro-football-reference.com/boxscores/199812130ram.htm,4,15:00,3,11,NWE 19,18,32,Drew Bledsoe pass complete to Tony Simmons for 10 yards (tackle by Todd Lyght),-1.140,-1.440,pass,,Drew Bledsoe,,Tony Simmons,,,,,,,Todd Lyght,,,,
1998,15,December 13,away,St. Louis Rams,https://www.pro-football-reference.com/boxscores/199812130ram.htm,4,,4,1,NWE 29,18,32,"Tom Tupa punts 60 yards, returned by Eddie Kennison for 33 yards (tackle by Tom Tupa)",-1.440,-1.860,punt,,,,,,,Tom Tupa,,Eddie Kennison,,Tom Tupa,,,,
1998,15,December 13,away,St. Louis Rams,https://www.pro-football-reference.com/boxscores/199812130ram.htm,4,14:12,1,10,STL 44,18,32,June Henley left tackle for 2 yards (tackle by Chad Eaton),1.860,1.590,run,,,June Henley,,,,,,,,Chad Eaton,,,,
1998,15,December 13,away,St. Louis Rams,https://www.pro-football-reference.com/boxscores/199812130ram.htm,4,,2,8,STL 46,18,32,June Henley left end for 7 yards (tackle by Todd Collins),1.590,1.820,run,,,June Henley,,,,,,,,Todd Collins,,,,
1998,15,December 13,away,St. Louis Rams,https://www.pro-football-reference.com/boxscores/199812130ram.htm,4,12:44,3,1,NWE 47,18,32,June Henley left guard for 1 yard (tackle by Steve Israel),1.820,2.520,run,,,June Henley,,,,,,,,Steve Israel,,,,
1998,15,December 13,away,St. Louis Rams,https://www.pro-football-reference.com/boxscores/199812130ram.htm,4,,1,10,NWE 46,18,32,Steve Bono pass incomplete intended for Tyji Armstrong,2.520,1.980,pass,,Steve Bono,,Tyji Armstrong,,,,,,,,,,,
1998,15,December 13,away,St. Louis Rams,https://www.pro-football-reference.com/boxscores/199812130ram.htm,4,,2,10,NWE 46,18,32,Steve Bono pass complete to Amp Lee for -1 yards (tackle by Chad Eaton and Henry Thomas),1.980,1.160,pass,,Steve Bono,,Amp Lee,,,,,,,Chad Eaton,Henry Thomas,,,
1998,15,December 13,away,St. Louis Rams,https://www.pro-football-reference.com/boxscores/199812130ram.htm,4,,3,11,NWE 47,18,32,Steve Bono pass incomplete intended for J.T. Thomas,1.160,0.130,pass,,Steve Bono,,J.T. Thomas,,,,,,,,,,,
1998,15,December 13,away,St. Louis Rams,https://www.pro-football-reference.com/boxscores/199812130ram.htm,4,,4,11,NWE 47,18,32,Rick Tuten punts 37 yards,0.130,0.000,punt,,,,,,,Rick Tuten,,,,,,,,
1998,15,December 13,away,St. Louis Rams,https://www.pro-football-reference.com/boxscores/199812130ram.htm,4,,,,NWE 10,18,32,"Penalty on Steve Israel: Offensive Holding, 5 yards (accepted)",0.000,0.380,penalty,,,,,,,,,,,,,,,Steve Israel
1998,15,December 13,away,St. Louis Rams,https://www.pro-football-reference.com/boxscores/199812130ram.htm,4,11:00,1,10,NWE 5,18,32,Drew Bledsoe pass complete to Shawn Jefferson for 12 yards (tackle by Ryan McNeil),-0.380,-0.060,pass,,Drew Bledsoe,,Shawn Jefferson,,,,,,,Ryan McNeil,,,,
1998,15,December 13,away,St. Louis Rams,https://www.pro-football-reference.com/boxscores/199812130ram.htm,4,,1,10,NWE 17,18,32,Robert Edwards right guard for 2 yards (tackle by Eric Hill),-0.060,-0.250,run,,,Robert Edwards,,,,,,,,Eric Hill,,,,
1998,15,December 13,away,St. Louis Rams,https://www.pro-football-reference.com/boxscores/199812130ram.htm,4,,2,8,NWE 19,18,32,"Drew Bledsoe pass complete to Shawn Jefferson for 12 yards (tackle by Todd Lyght). Penalty on Dave Wohlabaugh: Offensive Holding, 10 yards (accepted) (no play)",-0.250,-1.360,no_play,,,,,,,,,,,Todd Lyght,,,,
1998,15,December 13,away,St. Louis Rams,https://www.pro-football-reference.com/boxscores/199812130ram.htm,4,,2,18,NWE 9,18,32,Drew Bledsoe pass incomplete intended for Robert Edwards,-1.360,-2.360,pass,,Drew Bledsoe,,Robert Edwards,,,,,,,,,,,
1998,15,December 13,away,St. Louis Rams,https://www.pro-football-reference.com/boxscores/199812130ram.htm,4,,3,18,NWE 9,18,32,Drew Bledsoe pass incomplete intended for Troy Brown,-2.360,-2.490,pass,,Drew Bledsoe,,Troy Brown,,,,,,,,,,,
1998,15,December 13,away,St. Louis Rams,https://www.pro-football-reference.com/boxscores/199812130ram.htm,4,,4,18,NWE 9,18,32,"Tom Tupa punts 52 yards, returned by Eddie Kennison for 7 yards (tackle by Shawn Stuckey)",-2.490,-1.990,punt,,,,,,,Tom Tupa,,Eddie Kennison,,Shawn Stuckey,,,,
1998,15,December 13,away,St. Louis Rams,https://www.pro-football-reference.com/boxscores/199812130ram.htm,4,9:05,1,10,STL 46,18,32,Steve Bono pass incomplete intended for Ricky Proehl,1.990,1.450,pass,,Steve Bono,,Ricky Proehl,,,,,,,,,,,
1998,15,December 13,away,St. Louis Rams,https://www.pro-football-reference.com/boxscores/199812130ram.htm,4,,2,10,STL 46,18,32,June Henley middle for no gain (tackle by Todd Collins and Henry Thomas),1.450,0.760,run,,,June Henley,,,,,,,,Todd Collins,Henry Thomas,,,
1998,15,December 13,away,St. Louis Rams,https://www.pro-football-reference.com/boxscores/199812130ram.htm,4,,3,10,STL 46,18,32,Steve Bono pass complete to J.T. Thomas for 5 yards (tackle by Ty Law and Chris Slade),0.760,0.000,pass,,Steve Bono,,J.T. Thomas,,,,,,,Ty Law,Chris Slade,,,
1998,15,December 13,away,St. Louis Rams,https://www.pro-football-reference.com/boxscores/199812130ram.htm,4,,4,5,NWE 49,18,32,"Rick Tuten punts 49 yards, touchback.",0.000,-0.280,punt,,,,,,,Rick Tuten,,,,,,,,
1998,15,December 13,away,St. Louis Rams,https://www.pro-football-reference.com/boxscores/199812130ram.htm,4,7:22,1,10,NWE 20,18,32,Drew Bledsoe pass complete to Shawn Jefferson for 50 yards (tackle by Ryan McNeil),0.280,3.580,pass,,Drew Bledsoe,,Shawn Jefferson,,,,,,,Ryan McNeil,,,,
1998,15,December 13,away,St. Louis Rams,https://www.pro-football-reference.com/boxscores/199812130ram.htm,4,,1,10,STL 30,18,32,Drew Bledsoe pass incomplete intended for Shawn Jefferson,3.580,3.030,pass,,Drew Bledsoe,,Shawn Jefferson,,,,,,,,,,,
1998,15,December 13,away,St. Louis Rams,https://www.pro-football-reference.com/boxscores/199812130ram.htm,4,,2,10,STL 30,18,32,Drew Bledsoe pass incomplete intended for Shawn Jefferson,3.030,2.340,pass,,Drew Bledsoe,,Shawn Jefferson,,,,,,,,,,,
1998,15,December 13,away,St. Louis Rams,https://www.pro-football-reference.com/boxscores/199812130ram.htm,4,,3,10,STL 30,18,32,"Drew Bledsoe pass complete to Lovett Purnell for 9 yards. Penalty on Grant Wistrom: Illegal Use of Hands, 5 yards (accepted) (no play)",2.340,3.910,no_play,,,,,,,,,,,,,,,
1998,15,December 13,away,St. Louis Rams,https://www.pro-football-reference.com/boxscores/199812130ram.htm,4,,1,10,STL 25,18,32,Drew Bledsoe pass incomplete intended for Shawn Jefferson,3.910,3.360,pass,,Drew Bledsoe,,Shawn Jefferson,,,,,,,,,,,
1998,15,December 13,away,St. Louis Rams,https://www.pro-football-reference.com/boxscores/199812130ram.htm,4,,2,10,STL 25,18,32,Drew Bledsoe pass incomplete intended for Lovett Purnell,3.360,2.680,pass,,Drew Bledsoe,,Lovett Purnell,,,,,,,,,,,
1998,15,December 13,away,St. Louis Rams,https://www.pro-football-reference.com/boxscores/199812130ram.htm,4,,3,10,STL 25,18,32,Drew Bledsoe pass complete to Lovett Purnell for 11 yards (tackle by Billy Jenkins),2.680,4.650,pass,,Drew Bledsoe,,Lovett Purnell,,,,,,,Billy Jenkins,,,,
1998,15,December 13,away,St. Louis Rams,https://www.pro-football-reference.com/boxscores/199812130ram.htm,4,,1,10,STL 14,18,32,Drew Bledsoe pass complete to Lovett Purnell for 6 yards (tackle by Mike Jones),4.650,5.090,pass,,Drew Bledsoe,,Lovett Purnell,,,,,,,Mike Jones,,,,
1998,15,December 13,away,St. Louis Rams,https://www.pro-football-reference.com/boxscores/199812130ram.htm,4,,2,4,STL 8,18,32,Derrick Cullors right guard for 2 yards (tackle by Mike Jones and Grant Wistrom),5.090,4.730,run,,,Derrick Cullors,,,,,,,,Mike Jones,Grant Wistrom,,,
1998,15,December 13,away,St. Louis Rams,https://www.pro-football-reference.com/boxscores/199812130ram.htm,4,,3,2,STL 6,18,32,Drew Bledsoe pass incomplete intended for Troy Brown,4.730,3.010,pass,,Drew Bledsoe,,Troy Brown,,,,,,,,,,,
1998,15,December 13,away,St. Louis Rams,https://www.pro-football-reference.com/boxscores/199812130ram.htm,4,,4,2,STL 6,18,32,Drew Bledsoe pass incomplete intended for Tony Simmons,3.010,0.380,pass,,Drew Bledsoe,,Tony Simmons,,,,,,,,,,,
1998,15,December 13,away,St. Louis Rams,https://www.pro-football-reference.com/boxscores/199812130ram.htm,4,4:33,1,10,STL 6,18,32,June Henley left tackle for 2 yards (tackle by Marty Moore),-0.380,-0.630,run,,,June Henley,,,,,,,,Marty Moore,,,,
1998,15,December 13,away,St. Louis Rams,https://www.pro-football-reference.com/boxscores/199812130ram.htm,4,4:25,2,8,STL 8,18,32,June Henley middle for 3 yards (tackle by Tedy Bruschi and Chad Eaton),-0.630,-0.840,run,,,June Henley,,,,,,,,Tedy Bruschi,Chad Eaton,,,
1998,15,December 13,away,St. Louis Rams,https://www.pro-football-reference.com/boxscores/199812130ram.htm,4,4:20,3,5,STL 11,18,32,June Henley right end for 4 yards (tackle by Chad Eaton and Chris Sullivan),-0.840,-2.440,run,,,June Henley,,,,,,,,Chad Eaton,Chris Sullivan,,,
1998,15,December 13,away,St. Louis Rams,https://www.pro-football-reference.com/boxscores/199812130ram.htm,4,4:13,4,1,STL 15,18,32,"Rick Tuten punts 58 yards, returned by Chris Canty for 12 yards (tackle by Mike Scurlock)",-2.440,-1.530,punt,,,,,,,Rick Tuten,,Chris Canty,,Mike Scurlock,,,,
1998,15,December 13,away,St. Louis Rams,https://www.pro-football-reference.com/boxscores/199812130ram.htm,4,4:01,1,10,NWE 39,18,32,Drew Bledsoe pass incomplete intended for Troy Brown,1.530,0.990,pass,,Drew Bledsoe,,Troy Brown,,,,,,,,,,,
1998,15,December 13,away,St. Louis Rams,https://www.pro-football-reference.com/boxscores/199812130ram.htm,4,,2,10,NWE 39,18,32,Drew Bledsoe pass incomplete intended for Troy Brown,0.990,0.300,pass,,Drew Bledsoe,,Troy Brown,,,,,,,,,,,
1998,15,December 13,away,St. Louis Rams,https://www.pro-football-reference.com/boxscores/199812130ram.htm,4,,3,10,NWE 39,18,32,Drew Bledsoe pass incomplete intended for Troy Brown,0.300,-0.780,pass,,Drew Bledsoe,,Troy Brown,,,,,,,,,,,
1998,15,December 13,away,St. Louis Rams,https://www.pro-football-reference.com/boxscores/199812130ram.htm,4,,4,10,NWE 39,18,32,Drew Bledsoe pass incomplete intended for Troy Brown,-0.780,-2.980,pass,,Drew Bledsoe,,Troy Brown,,,,,,,,,,,
1998,15,December 13,away,St. Louis Rams,https://www.pro-football-reference.com/boxscores/199812130ram.htm,4,3:35,1,10,NWE 39,18,32,June Henley right guard for 4 yards (tackle by Tedy Bruschi and Todd Collins),2.980,2.980,run,,,June Henley,,,,,,,,Tedy Bruschi,Todd Collins,,,
1998,15,December 13,away,St. Louis Rams,https://www.pro-football-reference.com/boxscores/199812130ram.htm,4,,2,6,NWE 35,18,32,June Henley right tackle for 2 yards (tackle by Chad Eaton),2.980,2.540,run,,,June Henley,,,,,,,,Chad Eaton,,,,
1998,15,December 13,away,St. Louis Rams,https://www.pro-football-reference.com/boxscores/199812130ram.htm,4,,3,4,NWE 33,18,32,June Henley left end for 11 yards (tackle by Willie Clay),2.540,4.110,run,,,June Henley,,,,,,,,Willie Clay,,,,
1998,15,December 13,away,St. Louis Rams,https://www.pro-football-reference.com/boxscores/199812130ram.htm,4,2:00,1,10,NWE 22,18,32,Steve Bono kneels for -1 yards (tackle by Chad Eaton),4.110,3.430,run,,,Steve Bono,,,,,,,,Chad Eaton,,,,
1998,15,December 13,away,St. Louis Rams,https://www.pro-football-reference.com/boxscores/199812130ram.htm,4,1:19,2,11,NWE 23,18,32,Steve Bono kneels for -1 yards (tackle by Chad Eaton),3.430,2.610,run,,,Steve Bono,,,,,,,,Chad Eaton,,,,
1998,15,December 13,away,St. Louis Rams,https://www.pro-football-reference.com/boxscores/199812130ram.htm,4,0:40,3,12,NWE 24,18,32,Steve Bono kneels for -1 yards (tackle by Chad Eaton),2.610,1.800,run,,,Steve Bono,,,,,,,,Chad Eaton,,,,
1998,16,December 20,home,San Francisco 49ers,https://www.pro-football-reference.com/boxscores/199812200nwe.htm,,,,,,,,"49ers won the coin toss, 49ers to receive the opening kickoff.",,,other,,,,,,,,,,,,,,,
1998,16,December 20,home,San Francisco 49ers,https://www.pro-football-reference.com/boxscores/199812200nwe.htm,1,15:00,,,NWE 30,0,0,"Adam Vinatieri kicks off 65 yards, returned by Terry Kirby for 20 yards (tackle by Chris Canty and Derrick Cullors)",0.000,-0.610,kickoff,,,,,,,,Adam Vinatieri,Terry Kirby,,Chris Canty,Derrick Cullors,,,
1998,16,December 20,home,San Francisco 49ers,https://www.pro-football-reference.com/boxscores/199812200nwe.htm,1,,1,10,SFO 25,0,0,Garrison Hearst right guard for 7 yards (tackle by Steve Israel and Henry Thomas),0.610,1.010,run,,,Garrison Hearst,,,,,,,,Steve Israel,Henry Thomas,,,
1998,16,December 20,home,San Francisco 49ers,https://www.pro-football-reference.com/boxscores/199812200nwe.htm,1,,2,3,SFO 32,0,0,Garrison Hearst middle for 4 yards (tackle by Todd Collins and Henry Thomas),1.010,1.330,run,,,Garrison Hearst,,,,,,,,Todd Collins,Henry Thomas,,,
1998,16,December 20,home,San Francisco 49ers,https://www.pro-football-reference.com/boxscores/199812200nwe.htm,1,,1,10,SFO 36,0,0,Steve Young pass complete to Garrison Hearst for -1 yards (tackle by Willie Clay and Ty Law),1.330,0.660,pass,,Steve Young,,Garrison Hearst,,,,,,,Willie Clay,Ty Law,,,
1998,16,December 20,home,San Francisco 49ers,https://www.pro-football-reference.com/boxscores/199812200nwe.htm,1,,2,11,SFO 35,0,0,Garrison Hearst right guard for -1 yards (tackle by Chad Eaton),0.660,-0.160,run,,,Garrison Hearst,,,,,,,,Chad Eaton,,,,
1998,16,December 20,home,San Francisco 49ers,https://www.pro-football-reference.com/boxscores/199812200nwe.htm,1,,3,12,SFO 34,0,0,Steve Young pass complete to J.J. Stokes for 22 yards (tackle by Tebucky Jones and Larry Whigham),-0.160,2.650,pass,,Steve Young,,J.J. Stokes,,,,,,,Tebucky Jones,Larry Whigham,,,
1998,16,December 20,home,San Francisco 49ers,https://www.pro-football-reference.com/boxscores/199812200nwe.htm,1,,1,10,NWE 44,0,0,"Steve Young pass complete to Jerry Rice for 14 yards. Jerry Rice fumbles (forced by Tedy Bruschi), recovered by Ty Law at NE30 and returned for 17 yards",2.650,-2.060,pass,,Steve Young,,Jerry Rice,,,,,,,,,Tedy Bruschi,Ty Law,
1998,16,December 20,home,San Francisco 49ers,https://www.pro-football-reference.com/boxscores/199812200nwe.htm,1,11:26,1,10,NWE 47,0,0,Robert Edwards left end for 11 yards (tackle by Tim McDonald),2.060,2.790,run,,,Robert Edwards,,,,,,,,Tim McDonald,,,,
1998,16,December 20,home,San Francisco 49ers,https://www.pro-football-reference.com/boxscores/199812200nwe.htm,1,,1,10,SFO 42,0,0,Scott Zolak pass complete to Robert Edwards for 20 yards (tackle by Lance Schulters and Lee Woodall),2.790,4.110,pass,,Scott Zolak,,Robert Edwards,,,,,,,Lance Schulters,Lee Woodall,,,
1998,16,December 20,home,San Francisco 49ers,https://www.pro-football-reference.com/boxscores/199812200nwe.htm,1,,1,10,SFO 22,0,0,Robert Edwards middle for 3 yards (tackle by Roy Barker and Ken Norton),4.110,3.970,run,,,Robert Edwards,,,,,,,,Roy Barker,Ken Norton,,,
1998,16,December 20,home,San Francisco 49ers,https://www.pro-football-reference.com/boxscores/199812200nwe.htm,1,,2,7,SFO 19,0,0,Scott Zolak pass incomplete intended for Shawn Jefferson,3.970,3.260,pass,,Scott Zolak,,Shawn Jefferson,,,,,,,,,,,
1998,16,December 20,home,San Francisco 49ers,https://www.pro-football-reference.com/boxscores/199812200nwe.htm,1,,3,7,SFO 19,0,0,Scott Zolak pass complete to Tony Simmons for 4 yards (tackle by Lance Schulters and Darnell Walker),3.260,2.540,pass,,Scott Zolak,,Tony Simmons,,,,,,,Lance Schulters,Darnell Walker,,,
1998,16,December 20,home,San Francisco 49ers,https://www.pro-football-reference.com/boxscores/199812200nwe.htm,1,,4,3,SFO 15,0,0,Adam Vinatieri 32 yard field goal no good,2.540,-0.480,field_goal,,,,,,,,Adam Vinatieri,,,,,,,
1998,16,December 20,home,San Francisco 49ers,https://www.pro-football-reference.com/boxscores/199812200nwe.htm,1,8:32,1,10,SFO 23,0,0,Steve Young sacked by Chris Sullivan for 5 yards,0.480,-0.840,pass,,Steve Young,,,,Chris Sullivan,,,,,,,,,
1998,16,December 20,home,San Francisco 49ers,https://www.pro-football-reference.com/boxscores/199812200nwe.htm,1,,2,15,SFO 18,0,0,Garrison Hearst left guard for 3 yards (tackle by Tedy Bruschi and Chris Slade),-0.840,-1.020,run,,,Garrison Hearst,,,,,,,,Tedy Bruschi,Chris Slade,,,
1998,16,December 20,home,San Francisco 49ers,https://www.pro-football-reference.com/boxscores/199812200nwe.htm,1,,3,12,SFO 21,0,0,Steve Young sacked by Chris Slade for 3 yards,-1.020,-2.240,pass,,Steve Young,,,,Chris Slade,,,,,,,,,
1998,16,December 20,home,San Francisco 49ers,https://www.pro-football-reference.com/boxscores/199812200nwe.htm,1,,4,15,SFO 18,0,0,"Reggie Roby punts 40 yards, returned by Troy Brown for 10 yards (tackle by Lance Schulters)",-2.240,0.000,punt,,,,,,,Reggie Roby,,Troy Brown,,Lance Schulters,,,,
1998,16,December 20,home,San Francisco 49ers,https://www.pro-football-reference.com/boxscores/199812200nwe.htm,1,,,,,0,0,Penalty on Terry Kirby: Offensive Holding (declined),0.000,-2.390,penalty,,,,,,,,,,,,,,,Terry Kirby
1998,16,December 20,home,San Francisco 49ers,https://www.pro-football-reference.com/boxscores/199812200nwe.htm,1,6:42,1,10,SFO 48,0,0,Robert Edwards left tackle for -1 yards (tackle by Gabe Wilkins),2.390,1.710,run,,,Robert Edwards,,,,,,,,Gabe Wilkins,,,,
1998,16,December 20,home,San Francisco 49ers,https://www.pro-football-reference.com/boxscores/199812200nwe.htm,1,,2,11,SFO 49,0,0,"Penalty on R.W. McQuarters: Encroachment, 5 yards (accepted)",1.710,2.390,penalty,,,,,,,,,,,,,,,R.W. McQuarters
1998,16,December 20,home,San Francisco 49ers,https://www.pro-football-reference.com/boxscores/199812200nwe.htm,1,,2,6,SFO 44,0,0,Robert Edwards right tackle for 12 yards (tackle by Winfred Tubbs),2.390,3.450,run,,,Robert Edwards,,,,,,,,Winfred Tubbs,,,,
1998,16,December 20,home,San Francisco 49ers,https://www.pro-football-reference.com/boxscores/199812200nwe.htm,1,,1,10,SFO 32,0,0,Robert Edwards left guard for 7 yards (tackle by Ken Norton and Winfred Tubbs),3.450,3.850,run,,,Robert Edwards,,,,,,,,Ken Norton,Winfred Tubbs,,,
1998,16,December 20,home,San Francisco 49ers,https://www.pro-football-reference.com/boxscores/199812200nwe.htm,1,,2,3,SFO 25,0,0,Robert Edwards left tackle for no gain (tackle by Junior Bryant and Chris Doleman),3.850,3.140,run,,,Robert Edwards,,,,,,,,Junior Bryant,Chris Doleman,,,
1998,16,December 20,home,San Francisco 49ers,https://www.pro-football-reference.com/boxscores/199812200nwe.htm,1,,3,3,SFO 25,0,0,Derrick Cullors right tackle for 6 yards (tackle by Chris Doleman and Lance Schulters),3.140,4.310,run,,,Derrick Cullors,,,,,,,,Chris Doleman,Lance Schulters,,,
1998,16,December 20,home,San Francisco 49ers,https://www.pro-football-reference.com/boxscores/199812200nwe.htm,1,,1,10,SFO 19,6,0,"Scott Zolak pass complete to Robert Edwards for 19 yards, touchdown",4.310,7.000,pass,,Scott Zolak,,Robert Edwards,,,,,,,,,,,
1998,16,December 20,home,San Francisco 49ers,https://www.pro-football-reference.com/boxscores/199812200nwe.htm,1,2:56,,,,7,0,Adam Vinatieri kicks extra point good,0.000,0.000,extra_point,,,,,,,,Adam Vinatieri,,,,,,,
1998,16,December 20,home,San Francisco 49ers,https://www.pro-football-reference.com/boxscores/199812200nwe.htm,1,,,,NWE 30,7,0,"Adam Vinatieri kicks off 58 yards, returned by Terry Kirby for 18 yards (tackle by Marty Moore and Larry Whigham)",0.000,-0.940,kickoff,,,,,,,,Adam Vinatieri,Terry Kirby,,Marty Moore,Larry Whigham,,,
1998,16,December 20,home,San Francisco 49ers,https://www.pro-football-reference.com/boxscores/199812200nwe.htm,1,,1,10,SFO 30,7,0,Garrison Hearst right guard for 14 yards (tackle by Tedy Bruschi and Ty Law),0.940,1.860,run,,,Garrison Hearst,,,,,,,,Tedy Bruschi,Ty Law,,,
1998,16,December 20,home,San Francisco 49ers,https://www.pro-football-reference.com/boxscores/199812200nwe.htm,1,,1,10,SFO 44,7,0,Garrison Hearst right guard for 6 yards (tackle by Ferric Collons and Chris Slade),1.860,2.130,run,,,Garrison Hearst,,,,,,,,Ferric Collons,Chris Slade,,,
1998,16,December 20,home,San Francisco 49ers,https://www.pro-football-reference.com/boxscores/199812200nwe.htm,1,,2,4,NWE 50,7,0,Garrison Hearst right guard for 7 yards (tackle by Lawyer Milloy),2.130,2.720,run,,,Garrison Hearst,,,,,,,,Lawyer Milloy,,,,
1998,16,December 20,home,San Francisco 49ers,https://www.pro-football-reference.com/boxscores/199812200nwe.htm,1,,1,10,NWE 43,7,0,Garrison Hearst middle for 5 yards (tackle by Todd Collins and Lawyer Milloy),2.720,2.850,run,,,Garrison Hearst,,,,,,,,Todd Collins,Lawyer Milloy,,,
1998,16,December 20,home,San Francisco 49ers,https://www.pro-football-reference.com/boxscores/199812200nwe.htm,1,,2,5,NWE 38,7,0,Terry Kirby right tackle for 2 yards (tackle by Tedy Bruschi and Henry Thomas),2.850,2.410,run,,,Terry Kirby,,,,,,,,Tedy Bruschi,Henry Thomas,,,
1998,16,December 20,home,San Francisco 49ers,https://www.pro-football-reference.com/boxscores/199812200nwe.htm,2,15:00,3,3,NWE 36,7,0,Terry Kirby middle for 19 yards (tackle by Willie Clay and Chris Slade),2.410,4.440,run,,,Terry Kirby,,,,,,,,Willie Clay,Chris Slade,,,
1998,16,December 20,home,San Francisco 49ers,https://www.pro-football-reference.com/boxscores/199812200nwe.htm,2,14:13,1,10,NWE 17,7,0,Steve Young pass complete to Marc Edwards for 2 yards (tackle by Tedy Bruschi and Todd Collins),4.440,4.150,pass,,Steve Young,,Marc Edwards,,,,,,,Tedy Bruschi,Todd Collins,,,
1998,16,December 20,home,San Francisco 49ers,https://www.pro-football-reference.com/boxscores/199812200nwe.htm,2,,2,8,NWE 15,7,0,"Penalty on Kevin Gogan: False Start, 5 yards (accepted)",4.150,3.490,penalty,,,,,,,,,,,,,,,Kevin Gogan
1998,16,December 20,home,San Francisco 49ers,https://www.pro-football-reference.com/boxscores/199812200nwe.htm,2,,2,13,NWE 20,7,0,Steve Young pass complete to Garrison Hearst for 7 yards (tackle by Lawyer Milloy and Chris Slade),3.490,3.680,pass,,Steve Young,,Garrison Hearst,,,,,,,Lawyer Milloy,Chris Slade,,,
1998,16,December 20,home,San Francisco 49ers,https://www.pro-football-reference.com/boxscores/199812200nwe.htm,2,,3,6,NWE 13,7,0,Steve Young pass incomplete intended for Jerry Rice,3.680,2.590,pass,,Steve Young,,Jerry Rice,,,,,,,,,,,
1998,16,December 20,home,San Francisco 49ers,https://www.pro-football-reference.com/boxscores/199812200nwe.htm,2,,4,6,NWE 13,7,0,Wade Richey 31 yard field goal no good (tackle by Chad Eaton),2.590,-0.410,field_goal,,,,,,,,Wade Richey,,,Chad Eaton,,,,
1998,16,December 20,home,San Francisco 49ers,https://www.pro-football-reference.com/boxscores/199812200nwe.htm,2,12:12,1,10,NWE 22,7,0,Robert Edwards left tackle for 3 yards (tackle by Brentson Buckner and Winfred Tubbs),0.410,0.270,run,,,Robert Edwards,,,,,,,,Brentson Buckner,Winfred Tubbs,,,
1998,16,December 20,home,San Francisco 49ers,https://www.pro-football-reference.com/boxscores/199812200nwe.htm,2,,2,7,NWE 25,7,0,Robert Edwards left guard for 5 yards (tackle by R.W. McQuarters and Ken Norton),0.270,0.230,run,,,Robert Edwards,,,,,,,,R.W. McQuarters,Ken Norton,,,
1998,16,December 20,home,San Francisco 49ers,https://www.pro-football-reference.com/boxscores/199812200nwe.htm,2,,3,2,NWE 30,7,0,Scott Zolak pass complete to Ben Coates for 10 yards (tackle by R.W. McQuarters and Winfred Tubbs),0.230,1.600,pass,,Scott Zolak,,Ben Coates,,,,,,,R.W. McQuarters,Winfred Tubbs,,,
1998,16,December 20,home,San Francisco 49ers,https://www.pro-football-reference.com/boxscores/199812200nwe.htm,2,,1,10,NWE 40,7,0,Scott Zolak pass incomplete intended for Tony Simmons,1.600,1.050,pass,,Scott Zolak,,Tony Simmons,,,,,,,,,,,
1998,16,December 20,home,San Francisco 49ers,https://www.pro-football-reference.com/boxscores/199812200nwe.htm,2,,2,10,NWE 40,7,0,Robert Edwards right tackle for no gain (tackle by Lance Schulters and Winfred Tubbs),1.050,0.370,run,,,Robert Edwards,,,,,,,,Lance Schulters,Winfred Tubbs,,,
1998,16,December 20,home,San Francisco 49ers,https://www.pro-football-reference.com/boxscores/199812200nwe.htm,2,,3,10,NWE 40,7,0,Scott Zolak pass incomplete intended for Tony Simmons,0.370,-0.720,pass,,Scott Zolak,,Tony Simmons,,,,,,,,,,,
1998,16,December 20,home,San Francisco 49ers,https://www.pro-football-reference.com/boxscores/199812200nwe.htm,2,,4,10,NWE 40,7,0,"Tom Tupa punts 41 yards, returned by R.W. McQuarters for 5 yards (tackle by Chris Carter)",-0.720,-0.540,punt,,,,,,,Tom Tupa,,R.W. McQuarters,,Chris Carter,,,,
1998,16,December 20,home,San Francisco 49ers,https://www.pro-football-reference.com/boxscores/199812200nwe.htm,2,9:18,1,10,SFO 24,7,0,Garrison Hearst right end for 1 yard (tackle by Lawyer Milloy and Greg Spires),0.540,0.130,run,,,Garrison Hearst,,,,,,,,Lawyer Milloy,Greg Spires,,,
1998,16,December 20,home,San Francisco 49ers,https://www.pro-football-reference.com/boxscores/199812200nwe.htm,2,,2,9,SFO 25,7,6,"Steve Young pass complete to Jerry Rice for 75 yards, touchdown",0.130,7.000,pass,,Steve Young,,Jerry Rice,,,,,,,,,,,
1998,16,December 20,home,San Francisco 49ers,https://www.pro-football-reference.com/boxscores/199812200nwe.htm,2,8:23,,,,7,7,Wade Richey kicks extra point good,0.000,0.000,extra_point,,,,,,,,Wade Richey,,,,,,,
1998,16,December 20,home,San Francisco 49ers,https://www.pro-football-reference.com/boxscores/199812200nwe.htm,2,,,,SFO 30,7,7,"Wade Richey kicks off 79 yards, touchback.",0.000,-0.280,kickoff,,,,,,,,Wade Richey,,,,,,,
1998,16,December 20,home,San Francisco 49ers,https://www.pro-football-reference.com/boxscores/199812200nwe.htm,2,,1,10,NWE 20,7,7,Chris Floyd right guard for 10 yards (tackle by Lance Schulters and Winfred Tubbs),0.280,0.940,run,,,Chris Floyd,,,,,,,,Lance Schulters,Winfred Tubbs,,,
1998,16,December 20,home,San Francisco 49ers,https://www.pro-football-reference.com/boxscores/199812200nwe.htm,2,,1,10,NWE 30,7,7,"Scott Zolak pass incomplete intended for Tony Simmons. Penalty on Winfred Tubbs: Defensive Holding, 5 yards (accepted) (no play)",0.940,1.270,no_play,,,,,,,,,,,,,,,
1998,16,December 20,home,San Francisco 49ers,https://www.pro-football-reference.com/boxscores/199812200nwe.htm,2,,1,10,NWE 35,7,7,Scott Zolak scrambles right end for 4 yards (tackle by Ken Norton),1.270,1.260,run,,,Scott Zolak,,,,,,,,Ken Norton,,,,
1998,16,December 20,home,San Francisco 49ers,https://www.pro-football-reference.com/boxscores/199812200nwe.htm,2,,2,6,NWE 39,7,7,Scott Zolak pass incomplete intended for Tony Simmons,1.260,0.560,pass,,Scott Zolak,,Tony Simmons,,,,,,,,,,,
1998,16,December 20,home,San Francisco 49ers,https://www.pro-football-reference.com/boxscores/199812200nwe.htm,2,,3,6,NWE 39,13,7,"Scott Zolak pass complete to Shawn Jefferson for 61 yards, touchdown",0.560,7.000,pass,,Scott Zolak,,Shawn Jefferson,,,,,,,,,,,
1998,16,December 20,home,San Francisco 49ers,https://www.pro-football-reference.com/boxscores/199812200nwe.htm,2,6:41,,,,14,7,"Adam Vinatieri kicks extra point good. Penalty on Shawn Jefferson: Unsportsmanlike Conduct, 15 yards (accepted)",0.000,0.000,extra_point,,,,,,,,Adam Vinatieri,,,,,,,
1998,16,December 20,home,San Francisco 49ers,https://www.pro-football-reference.com/boxscores/199812200nwe.htm,2,,,,NWE 15,14,7,"Adam Vinatieri kicks off 59 yards, returned by Terry Kirby for 24 yards",0.000,-2.260,kickoff,,,,,,,,Adam Vinatieri,Terry Kirby,,,,,,
1998,16,December 20,home,San Francisco 49ers,https://www.pro-football-reference.com/boxscores/199812200nwe.htm,2,,1,10,NWE 50,14,7,Garrison Hearst right end for 10 yards (tackle by Lawyer Milloy),2.260,2.920,run,,,Garrison Hearst,,,,,,,,Lawyer Milloy,,,,
1998,16,December 20,home,San Francisco 49ers,https://www.pro-football-reference.com/boxscores/199812200nwe.htm,2,,1,10,NWE 40,14,7,Steve Young pass intended for Terrell Owens is intercepted by Ty Law at NE2 and returned for 30 yards,2.920,-1.070,pass,,Steve Young,,Terrell Owens,Ty Law,,,,,,,,,,
1998,16,December 20,home,San Francisco 49ers,https://www.pro-football-reference.com/boxscores/199812200nwe.htm,2,5:58,1,10,NWE 32,14,7,Scott Zolak pass incomplete intended for Robert Edwards,1.070,0.530,pass,,Scott Zolak,,Robert Edwards,,,,,,,,,,,
1998,16,December 20,home,San Francisco 49ers,https://www.pro-football-reference.com/boxscores/199812200nwe.htm,2,,2,10,NWE 32,14,7,Robert Edwards right tackle for 6 yards (tackle by Tim McDonald and Winfred Tubbs),0.530,0.630,run,,,Robert Edwards,,,,,,,,Tim McDonald,Winfred Tubbs,,,
1998,16,December 20,home,San Francisco 49ers,https://www.pro-football-reference.com/boxscores/199812200nwe.htm,2,,3,4,NWE 38,14,7,Scott Zolak pass intended for Ben Coates is intercepted by Tim McDonald at NE40 and returned for 18 yards,0.630,-4.110,pass,,Scott Zolak,,Ben Coates,Tim McDonald,,,,,,,,,,
1998,16,December 20,home,San Francisco 49ers,https://www.pro-football-reference.com/boxscores/199812200nwe.htm,2,5:03,1,10,NWE 22,14,7,Garrison Hearst right tackle for 1 yard (tackle by Lawyer Milloy and Chris Slade),4.110,3.700,run,,,Garrison Hearst,,,,,,,,Lawyer Milloy,Chris Slade,,,
1998,16,December 20,home,San Francisco 49ers,https://www.pro-football-reference.com/boxscores/199812200nwe.htm,2,,2,9,NWE 21,14,7,Garrison Hearst right end for 2 yards (tackle by Todd Collins and Chris Slade),3.700,3.260,run,,,Garrison Hearst,,,,,,,,Todd Collins,Chris Slade,,,
1998,16,December 20,home,San Francisco 49ers,https://www.pro-football-reference.com/boxscores/199812200nwe.htm,2,,3,7,NWE 19,14,7,Steve Young pass complete to Jerry Rice for 9 yards,3.260,4.910,pass,,Steve Young,,Jerry Rice,,,,,,,,,,,
1998,16,December 20,home,San Francisco 49ers,https://www.pro-football-reference.com/boxscores/199812200nwe.htm,2,,1,10,NWE 10,14,7,Garrison Hearst right tackle for 3 yards (tackle by Steve Israel),4.910,4.760,run,,,Garrison Hearst,,,,,,,,Steve Israel,,,,
1998,16,December 20,home,San Francisco 49ers,https://www.pro-football-reference.com/boxscores/199812200nwe.htm,2,2:46,2,7,NWE 7,14,13,"Steve Young pass complete to Terrell Owens for 7 yards, touchdown",4.760,7.000,pass,,Steve Young,,Terrell Owens,,,,,,,,,,,
1998,16,December 20,home,San Francisco 49ers,https://www.pro-football-reference.com/boxscores/199812200nwe.htm,2,2:42,,,,14,14,"Wade Richey kicks extra point good. Penalty on Kevin Gogan: Unnecessary Roughness, 15 yards (accepted)",0.000,0.000,extra_point,,,,,,,,Wade Richey,,,,,,,
1998,16,December 20,home,San Francisco 49ers,https://www.pro-football-reference.com/boxscores/199812200nwe.htm,2,,,,SFO 15,14,14,"Wade Richey kicks off 69 yards, returned by Derrick Cullors for 22 yards (tackle by Terry Kirby)",0.000,-1.470,kickoff,,,,,,,,Wade Richey,Derrick Cullors,,Terry Kirby,,,,
1998,16,December 20,home,San Francisco 49ers,https://www.pro-football-reference.com/boxscores/199812200nwe.htm,2,,1,10,NWE 38,14,14,Robert Edwards middle for 4 yards (tackle by Roy Barker and Junior Bryant),1.470,1.460,run,,,Robert Edwards,,,,,,,,Roy Barker,Junior Bryant,,,
1998,16,December 20,home,San Francisco 49ers,https://www.pro-football-reference.com/boxscores/199812200nwe.htm,2,2:19,2,6,NWE 42,14,14,Robert Edwards left guard for 7 yards (tackle by Ken Norton and Winfred Tubbs),1.460,2.190,run,,,Robert Edwards,,,,,,,,Ken Norton,Winfred Tubbs,,,
1998,16,December 20,home,San Francisco 49ers,https://www.pro-football-reference.com/boxscores/199812200nwe.htm,2,2:00,1,10,NWE 49,14,14,Scott Zolak pass complete to Robert Edwards for 6 yards (tackle by Brentson Buckner and Winfred Tubbs),2.190,2.460,pass,,Scott Zolak,,Robert Edwards,,,,,,,Brentson Buckner,Winfred Tubbs,,,
1998,16,December 20,home,San Francisco 49ers,https://www.pro-football-reference.com/boxscores/199812200nwe.htm,2,1:24,2,4,SFO 45,14,14,"Robert Edwards right tackle for no gain (tackle by Brentson Buckner and Tim McDonald). Penalty on Damon Denson: Offensive Holding, 10 yards (accepted) (no play)",2.460,1.110,no_play,,,,,,,,,,,Brentson Buckner,Tim McDonald,,,
1998,16,December 20,home,San Francisco 49ers,https://www.pro-football-reference.com/boxscores/199812200nwe.htm,2,1:18,2,14,NWE 45,14,14,Scott Zolak pass incomplete intended for Shawn Jefferson,1.110,0.430,pass,,Scott Zolak,,Shawn Jefferson,,,,,,,,,,,
1998,16,December 20,home,San Francisco 49ers,https://www.pro-football-reference.com/boxscores/199812200nwe.htm,2,1:11,3,14,NWE 45,14,14,Scott Zolak pass complete to Robert Edwards for 7 yards (tackle by Antonio Langham and Ken Norton),0.430,0.070,pass,,Scott Zolak,,Robert Edwards,,,,,,,Antonio Langham,Ken Norton,,,
1998,16,December 20,home,San Francisco 49ers,https://www.pro-football-reference.com/boxscores/199812200nwe.htm,2,1:01,4,7,SFO 48,14,14,"Tom Tupa punts 48 yards, touchback.",0.070,-0.280,punt,,,,,,,Tom Tupa,,,,,,,,
1998,16,December 20,home,San Francisco 49ers,https://www.pro-football-reference.com/boxscores/199812200nwe.htm,2,0:50,1,10,SFO 20,14,14,Steve Young pass complete to J.J. Stokes for 18 yards (tackle by Tebucky Jones),0.280,1.470,pass,,Steve Young,,J.J. Stokes,,,,,,,Tebucky Jones,,,,
1998,16,December 20,home,San Francisco 49ers,https://www.pro-football-reference.com/boxscores/199812200nwe.htm,2,0:44,1,10,SFO 38,14,14,Steve Young pass complete to Garrison Hearst for 11 yards (tackle by Tedy Bruschi and Willie Clay),1.470,2.190,pass,,Steve Young,,Garrison Hearst,,,,,,,Tedy Bruschi,Willie Clay,,,
1998,16,December 20,home,San Francisco 49ers,https://www.pro-football-reference.com/boxscores/199812200nwe.htm,2,0:25,1,10,SFO 49,14,14,"Steve Young spiked the ball Penalty on NWE: Encroachment, 5 yards (accepted) (no play)",2.190,0.000,no_play,,,,,,,,,,,,,,,
1998,16,December 20,home,San Francisco 49ers,https://www.pro-football-reference.com/boxscores/199812200nwe.htm,2,,,,,14,14,Penalty on NWE: Illegal Substitution (declined),0.000,2.920,penalty,,,,,,,,,,,,,,,
1998,16,December 20,home,San Francisco 49ers,https://www.pro-football-reference.com/boxscores/199812200nwe.htm,2,0:23,1,5,NWE 46,14,14,Steve Young pass complete to Terry Kirby for 7 yards,2.920,2.980,pass,,Steve Young,,Terry Kirby,,,,,,,,,,,
1998,16,December 20,home,San Francisco 49ers,https://www.pro-football-reference.com/boxscores/199812200nwe.htm,2,0:17,1,10,NWE 39,14,14,Steve Young pass complete to Terry Kirby for 6 yards,2.980,3.250,pass,,Steve Young,,Terry Kirby,,,,,,,,,,,
1998,16,December 20,home,San Francisco 49ers,https://www.pro-football-reference.com/boxscores/199812200nwe.htm,2,0:12,2,4,NWE 33,14,14,Steve Young pass complete to Jerry Rice for 8 yards (tackle by Ty Law),3.250,0.000,pass,,Steve Young,,Jerry Rice,,,,,,,Ty Law,,,,
1998,16,December 20,home,San Francisco 49ers,https://www.pro-football-reference.com/boxscores/199812200nwe.htm,2,,,,,14,14,Penalty on NWE: Illegal Contact (declined),0.000,3.910,penalty,,,,,,,,,,,,,,,
1998,16,December 20,home,San Francisco 49ers,https://www.pro-football-reference.com/boxscores/199812200nwe.htm,2,0:07,1,10,NWE 25,14,20,"Ty Detmer pass complete to Irv Smith for 25 yards, touchdown",3.910,7.000,pass,,Ty Detmer,,Irv Smith,,,,,,,,,,,
1998,16,December 20,home,San Francisco 49ers,https://www.pro-football-reference.com/boxscores/199812200nwe.htm,2,0:00,,,,14,21,Wade Richey kicks extra point good,0.000,0.000,extra_point,,,,,,,,Wade Richey,,,,,,,
1998,16,December 20,home,San Francisco 49ers,https://www.pro-football-reference.com/boxscores/199812200nwe.htm,3,15:00,,,SFO 30,14,21,"Wade Richey kicks off 73 yards, returned by Derrick Cullors for 22 yards (tackle by Chad Fann)",0.000,-0.150,kickoff,,,,,,,,Wade Richey,Derrick Cullors,,Chad Fann,,,,
1998,16,December 20,home,San Francisco 49ers,https://www.pro-football-reference.com/boxscores/199812200nwe.htm,3,,1,10,NWE 19,14,21,Chris Floyd middle for 4 yards (tackle by Chris Doleman and Gabe Wilkins),0.150,0.210,run,,,Chris Floyd,,,,,,,,Chris Doleman,Gabe Wilkins,,,
1998,16,December 20,home,San Francisco 49ers,https://www.pro-football-reference.com/boxscores/199812200nwe.htm,3,,2,6,NWE 23,14,21,Robert Edwards right guard for 3 yards (tackle by Ken Norton and Winfred Tubbs),0.210,-0.160,run,,,Robert Edwards,,,,,,,,Ken Norton,Winfred Tubbs,,,
1998,16,December 20,home,San Francisco 49ers,https://www.pro-football-reference.com/boxscores/199812200nwe.htm,3,,3,3,NWE 26,14,21,"Penalty on Bruce Armstrong: False Start, 4 yards (accepted)",-0.160,-0.680,penalty,,,,,,,,,,,,,,,Bruce Armstrong
1998,16,December 20,home,San Francisco 49ers,https://www.pro-football-reference.com/boxscores/199812200nwe.htm,3,,3,7,NWE 22,14,21,Scott Zolak pass incomplete intended for Tony Simmons,-0.680,-1.900,pass,,Scott Zolak,,Tony Simmons,,,,,,,,,,,
1998,16,December 20,home,San Francisco 49ers,https://www.pro-football-reference.com/boxscores/199812200nwe.htm,3,,4,7,NWE 22,14,21,"Tom Tupa punts 45 yards, returned by R.W. McQuarters for no gain (tackle by Mike Bartrum and Harold Shaw)",-1.900,0.000,punt,,,,,,,Tom Tupa,,R.W. McQuarters,,Mike Bartrum,Harold Shaw,,,
1998,16,December 20,home,San Francisco 49ers,https://www.pro-football-reference.com/boxscores/199812200nwe.htm,3,,,,SFO 33,14,21,"Penalty on SFO: Illegal Block Above the Waist, 10 yards (accepted)",0.000,0.000,penalty,,,,,,,,,,,,,,,
1998,16,December 20,home,San Francisco 49ers,https://www.pro-football-reference.com/boxscores/199812200nwe.htm,3,,,,SFO 33,14,21,Penalty on Vernon Crawford: Ineligible Downfield Kick (declined),0.000,-0.480,penalty,,,,,,,,,,,,,,,Vernon Crawford
1998,16,December 20,home,San Francisco 49ers,https://www.pro-football-reference.com/boxscores/199812200nwe.htm,3,13:04,1,10,SFO 23,14,21,Garrison Hearst right tackle for 5 yards (tackle by Lawyer Milloy and Chris Slade),0.480,0.610,run,,,Garrison Hearst,,,,,,,,Lawyer Milloy,Chris Slade,,,
1998,16,December 20,home,San Francisco 49ers,https://www.pro-football-reference.com/boxscores/199812200nwe.htm,3,,2,5,SFO 28,14,21,Steve Young pass complete to Terrell Owens for 42 yards (tackle by Willie Clay),0.610,3.580,pass,,Steve Young,,Terrell Owens,,,,,,,Willie Clay,,,,
1998,16,December 20,home,San Francisco 49ers,https://www.pro-football-reference.com/boxscores/199812200nwe.htm,3,,1,10,NWE 30,14,21,Steve Young pass incomplete intended for Terrell Owens,3.580,3.030,pass,,Steve Young,,Terrell Owens,,,,,,,,,,,
1998,16,December 20,home,San Francisco 49ers,https://www.pro-football-reference.com/boxscores/199812200nwe.htm,3,,2,10,NWE 30,14,21,Garrison Hearst middle for no gain (tackle by Ferric Collons and Chad Eaton),3.030,2.340,run,,,Garrison Hearst,,,,,,,,Ferric Collons,Chad Eaton,,,
1998,16,December 20,home,San Francisco 49ers,https://www.pro-football-reference.com/boxscores/199812200nwe.htm,3,,3,10,NWE 30,14,21,Steve Young pass complete to Jerry Rice for 9 yards (tackle by Chris Canty),2.340,2.210,pass,,Steve Young,,Jerry Rice,,,,,,,Chris Canty,,,,
1998,16,December 20,home,San Francisco 49ers,https://www.pro-football-reference.com/boxscores/199812200nwe.htm,3,,4,1,NWE 21,14,21,Garrison Hearst right guard for -4 yards (tackle by Greg Spires),2.210,-0.610,run,,,Garrison Hearst,,,,,,,,Greg Spires,,,,
1998,16,December 20,home,San Francisco 49ers,https://www.pro-football-reference.com/boxscores/199812200nwe.htm,3,10:21,1,10,NWE 25,14,21,Scott Zolak pass complete to Tony Simmons for 11 yards (tackle by R.W. McQuarters),0.610,1.330,pass,,Scott Zolak,,Tony Simmons,,,,,,,R.W. McQuarters,,,,
1998,16,December 20,home,San Francisco 49ers,https://www.pro-football-reference.com/boxscores/199812200nwe.htm,3,,1,10,NWE 36,14,21,Scott Zolak pass complete to Shawn Jefferson for 11 yards (tackle by Winfred Tubbs),1.330,2.060,pass,,Scott Zolak,,Shawn Jefferson,,,,,,,Winfred Tubbs,,,,
1998,16,December 20,home,San Francisco 49ers,https://www.pro-football-reference.com/boxscores/199812200nwe.htm,3,,1,10,NWE 47,14,21,Scott Zolak pass intended for Tony Simmons is intercepted by Merton Hanks at SF3 and returned for no gain,2.060,0.380,pass,,Scott Zolak,,Tony Simmons,Merton Hanks,,,,,,,,,,
1998,16,December 20,home,San Francisco 49ers,https://www.pro-football-reference.com/boxscores/199812200nwe.htm,3,8:57,1,10,SFO 3,14,21,Garrison Hearst left guard for 1 yard (tackle by Todd Collins and Chris Slade),-0.380,-0.710,run,,,Garrison Hearst,,,,,,,,Todd Collins,Chris Slade,,,
1998,16,December 20,home,San Francisco 49ers,https://www.pro-football-reference.com/boxscores/199812200nwe.htm,3,,2,9,SFO 4,14,21,Garrison Hearst right end for 2 yards (tackle by Tedy Bruschi and Willie Clay),-0.710,-1.070,run,,,Garrison Hearst,,,,,,,,Tedy Bruschi,Willie Clay,,,
1998,16,December 20,home,San Francisco 49ers,https://www.pro-football-reference.com/boxscores/199812200nwe.htm,3,,3,7,SFO 6,14,21,Steve Young pass complete to J.J. Stokes for 9 yards (tackle by Tebucky Jones),-1.070,0.000,pass,,Steve Young,,J.J. Stokes,,,,,,,Tebucky Jones,,,,
1998,16,December 20,home,San Francisco 49ers,https://www.pro-football-reference.com/boxscores/199812200nwe.htm,3,,,,,14,21,Penalty on Tebucky Jones: Defensive Holding (declined),0.000,-0.220,penalty,,,,,,,,,,,,,,,Tebucky Jones
1998,16,December 20,home,San Francisco 49ers,https://www.pro-football-reference.com/boxscores/199812200nwe.htm,3,,1,10,SFO 15,14,21,Garrison Hearst left end for -3 yards (tackle by Todd Collins),-0.220,-1.000,run,,,Garrison Hearst,,,,,,,,Todd Collins,,,,
1998,16,December 20,home,San Francisco 49ers,https://www.pro-football-reference.com/boxscores/199812200nwe.htm,3,,2,13,SFO 12,14,21,Garrison Hearst middle for 14 yards (tackle by Ty Law),-1.000,0.670,run,,,Garrison Hearst,,,,,,,,Ty Law,,,,
1998,16,December 20,home,San Francisco 49ers,https://www.pro-football-reference.com/boxscores/199812200nwe.htm,3,,1,10,SFO 26,14,21,Steve Young pass complete to J.J. Stokes for 10 yards (tackle by Willie Clay and Steve Israel),0.670,1.330,pass,,Steve Young,,J.J. Stokes,,,,,,,Willie Clay,Steve Israel,,,
1998,16,December 20,home,San Francisco 49ers,https://www.pro-football-reference.com/boxscores/199812200nwe.htm,3,,1,10,SFO 36,14,21,Marc Edwards middle for 6 yards (tackle by Willie Clay and Lawyer Milloy),1.330,1.600,run,,,Marc Edwards,,,,,,,,Willie Clay,Lawyer Milloy,,,
1998,16,December 20,home,San Francisco 49ers,https://www.pro-football-reference.com/boxscores/199812200nwe.htm,3,,2,4,SFO 42,14,21,Terry Kirby left tackle for -1 yards (tackle by Henry Thomas),1.600,0.760,run,,,Terry Kirby,,,,,,,,Henry Thomas,,,,
1998,16,December 20,home,San Francisco 49ers,https://www.pro-football-reference.com/boxscores/199812200nwe.htm,3,,3,5,SFO 41,14,21,Steve Young pass complete to Terrell Owens for 12 yards (tackle by Willie Clay),0.760,2.460,pass,,Steve Young,,Terrell Owens,,,,,,,Willie Clay,,,,
1998,16,December 20,home,San Francisco 49ers,https://www.pro-football-reference.com/boxscores/199812200nwe.htm,3,,1,10,NWE 47,14,21,Terry Kirby left guard for 6 yards (tackle by Ferric Collons and Lawyer Milloy),2.460,2.720,run,,,Terry Kirby,,,,,,,,Ferric Collons,Lawyer Milloy,,,
1998,16,December 20,home,San Francisco 49ers,https://www.pro-football-reference.com/boxscores/199812200nwe.htm,3,,2,4,NWE 41,14,21,Terry Kirby middle for 11 yards (tackle by Willie Clay and Lawyer Milloy),2.720,3.580,run,,,Terry Kirby,,,,,,,,Willie Clay,Lawyer Milloy,,,
1998,16,December 20,home,San Francisco 49ers,https://www.pro-football-reference.com/boxscores/199812200nwe.htm,3,,1,10,NWE 30,14,21,Marc Edwards right tackle for 1 yard (tackle by Lawyer Milloy and Greg Spires),3.580,3.170,run,,,Marc Edwards,,,,,,,,Lawyer Milloy,Greg Spires,,,
1998,16,December 20,home,San Francisco 49ers,https://www.pro-football-reference.com/boxscores/199812200nwe.htm,3,,2,9,NWE 29,14,21,Steve Young pass incomplete intended for Garrison Hearst,3.170,2.480,pass,,Steve Young,,Garrison Hearst,,,,,,,,,,,
1998,16,December 20,home,San Francisco 49ers,https://www.pro-football-reference.com/boxscores/199812200nwe.htm,3,,3,9,NWE 29,14,21,Steve Young sacked by Chris Carter for 5 yards,2.480,1.060,pass,,Steve Young,,,,Chris Carter,,,,,,,,,
1998,16,December 20,home,San Francisco 49ers,https://www.pro-football-reference.com/boxscores/199812200nwe.htm,3,1:20,4,14,NWE 34,14,21,Reggie Roby punts 19 yards,1.060,0.220,punt,,,,,,,Reggie Roby,,,,,,,,
1998,16,December 20,home,San Francisco 49ers,https://www.pro-football-reference.com/boxscores/199812200nwe.htm,3,1:12,1,10,NWE 15,14,21,Scott Zolak pass incomplete intended for Shawn Jefferson,-0.220,-0.710,pass,,Scott Zolak,,Shawn Jefferson,,,,,,,,,,,
1998,16,December 20,home,San Francisco 49ers,https://www.pro-football-reference.com/boxscores/199812200nwe.htm,3,,2,10,NWE 15,14,21,Shawn Jefferson right end for 15 yards (tackle by Antonio Langham and Tim McDonald),-0.710,0.940,run,,,Shawn Jefferson,,,,,,,,Antonio Langham,Tim McDonald,,,
1998,16,December 20,home,San Francisco 49ers,https://www.pro-football-reference.com/boxscores/199812200nwe.htm,3,,1,10,NWE 30,14,21,Robert Edwards middle for 4 yards (tackle by Roy Barker and Brentson Buckner),0.940,0.930,run,,,Robert Edwards,,,,,,,,Roy Barker,Brentson Buckner,,,
1998,16,December 20,home,San Francisco 49ers,https://www.pro-football-reference.com/boxscores/199812200nwe.htm,4,15:00,2,6,NWE 34,14,21,Scott Zolak pass incomplete intended for Shawn Jefferson,0.930,0.230,pass,,Scott Zolak,,Shawn Jefferson,,,,,,,,,,,
1998,16,December 20,home,San Francisco 49ers,https://www.pro-football-reference.com/boxscores/199812200nwe.htm,4,,3,6,NWE 34,14,21,Scott Zolak pass incomplete intended for Shawn Jefferson,0.230,-1.110,pass,,Scott Zolak,,Shawn Jefferson,,,,,,,,,,,
1998,16,December 20,home,San Francisco 49ers,https://www.pro-football-reference.com/boxscores/199812200nwe.htm,4,,4,6,NWE 34,14,21,Tom Tupa punts 25 yards,-1.110,-1.660,punt,,,,,,,Tom Tupa,,,,,,,,
1998,16,December 20,home,San Francisco 49ers,https://www.pro-football-reference.com/boxscores/199812200nwe.htm,4,14:46,1,10,SFO 41,14,21,Garrison Hearst middle for 2 yards (tackle by Todd Collins and Henry Thomas),1.660,1.390,run,,,Garrison Hearst,,,,,,,,Todd Collins,Henry Thomas,,,
1998,16,December 20,home,San Francisco 49ers,https://www.pro-football-reference.com/boxscores/199812200nwe.htm,4,,2,8,SFO 43,14,21,Garrison Hearst right guard for 14 yards (tackle by Steve Israel and Lawyer Milloy),1.390,2.720,run,,,Garrison Hearst,,,,,,,,Steve Israel,Lawyer Milloy,,,
1998,16,December 20,home,San Francisco 49ers,https://www.pro-football-reference.com/boxscores/199812200nwe.htm,4,,1,10,NWE 43,14,21,"Penalty on Dave Fiore: False Start, 5 yards (accepted)",2.720,2.390,penalty,,,,,,,,,,,,,,,Dave Fiore
1998,16,December 20,home,San Francisco 49ers,https://www.pro-football-reference.com/boxscores/199812200nwe.htm,4,,1,15,NWE 48,14,21,"Garrison Hearst middle for no gain (tackle by Todd Collins and Chad Eaton). Penalty on Derrick Deese: Offensive Holding, 10 yards (accepted) (no play)",2.390,1.730,no_play,,,,,,,,,,,Todd Collins,Chad Eaton,,,
1998,16,December 20,home,San Francisco 49ers,https://www.pro-football-reference.com/boxscores/199812200nwe.htm,4,,1,25,SFO 42,14,21,Garrison Hearst left tackle for no gain (tackle by Chad Eaton and Henry Thomas),1.730,0.150,run,,,Garrison Hearst,,,,,,,,Chad Eaton,Henry Thomas,,,
1998,16,December 20,home,San Francisco 49ers,https://www.pro-football-reference.com/boxscores/199812200nwe.htm,4,,2,25,SFO 42,14,21,Steve Young pass intended for Terrell Owens is intercepted by Willie Clay at SF49 and returned for no gain,0.150,-2.320,pass,,Steve Young,,Terrell Owens,Willie Clay,,,,,,,,,,
1998,16,December 20,home,San Francisco 49ers,https://www.pro-football-reference.com/boxscores/199812200nwe.htm,4,12:18,1,10,SFO 49,14,21,Robert Edwards left guard for 4 yards (tackle by Ken Norton and Lee Woodall),2.320,2.320,run,,,Robert Edwards,,,,,,,,Ken Norton,Lee Woodall,,,
1998,16,December 20,home,San Francisco 49ers,https://www.pro-football-reference.com/boxscores/199812200nwe.htm,4,,2,6,SFO 45,14,21,Scott Zolak pass complete to Ben Coates for 11 yards (tackle by Ken Norton),2.320,3.310,pass,,Scott Zolak,,Ben Coates,,,,,,,Ken Norton,,,,
1998,16,December 20,home,San Francisco 49ers,https://www.pro-football-reference.com/boxscores/199812200nwe.htm,4,,1,10,SFO 34,14,21,Scott Zolak pass incomplete intended for Tony Simmons,3.310,2.770,pass,,Scott Zolak,,Tony Simmons,,,,,,,,,,,
1998,16,December 20,home,San Francisco 49ers,https://www.pro-football-reference.com/boxscores/199812200nwe.htm,4,,2,10,SFO 34,14,21,Derrick Cullors middle for -7 yards (tackle by Chris Doleman and Lee Woodall),2.770,1.160,run,,,Derrick Cullors,,,,,,,,Chris Doleman,Lee Woodall,,,
1998,16,December 20,home,San Francisco 49ers,https://www.pro-football-reference.com/boxscores/199812200nwe.htm,4,,3,17,SFO 41,14,21,Scott Zolak pass complete to Tony Simmons for 20 yards (tackle by Antonio Langham),1.160,4.170,pass,,Scott Zolak,,Tony Simmons,,,,,,,Antonio Langham,,,,
1998,16,December 20,home,San Francisco 49ers,https://www.pro-football-reference.com/boxscores/199812200nwe.htm,4,,1,10,SFO 21,14,21,Scott Zolak sacked by Chris Doleman for 5 yards,4.170,2.950,pass,,Scott Zolak,,,,Chris Doleman,,,,,,,,,
1998,16,December 20,home,San Francisco 49ers,https://www.pro-football-reference.com/boxscores/199812200nwe.htm,4,,2,15,SFO 26,14,21,Scott Zolak pass incomplete intended for Ben Coates,2.950,2.280,pass,,Scott Zolak,,Ben Coates,,,,,,,,,,,
1998,16,December 20,home,San Francisco 49ers,https://www.pro-football-reference.com/boxscores/199812200nwe.htm,4,9:04,3,15,SFO 26,14,21,Scott Zolak pass complete to Tony Simmons for 13 yards,2.280,2.690,pass,,Scott Zolak,,Tony Simmons,,,,,,,,,,,
1998,16,December 20,home,San Francisco 49ers,https://www.pro-football-reference.com/boxscores/199812200nwe.htm,4,8:48,4,2,SFO 13,14,21,Scott Zolak pass complete to Ben Coates for 4 yards (tackle by Ken Norton and Lee Woodall),2.690,5.140,pass,,Scott Zolak,,Ben Coates,,,,,,,Ken Norton,Lee Woodall,,,
1998,16,December 20,home,San Francisco 49ers,https://www.pro-football-reference.com/boxscores/199812200nwe.htm,4,,1,9,SFO 9,14,21,Robert Edwards middle for 4 yards (tackle by Chris Doleman and Ken Norton),5.140,5.150,run,,,Robert Edwards,,,,,,,,Chris Doleman,Ken Norton,,,
1998,16,December 20,home,San Francisco 49ers,https://www.pro-football-reference.com/boxscores/199812200nwe.htm,4,,2,5,SFO 5,20,21,"Robert Edwards right guard for 5 yards, touchdown",5.150,7.000,run,,,Robert Edwards,,,,,,,,,,,,
1998,16,December 20,home,San Francisco 49ers,https://www.pro-football-reference.com/boxscores/199812200nwe.htm,4,7:34,,,,21,21,Adam Vinatieri kicks extra point good,0.000,0.000,extra_point,,,,,,,,Adam Vinatieri,,,,,,,
1998,16,December 20,home,San Francisco 49ers,https://www.pro-football-reference.com/boxscores/199812200nwe.htm,4,,,,NWE 30,21,21,"Adam Vinatieri kicks off 68 yards, returned by Terry Kirby for 22 yards (tackle by Derrick Cullors and Harold Shaw)",0.000,-0.540,kickoff,,,,,,,,Adam Vinatieri,Terry Kirby,,Derrick Cullors,Harold Shaw,,,
1998,16,December 20,home,San Francisco 49ers,https://www.pro-football-reference.com/boxscores/199812200nwe.htm,4,,1,10,SFO 24,21,21,Garrison Hearst right end for 2 yards (tackle by Lawyer Milloy),0.540,0.270,run,,,Garrison Hearst,,,,,,,,Lawyer Milloy,,,,
1998,16,December 20,home,San Francisco 49ers,https://www.pro-football-reference.com/boxscores/199812200nwe.htm,4,,2,8,SFO 26,21,21,Garrison Hearst middle for 3 yards (tackle by Tedy Bruschi and Ferric Collons),0.270,-0.030,run,,,Garrison Hearst,,,,,,,,Tedy Bruschi,Ferric Collons,,,
1998,16,December 20,home,San Francisco 49ers,https://www.pro-football-reference.com/boxscores/199812200nwe.htm,4,,3,5,SFO 29,21,21,Steve Young sacked by Steve Israel for 10 yards,-0.030,-2.140,pass,,Steve Young,,,,Steve Israel,,,,,,,,,
1998,16,December 20,home,San Francisco 49ers,https://www.pro-football-reference.com/boxscores/199812200nwe.htm,4,,4,15,SFO 19,21,21,Reggie Roby punts 44 yards,-2.140,-1.400,punt,,,,,,,Reggie Roby,,,,,,,,
1998,16,December 20,home,San Francisco 49ers,https://www.pro-football-reference.com/boxscores/199812200nwe.htm,4,5:40,1,10,NWE 37,21,21,Scott Zolak pass complete to Tony Simmons for 8 yards (tackle by Merton Hanks and Lee Woodall),1.400,1.940,pass,,Scott Zolak,,Tony Simmons,,,,,,,Merton Hanks,Lee Woodall,,,
1998,16,December 20,home,San Francisco 49ers,https://www.pro-football-reference.com/boxscores/199812200nwe.htm,4,,2,2,NWE 45,21,21,Robert Edwards right guard for 1 yard (tackle by Brentson Buckner and Ken Norton),1.940,1.360,run,,,Robert Edwards,,,,,,,,Brentson Buckner,Ken Norton,,,
1998,16,December 20,home,San Francisco 49ers,https://www.pro-football-reference.com/boxscores/199812200nwe.htm,4,,3,1,NWE 46,21,21,"Scott Zolak middle for no gain. Penalty on Todd Rucci: False Start, 4 yards (accepted) (no play)",1.360,0.830,no_play,,,,,,,,,,,,,,,
1998,16,December 20,home,San Francisco 49ers,https://www.pro-football-reference.com/boxscores/199812200nwe.htm,4,,3,5,NWE 42,21,21,"Scott Zolak pass complete to Ben Coates for 4 yards (tackle by Ken Norton and Lee Woodall). Penalty on Lance Schulters: Encroachment, 4 yards (accepted) (no play)",0.830,1.360,no_play,,,,,,,,,,,Ken Norton,Lee Woodall,,,
1998,16,December 20,home,San Francisco 49ers,https://www.pro-football-reference.com/boxscores/199812200nwe.htm,4,,3,1,NWE 46,21,21,Robert Edwards right end for 3 yards (tackle by Antonio Langham and Ken Norton),1.360,2.190,run,,,Robert Edwards,,,,,,,,Antonio Langham,Ken Norton,,,
1998,16,December 20,home,San Francisco 49ers,https://www.pro-football-reference.com/boxscores/199812200nwe.htm,4,,1,10,NWE 49,21,21,Scott Zolak pass incomplete intended for Shawn Jefferson,2.190,1.650,pass,,Scott Zolak,,Shawn Jefferson,,,,,,,,,,,
1998,16,December 20,home,San Francisco 49ers,https://www.pro-football-reference.com/boxscores/199812200nwe.htm,4,,2,10,NWE 49,21,21,Robert Edwards right end for 1 yard (tackle by Lee Woodall),1.650,1.090,run,,,Robert Edwards,,,,,,,,Lee Woodall,,,,
1998,16,December 20,home,San Francisco 49ers,https://www.pro-football-reference.com/boxscores/199812200nwe.htm,4,,3,9,SFO 50,21,21,Scott Zolak pass incomplete intended for Shawn Jefferson,1.090,-0.060,pass,,Scott Zolak,,Shawn Jefferson,,,,,,,,,,,
1998,16,December 20,home,San Francisco 49ers,https://www.pro-football-reference.com/boxscores/199812200nwe.htm,4,,4,9,SFO 50,21,21,Tom Tupa punts 39 yards,-0.060,0.370,punt,,,,,,,Tom Tupa,,,,,,,,
1998,16,December 20,home,San Francisco 49ers,https://www.pro-football-reference.com/boxscores/199812200nwe.htm,4,3:29,1,10,SFO 11,21,21,Garrison Hearst right guard for 7 yards (tackle by Todd Collins and Lawyer Milloy),-0.370,0.000,run,,,Garrison Hearst,,,,,,,,Todd Collins,Lawyer Milloy,,,
1998,16,December 20,home,San Francisco 49ers,https://www.pro-football-reference.com/boxscores/199812200nwe.htm,4,,2,3,SFO 18,21,21,Garrison Hearst right tackle for 2 yards (tackle by Ferric Collons and Greg Spires),0.000,-0.370,run,,,Garrison Hearst,,,,,,,,Ferric Collons,Greg Spires,,,
1998,16,December 20,home,San Francisco 49ers,https://www.pro-football-reference.com/boxscores/199812200nwe.htm,4,2:20,3,1,SFO 20,21,21,Steve Young sacked by Greg Spires for 10 yards,-0.370,-2.490,pass,,Steve Young,,,,Greg Spires,,,,,,,,,
1998,16,December 20,home,San Francisco 49ers,https://www.pro-football-reference.com/boxscores/199812200nwe.htm,4,2:00,4,11,SFO 10,21,21,"Reggie Roby punts 45 yards, returned by Troy Brown for 14 yards (tackle by Marc Edwards and Terry Kirby)",-2.490,-2.850,punt,,,,,,,Reggie Roby,,Troy Brown,,Marc Edwards,Terry Kirby,,,
1998,16,December 20,home,San Francisco 49ers,https://www.pro-football-reference.com/boxscores/199812200nwe.htm,4,1:48,1,10,SFO 41,21,21,Robert Edwards right end for 10 yards (tackle by Ken Norton),2.850,3.510,run,,,Robert Edwards,,,,,,,,Ken Norton,,,,
1998,16,December 20,home,San Francisco 49ers,https://www.pro-football-reference.com/boxscores/199812200nwe.htm,4,1:43,1,10,SFO 31,21,21,Robert Edwards right guard for 3 yards (tackle by Roy Barker),3.510,3.370,run,,,Robert Edwards,,,,,,,,Roy Barker,,,,
1998,16,December 20,home,San Francisco 49ers,https://www.pro-football-reference.com/boxscores/199812200nwe.htm,4,1:03,2,7,SFO 28,21,21,Robert Edwards left guard for 1 yard (tackle by Roy Barker and Ken Norton),3.370,2.810,run,,,Robert Edwards,,,,,,,,Roy Barker,Ken Norton,,,
1998,16,December 20,home,San Francisco 49ers,https://www.pro-football-reference.com/boxscores/199812200nwe.htm,4,0:23,3,6,SFO 27,21,21,Robert Edwards right end for 5 yards (tackle by Winfred Tubbs),2.810,0.000,run,,,Robert Edwards,,,,,,,,Winfred Tubbs,,,,
1998,16,December 20,home,San Francisco 49ers,https://www.pro-football-reference.com/boxscores/199812200nwe.htm,4,,,,SFO 22,21,21,"Penalty on Winfred Tubbs: Face Mask (5 Yards), 5 yards (accepted)",0.000,4.440,penalty,,,,,,,,,,,,,,,Winfred Tubbs
1998,16,December 20,home,San Francisco 49ers,https://www.pro-football-reference.com/boxscores/199812200nwe.htm,4,0:18,1,10,SFO 17,21,21,Scott Zolak kneels for -1 yards,4.440,3.720,run,,,Scott Zolak,,,,,,,,,,,,
1998,16,December 20,home,San Francisco 49ers,https://www.pro-football-reference.com/boxscores/199812200nwe.htm,4,0:06,2,11,SFO 18,24,21,Adam Vinatieri 35 yard field goal good,3.720,3.000,field_goal,,,,,,,,Adam Vinatieri,,,,,,,
1998,16,December 20,home,San Francisco 49ers,https://www.pro-football-reference.com/boxscores/199812200nwe.htm,4,0:03,,,NWE 30,24,21,"Adam Vinatieri kicks off 22 yards, returned by Terry Kirby for no gain",0.000,0.940,kickoff,,,,,,,,Adam Vinatieri,Terry Kirby,,,,,,
1998,17,December 27,away,New York Jets,https://www.pro-football-reference.com/boxscores/199812270nyj.htm,,,,,,,,"Patriots won the coin toss, Jets to receive the opening kickoff.",,,other,,,,,,,,,,,,,,,
1998,17,December 27,away,New York Jets,https://www.pro-football-reference.com/boxscores/199812270nyj.htm,1,15:00,,,NWE 30,0,0,"Adam Vinatieri kicks off 66 yards, returned by Dave Meggett for 16 yards. Penalty on Chad Cascadden: Offensive Holding, 10 yards (accepted) (tackle by Harold Shaw)",0.000,0.380,kickoff,,,,,,,,Adam Vinatieri,Dave Meggett,,Harold Shaw,,,,
1998,17,December 27,away,New York Jets,https://www.pro-football-reference.com/boxscores/199812270nyj.htm,1,,1,10,NYJ 10,0,0,Curtis Martin left end for 2 yards (tackle by Willie McGinest and Marty Moore),-0.380,-0.630,run,,,Curtis Martin,,,,,,,,Willie McGinest,Marty Moore,,,
1998,17,December 27,away,New York Jets,https://www.pro-football-reference.com/boxscores/199812270nyj.htm,1,,2,8,NYJ 12,0,0,Vinny Testaverde pass complete to Keyshawn Johnson for 7 yards (tackle by Steve Israel),-0.630,-0.370,pass,,Vinny Testaverde,,Keyshawn Johnson,,,,,,,Steve Israel,,,,
1998,17,December 27,away,New York Jets,https://www.pro-football-reference.com/boxscores/199812270nyj.htm,1,,3,1,NYJ 19,0,0,Curtis Martin right end for 8 yards (tackle by Tedy Bruschi and Willie Clay),-0.370,0.740,run,,,Curtis Martin,,,,,,,,Tedy Bruschi,Willie Clay,,,
1998,17,December 27,away,New York Jets,https://www.pro-football-reference.com/boxscores/199812270nyj.htm,1,,1,10,NYJ 27,0,0,Curtis Martin left end for 2 yards (tackle by Tedy Bruschi and Chad Eaton),0.740,0.470,run,,,Curtis Martin,,,,,,,,Tedy Bruschi,Chad Eaton,,,
1998,17,December 27,away,New York Jets,https://www.pro-football-reference.com/boxscores/199812270nyj.htm,1,,2,8,NYJ 29,0,0,Vinny Testaverde pass complete to Curtis Martin for 4 yards (tackle by Chris Slade and Henry Thomas),0.470,0.300,pass,,Vinny Testaverde,,Curtis Martin,,,,,,,Chris Slade,Henry Thomas,,,
1998,17,December 27,away,New York Jets,https://www.pro-football-reference.com/boxscores/199812270nyj.htm,1,,3,4,NYJ 33,0,0,Vinny Testaverde pass complete to Keyshawn Johnson for 5 yards (tackle by Tedy Bruschi and Ty Law),0.300,1.470,pass,,Vinny Testaverde,,Keyshawn Johnson,,,,,,,Tedy Bruschi,Ty Law,,,
1998,17,December 27,away,New York Jets,https://www.pro-football-reference.com/boxscores/199812270nyj.htm,1,,1,10,NYJ 38,0,0,Curtis Martin right end for 3 yards (tackle by Ferric Collons),1.470,1.330,run,,,Curtis Martin,,,,,,,,Ferric Collons,,,,
1998,17,December 27,away,New York Jets,https://www.pro-football-reference.com/boxscores/199812270nyj.htm,1,,2,7,NYJ 41,0,0,Curtis Martin left tackle for 17 yards (tackle by Ty Law and Lawyer Milloy),1.330,2.790,run,,,Curtis Martin,,,,,,,,Ty Law,Lawyer Milloy,,,
1998,17,December 27,away,New York Jets,https://www.pro-football-reference.com/boxscores/199812270nyj.htm,1,,1,10,NWE 42,0,0,Vinny Testaverde pass complete to Wayne Chrebet for 10 yards (tackle by Ty Law),2.790,3.450,pass,,Vinny Testaverde,,Wayne Chrebet,,,,,,,Ty Law,,,,
1998,17,December 27,away,New York Jets,https://www.pro-football-reference.com/boxscores/199812270nyj.htm,1,,1,10,NWE 32,0,0,Curtis Martin right guard for 1 yard (tackle by Willie Clay and Ferric Collons),3.450,3.040,run,,,Curtis Martin,,,,,,,,Willie Clay,Ferric Collons,,,
1998,17,December 27,away,New York Jets,https://www.pro-football-reference.com/boxscores/199812270nyj.htm,1,,2,9,NWE 31,0,0,Vinny Testaverde scrambles left tackle for 10 yards (tackle by Marty Moore),3.040,4.170,run,,,Vinny Testaverde,,,,,,,,Marty Moore,,,,
1998,17,December 27,away,New York Jets,https://www.pro-football-reference.com/boxscores/199812270nyj.htm,1,,1,10,NWE 21,0,0,Vinny Testaverde pass incomplete intended for Keyshawn Johnson,4.170,3.630,pass,,Vinny Testaverde,,Keyshawn Johnson,,,,,,,,,,,
1998,17,December 27,away,New York Jets,https://www.pro-football-reference.com/boxscores/199812270nyj.htm,1,,2,10,NWE 21,0,0,Vinny Testaverde pass incomplete intended for Curtis Martin,3.630,2.940,pass,,Vinny Testaverde,,Curtis Martin,,,,,,,,,,,
1998,17,December 27,away,New York Jets,https://www.pro-football-reference.com/boxscores/199812270nyj.htm,1,,3,10,NWE 21,0,0,Dave Meggett right tackle for 3 yards (tackle by Chris Canty and Chris Carter),2.940,2.250,run,,,Dave Meggett,,,,,,,,Chris Canty,Chris Carter,,,
1998,17,December 27,away,New York Jets,https://www.pro-football-reference.com/boxscores/199812270nyj.htm,1,,4,7,NWE 18,0,3,John Hall 36 yard field goal good,2.250,3.000,field_goal,,,,,,,,John Hall,,,,,,,
1998,17,December 27,away,New York Jets,https://www.pro-football-reference.com/boxscores/199812270nyj.htm,1,6:21,,,NYJ 30,0,3,"John Hall kicks off 63 yards, returned by Chris Canty for 24 yards (tackle by Corwin Brown and Dwayne Gordon)",0.000,-1.000,kickoff,,,,,,,,John Hall,Chris Canty,,Corwin Brown,Dwayne Gordon,,,
1998,17,December 27,away,New York Jets,https://www.pro-football-reference.com/boxscores/199812270nyj.htm,1,,1,10,NWE 31,0,3,Robert Edwards left guard for 1 yard (tackle by Pepper Johnson and Rick Lyle),1.000,0.600,run,,,Robert Edwards,,,,,,,,Pepper Johnson,Rick Lyle,,,
1998,17,December 27,away,New York Jets,https://www.pro-football-reference.com/boxscores/199812270nyj.htm,1,,2,9,NWE 32,0,3,Robert Edwards left tackle for 2 yards (tackle by Jason Ferguson and Pepper Johnson),0.600,0.170,run,,,Robert Edwards,,,,,,,,Jason Ferguson,Pepper Johnson,,,
1998,17,December 27,away,New York Jets,https://www.pro-football-reference.com/boxscores/199812270nyj.htm,1,,3,7,NWE 34,0,3,"intended for Derrick Cullors. Penalty on Scott Zolak: Intentional Grounding, 20 yards (accepted)",0.170,-2.470,other,,,,,,,,,,,,,,,
1998,17,December 27,away,New York Jets,https://www.pro-football-reference.com/boxscores/199812270nyj.htm,1,,4,27,NWE 14,0,3,"Tom Tupa punts 47 yards, returned by Dave Meggett for 7 yards (tackle by Chris Canty and Dana Cottrell)",-2.470,-1.990,punt,,,,,,,Tom Tupa,,Dave Meggett,,Chris Canty,Dana Cottrell,,,
1998,17,December 27,away,New York Jets,https://www.pro-football-reference.com/boxscores/199812270nyj.htm,1,4:40,1,10,NYJ 46,0,3,Curtis Martin right guard for 5 yards (tackle by Lawyer Milloy),1.990,2.130,run,,,Curtis Martin,,,,,,,,Lawyer Milloy,,,,
1998,17,December 27,away,New York Jets,https://www.pro-football-reference.com/boxscores/199812270nyj.htm,1,,2,5,NWE 49,0,3,Vinny Testaverde pass complete to Keyshawn Johnson for 18 yards (tackle by Willie Clay),2.130,3.510,pass,,Vinny Testaverde,,Keyshawn Johnson,,,,,,,Willie Clay,,,,
1998,17,December 27,away,New York Jets,https://www.pro-football-reference.com/boxscores/199812270nyj.htm,1,,1,10,NWE 31,0,3,Curtis Martin right tackle for 4 yards (tackle by Lawyer Milloy),3.510,3.510,run,,,Curtis Martin,,,,,,,,Lawyer Milloy,,,,
1998,17,December 27,away,New York Jets,https://www.pro-football-reference.com/boxscores/199812270nyj.htm,1,,2,6,NWE 27,0,3,Curtis Martin left guard for 4 yards (tackle by Tedy Bruschi),3.510,3.340,run,,,Curtis Martin,,,,,,,,Tedy Bruschi,,,,
1998,17,December 27,away,New York Jets,https://www.pro-football-reference.com/boxscores/199812270nyj.htm,1,,3,2,NWE 23,0,3,Curtis Martin left guard for 4 yards (tackle by Chad Eaton),3.340,4.310,run,,,Curtis Martin,,,,,,,,Chad Eaton,,,,
1998,17,December 27,away,New York Jets,https://www.pro-football-reference.com/boxscores/199812270nyj.htm,1,,1,10,NWE 19,0,3,Vinny Testaverde pass incomplete intended for Curtis Martin,4.310,3.750,pass,,Vinny Testaverde,,Curtis Martin,,,,,,,,,,,
1998,17,December 27,away,New York Jets,https://www.pro-football-reference.com/boxscores/199812270nyj.htm,1,,2,10,NWE 19,0,3,Curtis Martin left guard for 5 yards (tackle by Willie McGinest and Henry Thomas),3.750,3.760,run,,,Curtis Martin,,,,,,,,Willie McGinest,Henry Thomas,,,
1998,17,December 27,away,New York Jets,https://www.pro-football-reference.com/boxscores/199812270nyj.htm,1,,3,5,NWE 14,0,3,Vinny Testaverde pass complete to Wayne Chrebet for 8 yards (tackle by Steve Israel),3.760,5.830,pass,,Vinny Testaverde,,Wayne Chrebet,,,,,,,Steve Israel,,,,
1998,17,December 27,away,New York Jets,https://www.pro-football-reference.com/boxscores/199812270nyj.htm,2,15:00,1,6,NWE 6,0,3,Curtis Martin left guard for 2 yards (tackle by Marty Moore),5.830,5.340,run,,,Curtis Martin,,,,,,,,Marty Moore,,,,
1998,17,December 27,away,New York Jets,https://www.pro-football-reference.com/boxscores/199812270nyj.htm,2,,2,4,NWE 4,0,9,"Vinny Testaverde pass complete to Kyle Brady for 4 yards, touchdown",5.340,7.000,pass,,Vinny Testaverde,,Kyle Brady,,,,,,,,,,,
1998,17,December 27,away,New York Jets,https://www.pro-football-reference.com/boxscores/199812270nyj.htm,2,14:20,,,,0,10,John Hall kicks extra point good,0.000,0.000,extra_point,,,,,,,,John Hall,,,,,,,
1998,17,December 27,away,New York Jets,https://www.pro-football-reference.com/boxscores/199812270nyj.htm,2,,,,NYJ 30,0,10,"John Hall kicks off 58 yards, returned by Derrick Cullors for 14 yards (tackle by Dwayne Gordon)",0.000,-0.670,kickoff,,,,,,,,John Hall,Derrick Cullors,,Dwayne Gordon,,,,
1998,17,December 27,away,New York Jets,https://www.pro-football-reference.com/boxscores/199812270nyj.htm,2,,1,10,NWE 26,0,10,Scott Zolak pass complete to Robert Edwards for 2 yards (tackle by Pepper Johnson),0.670,0.400,pass,,Scott Zolak,,Robert Edwards,,,,,,,Pepper Johnson,,,,
1998,17,December 27,away,New York Jets,https://www.pro-football-reference.com/boxscores/199812270nyj.htm,2,,2,8,NWE 28,0,10,"Robert Edwards right tackle for 4 yards. Robert Edwards fumbles (forced by Anthony Pleasant), recovered by Ray Mickens at NE33",0.400,-3.380,run,,,Robert Edwards,,,,,,,,,,Anthony Pleasant,Ray Mickens,
1998,17,December 27,away,New York Jets,https://www.pro-football-reference.com/boxscores/199812270nyj.htm,2,13:22,1,10,NWE 33,0,10,Curtis Martin right end for 4 yards (tackle by Tedy Bruschi),3.380,3.380,run,,,Curtis Martin,,,,,,,,Tedy Bruschi,,,,
1998,17,December 27,away,New York Jets,https://www.pro-football-reference.com/boxscores/199812270nyj.htm,2,,2,6,NWE 29,0,10,Curtis Martin right end for 4 yards (tackle by Chad Eaton),3.380,3.200,run,,,Curtis Martin,,,,,,,,Chad Eaton,,,,
1998,17,December 27,away,New York Jets,https://www.pro-football-reference.com/boxscores/199812270nyj.htm,2,,3,2,NWE 25,0,10,Curtis Martin left end for 6 yards (tackle by Willie Clay and Chad Eaton),3.200,4.310,run,,,Curtis Martin,,,,,,,,Willie Clay,Chad Eaton,,,
1998,17,December 27,away,New York Jets,https://www.pro-football-reference.com/boxscores/199812270nyj.htm,2,,1,10,NWE 19,0,10,Vinny Testaverde pass complete to Kyle Brady for 8 yards (tackle by Chris Slade),4.310,5.140,pass,,Vinny Testaverde,,Kyle Brady,,,,,,,Chris Slade,,,,
1998,17,December 27,away,New York Jets,https://www.pro-football-reference.com/boxscores/199812270nyj.htm,2,,2,2,NWE 11,0,10,Curtis Martin right end for 1 yard (tackle by Lawyer Milloy and Marty Moore),5.140,4.690,run,,,Curtis Martin,,,,,,,,Lawyer Milloy,Marty Moore,,,
1998,17,December 27,away,New York Jets,https://www.pro-football-reference.com/boxscores/199812270nyj.htm,2,,3,1,NWE 10,0,10,Curtis Martin right guard for 2 yards (tackle by Chad Eaton and Lawyer Milloy),4.690,5.370,run,,,Curtis Martin,,,,,,,,Chad Eaton,Lawyer Milloy,,,
1998,17,December 27,away,New York Jets,https://www.pro-football-reference.com/boxscores/199812270nyj.htm,2,,1,8,NWE 8,0,16,"Vinny Testaverde pass complete to Curtis Martin for 8 yards, touchdown",5.370,7.000,pass,,Vinny Testaverde,,Curtis Martin,,,,,,,,,,,
1998,17,December 27,away,New York Jets,https://www.pro-football-reference.com/boxscores/199812270nyj.htm,2,9:05,,,,0,17,John Hall kicks extra point good,0.000,0.000,extra_point,,,,,,,,John Hall,,,,,,,
1998,17,December 27,away,New York Jets,https://www.pro-football-reference.com/boxscores/199812270nyj.htm,2,,,,NYJ 30,0,17,"John Hall kicks off 62 yards, returned by Derrick Cullors for 20 yards (tackle by Chris Hayes and Jerald Sowell)",0.000,-0.810,kickoff,,,,,,,,John Hall,Derrick Cullors,,Chris Hayes,Jerald Sowell,,,
1998,17,December 27,away,New York Jets,https://www.pro-football-reference.com/boxscores/199812270nyj.htm,2,,1,10,NWE 28,0,17,Scott Zolak pass complete to Ben Coates for 7 yards (tackle by Bryan Cox and Victor Green),0.810,1.210,pass,,Scott Zolak,,Ben Coates,,,,,,,Bryan Cox,Victor Green,,,
1998,17,December 27,away,New York Jets,https://www.pro-football-reference.com/boxscores/199812270nyj.htm,2,,2,3,NWE 35,0,17,Robert Edwards middle for 2 yards (tackle by Pepper Johnson and Anthony Pleasant),1.210,0.760,run,,,Robert Edwards,,,,,,,,Pepper Johnson,Anthony Pleasant,,,
1998,17,December 27,away,New York Jets,https://www.pro-football-reference.com/boxscores/199812270nyj.htm,2,,3,1,NWE 37,0,17,"Robert Edwards right tackle for 18 yards. Robert Edwards fumbles, recovered by Robert Edwards at NY45",0.760,2.590,run,,,Robert Edwards,,,,,,,,,,,Robert Edwards,
1998,17,December 27,away,New York Jets,https://www.pro-football-reference.com/boxscores/199812270nyj.htm,2,,1,10,NYJ 45,0,17,Scott Zolak pass incomplete intended for Derrick Cullors,2.590,2.040,pass,,Scott Zolak,,Derrick Cullors,,,,,,,,,,,
1998,17,December 27,away,New York Jets,https://www.pro-football-reference.com/boxscores/199812270nyj.htm,2,,2,10,NYJ 45,0,17,Derrick Cullors left guard for 5 yards (tackle by Pepper Johnson),2.040,2.010,run,,,Derrick Cullors,,,,,,,,Pepper Johnson,,,,
1998,17,December 27,away,New York Jets,https://www.pro-football-reference.com/boxscores/199812270nyj.htm,2,,3,5,NYJ 40,0,17,Scott Zolak pass complete to Derrick Cullors for 15 yards (tackle by Chad Cascadden),2.010,3.910,pass,,Scott Zolak,,Derrick Cullors,,,,,,,Chad Cascadden,,,,
1998,17,December 27,away,New York Jets,https://www.pro-football-reference.com/boxscores/199812270nyj.htm,2,,1,10,NYJ 25,0,17,Scott Zolak pass complete to Ben Coates for 18 yards (tackle by Victor Green and Ray Mickens),3.910,5.600,pass,,Scott Zolak,,Ben Coates,,,,,,,Victor Green,Ray Mickens,,,
1998,17,December 27,away,New York Jets,https://www.pro-football-reference.com/boxscores/199812270nyj.htm,2,,1,7,NYJ 7,0,17,Sedrick Shaw left end for -2 yards (tackle by Pepper Johnson),5.600,4.380,run,,,Sedrick Shaw,,,,,,,,Pepper Johnson,,,,
1998,17,December 27,away,New York Jets,https://www.pro-football-reference.com/boxscores/199812270nyj.htm,2,,2,9,NYJ 9,0,17,Scott Zolak pass incomplete intended for Shawn Jefferson,4.380,3.360,pass,,Scott Zolak,,Shawn Jefferson,,,,,,,,,,,
1998,17,December 27,away,New York Jets,https://www.pro-football-reference.com/boxscores/199812270nyj.htm,2,,3,9,NYJ 9,0,17,Scott Zolak pass complete to Robert Edwards for 7 yards (tackle by James Farrior and Victor Green),3.360,3.250,pass,,Scott Zolak,,Robert Edwards,,,,,,,James Farrior,Victor Green,,,
1998,17,December 27,away,New York Jets,https://www.pro-football-reference.com/boxscores/199812270nyj.htm,2,,4,2,NYJ 2,3,17,Adam Vinatieri 19 yard field goal good,3.250,3.000,field_goal,,,,,,,,Adam Vinatieri,,,,,,,
1998,17,December 27,away,New York Jets,https://www.pro-football-reference.com/boxscores/199812270nyj.htm,2,3:26,,,NWE 30,3,17,"Adam Vinatieri kicks off 55 yards, returned by Kevin Williams for 16 yards (tackle by Larry Whigham)",0.000,-1.000,kickoff,,,,,,,,Adam Vinatieri,Kevin Williams,,Larry Whigham,,,,
1998,17,December 27,away,New York Jets,https://www.pro-football-reference.com/boxscores/199812270nyj.htm,2,,1,10,NYJ 31,3,17,Vinny Testaverde pass incomplete intended for Keyshawn Johnson,1.000,0.460,pass,,Vinny Testaverde,,Keyshawn Johnson,,,,,,,,,,,
1998,17,December 27,away,New York Jets,https://www.pro-football-reference.com/boxscores/199812270nyj.htm,2,,2,10,NYJ 31,3,17,Vinny Testaverde pass complete to Keyshawn Johnson for 5 yards (tackle by Ty Law),0.460,0.430,pass,,Vinny Testaverde,,Keyshawn Johnson,,,,,,,Ty Law,,,,
1998,17,December 27,away,New York Jets,https://www.pro-football-reference.com/boxscores/199812270nyj.htm,2,,3,5,NYJ 36,3,17,Vinny Testaverde pass incomplete intended for Dave Meggett,0.430,-0.980,pass,,Vinny Testaverde,,Dave Meggett,,,,,,,,,,,
1998,17,December 27,away,New York Jets,https://www.pro-football-reference.com/boxscores/199812270nyj.htm,2,,4,5,NYJ 36,3,17,John Kidd punts 39 yards,-0.980,-0.610,punt,,,,,,,John Kidd,,,,,,,,
1998,17,December 27,away,New York Jets,https://www.pro-football-reference.com/boxscores/199812270nyj.htm,2,2:19,1,10,NWE 25,3,17,Robert Edwards middle for 7 yards (tackle by Corwin Brown and Otis Smith),0.610,1.010,run,,,Robert Edwards,,,,,,,,Corwin Brown,Otis Smith,,,
1998,17,December 27,away,New York Jets,https://www.pro-football-reference.com/boxscores/199812270nyj.htm,2,2:00,2,3,NWE 32,3,17,Derrick Cullors for -3 yards (tackle by Anthony Pleasant),1.010,-0.100,run,,,Derrick Cullors,,,,,,,,Anthony Pleasant,,,,
1998,17,December 27,away,New York Jets,https://www.pro-football-reference.com/boxscores/199812270nyj.htm,2,1:35,3,6,NWE 29,3,17,Scott Zolak pass complete to Shawn Jefferson for 6 yards (tackle by Otis Smith),-0.100,1.270,pass,,Scott Zolak,,Shawn Jefferson,,,,,,,Otis Smith,,,,
1998,17,December 27,away,New York Jets,https://www.pro-football-reference.com/boxscores/199812270nyj.htm,2,1:15,1,10,NWE 35,3,17,Scott Zolak sacked by Anthony Pleasant for 8 yards,1.270,-0.360,pass,,Scott Zolak,,,,Anthony Pleasant,,,,,,,,,
1998,17,December 27,away,New York Jets,https://www.pro-football-reference.com/boxscores/199812270nyj.htm,2,0:52,2,18,NWE 27,3,17,Scott Zolak pass incomplete intended for Shawn Jefferson,-0.360,-1.020,pass,,Scott Zolak,,Shawn Jefferson,,,,,,,,,,,
1998,17,December 27,away,New York Jets,https://www.pro-football-reference.com/boxscores/199812270nyj.htm,2,0:45,3,18,NWE 27,3,17,Scott Zolak pass incomplete intended for Anthony Ladd,-1.020,-1.570,pass,,Scott Zolak,,Anthony Ladd,,,,,,,,,,,
1998,17,December 27,away,New York Jets,https://www.pro-football-reference.com/boxscores/199812270nyj.htm,2,0:39,4,18,NWE 27,3,17,Tom Tupa punts 33 yards,-1.570,-1.600,punt,,,,,,,Tom Tupa,,,,,,,,
1998,17,December 27,away,New York Jets,https://www.pro-football-reference.com/boxscores/199812270nyj.htm,2,0:27,1,10,NYJ 40,3,17,Vinny Testaverde pass intended for Dedric Ward is intercepted by Lawyer Milloy at NE38 and returned for no gain,1.600,-1.470,pass,,Vinny Testaverde,,Dedric Ward,Lawyer Milloy,,,,,,,,,,
1998,17,December 27,away,New York Jets,https://www.pro-football-reference.com/boxscores/199812270nyj.htm,2,0:18,1,10,NWE 38,3,17,Scott Zolak pass incomplete intended for Troy Brown,1.470,0.920,pass,,Scott Zolak,,Troy Brown,,,,,,,,,,,
1998,17,December 27,away,New York Jets,https://www.pro-football-reference.com/boxscores/199812270nyj.htm,2,0:14,2,10,NWE 38,3,17,Scott Zolak pass incomplete intended for Shawn Jefferson,0.920,0.230,pass,,Scott Zolak,,Shawn Jefferson,,,,,,,,,,,
1998,17,December 27,away,New York Jets,https://www.pro-football-reference.com/boxscores/199812270nyj.htm,2,0:09,3,10,NWE 38,3,17,Scott Zolak pass incomplete intended for Derrick Cullors,0.230,-0.850,pass,,Scott Zolak,,Derrick Cullors,,,,,,,,,,,
1998,17,December 27,away,New York Jets,https://www.pro-football-reference.com/boxscores/199812270nyj.htm,2,0:04,4,10,NWE 38,3,17,Tom Tupa punts 43 yards,-0.850,4.310,punt,,,,,,,Tom Tupa,,,,,,,,
1998,17,December 27,away,New York Jets,https://www.pro-football-reference.com/boxscores/199812270nyj.htm,3,15:00,,,NYJ 30,3,17,"John Hall kicks off 71 yards, returned by Derrick Cullors for 27 yards (tackle by Kevin Williams)",0.000,-0.670,kickoff,,,,,,,,John Hall,Derrick Cullors,,Kevin Williams,,,,
1998,17,December 27,away,New York Jets,https://www.pro-football-reference.com/boxscores/199812270nyj.htm,3,,1,10,NWE 26,3,17,Scott Zolak pass complete to Robert Edwards for 3 yards (tackle by Rick Lyle),0.670,0.540,pass,,Scott Zolak,,Robert Edwards,,,,,,,Rick Lyle,,,,
1998,17,December 27,away,New York Jets,https://www.pro-football-reference.com/boxscores/199812270nyj.htm,3,,2,7,NWE 29,3,17,Robert Edwards left tackle for 2 yards (tackle by Mo Lewis and Anthony Pleasant),0.540,0.100,run,,,Robert Edwards,,,,,,,,Mo Lewis,Anthony Pleasant,,,
1998,17,December 27,away,New York Jets,https://www.pro-football-reference.com/boxscores/199812270nyj.htm,3,,3,5,NWE 31,3,17,Scott Zolak pass incomplete intended for Tony Simmons,0.100,-1.310,pass,,Scott Zolak,,Tony Simmons,,,,,,,,,,,
1998,17,December 27,away,New York Jets,https://www.pro-football-reference.com/boxscores/199812270nyj.htm,3,,4,5,NWE 31,3,17,"Tom Tupa punts 43 yards, returned by Dave Meggett for 14 yards (tackle by Tebucky Jones and Larry Whigham)",-1.310,0.000,punt,,,,,,,Tom Tupa,,Dave Meggett,,Tebucky Jones,Larry Whigham,,,
1998,17,December 27,away,New York Jets,https://www.pro-football-reference.com/boxscores/199812270nyj.htm,3,,,,,3,17,Penalty on Dana Cottrell: Ineligible Downfield Kick (declined),0.000,-1.600,penalty,,,,,,,,,,,,,,,Dana Cottrell
1998,17,December 27,away,New York Jets,https://www.pro-football-reference.com/boxscores/199812270nyj.htm,3,13:15,1,10,NYJ 40,3,17,Curtis Martin left guard for -1 yards (tackle by Willie McGinest),1.600,0.920,run,,,Curtis Martin,,,,,,,,Willie McGinest,,,,
1998,17,December 27,away,New York Jets,https://www.pro-football-reference.com/boxscores/199812270nyj.htm,3,,2,11,NYJ 39,3,17,Curtis Martin left tackle for 4 yards (tackle by Tedy Bruschi and Chad Eaton),0.920,0.760,run,,,Curtis Martin,,,,,,,,Tedy Bruschi,Chad Eaton,,,
1998,17,December 27,away,New York Jets,https://www.pro-football-reference.com/boxscores/199812270nyj.htm,3,,3,7,NYJ 43,3,17,Vinny Testaverde pass complete to Dave Meggett for 15 yards (tackle by Willie Clay),0.760,2.790,pass,,Vinny Testaverde,,Dave Meggett,,,,,,,Willie Clay,,,,
1998,17,December 27,away,New York Jets,https://www.pro-football-reference.com/boxscores/199812270nyj.htm,3,,1,10,NWE 42,3,17,Vinny Testaverde pass incomplete intended for Keyshawn Johnson,2.790,2.240,pass,,Vinny Testaverde,,Keyshawn Johnson,,,,,,,,,,,
1998,17,December 27,away,New York Jets,https://www.pro-football-reference.com/boxscores/199812270nyj.htm,3,,2,10,NWE 42,3,17,Vinny Testaverde scrambles right end for 25 yards (tackle by Lawyer Milloy),2.240,4.440,run,,,Vinny Testaverde,,,,,,,,Lawyer Milloy,,,,
1998,17,December 27,away,New York Jets,https://www.pro-football-reference.com/boxscores/199812270nyj.htm,3,,1,10,NWE 17,3,17,Vinny Testaverde pass incomplete intended for Keyshawn Johnson,4.440,3.850,pass,,Vinny Testaverde,,Keyshawn Johnson,,,,,,,,,,,
1998,17,December 27,away,New York Jets,https://www.pro-football-reference.com/boxscores/199812270nyj.htm,3,,2,10,NWE 17,3,23,"Vinny Testaverde pass complete to Dedric Ward for 17 yards, touchdown",3.850,7.000,pass,,Vinny Testaverde,,Dedric Ward,,,,,,,,,,,
1998,17,December 27,away,New York Jets,https://www.pro-football-reference.com/boxscores/199812270nyj.htm,3,10:31,,,,3,24,John Hall kicks extra point good,0.000,0.000,extra_point,,,,,,,,John Hall,,,,,,,
1998,17,December 27,away,New York Jets,https://www.pro-football-reference.com/boxscores/199812270nyj.htm,3,,,,NYJ 30,3,24,"John Hall kicks off 63 yards, returned by Derrick Cullors for 47 yards (tackle by Scott Frost and Kevin Williams)",0.000,-2.520,kickoff,,,,,,,,John Hall,Derrick Cullors,,Scott Frost,Kevin Williams,,,
1998,17,December 27,away,New York Jets,https://www.pro-football-reference.com/boxscores/199812270nyj.htm,3,,1,10,NYJ 46,3,24,Robert Edwards right end for 6 yards (tackle by Ray Mickens),2.520,2.790,run,,,Robert Edwards,,,,,,,,Ray Mickens,,,,
1998,17,December 27,away,New York Jets,https://www.pro-football-reference.com/boxscores/199812270nyj.htm,3,,2,4,NYJ 40,3,24,Scott Zolak pass complete to Robert Edwards for -4 yards (tackle by Otis Smith),2.790,1.550,pass,,Scott Zolak,,Robert Edwards,,,,,,,Otis Smith,,,,
1998,17,December 27,away,New York Jets,https://www.pro-football-reference.com/boxscores/199812270nyj.htm,3,,3,8,NYJ 44,3,24,Scott Zolak pass incomplete intended for Derrick Cullors,1.550,0.330,pass,,Scott Zolak,,Derrick Cullors,,,,,,,,,,,
1998,17,December 27,away,New York Jets,https://www.pro-football-reference.com/boxscores/199812270nyj.htm,3,,4,8,NYJ 44,3,24,Tom Tupa punts 40 yards,0.330,0.380,punt,,,,,,,Tom Tupa,,,,,,,,
1998,17,December 27,away,New York Jets,https://www.pro-football-reference.com/boxscores/199812270nyj.htm,3,8:44,1,10,NYJ 4,3,24,Curtis Martin left guard for 2 yards (tackle by Tedy Bruschi),-0.380,-0.630,run,,,Curtis Martin,,,,,,,,Tedy Bruschi,,,,
1998,17,December 27,away,New York Jets,https://www.pro-football-reference.com/boxscores/199812270nyj.htm,3,,2,8,NYJ 6,3,24,Curtis Martin right end for 3 yards (tackle by Tedy Bruschi and Willie Clay),-0.630,0.000,run,,,Curtis Martin,,,,,,,,Tedy Bruschi,Willie Clay,,,
1998,17,December 27,away,New York Jets,https://www.pro-football-reference.com/boxscores/199812270nyj.htm,3,,,,,3,24,Penalty on Kyle Brady: Offensive Holding (declined),0.000,-0.840,penalty,,,,,,,,,,,,,,,Kyle Brady
1998,17,December 27,away,New York Jets,https://www.pro-football-reference.com/boxscores/199812270nyj.htm,3,,3,5,NYJ 9,3,24,Vinny Testaverde pass complete to Wayne Chrebet for 16 yards (tackle by Tebucky Jones),-0.840,0.610,pass,,Vinny Testaverde,,Wayne Chrebet,,,,,,,Tebucky Jones,,,,
1998,17,December 27,away,New York Jets,https://www.pro-football-reference.com/boxscores/199812270nyj.htm,3,,1,10,NYJ 25,3,24,Richie Anderson left guard for 2 yards (tackle by Ferric Collons and Marty Moore),0.610,0.330,run,,,Richie Anderson,,,,,,,,Ferric Collons,Marty Moore,,,
1998,17,December 27,away,New York Jets,https://www.pro-football-reference.com/boxscores/199812270nyj.htm,3,,2,8,NYJ 27,3,24,Curtis Martin right tackle for 2 yards (tackle by Steve Israel and Marty Moore),0.330,-0.100,run,,,Curtis Martin,,,,,,,,Steve Israel,Marty Moore,,,
1998,17,December 27,away,New York Jets,https://www.pro-football-reference.com/boxscores/199812270nyj.htm,3,,3,6,NYJ 29,3,24,Vinny Testaverde pass complete to Wayne Chrebet for 10 yards (tackle by Steve Israel),-0.100,1.530,pass,,Vinny Testaverde,,Wayne Chrebet,,,,,,,Steve Israel,,,,
1998,17,December 27,away,New York Jets,https://www.pro-football-reference.com/boxscores/199812270nyj.htm,3,,1,10,NYJ 39,3,24,Curtis Martin right end for 2 yards (tackle by Tedy Bruschi and Vernon Crawford),1.530,1.260,run,,,Curtis Martin,,,,,,,,Tedy Bruschi,Vernon Crawford,,,
1998,17,December 27,away,New York Jets,https://www.pro-football-reference.com/boxscores/199812270nyj.htm,3,,2,8,NYJ 41,3,24,Curtis Martin left end for 7 yards (tackle by Lawyer Milloy and Marty Moore),1.260,1.490,run,,,Curtis Martin,,,,,,,,Lawyer Milloy,Marty Moore,,,
1998,17,December 27,away,New York Jets,https://www.pro-football-reference.com/boxscores/199812270nyj.htm,3,,3,1,NYJ 48,3,24,Curtis Martin right tackle for 3 yards (tackle by Willie Clay),1.490,2.320,run,,,Curtis Martin,,,,,,,,Willie Clay,,,,
1998,17,December 27,away,New York Jets,https://www.pro-football-reference.com/boxscores/199812270nyj.htm,3,,1,10,NWE 49,3,24,Curtis Martin left end for 1 yard (tackle by Chad Eaton and Lawyer Milloy),2.320,1.920,run,,,Curtis Martin,,,,,,,,Chad Eaton,Lawyer Milloy,,,
1998,17,December 27,away,New York Jets,https://www.pro-football-reference.com/boxscores/199812270nyj.htm,3,,2,9,NWE 48,3,24,Vinny Testaverde pass incomplete intended for Curtis Martin,1.920,1.220,pass,,Vinny Testaverde,,Curtis Martin,,,,,,,,,,,
1998,17,December 27,away,New York Jets,https://www.pro-football-reference.com/boxscores/199812270nyj.htm,3,,3,9,NWE 48,3,24,Vinny Testaverde pass complete to Keyshawn Johnson for 16 yards (tackle by Tebucky Jones),1.220,3.450,pass,,Vinny Testaverde,,Keyshawn Johnson,,,,,,,Tebucky Jones,,,,
1998,17,December 27,away,New York Jets,https://www.pro-football-reference.com/boxscores/199812270nyj.htm,3,,1,10,NWE 32,3,24,Vinny Testaverde pass complete to Kyle Brady for 4 yards (tackle by Tedy Bruschi and Marty Moore),3.450,3.440,pass,,Vinny Testaverde,,Kyle Brady,,,,,,,Tedy Bruschi,Marty Moore,,,
1998,17,December 27,away,New York Jets,https://www.pro-football-reference.com/boxscores/199812270nyj.htm,3,,2,6,NWE 28,3,24,Curtis Martin right tackle for 4 yards (tackle by Mark Wheeler),3.440,3.270,run,,,Curtis Martin,,,,,,,,Mark Wheeler,,,,
1998,17,December 27,away,New York Jets,https://www.pro-football-reference.com/boxscores/199812270nyj.htm,4,15:00,3,2,NWE 24,3,30,"Vinny Testaverde pass complete to Keyshawn Johnson for 24 yards, touchdown",3.270,7.000,pass,,Vinny Testaverde,,Keyshawn Johnson,,,,,,,,,,,
1998,17,December 27,away,New York Jets,https://www.pro-football-reference.com/boxscores/199812270nyj.htm,4,14:55,,,,3,31,John Hall kicks extra point good,0.000,0.000,extra_point,,,,,,,,John Hall,,,,,,,
1998,17,December 27,away,New York Jets,https://www.pro-football-reference.com/boxscores/199812270nyj.htm,4,,,,NYJ 30,3,31,"John Hall kicks off 68 yards, returned by Derrick Cullors for 32 yards (tackle by Scott Frost)",0.000,-1.200,kickoff,,,,,,,,John Hall,Derrick Cullors,,Scott Frost,,,,
1998,17,December 27,away,New York Jets,https://www.pro-football-reference.com/boxscores/199812270nyj.htm,4,,1,10,NWE 34,3,31,Sedrick Shaw left guard for 2 yards (tackle by Ernie Logan and Eric Ogbogu),1.200,0.930,run,,,Sedrick Shaw,,,,,,,,Ernie Logan,Eric Ogbogu,,,
1998,17,December 27,away,New York Jets,https://www.pro-football-reference.com/boxscores/199812270nyj.htm,4,,2,8,NWE 36,3,31,Scott Zolak pass incomplete intended for Shawn Jefferson,0.930,0.230,pass,,Scott Zolak,,Shawn Jefferson,,,,,,,,,,,
1998,17,December 27,away,New York Jets,https://www.pro-football-reference.com/boxscores/199812270nyj.htm,4,,3,8,NWE 36,3,31,Scott Zolak pass incomplete intended for Ben Coates,0.230,-0.980,pass,,Scott Zolak,,Ben Coates,,,,,,,,,,,
1998,17,December 27,away,New York Jets,https://www.pro-football-reference.com/boxscores/199812270nyj.htm,4,,4,8,NWE 36,3,31,"Tom Tupa punts 50 yards, returned by Dave Meggett for 18 yards (tackle by Mike Bartrum and Derrick Cullors)",-0.980,-1.070,punt,,,,,,,Tom Tupa,,Dave Meggett,,Mike Bartrum,Derrick Cullors,,,
1998,17,December 27,away,New York Jets,https://www.pro-football-reference.com/boxscores/199812270nyj.htm,4,13:47,1,10,NYJ 32,3,31,Curtis Martin right guard for -1 yards (tackle by Ferric Collons and Chad Eaton),1.070,0.390,run,,,Curtis Martin,,,,,,,,Ferric Collons,Chad Eaton,,,
1998,17,December 27,away,New York Jets,https://www.pro-football-reference.com/boxscores/199812270nyj.htm,4,,2,11,NYJ 31,3,31,Curtis Martin right end for 2 yards (tackle by Chad Eaton and Lawyer Milloy),0.390,-0.030,run,,,Curtis Martin,,,,,,,,Chad Eaton,Lawyer Milloy,,,
1998,17,December 27,away,New York Jets,https://www.pro-football-reference.com/boxscores/199812270nyj.htm,4,12:24,3,9,NYJ 33,3,31,Vinny Testaverde pass incomplete intended for Keyshawn Johnson,-0.030,-1.180,pass,,Vinny Testaverde,,Keyshawn Johnson,,,,,,,,,,,
1998,17,December 27,away,New York Jets,https://www.pro-football-reference.com/boxscores/199812270nyj.htm,4,,4,9,NYJ 33,3,31,"John Kidd punts 54 yards, returned by Troy Brown for 10 yards (tackle by James Farrior and Mo Lewis)",-1.180,-0.480,punt,,,,,,,John Kidd,,Troy Brown,,James Farrior,Mo Lewis,,,
1998,17,December 27,away,New York Jets,https://www.pro-football-reference.com/boxscores/199812270nyj.htm,4,12:06,1,10,NWE 23,3,31,Sedrick Shaw right end for 71 yards (tackle by Otis Smith),0.480,5.830,run,,,Sedrick Shaw,,,,,,,,Otis Smith,,,,
1998,17,December 27,away,New York Jets,https://www.pro-football-reference.com/boxscores/199812270nyj.htm,4,,1,6,NYJ 6,3,31,Robert Edwards right tackle for 1 yard (tackle by Dwayne Gordon and Bobby Hamilton),5.830,5.150,run,,,Robert Edwards,,,,,,,,Dwayne Gordon,Bobby Hamilton,,,
1998,17,December 27,away,New York Jets,https://www.pro-football-reference.com/boxscores/199812270nyj.htm,4,,2,5,NYJ 5,3,31,Robert Edwards left tackle for 3 yards (tackle by Ray Mickens and Eric Ogbogu),5.150,4.950,run,,,Robert Edwards,,,,,,,,Ray Mickens,Eric Ogbogu,,,
1998,17,December 27,away,New York Jets,https://www.pro-football-reference.com/boxscores/199812270nyj.htm,4,,3,2,NYJ 2,3,31,Robert Edwards right end for -2 yards (tackle by Mo Lewis),4.950,3.030,run,,,Robert Edwards,,,,,,,,Mo Lewis,,,,
1998,17,December 27,away,New York Jets,https://www.pro-football-reference.com/boxscores/199812270nyj.htm,4,,4,4,NYJ 4,3,31,Scott Zolak pass incomplete intended for Ben Coates,3.030,0.380,pass,,Scott Zolak,,Ben Coates,,,,,,,,,,,
1998,17,December 27,away,New York Jets,https://www.pro-football-reference.com/boxscores/199812270nyj.htm,4,9:11,1,10,NYJ 4,3,31,Dave Meggett left guard for 2 yards (tackle by Chad Eaton and Marty Moore),-0.380,-0.630,run,,,Dave Meggett,,,,,,,,Chad Eaton,Marty Moore,,,
1998,17,December 27,away,New York Jets,https://www.pro-football-reference.com/boxscores/199812270nyj.htm,4,,2,8,NYJ 6,3,31,Dave Meggett right end for 2 yards (tackle by Chad Eaton and Ty Law),-0.630,-0.950,run,,,Dave Meggett,,,,,,,,Chad Eaton,Ty Law,,,
1998,17,December 27,away,New York Jets,https://www.pro-football-reference.com/boxscores/199812270nyj.htm,4,,3,6,NYJ 8,3,31,Glenn Foley pass complete to Dedric Ward for 11 yards (tackle by Ty Law),-0.950,0.150,pass,,Glenn Foley,,Dedric Ward,,,,,,,Ty Law,,,,
1998,17,December 27,away,New York Jets,https://www.pro-football-reference.com/boxscores/199812270nyj.htm,4,,1,10,NYJ 19,3,31,Dave Meggett left end for no gain (tackle by Ferric Collons and Lawyer Milloy),0.150,-0.390,run,,,Dave Meggett,,,,,,,,Ferric Collons,Lawyer Milloy,,,
1998,17,December 27,away,New York Jets,https://www.pro-football-reference.com/boxscores/199812270nyj.htm,4,,2,10,NYJ 19,3,31,Glenn Foley pass incomplete intended for Alex Van Dyke,-0.390,-1.070,pass,,Glenn Foley,,Alex Van Dyke,,,,,,,,,,,
1998,17,December 27,away,New York Jets,https://www.pro-football-reference.com/boxscores/199812270nyj.htm,4,,3,10,NYJ 19,3,31,Glenn Foley pass incomplete,-1.070,-2.140,pass,,Glenn Foley,,,,,,,,,,,,,
1998,17,December 27,away,New York Jets,https://www.pro-football-reference.com/boxscores/199812270nyj.htm,4,,4,10,NYJ 19,3,31,John Kidd punts 29 yards,-2.140,-2.390,punt,,,,,,,John Kidd,,,,,,,,
1998,17,December 27,away,New York Jets,https://www.pro-football-reference.com/boxscores/199812270nyj.htm,4,6:17,1,10,NYJ 48,3,31,Robert Edwards left tackle for 3 yards (tackle by James Farrior and Bobby Hamilton),2.390,2.250,run,,,Robert Edwards,,,,,,,,James Farrior,Bobby Hamilton,,,
1998,17,December 27,away,New York Jets,https://www.pro-football-reference.com/boxscores/199812270nyj.htm,4,,2,7,NYJ 45,3,31,Scott Zolak pass complete to Lovett Purnell for 5 yards (tackle by James Farrior),2.250,2.210,pass,,Scott Zolak,,Lovett Purnell,,,,,,,James Farrior,,,,
1998,17,December 27,away,New York Jets,https://www.pro-football-reference.com/boxscores/199812270nyj.htm,4,,3,2,NYJ 40,3,31,Scott Zolak pass complete to Lovett Purnell for 3 yards (tackle by Ray Mickens),2.210,3.120,pass,,Scott Zolak,,Lovett Purnell,,,,,,,Ray Mickens,,,,
1998,17,December 27,away,New York Jets,https://www.pro-football-reference.com/boxscores/199812270nyj.htm,4,,1,10,NYJ 37,3,31,Scott Zolak pass incomplete intended for Anthony Ladd,3.120,2.570,pass,,Scott Zolak,,Anthony Ladd,,,,,,,,,,,
1998,17,December 27,away,New York Jets,https://www.pro-football-reference.com/boxscores/199812270nyj.htm,4,,2,10,NYJ 37,3,31,Sedrick Shaw right tackle for 3 yards (tackle by Dwayne Gordon and Ernie Logan),2.570,2.280,run,,,Sedrick Shaw,,,,,,,,Dwayne Gordon,Ernie Logan,,,
1998,17,December 27,away,New York Jets,https://www.pro-football-reference.com/boxscores/199812270nyj.htm,4,,3,7,NYJ 34,3,31,Scott Zolak pass incomplete intended for Anthony Ladd,2.280,1.060,pass,,Scott Zolak,,Anthony Ladd,,,,,,,,,,,
1998,17,December 27,away,New York Jets,https://www.pro-football-reference.com/boxscores/199812270nyj.htm,4,,4,7,NYJ 34,3,31,Scott Zolak pass incomplete intended for Anthony Ladd,1.060,-1.200,pass,,Scott Zolak,,Anthony Ladd,,,,,,,,,,,
1998,17,December 27,away,New York Jets,https://www.pro-football-reference.com/boxscores/199812270nyj.htm,4,4:06,1,10,NYJ 34,3,31,Jerald Sowell right end for 3 yards (tackle by Tedy Bruschi and Marty Moore),1.200,1.060,run,,,Jerald Sowell,,,,,,,,Tedy Bruschi,Marty Moore,,,
1998,17,December 27,away,New York Jets,https://www.pro-football-reference.com/boxscores/199812270nyj.htm,4,,2,7,NYJ 37,3,31,Jerald Sowell right guard for 1 yard (tackle by Tedy Bruschi and Greg Spires),1.060,0.500,run,,,Jerald Sowell,,,,,,,,Tedy Bruschi,Greg Spires,,,
1998,17,December 27,away,New York Jets,https://www.pro-football-reference.com/boxscores/199812270nyj.htm,4,,3,6,NYJ 38,3,31,Ray Lucas pass incomplete intended for Kyle Brady,0.500,-0.850,pass,,Ray Lucas,,Kyle Brady,,,,,,,,,,,
1998,17,December 27,away,New York Jets,https://www.pro-football-reference.com/boxscores/199812270nyj.htm,4,,4,6,NYJ 38,3,31,"John Kidd punts 42 yards, returned by Troy Brown for 8 yards (tackle by Chris Hayes)",-0.850,-0.810,punt,,,,,,,John Kidd,,Troy Brown,,Chris Hayes,,,,
1998,17,December 27,away,New York Jets,https://www.pro-football-reference.com/boxscores/199812270nyj.htm,4,2:26,1,10,NWE 28,3,31,Scott Zolak pass complete to Sedrick Shaw for 8 yards (tackle by Kevin Williams),0.810,1.340,pass,,Scott Zolak,,Sedrick Shaw,,,,,,,Kevin Williams,,,,
1998,17,December 27,away,New York Jets,https://www.pro-football-reference.com/boxscores/199812270nyj.htm,4,,2,2,NWE 36,3,31,"Sedrick Shaw right tackle for 1 yard. Sedrick Shaw fumbles, recovered by Sedrick Shaw at NE37 (forced by Dorian Boose)",1.340,0.760,run,,,Sedrick Shaw,,,,,,,,,,,Sedrick Shaw,
1998,17,December 27,away,New York Jets,https://www.pro-football-reference.com/boxscores/199812270nyj.htm,4,2:00,3,1,NWE 37,3,31,Scott Zolak pass complete to Sedrick Shaw for 2 yards (tackle by Bryan Cox),0.760,1.530,pass,,Scott Zolak,,Sedrick Shaw,,,,,,,Bryan Cox,,,,
1998,17,December 27,away,New York Jets,https://www.pro-football-reference.com/boxscores/199812270nyj.htm,4,1:56,1,10,NWE 39,3,31,Scott Zolak pass complete to Tony Carter for 11 yards (tackle by Kevin Williams),1.530,2.260,pass,,Scott Zolak,,Tony Carter,,,,,,,Kevin Williams,,,,
1998,17,December 27,away,New York Jets,https://www.pro-football-reference.com/boxscores/199812270nyj.htm,4,1:49,1,10,NYJ 50,3,31,Scott Zolak pass incomplete intended for Tony Simmons,2.260,1.710,pass,,Scott Zolak,,Tony Simmons,,,,,,,,,,,
1998,17,December 27,away,New York Jets,https://www.pro-football-reference.com/boxscores/199812270nyj.htm,4,1:43,2,10,NYJ 50,3,31,Sedrick Shaw right end for 6 yards (tackle by Bryan Cox and Kevin Williams),1.710,1.820,run,,,Sedrick Shaw,,,,,,,,Bryan Cox,Kevin Williams,,,
1998,17,December 27,away,New York Jets,https://www.pro-football-reference.com/boxscores/199812270nyj.htm,4,1:38,3,4,NYJ 44,9,31,"Scott Zolak pass complete to Tony Simmons for 44 yards, touchdown",1.820,7.000,pass,,Scott Zolak,,Tony Simmons,,,,,,,,,,,
1998,17,December 27,away,New York Jets,https://www.pro-football-reference.com/boxscores/199812270nyj.htm,4,1:31,,,,10,31,"Adam Vinatieri kicks extra point good. Penalty on Marty Moore: Illegal Touch Kick, 5 yards (accepted)",0.000,0.000,extra_point,,,,,,,,Adam Vinatieri,,,,,,,
1998,17,December 27,away,New York Jets,https://www.pro-football-reference.com/boxscores/199812270nyj.htm,4,,,,NWE 25,10,31,"Adam Vinatieri kicks onside 10 yards, returned by Richie Anderson for no gain",0.000,-3.250,kickoff,,,,,,,,Adam Vinatieri,Richie Anderson,,,,,,
1998,17,December 27,away,New York Jets,https://www.pro-football-reference.com/boxscores/199812270nyj.htm,4,1:29,1,10,NWE 35,10,31,Jerald Sowell right guard for -2 yards (tackle by Chad Eaton and Marty Moore),3.250,2.430,run,,,Jerald Sowell,,,,,,,,Chad Eaton,Marty Moore,,,
1998,17,December 27,away,New York Jets,https://www.pro-football-reference.com/boxscores/199812270nyj.htm,4,0:49,2,12,NWE 37,10,31,Jerald Sowell middle for 2 yards (tackle by Chad Eaton and Greg Spires),2.430,2.010,run,,,Jerald Sowell,,,,,,,,Chad Eaton,Greg Spires,,,
1998,17,December 27,away,New York Jets,https://www.pro-football-reference.com/boxscores/199812270nyj.htm,4,0:09,3,10,NWE 35,10,31,Ray Lucas kneels for -1 yards,2.010,0.880,run,,,Ray Lucas,,,,,,,,,,,,
1998,Wild Card,January 3,away,Jacksonville Jaguars,https://www.pro-football-reference.com/boxscores/199901030jax.htm,,,,,,,,"Patriots won the coin toss, Jaguars to receive the opening kickoff.",,,other,,,,,,,,,,,,,,,
1998,Wild Card,January 3,away,Jacksonville Jaguars,https://www.pro-football-reference.com/boxscores/199901030jax.htm,1,15:00,,,,0,0,,0.000,0.000,other,,,,,,,,,,,,,,,
1998,Wild Card,January 3,away,Jacksonville Jaguars,https://www.pro-football-reference.com/boxscores/199901030jax.htm,1,,,,JAX 30,0,0,"Mike Hollis kicks off 70 yards, returned by Derrick Cullors for 14 yards. Derrick Cullors fumbles, recovered by Derrick Cullors at NE0",0.000,0.280,kickoff,,,,,,,,Mike Hollis,Derrick Cullors,,,,,Derrick Cullors,
1998,Wild Card,January 3,away,Jacksonville Jaguars,https://www.pro-football-reference.com/boxscores/199901030jax.htm,1,14:51,1,10,NWE 14,0,0,"Scott Zolak pass complete to Ben Coates for 3 yards. Penalty on Zefross Moss: Illegal Formation, 5 yards (accepted) (tackle by Dave Thomas) (no play)",-0.280,-0.570,no_play,,,,,,,,,,,Dave Thomas,,,,
1998,Wild Card,January 3,away,Jacksonville Jaguars,https://www.pro-football-reference.com/boxscores/199901030jax.htm,1,,1,15,NWE 9,0,0,Robert Edwards left tackle for no gain (tackle by Kevin Hardy),-0.570,-1.150,run,,,Robert Edwards,,,,,,,,Kevin Hardy,,,,
1998,Wild Card,January 3,away,Jacksonville Jaguars,https://www.pro-football-reference.com/boxscores/199901030jax.htm,1,,2,15,NWE 9,0,0,Scott Zolak pass incomplete intended for Tony Simmons,-1.150,-2.010,pass,,Scott Zolak,,Tony Simmons,,,,,,,,,,,
1998,Wild Card,January 3,away,Jacksonville Jaguars,https://www.pro-football-reference.com/boxscores/199901030jax.htm,1,,3,15,NWE 9,0,0,Scott Zolak pass complete to Ben Coates for 2 yards (tackle by Aaron Beasley),-2.010,-2.490,pass,,Scott Zolak,,Ben Coates,,,,,,,Aaron Beasley,,,,
1998,Wild Card,January 3,away,Jacksonville Jaguars,https://www.pro-football-reference.com/boxscores/199901030jax.htm,1,,4,13,NWE 11,0,0,"Tom Tupa punts 34 yards, returned by Reggie Barlow for 5 yards",-2.490,-2.920,punt,,,,,,,Tom Tupa,,Reggie Barlow,,,,,,
1998,Wild Card,January 3,away,Jacksonville Jaguars,https://www.pro-football-reference.com/boxscores/199901030jax.htm,1,12:48,1,10,NWE 40,0,0,Fred Taylor middle for 2 yards (tackle by Henry Thomas),2.920,2.640,run,,,Fred Taylor,,,,,,,,Henry Thomas,,,,
1998,Wild Card,January 3,away,Jacksonville Jaguars,https://www.pro-football-reference.com/boxscores/199901030jax.htm,1,,2,8,NWE 38,0,0,Fred Taylor middle for 7 yards (tackle by Tedy Bruschi),2.640,2.870,run,,,Fred Taylor,,,,,,,,Tedy Bruschi,,,,
1998,Wild Card,January 3,away,Jacksonville Jaguars,https://www.pro-football-reference.com/boxscores/199901030jax.htm,1,,3,1,NWE 31,0,0,Fred Taylor right tackle for 1 yard (tackle by Lawyer Milloy),2.870,3.580,run,,,Fred Taylor,,,,,,,,Lawyer Milloy,,,,
1998,Wild Card,January 3,away,Jacksonville Jaguars,https://www.pro-football-reference.com/boxscores/199901030jax.htm,1,,1,10,NWE 30,0,0,Mark Brunell pass complete to Keenan McCardell for 14 yards (tackle by Lawyer Milloy),3.580,4.510,pass,,Mark Brunell,,Keenan McCardell,,,,,,,Lawyer Milloy,,,,
1998,Wild Card,January 3,away,Jacksonville Jaguars,https://www.pro-football-reference.com/boxscores/199901030jax.htm,1,,1,10,NWE 16,0,0,Fred Taylor left guard for 2 yards (tackle by Marty Moore),4.510,4.210,run,,,Fred Taylor,,,,,,,,Marty Moore,,,,
1998,Wild Card,January 3,away,Jacksonville Jaguars,https://www.pro-football-reference.com/boxscores/199901030jax.htm,1,,2,8,NWE 14,0,0,Fred Taylor left end for -4 yards (tackle by Lawyer Milloy),4.210,2.940,run,,,Fred Taylor,,,,,,,,Lawyer Milloy,,,,
1998,Wild Card,January 3,away,Jacksonville Jaguars,https://www.pro-football-reference.com/boxscores/199901030jax.htm,1,9:06,3,12,NWE 18,0,0,Mark Brunell pass incomplete intended for Keenan McCardell,2.940,2.250,pass,,Mark Brunell,,Keenan McCardell,,,,,,,,,,,
1998,Wild Card,January 3,away,Jacksonville Jaguars,https://www.pro-football-reference.com/boxscores/199901030jax.htm,1,,4,12,NWE 18,0,3,Mike Hollis 35 yard field goal good,2.250,3.000,field_goal,,,,,,,,Mike Hollis,,,,,,,
1998,Wild Card,January 3,away,Jacksonville Jaguars,https://www.pro-football-reference.com/boxscores/199901030jax.htm,1,8:57,,,JAX 30,0,3,"Mike Hollis kicks off 65 yards, returned by Derrick Cullors for 7 yards. Derrick Cullors fumbles, recovered by Derrick Cullors at NE5",0.000,0.350,kickoff,,,,,,,,Mike Hollis,Derrick Cullors,,,,,Derrick Cullors,
1998,Wild Card,January 3,away,Jacksonville Jaguars,https://www.pro-football-reference.com/boxscores/199901030jax.htm,1,,1,10,NWE 12,0,3,Robert Edwards middle for 3 yards (tackle by Donovin Darius),-0.350,-0.500,run,,,Robert Edwards,,,,,,,,Donovin Darius,,,,
1998,Wild Card,January 3,away,Jacksonville Jaguars,https://www.pro-football-reference.com/boxscores/199901030jax.htm,1,,2,7,NWE 15,0,3,Scott Zolak pass incomplete intended for Robert Edwards,-0.500,-1.070,pass,,Scott Zolak,,Robert Edwards,,,,,,,,,,,
1998,Wild Card,January 3,away,Jacksonville Jaguars,https://www.pro-football-reference.com/boxscores/199901030jax.htm,1,,3,7,NWE 15,0,3,Scott Zolak pass incomplete intended for Shawn Jefferson,-1.070,-2.440,pass,,Scott Zolak,,Shawn Jefferson,,,,,,,,,,,
1998,Wild Card,January 3,away,Jacksonville Jaguars,https://www.pro-football-reference.com/boxscores/199901030jax.htm,1,,4,7,NWE 15,0,3,"Tom Tupa punts 50 yards, returned by Reggie Barlow for 14 yards (tackle by Marty Moore)",-2.440,-2.190,punt,,,,,,,Tom Tupa,,Reggie Barlow,,Marty Moore,,,,
1998,Wild Card,January 3,away,Jacksonville Jaguars,https://www.pro-football-reference.com/boxscores/199901030jax.htm,1,7:44,1,10,JAX 49,0,3,Mark Brunell pass incomplete intended for Keenan McCardell,2.190,1.650,pass,,Mark Brunell,,Keenan McCardell,,,,,,,,,,,
1998,Wild Card,January 3,away,Jacksonville Jaguars,https://www.pro-football-reference.com/boxscores/199901030jax.htm,1,,2,10,JAX 49,0,3,Mark Brunell pass complete to Daimon Shelton for 3 yards (tackle by Willie Clay),1.650,1.360,pass,,Mark Brunell,,Daimon Shelton,,,,,,,Willie Clay,,,,
1998,Wild Card,January 3,away,Jacksonville Jaguars,https://www.pro-football-reference.com/boxscores/199901030jax.htm,1,,3,7,NWE 48,0,3,Mark Brunell pass incomplete intended for Pete Mitchell,1.360,0.070,pass,,Mark Brunell,,Pete Mitchell,,,,,,,,,,,
1998,Wild Card,January 3,away,Jacksonville Jaguars,https://www.pro-football-reference.com/boxscores/199901030jax.htm,1,,4,7,NWE 48,0,3,Bryan Barker punts 25 yards,0.070,-0.480,punt,,,,,,,Bryan Barker,,,,,,,,
1998,Wild Card,January 3,away,Jacksonville Jaguars,https://www.pro-football-reference.com/boxscores/199901030jax.htm,1,6:52,1,10,NWE 23,0,3,Robert Edwards left tackle for 4 yards (tackle by Kelvin Pritchett),0.480,0.470,run,,,Robert Edwards,,,,,,,,Kelvin Pritchett,,,,
1998,Wild Card,January 3,away,Jacksonville Jaguars,https://www.pro-football-reference.com/boxscores/199901030jax.htm,1,,2,6,NWE 27,0,3,Tony Carter middle for 3 yards (tackle by Eric Curry),0.470,0.170,run,,,Tony Carter,,,,,,,,Eric Curry,,,,
1998,Wild Card,January 3,away,Jacksonville Jaguars,https://www.pro-football-reference.com/boxscores/199901030jax.htm,1,,3,3,NWE 30,0,3,Scott Zolak pass incomplete intended for Ben Coates,0.170,-1.370,pass,,Scott Zolak,,Ben Coates,,,,,,,,,,,
1998,Wild Card,January 3,away,Jacksonville Jaguars,https://www.pro-football-reference.com/boxscores/199901030jax.htm,1,,4,3,NWE 30,0,3,"Tom Tupa punts 48 yards, returned by Reggie Barlow for 12 yards (tackle by Derrick Cullors and Marty Moore)",-1.370,-1.200,punt,,,,,,,Tom Tupa,,Reggie Barlow,,Derrick Cullors,Marty Moore,,,
1998,Wild Card,January 3,away,Jacksonville Jaguars,https://www.pro-football-reference.com/boxscores/199901030jax.htm,1,5:20,1,10,JAX 34,0,3,Fred Taylor left tackle for 46 yards (tackle by Steve Israel),1.200,4.240,run,,,Fred Taylor,,,,,,,,Steve Israel,,,,
1998,Wild Card,January 3,away,Jacksonville Jaguars,https://www.pro-football-reference.com/boxscores/199901030jax.htm,1,,1,10,NWE 20,0,3,Fred Taylor left tackle for 7 yards (tackle by Marty Moore),4.240,4.830,run,,,Fred Taylor,,,,,,,,Marty Moore,,,,
1998,Wild Card,January 3,away,Jacksonville Jaguars,https://www.pro-football-reference.com/boxscores/199901030jax.htm,1,,2,3,NWE 13,0,3,Fred Taylor right tackle for 2 yards (tackle by Willie McGinest),4.830,4.590,run,,,Fred Taylor,,,,,,,,Willie McGinest,,,,
1998,Wild Card,January 3,away,Jacksonville Jaguars,https://www.pro-football-reference.com/boxscores/199901030jax.htm,1,,3,1,NWE 11,0,3,Mark Brunell pass complete to Jimmy Smith for 7 yards (tackle by Tedy Bruschi),4.590,6.280,pass,,Mark Brunell,,Jimmy Smith,,,,,,,Tedy Bruschi,,,,
1998,Wild Card,January 3,away,Jacksonville Jaguars,https://www.pro-football-reference.com/boxscores/199901030jax.htm,1,,1,4,NWE 4,0,3,Mark Brunell fumbles,6.280,4.950,other,,,,,,,,,,,,,,,
1998,Wild Card,January 3,away,Jacksonville Jaguars,https://www.pro-football-reference.com/boxscores/199901030jax.htm,1,,2,6,NWE 6,0,3,Mark Brunell pass incomplete intended for Keenan McCardell,4.950,4.040,pass,,Mark Brunell,,Keenan McCardell,,,,,,,,,,,
1998,Wild Card,January 3,away,Jacksonville Jaguars,https://www.pro-football-reference.com/boxscores/199901030jax.htm,1,,3,6,NWE 6,0,3,Mark Brunell pass incomplete intended for Damon Jones,4.040,2.990,pass,,Mark Brunell,,Damon Jones,,,,,,,,,,,
1998,Wild Card,January 3,away,Jacksonville Jaguars,https://www.pro-football-reference.com/boxscores/199901030jax.htm,1,,4,6,NWE 6,0,6,Mike Hollis 24 yard field goal good,2.990,3.000,field_goal,,,,,,,,Mike Hollis,,,,,,,
1998,Wild Card,January 3,away,Jacksonville Jaguars,https://www.pro-football-reference.com/boxscores/199901030jax.htm,1,2:01,,,JAX 30,0,6,"Mike Hollis kicks off 59 yards, returned by Derrick Cullors for 18 yards (tackle by Tom McManus and Erik Storz)",0.000,-0.870,kickoff,,,,,,,,Mike Hollis,Derrick Cullors,,Tom McManus,Erik Storz,,,
1998,Wild Card,January 3,away,Jacksonville Jaguars,https://www.pro-football-reference.com/boxscores/199901030jax.htm,1,,1,10,NWE 29,0,6,Scott Zolak pass complete to Shawn Jefferson for 9 yards (tackle by Dave Thomas),0.870,1.540,pass,,Scott Zolak,,Shawn Jefferson,,,,,,,Dave Thomas,,,,
1998,Wild Card,January 3,away,Jacksonville Jaguars,https://www.pro-football-reference.com/boxscores/199901030jax.htm,1,,2,1,NWE 38,0,6,Robert Edwards middle for 5 yards (tackle by Kevin Hardy),1.540,1.800,run,,,Robert Edwards,,,,,,,,Kevin Hardy,,,,
1998,Wild Card,January 3,away,Jacksonville Jaguars,https://www.pro-football-reference.com/boxscores/199901030jax.htm,1,0:51,1,10,NWE 43,0,6,Scott Zolak pass incomplete intended for Tony Simmons,1.800,1.250,pass,,Scott Zolak,,Tony Simmons,,,,,,,,,,,
1998,Wild Card,January 3,away,Jacksonville Jaguars,https://www.pro-football-reference.com/boxscores/199901030jax.htm,1,,2,10,NWE 43,0,6,Robert Edwards middle for -3 yards (tackle by Kevin Hardy),1.250,0.170,run,,,Robert Edwards,,,,,,,,Kevin Hardy,,,,
1998,Wild Card,January 3,away,Jacksonville Jaguars,https://www.pro-football-reference.com/boxscores/199901030jax.htm,1,,3,13,NWE 40,0,6,Scott Zolak pass incomplete intended for Tony Simmons,0.170,-0.720,pass,,Scott Zolak,,Tony Simmons,,,,,,,,,,,
1998,Wild Card,January 3,away,Jacksonville Jaguars,https://www.pro-football-reference.com/boxscores/199901030jax.htm,1,,4,13,NWE 40,0,6,"Tom Tupa punts 52 yards, returned by Reggie Barlow for 8 yards",-0.720,0.000,punt,,,,,,,Tom Tupa,,Reggie Barlow,,,,,,
1998,Wild Card,January 3,away,Jacksonville Jaguars,https://www.pro-football-reference.com/boxscores/199901030jax.htm,1,,,,,0,6,,0.000,0.140,other,,,,,,,,,,,,,,,
1998,Wild Card,January 3,away,Jacksonville Jaguars,https://www.pro-football-reference.com/boxscores/199901030jax.htm,2,15:00,1,10,JAX 16,0,6,Mark Brunell pass incomplete intended for Alvis Whitted,-0.140,-0.660,pass,,Mark Brunell,,Alvis Whitted,,,,,,,,,,,
1998,Wild Card,January 3,away,Jacksonville Jaguars,https://www.pro-football-reference.com/boxscores/199901030jax.htm,2,,2,10,JAX 16,0,6,Fred Taylor right end for no gain (tackle by Henry Thomas),-0.660,-1.320,run,,,Fred Taylor,,,,,,,,Henry Thomas,,,,
1998,Wild Card,January 3,away,Jacksonville Jaguars,https://www.pro-football-reference.com/boxscores/199901030jax.htm,2,,3,10,JAX 16,0,6,Mark Brunell pass incomplete intended for Fred Taylor,-1.320,-2.390,pass,,Mark Brunell,,Fred Taylor,,,,,,,,,,,
1998,Wild Card,January 3,away,Jacksonville Jaguars,https://www.pro-football-reference.com/boxscores/199901030jax.htm,2,,4,10,JAX 16,0,6,"Bryan Barker punts 34 yards, returned by Troy Brown for 1 yard (tackle by Eddie Mason)",-2.390,-2.320,punt,,,,,,,Bryan Barker,,Troy Brown,,Eddie Mason,,,,
1998,Wild Card,January 3,away,Jacksonville Jaguars,https://www.pro-football-reference.com/boxscores/199901030jax.htm,2,14:04,1,10,JAX 49,0,6,Scott Zolak pass incomplete intended for Ben Coates,2.320,1.780,pass,,Scott Zolak,,Ben Coates,,,,,,,,,,,
1998,Wild Card,January 3,away,Jacksonville Jaguars,https://www.pro-football-reference.com/boxscores/199901030jax.htm,2,,2,10,JAX 49,0,6,Robert Edwards right tackle for 2 yards (tackle by Aaron Beasley and Bryan Schwartz),1.780,1.360,run,,,Robert Edwards,,,,,,,,Aaron Beasley,Bryan Schwartz,,,
1998,Wild Card,January 3,away,Jacksonville Jaguars,https://www.pro-football-reference.com/boxscores/199901030jax.htm,2,,3,8,JAX 47,0,6,Scott Zolak pass incomplete intended for Tony Simmons,1.360,0.130,pass,,Scott Zolak,,Tony Simmons,,,,,,,,,,,
1998,Wild Card,January 3,away,Jacksonville Jaguars,https://www.pro-football-reference.com/boxscores/199901030jax.htm,2,,4,8,JAX 47,0,6,"Tom Tupa punts 47 yards, touchback.",0.130,-0.280,punt,,,,,,,Tom Tupa,,,,,,,,
1998,Wild Card,January 3,away,Jacksonville Jaguars,https://www.pro-football-reference.com/boxscores/199901030jax.htm,2,12:59,1,10,JAX 20,0,6,Mark Brunell pass incomplete intended for Jimmy Smith,0.280,-0.270,pass,,Mark Brunell,,Jimmy Smith,,,,,,,,,,,
1998,Wild Card,January 3,away,Jacksonville Jaguars,https://www.pro-football-reference.com/boxscores/199901030jax.htm,2,,2,10,JAX 20,0,6,Fred Taylor left guard for 5 yards (tackle by Mark Wheeler),-0.270,-0.300,run,,,Fred Taylor,,,,,,,,Mark Wheeler,,,,
1998,Wild Card,January 3,away,Jacksonville Jaguars,https://www.pro-football-reference.com/boxscores/199901030jax.htm,2,,3,5,JAX 25,0,6,Mark Brunell pass incomplete intended for Keenan McCardell,-0.300,-1.700,pass,,Mark Brunell,,Keenan McCardell,,,,,,,,,,,
1998,Wild Card,January 3,away,Jacksonville Jaguars,https://www.pro-football-reference.com/boxscores/199901030jax.htm,2,,4,5,JAX 25,0,6,"Bryan Barker punts 55 yards, returned by Troy Brown for 3 yards (tackle by Eddie Mason)",-1.700,-0.480,punt,,,,,,,Bryan Barker,,Troy Brown,,Eddie Mason,,,,
1998,Wild Card,January 3,away,Jacksonville Jaguars,https://www.pro-football-reference.com/boxscores/199901030jax.htm,2,12:00,1,10,NWE 23,0,6,Robert Edwards right end for 1 yard (tackle by John Jurkovic),0.480,0.070,run,,,Robert Edwards,,,,,,,,John Jurkovic,,,,
1998,Wild Card,January 3,away,Jacksonville Jaguars,https://www.pro-football-reference.com/boxscores/199901030jax.htm,2,,2,9,NWE 24,0,6,Scott Zolak pass complete to Troy Brown for 7 yards (tackle by Bryan Schwartz),0.070,0.300,pass,,Scott Zolak,,Troy Brown,,,,,,,Bryan Schwartz,,,,
1998,Wild Card,January 3,away,Jacksonville Jaguars,https://www.pro-football-reference.com/boxscores/199901030jax.htm,2,,3,2,NWE 31,0,6,Scott Zolak pass incomplete intended for Tony Simmons,0.300,-1.310,pass,,Scott Zolak,,Tony Simmons,,,,,,,,,,,
1998,Wild Card,January 3,away,Jacksonville Jaguars,https://www.pro-football-reference.com/boxscores/199901030jax.htm,2,,4,2,NWE 31,0,6,"Tom Tupa punts 45 yards, returned by Reggie Barlow for 8 yards (tackle by Chris Carter)",-1.310,-1.070,punt,,,,,,,Tom Tupa,,Reggie Barlow,,Chris Carter,,,,
1998,Wild Card,January 3,away,Jacksonville Jaguars,https://www.pro-football-reference.com/boxscores/199901030jax.htm,2,10:19,1,10,JAX 32,0,6,Fred Taylor left tackle for 4 yards (tackle by Chris Slade),1.070,1.070,run,,,Fred Taylor,,,,,,,,Chris Slade,,,,
1998,Wild Card,January 3,away,Jacksonville Jaguars,https://www.pro-football-reference.com/boxscores/199901030jax.htm,2,,2,6,JAX 36,0,6,Fred Taylor left guard for 3 yards (tackle by Tedy Bruschi),1.070,0.760,run,,,Fred Taylor,,,,,,,,Tedy Bruschi,,,,
1998,Wild Card,January 3,away,Jacksonville Jaguars,https://www.pro-football-reference.com/boxscores/199901030jax.htm,2,,3,3,JAX 39,0,6,Mark Brunell pass complete to Keenan McCardell for 6 yards (tackle by Tedy Bruschi),0.760,1.930,pass,,Mark Brunell,,Keenan McCardell,,,,,,,Tedy Bruschi,,,,
1998,Wild Card,January 3,away,Jacksonville Jaguars,https://www.pro-football-reference.com/boxscores/199901030jax.htm,2,,1,10,JAX 45,0,6,Mark Brunell pass incomplete,1.930,1.380,pass,,Mark Brunell,,,,,,,,,,,,,
1998,Wild Card,January 3,away,Jacksonville Jaguars,https://www.pro-football-reference.com/boxscores/199901030jax.htm,2,,2,10,JAX 45,0,6,Fred Taylor left tackle for 21 yards (tackle by Willie Clay),1.380,3.310,run,,,Fred Taylor,,,,,,,,Willie Clay,,,,
1998,Wild Card,January 3,away,Jacksonville Jaguars,https://www.pro-football-reference.com/boxscores/199901030jax.htm,2,,1,10,NWE 34,0,6,Mark Brunell pass complete to Keenan McCardell for 13 yards (tackle by Lawyer Milloy),3.310,4.170,pass,,Mark Brunell,,Keenan McCardell,,,,,,,Lawyer Milloy,,,,
1998,Wild Card,January 3,away,Jacksonville Jaguars,https://www.pro-football-reference.com/boxscores/199901030jax.htm,2,,1,10,NWE 21,0,6,Fred Taylor left tackle for 4 yards (tackle by Marty Moore),4.170,4.200,run,,,Fred Taylor,,,,,,,,Marty Moore,,,,
1998,Wild Card,January 3,away,Jacksonville Jaguars,https://www.pro-football-reference.com/boxscores/199901030jax.htm,2,,2,6,NWE 17,0,6,Mark Brunell pass complete to Jimmy Smith for 4 yards,4.200,4.240,pass,,Mark Brunell,,Jimmy Smith,,,,,,,,,,,
1998,Wild Card,January 3,away,Jacksonville Jaguars,https://www.pro-football-reference.com/boxscores/199901030jax.htm,2,,3,2,NWE 13,0,12,"Fred Taylor left tackle for 13 yards, touchdown",4.240,7.000,run,,,Fred Taylor,,,,,,,,,,,,
1998,Wild Card,January 3,away,Jacksonville Jaguars,https://www.pro-football-reference.com/boxscores/199901030jax.htm,2,5:58,,,,0,12,,0.000,0.000,other,,,,,,,,,,,,,,,
1998,Wild Card,January 3,away,Jacksonville Jaguars,https://www.pro-football-reference.com/boxscores/199901030jax.htm,2,,,,JAX 30,0,12,"Mike Hollis kicks off 53 yards, returned by Sedrick Shaw for 14 yards (tackle by Eddie Mason)",0.000,-1.000,kickoff,,,,,,,,Mike Hollis,Sedrick Shaw,,Eddie Mason,,,,
1998,Wild Card,January 3,away,Jacksonville Jaguars,https://www.pro-football-reference.com/boxscores/199901030jax.htm,2,,1,10,NWE 31,0,12,"Scott Zolak pass complete to Robert Edwards for 17 yards. Robert Edwards fumbles (forced by Bryan Schwartz), recovered by Aaron Beasley at JAC49",1.000,-2.190,pass,,Scott Zolak,,Robert Edwards,,,,,,,,,Bryan Schwartz,Aaron Beasley,
1998,Wild Card,January 3,away,Jacksonville Jaguars,https://www.pro-football-reference.com/boxscores/199901030jax.htm,2,5:39,1,10,JAX 49,0,12,Mark Brunell pass complete to Keenan McCardell for 19 yards (tackle by Willie Clay),2.190,3.450,pass,,Mark Brunell,,Keenan McCardell,,,,,,,Willie Clay,,,,
1998,Wild Card,January 3,away,Jacksonville Jaguars,https://www.pro-football-reference.com/boxscores/199901030jax.htm,2,,1,10,NWE 32,0,12,Fred Taylor left end for -3 yards (tackle by Ferric Collons),3.450,2.500,run,,,Fred Taylor,,,,,,,,Ferric Collons,,,,
1998,Wild Card,January 3,away,Jacksonville Jaguars,https://www.pro-football-reference.com/boxscores/199901030jax.htm,2,,2,13,NWE 35,0,12,Mark Brunell pass complete to Damon Jones for 8 yards (tackle by Willie Clay),2.500,2.870,pass,,Mark Brunell,,Damon Jones,,,,,,,Willie Clay,,,,
1998,Wild Card,January 3,away,Jacksonville Jaguars,https://www.pro-football-reference.com/boxscores/199901030jax.htm,2,,3,5,NWE 27,0,12,Mark Brunell pass complete to Keenan McCardell for 8 yards (tackle by Ty Law),2.870,4.310,pass,,Mark Brunell,,Keenan McCardell,,,,,,,Ty Law,,,,
1998,Wild Card,January 3,away,Jacksonville Jaguars,https://www.pro-football-reference.com/boxscores/199901030jax.htm,2,,1,10,NWE 19,0,12,Fred Taylor left tackle for -3 yards (tackle by Henry Thomas),4.310,3.360,run,,,Fred Taylor,,,,,,,,Henry Thomas,,,,
1998,Wild Card,January 3,away,Jacksonville Jaguars,https://www.pro-football-reference.com/boxscores/199901030jax.htm,2,,2,13,NWE 22,0,12,"intended for Jimmy Smith. Penalty on Mark Brunell: Intentional Grounding, 15 yards (accepted)",3.360,0.700,other,,,,,,,,,,,,,,,
1998,Wild Card,January 3,away,Jacksonville Jaguars,https://www.pro-football-reference.com/boxscores/199901030jax.htm,2,,3,28,NWE 37,0,12,Mark Brunell pass incomplete intended for Reggie Barlow,0.700,0.790,pass,,Mark Brunell,,Reggie Barlow,,,,,,,,,,,
1998,Wild Card,January 3,away,Jacksonville Jaguars,https://www.pro-football-reference.com/boxscores/199901030jax.htm,2,,4,28,NWE 37,0,12,"Bryan Barker punts 37 yards, touchback. Penalty on NWE: Defensive 12 on Field, 5 yards (accepted) (no play)",0.790,1.240,no_play,,,,,,,,,,,,,,,
1998,Wild Card,January 3,away,Jacksonville Jaguars,https://www.pro-football-reference.com/boxscores/199901030jax.htm,2,,4,23,NWE 32,0,12,Mark Brunell pass incomplete intended for Reggie Barlow,1.240,-1.070,pass,,Mark Brunell,,Reggie Barlow,,,,,,,,,,,
1998,Wild Card,January 3,away,Jacksonville Jaguars,https://www.pro-football-reference.com/boxscores/199901030jax.htm,2,2:10,1,10,NWE 32,0,12,Scott Zolak pass complete to Derrick Cullors for 4 yards (tackle by Kevin Hardy),1.070,1.070,pass,,Scott Zolak,,Derrick Cullors,,,,,,,Kevin Hardy,,,,
1998,Wild Card,January 3,away,Jacksonville Jaguars,https://www.pro-football-reference.com/boxscores/199901030jax.htm,2,2:00,2,6,NWE 36,0,12,Scott Zolak pass incomplete intended for Troy Brown,1.070,0.370,pass,,Scott Zolak,,Troy Brown,,,,,,,,,,,
1998,Wild Card,January 3,away,Jacksonville Jaguars,https://www.pro-football-reference.com/boxscores/199901030jax.htm,2,1:57,3,6,NWE 36,0,12,"Scott Zolak pass complete to Ben Coates for 14 yards (tackle by Dave Thomas). Penalty on Dave Wohlabaugh: Chop Block, 15 yards (accepted) (no play)",0.370,-1.620,no_play,,,,,,,,,,,Dave Thomas,,,,
1998,Wild Card,January 3,away,Jacksonville Jaguars,https://www.pro-football-reference.com/boxscores/199901030jax.htm,2,1:50,3,21,NWE 21,0,12,Scott Zolak pass incomplete intended for Sedrick Shaw,-1.620,-1.960,pass,,Scott Zolak,,Sedrick Shaw,,,,,,,,,,,
1998,Wild Card,January 3,away,Jacksonville Jaguars,https://www.pro-football-reference.com/boxscores/199901030jax.htm,2,1:46,4,21,NWE 21,0,12,"Tom Tupa punts 58 yards, returned by Reggie Barlow for 12 yards (tackle by Shawn Stuckey)",-1.960,-1.140,punt,,,,,,,Tom Tupa,,Reggie Barlow,,Shawn Stuckey,,,,
1998,Wild Card,January 3,away,Jacksonville Jaguars,https://www.pro-football-reference.com/boxscores/199901030jax.htm,2,1:34,1,10,JAX 33,0,12,"Penalty on John Wade: False Start, 5 yards (accepted)",1.140,0.810,penalty,,,,,,,,,,,,,,,John Wade
1998,Wild Card,January 3,away,Jacksonville Jaguars,https://www.pro-football-reference.com/boxscores/199901030jax.htm,2,1:30,1,15,JAX 28,0,12,Fred Taylor right tackle for 8 yards (tackle by Lawyer Milloy),0.810,1.000,run,,,Fred Taylor,,,,,,,,Lawyer Milloy,,,,
1998,Wild Card,January 3,away,Jacksonville Jaguars,https://www.pro-football-reference.com/boxscores/199901030jax.htm,2,1:10,2,7,JAX 36,0,12,Mark Brunell pass complete to Keenan McCardell for 12 yards (tackle by Willie Clay),1.000,2.130,pass,,Mark Brunell,,Keenan McCardell,,,,,,,Willie Clay,,,,
1998,Wild Card,January 3,away,Jacksonville Jaguars,https://www.pro-football-reference.com/boxscores/199901030jax.htm,2,1:05,1,10,JAX 48,0,12,Mark Brunell pass complete to Jimmy Smith for 3 yards (tackle by Ty Law),2.130,1.990,pass,,Mark Brunell,,Jimmy Smith,,,,,,,Ty Law,,,,
1998,Wild Card,January 3,away,Jacksonville Jaguars,https://www.pro-football-reference.com/boxscores/199901030jax.htm,2,0:40,2,7,NWE 49,0,12,"Mark Brunell for no gain. Mark Brunell fumbles, recovered by Mark Brunell at JAC49 and returned for -2 yards",1.990,1.020,run,,,Mark Brunell,,,,,,,,,,,Mark Brunell,
1998,Wild Card,January 3,away,Jacksonville Jaguars,https://www.pro-football-reference.com/boxscores/199901030jax.htm,2,0:34,3,9,JAX 49,0,12,"Mark Brunell pass incomplete intended for Reggie Barlow. Penalty on Tebucky Jones: Defensive Pass Interference, 15 yards (accepted) (no play)",1.020,3.310,no_play,,,,,,,,,,,,,,,
1998,Wild Card,January 3,away,Jacksonville Jaguars,https://www.pro-football-reference.com/boxscores/199901030jax.htm,2,0:22,1,10,NWE 34,0,12,Mark Brunell sacked by Greg Spires for 4 yards,3.310,2.230,pass,,Mark Brunell,,,,Greg Spires,,,,,,,,,
1998,Wild Card,January 3,away,Jacksonville Jaguars,https://www.pro-football-reference.com/boxscores/199901030jax.htm,2,,2,14,NWE 38,0,12,"Penalty on John Wade: False Start, 5 yards (accepted)",2.230,1.550,penalty,,,,,,,,,,,,,,,John Wade
1998,Wild Card,January 3,away,Jacksonville Jaguars,https://www.pro-football-reference.com/boxscores/199901030jax.htm,2,0:05,2,19,NWE 43,0,12,Mark Brunell sacked by Greg Spires for 9 yards,1.550,-0.300,pass,,Mark Brunell,,,,Greg Spires,,,,,,,,,
1998,Wild Card,January 3,away,Jacksonville Jaguars,https://www.pro-football-reference.com/boxscores/199901030jax.htm,3,15:00,,,NWE 30,0,12,"Adam Vinatieri kicks off 65 yards, returned by Reggie Barlow for 25 yards (tackle by Derrick Cullors)",0.000,-0.940,kickoff,,,,,,,,Adam Vinatieri,Reggie Barlow,,Derrick Cullors,,,,
1998,Wild Card,January 3,away,Jacksonville Jaguars,https://www.pro-football-reference.com/boxscores/199901030jax.htm,3,,1,10,JAX 30,0,12,Fred Taylor left tackle for 2 yards (tackle by Lawyer Milloy),0.940,0.660,run,,,Fred Taylor,,,,,,,,Lawyer Milloy,,,,
1998,Wild Card,January 3,away,Jacksonville Jaguars,https://www.pro-football-reference.com/boxscores/199901030jax.htm,3,,2,8,JAX 32,0,12,"Mark Brunell pass incomplete intended for Keenan McCardell. Penalty on Steve Israel: Illegal Use of Hands, 5 yards (accepted) (no play)",0.660,1.400,no_play,,,,,,,,,,,,,,,
1998,Wild Card,January 3,away,Jacksonville Jaguars,https://www.pro-football-reference.com/boxscores/199901030jax.htm,3,,1,10,JAX 37,0,12,Mark Brunell pass incomplete intended for Damon Jones,1.400,0.860,pass,,Mark Brunell,,Damon Jones,,,,,,,,,,,
1998,Wild Card,January 3,away,Jacksonville Jaguars,https://www.pro-football-reference.com/boxscores/199901030jax.htm,3,,2,10,JAX 37,0,12,Fred Taylor left tackle for no gain (tackle by Chad Eaton),0.860,0.170,run,,,Fred Taylor,,,,,,,,Chad Eaton,,,,
1998,Wild Card,January 3,away,Jacksonville Jaguars,https://www.pro-football-reference.com/boxscores/199901030jax.htm,3,,3,10,JAX 37,0,12,Mark Brunell pass incomplete intended for Jimmy Smith,0.170,-0.910,pass,,Mark Brunell,,Jimmy Smith,,,,,,,,,,,
1998,Wild Card,January 3,away,Jacksonville Jaguars,https://www.pro-football-reference.com/boxscores/199901030jax.htm,3,,4,10,JAX 37,0,12,"Bryan Barker punts 54 yards, returned by Troy Brown for 6 yards (tackle by Will Moore)",-0.910,0.220,punt,,,,,,,Bryan Barker,,Troy Brown,,Will Moore,,,,
1998,Wild Card,January 3,away,Jacksonville Jaguars,https://www.pro-football-reference.com/boxscores/199901030jax.htm,3,13:15,1,10,NWE 15,0,12,Robert Edwards middle for 2 yards (tackle by Eric Curry),-0.220,-0.440,run,,,Robert Edwards,,,,,,,,Eric Curry,,,,
1998,Wild Card,January 3,away,Jacksonville Jaguars,https://www.pro-football-reference.com/boxscores/199901030jax.htm,3,,2,8,NWE 17,0,12,Robert Edwards right end for -1 yards (tackle by Kevin Hardy),-0.440,-1.250,run,,,Robert Edwards,,,,,,,,Kevin Hardy,,,,
1998,Wild Card,January 3,away,Jacksonville Jaguars,https://www.pro-football-reference.com/boxscores/199901030jax.htm,3,,3,9,NWE 16,0,12,Scott Zolak pass complete to Troy Brown for 13 yards (tackle by Aaron Beasley),-1.250,0.870,pass,,Scott Zolak,,Troy Brown,,,,,,,Aaron Beasley,,,,
1998,Wild Card,January 3,away,Jacksonville Jaguars,https://www.pro-football-reference.com/boxscores/199901030jax.htm,3,,1,10,NWE 29,0,12,Scott Zolak pass complete to Tony Simmons for 13 yards (tackle by Dave Thomas),0.870,1.730,pass,,Scott Zolak,,Tony Simmons,,,,,,,Dave Thomas,,,,
1998,Wild Card,January 3,away,Jacksonville Jaguars,https://www.pro-football-reference.com/boxscores/199901030jax.htm,3,,1,10,NWE 42,0,12,Robert Edwards right tackle for 1 yard (tackle by Tony Brackens),1.730,1.320,run,,,Robert Edwards,,,,,,,,Tony Brackens,,,,
1998,Wild Card,January 3,away,Jacksonville Jaguars,https://www.pro-football-reference.com/boxscores/199901030jax.htm,3,,2,9,NWE 43,0,12,Scott Zolak pass incomplete intended for Lovett Purnell,1.320,0.630,pass,,Scott Zolak,,Lovett Purnell,,,,,,,,,,,
1998,Wild Card,January 3,away,Jacksonville Jaguars,https://www.pro-football-reference.com/boxscores/199901030jax.htm,3,,3,9,NWE 43,0,12,Scott Zolak pass complete to Troy Brown for 21 yards (tackle by Aaron Beasley and Chris Hudson),0.630,0.000,pass,,Scott Zolak,,Troy Brown,,,,,,,Aaron Beasley,Chris Hudson,,,
1998,Wild Card,January 3,away,Jacksonville Jaguars,https://www.pro-football-reference.com/boxscores/199901030jax.htm,3,,,,,0,12,Penalty on Tony Brackens: Defensive Offside (declined),0.000,3.180,penalty,,,,,,,,,,,,,,,Tony Brackens
1998,Wild Card,January 3,away,Jacksonville Jaguars,https://www.pro-football-reference.com/boxscores/199901030jax.htm,3,,1,10,JAX 36,0,12,Scott Zolak pass complete to Lovett Purnell for 9 yards (tackle by Dave Thomas),3.180,3.850,pass,,Scott Zolak,,Lovett Purnell,,,,,,,Dave Thomas,,,,
1998,Wild Card,January 3,away,Jacksonville Jaguars,https://www.pro-football-reference.com/boxscores/199901030jax.htm,3,,2,1,JAX 27,0,12,Scott Zolak pass complete to Shawn Jefferson for 3 yards (tackle by Aaron Beasley),3.850,3.970,pass,,Scott Zolak,,Shawn Jefferson,,,,,,,Aaron Beasley,,,,
1998,Wild Card,January 3,away,Jacksonville Jaguars,https://www.pro-football-reference.com/boxscores/199901030jax.htm,3,,1,10,JAX 24,0,12,Robert Edwards left guard for 7 yards (tackle by Bryan Schwartz),3.970,4.460,run,,,Robert Edwards,,,,,,,,Bryan Schwartz,,,,
1998,Wild Card,January 3,away,Jacksonville Jaguars,https://www.pro-football-reference.com/boxscores/199901030jax.htm,3,,2,3,JAX 17,0,12,Robert Edwards middle for 3 yards (tackle by Kelvin Pritchett),4.460,4.650,run,,,Robert Edwards,,,,,,,,Kelvin Pritchett,,,,
1998,Wild Card,January 3,away,Jacksonville Jaguars,https://www.pro-football-reference.com/boxscores/199901030jax.htm,3,,1,10,JAX 14,0,12,Scott Zolak pass incomplete intended for Ben Coates,4.650,4.000,pass,,Scott Zolak,,Ben Coates,,,,,,,,,,,
1998,Wild Card,January 3,away,Jacksonville Jaguars,https://www.pro-football-reference.com/boxscores/199901030jax.htm,3,7:13,2,10,JAX 14,0,12,Scott Zolak pass complete to Troy Brown for 5 yards (tackle by Bryan Schwartz),4.000,4.050,pass,,Scott Zolak,,Troy Brown,,,,,,,Bryan Schwartz,,,,
1998,Wild Card,January 3,away,Jacksonville Jaguars,https://www.pro-football-reference.com/boxscores/199901030jax.htm,3,,3,5,JAX 9,0,12,Scott Zolak pass complete to Ben Coates for 8 yards (tackle by Chris Hudson and Bryce Paup),4.050,6.970,pass,,Scott Zolak,,Ben Coates,,,,,,,Chris Hudson,Bryce Paup,,,
1998,Wild Card,January 3,away,Jacksonville Jaguars,https://www.pro-football-reference.com/boxscores/199901030jax.htm,3,5:48,1,1,JAX 1,0,12,Robert Edwards middle for no gain (tackle by Kevin Hardy and Bryan Schwartz),6.970,5.910,run,,,Robert Edwards,,,,,,,,Kevin Hardy,Bryan Schwartz,,,
1998,Wild Card,January 3,away,Jacksonville Jaguars,https://www.pro-football-reference.com/boxscores/199901030jax.htm,3,,2,1,JAX 1,0,12,Scott Zolak pass complete to Tony Carter for no gain (tackle by Tom McManus),5.910,5.170,pass,,Scott Zolak,,Tony Carter,,,,,,,Tom McManus,,,,
1998,Wild Card,January 3,away,Jacksonville Jaguars,https://www.pro-football-reference.com/boxscores/199901030jax.htm,3,,3,1,JAX 1,6,12,"Robert Edwards left tackle for 1 yard, touchdown",5.170,7.000,run,,,Robert Edwards,,,,,,,,,,,,
1998,Wild Card,January 3,away,Jacksonville Jaguars,https://www.pro-football-reference.com/boxscores/199901030jax.htm,3,4:27,,,,7,12,Adam Vinatieri kicks extra point good,0.000,0.000,extra_point,,,,,,,,Adam Vinatieri,,,,,,,
1998,Wild Card,January 3,away,Jacksonville Jaguars,https://www.pro-football-reference.com/boxscores/199901030jax.htm,3,,,,NWE 30,7,12,"Adam Vinatieri kicks off 69 yards, returned by Reggie Barlow for 23 yards (tackle by Chris Floyd)",0.000,-0.540,kickoff,,,,,,,,Adam Vinatieri,Reggie Barlow,,Chris Floyd,,,,
1998,Wild Card,January 3,away,Jacksonville Jaguars,https://www.pro-football-reference.com/boxscores/199901030jax.htm,3,,1,10,JAX 24,7,12,Mark Brunell pass incomplete intended for Damon Jones,0.540,0.000,pass,,Mark Brunell,,Damon Jones,,,,,,,,,,,
1998,Wild Card,January 3,away,Jacksonville Jaguars,https://www.pro-football-reference.com/boxscores/199901030jax.htm,3,,2,10,JAX 24,7,12,Fred Taylor left tackle for 1 yard (tackle by Chris Slade),0.000,-0.560,run,,,Fred Taylor,,,,,,,,Chris Slade,,,,
1998,Wild Card,January 3,away,Jacksonville Jaguars,https://www.pro-football-reference.com/boxscores/199901030jax.htm,3,,3,9,JAX 25,7,12,Mark Brunell pass complete to Jimmy Smith for 5 yards (tackle by Ty Law and Chris Slade),-0.560,-1.370,pass,,Mark Brunell,,Jimmy Smith,,,,,,,Ty Law,Chris Slade,,,
1998,Wild Card,January 3,away,Jacksonville Jaguars,https://www.pro-football-reference.com/boxscores/199901030jax.htm,3,,4,4,JAX 30,7,12,"Bryan Barker punts 41 yards, returned by Troy Brown for 17 yards (tackle by Kevin Devine)",-1.370,-1.990,punt,,,,,,,Bryan Barker,,Troy Brown,,Kevin Devine,,,,
1998,Wild Card,January 3,away,Jacksonville Jaguars,https://www.pro-football-reference.com/boxscores/199901030jax.htm,3,2:51,1,10,NWE 46,7,12,Scott Zolak pass complete to Tony Simmons for 13 yards (tackle by Bryce Paup),1.990,2.850,pass,,Scott Zolak,,Tony Simmons,,,,,,,Bryce Paup,,,,
1998,Wild Card,January 3,away,Jacksonville Jaguars,https://www.pro-football-reference.com/boxscores/199901030jax.htm,3,,1,10,JAX 41,7,12,Robert Edwards middle for -3 yards (tackle by Eric Curry),2.850,1.900,run,,,Robert Edwards,,,,,,,,Eric Curry,,,,
1998,Wild Card,January 3,away,Jacksonville Jaguars,https://www.pro-football-reference.com/boxscores/199901030jax.htm,3,,2,13,JAX 44,7,12,Scott Zolak pass complete to Tony Simmons for 16 yards (tackle by Bryce Paup),1.900,3.710,pass,,Scott Zolak,,Tony Simmons,,,,,,,Bryce Paup,,,,
1998,Wild Card,January 3,away,Jacksonville Jaguars,https://www.pro-football-reference.com/boxscores/199901030jax.htm,3,,1,10,JAX 28,7,12,Scott Zolak pass complete to Robert Edwards for 15 yards (tackle by Donovin Darius),3.710,4.710,pass,,Scott Zolak,,Robert Edwards,,,,,,,Donovin Darius,,,,
1998,Wild Card,January 3,away,Jacksonville Jaguars,https://www.pro-football-reference.com/boxscores/199901030jax.htm,3,,1,10,JAX 13,7,12,Sedrick Shaw middle for 4 yards (tackle by Bryan Schwartz),4.710,4.770,run,,,Sedrick Shaw,,,,,,,,Bryan Schwartz,,,,
1998,Wild Card,January 3,away,Jacksonville Jaguars,https://www.pro-football-reference.com/boxscores/199901030jax.htm,4,15:00,2,6,JAX 9,7,12,Scott Zolak pass incomplete intended for Shawn Jefferson,4.770,3.880,pass,,Scott Zolak,,Shawn Jefferson,,,,,,,,,,,
1998,Wild Card,January 3,away,Jacksonville Jaguars,https://www.pro-football-reference.com/boxscores/199901030jax.htm,4,,3,6,JAX 9,7,12,Scott Zolak pass incomplete intended for Lovett Purnell,3.880,2.850,pass,,Scott Zolak,,Lovett Purnell,,,,,,,,,,,
1998,Wild Card,January 3,away,Jacksonville Jaguars,https://www.pro-football-reference.com/boxscores/199901030jax.htm,4,,4,6,JAX 9,10,12,Adam Vinatieri 27 yard field goal good,2.850,3.000,field_goal,,,,,,,,Adam Vinatieri,,,,,,,
1998,Wild Card,January 3,away,Jacksonville Jaguars,https://www.pro-football-reference.com/boxscores/199901030jax.htm,4,14:48,,,NWE 30,10,12,"Adam Vinatieri kicks off 58 yards, returned by Reggie Barlow for 18 yards (tackle by Chris Carter)",0.000,-0.940,kickoff,,,,,,,,Adam Vinatieri,Reggie Barlow,,Chris Carter,,,,
1998,Wild Card,January 3,away,Jacksonville Jaguars,https://www.pro-football-reference.com/boxscores/199901030jax.htm,4,,1,10,JAX 30,10,12,Mark Brunell pass incomplete intended for Jimmy Smith,0.940,0.390,pass,,Mark Brunell,,Jimmy Smith,,,,,,,,,,,
1998,Wild Card,January 3,away,Jacksonville Jaguars,https://www.pro-football-reference.com/boxscores/199901030jax.htm,4,,2,10,JAX 30,10,12,Mark Brunell pass incomplete intended for Keenan McCardell,0.390,-0.300,pass,,Mark Brunell,,Keenan McCardell,,,,,,,,,,,
1998,Wild Card,January 3,away,Jacksonville Jaguars,https://www.pro-football-reference.com/boxscores/199901030jax.htm,4,,3,10,JAX 30,10,12,Mark Brunell pass complete to Pete Mitchell for 22 yards (tackle by Lawyer Milloy),-0.300,2.390,pass,,Mark Brunell,,Pete Mitchell,,,,,,,Lawyer Milloy,,,,
1998,Wild Card,January 3,away,Jacksonville Jaguars,https://www.pro-football-reference.com/boxscores/199901030jax.htm,4,,1,10,NWE 48,10,12,Fred Taylor right tackle for 3 yards (tackle by Tedy Bruschi),2.390,2.250,run,,,Fred Taylor,,,,,,,,Tedy Bruschi,,,,
1998,Wild Card,January 3,away,Jacksonville Jaguars,https://www.pro-football-reference.com/boxscores/199901030jax.htm,4,,2,7,NWE 45,10,12,Fred Taylor left tackle for 8 yards (tackle by Lawyer Milloy),2.250,3.120,run,,,Fred Taylor,,,,,,,,Lawyer Milloy,,,,
1998,Wild Card,January 3,away,Jacksonville Jaguars,https://www.pro-football-reference.com/boxscores/199901030jax.htm,4,,1,10,NWE 37,10,18,"Mark Brunell pass complete to Jimmy Smith for 37 yards, touchdown",3.120,7.000,pass,,Mark Brunell,,Jimmy Smith,,,,,,,,,,,
1998,Wild Card,January 3,away,Jacksonville Jaguars,https://www.pro-football-reference.com/boxscores/199901030jax.htm,4,12:24,,,,10,19,Mike Hollis kicks extra point good,0.000,0.000,extra_point,,,,,,,,Mike Hollis,,,,,,,
1998,Wild Card,January 3,away,Jacksonville Jaguars,https://www.pro-football-reference.com/boxscores/199901030jax.htm,4,,,,JAX 30,10,19,"Mike Hollis kicks off 60 yards, returned by Derrick Cullors for 12 yards (tackle by Deon Figures)",0.000,-0.410,kickoff,,,,,,,,Mike Hollis,Derrick Cullors,,Deon Figures,,,,
1998,Wild Card,January 3,away,Jacksonville Jaguars,https://www.pro-football-reference.com/boxscores/199901030jax.htm,4,,1,10,NWE 22,10,19,Scott Zolak pass complete to Tony Carter for 3 yards (tackle by Bryce Paup),0.410,0.270,pass,,Scott Zolak,,Tony Carter,,,,,,,Bryce Paup,,,,
1998,Wild Card,January 3,away,Jacksonville Jaguars,https://www.pro-football-reference.com/boxscores/199901030jax.htm,4,,2,7,NWE 25,10,19,Scott Zolak pass complete to Shawn Jefferson for 8 yards (tackle by Aaron Beasley),0.270,1.140,pass,,Scott Zolak,,Shawn Jefferson,,,,,,,Aaron Beasley,,,,
1998,Wild Card,January 3,away,Jacksonville Jaguars,https://www.pro-football-reference.com/boxscores/199901030jax.htm,4,,1,10,NWE 33,10,19,Robert Edwards middle for 3 yards (tackle by Bryce Paup),1.140,1.000,run,,,Robert Edwards,,,,,,,,Bryce Paup,,,,
1998,Wild Card,January 3,away,Jacksonville Jaguars,https://www.pro-football-reference.com/boxscores/199901030jax.htm,4,,2,7,NWE 36,10,19,Scott Zolak pass incomplete,1.000,0.300,pass,,Scott Zolak,,,,,,,,,,,,,
1998,Wild Card,January 3,away,Jacksonville Jaguars,https://www.pro-football-reference.com/boxscores/199901030jax.htm,4,,3,7,NWE 36,10,19,Scott Zolak pass incomplete intended for Tony Simmons,0.300,-0.980,pass,,Scott Zolak,,Tony Simmons,,,,,,,,,,,
1998,Wild Card,January 3,away,Jacksonville Jaguars,https://www.pro-football-reference.com/boxscores/199901030jax.htm,4,,4,7,NWE 36,10,19,"Tom Tupa punts 44 yards, returned by Reggie Barlow for 13 yards (tackle by Chris Carter)",-0.980,-1.140,punt,,,,,,,Tom Tupa,,Reggie Barlow,,Chris Carter,,,,
1998,Wild Card,January 3,away,Jacksonville Jaguars,https://www.pro-football-reference.com/boxscores/199901030jax.htm,4,10:15,1,10,JAX 33,10,19,Fred Taylor right tackle for no gain (tackle by Henry Thomas),1.140,0.590,run,,,Fred Taylor,,,,,,,,Henry Thomas,,,,
1998,Wild Card,January 3,away,Jacksonville Jaguars,https://www.pro-football-reference.com/boxscores/199901030jax.htm,4,,2,10,JAX 33,10,19,Fred Taylor middle for 7 yards (tackle by Willie McGinest),0.590,0.830,run,,,Fred Taylor,,,,,,,,Willie McGinest,,,,
1998,Wild Card,January 3,away,Jacksonville Jaguars,https://www.pro-football-reference.com/boxscores/199901030jax.htm,4,,3,3,JAX 40,10,19,Mark Brunell pass incomplete intended for Keenan McCardell,0.830,-0.720,pass,,Mark Brunell,,Keenan McCardell,,,,,,,,,,,
1998,Wild Card,January 3,away,Jacksonville Jaguars,https://www.pro-football-reference.com/boxscores/199901030jax.htm,4,,4,3,JAX 40,10,19,"Bryan Barker punts 60 yards, touchback.",-0.720,-0.280,punt,,,,,,,Bryan Barker,,,,,,,,
1998,Wild Card,January 3,away,Jacksonville Jaguars,https://www.pro-football-reference.com/boxscores/199901030jax.htm,4,8:49,1,10,NWE 20,10,19,Robert Edwards middle for 3 yards (tackle by Kevin Hardy),0.280,0.140,run,,,Robert Edwards,,,,,,,,Kevin Hardy,,,,
1998,Wild Card,January 3,away,Jacksonville Jaguars,https://www.pro-football-reference.com/boxscores/199901030jax.htm,4,,2,7,NWE 23,10,19,Scott Zolak pass complete to Shawn Jefferson for 10 yards (tackle by Dave Thomas),0.140,1.140,pass,,Scott Zolak,,Shawn Jefferson,,,,,,,Dave Thomas,,,,
1998,Wild Card,January 3,away,Jacksonville Jaguars,https://www.pro-football-reference.com/boxscores/199901030jax.htm,4,,1,10,NWE 33,10,19,"Scott Zolak sacked by Joel Smeenge for 8 yards. Scott Zolak fumbles (forced by Joel Smeenge), recovered by Tony Brackens at NE25",1.140,-3.910,pass,,Scott Zolak,,,,Joel Smeenge,,,,,,,Joel Smeenge,Tony Brackens,
1998,Wild Card,January 3,away,Jacksonville Jaguars,https://www.pro-football-reference.com/boxscores/199901030jax.htm,4,7:22,1,10,NWE 25,10,19,Fred Taylor right tackle for 5 yards (tackle by Tedy Bruschi),3.910,4.040,run,,,Fred Taylor,,,,,,,,Tedy Bruschi,,,,
1998,Wild Card,January 3,away,Jacksonville Jaguars,https://www.pro-football-reference.com/boxscores/199901030jax.htm,4,,2,5,NWE 20,10,19,Mark Brunell pass incomplete intended for Keenan McCardell,4.040,3.340,pass,,Mark Brunell,,Keenan McCardell,,,,,,,,,,,
1998,Wild Card,January 3,away,Jacksonville Jaguars,https://www.pro-football-reference.com/boxscores/199901030jax.htm,4,,3,5,NWE 20,10,19,Fred Taylor left tackle for 4 yards (tackle by Willie McGinest),3.340,2.530,run,,,Fred Taylor,,,,,,,,Willie McGinest,,,,
1998,Wild Card,January 3,away,Jacksonville Jaguars,https://www.pro-football-reference.com/boxscores/199901030jax.htm,4,,4,1,NWE 16,10,22,Mike Hollis 34 yard field goal good,2.530,3.000,field_goal,,,,,,,,Mike Hollis,,,,,,,
1998,Wild Card,January 3,away,Jacksonville Jaguars,https://www.pro-football-reference.com/boxscores/199901030jax.htm,4,5:52,,,JAX 30,10,22,"Mike Hollis kicks off 69 yards, returned by Derrick Cullors for 21 yards (tackle by Zack Crockett)",0.000,-0.410,kickoff,,,,,,,,Mike Hollis,Derrick Cullors,,Zack Crockett,,,,
1998,Wild Card,January 3,away,Jacksonville Jaguars,https://www.pro-football-reference.com/boxscores/199901030jax.htm,4,,1,10,NWE 22,10,22,Scott Zolak pass complete to Robert Edwards for 1 yard (tackle by Travis Davis),0.410,0.000,pass,,Scott Zolak,,Robert Edwards,,,,,,,Travis Davis,,,,
1998,Wild Card,January 3,away,Jacksonville Jaguars,https://www.pro-football-reference.com/boxscores/199901030jax.htm,4,,2,9,NWE 23,10,22,Scott Zolak pass incomplete intended for Shawn Jefferson,0.000,-0.690,pass,,Scott Zolak,,Shawn Jefferson,,,,,,,,,,,
1998,Wild Card,January 3,away,Jacksonville Jaguars,https://www.pro-football-reference.com/boxscores/199901030jax.htm,4,,3,9,NWE 23,10,22,Scott Zolak pass complete to Derrick Cullors for 13 yards (tackle by Kevin Hardy),-0.690,1.330,pass,,Scott Zolak,,Derrick Cullors,,,,,,,Kevin Hardy,,,,
1998,Wild Card,January 3,away,Jacksonville Jaguars,https://www.pro-football-reference.com/boxscores/199901030jax.htm,4,,1,10,NWE 36,10,22,Scott Zolak pass incomplete intended for Troy Brown,1.330,0.790,pass,,Scott Zolak,,Troy Brown,,,,,,,,,,,
1998,Wild Card,January 3,away,Jacksonville Jaguars,https://www.pro-football-reference.com/boxscores/199901030jax.htm,4,,2,10,NWE 36,10,22,Scott Zolak pass incomplete intended for Tony Simmons,0.790,0.100,pass,,Scott Zolak,,Tony Simmons,,,,,,,,,,,
1998,Wild Card,January 3,away,Jacksonville Jaguars,https://www.pro-football-reference.com/boxscores/199901030jax.htm,4,,3,10,NWE 36,10,22,Scott Zolak pass incomplete intended for Derrick Cullors,0.100,-0.980,pass,,Scott Zolak,,Derrick Cullors,,,,,,,,,,,
1998,Wild Card,January 3,away,Jacksonville Jaguars,https://www.pro-football-reference.com/boxscores/199901030jax.htm,4,,4,10,NWE 36,10,22,"Scott Zolak pass incomplete. Penalty on Todd Rucci: False Start, 5 yards (accepted) (no play)",-0.980,-1.310,no_play,,,,,,,,,,,,,,,
1998,Wild Card,January 3,away,Jacksonville Jaguars,https://www.pro-football-reference.com/boxscores/199901030jax.htm,4,,4,15,NWE 31,10,22,Scott Zolak sacked by Tony Brackens for 11 yards,-1.310,-4.240,pass,,Scott Zolak,,,,Tony Brackens,,,,,,,,,
1998,Wild Card,January 3,away,Jacksonville Jaguars,https://www.pro-football-reference.com/boxscores/199901030jax.htm,4,4:23,1,10,NWE 20,10,22,Fred Taylor left guard for 1 yard (tackle by Chad Eaton),4.240,3.820,run,,,Fred Taylor,,,,,,,,Chad Eaton,,,,
1998,Wild Card,January 3,away,Jacksonville Jaguars,https://www.pro-football-reference.com/boxscores/199901030jax.htm,4,,2,9,NWE 19,10,22,Fred Taylor left tackle for -2 yards (tackle by Willie Clay),3.820,2.870,run,,,Fred Taylor,,,,,,,,Willie Clay,,,,
1998,Wild Card,January 3,away,Jacksonville Jaguars,https://www.pro-football-reference.com/boxscores/199901030jax.htm,4,,3,11,NWE 21,10,22,Fred Taylor middle for 11 yards (tackle by Willie Clay),2.870,4.910,run,,,Fred Taylor,,,,,,,,Willie Clay,,,,
1998,Wild Card,January 3,away,Jacksonville Jaguars,https://www.pro-football-reference.com/boxscores/199901030jax.htm,4,,1,10,NWE 10,10,22,Fred Taylor right tackle for -1 yards (tackle by Ferric Collons),4.910,4.020,run,,,Fred Taylor,,,,,,,,Ferric Collons,,,,
1998,Wild Card,January 3,away,Jacksonville Jaguars,https://www.pro-football-reference.com/boxscores/199901030jax.htm,4,2:00,2,11,NWE 11,10,22,Fred Taylor left end for 6 yards (tackle by Tedy Bruschi),4.020,4.260,run,,,Fred Taylor,,,,,,,,Tedy Bruschi,,,,
1998,Wild Card,January 3,away,Jacksonville Jaguars,https://www.pro-football-reference.com/boxscores/199901030jax.htm,4,1:54,3,5,NWE 5,10,22,Fred Taylor middle for 2 yards (tackle by Marty Moore),4.260,3.040,run,,,Fred Taylor,,,,,,,,Marty Moore,,,,
1998,Wild Card,January 3,away,Jacksonville Jaguars,https://www.pro-football-reference.com/boxscores/199901030jax.htm,4,1:47,4,3,NWE 3,10,25,Mike Hollis 21 yard field goal good,3.040,3.000,field_goal,,,,,,,,Mike Hollis,,,,,,,
1998,Wild Card,January 3,away,Jacksonville Jaguars,https://www.pro-football-reference.com/boxscores/199901030jax.htm,4,1:44,,,JAX 30,10,25,"Mike Hollis kicks off 58 yards, returned by Derrick Cullors for 13 yards (tackle by Chris Howard)",0.000,-0.610,kickoff,,,,,,,,Mike Hollis,Derrick Cullors,,Chris Howard,,,,
1998,Wild Card,January 3,away,Jacksonville Jaguars,https://www.pro-football-reference.com/boxscores/199901030jax.htm,4,1:37,1,10,NWE 25,10,25,Scott Zolak pass incomplete intended for Lovett Purnell,0.610,0.060,pass,,Scott Zolak,,Lovett Purnell,,,,,,,,,,,
1998,Wild Card,January 3,away,Jacksonville Jaguars,https://www.pro-football-reference.com/boxscores/199901030jax.htm,4,1:31,2,10,NWE 25,10,25,Scott Zolak pass intended for Shawn Jefferson is intercepted by Chris Hudson at JAC48 and returned for 17 yards,0.060,0.000,pass,,Scott Zolak,,Shawn Jefferson,Chris Hudson,,,,,,,,,,
1998,Wild Card,January 3,away,Jacksonville Jaguars,https://www.pro-football-reference.com/boxscores/199901030jax.htm,4,,,,NWE 35,10,25,"Penalty on Fernando Smith: Offensive Holding, 10 yards (accepted)",0.000,-2.590,penalty,,,,,,,,,,,,,,,Fernando Smith
1998,Wild Card,January 3,away,Jacksonville Jaguars,https://www.pro-football-reference.com/boxscores/199901030jax.htm,4,1:19,1,10,NWE 45,10,25,Mark Brunell kneels for -1 yards,2.590,1.910,run,,,Mark Brunell,,,,,,,,,,,,
1998,Wild Card,January 3,away,Jacksonville Jaguars,https://www.pro-football-reference.com/boxscores/199901030jax.htm,4,0:30,2,11,NWE 46,10,25,Mark Brunell kneels for -1 yards,1.910,1.090,run,,,Mark Brunell,,,,,,,,,,,,
