season,week,game_date,game_site,opponent,boxscore_url,quarter,time,down,yds_to_go,location,patriots_score,opponent_score,detail,epb,epa
2022,1,September 11,away,Miami Dolphins,https://www.pro-football-reference.com/boxscores/202209110mia.htm,1,15:00,,,MIA 35,0,0,"7-J.Sanders kicks 65 yards from MIA 35 to end zone, Touchback.",0.770,0.000
2022,1,September 11,away,Miami Dolphins,https://www.pro-football-reference.com/boxscores/202209110mia.htm,1,15:00,1,10,NE 25,0,0,(15:00) (Shotgun) 10-M.Jones pass short right to 16-J.Meyers pushed ob at NE 34 for 9 yards (40-N.Needham).,0.770,0.869
2022,1,September 11,away,Miami Dolphins,https://www.pro-football-reference.com/boxscores/202209110mia.htm,1,14:27,2,1,NE 34,0,0,"(14:27) 37-D.Harris left guard to NE 46 for 12 yards (40-N.Needham, 29-Br.Jones).",1.639,0.646
2022,1,September 11,away,Miami Dolphins,https://www.pro-football-reference.com/boxscores/202209110mia.htm,1,13:46,1,10,NE 46,0,0,(13:46) 37-D.Harris left tackle to NE 49 for 3 yards (52-E.Roberts).,2.284,-0.263
2022,1,September 11,away,Miami Dolphins,https://www.pro-football-reference.com/boxscores/202209110mia.htm,1,13:01,2,7,NE 49,0,0,(13:01) (Shotgun) 10-M.Jones pass short middle to 37-D.Harris to MIA 43 for 8 yards (29-Br.Jones; 45-D.Riley).,2.021,0.889
2022,1,September 11,away,Miami Dolphins,https://www.pro-football-reference.com/boxscores/202209110mia.htm,1,12:20,1,10,MIA 43,0,0,(12:20) 38-R.Stevenson right end pushed ob at MIA 35 for 8 yards (8-J.Holland).,2.910,0.594
2022,1,September 11,away,Miami Dolphins,https://www.pro-football-reference.com/boxscores/202209110mia.htm,1,11:33,2,2,MIA 35,0,0,"(11:33) 38-R.Stevenson up the middle to MIA 33 for 2 yards (94-C.Wilkins, 77-J.Jenkins).",3.503,0.157
2022,1,September 11,away,Miami Dolphins,https://www.pro-football-reference.com/boxscores/202209110mia.htm,1,10:48,1,10,MIA 33,0,0,(10:48) (Shotgun) 10-M.Jones pass short left to 85-H.Henry pushed ob at MIA 22 for 11 yards (25-X.Howard).,3.661,0.813
2022,1,September 11,away,Miami Dolphins,https://www.pro-football-reference.com/boxscores/202209110mia.htm,1,10:05,1,10,MIA 22,0,0,(10:05) (Shotgun) 10-M.Jones pass deep right intended for 1-D.Parker INTERCEPTED by 8-J.Holland (25-X.Howard) at MIA -3. 8-J.Holland to MIA 28 for 31 yards (76-I.Wynn).,4.473,-6.003
2022,1,September 11,away,Miami Dolphins,https://www.pro-football-reference.com/boxscores/202209110mia.htm,1,09:52,1,10,MIA 28,0,0,(9:52) (Shotgun) 1-T.Tagovailoa pass incomplete short right to 10-T.Hill.,1.530,-0.566
2022,1,September 11,away,Miami Dolphins,https://www.pro-football-reference.com/boxscores/202209110mia.htm,1,09:47,2,10,MIA 28,0,0,(9:47) (Shotgun) 1-T.Tagovailoa pass short left to 30-A.Ingold to MIA 36 for 8 yards (2-J.Mills).,0.964,0.529
2022,1,September 11,away,Miami Dolphins,https://www.pro-football-reference.com/boxscores/202209110mia.htm,1,09:05,3,2,MIA 36,0,0,"(9:05) (Shotgun) 1-T.Tagovailoa pass short left to 10-T.Hill to MIA 41 for 5 yards (31-Jo.Jones, 50-R.McMillan).",1.493,0.947
2022,1,September 11,away,Miami Dolphins,https://www.pro-football-reference.com/boxscores/202209110mia.htm,1,08:23,1,10,MIA 41,0,0,(8:23) (Shotgun) 2-C.Edmonds right tackle to MIA 43 for 2 yards (9-M.Judon; 21-A.Phillips).,2.440,-0.372
2022,1,September 11,away,Miami Dolphins,https://www.pro-football-reference.com/boxscores/202209110mia.htm,1,07:38,2,8,MIA 43,0,0,(7:38) 2-C.Edmonds right end to 50 for 7 yards (2-J.Mills).,2.068,0.595
2022,1,September 11,away,Miami Dolphins,https://www.pro-football-reference.com/boxscores/202209110mia.htm,1,06:54,3,1,MID 50,0,0,(6:54) 1-T.Tagovailoa pass incomplete deep right to 30-A.Ingold.,2.662,-1.431
2022,1,September 11,away,Miami Dolphins,https://www.pro-football-reference.com/boxscores/202209110mia.htm,1,06:48,,,MID 50,0,0,Timeout #1 by NE at 06:48.,1.231,0.000
2022,1,September 11,away,Miami Dolphins,https://www.pro-football-reference.com/boxscores/202209110mia.htm,1,06:48,4,1,MID 50,0,0,"(6:48) (Run formation) PENALTY on NE-98-Ca.Davis, Neutral Zone Infraction, 5 yards, enforced at 50 - No Play.",1.231,2.251
2022,1,September 11,away,Miami Dolphins,https://www.pro-football-reference.com/boxscores/202209110mia.htm,1,06:48,1,10,NE 45,0,0,"(6:48) 1-T.Tagovailoa pass deep left to 10-T.Hill to NE 22 for 23 yards (31-Jo.Jones). FUMBLES (31-Jo.Jones), ball out of bounds at NE 22.",3.482,1.352
2022,1,September 11,away,Miami Dolphins,https://www.pro-football-reference.com/boxscores/202209110mia.htm,1,06:20,1,10,NE 22,0,0,"(6:20) (No Huddle, Shotgun) 2-C.Edmonds up the middle to NE 17 for 5 yards (23-K.Dugger; 8-J.Bentley).",4.834,0.073
2022,1,September 11,away,Miami Dolphins,https://www.pro-football-reference.com/boxscores/202209110mia.htm,1,05:40,2,5,NE 17,0,0,(5:40) 31-R.Mostert right tackle to NE 18 for -1 yards (21-A.Phillips).,4.907,-0.935
2022,1,September 11,away,Miami Dolphins,https://www.pro-football-reference.com/boxscores/202209110mia.htm,1,04:59,3,6,NE 18,0,0,"(4:59) (Shotgun) 1-T.Tagovailoa sacked at NE 26 for -8 yards (91-D.Wise). FUMBLES (91-D.Wise) [90-C.Barmore], recovered by MIA-58-C.Williams at NE 25.",3.971,-2.017
2022,1,September 11,away,Miami Dolphins,https://www.pro-football-reference.com/boxscores/202209110mia.htm,1,04:10,4,13,NE 25,0,3,"(4:10) 7-J.Sanders 43 yard field goal is GOOD, Center-44-B.Ferguson, Holder-4-T.Morstead.",1.954,1.046
2022,1,September 11,away,Miami Dolphins,https://www.pro-football-reference.com/boxscores/202209110mia.htm,1,04:05,,,MIA 35,0,3,"7-J.Sanders kicks 65 yards from MIA 35 to end zone, Touchback.",0.470,0.000
2022,1,September 11,away,Miami Dolphins,https://www.pro-football-reference.com/boxscores/202209110mia.htm,1,04:05,1,10,NE 25,0,3,(4:05) 38-R.Stevenson right guard to NE 32 for 7 yards (15-J.Phillips; 52-E.Roberts).,0.470,0.417
2022,1,September 11,away,Miami Dolphins,https://www.pro-football-reference.com/boxscores/202209110mia.htm,1,03:29,2,3,NE 32,0,3,(3:29) 38-R.Stevenson left end ran ob at NE 44 for 12 yards (8-J.Holland).,0.886,0.853
2022,1,September 11,away,Miami Dolphins,https://www.pro-football-reference.com/boxscores/202209110mia.htm,1,03:07,1,10,NE 44,0,3,(3:07) (Shotgun) 10-M.Jones pass short left to 38-R.Stevenson to NE 41 for -3 yards (6-M.Ingram).,1.740,-1.056
2022,1,September 11,away,Miami Dolphins,https://www.pro-football-reference.com/boxscores/202209110mia.htm,1,02:31,2,13,NE 41,0,3,(2:31) (Shotgun) 10-M.Jones pass short left to 14-T.Montgomery to NE 48 for 7 yards (55-J.Baker).,0.684,0.135
2022,1,September 11,away,Miami Dolphins,https://www.pro-football-reference.com/boxscores/202209110mia.htm,1,01:48,3,6,NE 48,0,3,"(1:48) (Shotgun) PENALTY on NE-85-H.Henry, False Start, 5 yards, enforced at NE 48 - No Play.",0.819,-0.735
2022,1,September 11,away,Miami Dolphins,https://www.pro-football-reference.com/boxscores/202209110mia.htm,1,01:27,3,11,NE 43,0,3,(1:27) (Shotgun) 10-M.Jones pass short right to 15-N.Agholor pushed ob at MIA 40 for 17 yards (29-Br.Jones).,0.084,2.882
2022,1,September 11,away,Miami Dolphins,https://www.pro-football-reference.com/boxscores/202209110mia.htm,1,00:50,1,10,MIA 40,0,3,(:50) (Shotgun) 10-M.Jones sacked at MIA 47 for -7 yards (91-E.Ogbah).,2.966,-1.472
2022,1,September 11,away,Miami Dolphins,https://www.pro-football-reference.com/boxscores/202209110mia.htm,1,00:06,2,17,MIA 47,0,3,(:06) 14-T.Montgomery up the middle to MIA 49 for -2 yards (94-C.Wilkins).,1.494,-1.132
2022,1,September 11,away,Miami Dolphins,https://www.pro-football-reference.com/boxscores/202209110mia.htm,2,15:00,3,19,MIA 49,0,3,"(15:00) (Shotgun) 10-M.Jones pass short left to 85-H.Henry to MIA 40 for 9 yards (28-K.Kohou, 22-E.Campbell).",0.361,-0.668
2022,1,September 11,away,Miami Dolphins,https://www.pro-football-reference.com/boxscores/202209110mia.htm,2,14:15,4,10,MIA 40,0,3,"(14:15) 7-J.Bailey punts 34 yards to MIA 6, Center-49-J.Cardona, fair catch by 8-J.Holland.",-0.306,-0.056
2022,1,September 11,away,Miami Dolphins,https://www.pro-football-reference.com/boxscores/202209110mia.htm,2,14:07,1,10,MIA 6,0,3,(14:07) (Shotgun) 1-T.Tagovailoa pass short left to 10-T.Hill to MIA 11 for 5 yards (23-K.Dugger).,0.362,-0.144
2022,1,September 11,away,Miami Dolphins,https://www.pro-football-reference.com/boxscores/202209110mia.htm,2,13:32,2,5,MIA 11,0,3,(13:32) 1-T.Tagovailoa pass short right to 10-T.Hill to MIA 15 for 4 yards (31-Jo.Jones).,0.218,0.162
2022,1,September 11,away,Miami Dolphins,https://www.pro-football-reference.com/boxscores/202209110mia.htm,2,12:49,3,1,MIA 15,0,3,(12:49) 30-A.Ingold right guard to MIA 17 for 2 yards (9-M.Judon).,0.380,0.532
2022,1,September 11,away,Miami Dolphins,https://www.pro-football-reference.com/boxscores/202209110mia.htm,2,12:08,1,10,MIA 17,0,3,(12:08) (Shotgun) 31-R.Mostert left guard to MIA 20 for 3 yards (92-D.Godchaux). MIA-73-A.Jackson was injured during the play.,0.912,-0.310
2022,1,September 11,away,Miami Dolphins,https://www.pro-football-reference.com/boxscores/202209110mia.htm,2,11:39,2,7,MIA 20,0,3,(11:39) 1-T.Tagovailoa pass incomplete deep left [91-D.Wise].,0.602,-0.705
2022,1,September 11,away,Miami Dolphins,https://www.pro-football-reference.com/boxscores/202209110mia.htm,2,11:29,3,7,MIA 20,0,3,(11:29) (Shotgun) 1-T.Tagovailoa pass short left to 2-C.Edmonds to MIA 31 for 11 yards (50-R.McMillan).,-0.103,1.839
2022,1,September 11,away,Miami Dolphins,https://www.pro-football-reference.com/boxscores/202209110mia.htm,2,10:45,1,10,MIA 31,0,3,(10:45) (Shotgun) 1-T.Tagovailoa pass short middle to 81-D.Smythe to MIA 45 for 14 yards (32-D.McCourty).,1.736,0.813
2022,1,September 11,away,Miami Dolphins,https://www.pro-football-reference.com/boxscores/202209110mia.htm,2,10:00,1,10,MIA 45,0,3,(10:00) (Shotgun) 10-T.Hill left end to NE 49 for 6 yards (23-K.Dugger).,2.549,0.180
2022,1,September 11,away,Miami Dolphins,https://www.pro-football-reference.com/boxscores/202209110mia.htm,2,09:13,2,4,NE 49,0,3,(9:13) 2-C.Edmonds right end to MIA 44 for -7 yards (23-K.Dugger).,2.729,-1.807
2022,1,September 11,away,Miami Dolphins,https://www.pro-football-reference.com/boxscores/202209110mia.htm,2,08:29,3,11,MIA 44,0,3,(8:29) (Shotgun) 1-T.Tagovailoa pass short right to 2-C.Edmonds ran ob at NE 49 for 7 yards.,0.922,-0.590
2022,1,September 11,away,Miami Dolphins,https://www.pro-football-reference.com/boxscores/202209110mia.htm,2,07:53,4,4,NE 49,0,3,"(7:53) 4-T.Morstead punts 34 yards to NE 15, Center-44-B.Ferguson, fair catch by 27-M.Bryant.",0.333,-0.484
2022,1,September 11,away,Miami Dolphins,https://www.pro-football-reference.com/boxscores/202209110mia.htm,2,07:45,1,10,NE 15,0,3,(7:45) 10-M.Jones pass incomplete deep left to 81-J.Smith.,0.152,-0.456
2022,1,September 11,away,Miami Dolphins,https://www.pro-football-reference.com/boxscores/202209110mia.htm,2,07:40,2,10,NE 15,0,9,"(7:40) (Shotgun) 10-M.Jones sacked at NE 6 for -9 yards (29-Br.Jones). FUMBLES (29-Br.Jones) [29-Br.Jones], RECOVERED by MIA-6-M.Ingram at NE 2. 6-M.Ingram for 2 yards, TOUCHDOWN.",-0.304,-6.696
2022,1,September 11,away,Miami Dolphins,https://www.pro-football-reference.com/boxscores/202209110mia.htm,2,07:34,,,NE 15,0,10,"7-J.Sanders extra point is GOOD, Center-44-B.Ferguson, Holder-4-T.Morstead.",0.932,0.068
2022,1,September 11,away,Miami Dolphins,https://www.pro-football-reference.com/boxscores/202209110mia.htm,2,07:34,,,MIA 35,0,10,7-J.Sanders kicks 67 yards from MIA 35 to NE -2. 14-T.Montgomery to NE 26 for 28 yards (45-D.Riley). MIA-82-C.Carter was injured during the play.,0.900,0.033
2022,1,September 11,away,Miami Dolphins,https://www.pro-football-reference.com/boxscores/202209110mia.htm,2,07:29,1,10,NE 26,0,10,(7:29) (Shotgun) 10-M.Jones pass incomplete short left to 16-J.Meyers (29-Br.Jones).,0.932,-0.495
2022,1,September 11,away,Miami Dolphins,https://www.pro-football-reference.com/boxscores/202209110mia.htm,2,07:24,2,10,NE 26,0,10,(7:24) 37-D.Harris up the middle to NE 29 for 3 yards (6-M.Ingram).,0.437,-0.403
2022,1,September 11,away,Miami Dolphins,https://www.pro-football-reference.com/boxscores/202209110mia.htm,2,06:47,3,7,NE 29,0,10,(6:47) (Shotgun) 10-M.Jones pass deep right to 16-J.Meyers pushed ob at MIA 44 for 27 yards (40-N.Needham).,0.035,2.724
2022,1,September 11,away,Miami Dolphins,https://www.pro-football-reference.com/boxscores/202209110mia.htm,2,06:24,1,10,MIA 44,0,10,"(6:24) (No Huddle, Shotgun) 10-M.Jones pass short right to 14-T.Montgomery pushed ob at MIA 42 for 2 yards (55-J.Baker).",2.759,-0.397
2022,1,September 11,away,Miami Dolphins,https://www.pro-football-reference.com/boxscores/202209110mia.htm,2,05:47,2,8,MIA 42,0,10,(5:47) 38-R.Stevenson left end to MIA 46 for -4 yards (28-K.Kohou).,2.362,-1.174
2022,1,September 11,away,Miami Dolphins,https://www.pro-football-reference.com/boxscores/202209110mia.htm,2,05:04,,,MIA 46,0,10,Timeout #2 by NE at 05:04.,1.188,0.000
2022,1,September 11,away,Miami Dolphins,https://www.pro-football-reference.com/boxscores/202209110mia.htm,2,05:04,3,12,MIA 46,0,10,(5:04) (Shotgun) 10-M.Jones scrambles up the middle to MIA 44 for 2 yards (45-D.Riley).,1.188,-0.932
2022,1,September 11,away,Miami Dolphins,https://www.pro-football-reference.com/boxscores/202209110mia.htm,2,04:14,4,10,MIA 44,0,10,"(4:14) 7-J.Bailey punts 36 yards to MIA 8, Center-49-J.Cardona, downed by NE-18-M.Slater.",0.256,-0.311
2022,1,September 11,away,Miami Dolphins,https://www.pro-football-reference.com/boxscores/202209110mia.htm,2,04:05,1,10,MIA 8,0,10,(4:05) 2-C.Edmonds up the middle to MIA 9 for 1 yard (91-D.Wise).,0.055,-0.416
2022,1,September 11,away,Miami Dolphins,https://www.pro-football-reference.com/boxscores/202209110mia.htm,2,03:42,2,9,MIA 9,0,10,"(3:42) (No Huddle, Shotgun) 1-T.Tagovailoa pass short right to 10-T.Hill to MIA 23 for 14 yards (32-D.McCourty).",-0.361,1.106
2022,1,September 11,away,Miami Dolphins,https://www.pro-football-reference.com/boxscores/202209110mia.htm,2,03:02,1,10,MIA 23,0,10,(3:02) 2-C.Edmonds right guard to MIA 26 for 3 yards (30-M.Wilson; 8-J.Bentley).,0.745,-0.253
2022,1,September 11,away,Miami Dolphins,https://www.pro-football-reference.com/boxscores/202209110mia.htm,2,02:32,2,7,MIA 26,0,10,(2:32) (No Huddle) 1-T.Tagovailoa pass incomplete short right to 81-D.Smythe [9-M.Judon].,0.492,-0.456
2022,1,September 11,away,Miami Dolphins,https://www.pro-football-reference.com/boxscores/202209110mia.htm,2,02:27,3,7,MIA 26,0,10,(2:27) (Shotgun) 1-T.Tagovailoa pass short left to 17-J.Waddle to MIA 34 for 8 yards (27-M.Bryant).,0.036,1.231
2022,1,September 11,away,Miami Dolphins,https://www.pro-football-reference.com/boxscores/202209110mia.htm,2,02:04,1,10,MIA 34,0,10,"(2:04) (No Huddle) PENALTY on MIA-88-M.Gesicki, False Start, 5 yards, enforced at MIA 34 - No Play.",1.267,-0.467
2022,1,September 11,away,Miami Dolphins,https://www.pro-football-reference.com/boxscores/202209110mia.htm,2,02:00,1,15,MIA 29,0,10,(2:00) (Shotgun) 1-T.Tagovailoa pass deep left to 10-T.Hill to NE 45 for 26 yards (32-D.McCourty).,0.800,1.358
2022,1,September 11,away,Miami Dolphins,https://www.pro-football-reference.com/boxscores/202209110mia.htm,2,01:20,1,10,NE 45,0,10,(1:20) (Shotgun) 1-T.Tagovailoa pass incomplete short middle to 10-T.Hill.,2.158,-0.336
2022,1,September 11,away,Miami Dolphins,https://www.pro-football-reference.com/boxscores/202209110mia.htm,2,01:17,2,10,NE 45,0,10,(1:17) (Shotgun) 1-T.Tagovailoa sacked at MIA 46 for -9 yards (9-M.Judon).,1.822,-1.185
2022,1,September 11,away,Miami Dolphins,https://www.pro-football-reference.com/boxscores/202209110mia.htm,2,00:31,3,19,MIA 46,0,10,(:31) (Shotgun) 1-T.Tagovailoa pass short middle to 11-C.Wilson to NE 42 for 12 yards (21-A.Phillips). NE-21-A.Phillips was injured during the play.,0.637,-0.459
2022,1,September 11,away,Miami Dolphins,https://www.pro-football-reference.com/boxscores/202209110mia.htm,2,00:24,,,NE 42,0,10,Timeout #3 by NE at 00:24.,0.178,0.000
2022,1,September 11,away,Miami Dolphins,https://www.pro-football-reference.com/boxscores/202209110mia.htm,2,00:24,4,7,NE 42,0,16,"(:24) (Shotgun) 1-T.Tagovailoa pass short middle to 17-J.Waddle for 42 yards, TOUCHDOWN.",0.178,6.822
2022,1,September 11,away,Miami Dolphins,https://www.pro-football-reference.com/boxscores/202209110mia.htm,2,00:18,,,NE 15,0,17,"7-J.Sanders extra point is GOOD, Center-44-B.Ferguson, Holder-4-T.Morstead.",0.932,0.068
2022,1,September 11,away,Miami Dolphins,https://www.pro-football-reference.com/boxscores/202209110mia.htm,2,00:18,,,MIA 35,0,17,"7-J.Sanders kicks 65 yards from MIA 35 to end zone, Touchback.",0.079,-0.079
2022,1,September 11,away,Miami Dolphins,https://www.pro-football-reference.com/boxscores/202209110mia.htm,2,00:18,1,10,NE 25,0,17,(:18) 10-M.Jones kneels to NE 23 for -2 yards.,0.000,0.000
2022,1,September 11,away,Miami Dolphins,https://www.pro-football-reference.com/boxscores/202209110mia.htm,3,15:00,,,NE 35,0,17,7-J.Bailey kicks 51 yards from NE 35 to MIA 14. 30-A.Ingold to MIA 26 for 12 yards (22-Co.Davis; 97-D.Mitchell).,1.474,0.041
2022,1,September 11,away,Miami Dolphins,https://www.pro-football-reference.com/boxscores/202209110mia.htm,3,14:54,1,10,MIA 26,0,17,(14:54) (Shotgun) 1-T.Tagovailoa pass short middle to 17-J.Waddle to MIA 33 for 7 yards (50-R.McMillan).,1.515,0.393
2022,1,September 11,away,Miami Dolphins,https://www.pro-football-reference.com/boxscores/202209110mia.htm,3,14:15,2,3,MIA 33,0,17,"(14:15) 2-C.Edmonds left guard to MIA 35 for 2 yards (8-J.Bentley, 91-D.Wise). MIA-75-G.Little was injured during the play.",1.908,-0.076
2022,1,September 11,away,Miami Dolphins,https://www.pro-football-reference.com/boxscores/202209110mia.htm,3,13:46,3,1,MIA 35,0,17,(13:46) 1-T.Tagovailoa pass short right to 10-T.Hill to MIA 34 for -1 yards (23-K.Dugger). NE-23-K.Dugger was injured during the play.,1.832,-2.132
2022,1,September 11,away,Miami Dolphins,https://www.pro-football-reference.com/boxscores/202209110mia.htm,3,13:15,4,2,MIA 34,0,17,"(13:15) 4-T.Morstead punts 58 yards to NE 8, Center-44-B.Ferguson. 27-M.Bryant to NE 8 for no gain (20-J.Bethel).",-0.300,0.648
2022,1,September 11,away,Miami Dolphins,https://www.pro-football-reference.com/boxscores/202209110mia.htm,3,13:05,1,10,NE 8,0,17,(13:05) 37-D.Harris left end to NE 14 for 6 yards (94-C.Wilkins).,-0.348,0.235
2022,1,September 11,away,Miami Dolphins,https://www.pro-football-reference.com/boxscores/202209110mia.htm,3,12:23,2,4,NE 14,0,17,(12:23) (Shotgun) 10-M.Jones pass short middle to 1-D.Parker pushed ob at NE 23 for 9 yards (52-E.Roberts).,-0.114,0.704
2022,1,September 11,away,Miami Dolphins,https://www.pro-football-reference.com/boxscores/202209110mia.htm,3,11:49,1,10,NE 23,0,17,(11:49) 37-D.Harris up the middle to NE 35 for 12 yards (29-Br.Jones).,0.590,0.834
2022,1,September 11,away,Miami Dolphins,https://www.pro-football-reference.com/boxscores/202209110mia.htm,3,11:15,1,10,NE 35,0,17,"(11:15) 37-D.Harris up the middle to NE 35 for no gain (29-Br.Jones, 94-C.Wilkins).",1.425,-0.558
2022,1,September 11,away,Miami Dolphins,https://www.pro-football-reference.com/boxscores/202209110mia.htm,3,10:38,2,10,NE 35,0,17,(10:38) (Shotgun) 10-M.Jones pass short left to 38-R.Stevenson pushed ob at NE 40 for 5 yards (25-X.Howard).,0.867,-0.200
2022,1,September 11,away,Miami Dolphins,https://www.pro-football-reference.com/boxscores/202209110mia.htm,3,09:54,3,5,NE 40,0,17,(9:54) (Shotgun) 10-M.Jones pass short right to 16-J.Meyers to MIA 48 for 12 yards (22-E.Campbell).,0.667,1.951
2022,1,September 11,away,Miami Dolphins,https://www.pro-football-reference.com/boxscores/202209110mia.htm,3,09:34,1,10,MIA 48,0,17,"(9:34) (No Huddle, Shotgun) 10-M.Jones pass short right to 15-N.Agholor to MIA 42 for 6 yards (45-D.Riley).",2.618,0.277
2022,1,September 11,away,Miami Dolphins,https://www.pro-football-reference.com/boxscores/202209110mia.htm,3,09:07,2,4,MIA 42,0,17,"(9:07) (No Huddle, Shotgun) PENALTY on MIA, Defensive Too Many Men on Field, 5 yards, enforced at MIA 42 - No Play.",2.895,0.531
2022,1,September 11,away,Miami Dolphins,https://www.pro-football-reference.com/boxscores/202209110mia.htm,3,08:53,1,10,MIA 37,0,17,(8:53) 10-M.Jones pass short right to 16-J.Meyers pushed ob at MIA 30 for 7 yards (29-Br.Jones).,3.425,0.384
2022,1,September 11,away,Miami Dolphins,https://www.pro-football-reference.com/boxscores/202209110mia.htm,3,08:18,2,3,MIA 30,0,17,"(8:18) 38-R.Stevenson left tackle to MIA 30 for no gain (91-E.Ogbah, 98-R.Davis).",3.809,-0.696
2022,1,September 11,away,Miami Dolphins,https://www.pro-football-reference.com/boxscores/202209110mia.htm,3,07:36,3,3,MIA 30,0,17,"(7:36) (Shotgun) 37-D.Harris up the middle to MIA 28 for 2 yards (92-Z.Sieler, 98-R.Davis).",3.113,-0.695
2022,1,September 11,away,Miami Dolphins,https://www.pro-football-reference.com/boxscores/202209110mia.htm,3,07:04,4,1,MIA 28,0,17,"(7:04) (Shotgun) 10-M.Jones pass incomplete deep middle to 1-D.Parker. PENALTY on MIA-25-X.Howard, Illegal Contact, 5 yards, enforced at MIA 28 - No Play.",2.417,1.987
2022,1,September 11,away,Miami Dolphins,https://www.pro-football-reference.com/boxscores/202209110mia.htm,3,06:57,1,10,MIA 23,0,17,"(6:57) 38-R.Stevenson up the middle to MIA 23 for no gain (91-E.Ogbah, 27-K.Crossen).",4.405,-0.424
2022,1,September 11,away,Miami Dolphins,https://www.pro-football-reference.com/boxscores/202209110mia.htm,3,06:17,2,10,MIA 23,0,17,(6:17) 10-M.Jones pass short right to 81-J.Smith to MIA 8 for 15 yards (55-J.Baker; 94-C.Wilkins).,3.980,1.354
2022,1,September 11,away,Miami Dolphins,https://www.pro-football-reference.com/boxscores/202209110mia.htm,3,05:34,1,8,MIA 8,0,17,(5:34) (Shotgun) 10-M.Jones pass incomplete short left to 37-D.Harris (92-Z.Sieler).,5.334,-0.594
2022,1,September 11,away,Miami Dolphins,https://www.pro-football-reference.com/boxscores/202209110mia.htm,3,05:31,2,8,MIA 8,0,17,"(5:31) (Shotgun) 10-M.Jones pass short right to 37-D.Harris to MIA 6 for 2 yards (40-N.Needham, 52-E.Roberts).",4.740,-0.627
2022,1,September 11,away,Miami Dolphins,https://www.pro-football-reference.com/boxscores/202209110mia.htm,3,04:50,3,6,MIA 6,6,17,"(4:50) (Shotgun) 10-M.Jones pass short right to 14-T.Montgomery for 6 yards, TOUCHDOWN.",4.113,2.887
2022,1,September 11,away,Miami Dolphins,https://www.pro-football-reference.com/boxscores/202209110mia.htm,3,04:44,,,MIA 15,7,17,"6-N.Folk extra point is GOOD, Center-49-J.Cardona, Holder-7-J.Bailey.",0.932,0.068
2022,1,September 11,away,Miami Dolphins,https://www.pro-football-reference.com/boxscores/202209110mia.htm,3,04:44,,,NE 35,7,17,7-J.Bailey kicks 62 yards from NE 35 to MIA 3. 31-R.Mostert to MIA 19 for 16 yards (23-K.Dugger).,1.404,-0.547
2022,1,September 11,away,Miami Dolphins,https://www.pro-football-reference.com/boxscores/202209110mia.htm,3,04:39,1,10,MIA 19,7,17,(4:39) (Shotgun) 1-T.Tagovailoa pass short left to 10-T.Hill ran ob at MIA 37 for 18 yards (32-D.McCourty).,0.857,1.317
2022,1,September 11,away,Miami Dolphins,https://www.pro-football-reference.com/boxscores/202209110mia.htm,3,03:59,1,10,MIA 37,7,17,(3:59) (Shotgun) 11-C.Wilson right end ran ob at MIA 45 for 8 yards (27-M.Bryant).,2.173,0.546
2022,1,September 11,away,Miami Dolphins,https://www.pro-football-reference.com/boxscores/202209110mia.htm,3,03:24,2,2,MIA 45,7,17,(3:24) (Shotgun) 31-R.Mostert left guard to MIA 48 for 3 yards (92-D.Godchaux; 9-M.Judon).,2.720,0.149
2022,1,September 11,away,Miami Dolphins,https://www.pro-football-reference.com/boxscores/202209110mia.htm,3,02:39,1,10,MIA 48,7,17,(2:39) (Shotgun) 1-T.Tagovailoa pass short right to 31-R.Mostert to NE 36 for 16 yards (27-M.Bryant; 31-Jo.Jones).,2.869,0.907
2022,1,September 11,away,Miami Dolphins,https://www.pro-football-reference.com/boxscores/202209110mia.htm,3,01:49,1,10,NE 36,7,17,"(1:49) (No Huddle, Shotgun) 2-C.Edmonds left guard to NE 32 for 4 yards (9-M.Judon; 8-J.Bentley).",3.776,-0.145
2022,1,September 11,away,Miami Dolphins,https://www.pro-football-reference.com/boxscores/202209110mia.htm,3,01:07,2,6,NE 32,7,17,(1:07) 1-T.Tagovailoa pass short middle to 88-M.Gesicki to NE 31 for 1 yard (8-J.Bentley).,3.631,-0.549
2022,1,September 11,away,Miami Dolphins,https://www.pro-football-reference.com/boxscores/202209110mia.htm,3,00:27,3,5,NE 31,7,17,(:27) (Shotgun) 1-T.Tagovailoa pass incomplete short right to 10-T.Hill.,3.081,-1.725
2022,1,September 11,away,Miami Dolphins,https://www.pro-football-reference.com/boxscores/202209110mia.htm,3,00:24,4,5,NE 31,7,20,"(:24) 7-J.Sanders 49 yard field goal is GOOD, Center-44-B.Ferguson, Holder-4-T.Morstead.",1.356,1.644
2022,1,September 11,away,Miami Dolphins,https://www.pro-football-reference.com/boxscores/202209110mia.htm,3,00:19,,,MIA 35,7,20,"7-J.Sanders kicks 65 yards from MIA 35 to end zone, Touchback.",0.933,0.000
2022,1,September 11,away,Miami Dolphins,https://www.pro-football-reference.com/boxscores/202209110mia.htm,3,00:19,1,10,NE 25,7,20,(:19) 37-D.Harris left end ran ob at NE 31 for 6 yards (55-J.Baker).,0.933,0.178
2022,1,September 11,away,Miami Dolphins,https://www.pro-football-reference.com/boxscores/202209110mia.htm,4,15:00,2,4,NE 31,7,20,"(15:00) 16-J.Meyers left end to NE 38 for 7 yards (52-E.Roberts, 29-Br.Jones).",1.111,0.548
2022,1,September 11,away,Miami Dolphins,https://www.pro-football-reference.com/boxscores/202209110mia.htm,4,14:17,1,10,NE 38,7,20,"(14:17) 37-D.Harris right guard to NE 42 for 4 yards (29-Br.Jones, 98-R.Davis).",1.659,-0.063
2022,1,September 11,away,Miami Dolphins,https://www.pro-football-reference.com/boxscores/202209110mia.htm,4,13:45,2,6,NE 42,7,20,(13:45) 38-R.Stevenson left tackle to NE 42 for no gain (98-R.Davis; 91-E.Ogbah).,1.596,-0.801
2022,1,September 11,away,Miami Dolphins,https://www.pro-football-reference.com/boxscores/202209110mia.htm,4,13:05,3,6,NE 42,7,20,"(13:05) (Shotgun) 10-M.Jones pass incomplete deep right to 81-J.Smith. Penalty on MIA-8-J.Holland, Roughing the Passer, offsetting, enforced at NE 42 - No Play. Penalty on NE-14-T.Montgomery, Chop Block, offsetting.",0.795,0.001
2022,1,September 11,away,Miami Dolphins,https://www.pro-football-reference.com/boxscores/202209110mia.htm,4,12:59,3,6,NE 42,7,20,(12:59) (Shotgun) 10-M.Jones pass incomplete deep middle to 16-J.Meyers (45-D.Riley) [91-E.Ogbah].,0.796,-1.385
2022,1,September 11,away,Miami Dolphins,https://www.pro-football-reference.com/boxscores/202209110mia.htm,4,12:54,4,6,NE 42,7,20,"(12:54) 7-J.Bailey punts 48 yards to MIA 10, Center-49-J.Cardona, fair catch by 8-J.Holland.",-0.589,0.395
2022,1,September 11,away,Miami Dolphins,https://www.pro-football-reference.com/boxscores/202209110mia.htm,4,12:47,1,10,MIA 10,7,20,(12:47) 1-T.Tagovailoa pass incomplete deep middle to 10-T.Hill.,0.194,-0.528
2022,1,September 11,away,Miami Dolphins,https://www.pro-football-reference.com/boxscores/202209110mia.htm,4,12:41,2,10,MIA 10,7,20,(12:41) 1-T.Tagovailoa pass short right to 11-C.Wilson ran ob at MIA 18 for 8 yards (48-J.Tavai).,-0.334,0.367
2022,1,September 11,away,Miami Dolphins,https://www.pro-football-reference.com/boxscores/202209110mia.htm,4,11:58,3,2,MIA 18,7,20,(11:58) (Shotgun) 2-C.Edmonds up the middle to MIA 19 for 1 yard (8-J.Bentley).,0.033,-1.302
2022,1,September 11,away,Miami Dolphins,https://www.pro-football-reference.com/boxscores/202209110mia.htm,4,11:19,4,1,MIA 19,7,20,"(11:19) 4-T.Morstead punts 50 yards to NE 31, Center-44-B.Ferguson. 27-M.Bryant to NE 43 for 12 yards (43-A.Van Ginkel; 27-K.Crossen).",-1.269,-0.862
2022,1,September 11,away,Miami Dolphins,https://www.pro-football-reference.com/boxscores/202209110mia.htm,4,11:07,1,10,NE 43,7,20,(11:07) (Shotgun) 10-M.Jones pass incomplete short middle to 15-N.Agholor.,2.131,-0.481
2022,1,September 11,away,Miami Dolphins,https://www.pro-football-reference.com/boxscores/202209110mia.htm,4,11:04,2,10,NE 43,7,20,(11:04) 10-M.Jones pass short right to 81-J.Smith to 50 for 7 yards (29-Br.Jones; 98-R.Davis).,1.650,0.084
2022,1,September 11,away,Miami Dolphins,https://www.pro-football-reference.com/boxscores/202209110mia.htm,4,10:24,3,3,MID 50,7,20,(10:24) 14-T.Montgomery up the middle to 50 for no gain (92-Z.Sieler).,1.734,-1.959
2022,1,September 11,away,Miami Dolphins,https://www.pro-football-reference.com/boxscores/202209110mia.htm,4,09:46,,,MID 50,7,20,Timeout #1 by NE at 09:46.,-0.225,0.000
2022,1,September 11,away,Miami Dolphins,https://www.pro-football-reference.com/boxscores/202209110mia.htm,4,09:46,4,3,MID 50,7,20,"(9:46) (Shotgun) 10-M.Jones pass incomplete deep middle to 85-H.Henry (28-K.Kohou). Penalty on NE-77-T.Brown, Offensive Holding, declined.",-0.225,-2.522
2022,1,September 11,away,Miami Dolphins,https://www.pro-football-reference.com/boxscores/202209110mia.htm,4,09:38,1,10,MID 50,7,20,(9:38) 2-C.Edmonds left end to NE 43 for 7 yards (32-D.McCourty).,2.747,0.316
2022,1,September 11,away,Miami Dolphins,https://www.pro-football-reference.com/boxscores/202209110mia.htm,4,09:02,2,3,NE 43,7,20,(9:02) 1-T.Tagovailoa pass incomplete short right to 17-J.Waddle [9-M.Judon].,3.063,-0.711
2022,1,September 11,away,Miami Dolphins,https://www.pro-football-reference.com/boxscores/202209110mia.htm,4,08:55,3,3,NE 43,7,20,(8:55) (Shotgun) 1-T.Tagovailoa pass short middle to 2-C.Edmonds to NE 36 for 7 yards (50-R.McMillan).,2.352,1.223
2022,1,September 11,away,Miami Dolphins,https://www.pro-football-reference.com/boxscores/202209110mia.htm,4,08:15,1,10,NE 36,7,20,(8:15) 2-C.Edmonds left end to NE 37 for -1 yards (30-M.Wilson). MIA-72-T.Armstead was injured during the play.,3.575,-0.799
2022,1,September 11,away,Miami Dolphins,https://www.pro-football-reference.com/boxscores/202209110mia.htm,4,07:37,2,11,NE 37,7,20,(7:37) (Shotgun) 1-T.Tagovailoa pass short left to 14-T.Sherfield ran ob at NE 29 for 8 yards.,2.776,0.543
2022,1,September 11,away,Miami Dolphins,https://www.pro-football-reference.com/boxscores/202209110mia.htm,4,06:55,3,3,NE 29,7,20,(6:55) (Shotgun) 1-T.Tagovailoa sacked at NE 41 for -12 yards (8-J.Bentley).,3.318,-3.013
2022,1,September 11,away,Miami Dolphins,https://www.pro-football-reference.com/boxscores/202209110mia.htm,4,06:06,4,15,NE 41,7,20,"(6:06) (Punt formation) PENALTY on MIA, Delay of Game, 5 yards, enforced at NE 41 - No Play.",0.305,-0.137
2022,1,September 11,away,Miami Dolphins,https://www.pro-football-reference.com/boxscores/202209110mia.htm,4,06:06,4,20,NE 46,7,20,"(6:06) 4-T.Morstead punts 41 yards to NE 5, Center-44-B.Ferguson, downed by MIA-27-K.Crossen.",0.168,0.196
2022,1,September 11,away,Miami Dolphins,https://www.pro-football-reference.com/boxscores/202209110mia.htm,4,05:59,1,10,NE 5,7,20,(5:59) (Shotgun) 10-M.Jones pass incomplete deep right to 15-N.Agholor.,-0.365,-0.487
2022,1,September 11,away,Miami Dolphins,https://www.pro-football-reference.com/boxscores/202209110mia.htm,4,05:53,2,10,NE 5,7,20,(5:53) (Shotgun) 10-M.Jones pass short middle to 81-J.Smith to NE 16 for 11 yards (55-J.Baker; 29-Br.Jones).,-0.851,0.926
2022,1,September 11,away,Miami Dolphins,https://www.pro-football-reference.com/boxscores/202209110mia.htm,4,05:28,1,10,NE 16,7,20,"(5:28) (No Huddle, Shotgun) 10-M.Jones pass deep left to 84-K.Bourne pushed ob at MIA 43 for 41 yards (8-J.Holland).",0.075,2.687
2022,1,September 11,away,Miami Dolphins,https://www.pro-football-reference.com/boxscores/202209110mia.htm,4,05:11,1,10,MIA 43,7,20,"(5:11) (No Huddle, Shotgun) 10-M.Jones pass incomplete short left to 14-T.Montgomery.",2.762,-0.444
2022,1,September 11,away,Miami Dolphins,https://www.pro-football-reference.com/boxscores/202209110mia.htm,4,05:06,2,10,MIA 43,7,20,"(5:06) (Shotgun) 10-M.Jones pass short middle to 15-N.Agholor to MIA 38 for 5 yards (28-K.Kohou). FUMBLES (28-K.Kohou), RECOVERED by MIA-15-J.Phillips at MIA 37.",2.318,-4.013
2022,1,September 11,away,Miami Dolphins,https://www.pro-football-reference.com/boxscores/202209110mia.htm,4,04:55,1,10,MIA 37,7,20,(4:55) 1-T.Tagovailoa pass short middle to 17-J.Waddle to MIA 49 for 12 yards (32-D.McCourty).,1.695,0.744
2022,1,September 11,away,Miami Dolphins,https://www.pro-football-reference.com/boxscores/202209110mia.htm,4,04:17,1,10,MIA 49,7,20,"(4:17) 2-C.Edmonds left tackle to 50 for 1 yard (93-L.Guy, 30-M.Wilson).",2.439,-0.694
2022,1,September 11,away,Miami Dolphins,https://www.pro-football-reference.com/boxscores/202209110mia.htm,4,03:30,2,9,MID 50,7,20,(3:30) 1-T.Tagovailoa pass incomplete short middle [9-M.Judon].,1.745,-0.694
2022,1,September 11,away,Miami Dolphins,https://www.pro-football-reference.com/boxscores/202209110mia.htm,4,03:21,,,MID 50,7,20,Timeout #1 by MIA at 03:21.,1.051,0.000
2022,1,September 11,away,Miami Dolphins,https://www.pro-football-reference.com/boxscores/202209110mia.htm,4,03:21,3,9,MID 50,7,20,(3:21) (Shotgun) 1-T.Tagovailoa pass short left to 2-C.Edmonds to NE 35 for 15 yards (55-J.Uche).,1.051,1.891
2022,1,September 11,away,Miami Dolphins,https://www.pro-football-reference.com/boxscores/202209110mia.htm,4,02:34,1,10,NE 35,7,20,(2:34) (Shotgun) 31-R.Mostert left guard to NE 35 for no gain (98-Ca.Davis).,2.942,-0.808
2022,1,September 11,away,Miami Dolphins,https://www.pro-football-reference.com/boxscores/202209110mia.htm,4,02:16,,,NE 35,7,20,Timeout #2 by NE at 02:16.,2.134,0.000
2022,1,September 11,away,Miami Dolphins,https://www.pro-football-reference.com/boxscores/202209110mia.htm,4,02:16,2,10,NE 35,7,20,(2:16) (Shotgun) 31-R.Mostert left tackle to NE 24 for 11 yards (50-R.McMillan).,2.134,1.328
2022,1,September 11,away,Miami Dolphins,https://www.pro-football-reference.com/boxscores/202209110mia.htm,4,02:00,1,10,NE 24,7,20,(2:00) (Shotgun) 17-J.Waddle right end to NE 16 for 8 yards (27-M.Bryant).,3.462,0.589
2022,1,September 11,away,Miami Dolphins,https://www.pro-football-reference.com/boxscores/202209110mia.htm,4,01:11,,,NE 16,7,20,Timeout #2 by MIA at 01:11.,4.051,0.000
2022,1,September 11,away,Miami Dolphins,https://www.pro-football-reference.com/boxscores/202209110mia.htm,4,01:11,2,2,NE 16,7,20,(1:11) 1-T.Tagovailoa pass incomplete short left to 14-T.Sherfield.,4.051,-0.445
2022,1,September 11,away,Miami Dolphins,https://www.pro-football-reference.com/boxscores/202209110mia.htm,4,01:05,3,2,NE 16,7,20,"(1:05) 31-R.Mostert left guard to NE 13 for 3 yards (2-J.Mills; 30-M.Wilson). PENALTY on NE, Defensive Too Many Men on Field, 5 yards, enforced at NE 16 - No Play.",3.605,0.735
2022,1,September 11,away,Miami Dolphins,https://www.pro-football-reference.com/boxscores/202209110mia.htm,4,01:01,1,10,NE 11,7,20,(1:01) 1-T.Tagovailoa kneels to NE 11 for no gain.,4.340,-0.451
2022,1,September 11,away,Miami Dolphins,https://www.pro-football-reference.com/boxscores/202209110mia.htm,4,00:30,2,10,NE 11,7,20,(:30) 1-T.Tagovailoa kneels to NE 11 for no gain.,3.889,-3.889
2022,2,September 18,away,Pittsburgh Steelers,https://www.pro-football-reference.com/boxscores/202209180pit.htm,1,15:00,,,NE 35,0,0,"7-J.Bailey kicks 65 yards from NE 35 to end zone, Touchback.",1.474,0.000
2022,2,September 18,away,Pittsburgh Steelers,https://www.pro-football-reference.com/boxscores/202209180pit.htm,1,15:00,1,10,PIT 25,0,0,(15:00) 22-N.Harris right guard to PIT 27 for 2 yards (93-L.Guy; 8-J.Bentley).,1.474,-0.457
2022,2,September 18,away,Pittsburgh Steelers,https://www.pro-football-reference.com/boxscores/202209180pit.htm,1,14:21,2,8,PIT 27,0,0,(14:21) (Shotgun) 10-M.Trubisky pass short left to 11-C.Claypool pushed ob at PIT 31 for 4 yards (27-M.Bryant).,1.018,-0.133
2022,2,September 18,away,Pittsburgh Steelers,https://www.pro-football-reference.com/boxscores/202209180pit.htm,1,13:45,3,4,PIT 31,0,0,(13:45) (Shotgun) 10-M.Trubisky pass incomplete short right to 88-P.Freiermuth. Coverage by 23 -Dugger.,0.884,-1.600
2022,2,September 18,away,Pittsburgh Steelers,https://www.pro-football-reference.com/boxscores/202209180pit.htm,1,13:39,4,4,PIT 31,0,0,"(13:39) 6-P.Harvin punts 69 yards to end zone, Center-46-C.Kuntz, Touchback.",-0.716,0.270
2022,2,September 18,away,Pittsburgh Steelers,https://www.pro-football-reference.com/boxscores/202209180pit.htm,1,13:27,1,10,NE 20,0,0,(13:27) (Shotgun) 10-M.Jones pass incomplete short right to 83-L.Humphrey. Coverage by 35-Maulet.,0.446,-0.595
2022,2,September 18,away,Pittsburgh Steelers,https://www.pro-football-reference.com/boxscores/202209180pit.htm,1,13:21,2,10,NE 20,0,0,(13:21) (Shotgun) 37-D.Harris left tackle to NE 23 for 3 yards (97-C.Heyward; 99-L.Ogunjobi).,-0.149,-0.560
2022,2,September 18,away,Pittsburgh Steelers,https://www.pro-football-reference.com/boxscores/202209180pit.htm,1,12:43,3,7,NE 23,0,0,"(12:43) (Shotgun) 10-M.Jones pass short middle to 16-J.Meyers to NE 31 for 8 yards (21-T.Norwood, 41-R.Spillane).",-0.710,1.935
2022,2,September 18,away,Pittsburgh Steelers,https://www.pro-football-reference.com/boxscores/202209180pit.htm,1,12:04,1,10,NE 31,0,0,(12:04) (Shotgun) 37-D.Harris left tackle to NE 35 for 4 yards (39-M.Fitzpatrick; 99-L.Ogunjobi).,1.226,-0.154
2022,2,September 18,away,Pittsburgh Steelers,https://www.pro-football-reference.com/boxscores/202209180pit.htm,1,11:29,2,6,NE 35,0,0,(11:29) (Shotgun) 10-M.Jones pass short middle to 16-J.Meyers to NE 37 for 2 yards (51-M.Jack).,1.072,-0.412
2022,2,September 18,away,Pittsburgh Steelers,https://www.pro-football-reference.com/boxscores/202209180pit.htm,1,10:46,3,4,NE 37,0,0,(10:46) (Shotgun) 10-M.Jones pass short left to 16-J.Meyers to PIT 47 for 16 yards (34-T.Edmunds).,0.660,2.088
2022,2,September 18,away,Pittsburgh Steelers,https://www.pro-football-reference.com/boxscores/202209180pit.htm,1,10:12,1,10,PIT 47,0,0,(10:12) (Shotgun) 10-M.Jones pass short middle to 15-N.Agholor to PIT 31 for 16 yards (39-M.Fitzpatrick) [94-T.Alualu].,2.748,1.071
2022,2,September 18,away,Pittsburgh Steelers,https://www.pro-football-reference.com/boxscores/202209180pit.htm,1,09:31,1,10,PIT 31,0,0,(9:31) (Shotgun) 37-D.Harris up the middle to PIT 22 for 9 yards (55-D.Bush).,3.819,0.775
2022,2,September 18,away,Pittsburgh Steelers,https://www.pro-football-reference.com/boxscores/202209180pit.htm,1,08:57,2,1,PIT 22,0,0,(8:57) (Shotgun) 37-D.Harris left guard to PIT 17 for 5 yards (20-C.Sutton).,4.594,0.160
2022,2,September 18,away,Pittsburgh Steelers,https://www.pro-football-reference.com/boxscores/202209180pit.htm,1,08:14,1,10,PIT 17,0,0,(8:14) (Shotgun) 10-M.Jones scrambles left guard to PIT 15 for 2 yards (97-C.Heyward).,4.754,-0.369
2022,2,September 18,away,Pittsburgh Steelers,https://www.pro-football-reference.com/boxscores/202209180pit.htm,1,07:34,2,8,PIT 15,0,0,(7:34) (Shotgun) 10-M.Jones pass incomplete short left to 85-H.Henry.,4.385,-0.752
2022,2,September 18,away,Pittsburgh Steelers,https://www.pro-football-reference.com/boxscores/202209180pit.htm,1,07:30,3,8,PIT 15,0,0,"(7:30) (Shotgun) PENALTY on NE, Delay of Game, 5 yards, enforced at PIT 15 - No Play.",3.634,-0.652
2022,2,September 18,away,Pittsburgh Steelers,https://www.pro-football-reference.com/boxscores/202209180pit.htm,1,07:30,3,13,PIT 20,0,0,"(7:30) (Shotgun) 10-M.Jones pass short right to 15-N.Agholor to PIT 9 for 11 yards (41-R.Spillane, 39-M.Fitzpatrick).",2.982,-0.081
2022,2,September 18,away,Pittsburgh Steelers,https://www.pro-football-reference.com/boxscores/202209180pit.htm,1,06:46,4,2,PIT 9,3,0,"(6:46) 6-N.Folk 28 yard field goal is GOOD, Center-49-J.Cardona, Holder-7-J.Bailey.",2.901,0.099
2022,2,September 18,away,Pittsburgh Steelers,https://www.pro-football-reference.com/boxscores/202209180pit.htm,1,06:42,,,NE 35,3,0,"7-J.Bailey kicks 65 yards from NE 35 to end zone, Touchback.",1.404,0.000
2022,2,September 18,away,Pittsburgh Steelers,https://www.pro-football-reference.com/boxscores/202209180pit.htm,1,06:42,1,10,PIT 25,3,0,(6:42) (Shotgun) 22-N.Harris up the middle to PIT 25 for no gain (91-D.Wise).,1.404,-0.583
2022,2,September 18,away,Pittsburgh Steelers,https://www.pro-football-reference.com/boxscores/202209180pit.htm,1,06:06,2,10,PIT 25,3,0,(6:06) (Shotgun) 10-M.Trubisky scrambles right end to PIT 32 for 7 yards (27-M.Bryant).,0.820,0.199
2022,2,September 18,away,Pittsburgh Steelers,https://www.pro-football-reference.com/boxscores/202209180pit.htm,1,05:21,3,3,PIT 32,3,0,"(5:21) (Shotgun) 10-M.Trubisky pass short right to 18-D.Johnson to PIT 38 for 6 yards (2-J.Mills). FUMBLES (2-J.Mills), RECOVERED by NE-55-J.Uche at PIT 38. 55-J.Uche for 38 yards, TOUCHDOWN. The Replay Official reviewed the fumble ruling, and the play was REVERSED. (Shotgun) 10-M.Trubisky pass short right to 18-D.Johnson to PIT 36 for 4 yards (2-J.Mills).",1.019,1.161
2022,2,September 18,away,Pittsburgh Steelers,https://www.pro-football-reference.com/boxscores/202209180pit.htm,1,05:09,1,10,PIT 36,3,0,(5:09) (Shotgun) 10-M.Trubisky pass short left to 88-P.Freiermuth to PIT 43 for 7 yards (27-M.Bryant; 8-J.Bentley).,2.180,0.294
2022,2,September 18,away,Pittsburgh Steelers,https://www.pro-football-reference.com/boxscores/202209180pit.htm,1,04:29,2,3,PIT 43,3,0,(4:29) 30-J.Warren right guard to PIT 47 for 4 yards (93-L.Guy; 92-D.Godchaux).,2.474,0.356
2022,2,September 18,away,Pittsburgh Steelers,https://www.pro-football-reference.com/boxscores/202209180pit.htm,1,03:50,1,10,PIT 47,3,0,(3:50) (Shotgun) 30-J.Warren up the middle to NE 47 for 6 yards (8-J.Bentley).,2.830,0.172
2022,2,September 18,away,Pittsburgh Steelers,https://www.pro-football-reference.com/boxscores/202209180pit.htm,1,03:14,2,4,NE 47,3,0,(3:14) 10-M.Trubisky pass short right to 88-P.Freiermuth to NE 44 for 3 yards (21-A.Phillips; 30-M.Wilson).,3.003,-0.284
2022,2,September 18,away,Pittsburgh Steelers,https://www.pro-football-reference.com/boxscores/202209180pit.htm,1,02:25,,,NE 44,3,0,Timeout #1 by PIT at 02:25.,2.718,0.000
2022,2,September 18,away,Pittsburgh Steelers,https://www.pro-football-reference.com/boxscores/202209180pit.htm,1,02:25,3,1,NE 44,3,0,(2:25) 44-D.Watt up the middle to NE 42 for 2 yards (58-A.Jennings).,2.718,0.483
2022,2,September 18,away,Pittsburgh Steelers,https://www.pro-football-reference.com/boxscores/202209180pit.htm,1,01:47,1,10,NE 42,3,0,(1:47) 10-M.Trubisky pass deep middle intended for 18-D.Johnson INTERCEPTED by 2-J.Mills (30-M.Wilson) at NE 26. 2-J.Mills pushed ob at NE 39 for 13 yards (14-G.Pickens).,3.201,-5.280
2022,2,September 18,away,Pittsburgh Steelers,https://www.pro-football-reference.com/boxscores/202209180pit.htm,1,01:38,1,10,NE 39,3,0,(1:38) 10-M.Jones pass incomplete short middle to 38-R.Stevenson (97-C.Heyward).,2.079,-0.497
2022,2,September 18,away,Pittsburgh Steelers,https://www.pro-football-reference.com/boxscores/202209180pit.htm,1,01:32,2,10,NE 39,3,0,(1:32) (Shotgun) 38-R.Stevenson left guard to NE 44 for 5 yards (99-L.Ogunjobi; 39-M.Fitzpatrick).,1.581,-0.290
2022,2,September 18,away,Pittsburgh Steelers,https://www.pro-football-reference.com/boxscores/202209180pit.htm,1,00:53,3,5,NE 44,3,0,(:53) (Shotgun) 10-M.Jones pass deep middle intended for 1-D.Parker INTERCEPTED by 39-M.Fitzpatrick [56-A.Highsmith] at PIT 21. 39-M.Fitzpatrick ran ob at PIT 34 for 13 yards (85-H.Henry).,1.291,-2.860
2022,2,September 18,away,Pittsburgh Steelers,https://www.pro-football-reference.com/boxscores/202209180pit.htm,1,00:42,1,10,PIT 34,3,0,(:42) 22-N.Harris right end pushed ob at PIT 39 for 5 yards (13-Ja.Jones).,1.568,0.030
2022,2,September 18,away,Pittsburgh Steelers,https://www.pro-football-reference.com/boxscores/202209180pit.htm,1,00:07,2,5,PIT 39,3,0,(:07) (Shotgun) 22-N.Harris up the middle to PIT 43 for 4 yards (32-D.McCourty; 8-J.Bentley).,1.598,0.237
2022,2,September 18,away,Pittsburgh Steelers,https://www.pro-football-reference.com/boxscores/202209180pit.htm,2,15:00,3,1,PIT 43,3,0,(15:00) (Shotgun) 22-N.Harris right guard to PIT 48 for 5 yards (8-J.Bentley; 3-J.Peppers).,1.835,0.613
2022,2,September 18,away,Pittsburgh Steelers,https://www.pro-football-reference.com/boxscores/202209180pit.htm,2,14:25,1,10,PIT 48,3,0,(14:25) 22-N.Harris right tackle to PIT 48 for no gain (93-L.Guy).,2.448,-0.522
2022,2,September 18,away,Pittsburgh Steelers,https://www.pro-football-reference.com/boxscores/202209180pit.htm,2,13:44,2,10,PIT 48,3,0,"(13:44) (Shotgun) 10-M.Trubisky pass incomplete short right to 18-D.Johnson. Penalty on PIT-78-J.Daniels, Ineligible Downfield Pass, declined.",1.926,-0.901
2022,2,September 18,away,Pittsburgh Steelers,https://www.pro-football-reference.com/boxscores/202209180pit.htm,2,13:40,3,10,PIT 48,3,0,(13:40) (Shotgun) 10-M.Trubisky pass short left to 18-D.Johnson pushed ob at NE 40 for 12 yards (31-Jo.Jones).,1.025,2.134
2022,2,September 18,away,Pittsburgh Steelers,https://www.pro-football-reference.com/boxscores/202209180pit.htm,2,13:06,1,10,NE 40,3,0,(13:06) 10-M.Trubisky sacked at NE 47 for -7 yards (90-C.Barmore).,3.158,-1.402
2022,2,September 18,away,Pittsburgh Steelers,https://www.pro-football-reference.com/boxscores/202209180pit.htm,2,12:22,2,17,NE 47,3,0,(12:22) (Shotgun) 10-M.Trubisky pass incomplete short middle to 88-P.Freiermuth (21-A.Phillips).,1.756,-0.952
2022,2,September 18,away,Pittsburgh Steelers,https://www.pro-football-reference.com/boxscores/202209180pit.htm,2,12:19,3,17,NE 47,3,0,(12:19) (Shotgun) 10-M.Trubisky pass deep left to 18-D.Johnson pushed ob at NE 30 for 17 yards (2-J.Mills).,0.804,2.993
2022,2,September 18,away,Pittsburgh Steelers,https://www.pro-football-reference.com/boxscores/202209180pit.htm,2,12:13,1,10,NE 30,3,0,"(12:13) (No Huddle, Shotgun) 22-N.Harris left tackle to NE 24 for 6 yards (90-C.Barmore; 27-M.Bryant).",3.797,0.477
2022,2,September 18,away,Pittsburgh Steelers,https://www.pro-football-reference.com/boxscores/202209180pit.htm,2,11:29,2,4,NE 24,3,0,(11:29) 22-N.Harris left tackle to NE 21 for 3 yards (30-M.Wilson).,4.274,-0.165
2022,2,September 18,away,Pittsburgh Steelers,https://www.pro-football-reference.com/boxscores/202209180pit.htm,2,11:08,3,1,NE 21,3,0,(11:08) (No Huddle) 22-N.Harris right end pushed ob at NE 19 for 2 yards (31-Jo.Jones).,4.109,0.476
2022,2,September 18,away,Pittsburgh Steelers,https://www.pro-football-reference.com/boxscores/202209180pit.htm,2,10:23,1,10,NE 19,3,0,"(10:23) (Shotgun) PENALTY on PIT, Delay of Game, 5 yards, enforced at NE 19 - No Play.",4.585,-0.631
2022,2,September 18,away,Pittsburgh Steelers,https://www.pro-football-reference.com/boxscores/202209180pit.htm,2,10:02,1,15,NE 24,3,0,(10:02) (Shotgun) 10-M.Trubisky pass incomplete short left to 11-C.Claypool (27-M.Bryant).,3.954,-0.400
2022,2,September 18,away,Pittsburgh Steelers,https://www.pro-football-reference.com/boxscores/202209180pit.htm,2,09:57,2,15,NE 24,3,0,"(9:57) (Shotgun) 10-M.Trubisky pass short right to 11-C.Claypool to NE 13 for 11 yards (30-M.Wilson, 2-J.Mills).",3.554,0.538
2022,2,September 18,away,Pittsburgh Steelers,https://www.pro-football-reference.com/boxscores/202209180pit.htm,2,09:18,3,4,NE 13,3,0,(9:18) (Shotgun) 10-M.Trubisky sacked at NE 18 for -5 yards (48-J.Tavai).,4.093,-1.481
2022,2,September 18,away,Pittsburgh Steelers,https://www.pro-football-reference.com/boxscores/202209180pit.htm,2,08:38,4,9,NE 18,3,3,"(8:38) 9-C.Boswell 36 yard field goal is GOOD, Center-46-C.Kuntz, Holder-6-P.Harvin.",2.612,0.388
2022,2,September 18,away,Pittsburgh Steelers,https://www.pro-football-reference.com/boxscores/202209180pit.htm,2,08:35,,,PIT 35,3,3,9-C.Boswell kicks 68 yards from PIT 35 to NE -3. 23-K.Dugger to NE 34 for 37 yards (42-J.Pierre).,1.243,0.393
2022,2,September 18,away,Pittsburgh Steelers,https://www.pro-football-reference.com/boxscores/202209180pit.htm,2,08:29,1,10,NE 34,3,3,(8:29) (Shotgun) 37-D.Harris up the middle to NE 38 for 4 yards (95-C.Wormley; 57-M.Adams).,1.636,0.059
2022,2,September 18,away,Pittsburgh Steelers,https://www.pro-football-reference.com/boxscores/202209180pit.htm,2,07:51,2,6,NE 38,3,3,"(7:51) (Shotgun) 10-M.Jones pass incomplete short right. PENALTY on NE-10-M.Jones, Intentional Grounding, 10 yards, enforced at NE 38. Pressure by 41-Spillane.",1.695,-1.833
2022,2,September 18,away,Pittsburgh Steelers,https://www.pro-football-reference.com/boxscores/202209180pit.htm,2,07:46,3,16,NE 28,3,3,"(7:46) (Shotgun) 10-M.Jones pass short left to 16-J.Meyers ran ob at NE 42 for 14 yards. PENALTY on NE-76-I.Wynn, Offensive Holding, 10 yards, enforced at NE 28 - No Play.",-0.139,-0.785
2022,2,September 18,away,Pittsburgh Steelers,https://www.pro-football-reference.com/boxscores/202209180pit.htm,2,07:15,3,26,NE 18,3,3,(7:15) (Shotgun) 10-M.Jones pass deep middle to 16-J.Meyers to NE 42 for 24 yards (34-T.Edmunds).,-0.924,1.064
2022,2,September 18,away,Pittsburgh Steelers,https://www.pro-football-reference.com/boxscores/202209180pit.htm,2,06:33,4,2,NE 42,3,3,"(6:33) 7-J.Bailey punts 58 yards to end zone, Center-49-J.Cardona, Touchback.",0.140,-0.638
2022,2,September 18,away,Pittsburgh Steelers,https://www.pro-football-reference.com/boxscores/202209180pit.htm,2,06:25,1,10,PIT 20,3,3,(6:25) (Shotgun) 10-M.Trubisky pass short middle to 88-P.Freiermuth to PIT 24 for 4 yards (91-D.Wise).,0.499,-0.287
2022,2,September 18,away,Pittsburgh Steelers,https://www.pro-football-reference.com/boxscores/202209180pit.htm,2,05:52,2,6,PIT 24,3,3,(5:52) 22-N.Harris right guard to PIT 27 for 3 yards (93-L.Guy).,0.211,-0.213
2022,2,September 18,away,Pittsburgh Steelers,https://www.pro-football-reference.com/boxscores/202209180pit.htm,2,05:11,3,3,PIT 27,3,3,(5:11) (Shotgun) 10-M.Trubisky pass short left to 11-C.Claypool pushed ob at PIT 32 for 5 yards (27-M.Bryant).,-0.002,1.128
2022,2,September 18,away,Pittsburgh Steelers,https://www.pro-football-reference.com/boxscores/202209180pit.htm,2,04:53,1,10,PIT 32,3,3,"(4:53) (No Huddle, Shotgun) 30-J.Warren left end pushed ob at PIT 34 for 2 yards (23-K.Dugger).",1.127,-0.403
2022,2,September 18,away,Pittsburgh Steelers,https://www.pro-football-reference.com/boxscores/202209180pit.htm,2,04:19,2,8,PIT 34,3,3,"(4:19) PENALTY on PIT-65-D.Moore, False Start, 5 yards, enforced at PIT 34 - No Play.",0.723,-0.432
2022,2,September 18,away,Pittsburgh Steelers,https://www.pro-football-reference.com/boxscores/202209180pit.htm,2,03:59,2,13,PIT 29,3,3,(3:59) (Shotgun) 10-M.Trubisky pass short right to 11-C.Claypool pushed ob at PIT 35 for 6 yards (27-M.Bryant).,0.291,-0.032
2022,2,September 18,away,Pittsburgh Steelers,https://www.pro-football-reference.com/boxscores/202209180pit.htm,2,03:24,3,7,PIT 35,3,3,(3:24) (Shotgun) 10-M.Trubisky pass incomplete short middle to 88-P.Freiermuth.,0.259,-1.092
2022,2,September 18,away,Pittsburgh Steelers,https://www.pro-football-reference.com/boxscores/202209180pit.htm,2,03:19,4,7,PIT 35,3,3,"(3:19) 6-P.Harvin punts 55 yards to NE 10, Center-46-C.Kuntz. 27-M.Bryant to NE 26 for 16 yards (27-M.Allen).",-0.833,-0.189
2022,2,September 18,away,Pittsburgh Steelers,https://www.pro-football-reference.com/boxscores/202209180pit.htm,2,03:08,1,10,NE 26,3,3,(3:08) (Shotgun) 10-M.Jones pass incomplete short right to 81-J.Smith (98-D.Leal).,1.022,-0.479
2022,2,September 18,away,Pittsburgh Steelers,https://www.pro-football-reference.com/boxscores/202209180pit.htm,2,03:05,2,10,NE 26,3,3,(3:05) (Shotgun) 10-M.Jones pass short right to 15-N.Agholor to NE 35 for 9 yards (51-M.Jack).,0.543,0.541
2022,2,September 18,away,Pittsburgh Steelers,https://www.pro-football-reference.com/boxscores/202209180pit.htm,2,02:18,,,NE 35,3,3,Timeout #1 by NE at 02:18.,1.084,0.000
2022,2,September 18,away,Pittsburgh Steelers,https://www.pro-football-reference.com/boxscores/202209180pit.htm,2,02:16,3,1,NE 35,3,3,(2:16) 10-M.Jones up the middle to NE 39 for 4 yards (55-D.Bush).,1.084,0.414
2022,2,September 18,away,Pittsburgh Steelers,https://www.pro-football-reference.com/boxscores/202209180pit.htm,2,02:00,1,10,NE 39,3,3,(2:00) (Shotgun) 10-M.Jones scrambles left end to NE 43 for 4 yards (56-A.Highsmith).,1.498,-0.239
2022,2,September 18,away,Pittsburgh Steelers,https://www.pro-football-reference.com/boxscores/202209180pit.htm,2,01:22,2,6,NE 43,3,3,(1:22) (Shotgun) 10-M.Jones pass short right to 84-K.Bourne to NE 49 for 6 yards (25-A.Witherspoon).,1.259,0.663
2022,2,September 18,away,Pittsburgh Steelers,https://www.pro-football-reference.com/boxscores/202209180pit.htm,2,00:55,1,10,NE 49,3,3,"(:55) (No Huddle, Shotgun) 10-M.Jones pass incomplete short left to 16-J.Meyers.",1.922,-0.348
2022,2,September 18,away,Pittsburgh Steelers,https://www.pro-football-reference.com/boxscores/202209180pit.htm,2,00:51,2,10,NE 49,3,3,(:51) (Shotgun) 10-M.Jones pass short middle to 16-J.Meyers to PIT 44 for 7 yards (41-R.Spillane).,1.574,0.149
2022,2,September 18,away,Pittsburgh Steelers,https://www.pro-football-reference.com/boxscores/202209180pit.htm,2,00:30,3,3,PIT 44,9,3,"(:30) (No Huddle, Shotgun) 10-M.Jones pass deep right to 15-N.Agholor for 44 yards, TOUCHDOWN.",1.723,5.277
2022,2,September 18,away,Pittsburgh Steelers,https://www.pro-football-reference.com/boxscores/202209180pit.htm,2,00:22,,,PIT 15,10,3,"6-N.Folk extra point is GOOD, Center-49-J.Cardona, Holder-7-J.Bailey.",0.932,0.068
2022,2,September 18,away,Pittsburgh Steelers,https://www.pro-football-reference.com/boxscores/202209180pit.htm,2,00:22,,,NE 35,10,3,"7-J.Bailey kicks 65 yards from NE 35 to end zone, Touchback.",0.208,0.000
2022,2,September 18,away,Pittsburgh Steelers,https://www.pro-football-reference.com/boxscores/202209180pit.htm,2,00:22,1,10,PIT 25,10,3,(:22) (Shotgun) 10-M.Trubisky pass deep right to 14-G.Pickens ran ob at PIT 48 for 23 yards.,0.208,0.792
2022,2,September 18,away,Pittsburgh Steelers,https://www.pro-football-reference.com/boxscores/202209180pit.htm,2,00:17,1,10,PIT 48,10,3,(:17) (Shotgun) 10-M.Trubisky pass incomplete deep right to 18-D.Johnson.,1.000,-0.324
2022,2,September 18,away,Pittsburgh Steelers,https://www.pro-football-reference.com/boxscores/202209180pit.htm,2,00:13,2,10,PIT 48,10,3,(:13) (Shotgun) 10-M.Trubisky sacked at PIT 44 for -4 yards (9-M.Judon).,0.676,-0.478
2022,2,September 18,away,Pittsburgh Steelers,https://www.pro-football-reference.com/boxscores/202209180pit.htm,2,00:03,,,,10,3,Timeout #2 by PIT at 00:03.,0.198,0.000
2022,2,September 18,away,Pittsburgh Steelers,https://www.pro-football-reference.com/boxscores/202209180pit.htm,2,00:03,,,PIT 44,10,3,Timeout #2 by NE at 00:03.,0.198,0.000
2022,2,September 18,away,Pittsburgh Steelers,https://www.pro-football-reference.com/boxscores/202209180pit.htm,2,00:03,3,14,PIT 44,10,3,"(:03) (Shotgun) 10-M.Trubisky pass incomplete deep right (32-D.McCourty, 31-Jo.Jones).",0.198,-0.198
2022,2,September 18,away,Pittsburgh Steelers,https://www.pro-football-reference.com/boxscores/202209180pit.htm,3,15:00,,,PIT 35,10,3,"9-C.Boswell kicks 65 yards from PIT 35 to end zone, Touchback.",0.770,0.000
2022,2,September 18,away,Pittsburgh Steelers,https://www.pro-football-reference.com/boxscores/202209180pit.htm,3,15:00,1,10,NE 25,10,3,(15:00) (Shotgun) 37-D.Harris left guard to NE 30 for 5 yards (55-D.Bush; 35-A.Maulet).,0.770,0.076
2022,2,September 18,away,Pittsburgh Steelers,https://www.pro-football-reference.com/boxscores/202209180pit.htm,3,14:31,2,5,NE 30,10,3,(14:31) (Shotgun) 10-M.Jones pass short middle to 84-K.Bourne to NE 40 for 10 yards (35-A.Maulet).,0.846,0.925
2022,2,September 18,away,Pittsburgh Steelers,https://www.pro-football-reference.com/boxscores/202209180pit.htm,3,13:48,1,10,NE 40,10,3,(13:48) (Shotgun) 37-D.Harris right guard to NE 43 for 3 yards (51-M.Jack; 34-T.Edmunds).,1.771,-0.141
2022,2,September 18,away,Pittsburgh Steelers,https://www.pro-football-reference.com/boxscores/202209180pit.htm,3,13:08,2,7,NE 43,10,3,(13:08) (Shotgun) 10-M.Jones pass short middle to 37-D.Harris to PIT 46 for 11 yards (20-C.Sutton).,1.630,1.200
2022,2,September 18,away,Pittsburgh Steelers,https://www.pro-football-reference.com/boxscores/202209180pit.htm,3,12:23,1,10,PIT 46,10,3,(12:23) (Shotgun) 37-D.Harris right tackle to PIT 43 for 3 yards (55-D.Bush; 94-T.Alualu).,2.829,-0.404
2022,2,September 18,away,Pittsburgh Steelers,https://www.pro-football-reference.com/boxscores/202209180pit.htm,3,11:43,2,7,PIT 43,10,3,(11:43) (Shotgun) 10-M.Jones pass incomplete deep middle to 84-K.Bourne.,2.425,-0.853
2022,2,September 18,away,Pittsburgh Steelers,https://www.pro-football-reference.com/boxscores/202209180pit.htm,3,11:39,3,7,PIT 43,10,3,(11:39) (Shotgun) 38-R.Stevenson up the middle to PIT 36 for 7 yards (41-R.Spillane; 39-M.Fitzpatrick).,1.572,1.907
2022,2,September 18,away,Pittsburgh Steelers,https://www.pro-football-reference.com/boxscores/202209180pit.htm,3,11:10,1,10,PIT 36,10,3,(11:10) (Shotgun) 38-R.Stevenson up the middle to PIT 33 for 3 yards (51-M.Jack; 50-M.Reed).,3.479,-0.196
2022,2,September 18,away,Pittsburgh Steelers,https://www.pro-football-reference.com/boxscores/202209180pit.htm,3,10:29,2,7,PIT 33,10,3,"(10:29) (Shotgun) PENALTY on NE-76-I.Wynn, False Start, 5 yards, enforced at PIT 33 - No Play.",3.282,-1.141
2022,2,September 18,away,Pittsburgh Steelers,https://www.pro-football-reference.com/boxscores/202209180pit.htm,3,10:04,,,PIT 38,10,3,Timeout #1 by NE at 10:04.,2.141,0.000
2022,2,September 18,away,Pittsburgh Steelers,https://www.pro-football-reference.com/boxscores/202209180pit.htm,3,10:04,2,12,PIT 38,10,3,(10:04) (Shotgun) 10-M.Jones pass short middle to 38-R.Stevenson to PIT 34 for 4 yards (56-A.Highsmith).,2.141,-0.144
2022,2,September 18,away,Pittsburgh Steelers,https://www.pro-football-reference.com/boxscores/202209180pit.htm,3,09:26,3,8,PIT 34,10,3,(9:26) (Shotgun) 10-M.Jones pass incomplete short left to 16-J.Meyers. Coverage by 20-Sutton.,1.997,-0.764
2022,2,September 18,away,Pittsburgh Steelers,https://www.pro-football-reference.com/boxscores/202209180pit.htm,3,09:21,4,8,PIT 34,10,3,"(9:21) 6-N.Folk 52 yard field goal is No Good, Wide Right, Center-49-J.Cardona, Holder-7-J.Bailey.",1.232,-3.992
2022,2,September 18,away,Pittsburgh Steelers,https://www.pro-football-reference.com/boxscores/202209180pit.htm,3,09:17,1,10,PIT 42,10,3,"(9:17) 10-M.Trubisky pass short right to 22-N.Harris to NE 45 for 13 yards (2-J.Mills, 30-M.Wilson).",2.760,0.729
2022,2,September 18,away,Pittsburgh Steelers,https://www.pro-football-reference.com/boxscores/202209180pit.htm,3,08:31,1,10,NE 45,10,3,"(8:31) 22-N.Harris left tackle to NE 44 for 1 yard (91-D.Wise, 27-M.Bryant).",3.488,-0.532
2022,2,September 18,away,Pittsburgh Steelers,https://www.pro-football-reference.com/boxscores/202209180pit.htm,3,07:49,2,9,NE 44,10,3,(7:49) (Shotgun) 10-M.Trubisky pass short left to 18-D.Johnson to NE 35 for 9 yards (2-J.Mills).,2.956,1.047
2022,2,September 18,away,Pittsburgh Steelers,https://www.pro-football-reference.com/boxscores/202209180pit.htm,3,07:09,1,10,NE 35,10,3,(7:09) (Shotgun) 10-M.Trubisky pass incomplete short right to 11-C.Claypool.,4.003,-0.478
2022,2,September 18,away,Pittsburgh Steelers,https://www.pro-football-reference.com/boxscores/202209180pit.htm,3,07:06,2,10,NE 35,10,3,(7:06) 10-M.Trubisky pass short left to 18-D.Johnson to NE 33 for 2 yards (3-J.Peppers).,3.525,-0.700
2022,2,September 18,away,Pittsburgh Steelers,https://www.pro-football-reference.com/boxscores/202209180pit.htm,3,06:27,,,NE 33,10,3,Timeout #1 by PIT at 06:27.,2.825,0.000
2022,2,September 18,away,Pittsburgh Steelers,https://www.pro-football-reference.com/boxscores/202209180pit.htm,3,06:27,3,8,NE 33,10,3,(6:27) (Shotgun) 10-M.Trubisky pass short left to 30-J.Warren to NE 33 for no gain (3-J.Peppers).,2.825,-1.817
2022,2,September 18,away,Pittsburgh Steelers,https://www.pro-football-reference.com/boxscores/202209180pit.htm,3,05:47,4,8,NE 33,10,6,"(5:47) 9-C.Boswell 52 yard field goal is GOOD, Center-46-C.Kuntz, Holder-6-P.Harvin.",1.009,1.991
2022,2,September 18,away,Pittsburgh Steelers,https://www.pro-football-reference.com/boxscores/202209180pit.htm,3,05:44,,,PIT 35,10,6,9-C.Boswell kicks 70 yards from PIT 35 to NE -5. 35-P.Strong to NE 17 for 22 yards (13-M.Boykin).,0.796,-0.535
2022,2,September 18,away,Pittsburgh Steelers,https://www.pro-football-reference.com/boxscores/202209180pit.htm,3,05:40,1,10,NE 17,10,6,(5:40) 10-M.Jones pass short middle to 15-N.Agholor to NE 42 for 25 yards (34-T.Edmunds).,0.262,1.733
2022,2,September 18,away,Pittsburgh Steelers,https://www.pro-football-reference.com/boxscores/202209180pit.htm,3,04:58,1,10,NE 42,10,6,"(4:58) PENALTY on NE-71-M.Onwenu, False Start, 5 yards, enforced at NE 42 - No Play.",1.995,-0.645
2022,2,September 18,away,Pittsburgh Steelers,https://www.pro-football-reference.com/boxscores/202209180pit.htm,3,04:38,1,15,NE 37,10,6,"(4:38) (Shotgun) 10-M.Jones pass short middle to 16-J.Meyers to NE 43 for 6 yards (20-C.Sutton, 51-M.Jack).",1.350,0.237
2022,2,September 18,away,Pittsburgh Steelers,https://www.pro-football-reference.com/boxscores/202209180pit.htm,3,04:18,2,9,NE 43,10,6,"(4:18) (No Huddle, Shotgun) 10-M.Jones pass incomplete short left to 16-J.Meyers.",1.587,-0.868
2022,2,September 18,away,Pittsburgh Steelers,https://www.pro-football-reference.com/boxscores/202209180pit.htm,3,04:12,3,9,NE 43,10,6,(4:12) (Shotgun) 10-M.Jones pass incomplete deep left to 16-J.Meyers (20-C.Sutton) [50-M.Reed]. Coverage by 20-Sutton.,0.719,-1.444
2022,2,September 18,away,Pittsburgh Steelers,https://www.pro-football-reference.com/boxscores/202209180pit.htm,3,04:06,4,9,NE 43,10,6,"(4:06) 7-J.Bailey punts 37 yards to PIT 20, Center-49-J.Cardona. 89-G.Olszewski MUFFS catch, RECOVERED by NE-41-B.Schooler at PIT 20. PENALTY on PIT-83-Co.Heyward, Unnecessary Roughness, 10 yards, enforced at PIT 20.",-0.726,5.792
2022,2,September 18,away,Pittsburgh Steelers,https://www.pro-football-reference.com/boxscores/202209180pit.htm,3,03:58,1,10,PIT 10,10,6,(3:58) (Shotgun) 37-D.Harris left guard to PIT 7 for 3 yards (98-D.Leal).,5.067,-0.122
2022,2,September 18,away,Pittsburgh Steelers,https://www.pro-football-reference.com/boxscores/202209180pit.htm,3,03:24,2,7,PIT 7,10,6,(3:24) (Shotgun) 10-M.Jones pass short left to 37-D.Harris to PIT 2 for 5 yards (51-M.Jack).,4.945,0.060
2022,2,September 18,away,Pittsburgh Steelers,https://www.pro-football-reference.com/boxscores/202209180pit.htm,3,02:50,3,2,PIT 2,16,6,"(2:50) 37-D.Harris up the middle for 2 yards, TOUCHDOWN.",5.004,1.996
2022,2,September 18,away,Pittsburgh Steelers,https://www.pro-football-reference.com/boxscores/202209180pit.htm,3,02:47,,,PIT 15,17,6,"6-N.Folk extra point is GOOD, Center-49-J.Cardona, Holder-7-J.Bailey.",0.932,0.068
2022,2,September 18,away,Pittsburgh Steelers,https://www.pro-football-reference.com/boxscores/202209180pit.htm,3,02:47,,,NE 35,17,6,"7-J.Bailey kicks 65 yards from NE 35 to end zone, Touchback.",1.391,0.000
2022,2,September 18,away,Pittsburgh Steelers,https://www.pro-football-reference.com/boxscores/202209180pit.htm,3,02:47,1,10,PIT 25,17,6,(2:47) 10-M.Trubisky pass short middle to 22-N.Harris to PIT 39 for 14 yards (27-M.Bryant).,1.391,0.933
2022,2,September 18,away,Pittsburgh Steelers,https://www.pro-football-reference.com/boxscores/202209180pit.htm,3,02:21,1,10,PIT 39,17,6,"(2:21) (No Huddle, Shotgun) 10-M.Trubisky pass incomplete short left to 18-D.Johnson.",2.324,-0.510
2022,2,September 18,away,Pittsburgh Steelers,https://www.pro-football-reference.com/boxscores/202209180pit.htm,3,02:18,2,10,PIT 39,17,6,"(2:18) 89-G.Olszewski left end to NE 43 for 18 yards (13-Ja.Jones, 32-D.McCourty).",1.814,1.492
2022,2,September 18,away,Pittsburgh Steelers,https://www.pro-football-reference.com/boxscores/202209180pit.htm,3,02:08,1,10,NE 43,17,6,(2:08) (Shotgun) 22-N.Harris up the middle to NE 35 for 8 yards (48-J.Tavai; 91-D.Wise).,3.306,0.481
2022,2,September 18,away,Pittsburgh Steelers,https://www.pro-football-reference.com/boxscores/202209180pit.htm,3,01:27,2,2,NE 35,17,6,"(1:27) (No Huddle, Shotgun) 10-M.Trubisky pass short left to 22-N.Harris to NE 27 for 8 yards (32-D.McCourty).",3.787,0.474
2022,2,September 18,away,Pittsburgh Steelers,https://www.pro-football-reference.com/boxscores/202209180pit.htm,3,00:59,1,10,NE 27,17,6,"(:59) (No Huddle, Shotgun) 10-M.Trubisky pass short left to 18-D.Johnson ran ob at NE 14 for 13 yards.",4.261,0.796
2022,2,September 18,away,Pittsburgh Steelers,https://www.pro-football-reference.com/boxscores/202209180pit.htm,3,00:41,1,10,NE 14,17,6,"(:41) (No Huddle, Shotgun) 22-N.Harris left tackle to NE 11 for 3 yards (48-J.Tavai; 98-Ca.Davis).",5.057,-0.340
2022,2,September 18,away,Pittsburgh Steelers,https://www.pro-football-reference.com/boxscores/202209180pit.htm,3,00:03,2,7,NE 11,17,6,(:03) (Shotgun) 30-J.Warren left guard to NE 8 for 3 yards (58-A.Jennings).,4.717,-0.303
2022,2,September 18,away,Pittsburgh Steelers,https://www.pro-football-reference.com/boxscores/202209180pit.htm,4,15:00,3,4,NE 8,17,12,"(15:00) (Shotgun) 10-M.Trubisky pass short middle to 88-P.Freiermuth for 8 yards, TOUCHDOWN.",4.414,2.586
2022,2,September 18,away,Pittsburgh Steelers,https://www.pro-football-reference.com/boxscores/202209180pit.htm,4,14:58,,,NE 2,17,14,TWO-POINT CONVERSION ATTEMPT. 10-M.Trubisky pass to 18-D.Johnson is complete. ATTEMPT SUCCEEDS.,0.947,1.053
2022,2,September 18,away,Pittsburgh Steelers,https://www.pro-football-reference.com/boxscores/202209180pit.htm,4,14:58,,,PIT 35,17,14,9-C.Boswell kicks 63 yards from PIT 35 to NE 2. 35-P.Strong to NE 28 for 26 yards (83-Co.Heyward; 30-J.Warren).,0.827,0.109
2022,2,September 18,away,Pittsburgh Steelers,https://www.pro-football-reference.com/boxscores/202209180pit.htm,4,14:50,1,10,NE 28,17,14,(14:50) (Shotgun) 10-M.Jones pass short middle to 16-J.Meyers to NE 39 for 11 yards (51-M.Jack).,0.936,0.808
2022,2,September 18,away,Pittsburgh Steelers,https://www.pro-football-reference.com/boxscores/202209180pit.htm,4,14:13,1,10,NE 39,17,14,(14:13) (Shotgun) 38-R.Stevenson up the middle to NE 42 for 3 yards (51-M.Jack; 94-T.Alualu).,1.744,-0.238
2022,2,September 18,away,Pittsburgh Steelers,https://www.pro-football-reference.com/boxscores/202209180pit.htm,4,13:31,2,7,NE 42,17,14,"(13:31) (Shotgun) 10-M.Jones pass short middle to 84-K.Bourne to PIT 48 for 10 yards (25-A.Witherspoon). PENALTY on NE-69-C.Strange, Offensive Holding, 10 yards, enforced at NE 42 - No Play.",1.506,-1.013
2022,2,September 18,away,Pittsburgh Steelers,https://www.pro-football-reference.com/boxscores/202209180pit.htm,4,13:00,2,17,NE 32,17,14,(13:00) 38-R.Stevenson up the middle to NE 40 for 8 yards (97-C.Heyward).,0.493,0.028
2022,2,September 18,away,Pittsburgh Steelers,https://www.pro-football-reference.com/boxscores/202209180pit.htm,4,12:20,3,9,NE 40,17,14,(12:20) (Shotgun) 10-M.Jones pass short middle to 16-J.Meyers to PIT 45 for 15 yards (25-A.Witherspoon).,0.520,2.340
2022,2,September 18,away,Pittsburgh Steelers,https://www.pro-football-reference.com/boxscores/202209180pit.htm,4,11:37,1,10,PIT 45,17,14,(11:37) (Shotgun) 10-M.Jones pass short left to 15-N.Agholor to PIT 40 for 5 yards (98-D.Leal; 51-M.Jack).,2.860,0.004
2022,2,September 18,away,Pittsburgh Steelers,https://www.pro-football-reference.com/boxscores/202209180pit.htm,4,11:07,2,5,PIT 40,17,14,"(11:07) (No Huddle, Shotgun) 10-M.Jones pass incomplete deep left to 81-J.Smith. Coverage by 34-Edmunds.",2.864,-0.787
2022,2,September 18,away,Pittsburgh Steelers,https://www.pro-football-reference.com/boxscores/202209180pit.htm,4,11:03,3,5,PIT 40,17,14,(11:03) (Shotgun) 10-M.Jones pass incomplete deep left to 1-D.Parker.,2.077,-1.710
2022,2,September 18,away,Pittsburgh Steelers,https://www.pro-football-reference.com/boxscores/202209180pit.htm,4,10:58,4,5,PIT 40,17,14,"(10:58) 7-J.Bailey punts 29 yards to PIT 11, Center-49-J.Cardona, downed by NE-58-A.Jennings.",0.367,-0.606
2022,2,September 18,away,Pittsburgh Steelers,https://www.pro-football-reference.com/boxscores/202209180pit.htm,4,10:49,1,10,PIT 11,17,14,(10:49) 22-N.Harris left tackle to PIT 13 for 2 yards (92-D.Godchaux; 9-M.Judon).,0.239,-0.445
2022,2,September 18,away,Pittsburgh Steelers,https://www.pro-football-reference.com/boxscores/202209180pit.htm,4,10:13,2,8,PIT 13,17,14,(10:13) (Shotgun) 10-M.Trubisky pass incomplete deep left to 14-G.Pickens.,-0.206,-0.656
2022,2,September 18,away,Pittsburgh Steelers,https://www.pro-football-reference.com/boxscores/202209180pit.htm,4,10:08,3,8,PIT 13,17,14,"(10:08) (Shotgun) 10-M.Trubisky pass short left to 22-N.Harris to PIT 15 for 2 yards (21-A.Phillips, 2-J.Mills).",-0.862,-0.775
2022,2,September 18,away,Pittsburgh Steelers,https://www.pro-football-reference.com/boxscores/202209180pit.htm,4,09:49,4,6,PIT 15,17,14,"(9:49) 6-P.Harvin punts 40 yards to NE 45, Center-46-C.Kuntz. 27-M.Bryant to 50 for 5 yards (41-R.Spillane).",-1.638,-0.893
2022,2,September 18,away,Pittsburgh Steelers,https://www.pro-football-reference.com/boxscores/202209180pit.htm,4,09:40,1,10,MID 50,17,14,(9:40) 10-M.Jones pass short left to 16-J.Meyers to PIT 44 for 6 yards (29-L.Wallace).,2.530,0.257
2022,2,September 18,away,Pittsburgh Steelers,https://www.pro-football-reference.com/boxscores/202209180pit.htm,4,09:01,2,4,PIT 44,17,14,"(9:01) 37-D.Harris right end to PIT 42 for 2 yards (50-M.Reed, 51-M.Jack).",2.788,-0.479
2022,2,September 18,away,Pittsburgh Steelers,https://www.pro-football-reference.com/boxscores/202209180pit.htm,4,08:14,3,2,PIT 42,17,14,(8:14) (Shotgun) 10-M.Jones pass incomplete short left to 81-J.Smith (34-T.Edmunds).,2.309,-1.623
2022,2,September 18,away,Pittsburgh Steelers,https://www.pro-football-reference.com/boxscores/202209180pit.htm,4,08:11,4,2,PIT 42,17,14,"(8:11) 7-J.Bailey punts 42 yards to end zone, Center-49-J.Cardona, Touchback.",0.686,-1.551
2022,2,September 18,away,Pittsburgh Steelers,https://www.pro-football-reference.com/boxscores/202209180pit.htm,4,08:03,1,10,PIT 20,17,14,(8:03) (Shotgun) 22-N.Harris right end to PIT 25 for 5 yards (9-M.Judon; 27-M.Bryant).,0.865,0.029
2022,2,September 18,away,Pittsburgh Steelers,https://www.pro-football-reference.com/boxscores/202209180pit.htm,4,07:28,2,5,PIT 25,17,14,(7:28) (Shotgun) 10-M.Trubisky pass short right to 22-N.Harris to PIT 28 for 3 yards (48-J.Tavai; 9-M.Judon).,0.894,-0.446
2022,2,September 18,away,Pittsburgh Steelers,https://www.pro-football-reference.com/boxscores/202209180pit.htm,4,06:47,3,2,PIT 28,17,14,(6:47) (Shotgun) 10-M.Trubisky pass incomplete short right to 22-N.Harris (9-M.Judon).,0.449,-1.204
2022,2,September 18,away,Pittsburgh Steelers,https://www.pro-football-reference.com/boxscores/202209180pit.htm,4,06:41,4,2,PIT 28,17,14,"(6:41) 6-P.Harvin punts 42 yards to NE 30, Center-46-C.Kuntz. 27-M.Bryant to NE 30 for no gain (13-M.Boykin).",-0.755,-0.452
2022,2,September 18,away,Pittsburgh Steelers,https://www.pro-football-reference.com/boxscores/202209180pit.htm,4,06:33,1,10,NE 30,17,14,(6:33) 38-R.Stevenson up the middle to NE 33 for 3 yards (97-C.Heyward; 50-M.Reed).,1.207,-0.312
2022,2,September 18,away,Pittsburgh Steelers,https://www.pro-football-reference.com/boxscores/202209180pit.htm,4,05:58,2,7,NE 33,17,14,"(5:58) 38-R.Stevenson right end to NE 37 for 4 yards (39-M.Fitzpatrick). PENALTY on NE-16-J.Meyers, Offensive Holding, 10 yards, enforced at NE 37.",0.895,-0.802
2022,2,September 18,away,Pittsburgh Steelers,https://www.pro-football-reference.com/boxscores/202209180pit.htm,4,05:23,2,13,NE 27,17,14,(5:23) (Shotgun) 10-M.Jones pass short middle to 83-L.Humphrey to NE 38 for 11 yards (41-R.Spillane; 51-M.Jack).,0.093,0.875
2022,2,September 18,away,Pittsburgh Steelers,https://www.pro-football-reference.com/boxscores/202209180pit.htm,4,04:37,3,2,NE 38,17,14,(4:37) (Shotgun) 10-M.Jones scrambles left guard to NE 43 for 5 yards (51-M.Jack).,0.968,0.856
2022,2,September 18,away,Pittsburgh Steelers,https://www.pro-football-reference.com/boxscores/202209180pit.htm,4,03:51,1,10,NE 43,17,14,(3:51) (Shotgun) 38-R.Stevenson left guard to NE 49 for 6 yards (95-C.Wormley).,1.824,0.174
2022,2,September 18,away,Pittsburgh Steelers,https://www.pro-football-reference.com/boxscores/202209180pit.htm,4,03:07,2,4,NE 49,17,14,(3:07) (Shotgun) 38-R.Stevenson right guard to PIT 43 for 8 yards (41-R.Spillane).,1.998,0.527
2022,2,September 18,away,Pittsburgh Steelers,https://www.pro-football-reference.com/boxscores/202209180pit.htm,4,02:23,1,10,PIT 43,17,14,(2:23) (Shotgun) 37-D.Harris left guard to PIT 27 for 16 yards (48-J.Jones).,2.525,1.102
2022,2,September 18,away,Pittsburgh Steelers,https://www.pro-football-reference.com/boxscores/202209180pit.htm,4,02:00,1,10,PIT 27,17,14,"(2:00) (Shotgun) 37-D.Harris right guard to PIT 29 for -2 yards (51-M.Jack, 56-A.Highsmith).",3.627,-1.013
2022,2,September 18,away,Pittsburgh Steelers,https://www.pro-football-reference.com/boxscores/202209180pit.htm,4,01:57,,,PIT 29,17,14,Timeout #2 by PIT at 01:57.,2.614,0.000
2022,2,September 18,away,Pittsburgh Steelers,https://www.pro-football-reference.com/boxscores/202209180pit.htm,4,01:57,2,12,PIT 29,17,14,(1:57) 37-D.Harris left tackle to PIT 20 for 9 yards (50-M.Reed).,2.614,-0.143
2022,2,September 18,away,Pittsburgh Steelers,https://www.pro-football-reference.com/boxscores/202209180pit.htm,4,01:51,,,PIT 20,17,14,Timeout #3 by PIT at 01:51.,2.471,0.000
2022,2,September 18,away,Pittsburgh Steelers,https://www.pro-football-reference.com/boxscores/202209180pit.htm,4,01:51,3,3,PIT 20,17,14,(1:51) 37-D.Harris left tackle to PIT 15 for 5 yards (97-C.Heyward). PIT-97-C.Heyward was injured during the play. NE-37-D.Harris was injured during the play.,2.471,1.141
2022,2,September 18,away,Pittsburgh Steelers,https://www.pro-football-reference.com/boxscores/202209180pit.htm,4,01:40,,,PIT 15,17,14,Timeout #2 by NE at 01:40.,3.612,0.000
2022,2,September 18,away,Pittsburgh Steelers,https://www.pro-football-reference.com/boxscores/202209180pit.htm,4,01:40,1,10,PIT 15,17,14,(1:40) 10-M.Jones kneels to PIT 19 for -4 yards.,3.612,-0.994
2022,2,September 18,away,Pittsburgh Steelers,https://www.pro-football-reference.com/boxscores/202209180pit.htm,4,00:58,2,14,PIT 19,17,14,(:58) 10-M.Jones kneels to PIT 21 for -2 yards.,2.619,-0.241
2022,2,September 18,away,Pittsburgh Steelers,https://www.pro-football-reference.com/boxscores/202209180pit.htm,4,00:26,3,16,PIT 21,17,14,(:26) 10-M.Jones kneels to PIT 24 for -3 yards.,2.377,-2.377
2022,3,September 25,home,Baltimore Ravens,https://www.pro-football-reference.com/boxscores/202209250nwe.htm,1,15:00,,,NE 35,0,0,"7-J.Bailey kicks 65 yards from NE 35 to end zone, Touchback.",0.770,0.000
2022,3,September 25,home,Baltimore Ravens,https://www.pro-football-reference.com/boxscores/202209250nwe.htm,1,15:00,1,10,BAL 25,0,0,(15:00) (Shotgun) 8-L.Jackson sacked ob at BAL 25 for 0 yards (9-M.Judon).,0.770,-0.561
2022,3,September 25,home,Baltimore Ravens,https://www.pro-football-reference.com/boxscores/202209250nwe.htm,1,14:20,2,10,BAL 25,0,0,(14:20) (Shotgun) 8-L.Jackson pass short left to 27-J.Dobbins pushed ob at BAL 31 for 6 yards (31-Jo.Jones).,0.210,-0.017
2022,3,September 25,home,Baltimore Ravens,https://www.pro-football-reference.com/boxscores/202209250nwe.htm,1,13:38,3,4,BAL 31,0,0,(13:38) (Shotgun) 8-L.Jackson pass incomplete short middle to 80-I.Likely (95-D.Ekuale).,0.193,-1.602
2022,3,September 25,home,Baltimore Ravens,https://www.pro-football-reference.com/boxscores/202209250nwe.htm,1,13:34,4,4,BAL 31,0,0,"(13:34) 11-J.Stout punts 55 yards to NE 14, Center-46-N.Moore. 27-M.Bryant MUFFS catch, and recovers at NE 11. 27-M.Bryant to NE 11 for no gain (43-J.Hill).",-1.408,0.941
2022,3,September 25,home,Baltimore Ravens,https://www.pro-football-reference.com/boxscores/202209250nwe.htm,1,13:23,1,10,NE 11,0,0,(13:23) (Shotgun) 10-M.Jones pass short middle to 1-D.Parker to NE 42 for 31 yards (36-C.Clark).,0.467,2.128
2022,3,September 25,home,Baltimore Ravens,https://www.pro-football-reference.com/boxscores/202209250nwe.htm,1,12:47,1,10,NE 42,0,0,(12:47) (Shotgun) 37-D.Harris left guard to NE 45 for 3 yards (56-J.Bynes).,2.595,-0.291
2022,3,September 25,home,Baltimore Ravens,https://www.pro-football-reference.com/boxscores/202209250nwe.htm,1,12:09,2,7,NE 45,0,0,"(12:09) (Shotgun) 10-M.Jones pass short right to 84-K.Bourne to BAL 49 for 6 yards (36-C.Clark). PENALTY on NE-76-I.Wynn, Illegal Formation, 5 yards, enforced at NE 45 - No Play.",2.304,-0.696
2022,3,September 25,home,Baltimore Ravens,https://www.pro-football-reference.com/boxscores/202209250nwe.htm,1,11:54,2,12,NE 40,0,0,(11:54) (Shotgun) 10-M.Jones pass short left to 81-J.Smith pushed ob at NE 44 for 4 yards (44-M.Humphrey).,1.609,-0.316
2022,3,September 25,home,Baltimore Ravens,https://www.pro-football-reference.com/boxscores/202209250nwe.htm,1,11:25,3,8,NE 44,0,0,(11:25) (Shotgun) 10-M.Jones sacked at NE 37 for -7 yards (6-P.Queen).,1.292,-2.017
2022,3,September 25,home,Baltimore Ravens,https://www.pro-football-reference.com/boxscores/202209250nwe.htm,1,10:43,4,15,NE 37,0,0,"(10:43) 7-J.Bailey punts 44 yards to BAL 19, Center-49-J.Cardona. 13-D.Duvernay ran ob at BAL 31 for 12 yards (22-Co.Davis).",-0.725,-0.479
2022,3,September 25,home,Baltimore Ravens,https://www.pro-football-reference.com/boxscores/202209250nwe.htm,1,10:32,1,10,BAL 31,0,0,(10:32) (Shotgun) 8-L.Jackson left guard to BAL 36 for 5 yards (3-J.Peppers).,1.204,0.122
2022,3,September 25,home,Baltimore Ravens,https://www.pro-football-reference.com/boxscores/202209250nwe.htm,1,09:50,2,5,BAL 36,0,0,(9:50) (Shotgun) 8-L.Jackson pass incomplete short left to 89-M.Andrews.,1.326,-0.872
2022,3,September 25,home,Baltimore Ravens,https://www.pro-football-reference.com/boxscores/202209250nwe.htm,1,09:42,3,5,BAL 36,0,0,(9:42) (Shotgun) 8-L.Jackson scrambles right end pushed ob at BAL 44 for 8 yards (2-J.Mills). BAL-65-P.Mekari was injured during the play.,0.454,1.631
2022,3,September 25,home,Baltimore Ravens,https://www.pro-football-reference.com/boxscores/202209250nwe.htm,1,09:17,1,10,BAL 44,0,0,"(9:17) (Shotgun) 27-J.Dobbins left guard to BAL 47 for 3 yards (92-D.Godchaux, 93-L.Guy).",2.085,-0.177
2022,3,September 25,home,Baltimore Ravens,https://www.pro-football-reference.com/boxscores/202209250nwe.htm,1,08:33,2,7,BAL 47,0,0,(8:33) (Shotgun) 8-L.Jackson pass short left to 89-M.Andrews pushed ob at NE 36 for 17 yards (8-J.Bentley).,1.908,1.578
2022,3,September 25,home,Baltimore Ravens,https://www.pro-football-reference.com/boxscores/202209250nwe.htm,1,07:54,1,10,NE 36,0,0,(7:54) (Shotgun) 8-L.Jackson pass short middle to 89-M.Andrews to NE 25 for 11 yards (32-D.McCourty).,3.487,0.745
2022,3,September 25,home,Baltimore Ravens,https://www.pro-football-reference.com/boxscores/202209250nwe.htm,1,07:09,1,10,NE 25,0,0,(7:09) (Shotgun) 27-J.Dobbins left tackle to NE 20 for 5 yards (91-D.Wise).,4.231,0.071
2022,3,September 25,home,Baltimore Ravens,https://www.pro-football-reference.com/boxscores/202209250nwe.htm,1,06:29,2,5,NE 20,0,0,(6:29) (Shotgun) 8-L.Jackson pass short right to 89-M.Andrews to NE 14 for 6 yards (32-D.McCourty).,4.302,0.630
2022,3,September 25,home,Baltimore Ravens,https://www.pro-football-reference.com/boxscores/202209250nwe.htm,1,05:46,1,10,NE 14,0,0,(5:46) (Shotgun) 8-L.Jackson sacked at NE 17 for -3 yards (91-D.Wise).,4.932,-1.087
2022,3,September 25,home,Baltimore Ravens,https://www.pro-football-reference.com/boxscores/202209250nwe.htm,1,04:57,2,13,NE 17,0,0,(4:57) 8-L.Jackson pass short left to 42-P.Ricard to NE 5 for 12 yards (3-J.Peppers) [8-J.Bentley].,3.845,1.318
2022,3,September 25,home,Baltimore Ravens,https://www.pro-football-reference.com/boxscores/202209250nwe.htm,1,04:14,3,1,NE 5,0,6,"(4:14) (Shotgun) 8-L.Jackson pass short middle to 89-M.Andrews for 5 yards, TOUCHDOWN. BAL 89-Andrews 31st career rec TD, 2nd in franchise history (Heap 41).",5.163,1.837
2022,3,September 25,home,Baltimore Ravens,https://www.pro-football-reference.com/boxscores/202209250nwe.htm,1,04:09,,,NE 15,0,7,"9-J.Tucker extra point is GOOD, Center-46-N.Moore, Holder-11-J.Stout.",0.932,0.068
2022,3,September 25,home,Baltimore Ravens,https://www.pro-football-reference.com/boxscores/202209250nwe.htm,1,04:09,,,BAL 35,0,7,9-J.Tucker kicks 69 yards from BAL 35 to NE -4. 25-Ma.Jones to NE 22 for 26 yards (26-G.Stone; 14-K.Hamilton).,1.380,-0.442
2022,3,September 25,home,Baltimore Ravens,https://www.pro-football-reference.com/boxscores/202209250nwe.htm,1,04:04,1,10,NE 22,0,7,(4:04) (Shotgun) 38-R.Stevenson left end to NE 30 for 8 yards (32-M.Williams).,0.938,0.838
2022,3,September 25,home,Baltimore Ravens,https://www.pro-football-reference.com/boxscores/202209250nwe.htm,1,03:25,2,2,NE 30,0,7,(3:25) 38-R.Stevenson up the middle to NE 40 for 10 yards (93-C.Campbell). BAL-93-C.Campbell was injured during the play.,1.776,0.529
2022,3,September 25,home,Baltimore Ravens,https://www.pro-football-reference.com/boxscores/202209250nwe.htm,1,02:54,1,10,NE 40,0,7,(2:54) 10-M.Jones pass deep right to 1-D.Parker pushed ob at BAL 20 for 40 yards (5-J.Armour-Davis).,2.305,2.521
2022,3,September 25,home,Baltimore Ravens,https://www.pro-football-reference.com/boxscores/202209250nwe.htm,1,02:18,1,10,BAL 20,0,7,(2:18) 38-R.Stevenson up the middle to BAL 16 for 4 yards (36-C.Clark; 56-J.Bynes).,4.826,-0.151
2022,3,September 25,home,Baltimore Ravens,https://www.pro-football-reference.com/boxscores/202209250nwe.htm,1,01:35,2,6,BAL 16,0,7,"(1:35) 38-R.Stevenson right tackle to BAL 18 for -2 yards (58-M.Pierce). PENALTY on NE-76-I.Wynn, Offensive Holding, 10 yards, enforced at BAL 16 - No Play.",4.675,-1.171
2022,3,September 25,home,Baltimore Ravens,https://www.pro-football-reference.com/boxscores/202209250nwe.htm,1,01:15,2,16,BAL 26,0,7,(1:15) (Shotgun) 10-M.Jones scrambles left end to BAL 22 for 4 yards (44-M.Humphrey).,3.504,-0.224
2022,3,September 25,home,Baltimore Ravens,https://www.pro-football-reference.com/boxscores/202209250nwe.htm,1,00:36,3,12,BAL 22,0,7,(:36) (Shotgun) 10-M.Jones pass short middle to 38-R.Stevenson to BAL 16 for 6 yards (6-P.Queen).,3.280,-0.582
2022,3,September 25,home,Baltimore Ravens,https://www.pro-football-reference.com/boxscores/202209250nwe.htm,2,15:00,4,6,BAL 16,3,7,"(15:00) 6-N.Folk 35 yard field goal is GOOD, Center-49-J.Cardona, Holder-7-J.Bailey. NE 6-Folk 57th consecutive FG under 50 yds, new NFL record.",2.699,0.301
2022,3,September 25,home,Baltimore Ravens,https://www.pro-football-reference.com/boxscores/202209250nwe.htm,2,14:57,,,NE 35,3,7,7-J.Bailey kicks 65 yards from NE 35 to BAL 0. 13-D.Duvernay pushed ob at BAL 25 for 25 yards (3-J.Peppers).,0.912,-0.008
2022,3,September 25,home,Baltimore Ravens,https://www.pro-football-reference.com/boxscores/202209250nwe.htm,2,14:50,1,10,BAL 25,3,7,"(14:50) (Shotgun) 8-L.Jackson pass short middle to 80-I.Likely to BAL 33 for 8 yards (32-D.McCourty, 31-Jo.Jones).",0.904,0.536
2022,3,September 25,home,Baltimore Ravens,https://www.pro-football-reference.com/boxscores/202209250nwe.htm,2,14:23,2,2,BAL 33,3,7,"(14:23) (No Huddle, Shotgun) 8-L.Jackson sacked at BAL 25 for -8 yards (91-D.Wise).",1.440,-1.768
2022,3,September 25,home,Baltimore Ravens,https://www.pro-football-reference.com/boxscores/202209250nwe.htm,2,13:37,3,10,BAL 25,3,7,"(13:37) (Shotgun) PENALTY on BAL-78-M.Moses, False Start, 5 yards, enforced at BAL 25 - No Play.",-0.328,-0.784
2022,3,September 25,home,Baltimore Ravens,https://www.pro-football-reference.com/boxscores/202209250nwe.htm,2,13:14,3,15,BAL 20,3,7,(13:14) (Shotgun) 8-L.Jackson pass incomplete deep right to 89-M.Andrews.,-1.112,-0.971
2022,3,September 25,home,Baltimore Ravens,https://www.pro-football-reference.com/boxscores/202209250nwe.htm,2,13:06,4,15,BAL 20,3,7,"(13:06) 11-J.Stout punts 52 yards to NE 28, Center-46-N.Moore. 27-M.Bryant to NE 41 for 13 yards (46-N.Moore).",-2.083,-0.088
2022,3,September 25,home,Baltimore Ravens,https://www.pro-football-reference.com/boxscores/202209250nwe.htm,2,12:53,1,10,NE 41,3,7,(12:53) 37-D.Harris right end to NE 46 for 5 yards (36-C.Clark; 99-O.Oweh).,2.172,0.094
2022,3,September 25,home,Baltimore Ravens,https://www.pro-football-reference.com/boxscores/202209250nwe.htm,2,12:09,2,5,NE 46,3,7,(12:09) (Shotgun) 10-M.Jones scrambles left end to NE 47 for 1 yard (99-O.Oweh).,2.266,-0.620
2022,3,September 25,home,Baltimore Ravens,https://www.pro-football-reference.com/boxscores/202209250nwe.htm,2,11:21,3,4,NE 47,3,7,(11:21) (Shotgun) 10-M.Jones pass short left to 15-N.Agholor to BAL 40 for 13 yards (44-M.Humphrey).,1.646,1.674
2022,3,September 25,home,Baltimore Ravens,https://www.pro-football-reference.com/boxscores/202209250nwe.htm,2,10:48,1,10,BAL 40,3,7,"(10:48) 37-D.Harris left guard to BAL 39 for 1 yard (93-C.Campbell, 98-T.Jones).",3.320,-0.527
2022,3,September 25,home,Baltimore Ravens,https://www.pro-football-reference.com/boxscores/202209250nwe.htm,2,10:07,2,9,BAL 39,3,7,(10:07) 10-M.Jones pass incomplete deep left to 1-D.Parker (32-M.Williams).,2.793,-0.988
2022,3,September 25,home,Baltimore Ravens,https://www.pro-football-reference.com/boxscores/202209250nwe.htm,2,10:00,,,BAL 39,3,7,Timeout #1 by NE at 10:00.,1.805,0.000
2022,3,September 25,home,Baltimore Ravens,https://www.pro-football-reference.com/boxscores/202209250nwe.htm,2,10:00,3,9,BAL 39,3,7,(10:00) (Shotgun) 37-D.Harris right guard to BAL 33 for 6 yards (49-B.Copeland).,1.805,-0.405
2022,3,September 25,home,Baltimore Ravens,https://www.pro-football-reference.com/boxscores/202209250nwe.htm,2,09:25,4,3,BAL 33,3,7,(9:25) (Shotgun) 10-M.Jones pass short left to 84-K.Bourne to BAL 33 for no gain (44-M.Humphrey).,1.400,-2.965
2022,3,September 25,home,Baltimore Ravens,https://www.pro-football-reference.com/boxscores/202209250nwe.htm,2,09:19,1,10,BAL 33,3,7,"(9:19) (Shotgun) 8-L.Jackson sacked at BAL 32 for -1 yards (91-D.Wise). NE 91-D.Wise 3 sacks, 1st time Patriot with 3 sacks in a game since Chandler Jones at BUF 9/20/15.",1.565,-0.677
2022,3,September 25,home,Baltimore Ravens,https://www.pro-football-reference.com/boxscores/202209250nwe.htm,2,08:28,2,11,BAL 32,3,7,(8:28) (Shotgun) 8-L.Jackson pass incomplete short middle to 89-M.Andrews.,0.888,-0.716
2022,3,September 25,home,Baltimore Ravens,https://www.pro-football-reference.com/boxscores/202209250nwe.htm,2,08:24,3,11,BAL 32,3,7,"(8:24) (Shotgun) PENALTY on BAL-78-M.Moses, False Start, 5 yards, enforced at BAL 32 - No Play.",0.172,-0.449
2022,3,September 25,home,Baltimore Ravens,https://www.pro-football-reference.com/boxscores/202209250nwe.htm,2,08:24,3,16,BAL 27,3,7,(8:24) (Shotgun) 8-L.Jackson pass deep right intended for 7-R.Bateman INTERCEPTED by 31-Jo.Jones at BAL 47. 31-Jo.Jones to BAL 32 for 15 yards (42-P.Ricard).,-0.277,-3.303
2022,3,September 25,home,Baltimore Ravens,https://www.pro-football-reference.com/boxscores/202209250nwe.htm,2,08:12,1,10,BAL 32,3,7,(8:12) (Shotgun) 10-M.Jones pass short left to 81-J.Smith to BAL 27 for 5 yards (56-J.Bynes).,3.580,0.180
2022,3,September 25,home,Baltimore Ravens,https://www.pro-football-reference.com/boxscores/202209250nwe.htm,2,07:38,2,5,BAL 27,3,7,(7:38) (Shotgun) 38-R.Stevenson left guard to BAL 21 for 6 yards (56-J.Bynes). BAL-58-M.Pierce was injured during the play.,3.760,0.627
2022,3,September 25,home,Baltimore Ravens,https://www.pro-football-reference.com/boxscores/202209250nwe.htm,2,07:22,1,10,BAL 21,3,7,(7:22) (Shotgun) 10-M.Jones pass incomplete deep left to 1-D.Parker (21-B.Stephens).,4.387,-0.398
2022,3,September 25,home,Baltimore Ravens,https://www.pro-football-reference.com/boxscores/202209250nwe.htm,2,07:15,2,10,BAL 21,3,7,(7:15) (Shotgun) 38-R.Stevenson right tackle to BAL 5 for 16 yards (32-M.Williams).,3.989,1.615
2022,3,September 25,home,Baltimore Ravens,https://www.pro-football-reference.com/boxscores/202209250nwe.htm,2,06:35,1,5,BAL 5,3,7,(6:35) (Shotgun) 38-R.Stevenson left tackle to BAL 3 for 2 yards (96-B.Washington).,5.605,-0.023
2022,3,September 25,home,Baltimore Ravens,https://www.pro-football-reference.com/boxscores/202209250nwe.htm,2,06:04,2,3,BAL 3,9,7,"(6:04) (Shotgun) 10-M.Jones scrambles left tackle for 3 yards, TOUCHDOWN. NE 10-M.Jones 1st career rush TD.",5.581,1.419
2022,3,September 25,home,Baltimore Ravens,https://www.pro-football-reference.com/boxscores/202209250nwe.htm,2,05:58,,,BAL 15,10,7,"6-N.Folk extra point is GOOD, Center-49-J.Cardona, Holder-7-J.Bailey.",0.932,0.068
2022,3,September 25,home,Baltimore Ravens,https://www.pro-football-reference.com/boxscores/202209250nwe.htm,2,05:58,,,NE 35,10,7,"7-J.Bailey kicks 65 yards from NE 35 to end zone, Touchback.",1.025,0.000
2022,3,September 25,home,Baltimore Ravens,https://www.pro-football-reference.com/boxscores/202209250nwe.htm,2,05:58,1,10,BAL 25,10,7,(5:58) (Shotgun) 13-D.Duvernay left end pushed ob at BAL 21 for -4 yards (91-D.Wise).,1.025,-1.098
2022,3,September 25,home,Baltimore Ravens,https://www.pro-football-reference.com/boxscores/202209250nwe.htm,2,05:21,2,14,BAL 21,10,7,(5:21) (Shotgun) 8-L.Jackson left end to BAL 38 for 17 yards (90-C.Barmore).,-0.073,1.880
2022,3,September 25,home,Baltimore Ravens,https://www.pro-football-reference.com/boxscores/202209250nwe.htm,2,04:35,1,10,BAL 38,10,7,(4:35) (Shotgun) 27-J.Dobbins left guard to BAL 41 for 3 yards (92-D.Godchaux; 30-M.Wilson).,1.807,-0.376
2022,3,September 25,home,Baltimore Ravens,https://www.pro-football-reference.com/boxscores/202209250nwe.htm,2,03:53,2,7,BAL 41,10,7,(3:53) 8-L.Jackson pass short right to 27-J.Dobbins pushed ob at NE 48 for 11 yards (8-J.Bentley).,1.432,1.101
2022,3,September 25,home,Baltimore Ravens,https://www.pro-football-reference.com/boxscores/202209250nwe.htm,2,03:14,1,10,NE 48,10,7,(3:14) (Shotgun) 43-J.Hill left guard to NE 37 for 11 yards (21-A.Phillips).,2.533,0.485
2022,3,September 25,home,Baltimore Ravens,https://www.pro-football-reference.com/boxscores/202209250nwe.htm,2,02:33,1,10,NE 37,10,7,"(2:33) 8-L.Jackson pass short right to 84-J.Oliver to NE 30 for 7 yards (3-J.Peppers, 92-D.Godchaux).",3.018,0.572
2022,3,September 25,home,Baltimore Ravens,https://www.pro-football-reference.com/boxscores/202209250nwe.htm,2,02:00,2,3,NE 30,10,7,(2:00) (Shotgun) 8-L.Jackson right guard to NE 19 for 11 yards (30-M.Wilson).,3.590,0.770
2022,3,September 25,home,Baltimore Ravens,https://www.pro-football-reference.com/boxscores/202209250nwe.htm,2,01:21,1,10,NE 19,10,7,(1:21) (Shotgun) 27-J.Dobbins left tackle to NE 16 for 3 yards (21-A.Phillips; 30-M.Wilson).,4.360,-0.294
2022,3,September 25,home,Baltimore Ravens,https://www.pro-football-reference.com/boxscores/202209250nwe.htm,2,00:36,2,7,NE 16,10,13,"(:36) (Shotgun) 8-L.Jackson pass deep middle to 89-M.Andrews for 16 yards, TOUCHDOWN.",4.065,2.935
2022,3,September 25,home,Baltimore Ravens,https://www.pro-football-reference.com/boxscores/202209250nwe.htm,2,00:30,,,NE 15,10,14,"9-J.Tucker extra point is GOOD, Center-46-N.Moore, Holder-11-J.Stout.",0.932,0.068
2022,3,September 25,home,Baltimore Ravens,https://www.pro-football-reference.com/boxscores/202209250nwe.htm,2,00:30,,,BAL 35,10,14,"9-J.Tucker kicks 65 yards from BAL 35 to end zone, Touchback.",0.285,0.000
2022,3,September 25,home,Baltimore Ravens,https://www.pro-football-reference.com/boxscores/202209250nwe.htm,2,00:30,1,10,NE 25,10,14,(:30) (Shotgun) 10-M.Jones pass short left to 38-R.Stevenson to NE 36 for 11 yards (6-P.Queen; 32-M.Williams).,0.285,0.203
2022,3,September 25,home,Baltimore Ravens,https://www.pro-football-reference.com/boxscores/202209250nwe.htm,2,00:21,,,NE 36,10,14,Timeout #2 by NE at 00:21.,0.488,0.000
2022,3,September 25,home,Baltimore Ravens,https://www.pro-football-reference.com/boxscores/202209250nwe.htm,2,00:21,1,10,NE 36,10,14,(:21) (Shotgun) 10-M.Jones pass incomplete deep right to 15-N.Agholor.,0.488,-0.296
2022,3,September 25,home,Baltimore Ravens,https://www.pro-football-reference.com/boxscores/202209250nwe.htm,2,00:15,2,10,NE 36,10,14,(:15) (Shotgun) 10-M.Jones pass deep middle to 84-K.Bourne to BAL 42 for 22 yards (22-Da.Williams).,0.192,0.595
2022,3,September 25,home,Baltimore Ravens,https://www.pro-football-reference.com/boxscores/202209250nwe.htm,2,00:08,,,BAL 42,10,14,Timeout #3 by NE at 00:08.,0.788,0.000
2022,3,September 25,home,Baltimore Ravens,https://www.pro-football-reference.com/boxscores/202209250nwe.htm,2,00:08,1,10,BAL 42,10,14,(:08) (Shotgun) 10-M.Jones pass short left to 84-K.Bourne pushed ob at BAL 32 for 10 yards (14-K.Hamilton).,0.788,1.187
2022,3,September 25,home,Baltimore Ravens,https://www.pro-football-reference.com/boxscores/202209250nwe.htm,2,00:01,,,BAL 32,10,14,Timeout #1 by BAL at 00:01.,1.975,0.000
2022,3,September 25,home,Baltimore Ravens,https://www.pro-football-reference.com/boxscores/202209250nwe.htm,2,00:01,1,10,BAL 32,13,14,"(:01) 6-N.Folk 50 yard field goal is GOOD, Center-49-J.Cardona, Holder-7-J.Bailey.",1.975,1.025
2022,3,September 25,home,Baltimore Ravens,https://www.pro-football-reference.com/boxscores/202209250nwe.htm,3,15:00,,,BAL 35,13,14,"9-J.Tucker kicks 65 yards from BAL 35 to end zone, Touchback.",1.474,0.000
2022,3,September 25,home,Baltimore Ravens,https://www.pro-football-reference.com/boxscores/202209250nwe.htm,3,15:00,1,10,NE 25,13,14,(15:00) (Shotgun) 37-D.Harris up the middle to NE 27 for 2 yards (36-C.Clark).,1.474,-0.460
2022,3,September 25,home,Baltimore Ravens,https://www.pro-football-reference.com/boxscores/202209250nwe.htm,3,14:32,2,8,NE 27,13,14,"(14:32) (Shotgun) 10-M.Jones pass deep left to 1-D.Parker to BAL 37 for 36 yards (21-B.Stephens). Penalty on BAL-21-B.Stephens, Defensive Holding, declined. NE 1-Parker 12th career 100-yard game.",1.014,2.834
2022,3,September 25,home,Baltimore Ravens,https://www.pro-football-reference.com/boxscores/202209250nwe.htm,3,14:05,1,10,BAL 37,13,14,"(14:05) 37-D.Harris left guard to BAL 27 for 10 yards (56-J.Bynes, 99-O.Oweh).",3.849,0.679
2022,3,September 25,home,Baltimore Ravens,https://www.pro-football-reference.com/boxscores/202209250nwe.htm,3,13:28,1,10,BAL 27,13,14,(13:28) 37-D.Harris up the middle to BAL 27 for no gain (93-C.Campbell; 96-B.Washington).,4.528,-0.444
2022,3,September 25,home,Baltimore Ravens,https://www.pro-football-reference.com/boxscores/202209250nwe.htm,3,12:51,2,10,BAL 27,13,14,(12:51) (Shotgun) 10-M.Jones pass deep left to 1-D.Parker ran ob at BAL 2 for 25 yards.,4.084,2.361
2022,3,September 25,home,Baltimore Ravens,https://www.pro-football-reference.com/boxscores/202209250nwe.htm,3,12:22,,,BAL 2,13,14,Timeout #1 by BAL at 12:22.,6.445,0.000
2022,3,September 25,home,Baltimore Ravens,https://www.pro-football-reference.com/boxscores/202209250nwe.htm,3,12:22,1,2,BAL 2,13,14,(12:22) (Shotgun) 10-M.Jones pass incomplete short left to 37-D.Harris (6-P.Queen).,6.445,-0.333
2022,3,September 25,home,Baltimore Ravens,https://www.pro-football-reference.com/boxscores/202209250nwe.htm,3,12:19,2,2,BAL 2,19,14,"(12:19) (Shotgun) 37-D.Harris up the middle for 2 yards, TOUCHDOWN.",6.112,0.888
2022,3,September 25,home,Baltimore Ravens,https://www.pro-football-reference.com/boxscores/202209250nwe.htm,3,12:14,,,BAL 15,20,14,"6-N.Folk extra point is GOOD, Center-49-J.Cardona, Holder-7-J.Bailey.",0.932,0.068
2022,3,September 25,home,Baltimore Ravens,https://www.pro-football-reference.com/boxscores/202209250nwe.htm,3,12:14,,,NE 35,20,14,"7-J.Bailey kicks 65 yards from NE 35 to end zone, Touchback.",0.451,0.000
2022,3,September 25,home,Baltimore Ravens,https://www.pro-football-reference.com/boxscores/202209250nwe.htm,3,12:14,1,10,BAL 25,20,14,(12:14) (Shotgun) 27-J.Dobbins left tackle to BAL 30 for 5 yards (8-J.Bentley; 21-A.Phillips).,0.451,0.054
2022,3,September 25,home,Baltimore Ravens,https://www.pro-football-reference.com/boxscores/202209250nwe.htm,3,11:48,2,5,BAL 30,20,14,"(11:48) (No Huddle, Shotgun) 8-L.Jackson pass incomplete deep right to 89-M.Andrews. NE-93-L.Guy was injured during the play. His return is Questionable.",0.505,-0.873
2022,3,September 25,home,Baltimore Ravens,https://www.pro-football-reference.com/boxscores/202209250nwe.htm,3,11:44,3,5,BAL 30,20,14,(11:44) (Shotgun) 8-L.Jackson pass short middle to 13-D.Duvernay to NE 49 for 21 yards (21-A.Phillips; 32-D.McCourty).,-0.368,2.639
2022,3,September 25,home,Baltimore Ravens,https://www.pro-football-reference.com/boxscores/202209250nwe.htm,3,10:59,1,10,NE 49,20,14,(10:59) (Shotgun) 43-J.Hill left tackle to NE 40 for 9 yards (90-C.Barmore).,2.271,0.798
2022,3,September 25,home,Baltimore Ravens,https://www.pro-football-reference.com/boxscores/202209250nwe.htm,3,10:16,2,1,NE 40,20,14,(10:16) (Shotgun) 43-J.Hill right tackle to NE 6 for 34 yards (31-Jo.Jones).,3.069,2.435
2022,3,September 25,home,Baltimore Ravens,https://www.pro-football-reference.com/boxscores/202209250nwe.htm,3,09:30,1,6,NE 6,20,14,(9:30) (Shotgun) 27-J.Dobbins left guard to NE 2 for 4 yards (91-D.Wise; 30-M.Wilson).,5.504,0.254
2022,3,September 25,home,Baltimore Ravens,https://www.pro-football-reference.com/boxscores/202209250nwe.htm,3,08:52,2,2,NE 2,20,14,"(8:52) PENALTY on NE, Defensive Too Many Men on Field, 1 yard, enforced at NE 2 - No Play.",5.758,0.317
2022,3,September 25,home,Baltimore Ravens,https://www.pro-football-reference.com/boxscores/202209250nwe.htm,3,08:44,2,1,NE 1,20,20,"(8:44) 8-L.Jackson pass short middle to 84-J.Oliver for 1 yard, TOUCHDOWN.",6.075,0.925
2022,3,September 25,home,Baltimore Ravens,https://www.pro-football-reference.com/boxscores/202209250nwe.htm,3,08:39,,,NE 15,20,21,"9-J.Tucker extra point is GOOD, Center-46-N.Moore, Holder-11-J.Stout.",0.932,0.068
2022,3,September 25,home,Baltimore Ravens,https://www.pro-football-reference.com/boxscores/202209250nwe.htm,3,08:39,,,BAL 35,20,21,9-J.Tucker kicks 63 yards from BAL 35 to NE 2. 25-Ma.Jones to NE 21 for 19 yards (53-D.Phillips).,1.711,-0.407
2022,3,September 25,home,Baltimore Ravens,https://www.pro-football-reference.com/boxscores/202209250nwe.htm,3,08:34,1,10,NE 21,20,21,(8:34) 38-R.Stevenson right guard to NE 25 for 4 yards (99-O.Oweh).,1.304,-0.030
2022,3,September 25,home,Baltimore Ravens,https://www.pro-football-reference.com/boxscores/202209250nwe.htm,3,08:03,2,6,NE 25,20,21,(8:03) (Shotgun) 10-M.Jones pass short middle to 85-H.Henry to NE 33 for 8 yards (6-P.Queen).,1.274,0.953
2022,3,September 25,home,Baltimore Ravens,https://www.pro-football-reference.com/boxscores/202209250nwe.htm,3,07:34,1,10,NE 33,20,21,(7:34) 38-R.Stevenson right guard to NE 36 for 3 yards (92-J.Madubuike; 56-J.Bynes).,2.227,-0.196
2022,3,September 25,home,Baltimore Ravens,https://www.pro-football-reference.com/boxscores/202209250nwe.htm,3,06:51,2,7,NE 36,20,21,(6:51) (Shotgun) 10-M.Jones pass incomplete short left to 83-L.Humphrey.,2.031,-0.779
2022,3,September 25,home,Baltimore Ravens,https://www.pro-football-reference.com/boxscores/202209250nwe.htm,3,06:47,3,7,NE 36,20,21,"(6:47) (Shotgun) 10-M.Jones sacked at NE 31 for -5 yards (92-J.Madubuike). Penalty on NE-60-D.Andrews, Offensive Holding, declined.",1.252,-1.986
2022,3,September 25,home,Baltimore Ravens,https://www.pro-football-reference.com/boxscores/202209250nwe.htm,3,06:33,4,12,NE 31,20,21,"(6:33) 7-J.Bailey punts 56 yards to BAL 13, Center-49-J.Cardona. 13-D.Duvernay pushed ob at NE 44 for 43 yards (7-J.Bailey).",-0.734,-1.849
2022,3,September 25,home,Baltimore Ravens,https://www.pro-football-reference.com/boxscores/202209250nwe.htm,3,06:18,1,10,NE 44,20,21,(6:18) (Shotgun) 8-L.Jackson up the middle pushed ob at NE 6 for 38 yards (32-D.McCourty).,2.583,2.907
2022,3,September 25,home,Baltimore Ravens,https://www.pro-football-reference.com/boxscores/202209250nwe.htm,3,05:34,1,6,NE 6,20,21,(5:34) (Shotgun) 8-L.Jackson pass incomplete short right [9-M.Judon]. Thrown away from outside the pocket.,5.490,-0.548
2022,3,September 25,home,Baltimore Ravens,https://www.pro-football-reference.com/boxscores/202209250nwe.htm,3,05:28,2,6,NE 6,20,21,(5:28) (Shotgun) 13-D.Duvernay left end pushed ob at NE 4 for 2 yards (2-J.Mills).,4.942,-0.602
2022,3,September 25,home,Baltimore Ravens,https://www.pro-football-reference.com/boxscores/202209250nwe.htm,3,04:47,3,4,NE 4,20,27,"(4:47) (Shotgun) 8-L.Jackson pass short right to 13-D.Duvernay for 4 yards, TOUCHDOWN.",4.341,2.659
2022,3,September 25,home,Baltimore Ravens,https://www.pro-football-reference.com/boxscores/202209250nwe.htm,3,04:41,,,NE 15,20,28,"9-J.Tucker extra point is GOOD, Center-46-N.Moore, Holder-11-J.Stout.",0.932,0.068
2022,3,September 25,home,Baltimore Ravens,https://www.pro-football-reference.com/boxscores/202209250nwe.htm,3,04:41,,,BAL 35,20,28,"9-J.Tucker kicks 65 yards from BAL 35 to end zone, Touchback.",1.727,0.000
2022,3,September 25,home,Baltimore Ravens,https://www.pro-football-reference.com/boxscores/202209250nwe.htm,3,04:41,1,10,NE 25,20,28,(4:41) 37-D.Harris up the middle to NE 28 for 3 yards (96-B.Washington).,1.727,-0.370
2022,3,September 25,home,Baltimore Ravens,https://www.pro-football-reference.com/boxscores/202209250nwe.htm,3,04:09,2,7,NE 28,20,28,(4:09) 10-M.Jones pass short middle intended for 1-D.Parker INTERCEPTED by 56-J.Bynes at NE 43. 56-J.Bynes to NE 43 for no gain (1-D.Parker).,1.357,-3.956
2022,3,September 25,home,Baltimore Ravens,https://www.pro-football-reference.com/boxscores/202209250nwe.htm,3,04:04,1,10,NE 43,20,28,(4:04) (Shotgun) 43-J.Hill left tackle to NE 39 for 4 yards (3-J.Peppers; 48-J.Tavai).,2.599,-0.060
2022,3,September 25,home,Baltimore Ravens,https://www.pro-football-reference.com/boxscores/202209250nwe.htm,3,03:21,2,6,NE 39,20,28,(3:21) (Shotgun) 43-J.Hill right guard to NE 38 for 1 yard (95-D.Ekuale).,2.539,-0.678
2022,3,September 25,home,Baltimore Ravens,https://www.pro-football-reference.com/boxscores/202209250nwe.htm,3,02:43,3,5,NE 38,20,28,(2:43) (Shotgun) 8-L.Jackson pass incomplete deep right to 7-R.Bateman.,1.861,-1.294
2022,3,September 25,home,Baltimore Ravens,https://www.pro-football-reference.com/boxscores/202209250nwe.htm,3,02:38,4,5,NE 38,20,31,"(2:38) 9-J.Tucker 56 yard field goal is GOOD, Center-46-N.Moore, Holder-11-J.Stout. BAL 9-Tucker 50th career 50+ yard FG.",0.567,2.433
2022,3,September 25,home,Baltimore Ravens,https://www.pro-football-reference.com/boxscores/202209250nwe.htm,3,02:33,,,BAL 35,20,31,"9-J.Tucker kicks 65 yards from BAL 35 to end zone, Touchback.",1.677,0.000
2022,3,September 25,home,Baltimore Ravens,https://www.pro-football-reference.com/boxscores/202209250nwe.htm,3,02:33,1,10,NE 25,20,31,(2:33) (Shotgun) 10-M.Jones pass short right to 38-R.Stevenson to NE 32 for 7 yards (56-J.Bynes).,1.677,0.374
2022,3,September 25,home,Baltimore Ravens,https://www.pro-football-reference.com/boxscores/202209250nwe.htm,3,01:57,2,3,NE 32,20,31,(1:57) 38-R.Stevenson right guard to 50 for 18 yards (36-C.Clark).,2.051,1.098
2022,3,September 25,home,Baltimore Ravens,https://www.pro-football-reference.com/boxscores/202209250nwe.htm,3,01:14,1,10,MID 50,20,31,(1:14) (Shotgun) 10-M.Jones pass deep right to 1-D.Parker to BAL 26 for 24 yards (36-C.Clark).,3.149,1.267
2022,3,September 25,home,Baltimore Ravens,https://www.pro-football-reference.com/boxscores/202209250nwe.htm,3,00:28,1,10,BAL 26,20,31,(:28) 38-R.Stevenson left guard to BAL 29 for -3 yards (92-J.Madubuike).,4.416,-1.078
2022,3,September 25,home,Baltimore Ravens,https://www.pro-football-reference.com/boxscores/202209250nwe.htm,4,15:00,2,13,BAL 29,20,31,(15:00) (Shotgun) 10-M.Jones pass short right to 38-R.Stevenson to BAL 25 for 4 yards (56-J.Bynes).,3.339,-0.047
2022,3,September 25,home,Baltimore Ravens,https://www.pro-football-reference.com/boxscores/202209250nwe.htm,4,14:20,3,9,BAL 25,20,31,(14:20) (Shotgun) 10-M.Jones scrambles right end to BAL 17 for 8 yards (36-C.Clark).,3.291,0.229
2022,3,September 25,home,Baltimore Ravens,https://www.pro-football-reference.com/boxscores/202209250nwe.htm,4,13:38,,,BAL 17,20,31,Timeout #1 by NE at 13:38.,3.520,0.000
2022,3,September 25,home,Baltimore Ravens,https://www.pro-football-reference.com/boxscores/202209250nwe.htm,4,13:38,4,1,BAL 17,20,31,(13:38) 10-M.Jones pass short left to 81-J.Smith to BAL 9 for 8 yards (36-C.Clark).,3.520,1.612
2022,3,September 25,home,Baltimore Ravens,https://www.pro-football-reference.com/boxscores/202209250nwe.htm,4,13:06,1,9,BAL 9,20,31,"(13:06) (No Huddle, Shotgun) 10-M.Jones pass short left to 81-J.Smith to BAL 1 for 8 yards (32-M.Williams).",5.132,1.048
2022,3,September 25,home,Baltimore Ravens,https://www.pro-football-reference.com/boxscores/202209250nwe.htm,4,12:45,2,1,BAL 1,26,31,"(12:45) (No Huddle, Shotgun) 38-R.Stevenson right guard for 1 yard, TOUCHDOWN.",6.180,0.820
2022,3,September 25,home,Baltimore Ravens,https://www.pro-football-reference.com/boxscores/202209250nwe.htm,4,12:39,,,BAL 2,26,31,"TWO-POINT CONVERSION ATTEMPT. 10-M.Jones pass to 38-R.Stevenson is complete. ATTEMPT SUCCEEDS. The Replay Official reviewed the runner was not down by contact ruling, and the play was REVERSED. TWO-POINT CONVERSION ATTEMPT. 10-M.Jones pass to 38-R.Stevenson is complete. ATTEMPT FAILS.",0.947,-0.947
2022,3,September 25,home,Baltimore Ravens,https://www.pro-football-reference.com/boxscores/202209250nwe.htm,4,12:39,,,NE 35,26,31,"7-J.Bailey kicks 65 yards from NE 35 to end zone, Touchback.",0.886,0.000
2022,3,September 25,home,Baltimore Ravens,https://www.pro-football-reference.com/boxscores/202209250nwe.htm,4,12:39,1,10,BAL 25,26,31,"(12:39) (Shotgun) 8-L.Jackson pass deep left to 7-R.Bateman to BAL 49 for 24 yards (31-Jo.Jones). FUMBLES (31-Jo.Jones), RECOVERED by NE-3-J.Peppers at NE 49. 3-J.Peppers to BAL 39 for 12 yards (7-R.Bateman; 72-B.Powers).",0.886,-4.196
2022,3,September 25,home,Baltimore Ravens,https://www.pro-football-reference.com/boxscores/202209250nwe.htm,4,12:25,1,10,BAL 39,26,31,"(12:25) (Shotgun) 10-M.Jones pass short right to 37-D.Harris to BAL 30 for 9 yards (56-J.Bynes, 40-M.Harrison).",3.310,0.635
2022,3,September 25,home,Baltimore Ravens,https://www.pro-football-reference.com/boxscores/202209250nwe.htm,4,11:51,2,1,BAL 30,26,31,(11:51) 37-D.Harris up the middle to BAL 25 for 5 yards (96-B.Washington).,3.945,0.222
2022,3,September 25,home,Baltimore Ravens,https://www.pro-football-reference.com/boxscores/202209250nwe.htm,4,11:25,1,10,BAL 25,26,31,"(11:25) (No Huddle, Shotgun) 10-M.Jones scrambles left end pushed ob at BAL 10 for 15 yards (56-J.Bynes).",4.167,0.790
2022,3,September 25,home,Baltimore Ravens,https://www.pro-football-reference.com/boxscores/202209250nwe.htm,4,10:40,1,10,BAL 10,26,31,(10:40) (Shotgun) 10-M.Jones pass short left to 37-D.Harris to BAL 14 for -4 yards (32-M.Williams).,4.957,-1.005
2022,3,September 25,home,Baltimore Ravens,https://www.pro-football-reference.com/boxscores/202209250nwe.htm,4,09:53,2,14,BAL 14,26,31,(9:53) (Shotgun) 37-D.Harris up the middle to BAL 10 for 4 yards (99-O.Oweh).,3.952,-0.213
2022,3,September 25,home,Baltimore Ravens,https://www.pro-football-reference.com/boxscores/202209250nwe.htm,4,09:12,3,10,BAL 10,26,31,(9:12) (Shotgun) 10-M.Jones pass deep left intended for 1-D.Parker INTERCEPTED by 44-M.Humphrey at BAL -8. Touchback.,3.739,-4.398
2022,3,September 25,home,Baltimore Ravens,https://www.pro-football-reference.com/boxscores/202209250nwe.htm,4,09:06,1,10,BAL 20,26,31,"(9:06) (Shotgun) 43-J.Hill left tackle to BAL 21 for 1 yard (3-J.Peppers, 21-A.Phillips).",0.660,-0.457
2022,3,September 25,home,Baltimore Ravens,https://www.pro-football-reference.com/boxscores/202209250nwe.htm,4,08:25,2,9,BAL 21,26,31,(8:25) (Shotgun) 8-L.Jackson pass deep left to 89-M.Andrews ran ob at BAL 46 for 25 yards (32-D.McCourty).,0.202,2.163
2022,3,September 25,home,Baltimore Ravens,https://www.pro-football-reference.com/boxscores/202209250nwe.htm,4,07:42,1,10,BAL 46,26,31,(7:42) (Shotgun) 8-L.Jackson right guard to BAL 48 for 2 yards (90-C.Barmore).,2.366,-0.441
2022,3,September 25,home,Baltimore Ravens,https://www.pro-football-reference.com/boxscores/202209250nwe.htm,4,06:57,2,8,BAL 48,26,31,(6:57) (Shotgun) 8-L.Jackson pass incomplete short right. thrown away from outside the pocket,1.925,-0.692
2022,3,September 25,home,Baltimore Ravens,https://www.pro-football-reference.com/boxscores/202209250nwe.htm,4,06:47,3,8,BAL 48,26,31,(6:47) (Shotgun) 8-L.Jackson pass incomplete short right to 10-D.Robinson.,1.233,-1.404
2022,3,September 25,home,Baltimore Ravens,https://www.pro-football-reference.com/boxscores/202209250nwe.htm,4,06:43,4,8,BAL 48,26,31,"(6:43) 11-J.Stout punts 23 yards to NE 29, Center-46-N.Moore, out of bounds.",-0.172,-1.023
2022,3,September 25,home,Baltimore Ravens,https://www.pro-football-reference.com/boxscores/202209250nwe.htm,4,06:36,1,10,NE 29,26,31,(6:36) (Shotgun) 10-M.Jones pass incomplete deep right to 1-D.Parker.,1.195,-0.423
2022,3,September 25,home,Baltimore Ravens,https://www.pro-football-reference.com/boxscores/202209250nwe.htm,4,06:32,2,10,NE 29,26,31,(6:32) (Shotgun) 38-R.Stevenson right end to NE 33 for 4 yards (6-P.Queen).,0.772,-0.397
2022,3,September 25,home,Baltimore Ravens,https://www.pro-football-reference.com/boxscores/202209250nwe.htm,4,05:45,3,6,NE 33,26,31,"(5:45) (Shotgun) 10-M.Jones pass short middle to 15-N.Agholor to BAL 39 for 28 yards (14-K.Hamilton). FUMBLES (14-K.Hamilton), touched at BAL 38, RECOVERED by BAL-24-M.Peters at BAL 27. 24-M.Peters ran ob at BAL 27 for no gain.",0.375,-1.213
2022,3,September 25,home,Baltimore Ravens,https://www.pro-football-reference.com/boxscores/202209250nwe.htm,4,05:35,1,10,BAL 27,26,31,(5:35) 8-L.Jackson pass incomplete deep left to 89-M.Andrews.,0.839,-0.444
2022,3,September 25,home,Baltimore Ravens,https://www.pro-football-reference.com/boxscores/202209250nwe.htm,4,05:28,2,10,BAL 27,26,31,(5:28) (Shotgun) 8-L.Jackson pass short left to 7-R.Bateman ran ob at NE 38 for 35 yards (32-D.McCourty).,0.395,2.825
2022,3,September 25,home,Baltimore Ravens,https://www.pro-football-reference.com/boxscores/202209250nwe.htm,4,04:45,1,10,NE 38,26,31,"(4:45) (Shotgun) 27-J.Dobbins right guard to NE 38 for no gain (3-J.Peppers, 8-J.Bentley).",3.219,-0.579
2022,3,September 25,home,Baltimore Ravens,https://www.pro-football-reference.com/boxscores/202209250nwe.htm,4,04:06,2,10,NE 38,26,31,(4:06) (Shotgun) 8-L.Jackson left end to NE 18 for 20 yards (32-D.McCourty).,2.640,1.904
2022,3,September 25,home,Baltimore Ravens,https://www.pro-football-reference.com/boxscores/202209250nwe.htm,4,03:18,1,10,NE 18,26,31,"(3:18) (Shotgun) 8-L.Jackson pass short right to 89-M.Andrews to NE 15 for 3 yards (21-A.Phillips, 27-M.Bryant).",4.544,-0.443
2022,3,September 25,home,Baltimore Ravens,https://www.pro-football-reference.com/boxscores/202209250nwe.htm,4,03:12,,,NE 15,26,31,Timeout #2 by NE at 03:12.,4.101,0.000
2022,3,September 25,home,Baltimore Ravens,https://www.pro-football-reference.com/boxscores/202209250nwe.htm,4,03:12,2,7,NE 15,26,31,(3:12) (Shotgun) 8-L.Jackson pass short right to 89-M.Andrews pushed ob at NE 9 for 6 yards (21-A.Phillips).,4.101,0.393
2022,3,September 25,home,Baltimore Ravens,https://www.pro-football-reference.com/boxscores/202209250nwe.htm,4,03:07,3,1,NE 9,26,37,"(3:07) (Shotgun) 8-L.Jackson right guard for 9 yards, TOUCHDOWN.",4.494,2.506
2022,3,September 25,home,Baltimore Ravens,https://www.pro-football-reference.com/boxscores/202209250nwe.htm,4,03:00,,,NE 15,26,37,"9-J.Tucker extra point is No Good, Hit Left Upright, Center-46-N.Moore, Holder-11-J.Stout.",0.932,-0.932
2022,3,September 25,home,Baltimore Ravens,https://www.pro-football-reference.com/boxscores/202209250nwe.htm,4,03:00,,,BAL 35,26,37,"9-J.Tucker kicks 65 yards from BAL 35 to end zone, Touchback.",1.068,0.000
2022,3,September 25,home,Baltimore Ravens,https://www.pro-football-reference.com/boxscores/202209250nwe.htm,4,03:00,1,10,NE 25,26,37,(3:00) (Shotgun) 10-M.Jones pass incomplete short left to 38-R.Stevenson.,1.068,-0.411
2022,3,September 25,home,Baltimore Ravens,https://www.pro-football-reference.com/boxscores/202209250nwe.htm,4,02:56,2,10,NE 25,26,37,(2:56) (Shotgun) 10-M.Jones sacked at NE 18 for -7 yards (49-B.Copeland).,0.657,-0.902
2022,3,September 25,home,Baltimore Ravens,https://www.pro-football-reference.com/boxscores/202209250nwe.htm,4,02:23,3,17,NE 18,26,37,"(2:23) (No Huddle, Shotgun) 10-M.Jones pass deep middle to 84-K.Bourne to NE 42 for 24 yards (24-M.Peters). FUMBLES (24-M.Peters), and recovers at NE 44.",-0.245,2.256
2022,3,September 25,home,Baltimore Ravens,https://www.pro-football-reference.com/boxscores/202209250nwe.htm,4,02:01,1,10,NE 44,26,37,"(2:01) (No Huddle, Shotgun) 10-M.Jones pass deep middle intended for 84-K.Bourne INTERCEPTED by 24-M.Peters [93-C.Campbell] at BAL 36. 24-M.Peters to BAL 44 for 8 yards. NE-10-M.Jones was injured during the play.",2.011,-2.011
2022,3,September 25,home,Baltimore Ravens,https://www.pro-football-reference.com/boxscores/202209250nwe.htm,4,01:55,1,10,BAL 44,26,37,(1:55) 8-L.Jackson kneels to BAL 43 for -1 yards.,0.000,0.000
2022,3,September 25,home,Baltimore Ravens,https://www.pro-football-reference.com/boxscores/202209250nwe.htm,4,01:13,2,11,BAL 43,26,37,(1:13) 8-L.Jackson kneels to BAL 42 for -1 yards.,0.000,0.000
2022,3,September 25,home,Baltimore Ravens,https://www.pro-football-reference.com/boxscores/202209250nwe.htm,4,00:32,3,12,BAL 42,26,37,(:32) 8-L.Jackson kneels to BAL 41 for -1 yards. BAL Harbaugh 150th career win (including postseason).,0.000,0.000
2022,4,October 2,away,Green Bay Packers,https://www.pro-football-reference.com/boxscores/202210020gnb.htm,1,15:00,,,GB 35,0,0,"2-M.Crosby kicks 65 yards from GB 35 to end zone, Touchback.",0.770,0.000
2022,4,October 2,away,Green Bay Packers,https://www.pro-football-reference.com/boxscores/202210020gnb.htm,1,15:00,1,10,NE 25,0,0,"(15:00) (Shotgun) 37-D.Harris left guard to NE 30 for 5 yards (59-D.Campbell, 97-K.Clark).",0.770,0.092
2022,4,October 2,away,Green Bay Packers,https://www.pro-football-reference.com/boxscores/202210020gnb.htm,1,14:30,2,5,NE 30,0,0,(14:30) (Shotgun) 5-B.Hoyer pass short right to 84-K.Bourne to NE 37 for 7 yards (94-D.Lowry; 26-D.Savage).,0.862,0.742
2022,4,October 2,away,Green Bay Packers,https://www.pro-football-reference.com/boxscores/202210020gnb.htm,1,13:51,1,10,NE 37,0,0,(13:51) 37-D.Harris left end pushed ob at NE 45 for 8 yards (59-D.Campbell).,1.604,0.662
2022,4,October 2,away,Green Bay Packers,https://www.pro-football-reference.com/boxscores/202210020gnb.htm,1,13:15,2,2,NE 45,0,0,(13:15) 37-D.Harris right tackle to NE 48 for 3 yards (90-J.Reed; 52-R.Gary).,2.266,0.187
2022,4,October 2,away,Green Bay Packers,https://www.pro-football-reference.com/boxscores/202210020gnb.htm,1,12:32,1,10,NE 48,0,0,(12:32) 37-D.Harris right end to GB 46 for 6 yards (59-D.Campbell).,2.453,0.244
2022,4,October 2,away,Green Bay Packers,https://www.pro-football-reference.com/boxscores/202210020gnb.htm,1,11:50,2,4,GB 46,0,0,(11:50) 5-B.Hoyer pass deep left to 15-N.Agholor ran ob at GB 19 for 27 yards (29-R.Douglas) [53-J.Garvin].,2.697,1.738
2022,4,October 2,away,Green Bay Packers,https://www.pro-football-reference.com/boxscores/202210020gnb.htm,1,11:08,,,GB 19,0,0,Timeout #1 by NE at 11:08.,4.435,0.000
2022,4,October 2,away,Green Bay Packers,https://www.pro-football-reference.com/boxscores/202210020gnb.htm,1,11:08,1,10,GB 19,0,0,(11:08) (Shotgun) 38-R.Stevenson up the middle to GB 18 for 1 yard (52-R.Gary; 90-J.Reed).,4.435,-0.349
2022,4,October 2,away,Green Bay Packers,https://www.pro-football-reference.com/boxscores/202210020gnb.htm,1,10:31,2,9,GB 18,0,0,(10:31) 5-B.Hoyer pass short left to 1-D.Parker to GB 19 for -1 yards (29-R.Douglas).,4.086,-0.798
2022,4,October 2,away,Green Bay Packers,https://www.pro-football-reference.com/boxscores/202210020gnb.htm,1,09:53,3,10,GB 19,0,0,(9:53) (Shotgun) 5-B.Hoyer pass incomplete short left to 85-H.Henry.,3.288,-0.673
2022,4,October 2,away,Green Bay Packers,https://www.pro-football-reference.com/boxscores/202210020gnb.htm,1,09:49,4,10,GB 19,3,0,"(9:49) 6-N.Folk 37 yard field goal is GOOD, Center-49-J.Cardona, Holder-7-J.Bailey.",2.615,0.385
2022,4,October 2,away,Green Bay Packers,https://www.pro-football-reference.com/boxscores/202210020gnb.htm,1,09:45,,,NE 35,3,0,"7-J.Bailey kicks 65 yards from NE 35 to end zone, Touchback.",1.719,0.000
2022,4,October 2,away,Green Bay Packers,https://www.pro-football-reference.com/boxscores/202210020gnb.htm,1,09:45,1,10,GB 25,3,0,"(9:45) (Shotgun) 12-A.Rodgers pass short middle to 13-A.Lazard to GB 49 for 24 yards (32-D.McCourty, 13-Ja.Jones).",1.719,1.480
2022,4,October 2,away,Green Bay Packers,https://www.pro-football-reference.com/boxscores/202210020gnb.htm,1,08:59,1,10,GB 49,3,0,"(8:59) (Shotgun) 12-A.Rodgers pass short left to 87-R.Doubs to 50 for 1 yard (21-A.Phillips, 13-Ja.Jones). FUMBLES (13-Ja.Jones), touched at NE 49, RECOVERED by NE-13-Ja.Jones at GB 49.",3.199,-5.472
2022,4,October 2,away,Green Bay Packers,https://www.pro-football-reference.com/boxscores/202210020gnb.htm,1,08:52,1,10,GB 49,3,0,(8:52) (Shotgun) 37-D.Harris right end pushed ob at GB 46 for 3 yards (21-E.Stokes).,2.273,-0.238
2022,4,October 2,away,Green Bay Packers,https://www.pro-football-reference.com/boxscores/202210020gnb.htm,1,08:16,2,7,GB 46,3,0,(8:16) (Shotgun) 5-B.Hoyer pass short middle to 38-R.Stevenson to GB 40 for 6 yards (31-A.Amos).,2.035,0.422
2022,4,October 2,away,Green Bay Packers,https://www.pro-football-reference.com/boxscores/202210020gnb.htm,1,07:36,3,1,GB 40,3,0,(7:36) 61-M.Cannon reported in as eligible.  38-R.Stevenson left guard to GB 37 for 3 yards (94-D.Lowry).,2.458,0.715
2022,4,October 2,away,Green Bay Packers,https://www.pro-football-reference.com/boxscores/202210020gnb.htm,1,06:59,1,10,GB 37,3,0,"(6:59) 38-R.Stevenson right end to GB 35 for 2 yards (97-K.Clark, 52-R.Gary).",3.172,-0.451
2022,4,October 2,away,Green Bay Packers,https://www.pro-football-reference.com/boxscores/202210020gnb.htm,1,06:23,2,8,GB 35,3,0,(6:23) (Shotgun) 5-B.Hoyer pass short right to 37-D.Harris to GB 37 for -2 yards (31-A.Amos).,2.721,-1.038
2022,4,October 2,away,Green Bay Packers,https://www.pro-football-reference.com/boxscores/202210020gnb.htm,1,05:46,3,10,GB 37,3,0,(5:46) (Shotgun) 5-B.Hoyer sacked at GB 45 for -8 yards (52-R.Gary).,1.683,-2.520
2022,4,October 2,away,Green Bay Packers,https://www.pro-football-reference.com/boxscores/202210020gnb.htm,1,05:07,4,18,GB 45,3,0,"(5:07) 7-J.Bailey punts 45 yards to end zone, Center-49-J.Cardona, Touchback.",-0.837,-0.491
2022,4,October 2,away,Green Bay Packers,https://www.pro-football-reference.com/boxscores/202210020gnb.htm,1,05:00,1,10,GB 20,3,0,"(5:00) (Shotgun) 28-A.Dillon up the middle to GB 25 for 5 yards (21-A.Phillips, 90-C.Barmore).",1.328,0.047
2022,4,October 2,away,Green Bay Packers,https://www.pro-football-reference.com/boxscores/202210020gnb.htm,1,04:16,2,5,GB 25,3,0,"(4:16) (Shotgun) 33-A.Jones left tackle to GB 45 for 20 yards (30-M.Wilson). PENALTY on NE-30-M.Wilson, Face Mask, 15 yards, enforced at GB 45.",1.375,2.378
2022,4,October 2,away,Green Bay Packers,https://www.pro-football-reference.com/boxscores/202210020gnb.htm,1,03:52,1,10,NE 40,3,0,(3:52) 33-A.Jones left end to NE 39 for 1 yard (58-A.Jennings; 92-D.Godchaux).,3.753,-0.562
2022,4,October 2,away,Green Bay Packers,https://www.pro-football-reference.com/boxscores/202210020gnb.htm,1,03:11,2,9,NE 39,3,0,(3:11) (Shotgun) 12-A.Rodgers pass incomplete short right to 33-A.Jones.,3.191,-0.803
2022,4,October 2,away,Green Bay Packers,https://www.pro-football-reference.com/boxscores/202210020gnb.htm,1,03:07,3,9,NE 39,3,0,(3:07) (Shotgun) 12-A.Rodgers sacked at NE 46 for -7 yards (9-M.Judon).,2.388,-2.202
2022,4,October 2,away,Green Bay Packers,https://www.pro-football-reference.com/boxscores/202210020gnb.htm,1,02:32,4,16,NE 46,3,0,"(2:32) 16-P.O'Donnell punts 38 yards to NE 8, Center-56-J.Coco, fair catch by 25-Ma.Jones.",0.186,0.458
2022,4,October 2,away,Green Bay Packers,https://www.pro-football-reference.com/boxscores/202210020gnb.htm,1,02:25,1,10,NE 8,3,0,"(2:25) 61-M.Cannon reported in as eligible.  PENALTY on NE-76-I.Wynn, False Start, 4 yards, enforced at NE 8 - No Play.",-0.645,-0.684
2022,4,October 2,away,Green Bay Packers,https://www.pro-football-reference.com/boxscores/202210020gnb.htm,1,02:25,1,14,NE 4,3,0,"(2:25) 37-D.Harris right end to NE 6 for 2 yards (21-E.Stokes, 20-R.Ford). Penalty on NE-76-I.Wynn, Offensive Holding, declined.",-1.328,-0.302
2022,4,October 2,away,Green Bay Packers,https://www.pro-football-reference.com/boxscores/202210020gnb.htm,1,02:05,2,12,NE 6,3,0,(2:05) 61-M.Cannon reported in as eligible.  37-D.Harris up the middle to NE 10 for 4 yards (95-D.Wyatt).,-1.630,-0.036
2022,4,October 2,away,Green Bay Packers,https://www.pro-football-reference.com/boxscores/202210020gnb.htm,1,01:19,3,8,NE 10,3,0,(1:19) (Shotgun) 4-B.Zappe pass incomplete short right to 38-R.Stevenson.,-1.666,-1.031
2022,4,October 2,away,Green Bay Packers,https://www.pro-football-reference.com/boxscores/202210020gnb.htm,1,01:14,4,8,NE 10,3,0,"(1:14) 7-J.Bailey punts 59 yards to GB 31, Center-49-J.Cardona. 8-Am.Rodgers to GB 35 for 4 yards (41-B.Schooler). PENALTY on NE-41-B.Schooler, Horse Collar Tackle, 15 yards, enforced at GB 35.",-2.697,-0.371
2022,4,October 2,away,Green Bay Packers,https://www.pro-football-reference.com/boxscores/202210020gnb.htm,1,01:03,1,10,MID 50,3,0,(1:03) 33-A.Jones right end to NE 40 for 10 yards (48-J.Tavai).,3.068,0.444
2022,4,October 2,away,Green Bay Packers,https://www.pro-football-reference.com/boxscores/202210020gnb.htm,1,00:23,1,10,NE 40,3,0,"(:23) (Shotgun) 33-A.Jones left tackle to NE 35 for 5 yards (48-J.Tavai, 8-J.Bentley).",3.512,0.019
2022,4,October 2,away,Green Bay Packers,https://www.pro-football-reference.com/boxscores/202210020gnb.htm,2,15:00,2,5,NE 35,3,0,(15:00) (Shotgun) 28-A.Dillon up the middle to NE 32 for 3 yards (21-A.Phillips; 9-M.Judon).,3.531,-0.153
2022,4,October 2,away,Green Bay Packers,https://www.pro-football-reference.com/boxscores/202210020gnb.htm,2,14:21,3,2,NE 32,3,0,(14:21) (Shotgun) 33-A.Jones right end ran ob at NE 25 for 7 yards (32-D.McCourty).,3.378,0.999
2022,4,October 2,away,Green Bay Packers,https://www.pro-football-reference.com/boxscores/202210020gnb.htm,2,13:43,1,10,NE 25,3,0,(13:43) (Shotgun) 33-A.Jones left end pushed ob at NE 15 for 10 yards (48-J.Tavai).,4.377,0.613
2022,4,October 2,away,Green Bay Packers,https://www.pro-football-reference.com/boxscores/202210020gnb.htm,2,13:05,1,10,NE 15,3,6,"(13:05) 9-C.Watson right end for 15 yards, TOUCHDOWN.",4.990,2.010
2022,4,October 2,away,Green Bay Packers,https://www.pro-football-reference.com/boxscores/202210020gnb.htm,2,13:00,,,NE 15,3,7,"2-M.Crosby extra point is GOOD, Center-56-J.Coco, Holder-16-P.O'Donnell.",0.932,0.068
2022,4,October 2,away,Green Bay Packers,https://www.pro-football-reference.com/boxscores/202210020gnb.htm,2,13:00,,,GB 35,3,7,2-M.Crosby kicks 63 yards from GB 35 to NE 2. 25-Ma.Jones to NE 27 for 25 yards (84-T.Davis).,0.658,0.090
2022,4,October 2,away,Green Bay Packers,https://www.pro-football-reference.com/boxscores/202210020gnb.htm,2,12:55,1,10,NE 27,3,7,(12:55) (Shotgun) 4-B.Zappe pass short right to 83-L.Humphrey pushed ob at NE 36 for 9 yards (21-E.Stokes).,0.748,0.819
2022,4,October 2,away,Green Bay Packers,https://www.pro-football-reference.com/boxscores/202210020gnb.htm,2,12:24,2,1,NE 36,3,7,(12:24) (Shotgun) 4-B.Zappe pass short left to 15-N.Agholor to NE 34 for -2 yards (26-D.Savage).,1.567,-1.248
2022,4,October 2,away,Green Bay Packers,https://www.pro-football-reference.com/boxscores/202210020gnb.htm,2,12:08,3,3,NE 34,3,7,(12:08) (Shotgun) 38-R.Stevenson left guard to NE 38 for 4 yards (59-D.Campbell; 91-P.Smith).,0.319,1.143
2022,4,October 2,away,Green Bay Packers,https://www.pro-football-reference.com/boxscores/202210020gnb.htm,2,11:21,1,10,NE 38,3,7,(11:21) 38-R.Stevenson left end to NE 36 for -2 yards (7-Q.Walker).,1.463,-0.819
2022,4,October 2,away,Green Bay Packers,https://www.pro-football-reference.com/boxscores/202210020gnb.htm,2,10:44,2,12,NE 36,3,7,(10:44) (Shotgun) 4-B.Zappe pass incomplete short middle to 15-N.Agholor.,0.643,-0.855
2022,4,October 2,away,Green Bay Packers,https://www.pro-football-reference.com/boxscores/202210020gnb.htm,2,10:40,3,12,NE 36,3,7,(10:40) (Shotgun) 4-B.Zappe pass short left to 38-R.Stevenson to NE 38 for 2 yards (52-R.Gary).,-0.212,-0.784
2022,4,October 2,away,Green Bay Packers,https://www.pro-football-reference.com/boxscores/202210020gnb.htm,2,10:01,4,10,NE 38,3,7,"(10:01) 7-J.Bailey punts 62 yards to end zone, Center-49-J.Cardona, Touchback.",-0.995,-0.076
2022,4,October 2,away,Green Bay Packers,https://www.pro-football-reference.com/boxscores/202210020gnb.htm,2,09:52,1,10,GB 20,3,7,(9:52) (Shotgun) 12-A.Rodgers pass incomplete deep right to 9-C.Watson.,1.072,-0.523
2022,4,October 2,away,Green Bay Packers,https://www.pro-football-reference.com/boxscores/202210020gnb.htm,2,09:47,2,10,GB 20,3,7,(9:47) (Shotgun) 28-A.Dillon up the middle to GB 22 for 2 yards (90-C.Barmore).,0.548,-0.707
2022,4,October 2,away,Green Bay Packers,https://www.pro-football-reference.com/boxscores/202210020gnb.htm,2,09:04,3,8,GB 22,3,7,(9:04) (Shotgun) 12-A.Rodgers pass incomplete deep left to 13-A.Lazard.,-0.158,-1.148
2022,4,October 2,away,Green Bay Packers,https://www.pro-football-reference.com/boxscores/202210020gnb.htm,2,08:59,4,8,GB 22,3,7,"(8:59) 16-P.O'Donnell punts 38 yards to NE 40, Center-56-J.Coco, out of bounds. PENALTY on NE-22-Co.Davis, Illegal Blindside Block, 15 yards, enforced at NE 40.",-1.306,0.543
2022,4,October 2,away,Green Bay Packers,https://www.pro-football-reference.com/boxscores/202210020gnb.htm,2,08:52,1,10,NE 25,3,7,(8:52) 37-D.Harris right tackle to NE 30 for 5 yards (20-R.Ford).,0.762,0.085
2022,4,October 2,away,Green Bay Packers,https://www.pro-football-reference.com/boxscores/202210020gnb.htm,2,08:11,2,5,NE 30,3,7,(8:11) (Shotgun) 84-K.Bourne left end to NE 45 for 15 yards (7-Q.Walker).,0.847,1.188
2022,4,October 2,away,Green Bay Packers,https://www.pro-football-reference.com/boxscores/202210020gnb.htm,2,07:27,1,10,NE 45,3,7,(7:27) 4-B.Zappe pass incomplete short right to 84-K.Bourne.,2.036,-0.468
2022,4,October 2,away,Green Bay Packers,https://www.pro-football-reference.com/boxscores/202210020gnb.htm,2,07:22,2,10,NE 45,3,7,(7:22) (Shotgun) 37-D.Harris left end to NE 47 for 2 yards (52-R.Gary).,1.568,-0.628
2022,4,October 2,away,Green Bay Packers,https://www.pro-football-reference.com/boxscores/202210020gnb.htm,2,06:38,3,8,NE 47,3,7,(6:38) (Shotgun) 4-B.Zappe pass short right to 85-H.Henry to GB 46 for 7 yards (21-E.Stokes).,0.940,-0.129
2022,4,October 2,away,Green Bay Packers,https://www.pro-football-reference.com/boxscores/202210020gnb.htm,2,05:53,4,1,GB 46,3,7,"(5:53) 7-J.Bailey punts 37 yards to GB 9, Center-49-J.Cardona, fair catch by 8-Am.Rodgers.",0.812,-0.916
2022,4,October 2,away,Green Bay Packers,https://www.pro-football-reference.com/boxscores/202210020gnb.htm,2,05:46,1,10,GB 9,3,7,(5:46) (Shotgun) 33-A.Jones left end to GB 11 for 2 yards (90-C.Barmore; 91-D.Wise).,0.104,-0.408
2022,4,October 2,away,Green Bay Packers,https://www.pro-football-reference.com/boxscores/202210020gnb.htm,2,05:07,2,8,GB 11,3,7,(5:07) (Shotgun) 12-A.Rodgers pass short right to 13-A.Lazard to GB 24 for 13 yards (13-Ja.Jones).,-0.303,1.182
2022,4,October 2,away,Green Bay Packers,https://www.pro-football-reference.com/boxscores/202210020gnb.htm,2,04:27,1,10,GB 24,3,7,"(4:27) (Shotgun) 28-A.Dillon left guard to GB 31 for 7 yards (32-D.McCourty, 21-A.Phillips).",0.878,0.166
2022,4,October 2,away,Green Bay Packers,https://www.pro-football-reference.com/boxscores/202210020gnb.htm,2,03:46,,,GB 31,3,7,Timeout #1 by GB at 03:46.,1.044,0.000
2022,4,October 2,away,Green Bay Packers,https://www.pro-football-reference.com/boxscores/202210020gnb.htm,2,03:46,2,3,GB 31,3,7,(3:46) 12-A.Rodgers pass incomplete deep left.,1.044,-0.565
2022,4,October 2,away,Green Bay Packers,https://www.pro-football-reference.com/boxscores/202210020gnb.htm,2,03:41,3,3,GB 31,3,7,(3:41) (Shotgun) 12-A.Rodgers pass incomplete deep right.,0.479,-1.134
2022,4,October 2,away,Green Bay Packers,https://www.pro-football-reference.com/boxscores/202210020gnb.htm,2,03:35,4,3,GB 31,3,7,"(3:35) 16-P.O'Donnell punts 48 yards to NE 21, Center-56-J.Coco. 25-Ma.Jones ran ob at 50 for 29 yards (27-P.Taylor).",-0.656,-1.531
2022,4,October 2,away,Green Bay Packers,https://www.pro-football-reference.com/boxscores/202210020gnb.htm,2,03:22,1,10,MID 50,3,7,(3:22) (Shotgun) 4-B.Zappe pass incomplete short right.,2.186,-0.420
2022,4,October 2,away,Green Bay Packers,https://www.pro-football-reference.com/boxscores/202210020gnb.htm,2,03:15,2,10,MID 50,3,7,(3:15) (Shotgun) 4-B.Zappe pass short right to 38-R.Stevenson to GB 43 for 7 yards (7-Q.Walker).,1.766,0.188
2022,4,October 2,away,Green Bay Packers,https://www.pro-football-reference.com/boxscores/202210020gnb.htm,2,02:34,3,3,GB 43,3,7,(2:34) (Shotgun) 38-R.Stevenson right end to GB 35 for 8 yards (20-R.Ford).,1.955,1.092
2022,4,October 2,away,Green Bay Packers,https://www.pro-football-reference.com/boxscores/202210020gnb.htm,2,02:00,1,10,GB 35,3,7,"(2:00) 61-M.Cannon reported in as eligible.  38-R.Stevenson right tackle to GB 30 for 5 yards (93-T.Slaton, 7-Q.Walker).",3.047,0.218
2022,4,October 2,away,Green Bay Packers,https://www.pro-football-reference.com/boxscores/202210020gnb.htm,2,01:13,2,5,GB 30,3,7,(1:13) (Shotgun) 61-M.Cannon reported in as eligible.  4-B.Zappe pass short left to 38-R.Stevenson to GB 22 for 8 yards (59-D.Campbell).,3.266,0.737
2022,4,October 2,away,Green Bay Packers,https://www.pro-football-reference.com/boxscores/202210020gnb.htm,2,01:04,,,GB 22,3,7,Timeout #2 by NE at 01:04.,4.002,0.000
2022,4,October 2,away,Green Bay Packers,https://www.pro-football-reference.com/boxscores/202210020gnb.htm,2,01:04,1,10,GB 22,3,7,"(1:04) (Shotgun) 4-B.Zappe sacked at GB 31 for -9 yards (52-R.Gary). FUMBLES (52-R.Gary) [52-R.Gary], RECOVERED by GB-52-R.Gary at GB 31.",4.002,-4.695
2022,4,October 2,away,Green Bay Packers,https://www.pro-football-reference.com/boxscores/202210020gnb.htm,2,00:54,1,10,GB 31,3,7,(:54) (Shotgun) 12-A.Rodgers pass incomplete deep left to 18-R.Cobb.,0.693,-0.252
2022,4,October 2,away,Green Bay Packers,https://www.pro-football-reference.com/boxscores/202210020gnb.htm,2,00:49,2,10,GB 31,3,7,(:49) (Shotgun) 12-A.Rodgers scrambles up the middle to GB 32 for 1 yard (8-J.Bentley).,0.441,-0.245
2022,4,October 2,away,Green Bay Packers,https://www.pro-football-reference.com/boxscores/202210020gnb.htm,2,00:22,3,9,GB 32,9,7,"(:22) (No Huddle, Shotgun) 12-A.Rodgers pass short right intended for 13-A.Lazard INTERCEPTED by 13-Ja.Jones at GB 40. 13-Ja.Jones for 40 yards, TOUCHDOWN.",0.196,-7.196
2022,4,October 2,away,Green Bay Packers,https://www.pro-football-reference.com/boxscores/202210020gnb.htm,2,00:13,,,GB 15,10,7,"6-N.Folk extra point is GOOD, Center-49-J.Cardona, Holder-7-J.Bailey.",0.932,0.068
2022,4,October 2,away,Green Bay Packers,https://www.pro-football-reference.com/boxscores/202210020gnb.htm,2,00:13,,,NE 35,10,7,6-N.Folk kicks 64 yards from NE 35 to GB 1. 8-Am.Rodgers to GB 35 for 34 yards (27-M.Bryant).,0.046,0.042
2022,4,October 2,away,Green Bay Packers,https://www.pro-football-reference.com/boxscores/202210020gnb.htm,2,00:07,1,10,GB 35,10,7,(:07) (Shotgun) 12-A.Rodgers pass short left to 13-A.Lazard to GB 41 for 6 yards (27-M.Bryant).,0.088,-0.088
2022,4,October 2,away,Green Bay Packers,https://www.pro-football-reference.com/boxscores/202210020gnb.htm,3,15:00,,,NE 35,10,7,7-J.Bailey kicks 62 yards from NE 35 to GB 3. 8-Am.Rodgers to GB 19 for 16 yards (22-Co.Davis).,1.474,-0.552
2022,4,October 2,away,Green Bay Packers,https://www.pro-football-reference.com/boxscores/202210020gnb.htm,3,14:55,1,10,GB 19,10,7,(14:55) (Shotgun) 12-A.Rodgers pass incomplete short left to 9-C.Watson.,0.922,-0.626
2022,4,October 2,away,Green Bay Packers,https://www.pro-football-reference.com/boxscores/202210020gnb.htm,3,14:51,2,10,GB 19,10,7,(14:51) (Shotgun) 12-A.Rodgers pass incomplete short middle to 87-R.Doubs (31-Jo.Jones).,0.295,-0.745
2022,4,October 2,away,Green Bay Packers,https://www.pro-football-reference.com/boxscores/202210020gnb.htm,3,14:48,3,10,GB 19,10,7,(14:48) (Shotgun) 12-A.Rodgers pass deep right to 13-A.Lazard to NE 49 for 32 yards (31-Jo.Jones).,-0.450,3.549
2022,4,October 2,away,Green Bay Packers,https://www.pro-football-reference.com/boxscores/202210020gnb.htm,3,14:04,1,10,NE 49,10,7,(14:04) 33-A.Jones right end to NE 37 for 12 yards (31-Jo.Jones).,3.099,0.794
2022,4,October 2,away,Green Bay Packers,https://www.pro-football-reference.com/boxscores/202210020gnb.htm,3,13:24,1,10,NE 37,10,7,(13:24) 33-A.Jones left end to NE 37 for no gain (32-D.McCourty).,3.893,-0.555
2022,4,October 2,away,Green Bay Packers,https://www.pro-football-reference.com/boxscores/202210020gnb.htm,3,12:42,2,10,NE 37,10,7,(12:42) (Shotgun) 12-A.Rodgers pass short middle to 9-C.Watson to NE 29 for 8 yards (8-J.Bentley; 27-M.Bryant).,3.338,0.351
2022,4,October 2,away,Green Bay Packers,https://www.pro-football-reference.com/boxscores/202210020gnb.htm,3,12:02,3,2,NE 29,10,7,"(12:02) (Shotgun) 28-A.Dillon right tackle to NE 28 for 1 yard (90-C.Barmore, 9-M.Judon).",3.689,-0.926
2022,4,October 2,away,Green Bay Packers,https://www.pro-football-reference.com/boxscores/202210020gnb.htm,3,11:16,4,1,NE 28,10,7,(11:16) 33-A.Jones left end pushed ob at NE 11 for 17 yards (32-D.McCourty).,2.763,2.521
2022,4,October 2,away,Green Bay Packers,https://www.pro-football-reference.com/boxscores/202210020gnb.htm,3,10:40,1,10,NE 11,10,7,(10:40) (Shotgun) 28-A.Dillon left guard to NE 10 for 1 yard (9-M.Judon; 91-D.Wise).,5.285,-0.513
2022,4,October 2,away,Green Bay Packers,https://www.pro-football-reference.com/boxscores/202210020gnb.htm,3,09:52,,,NE 10,10,7,Timeout #1 by GB at 09:52.,4.771,0.000
2022,4,October 2,away,Green Bay Packers,https://www.pro-football-reference.com/boxscores/202210020gnb.htm,3,09:52,2,9,NE 10,10,7,"(9:52) (Shotgun) 33-A.Jones left end pushed ob at NE 6 for 4 yards (91-D.Wise). PENALTY on GB-69-D.Bakhtiari, Offensive Holding, 10 yards, enforced at NE 10 - No Play.",4.771,-1.180
2022,4,October 2,away,Green Bay Packers,https://www.pro-football-reference.com/boxscores/202210020gnb.htm,3,09:24,2,19,NE 20,10,13,"(9:24) (Shotgun) 12-A.Rodgers pass deep middle to 85-R.Tonyan for 20 yards, TOUCHDOWN.",3.591,3.409
2022,4,October 2,away,Green Bay Packers,https://www.pro-football-reference.com/boxscores/202210020gnb.htm,3,09:20,,,NE 15,10,14,"2-M.Crosby extra point is GOOD, Center-56-J.Coco, Holder-16-P.O'Donnell.",0.932,0.068
2022,4,October 2,away,Green Bay Packers,https://www.pro-football-reference.com/boxscores/202210020gnb.htm,3,09:20,,,GB 35,10,14,"2-M.Crosby kicks 58 yards from GB 35 to NE 7. 25-Ma.Jones pushed ob at NE 39 for 32 yards (29-R.Douglas). PENALTY on NE-50-R.McMillan, Offensive Holding, 10 yards, enforced at NE 35.",1.257,0.006
2022,4,October 2,away,Green Bay Packers,https://www.pro-football-reference.com/boxscores/202210020gnb.htm,3,09:14,1,10,NE 25,10,14,(9:14) 4-B.Zappe pass short right to 84-K.Bourne to NE 41 for 16 yards (20-R.Ford).,1.263,0.965
2022,4,October 2,away,Green Bay Packers,https://www.pro-football-reference.com/boxscores/202210020gnb.htm,3,08:32,1,10,NE 41,10,14,"(8:32) (Shotgun) 4-B.Zappe sacked at NE 35 for -6 yards (sack split by 94-D.Lowry and 91-P.Smith). PENALTY on GB-97-K.Clark, Unnecessary Roughness, 15 yards, enforced at NE 35.",2.228,0.636
2022,4,October 2,away,Green Bay Packers,https://www.pro-football-reference.com/boxscores/202210020gnb.htm,3,08:07,1,10,MID 50,10,14,(8:07) 37-D.Harris up the middle to GB 45 for 5 yards (90-J.Reed; 94-D.Lowry).,2.864,0.013
2022,4,October 2,away,Green Bay Packers,https://www.pro-football-reference.com/boxscores/202210020gnb.htm,3,07:30,2,5,GB 45,10,14,(7:30) 37-D.Harris right guard to GB 31 for 14 yards (20-R.Ford).,2.877,1.118
2022,4,October 2,away,Green Bay Packers,https://www.pro-football-reference.com/boxscores/202210020gnb.htm,3,06:54,1,10,GB 31,10,14,(6:54) 37-D.Harris left end to GB 24 for 7 yards (7-Q.Walker).,3.995,0.446
2022,4,October 2,away,Green Bay Packers,https://www.pro-football-reference.com/boxscores/202210020gnb.htm,3,06:14,2,3,GB 24,10,14,(6:14) 37-D.Harris left end to GB 20 for 4 yards (91-P.Smith).,4.441,0.231
2022,4,October 2,away,Green Bay Packers,https://www.pro-football-reference.com/boxscores/202210020gnb.htm,3,05:27,1,10,GB 20,10,14,"(5:27) 61-M.Cannon reported in as eligible.  PENALTY on NE, Delay of Game, 5 yards, enforced at GB 20 - No Play.",4.672,-0.693
2022,4,October 2,away,Green Bay Packers,https://www.pro-football-reference.com/boxscores/202210020gnb.htm,3,04:59,1,15,GB 25,16,14,"(4:59) 4-B.Zappe pass short right to 1-D.Parker for 25 yards, TOUCHDOWN.",3.979,3.021
2022,4,October 2,away,Green Bay Packers,https://www.pro-football-reference.com/boxscores/202210020gnb.htm,3,04:52,,,GB 15,17,14,"6-N.Folk extra point is GOOD, Center-49-J.Cardona, Holder-7-J.Bailey.",0.932,0.068
2022,4,October 2,away,Green Bay Packers,https://www.pro-football-reference.com/boxscores/202210020gnb.htm,3,04:52,,,NE 35,17,14,7-J.Bailey kicks 60 yards from NE 35 to GB 5. 8-Am.Rodgers to GB 21 for 16 yards (22-Co.Davis; 18-M.Slater).,1.121,-0.405
2022,4,October 2,away,Green Bay Packers,https://www.pro-football-reference.com/boxscores/202210020gnb.htm,3,04:48,1,10,GB 21,17,14,"(4:48) 12-A.Rodgers pass short right to 87-R.Doubs pushed ob at GB 37 for 16 yards (8-J.Bentley, 13-Ja.Jones).",0.716,1.201
2022,4,October 2,away,Green Bay Packers,https://www.pro-football-reference.com/boxscores/202210020gnb.htm,3,04:13,1,10,GB 37,17,14,(4:13) 28-A.Dillon left tackle to GB 46 for 9 yards (9-M.Judon).,1.917,0.863
2022,4,October 2,away,Green Bay Packers,https://www.pro-football-reference.com/boxscores/202210020gnb.htm,3,03:34,2,1,GB 46,17,14,(3:34) (Shotgun) 33-A.Jones left tackle to NE 46 for 8 yards (21-A.Phillips).,2.780,0.221
2022,4,October 2,away,Green Bay Packers,https://www.pro-football-reference.com/boxscores/202210020gnb.htm,3,02:54,1,10,NE 46,17,14,(2:54) (Shotgun) 12-A.Rodgers pass short middle to 13-A.Lazard to NE 27 for 19 yards (21-A.Phillips).,3.001,1.271
2022,4,October 2,away,Green Bay Packers,https://www.pro-football-reference.com/boxscores/202210020gnb.htm,3,02:09,1,10,NE 27,17,14,(2:09) (Shotgun) 28-A.Dillon up the middle to NE 22 for 5 yards (3-J.Peppers; 8-J.Bentley).,4.272,0.174
2022,4,October 2,away,Green Bay Packers,https://www.pro-football-reference.com/boxscores/202210020gnb.htm,3,01:26,2,5,NE 22,17,14,(1:26) (Shotgun) 28-A.Dillon right tackle to NE 21 for 1 yard (8-J.Bentley; 95-D.Ekuale).,4.447,-0.572
2022,4,October 2,away,Green Bay Packers,https://www.pro-football-reference.com/boxscores/202210020gnb.htm,3,00:43,3,4,NE 21,17,14,(:43) (Shotgun) 12-A.Rodgers pass short left to 33-A.Jones to NE 20 for 1 yard (21-A.Phillips).,3.875,-1.403
2022,4,October 2,away,Green Bay Packers,https://www.pro-football-reference.com/boxscores/202210020gnb.htm,3,00:09,,,NE 20,17,14,Timeout #1 by NE at 00:09.,2.472,0.000
2022,4,October 2,away,Green Bay Packers,https://www.pro-football-reference.com/boxscores/202210020gnb.htm,3,00:09,4,3,NE 20,17,17,"(:09) 2-M.Crosby 38 yard field goal is GOOD, Center-56-J.Coco, Holder-16-P.O'Donnell.",2.472,0.528
2022,4,October 2,away,Green Bay Packers,https://www.pro-football-reference.com/boxscores/202210020gnb.htm,3,00:05,,,GB 35,17,17,2-M.Crosby kicks 68 yards from GB 35 to NE -3. 25-Ma.Jones to NE 34 for 37 yards (7-Q.Walker).,0.832,0.531
2022,4,October 2,away,Green Bay Packers,https://www.pro-football-reference.com/boxscores/202210020gnb.htm,4,15:00,1,10,NE 34,17,17,"(15:00) 38-R.Stevenson right tackle to NE 46 for 12 yards (26-D.Savage, 97-K.Clark).",1.362,0.976
2022,4,October 2,away,Green Bay Packers,https://www.pro-football-reference.com/boxscores/202210020gnb.htm,4,14:23,1,10,NE 46,17,17,(14:23) 61-M.Cannon reported in as eligible.  38-R.Stevenson left tackle to GB 49 for 5 yards (90-J.Reed).,2.338,-0.030
2022,4,October 2,away,Green Bay Packers,https://www.pro-football-reference.com/boxscores/202210020gnb.htm,4,13:46,2,5,GB 49,17,17,(13:46) 61-M.Cannon reported in as eligible.  38-R.Stevenson right tackle to GB 32 for 17 yards (20-R.Ford).,2.309,1.361
2022,4,October 2,away,Green Bay Packers,https://www.pro-football-reference.com/boxscores/202210020gnb.htm,4,13:10,1,10,GB 32,17,17,(13:10) 61-M.Cannon reported in as eligible.  38-R.Stevenson left tackle to GB 30 for 2 yards (97-K.Clark).,3.670,-0.380
2022,4,October 2,away,Green Bay Packers,https://www.pro-football-reference.com/boxscores/202210020gnb.htm,4,12:31,2,8,GB 30,17,17,(12:31) 61-M.Cannon reported in as eligible.  4-B.Zappe pass deep left to 15-N.Agholor to GB 9 for 21 yards (20-R.Ford).,3.290,1.759
2022,4,October 2,away,Green Bay Packers,https://www.pro-football-reference.com/boxscores/202210020gnb.htm,4,11:52,1,9,GB 9,17,17,"(11:52) 61-M.Cannon reported in as eligible.  37-D.Harris left end to GB 5 for 4 yards (59-D.Campbell, 7-Q.Walker).",5.049,0.166
2022,4,October 2,away,Green Bay Packers,https://www.pro-football-reference.com/boxscores/202210020gnb.htm,4,11:19,2,5,GB 5,23,17,"(11:19) 61-M.Cannon reported in as eligible.  37-D.Harris left tackle for 5 yards, TOUCHDOWN.",5.216,1.784
2022,4,October 2,away,Green Bay Packers,https://www.pro-football-reference.com/boxscores/202210020gnb.htm,4,11:14,,,GB 15,24,17,"6-N.Folk extra point is GOOD, Center-49-J.Cardona, Holder-7-J.Bailey.",0.932,0.068
2022,4,October 2,away,Green Bay Packers,https://www.pro-football-reference.com/boxscores/202210020gnb.htm,4,11:14,,,NE 35,24,17,"7-J.Bailey kicks 65 yards from NE 35 to end zone, Touchback.",1.184,0.000
2022,4,October 2,away,Green Bay Packers,https://www.pro-football-reference.com/boxscores/202210020gnb.htm,4,11:14,1,10,GB 25,24,17,(11:14) (Shotgun) 12-A.Rodgers pass incomplete deep right to 87-R.Doubs.,1.184,-0.527
2022,4,October 2,away,Green Bay Packers,https://www.pro-football-reference.com/boxscores/202210020gnb.htm,4,11:08,2,10,GB 25,24,17,"(11:08) (Shotgun) 33-A.Jones right guard to GB 29 for 4 yards (55-J.Uche, 8-J.Bentley). NE-21-A.Phillips was injured during the play.",0.656,-0.323
2022,4,October 2,away,Green Bay Packers,https://www.pro-football-reference.com/boxscores/202210020gnb.htm,4,10:31,3,6,GB 29,24,17,(10:31) (Shotgun) 12-A.Rodgers pass deep left to 18-R.Cobb pushed ob at NE 47 for 24 yards (32-D.McCourty).,0.333,2.489
2022,4,October 2,away,Green Bay Packers,https://www.pro-football-reference.com/boxscores/202210020gnb.htm,4,09:45,1,10,NE 47,24,17,(9:45) 33-A.Jones left end to NE 44 for 3 yards (48-J.Tavai; 23-K.Dugger).,2.822,-0.288
2022,4,October 2,away,Green Bay Packers,https://www.pro-football-reference.com/boxscores/202210020gnb.htm,4,09:04,2,7,NE 44,24,17,(9:04) 12-A.Rodgers pass short middle to 28-A.Dillon to NE 33 for 11 yards (23-K.Dugger).,2.535,1.056
2022,4,October 2,away,Green Bay Packers,https://www.pro-football-reference.com/boxscores/202210020gnb.htm,4,08:23,1,10,NE 33,24,17,(8:23) (Shotgun) 28-A.Dillon right tackle to NE 20 for 13 yards (23-K.Dugger).,3.590,0.829
2022,4,October 2,away,Green Bay Packers,https://www.pro-football-reference.com/boxscores/202210020gnb.htm,4,07:42,1,10,NE 20,24,17,(7:42) (Shotgun) 12-A.Rodgers pass short left to 85-R.Tonyan to NE 18 for 2 yards (3-J.Peppers).,4.419,-0.305
2022,4,October 2,away,Green Bay Packers,https://www.pro-football-reference.com/boxscores/202210020gnb.htm,4,07:04,2,8,NE 18,24,17,(7:04) (Shotgun) 33-A.Jones right guard to NE 13 for 5 yards (91-D.Wise; 8-J.Bentley).,4.114,0.008
2022,4,October 2,away,Green Bay Packers,https://www.pro-football-reference.com/boxscores/202210020gnb.htm,4,06:17,3,3,NE 13,24,23,"(6:17) (Shotgun) 12-A.Rodgers pass short right to 87-R.Doubs for 13 yards, TOUCHDOWN.",4.122,2.878
2022,4,October 2,away,Green Bay Packers,https://www.pro-football-reference.com/boxscores/202210020gnb.htm,4,06:14,,,NE 15,24,24,"2-M.Crosby extra point is GOOD, Center-56-J.Coco, Holder-16-P.O'Donnell.",0.932,0.068
2022,4,October 2,away,Green Bay Packers,https://www.pro-football-reference.com/boxscores/202210020gnb.htm,4,06:14,,,GB 35,24,24,2-M.Crosby kicks 61 yards from GB 35 to NE 4. 25-Ma.Jones to NE 25 for 21 yards (22-S.Jean-Charles; 84-T.Davis).,0.872,-0.017
2022,4,October 2,away,Green Bay Packers,https://www.pro-football-reference.com/boxscores/202210020gnb.htm,4,06:09,1,10,NE 25,24,24,(6:09) 61-M.Cannon reported in as eligible.  37-D.Harris left guard to NE 29 for 4 yards (29-R.Douglas; 97-K.Clark).,0.855,-0.131
2022,4,October 2,away,Green Bay Packers,https://www.pro-football-reference.com/boxscores/202210020gnb.htm,4,05:23,2,6,NE 29,24,24,(5:23) 4-B.Zappe sacked at NE 20 for -9 yards (90-J.Reed).,0.724,-1.492
2022,4,October 2,away,Green Bay Packers,https://www.pro-football-reference.com/boxscores/202210020gnb.htm,4,04:37,3,15,NE 20,24,24,(4:37) (Shotgun) 4-B.Zappe pass short right to 85-H.Henry to NE 26 for 6 yards (21-E.Stokes).,-0.768,-0.337
2022,4,October 2,away,Green Bay Packers,https://www.pro-football-reference.com/boxscores/202210020gnb.htm,4,03:58,4,9,NE 26,24,24,"(3:58) 7-J.Bailey punts 31 yards to GB 43, Center-49-J.Cardona, out of bounds.",-1.105,-0.687
2022,4,October 2,away,Green Bay Packers,https://www.pro-football-reference.com/boxscores/202210020gnb.htm,4,03:50,1,10,GB 43,24,24,(3:50) 12-A.Rodgers pass incomplete short right [21-A.Phillips].,1.792,-0.574
2022,4,October 2,away,Green Bay Packers,https://www.pro-football-reference.com/boxscores/202210020gnb.htm,4,03:44,2,10,GB 43,24,24,(3:44) (Shotgun) 12-A.Rodgers pass short left to 33-A.Jones to GB 47 for 4 yards (13-Ja.Jones).,1.218,-0.146
2022,4,October 2,away,Green Bay Packers,https://www.pro-football-reference.com/boxscores/202210020gnb.htm,4,03:00,3,6,GB 47,24,24,"(3:00) (Shotgun) 12-A.Rodgers pass incomplete short right to 18-R.Cobb. PENALTY on NE-27-M.Bryant, Defensive Pass Interference, 11 yards, enforced at GB 47 - No Play.",1.072,1.486
2022,4,October 2,away,Green Bay Packers,https://www.pro-football-reference.com/boxscores/202210020gnb.htm,4,02:56,1,10,NE 42,24,24,(2:56) 28-A.Dillon right tackle to NE 40 for 2 yards (92-D.Godchaux).,2.558,-0.369
2022,4,October 2,away,Green Bay Packers,https://www.pro-football-reference.com/boxscores/202210020gnb.htm,4,02:12,2,8,NE 40,24,24,"(2:12) (Shotgun) 12-A.Rodgers pass incomplete short left to 81-J.Deguara. Penalty on GB-71-J.Myers, Ineligible Downfield Pass, declined.",2.189,-0.310
2022,4,October 2,away,Green Bay Packers,https://www.pro-football-reference.com/boxscores/202210020gnb.htm,4,02:08,3,8,NE 40,24,24,"(2:08) (Shotgun) 12-A.Rodgers pass incomplete deep right to 87-R.Doubs. Green Bay challenged the incomplete pass ruling, and the play was Upheld. The ruling on the field stands. (Timeout #2.)",1.879,-1.312
2022,4,October 2,away,Green Bay Packers,https://www.pro-football-reference.com/boxscores/202210020gnb.htm,4,02:02,4,8,NE 40,24,24,"(2:02) (Punt formation) PENALTY on GB, Delay of Game, 5 yards, enforced at NE 40 - No Play.",0.567,-0.253
2022,4,October 2,away,Green Bay Packers,https://www.pro-football-reference.com/boxscores/202210020gnb.htm,4,02:02,4,13,NE 45,24,24,"(2:02) 16-P.O'Donnell punts 43 yards to NE 2, Center-56-J.Coco, downed by GB-25-K.Nixon.",0.314,-0.003
2022,4,October 2,away,Green Bay Packers,https://www.pro-football-reference.com/boxscores/202210020gnb.htm,4,01:52,1,10,NE 2,24,24,(1:52) 61-M.Cannon reported in as eligible.  38-R.Stevenson left guard to NE 4 for 2 yards (59-D.Campbell).,-0.311,-0.194
2022,4,October 2,away,Green Bay Packers,https://www.pro-football-reference.com/boxscores/202210020gnb.htm,4,01:48,,,NE 4,24,24,Timeout #3 by GB at 01:48.,-0.505,0.000
2022,4,October 2,away,Green Bay Packers,https://www.pro-football-reference.com/boxscores/202210020gnb.htm,4,01:48,2,8,NE 4,24,24,(1:48) 61-M.Cannon reported in as eligible.  38-R.Stevenson left end to NE 9 for 5 yards (90-J.Reed; 26-D.Savage).,-0.505,0.346
2022,4,October 2,away,Green Bay Packers,https://www.pro-football-reference.com/boxscores/202210020gnb.htm,4,01:01,,,NE 9,24,24,Timeout #2 by NE at 01:01.,-0.158,0.000
2022,4,October 2,away,Green Bay Packers,https://www.pro-football-reference.com/boxscores/202210020gnb.htm,4,01:01,3,3,NE 9,24,24,"(1:01) (Shotgun) 38-R.Stevenson right tackle to NE 11 for 2 yards (90-J.Reed, 97-K.Clark).",-0.158,0.054
2022,4,October 2,away,Green Bay Packers,https://www.pro-football-reference.com/boxscores/202210020gnb.htm,4,00:14,,,NE 11,24,24,Timeout #3 by NE at 00:14.,-0.105,0.000
2022,4,October 2,away,Green Bay Packers,https://www.pro-football-reference.com/boxscores/202210020gnb.htm,4,00:14,4,1,NE 11,24,24,"(:14) 7-J.Bailey punts 44 yards to GB 45, Center-49-J.Cardona. 8-Am.Rodgers to NE 48 for 7 yards (30-M.Wilson; 18-M.Slater). PENALTY on GB-24-T.Carpenter, Illegal Block Above the Waist, 10 yards, enforced at NE 48.",-0.105,-0.019
2022,4,October 2,away,Green Bay Packers,https://www.pro-football-reference.com/boxscores/202210020gnb.htm,4,00:04,1,10,GB 42,24,24,"(:04) (Shotgun) 12-A.Rodgers pass short middle to 18-R.Cobb to GB 49 for 7 yards. FUMBLES, touched at GB 49, recovered by GB-74-E.Jenkins at NE 49. 74-E.Jenkins to NE 49 for no gain (8-J.Bentley).",0.123,-0.123
2022,4,October 2,away,Green Bay Packers,https://www.pro-football-reference.com/boxscores/202210020gnb.htm,5,10:00,,,NE 35,24,24,"7-J.Bailey kicks 65 yards from NE 35 to end zone, Touchback.",1.155,0.000
2022,4,October 2,away,Green Bay Packers,https://www.pro-football-reference.com/boxscores/202210020gnb.htm,5,10:00,1,10,GB 25,24,24,"(10:00) (Shotgun) 33-A.Jones left end to GB 28 for 3 yards (92-D.Godchaux, 91-D.Wise).",1.155,-0.420
2022,4,October 2,away,Green Bay Packers,https://www.pro-football-reference.com/boxscores/202210020gnb.htm,5,09:20,2,7,GB 28,24,24,(9:20) (Shotgun) 12-A.Rodgers pass short right to 33-A.Jones to GB 28 for no gain (48-J.Tavai).,0.734,-0.432
2022,4,October 2,away,Green Bay Packers,https://www.pro-football-reference.com/boxscores/202210020gnb.htm,5,08:33,,,GB 28,24,24,Timeout #1 by GB at 08:33.,0.302,0.000
2022,4,October 2,away,Green Bay Packers,https://www.pro-football-reference.com/boxscores/202210020gnb.htm,5,08:33,3,7,GB 28,24,24,(8:33) (Shotgun) 12-A.Rodgers pass incomplete short right to 28-A.Dillon [90-C.Barmore].,0.302,-1.020
2022,4,October 2,away,Green Bay Packers,https://www.pro-football-reference.com/boxscores/202210020gnb.htm,5,08:26,4,7,GB 28,24,24,"(8:26) 16-P.O'Donnell punts 43 yards to NE 29, Center-56-J.Coco. 25-Ma.Jones to NE 49 for 20 yards (58-I.McDuffie).",-0.718,-1.563
2022,4,October 2,away,Green Bay Packers,https://www.pro-football-reference.com/boxscores/202210020gnb.htm,5,08:16,1,10,NE 49,24,24,(8:16) 61-M.Cannon reported in as eligible.  37-D.Harris up the middle to GB 46 for 5 yards (90-J.Reed).,2.280,0.154
2022,4,October 2,away,Green Bay Packers,https://www.pro-football-reference.com/boxscores/202210020gnb.htm,5,07:41,2,5,GB 46,24,24,(7:41) 61-M.Cannon reported in as eligible.  37-D.Harris left tackle to GB 46 for no gain (94-D.Lowry).,2.434,-0.529
2022,4,October 2,away,Green Bay Packers,https://www.pro-football-reference.com/boxscores/202210020gnb.htm,5,07:00,,,GB 46,24,24,Timeout #1 by NE at 07:00.,1.905,0.000
2022,4,October 2,away,Green Bay Packers,https://www.pro-football-reference.com/boxscores/202210020gnb.htm,5,07:00,3,5,GB 46,24,24,(7:00) (Shotgun) 4-B.Zappe pass incomplete short right to 85-H.Henry.,1.905,-1.426
2022,4,October 2,away,Green Bay Packers,https://www.pro-football-reference.com/boxscores/202210020gnb.htm,5,06:54,4,5,GB 46,24,24,"(6:54) 7-J.Bailey punts 36 yards to GB 10, Center-49-J.Cardona, fair catch by 8-Am.Rodgers.",0.480,-0.479
2022,4,October 2,away,Green Bay Packers,https://www.pro-football-reference.com/boxscores/202210020gnb.htm,5,06:47,1,10,GB 10,24,24,(6:47) 33-A.Jones right tackle to GB 13 for 3 yards (48-J.Tavai).,-0.001,-0.333
2022,4,October 2,away,Green Bay Packers,https://www.pro-football-reference.com/boxscores/202210020gnb.htm,5,06:05,2,7,GB 13,24,24,(6:05) (Shotgun) 12-A.Rodgers pass deep left to 13-A.Lazard to GB 35 for 22 yards (21-A.Phillips).,-0.333,1.739
2022,4,October 2,away,Green Bay Packers,https://www.pro-football-reference.com/boxscores/202210020gnb.htm,5,05:25,1,10,GB 35,24,24,(5:25) (Shotgun) 28-A.Dillon left guard to GB 42 for 7 yards (31-Jo.Jones).,1.406,0.088
2022,4,October 2,away,Green Bay Packers,https://www.pro-football-reference.com/boxscores/202210020gnb.htm,5,04:47,2,3,GB 42,24,24,"(4:47) (Shotgun) 28-A.Dillon up the middle to GB 44 for 2 yards (92-D.Godchaux, 8-J.Bentley).",1.494,-0.196
2022,4,October 2,away,Green Bay Packers,https://www.pro-football-reference.com/boxscores/202210020gnb.htm,5,04:04,3,1,GB 44,24,24,(4:04) 12-A.Rodgers pass short middle to 18-R.Cobb to NE 45 for 11 yards (27-M.Bryant).,1.298,0.915
2022,4,October 2,away,Green Bay Packers,https://www.pro-football-reference.com/boxscores/202210020gnb.htm,5,03:18,1,10,NE 45,24,24,(3:18) (Shotgun) 12-A.Rodgers pass short left to 87-R.Doubs pushed ob at NE 37 for 8 yards (13-Ja.Jones).,2.213,0.288
2022,4,October 2,away,Green Bay Packers,https://www.pro-football-reference.com/boxscores/202210020gnb.htm,5,03:13,2,2,NE 37,24,24,(3:13) 12-A.Rodgers pass short left to 87-R.Doubs to NE 28 for 9 yards (31-Jo.Jones).,2.502,0.553
2022,4,October 2,away,Green Bay Packers,https://www.pro-football-reference.com/boxscores/202210020gnb.htm,5,02:32,1,10,NE 28,24,24,(2:32) 28-A.Dillon right tackle to NE 24 for 4 yards (13-Ja.Jones; 48-J.Tavai).,3.055,0.011
2022,4,October 2,away,Green Bay Packers,https://www.pro-football-reference.com/boxscores/202210020gnb.htm,5,02:00,2,6,NE 24,24,24,(2:00) (Shotgun) 28-A.Dillon right tackle to NE 21 for 3 yards (92-D.Godchaux; 91-D.Wise).,3.066,0.173
2022,4,October 2,away,Green Bay Packers,https://www.pro-football-reference.com/boxscores/202210020gnb.htm,5,01:15,3,3,NE 21,24,24,(1:15) 28-A.Dillon right guard to NE 14 for 7 yards (31-Jo.Jones; 48-J.Tavai).,3.239,0.877
2022,4,October 2,away,Green Bay Packers,https://www.pro-football-reference.com/boxscores/202210020gnb.htm,5,00:30,1,10,NE 14,24,24,(:30) 28-A.Dillon right tackle to NE 13 for 1 yard (9-M.Judon).,4.116,-1.272
2022,4,October 2,away,Green Bay Packers,https://www.pro-football-reference.com/boxscores/202210020gnb.htm,5,00:04,,,,24,24,Timeout #2 by GB at 00:04.,2.844,0.000
2022,4,October 2,away,Green Bay Packers,https://www.pro-football-reference.com/boxscores/202210020gnb.htm,5,00:04,,,NE 13,24,24,Timeout #2 by NE at 00:04.,2.844,0.000
2022,4,October 2,away,Green Bay Packers,https://www.pro-football-reference.com/boxscores/202210020gnb.htm,5,00:04,2,9,NE 13,24,27,"(:04) 2-M.Crosby 31 yard field goal is GOOD, Center-56-J.Coco, Holder-16-P.O'Donnell.",2.844,0.156
2022,5,October 9,home,Detroit Lions,https://www.pro-football-reference.com/boxscores/202210090nwe.htm,1,15:00,,,NE 35,0,0,"7-J.Bailey kicks 65 yards from NE 35 to end zone, Touchback.",0.770,0.000
2022,5,October 9,home,Detroit Lions,https://www.pro-football-reference.com/boxscores/202210090nwe.htm,1,15:00,1,10,DET 25,0,0,(15:00) 30-Ja.Williams right guard to DET 28 for 3 yards (8-J.Bentley; 90-C.Barmore).,0.770,-0.361
2022,5,October 9,home,Detroit Lions,https://www.pro-football-reference.com/boxscores/202210090nwe.htm,1,14:22,2,7,DET 28,0,0,(14:22) 16-J.Goff pass short left to 14-A.St. Brown to DET 33 for 5 yards (27-M.Bryant).,0.410,0.230
2022,5,October 9,home,Detroit Lions,https://www.pro-football-reference.com/boxscores/202210090nwe.htm,1,13:44,3,2,DET 33,0,0,(13:44) (Shotgun) 30-Ja.Williams up the middle to DET 36 for 3 yards (91-D.Wise).,0.639,1.000
2022,5,October 9,home,Detroit Lions,https://www.pro-football-reference.com/boxscores/202210090nwe.htm,1,13:13,1,10,DET 36,0,0,(13:13) 42-J.Jackson right guard to DET 40 for 4 yards (9-M.Judon; 8-J.Bentley).,1.639,-0.158
2022,5,October 9,home,Detroit Lions,https://www.pro-football-reference.com/boxscores/202210090nwe.htm,1,12:34,2,6,DET 40,0,0,(12:34) (Shotgun) 16-J.Goff pass short left to 11-K.Raymond to DET 40 for no gain (23-K.Dugger).,1.481,-0.857
2022,5,October 9,home,Detroit Lions,https://www.pro-football-reference.com/boxscores/202210090nwe.htm,1,11:53,3,6,DET 40,0,0,(11:53) (Shotgun) 16-J.Goff scrambles right end pushed ob at DET 45 for 5 yards (30-M.Wilson).,0.624,-0.663
2022,5,October 9,home,Detroit Lions,https://www.pro-football-reference.com/boxscores/202210090nwe.htm,1,11:18,4,1,DET 45,0,0,(11:18) 70-D.Skipper reported in as eligible.  30-Ja.Williams up the middle to DET 45 for no gain (90-C.Barmore; 92-D.Godchaux).,-0.040,-3.267
2022,5,October 9,home,Detroit Lions,https://www.pro-football-reference.com/boxscores/202210090nwe.htm,1,11:09,1,10,DET 45,0,0,(11:09) 61-M.Cannon reported in as eligible.  37-D.Harris up the middle to DET 44 for 1 yard (29-S.Smith; 34-A.Anzalone).,3.306,-0.523
2022,5,October 9,home,Detroit Lions,https://www.pro-football-reference.com/boxscores/202210090nwe.htm,1,10:29,2,9,DET 44,0,0,(10:29) (Shotgun) 4-B.Zappe pass short left to 85-H.Henry to DET 21 for 23 yards (31-K.Joseph; 44-M.Rodriguez). DET-29-S.Smith was injured during the play. He is Out.,2.783,2.048
2022,5,October 9,home,Detroit Lions,https://www.pro-football-reference.com/boxscores/202210090nwe.htm,1,09:54,1,10,DET 21,0,0,(9:54) 37-D.Harris left tackle to DET 20 for 1 yard (54-A.McNeill).,4.831,-0.479
2022,5,October 9,home,Detroit Lions,https://www.pro-football-reference.com/boxscores/202210090nwe.htm,1,09:35,2,9,DET 20,0,0,"(9:35) (No Huddle, Shotgun) 4-B.Zappe pass short right to 37-D.Harris to DET 19 for 1 yard (25-W.Harris).",4.352,-0.649
2022,5,October 9,home,Detroit Lions,https://www.pro-football-reference.com/boxscores/202210090nwe.htm,1,08:57,3,8,DET 19,0,0,(8:57) (Shotgun) 4-B.Zappe pass incomplete short left to 85-H.Henry (34-A.Anzalone).,3.703,-1.198
2022,5,October 9,home,Detroit Lions,https://www.pro-football-reference.com/boxscores/202210090nwe.htm,1,08:50,4,8,DET 19,3,0,"(8:50) 6-N.Folk 37 yard field goal is GOOD, Center-49-J.Cardona, Holder-7-J.Bailey. NE 6-Folk 59th consecutive FG under 50 yds, extends NFL record.",2.505,0.495
2022,5,October 9,home,Detroit Lions,https://www.pro-football-reference.com/boxscores/202210090nwe.htm,1,08:47,,,NE 35,3,0,"7-J.Bailey kicks 65 yards from NE 35 to end zone, Touchback.",0.874,0.000
2022,5,October 9,home,Detroit Lions,https://www.pro-football-reference.com/boxscores/202210090nwe.htm,1,08:47,1,10,DET 25,3,0,(8:47) 16-J.Goff pass short right to 8-J.Reynolds to DET 47 for 22 yards (31-Jo.Jones).,0.874,1.491
2022,5,October 9,home,Detroit Lions,https://www.pro-football-reference.com/boxscores/202210090nwe.htm,1,08:01,1,10,DET 47,3,0,"(8:01) 30-Ja.Williams up the middle to DET 49 for 2 yards (90-C.Barmore, 21-A.Phillips).",2.364,-0.460
2022,5,October 9,home,Detroit Lions,https://www.pro-football-reference.com/boxscores/202210090nwe.htm,1,07:23,2,8,DET 49,3,0,(7:23) 46-C.Reynolds left guard to NE 32 for 19 yards (13-Ja.Jones).,1.904,1.860
2022,5,October 9,home,Detroit Lions,https://www.pro-football-reference.com/boxscores/202210090nwe.htm,1,06:58,1,10,NE 32,3,0,"(6:58) (No Huddle, Shotgun) 16-J.Goff scrambles right end ran ob at NE 29 for 3 yards (31-Jo.Jones).",3.764,-0.178
2022,5,October 9,home,Detroit Lions,https://www.pro-football-reference.com/boxscores/202210090nwe.htm,1,06:19,2,7,NE 29,3,0,"(6:19) (Shotgun) 42-J.Jackson left guard to NE 18 for 11 yards (32-D.McCourty, 58-A.Jennings).",3.586,1.139
2022,5,October 9,home,Detroit Lions,https://www.pro-football-reference.com/boxscores/202210090nwe.htm,1,05:38,1,10,NE 18,3,0,(5:38) 16-J.Goff pass short left intended for 88-T.Hockenson INTERCEPTED by 13-Ja.Jones at NE 3. 13-Ja.Jones ran ob at NE 3 for no gain.,4.724,-4.863
2022,5,October 9,home,Detroit Lions,https://www.pro-football-reference.com/boxscores/202210090nwe.htm,1,05:32,1,10,NE 3,3,0,(5:32) 61-M.Cannon reported in as eligible.  38-R.Stevenson right guard to NE 7 for 4 yards (34-A.Anzalone).,0.139,-0.344
2022,5,October 9,home,Detroit Lions,https://www.pro-football-reference.com/boxscores/202210090nwe.htm,1,04:56,2,6,NE 7,3,0,(4:56) 61-M.Cannon reported in as eligible.  38-R.Stevenson left tackle to NE 8 for 1 yard (96-I.Buggs; 44-M.Rodriguez).,-0.204,-0.677
2022,5,October 9,home,Detroit Lions,https://www.pro-football-reference.com/boxscores/202210090nwe.htm,1,04:20,3,5,NE 8,3,0,(4:20) (Shotgun) 4-B.Zappe pass short right to 16-J.Meyers pushed ob at NE 20 for 12 yards (41-A.Parker).,-0.881,1.791
2022,5,October 9,home,Detroit Lions,https://www.pro-football-reference.com/boxscores/202210090nwe.htm,1,03:48,1,10,NE 20,3,0,(3:48) 38-R.Stevenson up the middle to DET 31 for 49 yards (34-A.Anzalone).,0.909,3.179
2022,5,October 9,home,Detroit Lions,https://www.pro-football-reference.com/boxscores/202210090nwe.htm,1,03:04,1,10,DET 31,3,0,(3:04) 38-R.Stevenson up the middle to DET 29 for 2 yards (96-I.Buggs; 5-D.Elliott).,4.088,-0.344
2022,5,October 9,home,Detroit Lions,https://www.pro-football-reference.com/boxscores/202210090nwe.htm,1,02:23,2,8,DET 29,3,0,"(2:23) (Shotgun) PENALTY on NE-84-K.Bourne, False Start, 6 yards, enforced at DET 29 - No Play.",3.744,-0.845
2022,5,October 9,home,Detroit Lions,https://www.pro-football-reference.com/boxscores/202210090nwe.htm,1,02:02,2,14,DET 35,3,0,(2:02) (Shotgun) 4-B.Zappe pass short left to 16-J.Meyers to DET 25 for 10 yards (41-A.Parker).,2.899,0.764
2022,5,October 9,home,Detroit Lions,https://www.pro-football-reference.com/boxscores/202210090nwe.htm,1,01:27,3,4,DET 25,3,0,(1:27) (Shotgun) 38-R.Stevenson left end pushed ob at DET 21 for 4 yards (34-A.Anzalone).,3.663,1.070
2022,5,October 9,home,Detroit Lions,https://www.pro-football-reference.com/boxscores/202210090nwe.htm,1,00:48,1,10,DET 21,3,0,(:48) (Shotgun) 37-D.Harris left guard to DET 12 for 9 yards (5-D.Elliott).,4.733,0.668
2022,5,October 9,home,Detroit Lions,https://www.pro-football-reference.com/boxscores/202210090nwe.htm,1,00:10,2,1,DET 12,3,0,(:10) 37-D.Harris left guard to DET 12 for no gain (94-B.Jones).,5.401,-0.511
2022,5,October 9,home,Detroit Lions,https://www.pro-football-reference.com/boxscores/202210090nwe.htm,2,15:00,3,1,DET 12,3,0,"(15:00) (Shotgun) 38-R.Stevenson up the middle to DET 14 for -2 yards (54-A.McNeill, 31-K.Joseph).",4.890,-2.115
2022,5,October 9,home,Detroit Lions,https://www.pro-football-reference.com/boxscores/202210090nwe.htm,2,14:19,4,3,DET 14,6,0,"(14:19) 6-N.Folk 32 yard field goal is GOOD, Center-49-J.Cardona, Holder-7-J.Bailey.",2.774,0.226
2022,5,October 9,home,Detroit Lions,https://www.pro-football-reference.com/boxscores/202210090nwe.htm,2,14:14,,,NE 35,6,0,7-J.Bailey kicks 65 yards from NE 35 to DET 0. 15-M.Alexander ran ob at DET 47 for 47 yards (7-J.Bailey).,0.921,1.390
2022,5,October 9,home,Detroit Lions,https://www.pro-football-reference.com/boxscores/202210090nwe.htm,2,14:05,1,10,DET 47,6,0,"(14:05) 30-Ja.Williams right tackle to NE 49 for 4 yards (91-D.Wise). PENALTY on NE-92-D.Godchaux, Defensive Holding, 5 yards, enforced at NE 49.",2.310,0.514
2022,5,October 9,home,Detroit Lions,https://www.pro-football-reference.com/boxscores/202210090nwe.htm,2,13:42,1,10,NE 44,6,0,(13:42) 30-Ja.Williams right tackle to NE 39 for 5 yards (48-J.Tavai).,2.824,0.044
2022,5,October 9,home,Detroit Lions,https://www.pro-football-reference.com/boxscores/202210090nwe.htm,2,13:09,2,5,NE 39,6,0,(13:09) 30-Ja.Williams right tackle to NE 35 for 4 yards (91-D.Wise; 8-J.Bentley).,2.869,0.134
2022,5,October 9,home,Detroit Lions,https://www.pro-football-reference.com/boxscores/202210090nwe.htm,2,12:31,3,1,NE 35,6,0,(12:31) 30-Ja.Williams right guard to NE 34 for 1 yard (96-S.Roberts; 23-K.Dugger).,3.003,0.488
2022,5,October 9,home,Detroit Lions,https://www.pro-football-reference.com/boxscores/202210090nwe.htm,2,11:55,1,10,NE 34,6,0,(11:55) 16-J.Goff pass incomplete deep left to 88-T.Hockenson.,3.491,-0.510
2022,5,October 9,home,Detroit Lions,https://www.pro-football-reference.com/boxscores/202210090nwe.htm,2,11:49,2,10,NE 34,6,0,(11:49) (Shotgun) 46-C.Reynolds up the middle to NE 31 for 3 yards (8-J.Bentley; 23-K.Dugger).,2.981,-0.264
2022,5,October 9,home,Detroit Lions,https://www.pro-football-reference.com/boxscores/202210090nwe.htm,2,11:07,3,7,NE 31,6,0,(11:07) (Shotgun) 16-J.Goff sacked at NE 40 for -9 yards (9-M.Judon).,2.717,-2.818
2022,5,October 9,home,Detroit Lions,https://www.pro-football-reference.com/boxscores/202210090nwe.htm,2,10:23,4,16,NE 40,6,0,"(10:23) (Punt formation) PENALTY on DET-47-S.Daly, False Start, 5 yards, enforced at NE 40 - No Play.",-0.101,-0.071
2022,5,October 9,home,Detroit Lions,https://www.pro-football-reference.com/boxscores/202210090nwe.htm,2,10:15,4,21,NE 45,6,0,"(10:15) 3-J.Fox punts 32 yards to NE 13, Center-47-S.Daly, downed by DET-49-C.Board.",-0.172,-0.215
2022,5,October 9,home,Detroit Lions,https://www.pro-football-reference.com/boxscores/202210090nwe.htm,2,10:03,1,10,NE 13,6,0,(10:03) 4-B.Zappe pass short left to 16-J.Meyers to NE 30 for 17 yards (55-D.Barnes).,0.388,1.038
2022,5,October 9,home,Detroit Lions,https://www.pro-football-reference.com/boxscores/202210090nwe.htm,2,09:21,1,10,NE 30,6,0,(9:21) 4-B.Zappe scrambles right end ran ob at NE 35 for 5 yards (5-D.Elliott). DET-25-W.Harris was injured during the play. His return is Questionable.,1.426,-0.097
2022,5,October 9,home,Detroit Lions,https://www.pro-football-reference.com/boxscores/202210090nwe.htm,2,08:38,2,5,NE 35,6,0,"(8:38) (Shotgun) 4-B.Zappe sacked at NE 25 for -10 yards (96-I.Buggs). PENALTY on DET-55-D.Barnes, Illegal Contact, 5 yards, enforced at NE 35 - No Play.",1.329,0.714
2022,5,October 9,home,Detroit Lions,https://www.pro-football-reference.com/boxscores/202210090nwe.htm,2,08:00,1,10,NE 40,6,0,"(8:00) 61-M.Cannon reported in as eligible.  4-B.Zappe FUMBLES (Aborted) at NE 35, recovered by NE-38-R.Stevenson at NE 36. 38-R.Stevenson to NE 36 for no gain (5-D.Elliott). Penalty on NE-84-K.Bourne, Illegal Formation, declined.",2.043,-0.848
2022,5,October 9,home,Detroit Lions,https://www.pro-football-reference.com/boxscores/202210090nwe.htm,2,07:40,2,14,NE 36,6,0,(7:40) (Shotgun) 4-B.Zappe pass short middle intended for 15-N.Agholor INTERCEPTED by 5-D.Elliott at 50. 5-D.Elliott to 50 for no gain (38-R.Stevenson).,1.195,-3.803
2022,5,October 9,home,Detroit Lions,https://www.pro-football-reference.com/boxscores/202210090nwe.htm,2,07:32,1,10,MID 50,6,0,(7:32) 46-C.Reynolds left guard to NE 46 for 4 yards (50-R.McMillan).,2.608,-0.109
2022,5,October 9,home,Detroit Lions,https://www.pro-football-reference.com/boxscores/202210090nwe.htm,2,06:59,2,6,NE 46,6,0,"(6:59) 30-Ja.Williams right tackle to NE 34 for 12 yards (50-R.McMillan; 21-A.Phillips). PENALTY on DET-88-T.Hockenson, Offensive Holding, 10 yards, enforced at NE 43.",2.499,-0.834
2022,5,October 9,home,Detroit Lions,https://www.pro-football-reference.com/boxscores/202210090nwe.htm,2,06:35,2,13,DET 47,6,0,(6:35) (Shotgun) 16-J.Goff pass incomplete short right to 8-J.Reynolds.,1.665,-0.790
2022,5,October 9,home,Detroit Lions,https://www.pro-football-reference.com/boxscores/202210090nwe.htm,2,06:30,3,13,DET 47,6,0,(6:30) (Shotgun) 16-J.Goff pass deep right to 11-K.Raymond to NE 33 for 20 yards (32-D.McCourty).,0.875,2.740
2022,5,October 9,home,Detroit Lions,https://www.pro-football-reference.com/boxscores/202210090nwe.htm,2,05:53,1,10,NE 33,6,0,(5:53) 30-Ja.Williams up the middle to NE 30 for 3 yards (90-C.Barmore; 92-D.Godchaux).,3.616,-0.172
2022,5,October 9,home,Detroit Lions,https://www.pro-football-reference.com/boxscores/202210090nwe.htm,2,05:17,2,7,NE 30,6,0,(5:17) 30-Ja.Williams right tackle to NE 25 for 5 yards (91-D.Wise).,3.443,-0.092
2022,5,October 9,home,Detroit Lions,https://www.pro-football-reference.com/boxscores/202210090nwe.htm,2,04:27,,,NE 25,6,0,Timeout #1 by DET at 04:27.,3.351,0.000
2022,5,October 9,home,Detroit Lions,https://www.pro-football-reference.com/boxscores/202210090nwe.htm,2,04:27,3,2,NE 25,6,0,(4:27) (Shotgun) 46-C.Reynolds right end to NE 32 for -7 yards (21-A.Phillips).,3.351,-2.269
2022,5,October 9,home,Detroit Lions,https://www.pro-football-reference.com/boxscores/202210090nwe.htm,2,03:40,4,9,NE 32,12,0,"(3:40) (Shotgun) 16-J.Goff sacked at NE 45 for -13 yards (9-M.Judon). FUMBLES (9-M.Judon) [9-M.Judon], RECOVERED by NE-23-K.Dugger at NE 41. 23-K.Dugger for 59 yards, TOUCHDOWN.",1.082,-8.082
2022,5,October 9,home,Detroit Lions,https://www.pro-football-reference.com/boxscores/202210090nwe.htm,2,03:26,,,DET 15,13,0,"6-N.Folk extra point is GOOD, Center-49-J.Cardona, Holder-7-J.Bailey.",0.932,0.068
2022,5,October 9,home,Detroit Lions,https://www.pro-football-reference.com/boxscores/202210090nwe.htm,2,03:26,,,NE 35,13,0,"7-J.Bailey kicks 65 yards from NE 35 to end zone, Touchback.",0.673,0.000
2022,5,October 9,home,Detroit Lions,https://www.pro-football-reference.com/boxscores/202210090nwe.htm,2,03:26,1,10,DET 25,13,0,"(3:26) 30-Ja.Williams right end to DET 27 for 2 yards (48-J.Tavai, 21-A.Phillips).",0.673,-0.280
2022,5,October 9,home,Detroit Lions,https://www.pro-football-reference.com/boxscores/202210090nwe.htm,2,02:48,2,8,DET 27,13,0,"(2:48) 30-Ja.Williams up the middle to DET 30 for 3 yards (92-D.Godchaux, 48-J.Tavai).",0.392,0.019
2022,5,October 9,home,Detroit Lions,https://www.pro-football-reference.com/boxscores/202210090nwe.htm,2,02:04,3,5,DET 30,13,0,(2:04) (Shotgun) 16-J.Goff pass incomplete short left.,0.411,-1.176
2022,5,October 9,home,Detroit Lions,https://www.pro-football-reference.com/boxscores/202210090nwe.htm,2,01:56,4,5,DET 30,13,0,"(1:56) 3-J.Fox punts 56 yards to NE 14, Center-47-S.Daly. 25-Ma.Jones to NE 26 for 12 yards (44-M.Rodriguez). PENALTY on NE-55-J.Uche, Unnecessary Roughness, 13 yards, enforced at NE 26.",-0.765,0.371
2022,5,October 9,home,Detroit Lions,https://www.pro-football-reference.com/boxscores/202210090nwe.htm,2,01:46,1,10,NE 13,13,0,(1:46) (Shotgun) 4-B.Zappe pass short right to 16-J.Meyers pushed ob at NE 28 for 15 yards (5-D.Elliott).,0.394,0.714
2022,5,October 9,home,Detroit Lions,https://www.pro-football-reference.com/boxscores/202210090nwe.htm,2,01:38,1,10,NE 28,13,0,(1:38) (Shotgun) 38-R.Stevenson up the middle to NE 31 for 3 yards (96-I.Buggs).,1.108,-0.347
2022,5,October 9,home,Detroit Lions,https://www.pro-football-reference.com/boxscores/202210090nwe.htm,2,01:14,2,7,NE 31,13,0,"(1:14) (No Huddle, Shotgun) 4-B.Zappe pass short right to 85-H.Henry to NE 39 for 8 yards (23-M.Hughes).",0.761,0.576
2022,5,October 9,home,Detroit Lions,https://www.pro-football-reference.com/boxscores/202210090nwe.htm,2,00:52,1,10,NE 39,13,0,"(:52) (No Huddle, Shotgun) 4-B.Zappe pass incomplete deep left to 1-D.Parker. PENALTY on DET-1-J.Okudah, Defensive Pass Interference, 22 yards, enforced at NE 39 - No Play.",1.337,1.328
2022,5,October 9,home,Detroit Lions,https://www.pro-football-reference.com/boxscores/202210090nwe.htm,2,00:47,1,10,DET 39,13,0,(:47) (Shotgun) 4-B.Zappe pass short left to 38-R.Stevenson to DET 24 for 15 yards (5-D.Elliott).,2.665,0.957
2022,5,October 9,home,Detroit Lions,https://www.pro-football-reference.com/boxscores/202210090nwe.htm,2,00:36,,,DET 24,13,0,Timeout #1 by NE at 00:36.,3.622,0.000
2022,5,October 9,home,Detroit Lions,https://www.pro-football-reference.com/boxscores/202210090nwe.htm,2,00:36,1,10,DET 24,13,0,"(:36) (Shotgun) 4-B.Zappe pass short right to 38-R.Stevenson to DET 28 for -4 yards (23-M.Hughes; 41-A.Parker). PENALTY on NE-76-I.Wynn, Offensive Holding, 10 yards, enforced at DET 24 - No Play.",3.622,-1.132
2022,5,October 9,home,Detroit Lions,https://www.pro-football-reference.com/boxscores/202210090nwe.htm,2,00:27,,,DET 34,13,0,Timeout #2 by NE at 00:27.,2.490,0.000
2022,5,October 9,home,Detroit Lions,https://www.pro-football-reference.com/boxscores/202210090nwe.htm,2,00:27,1,20,DET 34,13,0,"(:27) (Shotgun) 38-R.Stevenson up the middle to DET 26 for 8 yards (99-J.Okwara, 34-A.Anzalone).",2.490,-0.145
2022,5,October 9,home,Detroit Lions,https://www.pro-football-reference.com/boxscores/202210090nwe.htm,2,00:05,,,DET 26,13,0,Timeout #3 by NE at 00:05.,2.345,0.000
2022,5,October 9,home,Detroit Lions,https://www.pro-football-reference.com/boxscores/202210090nwe.htm,2,00:05,2,12,DET 26,16,0,"(:05) 6-N.Folk 44 yard field goal is GOOD, Center-49-J.Cardona, Holder-7-J.Bailey.",2.345,0.655
2022,5,October 9,home,Detroit Lions,https://www.pro-football-reference.com/boxscores/202210090nwe.htm,3,15:00,,,DET 35,16,0,"3-J.Fox kicks 65 yards from DET 35 to end zone, Touchback.",1.474,0.000
2022,5,October 9,home,Detroit Lions,https://www.pro-football-reference.com/boxscores/202210090nwe.htm,3,15:00,1,10,NE 25,16,0,(15:00) 61-M.Cannon reported in as eligible.  4-B.Zappe pass incomplete deep right to 16-J.Meyers.,1.474,-0.679
2022,5,October 9,home,Detroit Lions,https://www.pro-football-reference.com/boxscores/202210090nwe.htm,3,14:55,2,10,NE 25,16,0,(14:55) (Shotgun) 38-R.Stevenson up the middle to NE 36 for 11 yards (5-D.Elliott).,0.795,1.478
2022,5,October 9,home,Detroit Lions,https://www.pro-football-reference.com/boxscores/202210090nwe.htm,3,14:21,1,10,NE 36,16,0,(14:21) 38-R.Stevenson left tackle to NE 35 for -1 yards (5-D.Elliott).,2.273,-0.930
2022,5,October 9,home,Detroit Lions,https://www.pro-football-reference.com/boxscores/202210090nwe.htm,3,13:42,2,11,NE 35,16,0,"(13:42) (Shotgun) 4-B.Zappe pass incomplete deep left to 1-D.Parker. PENALTY on DET-1-J.Okudah, Defensive Pass Interference, 25 yards, enforced at NE 35 - No Play.",1.343,2.353
2022,5,October 9,home,Detroit Lions,https://www.pro-football-reference.com/boxscores/202210090nwe.htm,3,13:35,1,10,DET 40,16,0,(13:35) (Shotgun) 38-R.Stevenson up the middle to DET 36 for 4 yards (96-I.Buggs; 2-A.Bryant).,3.697,-0.165
2022,5,October 9,home,Detroit Lions,https://www.pro-football-reference.com/boxscores/202210090nwe.htm,3,13:00,2,6,DET 36,16,0,"(13:00) (Shotgun) 4-B.Zappe pass short right to 85-H.Henry to DET 19 for 17 yards (41-A.Parker, 23-M.Hughes).",3.532,1.438
2022,5,October 9,home,Detroit Lions,https://www.pro-football-reference.com/boxscores/202210090nwe.htm,3,12:22,1,10,DET 19,16,0,(12:22) (Shotgun) 38-R.Stevenson up the middle to DET 19 for no gain (2-A.Bryant).,4.969,-0.472
2022,5,October 9,home,Detroit Lions,https://www.pro-football-reference.com/boxscores/202210090nwe.htm,3,11:45,2,10,DET 19,16,0,"(11:45) 4-B.Zappe pass short right to 38-R.Stevenson to DET 20 for -1 yards (44-M.Rodriguez, 34-A.Anzalone).",4.497,-1.105
2022,5,October 9,home,Detroit Lions,https://www.pro-football-reference.com/boxscores/202210090nwe.htm,3,10:54,3,11,DET 20,16,0,(10:54) (Shotgun) 4-B.Zappe pass short left to 84-K.Bourne to DET 19 for 1 yard (23-M.Hughes).,3.392,-0.889
2022,5,October 9,home,Detroit Lions,https://www.pro-football-reference.com/boxscores/202210090nwe.htm,3,10:13,4,10,DET 19,19,0,"(10:13) 6-N.Folk 37 yard field goal is GOOD, Center-49-J.Cardona, Holder-7-J.Bailey.",2.503,0.497
2022,5,October 9,home,Detroit Lions,https://www.pro-football-reference.com/boxscores/202210090nwe.htm,3,10:09,,,NE 35,19,0,"7-J.Bailey kicks 65 yards from NE 35 to end zone, Touchback.",0.863,0.000
2022,5,October 9,home,Detroit Lions,https://www.pro-football-reference.com/boxscores/202210090nwe.htm,3,10:09,1,10,DET 25,19,0,(10:09) 16-J.Goff pass short left to 8-J.Reynolds to DET 33 for 8 yards (3-J.Peppers).,0.863,0.554
2022,5,October 9,home,Detroit Lions,https://www.pro-football-reference.com/boxscores/202210090nwe.htm,3,09:35,2,2,DET 33,19,0,(9:35) 46-C.Reynolds right guard to DET 35 for 2 yards (58-A.Jennings).,1.417,-0.001
2022,5,October 9,home,Detroit Lions,https://www.pro-football-reference.com/boxscores/202210090nwe.htm,3,08:53,1,10,DET 35,19,0,(8:53) 30-Ja.Williams right tackle to DET 48 for 13 yards (31-Jo.Jones).,1.416,1.028
2022,5,October 9,home,Detroit Lions,https://www.pro-football-reference.com/boxscores/202210090nwe.htm,3,08:32,1,10,DET 48,19,0,(8:32) (No Huddle) 16-J.Goff pass short middle to 11-K.Raymond to NE 42 for 10 yards (2-J.Mills).,2.444,0.600
2022,5,October 9,home,Detroit Lions,https://www.pro-football-reference.com/boxscores/202210090nwe.htm,3,07:54,1,10,NE 42,19,0,(7:54) 46-C.Reynolds left tackle to NE 39 for 3 yards (58-A.Jennings).,3.044,-0.277
2022,5,October 9,home,Detroit Lions,https://www.pro-football-reference.com/boxscores/202210090nwe.htm,3,07:20,2,7,NE 39,19,0,"(7:20) 30-Ja.Williams left tackle to NE 34 for 5 yards (58-A.Jennings, 92-D.Godchaux).",2.767,0.037
2022,5,October 9,home,Detroit Lions,https://www.pro-football-reference.com/boxscores/202210090nwe.htm,3,06:45,3,2,NE 34,19,0,(6:45) (Shotgun) 16-J.Goff pass incomplete short left to 14-A.St. Brown.,2.803,-1.668
2022,5,October 9,home,Detroit Lions,https://www.pro-football-reference.com/boxscores/202210090nwe.htm,3,06:41,4,2,NE 34,19,0,(6:41) (Shotgun) 16-J.Goff pass short right to 14-A.St. Brown to NE 34 for no gain (31-Jo.Jones).,1.135,-3.098
2022,5,October 9,home,Detroit Lions,https://www.pro-football-reference.com/boxscores/202210090nwe.htm,3,06:34,1,10,NE 34,19,0,(6:34) (Shotgun) 4-B.Zappe pass short right to 11-T.Thornton to NE 36 for 2 yards (97-A.Hutchinson).,1.963,-0.346
2022,5,October 9,home,Detroit Lions,https://www.pro-football-reference.com/boxscores/202210090nwe.htm,3,05:55,2,8,NE 36,19,0,(5:55) (Shotgun) 4-B.Zappe pass short left to 11-T.Thornton to NE 41 for 5 yards (23-M.Hughes).,1.617,-0.087
2022,5,October 9,home,Detroit Lions,https://www.pro-football-reference.com/boxscores/202210090nwe.htm,3,05:09,3,3,NE 41,19,0,(5:09) (Shotgun) 4-B.Zappe pass short right to 85-H.Henry ran ob at NE 47 for 6 yards (5-D.Elliott). DET-5-D.Elliott was injured during the play. His return is Questionable.,1.530,1.311
2022,5,October 9,home,Detroit Lions,https://www.pro-football-reference.com/boxscores/202210090nwe.htm,3,04:45,1,10,NE 47,19,0,(4:45) (Shotgun) 38-R.Stevenson left tackle to NE 47 for no gain (2-A.Bryant).,2.840,-0.519
2022,5,October 9,home,Detroit Lions,https://www.pro-football-reference.com/boxscores/202210090nwe.htm,3,04:08,2,10,NE 47,19,0,"(4:08) (Shotgun) 4-B.Zappe pass short middle to 16-J.Meyers to DET 43 for 10 yards (26-I.Melifonwu, 41-A.Parker). DET-26-I.Melifonwu was injured during the play. His return is Questionable.",2.322,0.941
2022,5,October 9,home,Detroit Lions,https://www.pro-football-reference.com/boxscores/202210090nwe.htm,3,03:16,1,10,DET 43,19,0,(3:16) (Shotgun) 38-R.Stevenson up the middle to DET 35 for 8 yards (27-B.Price).,3.262,0.551
2022,5,October 9,home,Detroit Lions,https://www.pro-football-reference.com/boxscores/202210090nwe.htm,3,02:41,2,2,DET 35,19,0,(2:41) (Shotgun) 38-R.Stevenson right end to DET 24 for 11 yards (36-C.Lucas). NE 38-Stevenson 3rd career 100-yard game.,3.814,0.852
2022,5,October 9,home,Detroit Lions,https://www.pro-football-reference.com/boxscores/202210090nwe.htm,3,01:57,1,10,DET 24,25,0,"(1:57) (Shotgun) 4-B.Zappe pass deep right to 16-J.Meyers for 24 yards, TOUCHDOWN.",4.666,2.334
2022,5,October 9,home,Detroit Lions,https://www.pro-football-reference.com/boxscores/202210090nwe.htm,3,01:51,,,DET 15,26,0,"6-N.Folk extra point is GOOD, Center-49-J.Cardona, Holder-7-J.Bailey.",0.932,0.068
2022,5,October 9,home,Detroit Lions,https://www.pro-football-reference.com/boxscores/202210090nwe.htm,3,01:51,,,NE 35,26,0,7-J.Bailey kicks 62 yards from NE 35 to DET 3. 15-M.Alexander to DET 23 for 20 yards (30-M.Wilson).,0.916,-0.288
2022,5,October 9,home,Detroit Lions,https://www.pro-football-reference.com/boxscores/202210090nwe.htm,3,01:44,1,10,DET 23,26,0,(1:44) 16-J.Goff pass short left to 8-J.Reynolds to DET 40 for 17 yards (13-Ja.Jones).,0.629,1.201
2022,5,October 9,home,Detroit Lions,https://www.pro-football-reference.com/boxscores/202210090nwe.htm,3,01:06,1,10,DET 40,26,0,(1:06) 16-J.Goff pass short left to 46-C.Reynolds ran ob at NE 24 for 36 yards (32-D.McCourty).,1.829,2.510
2022,5,October 9,home,Detroit Lions,https://www.pro-football-reference.com/boxscores/202210090nwe.htm,3,00:28,1,10,NE 24,26,0,"(:28) (No Huddle, Shotgun) 16-J.Goff pass incomplete short right. thrown away from outside the pocket",4.339,-0.406
2022,5,October 9,home,Detroit Lions,https://www.pro-football-reference.com/boxscores/202210090nwe.htm,3,00:22,2,10,NE 24,26,0,(:22) (Shotgun) 16-J.Goff pass incomplete short left to 11-K.Raymond [91-D.Wise].,3.933,-0.569
2022,5,October 9,home,Detroit Lions,https://www.pro-football-reference.com/boxscores/202210090nwe.htm,3,00:18,3,10,NE 24,26,0,(:18) (Shotgun) 16-J.Goff pass short right to 14-A.St. Brown to NE 13 for 11 yards (25-Ma.Jones).,3.364,1.606
2022,5,October 9,home,Detroit Lions,https://www.pro-football-reference.com/boxscores/202210090nwe.htm,4,15:00,1,10,NE 13,26,0,"(15:00) (Shotgun) 16-J.Goff pass short right to 85-T.Kennedy for 13 yards, TOUCHDOWN NULLIFIED by Penalty. PENALTY on DET-42-J.Jackson, Offensive Pass Interference, 10 yards, enforced at NE 13 - No Play.",4.970,-1.126
2022,5,October 9,home,Detroit Lions,https://www.pro-football-reference.com/boxscores/202210090nwe.htm,4,14:52,1,20,NE 23,26,0,"(14:52) (Shotgun) 16-J.Goff pass short right to 8-J.Reynolds to NE 17 for 6 yards (2-J.Mills, 23-K.Dugger).",3.844,-0.037
2022,5,October 9,home,Detroit Lions,https://www.pro-football-reference.com/boxscores/202210090nwe.htm,4,14:10,2,14,NE 17,26,0,(14:10) 16-J.Goff pass incomplete short left [9-M.Judon]. thrown away from outside the pocket,3.807,-0.716
2022,5,October 9,home,Detroit Lions,https://www.pro-football-reference.com/boxscores/202210090nwe.htm,4,14:03,3,14,NE 17,26,0,"(14:03) (Shotgun) 16-J.Goff pass incomplete short right. PENALTY on NE-30-M.Wilson, Roughing the Passer, 9 yards, enforced at NE 17 - No Play.",3.091,2.220
2022,5,October 9,home,Detroit Lions,https://www.pro-football-reference.com/boxscores/202210090nwe.htm,4,13:57,1,8,NE 8,26,0,(13:57) (Shotgun) 16-J.Goff pass incomplete short middle to 88-T.Hockenson [9-M.Judon].,5.311,-0.594
2022,5,October 9,home,Detroit Lions,https://www.pro-football-reference.com/boxscores/202210090nwe.htm,4,13:53,2,8,NE 8,26,0,"(13:53) (Shotgun) 16-J.Goff pass short middle to 11-K.Raymond to NE 5 for 3 yards (95-D.Ekuale, 8-J.Bentley). shovel pass",4.717,-0.379
2022,5,October 9,home,Detroit Lions,https://www.pro-football-reference.com/boxscores/202210090nwe.htm,4,13:22,,,NE 5,26,0,Timeout #1 by NE at 13:22.,4.338,0.000
2022,5,October 9,home,Detroit Lions,https://www.pro-football-reference.com/boxscores/202210090nwe.htm,4,13:22,3,5,NE 5,26,0,(13:22) (Shotgun) 16-J.Goff pass incomplete short left to 8-J.Reynolds.,4.338,-1.444
2022,5,October 9,home,Detroit Lions,https://www.pro-football-reference.com/boxscores/202210090nwe.htm,4,13:17,4,5,NE 5,26,0,(13:17) (Shotgun) 16-J.Goff pass incomplete short right to 14-A.St. Brown (27-M.Bryant).,2.894,-2.714
2022,5,October 9,home,Detroit Lions,https://www.pro-football-reference.com/boxscores/202210090nwe.htm,4,13:12,1,10,NE 6,26,0,"(13:12) PENALTY on NE-83-L.Humphrey, False Start, 3 yards, enforced at NE 6 - No Play.",-0.180,-0.739
2022,5,October 9,home,Detroit Lions,https://www.pro-football-reference.com/boxscores/202210090nwe.htm,4,13:12,1,13,NE 3,26,0,"(13:12) 61-M.Cannon reported in as eligible.  38-R.Stevenson up the middle to NE 4 for 1 yard (97-A.Hutchinson). PENALTY on DET-96-I.Buggs, Illegal Use of Hands, 5 yards, enforced at NE 4.",-0.919,0.829
2022,5,October 9,home,Detroit Lions,https://www.pro-football-reference.com/boxscores/202210090nwe.htm,4,12:45,1,10,NE 9,26,0,(12:45) (Shotgun) 4-B.Zappe pass incomplete deep left to 11-T.Thornton.,-0.090,-0.524
2022,5,October 9,home,Detroit Lions,https://www.pro-football-reference.com/boxscores/202210090nwe.htm,4,12:39,2,10,NE 9,26,0,"(12:39) (Shotgun) 38-R.Stevenson left tackle to NE 16 for 7 yards (34-A.Anzalone, 1-J.Okudah).",-0.615,0.112
2022,5,October 9,home,Detroit Lions,https://www.pro-football-reference.com/boxscores/202210090nwe.htm,4,11:59,3,3,NE 16,26,0,(11:59) (Shotgun) 38-R.Stevenson left end pushed ob at NE 14 for -2 yards (5-D.Elliott).,-0.503,-1.576
2022,5,October 9,home,Detroit Lions,https://www.pro-football-reference.com/boxscores/202210090nwe.htm,4,11:24,4,5,NE 14,26,0,"(11:24) 7-J.Bailey punts 61 yards to DET 25, Center-49-J.Cardona. 11-K.Raymond to DET 35 for 10 yards (22-Co.Davis).",-2.078,0.342
2022,5,October 9,home,Detroit Lions,https://www.pro-football-reference.com/boxscores/202210090nwe.htm,4,11:13,1,10,DET 35,26,0,(11:13) (Shotgun) 16-J.Goff pass incomplete deep left to 42-J.Jackson.,1.736,-0.516
2022,5,October 9,home,Detroit Lions,https://www.pro-football-reference.com/boxscores/202210090nwe.htm,4,11:07,2,10,DET 35,26,0,(11:07) (Shotgun) 16-J.Goff pass short right to 46-C.Reynolds pushed ob at NE 40 for 25 yards (55-J.Uche).,1.220,2.132
2022,5,October 9,home,Detroit Lions,https://www.pro-football-reference.com/boxscores/202210090nwe.htm,4,10:32,1,10,NE 40,26,0,(10:32) (Shotgun) 16-J.Goff pass incomplete short right.,3.352,-0.517
2022,5,October 9,home,Detroit Lions,https://www.pro-football-reference.com/boxscores/202210090nwe.htm,4,10:24,2,10,NE 40,26,0,(10:24) (Shotgun) 16-J.Goff pass short middle to 46-C.Reynolds to NE 33 for 7 yards (48-J.Tavai).,2.835,0.293
2022,5,October 9,home,Detroit Lions,https://www.pro-football-reference.com/boxscores/202210090nwe.htm,4,10:05,3,3,NE 33,26,0,"(10:05) (No Huddle, Shotgun) 16-J.Goff pass short left to 14-A.St. Brown to NE 31 for 2 yards (27-M.Bryant).",3.128,-0.780
2022,5,October 9,home,Detroit Lions,https://www.pro-football-reference.com/boxscores/202210090nwe.htm,4,09:25,4,1,NE 31,26,0,(9:25) 42-J.Jackson up the middle to NE 32 for -1 yards (50-R.McMillan).,2.347,-3.673
2022,5,October 9,home,Detroit Lions,https://www.pro-football-reference.com/boxscores/202210090nwe.htm,4,09:20,1,10,NE 32,26,0,"(9:20) 38-R.Stevenson up the middle to NE 34 for 2 yards (34-A.Anzalone, 27-B.Price).",1.326,-0.481
2022,5,October 9,home,Detroit Lions,https://www.pro-football-reference.com/boxscores/202210090nwe.htm,4,08:38,2,8,NE 34,26,0,(8:38) 4-B.Zappe pass short right to 16-J.Meyers to DET 43 for 23 yards (27-B.Price). NE 16-Meyers 3rd career 100-yard game.,0.846,1.926
2022,5,October 9,home,Detroit Lions,https://www.pro-football-reference.com/boxscores/202210090nwe.htm,4,07:53,1,10,DET 43,26,0,(7:53) (Shotgun) 38-R.Stevenson right end pushed ob at DET 17 for 26 yards (5-D.Elliott).,2.772,1.896
2022,5,October 9,home,Detroit Lions,https://www.pro-football-reference.com/boxscores/202210090nwe.htm,4,07:11,1,10,DET 17,26,0,(7:11) 84-K.Bourne right end to DET 18 for -1 yards (2-A.Bryant).,4.668,-0.932
2022,5,October 9,home,Detroit Lions,https://www.pro-football-reference.com/boxscores/202210090nwe.htm,4,06:28,,,DET 18,26,0,Timeout #2 by NE at 06:28.,3.736,0.000
2022,5,October 9,home,Detroit Lions,https://www.pro-football-reference.com/boxscores/202210090nwe.htm,4,06:28,2,11,DET 18,26,0,(6:28) 38-R.Stevenson left tackle to DET 16 for 2 yards (2-A.Bryant).,3.736,-0.338
2022,5,October 9,home,Detroit Lions,https://www.pro-football-reference.com/boxscores/202210090nwe.htm,4,05:50,3,9,DET 16,26,0,(5:50) (Shotgun) 4-B.Zappe right end to DET 11 for 5 yards (41-A.Parker).,3.398,-0.532
2022,5,October 9,home,Detroit Lions,https://www.pro-football-reference.com/boxscores/202210090nwe.htm,4,05:05,4,4,DET 11,29,0,"(5:05) 6-N.Folk 29 yard field goal is GOOD, Center-49-J.Cardona, Holder-7-J.Bailey.",2.866,0.134
2022,5,October 9,home,Detroit Lions,https://www.pro-football-reference.com/boxscores/202210090nwe.htm,4,05:01,,,NE 35,29,0,"7-J.Bailey kicks 65 yards from NE 35 to end zone, Touchback.",0.939,0.000
2022,5,October 9,home,Detroit Lions,https://www.pro-football-reference.com/boxscores/202210090nwe.htm,4,05:01,1,10,DET 25,29,0,(5:01) (Shotgun) 16-J.Goff pass short right to 11-K.Raymond ran ob at DET 37 for 12 yards (13-Ja.Jones).,0.939,0.690
2022,5,October 9,home,Detroit Lions,https://www.pro-football-reference.com/boxscores/202210090nwe.htm,4,04:54,1,10,DET 37,29,0,"(4:54) (Shotgun) 16-J.Goff pass short middle to 8-J.Reynolds to DET 45 for 8 yards (25-Ma.Jones, 48-J.Tavai).",1.629,0.374
2022,5,October 9,home,Detroit Lions,https://www.pro-football-reference.com/boxscores/202210090nwe.htm,4,04:33,2,2,DET 45,29,0,"(4:33) (No Huddle, Shotgun) 16-J.Goff pass deep left to 8-J.Reynolds to NE 24 for 31 yards (2-J.Mills). NE-2-J.Mills was injured during the play.",2.003,1.701
2022,5,October 9,home,Detroit Lions,https://www.pro-football-reference.com/boxscores/202210090nwe.htm,4,03:43,1,10,NE 24,29,0,(3:43) (Shotgun) 16-J.Goff pass incomplete deep middle to 11-K.Raymond.,3.704,-0.390
2022,5,October 9,home,Detroit Lions,https://www.pro-football-reference.com/boxscores/202210090nwe.htm,4,03:38,2,10,NE 24,29,0,"(3:38) (Shotgun) 16-J.Goff pass short left to 88-T.Hockenson to NE 18 for 6 yards (21-A.Phillips, 3-J.Peppers).",3.315,0.305
2022,5,October 9,home,Detroit Lions,https://www.pro-football-reference.com/boxscores/202210090nwe.htm,4,03:16,3,4,NE 18,29,0,"(3:16) (No Huddle, Shotgun) 16-J.Goff pass incomplete short right to 8-J.Reynolds. DET-8-J.Reynolds was injured during the play.",3.620,-1.154
2022,5,October 9,home,Detroit Lions,https://www.pro-football-reference.com/boxscores/202210090nwe.htm,4,03:10,4,4,NE 18,29,0,(3:10) (Shotgun) 16-J.Goff pass incomplete deep left to 8-J.Reynolds (13-Ja.Jones) [58-A.Jennings].,2.466,-3.042
2022,5,October 9,home,Detroit Lions,https://www.pro-football-reference.com/boxscores/202210090nwe.htm,4,03:02,1,10,NE 18,29,0,"(3:02) 61-M.Cannon reported in as eligible.  38-R.Stevenson right guard to NE 25 for 7 yards (44-M.Rodriguez, 5-D.Elliott).",0.576,0.361
2022,5,October 9,home,Detroit Lions,https://www.pro-football-reference.com/boxscores/202210090nwe.htm,4,02:55,,,NE 25,29,0,Timeout #1 by DET at 02:55.,0.937,0.000
2022,5,October 9,home,Detroit Lions,https://www.pro-football-reference.com/boxscores/202210090nwe.htm,4,02:55,2,3,NE 25,29,0,(2:55) 61-M.Cannon reported in as eligible.  38-R.Stevenson up the middle to NE 29 for 4 yards (96-I.Buggs).,0.937,0.121
2022,5,October 9,home,Detroit Lions,https://www.pro-football-reference.com/boxscores/202210090nwe.htm,4,02:45,,,NE 29,29,0,Timeout #2 by DET at 02:45.,1.058,0.000
2022,5,October 9,home,Detroit Lions,https://www.pro-football-reference.com/boxscores/202210090nwe.htm,4,02:45,1,10,NE 29,29,0,(2:45) 61-M.Cannon reported in as eligible.  38-R.Stevenson right guard to NE 40 for 11 yards (44-M.Rodriguez).,1.058,-0.071
2022,5,October 9,home,Detroit Lions,https://www.pro-football-reference.com/boxscores/202210090nwe.htm,4,02:37,,,NE 40,29,0,Timeout #3 by DET at 02:37.,0.987,0.000
2022,5,October 9,home,Detroit Lions,https://www.pro-football-reference.com/boxscores/202210090nwe.htm,4,02:37,1,10,NE 40,29,0,(2:37) 61-M.Cannon reported in as eligible.  38-R.Stevenson left tackle to NE 41 for 1 yard (55-D.Barnes).,0.987,-0.987
2022,5,October 9,home,Detroit Lions,https://www.pro-football-reference.com/boxscores/202210090nwe.htm,4,02:00,2,9,NE 41,29,0,(2:00) 61-M.Cannon reported in as eligible.  4-B.Zappe kneels to NE 38 for -3 yards.,0.000,0.000
2022,5,October 9,home,Detroit Lions,https://www.pro-football-reference.com/boxscores/202210090nwe.htm,4,01:16,3,12,NE 38,29,0,(1:16) 61-M.Cannon reported in as eligible.  4-B.Zappe kneels to NE 36 for -2 yards.,0.000,-0.087
2022,5,October 9,home,Detroit Lions,https://www.pro-football-reference.com/boxscores/202210090nwe.htm,4,00:34,4,14,NE 36,29,0,"(:34) 7-J.Bailey punts 40 yards to DET 24, Center-49-J.Cardona. 11-K.Raymond to DET 30 for 6 yards (23-K.Dugger; 22-Co.Davis).",-0.087,0.087
2022,5,October 9,home,Detroit Lions,https://www.pro-football-reference.com/boxscores/202210090nwe.htm,4,00:22,1,10,DET 30,29,0,"(:22) 16-J.Goff kneels to DET 29 for -1 yards. Belichick 256th career win with Patriots, 3rd all-time wins with one team (Halas 318, Shula 257). Belichick 323rd career win (including postseason), 3rd all-time (Shula 347, Halas 324).",0.000,0.000
2022,6,October 16,away,Cleveland Browns,https://www.pro-football-reference.com/boxscores/202210160cle.htm,1,15:00,,,NE 35,0,0,"7-J.Bailey kicks 65 yards from NE 35 to end zone, Touchback.",1.474,0.000
2022,6,October 16,away,Cleveland Browns,https://www.pro-football-reference.com/boxscores/202210160cle.htm,1,15:00,1,10,CLE 25,0,0,"(15:00) (Shotgun) 7-J.Brissett pass short left to 88-H.Bryant to CLE 31 for 6 yards (23-K.Dugger, 21-A.Phillips).",1.474,0.243
2022,6,October 16,away,Cleveland Browns,https://www.pro-football-reference.com/boxscores/202210160cle.htm,1,14:28,2,4,CLE 31,0,0,(14:28) 7-J.Brissett pass deep right intended for 84-P.Brown INTERCEPTED by 23-K.Dugger at NE 36. 23-K.Dugger pushed ob at NE 36 for no gain (84-P.Brown).,1.718,-3.290
2022,6,October 16,away,Cleveland Browns,https://www.pro-football-reference.com/boxscores/202210160cle.htm,1,14:21,1,10,NE 36,0,0,(14:21) 61-M.Cannon reported in as eligible.  38-R.Stevenson right guard to NE 39 for 3 yards (44-S.Takitaki).,1.572,-0.302
2022,6,October 16,away,Cleveland Browns,https://www.pro-football-reference.com/boxscores/202210160cle.htm,1,13:44,2,7,NE 39,0,0,(13:44) (Shotgun) 4-B.Zappe pass incomplete short left.,1.271,-0.865
2022,6,October 16,away,Cleveland Browns,https://www.pro-football-reference.com/boxscores/202210160cle.htm,1,13:41,3,7,NE 39,0,0,(13:41) (Shotgun) 4-B.Zappe pass short left to 84-K.Bourne to CLE 44 for 17 yards (43-J.Johnson; 26-G.Williams).,0.406,2.500
2022,6,October 16,away,Cleveland Browns,https://www.pro-football-reference.com/boxscores/202210160cle.htm,1,13:00,1,10,CLE 44,0,0,(13:00) 61-M.Cannon reported in as eligible.  38-R.Stevenson left guard to CLE 42 for 2 yards (94-A.Wright).,2.905,-0.448
2022,6,October 16,away,Cleveland Browns,https://www.pro-football-reference.com/boxscores/202210160cle.htm,1,12:20,2,8,CLE 42,0,0,(12:20) 38-R.Stevenson right guard to CLE 38 for 4 yards (98-I.Rochell).,2.458,-0.154
2022,6,October 16,away,Cleveland Browns,https://www.pro-football-reference.com/boxscores/202210160cle.htm,1,11:42,3,4,CLE 38,0,0,"(11:42) (Shotgun) PENALTY on NE-77-T.Brown, False Start, 5 yards, enforced at CLE 38 - No Play.",2.303,-0.844
2022,6,October 16,away,Cleveland Browns,https://www.pro-football-reference.com/boxscores/202210160cle.htm,1,11:21,3,9,CLE 43,0,0,(11:21) (Shotgun) 4-B.Zappe pass deep left to 1-D.Parker to CLE 14 for 29 yards (23-M.Emerson).,1.460,3.473
2022,6,October 16,away,Cleveland Browns,https://www.pro-football-reference.com/boxscores/202210160cle.htm,1,10:37,1,10,CLE 14,0,0,"(10:37) 61-M.Cannon reported in as eligible.  38-R.Stevenson right guard to CLE 13 for 1 yard (20-G.Newsome, 44-S.Takitaki).",4.932,-0.479
2022,6,October 16,away,Cleveland Browns,https://www.pro-football-reference.com/boxscores/202210160cle.htm,1,09:57,2,9,CLE 13,0,0,(9:57) (Shotgun) 4-B.Zappe pass short right to 38-R.Stevenson to CLE 6 for 7 yards (50-J.Phillips).,4.453,0.310
2022,6,October 16,away,Cleveland Browns,https://www.pro-football-reference.com/boxscores/202210160cle.htm,1,09:16,3,2,CLE 6,0,0,"(9:16) 61-M.Cannon reported in as eligible.  PENALTY on NE-76-I.Wynn, False Start, 5 yards, enforced at CLE 6 - No Play.",4.763,-0.867
2022,6,October 16,away,Cleveland Browns,https://www.pro-football-reference.com/boxscores/202210160cle.htm,1,08:56,3,7,CLE 11,0,0,"(8:56) (Shotgun) 4-B.Zappe pass incomplete short left to 16-J.Meyers. PENALTY on CLE-20-G.Newsome, Defensive Pass Interference, 10 yards, enforced at CLE 11 - No Play.",3.896,2.489
2022,6,October 16,away,Cleveland Browns,https://www.pro-football-reference.com/boxscores/202210160cle.htm,1,08:51,1,1,CLE 1,0,0,(8:51) 61-M.Cannon reported in as eligible.  38-R.Stevenson left guard to CLE 1 for no gain (43-J.Johnson; 95-M.Garrett).,6.386,-0.252
2022,6,October 16,away,Cleveland Browns,https://www.pro-football-reference.com/boxscores/202210160cle.htm,1,08:17,2,1,CLE 1,0,0,(8:17) 61-M.Cannon reported in as eligible.  38-R.Stevenson right guard to CLE 1 for no gain (96-J.Elliott).,6.134,-0.438
2022,6,October 16,away,Cleveland Browns,https://www.pro-football-reference.com/boxscores/202210160cle.htm,1,07:40,3,1,CLE 1,0,0,"(7:40) 61-M.Cannon reported in as eligible.  4-B.Zappe pass incomplete short right to 85-H.Henry [93-T.Togiai]. PENALTY on NE-85-H.Henry, Illegal Touch Pass, 0 yards, enforced at CLE 1.",5.695,-2.721
2022,6,October 16,away,Cleveland Browns,https://www.pro-football-reference.com/boxscores/202210160cle.htm,1,07:34,4,1,CLE 1,3,0,"(7:34) 6-N.Folk 19 yard field goal is GOOD, Center-49-J.Cardona, Holder-7-J.Bailey.",2.974,0.026
2022,6,October 16,away,Cleveland Browns,https://www.pro-football-reference.com/boxscores/202210160cle.htm,1,07:31,,,NE 35,3,0,7-J.Bailey kicks 67 yards from NE 35 to CLE -2. 80-C.Rogers pushed ob at CLE 25 for 27 yards (50-R.McMillan).,1.403,-0.002
2022,6,October 16,away,Cleveland Browns,https://www.pro-football-reference.com/boxscores/202210160cle.htm,1,07:27,1,10,CLE 25,3,0,"(7:27) (Shotgun) 24-N.Chubb left tackle to CLE 33 for 8 yards (32-D.McCourty, 23-K.Dugger).",1.401,0.579
2022,6,October 16,away,Cleveland Browns,https://www.pro-football-reference.com/boxscores/202210160cle.htm,1,06:48,2,2,CLE 33,3,0,(6:48) 24-N.Chubb left tackle to CLE 40 for 7 yards (48-J.Tavai; 23-K.Dugger).,1.980,0.349
2022,6,October 16,away,Cleveland Browns,https://www.pro-football-reference.com/boxscores/202210160cle.htm,1,06:06,1,10,CLE 40,3,0,(6:06) (Shotgun) 7-J.Brissett pass incomplete short left to 2-A.Cooper (21-A.Phillips).,2.329,-0.496
2022,6,October 16,away,Cleveland Browns,https://www.pro-football-reference.com/boxscores/202210160cle.htm,1,06:02,2,10,CLE 40,3,0,(6:02) 24-N.Chubb right guard to CLE 40 for no gain (98-Ca.Davis).,1.833,-0.837
2022,6,October 16,away,Cleveland Browns,https://www.pro-football-reference.com/boxscores/202210160cle.htm,1,05:22,3,10,CLE 40,3,0,(5:22) (Shotgun) 7-J.Brissett pass deep left to 85-D.Njoku ran ob at NE 27 for 33 yards.,0.996,3.406
2022,6,October 16,away,Cleveland Browns,https://www.pro-football-reference.com/boxscores/202210160cle.htm,1,05:03,1,10,NE 27,3,0,(5:03) 11-D.Peoples-Jones right end to NE 25 for 2 yards (23-K.Dugger).,4.402,-0.385
2022,6,October 16,away,Cleveland Browns,https://www.pro-football-reference.com/boxscores/202210160cle.htm,1,04:25,2,8,NE 25,3,0,(4:25) (Shotgun) 7-J.Brissett pass short right to 85-D.Njoku to NE 21 for 4 yards (23-K.Dugger).,4.017,-0.007
2022,6,October 16,away,Cleveland Browns,https://www.pro-football-reference.com/boxscores/202210160cle.htm,1,03:47,3,4,NE 21,3,0,"(3:47) (Shotgun) 27-K.Hunt right guard to NE 21 for no gain (23-K.Dugger, 2-J.Mills).",4.010,-1.647
2022,6,October 16,away,Cleveland Browns,https://www.pro-football-reference.com/boxscores/202210160cle.htm,1,03:04,4,4,NE 21,3,3,"(3:04) 3-C.York 39 yard field goal is GOOD, Center-47-C.Hughlett, Holder-13-C.Bojorquez.",2.363,0.637
2022,6,October 16,away,Cleveland Browns,https://www.pro-football-reference.com/boxscores/202210160cle.htm,1,03:00,,,CLE 35,3,3,3-C.York kicks 63 yards from CLE 35 to NE 2. 25-Ma.Jones to NE 22 for 20 yards (38-A.Green).,0.866,-0.397
2022,6,October 16,away,Cleveland Browns,https://www.pro-football-reference.com/boxscores/202210160cle.htm,1,02:55,1,10,NE 22,3,3,(2:55) (Shotgun) 4-B.Zappe pass short right to 1-D.Parker to NE 36 for 14 yards (23-M.Emerson).,0.469,1.161
2022,6,October 16,away,Cleveland Browns,https://www.pro-football-reference.com/boxscores/202210160cle.htm,1,02:19,1,10,NE 36,3,3,"(2:19) 38-R.Stevenson left guard to NE 36 for no gain (22-G.Delpit). PENALTY on NE-16-J.Meyers, Illegal Block Above the Waist, 10 yards, enforced at NE 36 - No Play.",1.630,-0.979
2022,6,October 16,away,Cleveland Browns,https://www.pro-football-reference.com/boxscores/202210160cle.htm,1,01:43,1,20,NE 26,3,3,"(1:43) PENALTY on NE, Delay of Game, 5 yards, enforced at NE 26 - No Play.",0.652,-0.505
2022,6,October 16,away,Cleveland Browns,https://www.pro-football-reference.com/boxscores/202210160cle.htm,1,01:25,1,25,NE 21,3,3,(1:25) (Shotgun) 4-B.Zappe pass short left to 16-J.Meyers pushed ob at NE 32 for 11 yards (23-M.Emerson).,0.146,0.420
2022,6,October 16,away,Cleveland Browns,https://www.pro-football-reference.com/boxscores/202210160cle.htm,1,00:54,2,14,NE 32,3,3,"(:54) (Shotgun) 4-B.Zappe sacked at NE 24 for -8 yards (95-M.Garrett). FUMBLES (95-M.Garrett), RECOVERED by CLE-43-J.Johnson at NE 38. The Replay Official reviewed the fumble ruling, and the play was Upheld. The ruling on the field stands.",0.566,-4.153
2022,6,October 16,away,Cleveland Browns,https://www.pro-football-reference.com/boxscores/202210160cle.htm,1,00:47,1,10,NE 38,3,3,"(:47) 7-J.Brissett pass short left to 84-P.Brown to NE 27 for 11 yards (23-K.Dugger, 48-J.Tavai).",3.587,0.691
2022,6,October 16,away,Cleveland Browns,https://www.pro-football-reference.com/boxscores/202210160cle.htm,1,00:15,1,10,NE 27,3,3,(:15) (No Huddle) 24-N.Chubb left tackle to NE 24 for 3 yards (90-C.Barmore).,4.278,-0.065
2022,6,October 16,away,Cleveland Browns,https://www.pro-football-reference.com/boxscores/202210160cle.htm,2,15:00,2,7,NE 24,3,3,(15:00) (Shotgun) 24-N.Chubb left guard to NE 23 for 1 yard (90-C.Barmore).,4.212,-0.571
2022,6,October 16,away,Cleveland Browns,https://www.pro-football-reference.com/boxscores/202210160cle.htm,2,14:22,3,6,NE 23,3,3,(14:22) (Shotgun) 7-J.Brissett pass short right to 88-H.Bryant to NE 18 for 5 yards (21-A.Phillips).,3.641,-0.150
2022,6,October 16,away,Cleveland Browns,https://www.pro-football-reference.com/boxscores/202210160cle.htm,2,14:00,4,1,NE 18,3,3,(14:00) (No Huddle) 7-J.Brissett right guard to NE 18 for no gain (9-M.Judon).,3.491,-3.872
2022,6,October 16,away,Cleveland Browns,https://www.pro-football-reference.com/boxscores/202210160cle.htm,2,13:56,1,10,NE 18,3,3,(13:56) (Shotgun) 4-B.Zappe pass short right to 38-R.Stevenson to NE 21 for 3 yards (50-J.Phillips).,0.380,-0.304
2022,6,October 16,away,Cleveland Browns,https://www.pro-football-reference.com/boxscores/202210160cle.htm,2,13:21,2,7,NE 21,3,3,(13:21) 38-R.Stevenson right guard to NE 26 for 5 yards (94-A.Wright).,0.076,0.291
2022,6,October 16,away,Cleveland Browns,https://www.pro-football-reference.com/boxscores/202210160cle.htm,2,12:38,3,2,NE 26,3,3,"(12:38) (Shotgun) 4-B.Zappe pass incomplete deep right to 16-J.Meyers. PENALTY on CLE-26-G.Williams, Defensive Pass Interference, 18 yards, enforced at NE 26 - No Play.",0.367,1.728
2022,6,October 16,away,Cleveland Browns,https://www.pro-football-reference.com/boxscores/202210160cle.htm,2,12:32,1,10,NE 44,3,3,"(12:32) 11-T.Thornton left tackle to NE 42 for -2 yards (95-M.Garrett, 28-J.Owusu-Koramoah).",2.094,-0.790
2022,6,October 16,away,Cleveland Browns,https://www.pro-football-reference.com/boxscores/202210160cle.htm,2,11:50,2,12,NE 42,3,3,(11:50) (Shotgun) 4-B.Zappe pass incomplete deep left to 1-D.Parker.,1.304,-0.862
2022,6,October 16,away,Cleveland Browns,https://www.pro-football-reference.com/boxscores/202210160cle.htm,2,11:45,3,12,NE 42,3,3,(11:45) (Shotgun) 4-B.Zappe pass incomplete short right to 85-H.Henry.,0.442,-1.194
2022,6,October 16,away,Cleveland Browns,https://www.pro-football-reference.com/boxscores/202210160cle.htm,2,11:41,4,12,NE 42,3,3,"(11:41) 7-J.Bailey punts 45 yards to CLE 13, Center-49-J.Cardona, out of bounds.",-0.751,0.383
2022,6,October 16,away,Cleveland Browns,https://www.pro-football-reference.com/boxscores/202210160cle.htm,2,11:35,1,10,CLE 13,3,3,(11:35) (Shotgun) 24-N.Chubb right guard to CLE 15 for 2 yards (91-D.Wise).,0.368,-0.406
2022,6,October 16,away,Cleveland Browns,https://www.pro-football-reference.com/boxscores/202210160cle.htm,2,10:58,2,8,CLE 15,3,3,(10:58) (Shotgun) 7-J.Brissett pass short middle to 11-D.Peoples-Jones to CLE 27 for 12 yards (13-Ja.Jones).,-0.038,1.350
2022,6,October 16,away,Cleveland Browns,https://www.pro-football-reference.com/boxscores/202210160cle.htm,2,10:19,1,10,CLE 27,3,3,(10:19) 24-N.Chubb left end to CLE 33 for 6 yards (58-A.Jennings).,1.312,0.121
2022,6,October 16,away,Cleveland Browns,https://www.pro-football-reference.com/boxscores/202210160cle.htm,2,09:30,2,4,CLE 33,3,3,"(9:30) PENALTY on NE-98-Ca.Davis, Encroachment, 5 yards, enforced at CLE 33 - No Play.",1.433,0.475
2022,6,October 16,away,Cleveland Browns,https://www.pro-football-reference.com/boxscores/202210160cle.htm,2,09:23,1,10,CLE 38,3,3,(9:23) 7-J.Brissett pass short right to 84-P.Brown to CLE 48 for 10 yards (8-J.Bentley; 48-J.Tavai).,1.908,0.592
2022,6,October 16,away,Cleveland Browns,https://www.pro-football-reference.com/boxscores/202210160cle.htm,2,08:39,1,10,CLE 48,3,3,(8:39) 24-N.Chubb left tackle to NE 49 for 3 yards (23-K.Dugger).,2.500,-0.250
2022,6,October 16,away,Cleveland Browns,https://www.pro-football-reference.com/boxscores/202210160cle.htm,2,08:09,2,7,NE 49,3,3,(8:09) 7-J.Brissett pass incomplete short right.,2.250,-0.733
2022,6,October 16,away,Cleveland Browns,https://www.pro-football-reference.com/boxscores/202210160cle.htm,2,08:03,3,7,NE 49,3,3,(8:03) (Shotgun) 7-J.Brissett pass incomplete deep left to 2-A.Cooper. NE-90-C.Barmore was injured during the play. His return is Questionable.,1.517,-1.551
2022,6,October 16,away,Cleveland Browns,https://www.pro-football-reference.com/boxscores/202210160cle.htm,2,07:58,4,7,NE 49,3,3,"(7:58) 13-C.Bojorquez punts 44 yards to NE 5, Center-47-C.Hughlett. 25-Ma.Jones to NE 13 for 8 yards (43-J.Johnson; 51-J.Kunaszyk).",-0.033,-0.216
2022,6,October 16,away,Cleveland Browns,https://www.pro-football-reference.com/boxscores/202210160cle.htm,2,07:48,1,10,NE 13,3,3,(7:48) (Shotgun) 4-B.Zappe pass short right to 85-H.Henry to NE 25 for 12 yards (50-J.Phillips; 22-G.Delpit).,0.249,0.853
2022,6,October 16,away,Cleveland Browns,https://www.pro-football-reference.com/boxscores/202210160cle.htm,2,07:11,1,10,NE 25,3,3,(7:11) 4-B.Zappe pass deep left to 16-J.Meyers to NE 45 for 20 yards (23-M.Emerson).,1.102,1.176
2022,6,October 16,away,Cleveland Browns,https://www.pro-football-reference.com/boxscores/202210160cle.htm,2,06:31,1,10,NE 45,3,3,(6:31) (Shotgun) 4-B.Zappe pass short right to 16-J.Meyers pushed ob at NE 47 for 2 yards (20-G.Newsome).,2.278,-0.441
2022,6,October 16,away,Cleveland Browns,https://www.pro-football-reference.com/boxscores/202210160cle.htm,2,05:55,2,8,NE 47,3,3,"(5:55) PENALTY on NE-16-J.Meyers, False Start, 5 yards, enforced at NE 47 - No Play.",1.837,-0.602
2022,6,October 16,away,Cleveland Browns,https://www.pro-football-reference.com/boxscores/202210160cle.htm,2,05:35,2,13,NE 42,3,3,(5:35) (Shotgun) 4-B.Zappe pass short left to 1-D.Parker to CLE 44 for 14 yards (50-J.Phillips).,1.236,1.719
2022,6,October 16,away,Cleveland Browns,https://www.pro-football-reference.com/boxscores/202210160cle.htm,2,04:59,1,10,CLE 44,3,3,(4:59) 38-R.Stevenson right guard to CLE 43 for 1 yard (20-G.Newsome; 28-J.Owusu-Koramoah).,2.954,-0.604
2022,6,October 16,away,Cleveland Browns,https://www.pro-football-reference.com/boxscores/202210160cle.htm,2,04:23,2,9,CLE 43,3,3,(4:23) (Shotgun) 4-B.Zappe pass short left to 11-T.Thornton to CLE 31 for 12 yards (22-G.Delpit).,2.350,1.129
2022,6,October 16,away,Cleveland Browns,https://www.pro-football-reference.com/boxscores/202210160cle.htm,2,03:40,1,10,CLE 31,3,3,(3:40) (Shotgun) 4-B.Zappe pass incomplete short right.,3.479,-0.580
2022,6,October 16,away,Cleveland Browns,https://www.pro-football-reference.com/boxscores/202210160cle.htm,2,03:34,,,CLE 31,3,3,Timeout #1 by NE at 03:34.,2.900,0.000
2022,6,October 16,away,Cleveland Browns,https://www.pro-football-reference.com/boxscores/202210160cle.htm,2,03:34,2,10,CLE 31,3,3,(3:34) (Shotgun) 4-B.Zappe pass incomplete short left to 1-D.Parker (23-M.Emerson).,2.900,-0.502
2022,6,October 16,away,Cleveland Browns,https://www.pro-football-reference.com/boxscores/202210160cle.htm,2,03:30,3,10,CLE 31,9,3,"(3:30) (Shotgun) 38-R.Stevenson left guard for 31 yards, TOUCHDOWN.",2.398,4.602
2022,6,October 16,away,Cleveland Browns,https://www.pro-football-reference.com/boxscores/202210160cle.htm,2,03:23,,,CLE 15,10,3,"6-N.Folk extra point is GOOD, Center-49-J.Cardona, Holder-7-J.Bailey.",0.932,0.068
2022,6,October 16,away,Cleveland Browns,https://www.pro-football-reference.com/boxscores/202210160cle.htm,2,03:23,,,NE 35,10,3,7-J.Bailey kicks 63 yards from NE 35 to CLE 2. 80-C.Rogers ran ob at CLE 29 for 27 yards (50-R.McMillan). NE-22-Co.Davis was injured during the play. He is Out.,0.963,0.279
2022,6,October 16,away,Cleveland Browns,https://www.pro-football-reference.com/boxscores/202210160cle.htm,2,03:17,1,10,CLE 29,10,3,(3:17) (Shotgun) 7-J.Brissett pass short right to 11-D.Peoples-Jones pushed ob at CLE 32 for 3 yards (2-J.Mills).,1.242,-0.174
2022,6,October 16,away,Cleveland Browns,https://www.pro-football-reference.com/boxscores/202210160cle.htm,2,02:46,2,7,CLE 32,10,3,(2:46) 27-K.Hunt left guard to CLE 34 for 2 yards (91-D.Wise).,1.068,-0.312
2022,6,October 16,away,Cleveland Browns,https://www.pro-football-reference.com/boxscores/202210160cle.htm,2,02:00,3,5,CLE 34,10,3,(2:00) (Shotgun) 7-J.Brissett pass short middle to 2-A.Cooper to CLE 41 for 7 yards (32-D.McCourty).,0.756,1.054
2022,6,October 16,away,Cleveland Browns,https://www.pro-football-reference.com/boxscores/202210160cle.htm,2,01:30,1,10,CLE 41,10,3,"(1:30) (No Huddle, Shotgun) 7-J.Brissett pass incomplete short right [9-M.Judon].",1.810,-0.491
2022,6,October 16,away,Cleveland Browns,https://www.pro-football-reference.com/boxscores/202210160cle.htm,2,01:22,2,10,CLE 41,10,3,(1:22) (Shotgun) 7-J.Brissett pass incomplete short left to 85-D.Njoku (23-K.Dugger).,1.319,-0.356
2022,6,October 16,away,Cleveland Browns,https://www.pro-football-reference.com/boxscores/202210160cle.htm,2,01:19,3,10,CLE 41,10,3,"(1:19) (Shotgun) 7-J.Brissett pass incomplete short left to 2-A.Cooper [30-M.Wilson]. PENALTY on NE-2-J.Mills, Defensive Pass Interference, 21 yards, enforced at CLE 41 - No Play.",0.963,1.905
2022,6,October 16,away,Cleveland Browns,https://www.pro-football-reference.com/boxscores/202210160cle.htm,2,01:13,1,10,NE 38,10,3,"(1:13) (Shotgun) 27-K.Hunt right end to NE 29 for 9 yards (9-M.Judon, 32-D.McCourty).",2.868,0.516
2022,6,October 16,away,Cleveland Browns,https://www.pro-football-reference.com/boxscores/202210160cle.htm,2,00:42,,,NE 29,10,3,Timeout #1 by CLE at 00:42.,3.384,0.000
2022,6,October 16,away,Cleveland Browns,https://www.pro-football-reference.com/boxscores/202210160cle.htm,2,00:42,2,1,NE 29,10,3,(:42) (Shotgun) 7-J.Brissett pass incomplete deep left to 2-A.Cooper.,3.384,-0.263
2022,6,October 16,away,Cleveland Browns,https://www.pro-football-reference.com/boxscores/202210160cle.htm,2,00:36,3,1,NE 29,10,3,(:36) (Shotgun) 7-J.Brissett pass incomplete short left to 2-A.Cooper [91-D.Wise].,3.121,-1.127
2022,6,October 16,away,Cleveland Browns,https://www.pro-football-reference.com/boxscores/202210160cle.htm,2,00:30,4,1,NE 29,10,6,"(:30) 3-C.York 48 yard field goal is GOOD, Center-47-C.Hughlett, Holder-13-C.Bojorquez.",1.994,1.006
2022,6,October 16,away,Cleveland Browns,https://www.pro-football-reference.com/boxscores/202210160cle.htm,2,00:26,,,CLE 35,10,6,"3-C.York kicks 65 yards from CLE 35 to end zone, Touchback.",0.261,0.000
2022,6,October 16,away,Cleveland Browns,https://www.pro-football-reference.com/boxscores/202210160cle.htm,2,00:26,1,10,NE 25,10,6,(:26) (Shotgun) 38-R.Stevenson right guard to NE 30 for 5 yards (50-J.Phillips; 99-T.Bryan).,0.261,-0.261
2022,6,October 16,away,Cleveland Browns,https://www.pro-football-reference.com/boxscores/202210160cle.htm,3,15:00,,,CLE 35,10,6,"3-C.York kicks 65 yards from CLE 35 to end zone, Touchback.",0.770,0.000
2022,6,October 16,away,Cleveland Browns,https://www.pro-football-reference.com/boxscores/202210160cle.htm,3,15:00,1,10,NE 25,10,6,(15:00) 38-R.Stevenson right tackle to NE 26 for 1 yard (22-G.Delpit).,0.770,-0.543
2022,6,October 16,away,Cleveland Browns,https://www.pro-football-reference.com/boxscores/202210160cle.htm,3,14:21,2,9,NE 26,10,6,(14:21) (Shotgun) 4-B.Zappe pass short right to 81-J.Smith to CLE 21 for 53 yards (23-M.Emerson).,0.228,4.389
2022,6,October 16,away,Cleveland Browns,https://www.pro-football-reference.com/boxscores/202210160cle.htm,3,13:33,1,10,CLE 21,10,6,(13:33) 38-R.Stevenson left guard to CLE 15 for 6 yards (95-M.Garrett; 43-J.Johnson).,4.617,0.196
2022,6,October 16,away,Cleveland Browns,https://www.pro-football-reference.com/boxscores/202210160cle.htm,3,12:49,2,4,CLE 15,10,6,(12:49) (Shotgun) 4-B.Zappe pass short right to 85-H.Henry to CLE 2 for 13 yards (22-G.Delpit).,4.813,1.423
2022,6,October 16,away,Cleveland Browns,https://www.pro-football-reference.com/boxscores/202210160cle.htm,3,12:09,1,2,CLE 2,10,6,(12:09) 61-M.Cannon reported in as eligible.  38-R.Stevenson right guard to CLE 2 for no gain (22-G.Delpit; 50-J.Phillips).,6.236,-0.414
2022,6,October 16,away,Cleveland Browns,https://www.pro-football-reference.com/boxscores/202210160cle.htm,3,11:29,2,2,CLE 2,10,6,(11:29) (Shotgun) 4-B.Zappe pass incomplete short right to 11-T.Thornton (23-M.Emerson).,5.822,-0.864
2022,6,October 16,away,Cleveland Browns,https://www.pro-football-reference.com/boxscores/202210160cle.htm,3,11:25,3,2,CLE 2,16,6,"(11:25) (Shotgun) 4-B.Zappe pass short right to 11-T.Thornton for 2 yards, TOUCHDOWN.",4.958,2.042
2022,6,October 16,away,Cleveland Browns,https://www.pro-football-reference.com/boxscores/202210160cle.htm,3,11:22,,,CLE 15,17,6,"6-N.Folk extra point is GOOD, Center-49-J.Cardona, Holder-7-J.Bailey.",0.932,0.068
2022,6,October 16,away,Cleveland Browns,https://www.pro-football-reference.com/boxscores/202210160cle.htm,3,11:22,,,NE 35,17,6,"7-J.Bailey kicks 65 yards from NE 35 to end zone, Touchback.",1.438,0.000
2022,6,October 16,away,Cleveland Browns,https://www.pro-football-reference.com/boxscores/202210160cle.htm,3,11:22,1,10,CLE 25,17,6,(11:22) 24-N.Chubb right guard to CLE 23 for -2 yards (9-M.Judon).,1.438,-1.256
2022,6,October 16,away,Cleveland Browns,https://www.pro-football-reference.com/boxscores/202210160cle.htm,3,10:47,2,12,CLE 23,17,6,(10:47) (Shotgun) 7-J.Brissett pass incomplete short right.,0.182,-0.871
2022,6,October 16,away,Cleveland Browns,https://www.pro-football-reference.com/boxscores/202210160cle.htm,3,10:39,3,12,CLE 23,17,6,(10:39) (Shotgun) 7-J.Brissett pass short right to 2-A.Cooper pushed ob at CLE 36 for 13 yards (2-J.Mills).,-0.689,2.861
2022,6,October 16,away,Cleveland Browns,https://www.pro-football-reference.com/boxscores/202210160cle.htm,3,10:13,1,10,CLE 36,17,6,"(10:13) (No Huddle) 27-K.Hunt right tackle to CLE 37 for 1 yard (9-M.Judon, 30-M.Wilson).",2.172,-0.517
2022,6,October 16,away,Cleveland Browns,https://www.pro-football-reference.com/boxscores/202210160cle.htm,3,09:31,2,9,CLE 37,17,6,(9:31) 7-J.Brissett pass incomplete deep left to 2-A.Cooper.,1.655,-0.830
2022,6,October 16,away,Cleveland Browns,https://www.pro-football-reference.com/boxscores/202210160cle.htm,3,09:25,3,9,CLE 37,17,6,(9:25) (Shotgun) 7-J.Brissett pass incomplete deep left to 10-A.Schwartz (25-Ma.Jones).,0.825,-1.449
2022,6,October 16,away,Cleveland Browns,https://www.pro-football-reference.com/boxscores/202210160cle.htm,3,09:18,4,9,CLE 37,17,6,"(9:18) (Punt formation) PENALTY on CLE, Delay of Game, 5 yards, enforced at CLE 37 - No Play.",-0.623,-0.372
2022,6,October 16,away,Cleveland Browns,https://www.pro-football-reference.com/boxscores/202210160cle.htm,3,09:18,4,14,CLE 32,17,6,"(9:18) 13-C.Bojorquez punts 45 yards to NE 23, Center-47-C.Hughlett. 25-Ma.Jones to NE 39 for 16 yards (30-D.Johnson).",-0.996,-0.757
2022,6,October 16,away,Cleveland Browns,https://www.pro-football-reference.com/boxscores/202210160cle.htm,3,09:08,1,10,NE 39,17,6,"(9:08) (Shotgun) 4-B.Zappe pass short right to 38-R.Stevenson to NE 36 for -3 yards (23-M.Emerson). PENALTY on NE-77-T.Brown, Offensive Holding, 10 yards, enforced at NE 39 - No Play.",1.753,-0.846
2022,6,October 16,away,Cleveland Browns,https://www.pro-football-reference.com/boxscores/202210160cle.htm,3,08:49,1,20,NE 29,17,6,(8:49) (Shotgun) 4-B.Zappe pass short left to 11-T.Thornton to NE 31 for 2 yards (22-G.Delpit).,0.906,-0.548
2022,6,October 16,away,Cleveland Browns,https://www.pro-football-reference.com/boxscores/202210160cle.htm,3,08:05,2,18,NE 31,17,6,(8:05) 61-M.Cannon reported in as eligible.  38-R.Stevenson right tackle to NE 37 for 6 yards (22-G.Delpit).,0.358,-0.413
2022,6,October 16,away,Cleveland Browns,https://www.pro-football-reference.com/boxscores/202210160cle.htm,3,07:26,3,12,NE 37,17,6,(7:26) (Shotgun) 4-B.Zappe pass incomplete short right to 85-H.Henry (22-G.Delpit).,-0.055,-1.109
2022,6,October 16,away,Cleveland Browns,https://www.pro-football-reference.com/boxscores/202210160cle.htm,3,07:20,4,12,NE 37,17,6,"(7:20) 7-J.Bailey punts 35 yards to CLE 28, Center-49-J.Cardona, fair catch by 80-C.Rogers.",-1.164,-0.369
2022,6,October 16,away,Cleveland Browns,https://www.pro-football-reference.com/boxscores/202210160cle.htm,3,07:13,1,10,CLE 28,17,6,(7:13) (Shotgun) 7-J.Brissett pass deep right intended for 85-D.Njoku INTERCEPTED by 2-J.Mills [8-J.Bentley] at NE 45. 2-J.Mills to CLE 40 for 15 yards (2-A.Cooper).,1.533,-4.786
2022,6,October 16,away,Cleveland Browns,https://www.pro-football-reference.com/boxscores/202210160cle.htm,3,07:02,1,10,CLE 40,17,6,(7:02) 38-R.Stevenson left tackle pushed ob at CLE 39 for 1 yard (43-J.Johnson).,3.253,-0.585
2022,6,October 16,away,Cleveland Browns,https://www.pro-football-reference.com/boxscores/202210160cle.htm,3,06:24,2,9,CLE 39,17,6,(6:24) (Shotgun) 4-B.Zappe pass short right to 81-J.Smith to CLE 31 for 8 yards (50-J.Phillips).,2.669,0.683
2022,6,October 16,away,Cleveland Browns,https://www.pro-football-reference.com/boxscores/202210160cle.htm,3,05:39,3,1,CLE 31,23,6,"(5:39) 61-M.Cannon reported in as eligible.  4-B.Zappe pass short left to 85-H.Henry for 31 yards, TOUCHDOWN.",3.351,3.649
2022,6,October 16,away,Cleveland Browns,https://www.pro-football-reference.com/boxscores/202210160cle.htm,3,05:32,,,CLE 15,24,6,"6-N.Folk extra point is GOOD, Center-49-J.Cardona, Holder-7-J.Bailey.",0.932,0.068
2022,6,October 16,away,Cleveland Browns,https://www.pro-football-reference.com/boxscores/202210160cle.htm,3,05:32,,,NE 35,24,6,7-J.Bailey kicks 61 yards from NE 35 to CLE 4. 80-C.Rogers to CLE 26 for 22 yards (97-D.Mitchell).,1.405,0.029
2022,6,October 16,away,Cleveland Browns,https://www.pro-football-reference.com/boxscores/202210160cle.htm,3,05:28,1,10,CLE 26,24,6,(5:28) (Shotgun) 7-J.Brissett pass incomplete short right to 2-A.Cooper (13-Ja.Jones).,1.434,-0.570
2022,6,October 16,away,Cleveland Browns,https://www.pro-football-reference.com/boxscores/202210160cle.htm,3,05:24,2,10,CLE 26,24,6,"(5:24) (No Huddle, Shotgun) 7-J.Brissett pass incomplete short right to 24-N.Chubb (91-D.Wise).",0.864,-0.777
2022,6,October 16,away,Cleveland Browns,https://www.pro-football-reference.com/boxscores/202210160cle.htm,3,05:21,3,10,CLE 26,24,6,(5:21) (Shotgun) 7-J.Brissett sacked at CLE 24 for -2 yards (sack split by 58-A.Jennings and 30-M.Wilson).,0.087,-1.811
2022,6,October 16,away,Cleveland Browns,https://www.pro-football-reference.com/boxscores/202210160cle.htm,3,04:42,4,12,CLE 24,24,6,"(4:42) 13-C.Bojorquez punts 44 yards to NE 32, Center-47-C.Hughlett. 25-Ma.Jones to NE 43 for 11 yards (29-H.Miller).",-1.724,-0.330
2022,6,October 16,away,Cleveland Browns,https://www.pro-football-reference.com/boxscores/202210160cle.htm,3,04:32,1,10,NE 43,24,6,(4:32) 36-K.Harris left tackle to NE 44 for 1 yard (28-J.Owusu-Koramoah).,2.054,-0.486
2022,6,October 16,away,Cleveland Browns,https://www.pro-football-reference.com/boxscores/202210160cle.htm,3,03:57,2,9,NE 44,24,6,(3:57) (Shotgun) 4-B.Zappe pass short left to 1-D.Parker to CLE 49 for 7 yards (23-M.Emerson).,1.568,-0.131
2022,6,October 16,away,Cleveland Browns,https://www.pro-football-reference.com/boxscores/202210160cle.htm,3,03:20,,,CLE 49,24,6,Timeout #1 by NE at 03:20.,1.437,0.000
2022,6,October 16,away,Cleveland Browns,https://www.pro-football-reference.com/boxscores/202210160cle.htm,3,03:20,3,2,CLE 49,24,6,(3:20) (Shotgun) 4-B.Zappe pass short right to 38-R.Stevenson to 50 for -1 yards (43-J.Johnson).,1.437,-1.973
2022,6,October 16,away,Cleveland Browns,https://www.pro-football-reference.com/boxscores/202210160cle.htm,3,02:32,4,3,MID 50,24,6,"(2:32) (Punt formation) PENALTY on NE, Delay of Game, 5 yards, enforced at 50 - No Play.",-0.536,-0.564
2022,6,October 16,away,Cleveland Browns,https://www.pro-football-reference.com/boxscores/202210160cle.htm,3,02:23,4,8,NE 45,24,6,"(2:23) 7-J.Bailey punts 43 yards to CLE 12, Center-49-J.Cardona. 80-C.Rogers to CLE 19 for 7 yards (41-B.Schooler).",-1.100,-0.098
2022,6,October 16,away,Cleveland Browns,https://www.pro-football-reference.com/boxscores/202210160cle.htm,3,02:14,1,10,CLE 19,24,6,"(2:14) 24-N.Chubb right tackle to CLE 24 for 5 yards (95-D.Ekuale, 27-M.Bryant).",1.197,-0.108
2022,6,October 16,away,Cleveland Browns,https://www.pro-football-reference.com/boxscores/202210160cle.htm,3,01:47,2,5,CLE 24,24,6,"(1:47) (No Huddle, Shotgun) 7-J.Brissett pass incomplete short right to 2-A.Cooper.",1.089,-0.827
2022,6,October 16,away,Cleveland Browns,https://www.pro-football-reference.com/boxscores/202210160cle.htm,3,01:43,3,5,CLE 24,24,6,(1:43) (Shotgun) 7-J.Brissett pass short left to 85-D.Njoku to CLE 45 for 21 yards (21-A.Phillips).,0.262,2.598
2022,6,October 16,away,Cleveland Browns,https://www.pro-football-reference.com/boxscores/202210160cle.htm,3,01:12,1,10,CLE 45,24,6,"(1:12) (No Huddle, Shotgun) 24-N.Chubb right tackle pushed ob at NE 37 for 18 yards (27-M.Bryant).",2.861,0.901
2022,6,October 16,away,Cleveland Browns,https://www.pro-football-reference.com/boxscores/202210160cle.htm,3,00:44,1,10,NE 37,24,6,"(:44) (No Huddle, Shotgun) 7-J.Brissett pass short left to 24-N.Chubb to NE 23 for 14 yards (95-D.Ekuale).",3.762,0.839
2022,6,October 16,away,Cleveland Browns,https://www.pro-football-reference.com/boxscores/202210160cle.htm,3,00:09,1,10,NE 23,24,6,"(:09) (No Huddle, Shotgun) 7-J.Brissett pass incomplete deep middle to 85-D.Njoku.",4.601,-0.407
2022,6,October 16,away,Cleveland Browns,https://www.pro-football-reference.com/boxscores/202210160cle.htm,3,00:04,2,10,NE 23,24,6,(:04) (Shotgun) 7-J.Brissett pass incomplete short middle to 27-K.Hunt [58-A.Jennings].,4.194,-0.572
2022,6,October 16,away,Cleveland Browns,https://www.pro-football-reference.com/boxscores/202210160cle.htm,4,15:00,3,10,NE 23,24,6,"(15:00) (Shotgun) 7-J.Brissett sacked at NE 33 for -10 yards (91-D.Wise). FUMBLES (91-D.Wise), ball out of bounds at NE 30. PENALTY on CLE-11-D.Peoples-Jones, Illegal Bat, 10 yards, enforced at NE 23.",3.622,-2.577
2022,6,October 16,away,Cleveland Browns,https://www.pro-football-reference.com/boxscores/202210160cle.htm,4,14:39,4,20,NE 33,24,9,"(14:39) 3-C.York 51 yard field goal is GOOD, Center-47-C.Hughlett, Holder-13-C.Bojorquez.",1.046,1.954
2022,6,October 16,away,Cleveland Browns,https://www.pro-football-reference.com/boxscores/202210160cle.htm,4,14:35,,,CLE 35,24,9,3-C.York kicks 61 yards from CLE 35 to NE 4. 25-Ma.Jones to NE 23 for 19 yards (51-J.Kunaszyk).,0.567,-0.223
2022,6,October 16,away,Cleveland Browns,https://www.pro-football-reference.com/boxscores/202210160cle.htm,4,14:30,1,10,NE 23,24,9,(14:30) 4-B.Zappe pass deep right to 16-J.Meyers pushed ob at 50 for 27 yards (20-G.Newsome).,0.343,1.897
2022,6,October 16,away,Cleveland Browns,https://www.pro-football-reference.com/boxscores/202210160cle.htm,4,13:56,1,10,MID 50,24,9,(13:56) 38-R.Stevenson left guard to 50 for no gain (95-M.Garrett; 28-J.Owusu-Koramoah).,2.240,-0.529
2022,6,October 16,away,Cleveland Browns,https://www.pro-football-reference.com/boxscores/202210160cle.htm,4,13:20,2,10,MID 50,24,9,(13:20) (Shotgun) 4-B.Zappe pass short right to 85-H.Henry to CLE 45 for 5 yards (28-J.Owusu-Koramoah; 50-J.Phillips).,1.711,-0.249
2022,6,October 16,away,Cleveland Browns,https://www.pro-football-reference.com/boxscores/202210160cle.htm,4,12:38,3,5,CLE 45,24,9,(12:38) (Shotgun) 4-B.Zappe pass short right to 38-R.Stevenson to CLE 39 for 6 yards (44-S.Takitaki).,1.462,1.529
2022,6,October 16,away,Cleveland Browns,https://www.pro-football-reference.com/boxscores/202210160cle.htm,4,11:54,1,10,CLE 39,24,9,"(11:54) PENALTY on NE-85-H.Henry, False Start, 5 yards, enforced at CLE 39 - No Play.",2.991,-0.696
2022,6,October 16,away,Cleveland Browns,https://www.pro-football-reference.com/boxscores/202210160cle.htm,4,11:54,1,15,CLE 44,24,9,(11:54) 4-B.Zappe pass deep left to 11-T.Thornton to CLE 23 for 21 yards (43-J.Johnson).,2.295,1.907
2022,6,October 16,away,Cleveland Browns,https://www.pro-football-reference.com/boxscores/202210160cle.htm,4,11:15,1,10,CLE 23,24,9,(11:15) 35-P.Strong left guard to CLE 18 for 5 yards (98-I.Rochell).,4.202,0.228
2022,6,October 16,away,Cleveland Browns,https://www.pro-football-reference.com/boxscores/202210160cle.htm,4,10:40,2,5,CLE 18,24,9,(10:40) 61-M.Cannon reported in as eligible.  36-K.Harris left guard to CLE 17 for 1 yard (96-J.Elliott; 97-P.Winfrey).,4.430,-0.600
2022,6,October 16,away,Cleveland Browns,https://www.pro-football-reference.com/boxscores/202210160cle.htm,4,09:59,3,4,CLE 17,24,9,"(9:59) (Shotgun) 4-B.Zappe pass incomplete short right to 85-H.Henry. PENALTY on CLE-95-M.Garrett, Defensive Offside, 5 yards, enforced at CLE 17 - No Play.",3.830,0.992
2022,6,October 16,away,Cleveland Browns,https://www.pro-football-reference.com/boxscores/202210160cle.htm,4,09:55,1,10,CLE 12,24,9,(9:55) 61-M.Cannon reported in as eligible.  38-R.Stevenson right tackle to CLE 11 for 1 yard (97-P.Winfrey; 50-J.Phillips).,4.822,-0.503
2022,6,October 16,away,Cleveland Browns,https://www.pro-football-reference.com/boxscores/202210160cle.htm,4,09:18,2,9,CLE 11,24,9,(9:18) (Shotgun) 4-B.Zappe pass incomplete short middle to 38-R.Stevenson.,4.319,-0.724
2022,6,October 16,away,Cleveland Browns,https://www.pro-football-reference.com/boxscores/202210160cle.htm,4,09:14,3,9,CLE 11,24,9,"(9:14) (Shotgun) 4-B.Zappe pass incomplete short right. PENALTY on NE-4-B.Zappe, Intentional Grounding, 16 yards, enforced at CLE 11.",3.595,-1.586
2022,6,October 16,away,Cleveland Browns,https://www.pro-football-reference.com/boxscores/202210160cle.htm,4,09:06,4,25,CLE 27,24,9,"(9:06) 6-N.Folk 45 yard field goal is No Good, Wide Right, Center-49-J.Cardona, Holder-7-J.Bailey.",2.009,-3.814
2022,6,October 16,away,Cleveland Browns,https://www.pro-football-reference.com/boxscores/202210160cle.htm,4,09:01,1,10,CLE 35,24,9,"(9:01) (Shotgun) 7-J.Brissett pass short right to 85-D.Njoku to CLE 42 for 7 yards (50-R.McMillan). PENALTY on CLE-71-J.Wills, Offensive Holding, 10 yards, enforced at CLE 35 - No Play.",1.805,-0.696
2022,6,October 16,away,Cleveland Browns,https://www.pro-football-reference.com/boxscores/202210160cle.htm,4,08:35,1,20,CLE 25,24,9,(8:35) (Shotgun) 7-J.Brissett pass short left to 2-A.Cooper to CLE 34 for 9 yards (2-J.Mills).,1.109,-0.003
2022,6,October 16,away,Cleveland Browns,https://www.pro-football-reference.com/boxscores/202210160cle.htm,4,08:16,2,11,CLE 34,24,9,"(8:16) (No Huddle, Shotgun) 7-J.Brissett sacked at CLE 30 for -4 yards (92-D.Godchaux).",1.106,-0.933
2022,6,October 16,away,Cleveland Browns,https://www.pro-football-reference.com/boxscores/202210160cle.htm,4,07:45,3,15,CLE 30,24,9,"(7:45) (No Huddle, Shotgun) 7-J.Brissett pass short middle to 18-Dav.Bell to CLE 43 for 13 yards (21-A.Phillips; 27-M.Bryant).",0.173,-0.005
2022,6,October 16,away,Cleveland Browns,https://www.pro-football-reference.com/boxscores/202210160cle.htm,4,07:22,4,2,CLE 43,24,9,"(7:22) (No Huddle, Shotgun) 7-J.Brissett pass deep right to 11-D.Peoples-Jones ran ob at NE 20 for 37 yards.",0.168,4.323
2022,6,October 16,away,Cleveland Browns,https://www.pro-football-reference.com/boxscores/202210160cle.htm,4,06:50,1,10,NE 20,24,9,"(6:50) (No Huddle, Shotgun) 24-N.Chubb left tackle to NE 15 for 5 yards (96-S.Roberts). NE-91-D.Wise was injured during the play. His return is Probable.",4.491,0.167
2022,6,October 16,away,Cleveland Browns,https://www.pro-football-reference.com/boxscores/202210160cle.htm,4,06:30,2,5,NE 15,24,9,(6:30) (Shotgun) 7-J.Brissett pass incomplete short right to 11-D.Peoples-Jones.,4.658,-0.734
2022,6,October 16,away,Cleveland Browns,https://www.pro-football-reference.com/boxscores/202210160cle.htm,4,06:25,3,5,NE 15,24,9,(6:25) (Shotgun) 7-J.Brissett pass incomplete short right to 2-A.Cooper (27-M.Bryant).,3.924,-1.188
2022,6,October 16,away,Cleveland Browns,https://www.pro-football-reference.com/boxscores/202210160cle.htm,4,06:22,4,5,NE 15,24,15,"(6:22) (Shotgun) 7-J.Brissett pass short right to 2-A.Cooper for 15 yards, TOUCHDOWN.",2.736,4.264
2022,6,October 16,away,Cleveland Browns,https://www.pro-football-reference.com/boxscores/202210160cle.htm,4,06:17,,,NE 2,24,15,TWO-POINT CONVERSION ATTEMPT. 7-J.Brissett pass to 88-H.Bryant is incomplete. ATTEMPT FAILS.,0.947,-0.947
2022,6,October 16,away,Cleveland Browns,https://www.pro-football-reference.com/boxscores/202210160cle.htm,4,06:17,,,CLE 35,24,15,"3-C.York kicks onside 17 yards from CLE 35 to NE 48. RECOVERED by CLE-33-R.Harrison. The Replay Official reviewed the loose ball recovery ruling, and the play was REVERSED. 3-C.York kicks onside 17 yards from CLE 35 to NE 48, out of bounds. PENALTY on CLE-38-A.Green, Illegal Touch Kick, 5 yards, enforced at NE 48.",0.754,1.833
2022,6,October 16,away,Cleveland Browns,https://www.pro-football-reference.com/boxscores/202210160cle.htm,4,06:16,1,10,CLE 47,24,15,(6:16) (Shotgun) 38-R.Stevenson right tackle to CLE 44 for 3 yards (44-S.Takitaki).,2.587,-0.215
2022,6,October 16,away,Cleveland Browns,https://www.pro-football-reference.com/boxscores/202210160cle.htm,4,05:35,2,7,CLE 44,24,15,(5:35) 4-B.Zappe sacked at NE 48 for -8 yards (95-M.Garrett). CLE-95-M.Garrett was injured during the play. His return is Questionable.,2.372,-1.801
2022,6,October 16,away,Cleveland Browns,https://www.pro-football-reference.com/boxscores/202210160cle.htm,4,05:14,3,15,NE 48,24,15,(5:14) (Shotgun) 4-B.Zappe pass short middle to 4-B.Zappe to NE 42 for -6 yards (98-I.Rochell).,0.571,-1.243
2022,6,October 16,away,Cleveland Browns,https://www.pro-football-reference.com/boxscores/202210160cle.htm,4,04:41,4,21,NE 42,24,15,"(4:41) 7-J.Bailey punts 41 yards to CLE 17, Center-49-J.Cardona. 80-C.Rogers MUFFS catch, RECOVERED by NE-41-B.Schooler at CLE 19.",-0.672,4.970
2022,6,October 16,away,Cleveland Browns,https://www.pro-football-reference.com/boxscores/202210160cle.htm,4,04:32,1,10,CLE 19,30,15,"(4:32) 61-M.Cannon reported in as eligible.  11-T.Thornton left end for 19 yards, TOUCHDOWN.",4.298,2.702
2022,6,October 16,away,Cleveland Browns,https://www.pro-football-reference.com/boxscores/202210160cle.htm,4,04:28,,,CLE 15,31,15,"6-N.Folk extra point is GOOD, Center-49-J.Cardona, Holder-7-J.Bailey.",0.932,0.068
2022,6,October 16,away,Cleveland Browns,https://www.pro-football-reference.com/boxscores/202210160cle.htm,4,04:28,,,NE 35,31,15,7-J.Bailey kicks 65 yards from NE 35 to CLE 0. 80-C.Rogers to CLE 17 for 17 yards (35-P.Strong).,0.958,-0.502
2022,6,October 16,away,Cleveland Browns,https://www.pro-football-reference.com/boxscores/202210160cle.htm,4,04:23,1,10,CLE 17,31,15,(4:23) (Shotgun) 7-J.Brissett pass short middle to 88-H.Bryant to CLE 24 for 7 yards (50-R.McMillan).,0.456,0.259
2022,6,October 16,away,Cleveland Browns,https://www.pro-football-reference.com/boxscores/202210160cle.htm,4,04:06,2,3,CLE 24,31,15,"(4:06) (No Huddle, Shotgun) 7-J.Brissett sacked at CLE 18 for -6 yards. FUMBLES, touched at CLE 22, RECOVERED by NE-98-Ca.Davis at CLE 25. 98-Ca.Davis to CLE 8 for 17 yards (78-J.Conklin).",0.715,-5.816
2022,6,October 16,away,Cleveland Browns,https://www.pro-football-reference.com/boxscores/202210160cle.htm,4,03:56,1,8,CLE 8,31,15,(3:56) 61-M.Cannon reported in as eligible.  36-K.Harris right guard to CLE 5 for 3 yards (50-J.Phillips; 28-J.Owusu-Koramoah).,5.102,0.062
2022,6,October 16,away,Cleveland Browns,https://www.pro-football-reference.com/boxscores/202210160cle.htm,4,03:50,,,CLE 5,31,15,Timeout #1 by CLE at 03:50.,5.163,0.000
2022,6,October 16,away,Cleveland Browns,https://www.pro-football-reference.com/boxscores/202210160cle.htm,4,03:50,2,5,CLE 5,31,15,(3:50) 11-T.Thornton right end pushed ob at CLE 6 for -1 yards (44-S.Takitaki).,5.163,-1.173
2022,6,October 16,away,Cleveland Browns,https://www.pro-football-reference.com/boxscores/202210160cle.htm,4,03:45,3,6,CLE 6,37,15,"(3:45) 38-R.Stevenson right guard for 6 yards, TOUCHDOWN.",3.991,3.009
2022,6,October 16,away,Cleveland Browns,https://www.pro-football-reference.com/boxscores/202210160cle.htm,4,03:40,,,CLE 15,38,15,"6-N.Folk extra point is GOOD, Center-49-J.Cardona, Holder-7-J.Bailey.",0.932,0.068
2022,6,October 16,away,Cleveland Browns,https://www.pro-football-reference.com/boxscores/202210160cle.htm,4,03:40,,,NE 35,38,15,"7-J.Bailey kicks 61 yards from NE 35 to CLE 4. 80-C.Rogers to CLE 17 for 13 yards (41-B.Schooler, 30-M.Wilson).",0.710,-0.357
2022,6,October 16,away,Cleveland Browns,https://www.pro-football-reference.com/boxscores/202210160cle.htm,4,03:35,1,10,CLE 17,38,15,(3:35) (Shotgun) 7-J.Brissett pass short right to 12-M.Woods to CLE 32 for 15 yards (13-Ja.Jones).,0.353,0.905
2022,6,October 16,away,Cleveland Browns,https://www.pro-football-reference.com/boxscores/202210160cle.htm,4,03:15,1,10,CLE 32,38,15,"(3:15) (No Huddle, Shotgun) 7-J.Brissett pass incomplete short middle to 18-Dav.Bell.",1.258,-0.436
2022,6,October 16,away,Cleveland Browns,https://www.pro-football-reference.com/boxscores/202210160cle.htm,4,03:11,2,10,CLE 32,38,15,(3:11) (Shotgun) 7-J.Brissett pass short right to 30-D.Johnson to CLE 34 for 2 yards (30-M.Wilson).,0.822,-0.397
2022,6,October 16,away,Cleveland Browns,https://www.pro-football-reference.com/boxscores/202210160cle.htm,4,02:45,3,8,CLE 34,38,15,"(2:45) (No Huddle, Shotgun) 7-J.Brissett pass incomplete deep right to 88-H.Bryant [95-D.Ekuale]. CLE-88-H.Bryant was injured during the play. His return is Questionable.",0.425,-0.947
2022,6,October 16,away,Cleveland Browns,https://www.pro-football-reference.com/boxscores/202210160cle.htm,4,02:41,4,8,CLE 34,38,15,(2:41) (Shotgun) 7-J.Brissett pass deep left to 11-D.Peoples-Jones to NE 44 for 22 yards (26-S.Wade) [58-A.Jennings].,-0.522,3.018
2022,6,October 16,away,Cleveland Browns,https://www.pro-football-reference.com/boxscores/202210160cle.htm,4,02:20,1,10,NE 44,38,15,"(2:20) (No Huddle, Shotgun) 7-J.Brissett pass short middle to 30-D.Johnson to NE 37 for 7 yards (50-R.McMillan).",2.496,0.379
2022,6,October 16,away,Cleveland Browns,https://www.pro-football-reference.com/boxscores/202210160cle.htm,4,02:03,2,3,NE 37,38,15,"(2:03) (No Huddle, Shotgun) 7-J.Brissett pass incomplete deep right to 12-M.Woods.",2.875,-0.428
2022,6,October 16,away,Cleveland Browns,https://www.pro-football-reference.com/boxscores/202210160cle.htm,4,01:57,3,3,NE 37,38,15,(1:57) (Shotgun) 7-J.Brissett pass incomplete short left to 10-A.Schwartz.,2.446,-1.537
2022,6,October 16,away,Cleveland Browns,https://www.pro-football-reference.com/boxscores/202210160cle.htm,4,01:53,4,3,NE 37,38,15,(1:53) (Shotgun) 7-J.Brissett pass incomplete short left to 10-A.Schwartz.,0.909,-0.909
2022,6,October 16,away,Cleveland Browns,https://www.pro-football-reference.com/boxscores/202210160cle.htm,4,01:50,1,10,NE 37,38,15,(1:50) 61-M.Cannon reported in as eligible.  4-B.Zappe kneels to NE 35 for -2 yards.,0.000,0.000
2022,6,October 16,away,Cleveland Browns,https://www.pro-football-reference.com/boxscores/202210160cle.htm,4,01:09,2,12,NE 35,38,15,(1:09) 61-M.Cannon reported in as eligible.  4-B.Zappe kneels to NE 34 for -1 yards.,0.000,0.000
2022,6,October 16,away,Cleveland Browns,https://www.pro-football-reference.com/boxscores/202210160cle.htm,4,00:29,3,13,NE 34,38,15,(:29) 61-M.Cannon reported in as eligible.  4-B.Zappe kneels to NE 33 for -1 yards.,0.000,0.000
2022,7,October 24,home,Chicago Bears,https://www.pro-football-reference.com/boxscores/202210240nwe.htm,1,15:00,,,CHI 35,0,0,2-C.Santos kicks 67 yards from CHI 35 to NE -2. 25-Ma.Jones to NE 17 for 19 yards (50-S.Weatherford).,1.474,-0.632
2022,7,October 24,home,Chicago Bears,https://www.pro-football-reference.com/boxscores/202210240nwe.htm,1,14:57,1,10,NE 17,0,0,(14:57) (Shotgun) 38-R.Stevenson left guard to NE 17 for no gain (96-A.Watts).,0.842,-0.589
2022,7,October 24,home,Chicago Bears,https://www.pro-football-reference.com/boxscores/202210240nwe.htm,1,14:23,2,10,NE 17,0,0,"(14:23) 10-M.Jones pass incomplete short left to 11-T.Thornton. Penalty on CHI-94-R.Quinn, Defensive Offside, offsetting, enforced at NE 17 - No Play. Penalty on NE-77-T.Brown, Offensive Holding, offsetting.",0.252,-0.004
2022,7,October 24,home,Chicago Bears,https://www.pro-football-reference.com/boxscores/202210240nwe.htm,1,14:17,2,10,NE 17,0,0,(14:17) (Shotgun) 10-M.Jones pass short left to 38-R.Stevenson to NE 16 for -1 yards (94-R.Quinn).,0.248,-1.109
2022,7,October 24,home,Chicago Bears,https://www.pro-football-reference.com/boxscores/202210240nwe.htm,1,13:39,3,11,NE 16,0,0,(13:39) (Shotgun) 10-M.Jones scrambles up the middle to NE 22 for 6 yards (58-R.Smith; 9-J.Brisker).,-0.861,-0.750
2022,7,October 24,home,Chicago Bears,https://www.pro-football-reference.com/boxscores/202210240nwe.htm,1,13:05,4,5,NE 22,0,0,"(13:05) 7-J.Bailey punts 44 yards to CHI 34, Center-49-J.Cardona, downed by NE-41-B.Schooler.",-1.611,0.183
2022,7,October 24,home,Chicago Bears,https://www.pro-football-reference.com/boxscores/202210240nwe.htm,1,12:54,1,10,CHI 34,0,0,(12:54) 32-D.Montgomery left tackle to CHI 38 for 4 yards (58-A.Jennings; 48-J.Tavai).,1.429,-0.079
2022,7,October 24,home,Chicago Bears,https://www.pro-football-reference.com/boxscores/202210240nwe.htm,1,12:20,2,6,CHI 38,0,0,(12:20) 32-D.Montgomery left tackle to CHI 40 for 2 yards (92-D.Godchaux).,1.350,-0.505
2022,7,October 24,home,Chicago Bears,https://www.pro-football-reference.com/boxscores/202210240nwe.htm,1,11:38,3,4,CHI 40,0,0,(11:38) (Shotgun) 1-J.Fields pass short right to 11-D.Mooney ran ob at NE 40 for 20 yards (27-M.Bryant).,0.845,2.395
2022,7,October 24,home,Chicago Bears,https://www.pro-football-reference.com/boxscores/202210240nwe.htm,1,11:07,1,10,NE 40,0,0,(11:07) 1-J.Fields pass short left to 19-E.St. Brown ran ob at NE 29 for 11 yards (2-J.Mills).,3.239,0.734
2022,7,October 24,home,Chicago Bears,https://www.pro-football-reference.com/boxscores/202210240nwe.htm,1,10:32,1,10,NE 29,0,0,(10:32) (Shotgun) 1-J.Fields pass incomplete short right to 19-E.St. Brown.,3.974,-0.451
2022,7,October 24,home,Chicago Bears,https://www.pro-football-reference.com/boxscores/202210240nwe.htm,1,10:28,2,10,NE 29,0,0,"(10:28) 1-J.Fields FUMBLES (Aborted) at NE 36, recovered by CHI-32-D.Montgomery at NE 33. 32-D.Montgomery to NE 33 for no gain (8-J.Bentley).",3.523,-1.491
2022,7,October 24,home,Chicago Bears,https://www.pro-football-reference.com/boxscores/202210240nwe.htm,1,09:49,3,14,NE 33,0,0,(9:49) (Shotgun) 32-D.Montgomery left end to NE 24 for 9 yards (3-J.Peppers; 23-K.Dugger).,2.032,0.170
2022,7,October 24,home,Chicago Bears,https://www.pro-football-reference.com/boxscores/202210240nwe.htm,1,09:06,4,5,NE 24,0,3,"(9:06) 2-C.Santos 42 yard field goal is GOOD, Center-48-P.Scales, Holder-16-T.Gill.",2.202,0.798
2022,7,October 24,home,Chicago Bears,https://www.pro-football-reference.com/boxscores/202210240nwe.htm,1,09:02,,,CHI 35,0,3,2-C.Santos kicks 69 yards from CHI 35 to NE -4. 25-Ma.Jones to NE 21 for 25 yards (25-T.Ebner).,1.399,-0.460
2022,7,October 24,home,Chicago Bears,https://www.pro-football-reference.com/boxscores/202210240nwe.htm,1,08:57,1,10,NE 21,0,3,(8:57) (Shotgun) 37-D.Harris up the middle to NE 24 for 3 yards (53-N.Morrow).,0.939,-0.309
2022,7,October 24,home,Chicago Bears,https://www.pro-football-reference.com/boxscores/202210240nwe.htm,1,08:31,2,7,NE 24,0,3,"(8:31) (No Huddle, Shotgun) 10-M.Jones sacked at NE 19 for -5 yards (91-D.Robinson). Penalty on NE-77-T.Brown, Offensive Holding, offsetting, enforced at NE 24 - No Play. Penalty on CHI-9-J.Brisker, Defensive Holding, offsetting.",0.630,0.004
2022,7,October 24,home,Chicago Bears,https://www.pro-football-reference.com/boxscores/202210240nwe.htm,1,08:11,2,7,NE 24,0,3,(8:11) (Shotgun) 10-M.Jones pass short right to 37-D.Harris to NE 26 for 2 yards (58-R.Smith).,0.633,-0.355
2022,7,October 24,home,Chicago Bears,https://www.pro-football-reference.com/boxscores/202210240nwe.htm,1,07:40,3,5,NE 26,0,3,"(7:40) (Shotgun) PENALTY on NE-77-T.Brown, False Start, 5 yards, enforced at NE 26 - No Play.",0.278,-0.707
2022,7,October 24,home,Chicago Bears,https://www.pro-football-reference.com/boxscores/202210240nwe.htm,1,07:14,3,10,NE 21,0,3,(7:14) (Shotgun) 38-R.Stevenson left tackle to NE 26 for 5 yards (9-J.Brisker).,-0.428,-0.816
2022,7,October 24,home,Chicago Bears,https://www.pro-football-reference.com/boxscores/202210240nwe.htm,1,06:38,4,5,NE 26,0,3,"(6:38) 7-J.Bailey punts 36 yards to CHI 38, Center-49-J.Cardona. 18-D.Pettis ran ob at CHI 44 for 6 yards (41-B.Schooler).",-1.244,-0.846
2022,7,October 24,home,Chicago Bears,https://www.pro-football-reference.com/boxscores/202210240nwe.htm,1,06:29,1,10,CHI 44,0,3,(6:29) (Shotgun) 1-J.Fields pass short left to 85-C.Kmet to 50 for 6 yards (8-J.Bentley).,2.090,0.344
2022,7,October 24,home,Chicago Bears,https://www.pro-football-reference.com/boxscores/202210240nwe.htm,1,05:43,2,4,MID 50,0,3,"(5:43) 32-D.Montgomery right guard to CHI 48 for -2 yards (13-Ja.Jones, 98-Ca.Davis).",2.434,-1.273
2022,7,October 24,home,Chicago Bears,https://www.pro-football-reference.com/boxscores/202210240nwe.htm,1,05:01,3,6,CHI 48,0,3,(5:01) (Shotgun) 1-J.Fields pass deep right to 19-E.St. Brown to NE 33 for 19 yards (21-A.Phillips).,1.161,2.490
2022,7,October 24,home,Chicago Bears,https://www.pro-football-reference.com/boxscores/202210240nwe.htm,1,04:17,1,10,NE 33,0,3,(4:17) (Shotgun) 1-J.Fields pass short middle to 8-N.Harry to NE 19 for 14 yards (32-D.McCourty; 21-A.Phillips).,3.651,0.933
2022,7,October 24,home,Chicago Bears,https://www.pro-football-reference.com/boxscores/202210240nwe.htm,1,03:42,1,10,NE 19,0,3,(3:42) (Shotgun) 1-J.Fields left guard to NE 11 for 8 yards (21-A.Phillips).,4.584,0.535
2022,7,October 24,home,Chicago Bears,https://www.pro-football-reference.com/boxscores/202210240nwe.htm,1,03:01,2,2,NE 11,0,3,(3:01) (Shotgun) 32-D.Montgomery right guard to NE 3 for 8 yards (27-M.Bryant; 2-J.Mills).,5.118,0.960
2022,7,October 24,home,Chicago Bears,https://www.pro-football-reference.com/boxscores/202210240nwe.htm,1,02:16,1,3,NE 3,0,9,"(2:16) (Shotgun) 1-J.Fields left tackle for 3 yards, TOUCHDOWN.",6.078,0.922
2022,7,October 24,home,Chicago Bears,https://www.pro-football-reference.com/boxscores/202210240nwe.htm,1,02:11,,,NE 15,0,10,"2-C.Santos extra point is GOOD, Center-48-P.Scales, Holder-16-T.Gill.",0.932,0.068
2022,7,October 24,home,Chicago Bears,https://www.pro-football-reference.com/boxscores/202210240nwe.htm,1,02:11,,,CHI 35,0,10,2-C.Santos kicks 64 yards from CHI 35 to NE 1. 25-Ma.Jones to NE 23 for 22 yards (29-D.Cruikshank; 45-J.Thomas).,1.372,-0.333
2022,7,October 24,home,Chicago Bears,https://www.pro-football-reference.com/boxscores/202210240nwe.htm,1,02:05,1,10,NE 23,0,10,(2:05) (Shotgun) 10-M.Jones pass incomplete deep left to 11-T.Thornton [94-R.Quinn].,1.039,-0.563
2022,7,October 24,home,Chicago Bears,https://www.pro-football-reference.com/boxscores/202210240nwe.htm,1,01:59,2,10,NE 23,0,10,(1:59) 38-R.Stevenson right tackle to NE 28 for 5 yards (58-R.Smith).,0.476,-0.131
2022,7,October 24,home,Chicago Bears,https://www.pro-football-reference.com/boxscores/202210240nwe.htm,1,01:27,3,5,NE 28,0,10,(1:27) (Shotgun) 10-M.Jones scrambles right tackle to NE 38 for 10 yards (9-J.Brisker).,0.345,1.744
2022,7,October 24,home,Chicago Bears,https://www.pro-football-reference.com/boxscores/202210240nwe.htm,1,00:51,1,10,NE 38,0,10,(:51) 38-R.Stevenson right guard to NE 42 for 4 yards (58-R.Smith).,2.089,-0.157
2022,7,October 24,home,Chicago Bears,https://www.pro-football-reference.com/boxscores/202210240nwe.htm,1,00:15,2,6,NE 42,0,10,(:15) (Shotgun) 10-M.Jones pass short middle to 85-H.Henry to CHI 46 for 12 yards (9-J.Brisker).,1.932,1.083
2022,7,October 24,home,Chicago Bears,https://www.pro-football-reference.com/boxscores/202210240nwe.htm,2,15:00,1,10,CHI 46,0,10,(15:00) 38-R.Stevenson right tackle to CHI 45 for 1 yard (58-R.Smith).,3.015,-0.523
2022,7,October 24,home,Chicago Bears,https://www.pro-football-reference.com/boxscores/202210240nwe.htm,2,14:20,2,9,CHI 45,0,10,(14:20) (Shotgun) 10-M.Jones scrambles right end to CHI 37 for 8 yards (9-J.Brisker). CHI-9-J.Brisker was injured during the play.,2.492,0.585
2022,7,October 24,home,Chicago Bears,https://www.pro-football-reference.com/boxscores/202210240nwe.htm,2,13:49,3,1,CHI 37,0,10,(13:49) 38-R.Stevenson up the middle to CHI 36 for 1 yard (64-M.Pennel). Measurement.,3.076,0.547
2022,7,October 24,home,Chicago Bears,https://www.pro-football-reference.com/boxscores/202210240nwe.htm,2,13:22,1,10,CHI 36,0,10,(13:22) 10-M.Jones pass incomplete short middle to 37-D.Harris.,3.624,-0.508
2022,7,October 24,home,Chicago Bears,https://www.pro-football-reference.com/boxscores/202210240nwe.htm,2,13:16,2,10,CHI 36,0,10,(13:16) (Shotgun) 10-M.Jones pass short right intended for 81-J.Smith INTERCEPTED by 9-J.Brisker at CHI 21. 9-J.Brisker to CHI 27 for 6 yards (38-R.Stevenson).,3.116,-4.170
2022,7,October 24,home,Chicago Bears,https://www.pro-football-reference.com/boxscores/202210240nwe.htm,2,13:08,1,10,CHI 27,0,10,(13:08) (Shotgun) 1-J.Fields pass incomplete short left to 24-K.Herbert (58-A.Jennings).,1.054,-0.536
2022,7,October 24,home,Chicago Bears,https://www.pro-football-reference.com/boxscores/202210240nwe.htm,2,13:06,2,10,CHI 27,0,10,(13:06) (Shotgun) 1-J.Fields pass incomplete short right to 11-D.Mooney (25-Ma.Jones).,0.518,-0.710
2022,7,October 24,home,Chicago Bears,https://www.pro-football-reference.com/boxscores/202210240nwe.htm,2,13:01,3,10,CHI 27,0,10,"(13:01) (Shotgun) 1-J.Fields sacked at CHI 18 for -9 yards (sack split by 30-M.Wilson and 9-M.Judon). FUMBLES (30-M.Wilson) [9-M.Judon], ball out of bounds at NE 18.",-0.192,-1.939
2022,7,October 24,home,Chicago Bears,https://www.pro-football-reference.com/boxscores/202210240nwe.htm,2,12:05,4,19,CHI 18,0,10,"(12:05) 16-T.Gill punts 46 yards to NE 36, Center-48-P.Scales. 25-Ma.Jones pushed ob at NE 45 for 9 yards (57-J.Sanborn).",-2.130,-0.328
2022,7,October 24,home,Chicago Bears,https://www.pro-football-reference.com/boxscores/202210240nwe.htm,2,11:55,1,10,NE 45,0,10,(11:55) NE 4-Zappe now at QB. (Shotgun) 4-B.Zappe pass short right to 81-J.Smith to NE 49 for 4 yards (4-E.Jackson; 53-N.Morrow).,2.458,-0.160
2022,7,October 24,home,Chicago Bears,https://www.pro-football-reference.com/boxscores/202210240nwe.htm,2,11:14,2,6,NE 49,0,10,(11:14) (Shotgun) 37-D.Harris right end to 50 for 1 yard (58-R.Smith).,2.298,-0.662
2022,7,October 24,home,Chicago Bears,https://www.pro-football-reference.com/boxscores/202210240nwe.htm,2,10:36,3,5,MID 50,0,10,(10:36) (Shotgun) 4-B.Zappe pass short right to 38-R.Stevenson to CHI 30 for 20 yards (4-E.Jackson) [55-A.Muhammad].,1.637,2.267
2022,7,October 24,home,Chicago Bears,https://www.pro-football-reference.com/boxscores/202210240nwe.htm,2,09:52,1,10,CHI 30,6,10,"(9:52) 4-B.Zappe pass deep left to 16-J.Meyers for 30 yards, TOUCHDOWN.",3.904,3.096
2022,7,October 24,home,Chicago Bears,https://www.pro-football-reference.com/boxscores/202210240nwe.htm,2,09:43,,,CHI 15,7,10,"6-N.Folk extra point is GOOD, Center-49-J.Cardona, Holder-7-J.Bailey.",0.932,0.068
2022,7,October 24,home,Chicago Bears,https://www.pro-football-reference.com/boxscores/202210240nwe.htm,2,09:43,,,NE 35,7,10,7-J.Bailey kicks 62 yards from NE 35 to CHI 3. 24-K.Herbert to CHI 30 for 27 yards (41-B.Schooler; 21-A.Phillips).,1.074,0.160
2022,7,October 24,home,Chicago Bears,https://www.pro-football-reference.com/boxscores/202210240nwe.htm,2,09:36,1,10,CHI 30,7,10,(9:36) (Shotgun) 1-J.Fields right end ran ob at CHI 45 for 15 yards (32-D.McCourty).,1.234,0.969
2022,7,October 24,home,Chicago Bears,https://www.pro-football-reference.com/boxscores/202210240nwe.htm,2,08:59,1,10,CHI 45,7,10,(8:59) (Shotgun) 32-D.Montgomery up the middle to CHI 46 for 1 yard (8-J.Bentley).,2.202,-0.390
2022,7,October 24,home,Chicago Bears,https://www.pro-football-reference.com/boxscores/202210240nwe.htm,2,08:16,2,9,CHI 46,7,10,(8:16) 32-D.Montgomery up the middle to 50 for 4 yards (50-R.McMillan; 92-D.Godchaux).,1.812,-0.156
2022,7,October 24,home,Chicago Bears,https://www.pro-football-reference.com/boxscores/202210240nwe.htm,2,07:44,3,5,MID 50,7,10,"(7:44) (No Huddle, Shotgun) 1-J.Fields pass short middle intended for 19-E.St. Brown INTERCEPTED by 27-M.Bryant (9-M.Judon) at NE 39. 27-M.Bryant to 50 for 11 yards (19-E.St. Brown). CHI-76-T.Jenkins was injured during the play.",1.657,-4.317
2022,7,October 24,home,Chicago Bears,https://www.pro-football-reference.com/boxscores/202210240nwe.htm,2,07:34,1,10,MID 50,7,10,(7:34) 4-B.Zappe pass deep left to 1-D.Parker to CHI 7 for 43 yards (33-J.Johnson).,2.660,2.710
2022,7,October 24,home,Chicago Bears,https://www.pro-football-reference.com/boxscores/202210240nwe.htm,2,06:45,1,7,CHI 7,7,10,(6:45) 38-R.Stevenson left end to CHI 4 for 3 yards (64-M.Pennel; 58-R.Smith).,5.370,0.067
2022,7,October 24,home,Chicago Bears,https://www.pro-football-reference.com/boxscores/202210240nwe.htm,2,06:08,2,4,CHI 4,13,10,"(6:08) 38-R.Stevenson left end for 4 yards, TOUCHDOWN. CHI-64-M.Pennel was injured during the play.",5.437,1.563
2022,7,October 24,home,Chicago Bears,https://www.pro-football-reference.com/boxscores/202210240nwe.htm,2,06:04,,,CHI 15,14,10,"6-N.Folk extra point is GOOD, Center-49-J.Cardona, Holder-7-J.Bailey.",0.932,0.068
2022,7,October 24,home,Chicago Bears,https://www.pro-football-reference.com/boxscores/202210240nwe.htm,2,06:04,,,NE 35,14,10,"7-J.Bailey kicks 65 yards from NE 35 to end zone, Touchback.",0.976,0.000
2022,7,October 24,home,Chicago Bears,https://www.pro-football-reference.com/boxscores/202210240nwe.htm,2,06:04,1,10,CHI 25,14,10,(6:04) (Shotgun) 1-J.Fields up the middle to CHI 30 for 5 yards (8-J.Bentley).,0.976,0.035
2022,7,October 24,home,Chicago Bears,https://www.pro-football-reference.com/boxscores/202210240nwe.htm,2,05:33,2,5,CHI 30,14,10,(5:33) (Shotgun) 24-K.Herbert right guard to CHI 34 for 4 yards (50-R.McMillan).,1.010,0.223
2022,7,October 24,home,Chicago Bears,https://www.pro-football-reference.com/boxscores/202210240nwe.htm,2,05:12,3,1,CHI 34,14,10,(5:12) (No Huddle) 1-J.Fields up the middle to CHI 35 for 1 yard (93-L.Guy; 50-R.McMillan).,1.234,0.260
2022,7,October 24,home,Chicago Bears,https://www.pro-football-reference.com/boxscores/202210240nwe.htm,2,04:32,1,10,CHI 35,14,10,(4:32) (Shotgun) 24-K.Herbert up the middle to CHI 45 for 10 yards (32-D.McCourty).,1.494,0.576
2022,7,October 24,home,Chicago Bears,https://www.pro-football-reference.com/boxscores/202210240nwe.htm,2,03:50,1,10,CHI 45,14,10,(3:50) (Shotgun) 1-J.Fields pass short middle to 11-D.Mooney to NE 39 for 16 yards (8-J.Bentley; 3-J.Peppers).,2.070,0.950
2022,7,October 24,home,Chicago Bears,https://www.pro-football-reference.com/boxscores/202210240nwe.htm,2,03:12,1,10,NE 39,14,10,(3:12) (Shotgun) 1-J.Fields pass short right to 84-R.Griffin to NE 34 for 5 yards (58-A.Jennings; 8-J.Bentley).,3.020,0.048
2022,7,October 24,home,Chicago Bears,https://www.pro-football-reference.com/boxscores/202210240nwe.htm,2,02:33,2,5,NE 34,14,10,(2:33) (Shotgun) 1-J.Fields sacked ob at NE 34 for 0 yards (9-M.Judon).,3.068,-0.431
2022,7,October 24,home,Chicago Bears,https://www.pro-football-reference.com/boxscores/202210240nwe.htm,2,02:14,,,NE 34,14,10,Timeout #1 by NE at 02:14.,2.638,0.000
2022,7,October 24,home,Chicago Bears,https://www.pro-football-reference.com/boxscores/202210240nwe.htm,2,02:14,3,5,NE 34,14,10,(2:14) (Shotgun) 1-J.Fields left end pushed ob at NE 25 for 9 yards (32-D.McCourty).,2.638,1.282
2022,7,October 24,home,Chicago Bears,https://www.pro-football-reference.com/boxscores/202210240nwe.htm,2,02:00,1,10,NE 25,14,16,"(2:00) (Shotgun) 1-J.Fields pass short left to 24-K.Herbert for 25 yards, TOUCHDOWN [9-M.Judon].",3.920,3.080
2022,7,October 24,home,Chicago Bears,https://www.pro-football-reference.com/boxscores/202210240nwe.htm,2,01:54,,,NE 15,14,17,"2-C.Santos extra point is GOOD, Center-48-P.Scales, Holder-16-T.Gill.",0.932,0.068
2022,7,October 24,home,Chicago Bears,https://www.pro-football-reference.com/boxscores/202210240nwe.htm,2,01:54,,,CHI 35,14,17,2-C.Santos kicks 65 yards from CHI 35 to NE 0. 25-Ma.Jones to NE 27 for 27 yards (36-D.Houston-Carson).,0.699,0.086
2022,7,October 24,home,Chicago Bears,https://www.pro-football-reference.com/boxscores/202210240nwe.htm,2,01:49,1,10,NE 27,14,17,(1:49) (Shotgun) 4-B.Zappe pass incomplete deep left to 11-T.Thornton.,0.786,-0.271
2022,7,October 24,home,Chicago Bears,https://www.pro-football-reference.com/boxscores/202210240nwe.htm,2,01:44,2,10,NE 27,14,17,(1:44) (Shotgun) 4-B.Zappe pass short right to 1-D.Parker pushed ob at NE 39 for 12 yards (22-K.Vildor).,0.515,0.986
2022,7,October 24,home,Chicago Bears,https://www.pro-football-reference.com/boxscores/202210240nwe.htm,2,01:40,1,10,NE 39,14,17,"(1:40) (Shotgun) 4-B.Zappe FUMBLES (Aborted) at NE 35, RECOVERED by CHI-93-Ju.Jones at NE 37. 93-Ju.Jones to NE 37 for no gain (38-R.Stevenson).",1.501,-4.537
2022,7,October 24,home,Chicago Bears,https://www.pro-football-reference.com/boxscores/202210240nwe.htm,2,01:32,1,10,NE 37,14,17,(1:32) (Shotgun) 1-J.Fields left end ran ob at NE 33 for 4 yards (13-Ja.Jones).,3.036,0.107
2022,7,October 24,home,Chicago Bears,https://www.pro-football-reference.com/boxscores/202210240nwe.htm,2,01:26,2,6,NE 33,14,17,(1:26) (Shotgun) 1-J.Fields sacked at NE 41 for -8 yards (9-M.Judon).,3.143,-1.469
2022,7,October 24,home,Chicago Bears,https://www.pro-football-reference.com/boxscores/202210240nwe.htm,2,00:41,3,14,NE 41,14,17,(:41) (Shotgun) 1-J.Fields scrambles up the middle ran ob at NE 21 for 20 yards (13-Ja.Jones).,1.674,1.913
2022,7,October 24,home,Chicago Bears,https://www.pro-football-reference.com/boxscores/202210240nwe.htm,2,00:31,,,NE 21,14,17,Timeout #2 by NE at 00:31.,3.587,0.000
2022,7,October 24,home,Chicago Bears,https://www.pro-football-reference.com/boxscores/202210240nwe.htm,2,00:31,1,10,NE 21,14,17,"(:31) (Shotgun) 1-J.Fields sacked at NE 31 for -10 yards (58-A.Jennings). FUMBLES (58-A.Jennings), and recovers at NE 36. 1-J.Fields to NE 36 for no gain (9-M.Judon).",3.587,-1.734
2022,7,October 24,home,Chicago Bears,https://www.pro-football-reference.com/boxscores/202210240nwe.htm,2,00:24,,,NE 36,14,17,Timeout #1 by CHI at 00:24.,1.853,0.000
2022,7,October 24,home,Chicago Bears,https://www.pro-football-reference.com/boxscores/202210240nwe.htm,2,00:24,2,25,NE 36,14,17,(:24) (Shotgun) 1-J.Fields left guard to NE 27 for 9 yards (13-Ja.Jones).,1.853,0.102
2022,7,October 24,home,Chicago Bears,https://www.pro-football-reference.com/boxscores/202210240nwe.htm,2,00:19,,,,14,17,Timeout #2 by CHI at 00:19.,1.955,0.000
2022,7,October 24,home,Chicago Bears,https://www.pro-football-reference.com/boxscores/202210240nwe.htm,2,00:19,,,NE 27,14,17,Timeout #3 by NE at 00:19.,1.955,0.000
2022,7,October 24,home,Chicago Bears,https://www.pro-football-reference.com/boxscores/202210240nwe.htm,2,00:19,3,16,NE 27,14,17,(:19) (Shotgun) 1-J.Fields pass deep right to 11-D.Mooney pushed ob at NE 10 for 17 yards (27-M.Bryant).,1.955,0.945
2022,7,October 24,home,Chicago Bears,https://www.pro-football-reference.com/boxscores/202210240nwe.htm,2,00:11,1,10,NE 10,14,17,"(:11) (Shotgun) 1-J.Fields pass incomplete short right. PENALTY on NE-31-Jo.Jones, Defensive Holding, 5 yards, enforced at NE 10 - No Play.",2.900,0.049
2022,7,October 24,home,Chicago Bears,https://www.pro-football-reference.com/boxscores/202210240nwe.htm,2,00:03,1,5,NE 5,14,20,"(:03) 2-C.Santos 23 yard field goal is GOOD, Center-48-P.Scales, Holder-16-T.Gill.",2.950,0.050
2022,7,October 24,home,Chicago Bears,https://www.pro-football-reference.com/boxscores/202210240nwe.htm,3,15:00,,,NE 35,14,20,7-J.Bailey kicks 63 yards from NE 35 to CHI 2. 24-K.Herbert to CHI 24 for 22 yards (3-J.Peppers).,0.770,-0.229
2022,7,October 24,home,Chicago Bears,https://www.pro-football-reference.com/boxscores/202210240nwe.htm,3,14:53,1,10,CHI 24,14,20,(14:53) 24-K.Herbert left end pushed ob at CHI 28 for 4 yards (8-J.Bentley).,0.541,0.022
2022,7,October 24,home,Chicago Bears,https://www.pro-football-reference.com/boxscores/202210240nwe.htm,3,14:16,2,6,CHI 28,14,20,(14:16) (Shotgun) 1-J.Fields pass incomplete short right to 11-D.Mooney.,0.563,-0.813
2022,7,October 24,home,Chicago Bears,https://www.pro-football-reference.com/boxscores/202210240nwe.htm,3,14:13,3,6,CHI 28,14,20,"(14:13) (Shotgun) 1-J.Fields FUMBLES (Aborted) at CHI 23, and recovers at CHI 19. 1-J.Fields pushed ob at CHI 35 for 16 yards (31-Jo.Jones).",-0.250,1.637
2022,7,October 24,home,Chicago Bears,https://www.pro-football-reference.com/boxscores/202210240nwe.htm,3,13:35,1,10,CHI 35,14,20,(13:35) 18-D.Pettis right end ran ob at NE 36 for 29 yards (32-D.McCourty).,1.387,2.141
2022,7,October 24,home,Chicago Bears,https://www.pro-football-reference.com/boxscores/202210240nwe.htm,3,13:00,1,10,NE 36,14,20,(13:00) (Shotgun) 24-K.Herbert right end to NE 31 for 5 yards (31-Jo.Jones).,3.527,0.128
2022,7,October 24,home,Chicago Bears,https://www.pro-football-reference.com/boxscores/202210240nwe.htm,3,12:18,2,5,NE 31,14,20,(12:18) (Shotgun) 1-J.Fields pass short left to 19-E.St. Brown ran ob at NE 20 for 11 yards (2-J.Mills).,3.655,0.915
2022,7,October 24,home,Chicago Bears,https://www.pro-football-reference.com/boxscores/202210240nwe.htm,3,11:41,1,10,NE 20,14,20,"(11:41) (Shotgun) PENALTY on CHI-70-B.Jones, False Start, 5 yards, enforced at NE 20 - No Play.",4.571,-0.702
2022,7,October 24,home,Chicago Bears,https://www.pro-football-reference.com/boxscores/202210240nwe.htm,3,11:15,1,15,NE 25,14,20,(11:15) (Shotgun) 1-J.Fields right guard to NE 24 for 1 yard (58-A.Jennings).,3.869,-0.334
2022,7,October 24,home,Chicago Bears,https://www.pro-football-reference.com/boxscores/202210240nwe.htm,3,10:37,2,14,NE 24,14,20,(10:37) 24-K.Herbert right end pushed ob at NE 20 for 4 yards (48-J.Tavai; 31-Jo.Jones).,3.535,-0.150
2022,7,October 24,home,Chicago Bears,https://www.pro-football-reference.com/boxscores/202210240nwe.htm,3,09:56,3,10,NE 20,14,20,(9:56) (Shotgun) 1-J.Fields pass incomplete deep right to 19-E.St. Brown.,3.385,-0.872
2022,7,October 24,home,Chicago Bears,https://www.pro-football-reference.com/boxscores/202210240nwe.htm,3,09:51,4,10,NE 20,14,23,"(9:51) 2-C.Santos 38 yard field goal is GOOD, Center-48-P.Scales, Holder-16-T.Gill.",2.514,0.486
2022,7,October 24,home,Chicago Bears,https://www.pro-football-reference.com/boxscores/202210240nwe.htm,3,09:47,,,CHI 35,14,23,"2-C.Santos kicks 65 yards from CHI 35 to end zone, Touchback.",1.404,0.000
2022,7,October 24,home,Chicago Bears,https://www.pro-football-reference.com/boxscores/202210240nwe.htm,3,09:47,1,10,NE 25,14,23,(9:47) 37-D.Harris left guard to NE 29 for 4 yards (96-A.Watts).,1.404,-0.065
2022,7,October 24,home,Chicago Bears,https://www.pro-football-reference.com/boxscores/202210240nwe.htm,3,09:09,2,6,NE 29,14,23,(9:09) (Shotgun) 4-B.Zappe pass incomplete short right to 85-H.Henry (93-Ju.Jones).,1.338,-0.805
2022,7,October 24,home,Chicago Bears,https://www.pro-football-reference.com/boxscores/202210240nwe.htm,3,09:04,3,6,NE 29,14,23,(9:04) (Shotgun) 4-B.Zappe sacked at NE 21 for -8 yards (58-R.Smith).,0.533,-2.478
2022,7,October 24,home,Chicago Bears,https://www.pro-football-reference.com/boxscores/202210240nwe.htm,3,08:31,4,14,NE 21,14,23,"(8:31) 7-J.Bailey punts 44 yards to CHI 35, Center-49-J.Cardona. 18-D.Pettis MUFFS catch, and recovers at CHI 32. 18-D.Pettis pushed ob at CHI 35 for 3 yards (3-J.Peppers). PENALTY on CHI-29-D.Cruikshank, Offensive Holding, 10 yards, enforced at CHI 32.",-1.944,1.422
2022,7,October 24,home,Chicago Bears,https://www.pro-football-reference.com/boxscores/202210240nwe.htm,3,08:17,1,10,CHI 22,14,23,(8:17) (Shotgun) 1-J.Fields pass incomplete short left to 85-C.Kmet [48-J.Tavai].,0.522,-0.648
2022,7,October 24,home,Chicago Bears,https://www.pro-football-reference.com/boxscores/202210240nwe.htm,3,08:09,2,10,CHI 22,14,23,(8:09) 32-D.Montgomery right guard to CHI 25 for 3 yards (91-D.Wise; 92-D.Godchaux).,-0.126,-0.268
2022,7,October 24,home,Chicago Bears,https://www.pro-football-reference.com/boxscores/202210240nwe.htm,3,07:28,3,7,CHI 25,14,23,(7:28) (Shotgun) 1-J.Fields pass deep left to 85-C.Kmet pushed ob at NE 49 for 26 yards (32-D.McCourty).,-0.394,2.998
2022,7,October 24,home,Chicago Bears,https://www.pro-football-reference.com/boxscores/202210240nwe.htm,3,07:05,1,10,NE 49,14,23,"(7:05) (No Huddle, Shotgun) 32-D.Montgomery left guard to NE 43 for 6 yards (91-D.Wise).",2.604,0.162
2022,7,October 24,home,Chicago Bears,https://www.pro-football-reference.com/boxscores/202210240nwe.htm,3,06:26,2,4,NE 43,14,23,(6:26) (Shotgun) 32-D.Montgomery left tackle to NE 40 for 3 yards (91-D.Wise; 48-J.Tavai).,2.766,-0.033
2022,7,October 24,home,Chicago Bears,https://www.pro-football-reference.com/boxscores/202210240nwe.htm,3,05:49,3,1,NE 40,14,23,(5:49) 1-J.Fields up the middle to NE 39 for 1 yard (93-L.Guy).,2.733,0.557
2022,7,October 24,home,Chicago Bears,https://www.pro-football-reference.com/boxscores/202210240nwe.htm,3,05:06,1,10,NE 39,14,23,(5:06) 1-J.Fields pass incomplete deep right to 11-D.Mooney.,3.290,-0.586
2022,7,October 24,home,Chicago Bears,https://www.pro-football-reference.com/boxscores/202210240nwe.htm,3,05:00,2,10,NE 39,14,23,(5:00) (Shotgun) 32-D.Montgomery right tackle to NE 37 for 2 yards (93-L.Guy; 8-J.Bentley). NE-21-A.Phillips was injured during the play.,2.704,-0.728
2022,7,October 24,home,Chicago Bears,https://www.pro-football-reference.com/boxscores/202210240nwe.htm,3,04:35,3,8,NE 37,14,23,(4:35) (Shotgun) 32-D.Montgomery up the middle to NE 32 for 5 yards (92-D.Godchaux).,1.976,-0.611
2022,7,October 24,home,Chicago Bears,https://www.pro-football-reference.com/boxscores/202210240nwe.htm,3,03:54,4,3,NE 32,14,26,"(3:54) 2-C.Santos 50 yard field goal is GOOD, Center-48-P.Scales, Holder-16-T.Gill.",1.365,1.635
2022,7,October 24,home,Chicago Bears,https://www.pro-football-reference.com/boxscores/202210240nwe.htm,3,03:50,,,CHI 35,14,26,"2-C.Santos kicks 65 yards from CHI 35 to end zone, Touchback.",1.375,0.000
2022,7,October 24,home,Chicago Bears,https://www.pro-football-reference.com/boxscores/202210240nwe.htm,3,03:50,1,10,NE 25,14,26,"(3:50) (Shotgun) 4-B.Zappe pass short middle to 85-H.Henry to NE 31 for 6 yards (53-N.Morrow). PENALTY on NE-77-T.Brown, Tripping, 10 yards, enforced at NE 25 - No Play.",1.375,-1.175
2022,7,October 24,home,Chicago Bears,https://www.pro-football-reference.com/boxscores/202210240nwe.htm,3,03:29,1,20,NE 15,14,26,(3:29) (Shotgun) 4-B.Zappe pass short left to 38-R.Stevenson ran ob at NE 25 for 10 yards (9-J.Brisker).,0.200,0.600
2022,7,October 24,home,Chicago Bears,https://www.pro-football-reference.com/boxscores/202210240nwe.htm,3,02:58,2,10,NE 25,14,26,(2:58) (Shotgun) 4-B.Zappe pass short left to 38-R.Stevenson to NE 33 for 8 yards (58-R.Smith).,0.800,0.429
2022,7,October 24,home,Chicago Bears,https://www.pro-football-reference.com/boxscores/202210240nwe.htm,3,02:18,3,2,NE 33,14,26,(2:18) (Shotgun) 4-B.Zappe pass incomplete short right to 1-D.Parker (99-T.Gipson).,1.228,-1.723
2022,7,October 24,home,Chicago Bears,https://www.pro-football-reference.com/boxscores/202210240nwe.htm,3,02:13,4,2,NE 33,14,26,"(2:13) 7-J.Bailey punts 33 yards to CHI 34, Center-49-J.Cardona. 18-D.Pettis ran ob at NE 39 for 27 yards (3-J.Peppers).",-0.495,-2.763
2022,7,October 24,home,Chicago Bears,https://www.pro-football-reference.com/boxscores/202210240nwe.htm,3,02:01,1,10,NE 39,14,26,(2:01) (Shotgun) 24-K.Herbert up the middle to NE 35 for 4 yards (92-D.Godchaux).,3.258,-0.130
2022,7,October 24,home,Chicago Bears,https://www.pro-football-reference.com/boxscores/202210240nwe.htm,3,01:16,2,6,NE 35,14,26,(1:16) (Shotgun) 1-J.Fields pass short left to 18-D.Pettis to NE 33 for 2 yards (21-A.Phillips).,3.128,-0.276
2022,7,October 24,home,Chicago Bears,https://www.pro-football-reference.com/boxscores/202210240nwe.htm,3,00:37,3,4,NE 33,14,26,(:37) (Shotgun) 1-J.Fields pass short left to 19-E.St. Brown pushed ob at NE 26 for 7 yards (2-J.Mills).,2.851,1.339
2022,7,October 24,home,Chicago Bears,https://www.pro-football-reference.com/boxscores/202210240nwe.htm,4,15:00,1,10,NE 26,14,26,(15:00) (Shotgun) 24-K.Herbert up the middle to NE 23 for 3 yards (93-L.Guy; 92-D.Godchaux).,4.190,-0.192
2022,7,October 24,home,Chicago Bears,https://www.pro-football-reference.com/boxscores/202210240nwe.htm,4,14:23,2,7,NE 23,14,26,(14:23) 24-K.Herbert left end pushed ob at NE 17 for 6 yards (2-J.Mills).,3.998,0.393
2022,7,October 24,home,Chicago Bears,https://www.pro-football-reference.com/boxscores/202210240nwe.htm,4,13:46,3,1,NE 17,14,26,"(13:46) 32-D.Montgomery left guard to NE 5 for 12 yards (8-J.Bentley, 93-L.Guy).",4.391,1.300
2022,7,October 24,home,Chicago Bears,https://www.pro-football-reference.com/boxscores/202210240nwe.htm,4,13:03,1,5,NE 5,14,26,(13:03) 32-D.Montgomery left tackle to NE 1 for 4 yards (48-J.Tavai). NE-8-J.Bentley was injured during the play.,5.692,0.401
2022,7,October 24,home,Chicago Bears,https://www.pro-football-reference.com/boxscores/202210240nwe.htm,4,12:17,2,1,NE 1,14,32,"(12:17) 71-R.Reiff reported in as eligible.  32-D.Montgomery left tackle for 1 yard, TOUCHDOWN.",6.092,0.908
2022,7,October 24,home,Chicago Bears,https://www.pro-football-reference.com/boxscores/202210240nwe.htm,4,12:13,,,NE 15,14,33,"2-C.Santos extra point is GOOD, Center-48-P.Scales, Holder-16-T.Gill.",0.932,0.068
2022,7,October 24,home,Chicago Bears,https://www.pro-football-reference.com/boxscores/202210240nwe.htm,4,12:13,,,CHI 35,14,33,2-C.Santos kicks 67 yards from CHI 35 to NE -2. 25-Ma.Jones to NE 18 for 20 yards (50-S.Weatherford). NE-25-Ma.Jones was injured during the play.,1.254,-0.558
2022,7,October 24,home,Chicago Bears,https://www.pro-football-reference.com/boxscores/202210240nwe.htm,4,12:08,1,10,NE 18,14,33,(12:08) (Shotgun) 4-B.Zappe pass short left to 38-R.Stevenson to NE 28 for 10 yards (58-R.Smith; 53-N.Morrow).,0.696,0.670
2022,7,October 24,home,Chicago Bears,https://www.pro-football-reference.com/boxscores/202210240nwe.htm,4,11:29,1,10,NE 28,14,33,(11:29) (Shotgun) 38-R.Stevenson up the middle to NE 33 for 5 yards (58-R.Smith).,1.367,0.041
2022,7,October 24,home,Chicago Bears,https://www.pro-football-reference.com/boxscores/202210240nwe.htm,4,10:54,2,5,NE 33,14,33,(10:54) (Shotgun) 4-B.Zappe pass short right to 38-R.Stevenson to NE 35 for 2 yards (33-J.Johnson).,1.408,-0.544
2022,7,October 24,home,Chicago Bears,https://www.pro-football-reference.com/boxscores/202210240nwe.htm,4,10:13,3,3,NE 35,14,33,(10:13) (Shotgun) 4-B.Zappe pass short right to 16-J.Meyers to NE 39 for 4 yards (4-E.Jackson).,0.864,1.123
2022,7,October 24,home,Chicago Bears,https://www.pro-football-reference.com/boxscores/202210240nwe.htm,4,09:37,1,10,NE 39,14,33,(9:37) (Shotgun) 38-R.Stevenson up the middle to NE 43 for 4 yards (93-Ju.Jones).,1.986,-0.041
2022,7,October 24,home,Chicago Bears,https://www.pro-football-reference.com/boxscores/202210240nwe.htm,4,09:01,2,6,NE 43,14,33,"(9:01) (Shotgun) 4-B.Zappe pass short right to 1-D.Parker to CHI 44 for 13 yards (53-N.Morrow, 9-J.Brisker).",1.945,1.006
2022,7,October 24,home,Chicago Bears,https://www.pro-football-reference.com/boxscores/202210240nwe.htm,4,08:28,1,10,CHI 44,14,33,"(8:28) (No Huddle, Shotgun) 4-B.Zappe pass incomplete short right to 81-J.Smith.",2.952,-0.421
2022,7,October 24,home,Chicago Bears,https://www.pro-football-reference.com/boxscores/202210240nwe.htm,4,08:24,2,10,CHI 44,14,33,"(8:24) (Shotgun) 4-B.Zappe scrambles right end ran ob at CHI 42 for 2 yards (22-K.Vildor). PENALTY on NE-69-C.Strange, Offensive Holding, 10 yards, enforced at CHI 44 - No Play.",2.530,-0.847
2022,7,October 24,home,Chicago Bears,https://www.pro-football-reference.com/boxscores/202210240nwe.htm,4,08:00,2,20,NE 46,14,33,"(8:00) (Shotgun) 4-B.Zappe pass short middle intended for 15-N.Agholor INTERCEPTED by 58-R.Smith (91-D.Robinson) at CHI 48. 58-R.Smith ran ob at NE 37 for 15 yards (69-C.Strange). PENALTY on CHI-64-M.Pennel, Disqualification, 15 yards, enforced at NE 48. CHI 64-M.Pennel disqualified.",1.683,-3.526
2022,7,October 24,home,Chicago Bears,https://www.pro-football-reference.com/boxscores/202210240nwe.htm,4,07:50,1,10,CHI 37,14,33,(7:50) 24-K.Herbert left guard to 50 for 13 yards (32-D.McCourty).,1.843,0.769
2022,7,October 24,home,Chicago Bears,https://www.pro-football-reference.com/boxscores/202210240nwe.htm,4,07:01,1,10,MID 50,14,33,(7:01) 24-K.Herbert left guard to NE 46 for 4 yards (48-J.Tavai; 58-A.Jennings).,2.612,-0.083
2022,7,October 24,home,Chicago Bears,https://www.pro-football-reference.com/boxscores/202210240nwe.htm,4,06:14,2,6,NE 46,14,33,(6:14) (Shotgun) 24-K.Herbert up the middle to NE 45 for 1 yard (3-J.Peppers; 93-L.Guy).,2.529,-0.443
2022,7,October 24,home,Chicago Bears,https://www.pro-football-reference.com/boxscores/202210240nwe.htm,4,05:29,3,5,NE 45,14,33,(5:29) 24-K.Herbert left guard to NE 41 for 4 yards (93-L.Guy).,2.086,-0.708
2022,7,October 24,home,Chicago Bears,https://www.pro-football-reference.com/boxscores/202210240nwe.htm,4,04:41,4,1,NE 41,14,33,"(4:41) (Run formation) PENALTY on CHI, Delay of Game, 5 yards, enforced at NE 41 - No Play.",1.378,-1.166
2022,7,October 24,home,Chicago Bears,https://www.pro-football-reference.com/boxscores/202210240nwe.htm,4,04:41,4,6,NE 46,14,33,"(4:41) 16-T.Gill punts 35 yards to NE 11, Center-48-P.Scales. 25-Ma.Jones to NE 14 for 3 yards (39-J.Blackwell).",0.212,-0.403
2022,7,October 24,home,Chicago Bears,https://www.pro-football-reference.com/boxscores/202210240nwe.htm,4,04:33,1,10,NE 14,14,33,(4:33) (Shotgun) 4-B.Zappe pass incomplete short middle to 11-T.Thornton (93-Ju.Jones).,0.192,-0.476
2022,7,October 24,home,Chicago Bears,https://www.pro-football-reference.com/boxscores/202210240nwe.htm,4,04:28,2,10,NE 14,14,33,(4:28) (Shotgun) 4-B.Zappe pass short left to 38-R.Stevenson to NE 23 for 9 yards (53-N.Morrow).,-0.285,0.665
2022,7,October 24,home,Chicago Bears,https://www.pro-football-reference.com/boxscores/202210240nwe.htm,4,04:04,3,1,NE 23,14,33,"(4:04) (No Huddle, Shotgun) 4-B.Zappe pass deep right to 11-T.Thornton to NE 42 for 19 yards (4-E.Jackson).",0.380,1.370
2022,7,October 24,home,Chicago Bears,https://www.pro-football-reference.com/boxscores/202210240nwe.htm,4,03:44,1,10,NE 42,14,33,"(3:44) (No Huddle, Shotgun) 4-B.Zappe pass short left to 38-R.Stevenson to NE 43 for 1 yard (90-A.Blackson).",1.750,-0.501
2022,7,October 24,home,Chicago Bears,https://www.pro-football-reference.com/boxscores/202210240nwe.htm,4,03:21,2,9,NE 43,14,33,"(3:21) (No Huddle, Shotgun) 38-R.Stevenson up the middle to 50 for 7 yards (93-Ju.Jones; 58-R.Smith).",1.249,0.528
2022,7,October 24,home,Chicago Bears,https://www.pro-football-reference.com/boxscores/202210240nwe.htm,4,02:59,3,2,MID 50,14,33,"(2:59) (No Huddle, Shotgun) 4-B.Zappe pass incomplete deep left to 1-D.Parker.",1.777,-1.577
2022,7,October 24,home,Chicago Bears,https://www.pro-football-reference.com/boxscores/202210240nwe.htm,4,02:52,4,2,MID 50,14,33,(2:52) (Shotgun) 4-B.Zappe pass short left intended for 11-T.Thornton INTERCEPTED by 6-K.Gordon at CHI 48. 6-K.Gordon pushed ob at NE 10 for 42 yards (11-T.Thornton).,0.201,-4.962
2022,7,October 24,home,Chicago Bears,https://www.pro-football-reference.com/boxscores/202210240nwe.htm,4,02:40,1,10,NE 10,14,33,(2:40) 25-T.Ebner up the middle to NE 5 for 5 yards (8-J.Bentley; 98-Ca.Davis).,4.761,0.417
2022,7,October 24,home,Chicago Bears,https://www.pro-football-reference.com/boxscores/202210240nwe.htm,4,02:00,2,5,NE 5,14,33,(2:00) (Shotgun) 25-T.Ebner up the middle to NE 3 for 2 yards (93-L.Guy; 27-M.Bryant).,5.179,-0.513
2022,7,October 24,home,Chicago Bears,https://www.pro-football-reference.com/boxscores/202210240nwe.htm,4,01:15,3,3,NE 3,14,33,(1:15) (Shotgun) 25-T.Ebner left guard to NE 2 for 1 yard (92-D.Godchaux; 58-A.Jennings).,4.665,-1.700
2022,7,October 24,home,Chicago Bears,https://www.pro-football-reference.com/boxscores/202210240nwe.htm,4,00:27,4,2,NE 2,14,33,(:27) 1-J.Fields kneels to NE 3 for -1 yards.,2.965,-2.965
2022,7,October 24,home,Chicago Bears,https://www.pro-football-reference.com/boxscores/202210240nwe.htm,4,00:25,1,10,NE 3,14,33,(:25) 4-B.Zappe kneels to NE 2 for -1 yards.,0.000,0.000
2022,8,October 30,away,New York Jets,https://www.pro-football-reference.com/boxscores/202210300nyj.htm,1,15:00,,,NE 35,0,0,"7-J.Bailey kicks 68 yards from NE 35 to NYJ -3. 10-B.Berrios to NYJ 18 for 21 yards (35-P.Strong, 24-J.Bledsoe).",1.474,-0.606
2022,8,October 30,away,New York Jets,https://www.pro-football-reference.com/boxscores/202210300nyj.htm,1,14:56,1,10,NYJ 18,0,0,(14:56) (Shotgun) 32-Mi.Carter up the middle to NYJ 23 for 5 yards (92-D.Godchaux; 8-J.Bentley).,0.868,-0.035
2022,8,October 30,away,New York Jets,https://www.pro-football-reference.com/boxscores/202210300nyj.htm,1,14:19,2,5,NYJ 23,0,0,(14:19) (Shotgun) 2-Z.Wilson pass incomplete short right to 32-Mi.Carter.,0.833,-0.884
2022,8,October 30,away,New York Jets,https://www.pro-football-reference.com/boxscores/202210300nyj.htm,1,14:16,3,5,NYJ 23,0,0,(14:16) (Shotgun) 2-Z.Wilson pass incomplete deep left to 11-D.Mims.,-0.051,-1.463
2022,8,October 30,away,New York Jets,https://www.pro-football-reference.com/boxscores/202210300nyj.htm,1,14:11,4,5,NYJ 23,0,0,"(14:11) 7-B.Mann punts 22 yards to NYJ 45, Center-42-T.Hennessy, out of bounds.",-1.514,-1.332
2022,8,October 30,away,New York Jets,https://www.pro-football-reference.com/boxscores/202210300nyj.htm,1,14:05,1,10,NYJ 45,0,0,(14:05) (Shotgun) 10-M.Jones pass incomplete short left to 1-D.Parker (4-D.Reed).,2.846,-0.519
2022,8,October 30,away,New York Jets,https://www.pro-football-reference.com/boxscores/202210300nyj.htm,1,14:02,2,10,NYJ 45,0,0,(14:02) 37-D.Harris left guard to NYJ 46 for -1 yards (56-Qu.Williams).,2.327,-1.308
2022,8,October 30,away,New York Jets,https://www.pro-football-reference.com/boxscores/202210300nyj.htm,1,13:23,3,11,NYJ 46,0,0,(13:23) (Shotgun) 10-M.Jones sacked at NYJ 48 for -2 yards (58-C.Lawson).,1.019,-1.796
2022,8,October 30,away,New York Jets,https://www.pro-football-reference.com/boxscores/202210300nyj.htm,1,12:49,4,13,NYJ 48,0,0,"(12:49) 7-J.Bailey punts 40 yards to NYJ 8, Center-49-J.Cardona, fair catch by 10-B.Berrios.",-0.777,0.570
2022,8,October 30,away,New York Jets,https://www.pro-football-reference.com/boxscores/202210300nyj.htm,1,12:43,1,10,NYJ 8,0,0,"(12:43) 23-J.Robinson right tackle to NYJ 9 for 1 yard (2-J.Mills, 92-D.Godchaux).",0.206,-0.479
2022,8,October 30,away,New York Jets,https://www.pro-football-reference.com/boxscores/202210300nyj.htm,1,11:59,2,9,NYJ 9,0,0,(11:59) (Shotgun) 2-Z.Wilson pass short right to 32-Mi.Carter pushed ob at NYJ 13 for 4 yards (55-J.Uche).,-0.273,-0.424
2022,8,October 30,away,New York Jets,https://www.pro-football-reference.com/boxscores/202210300nyj.htm,1,11:23,3,5,NYJ 13,0,0,"(11:23) (Shotgun) 2-Z.Wilson pass short left to 83-T.Conklin pushed ob at NYJ 29 for 16 yards (2-J.Mills, 32-D.McCourty).",-0.696,2.447
2022,8,October 30,away,New York Jets,https://www.pro-football-reference.com/boxscores/202210300nyj.htm,1,10:47,1,10,NYJ 29,0,0,(10:47) 2-Z.Wilson pass incomplete short left to 83-T.Conklin.,1.750,-0.544
2022,8,October 30,away,New York Jets,https://www.pro-football-reference.com/boxscores/202210300nyj.htm,1,10:43,2,10,NYJ 29,0,0,"(10:43) (Shotgun) 23-J.Robinson left guard to NYJ 34 for 5 yards (92-D.Godchaux, 9-M.Judon).",1.207,-0.383
2022,8,October 30,away,New York Jets,https://www.pro-football-reference.com/boxscores/202210300nyj.htm,1,10:03,3,5,NYJ 34,0,0,(10:03) (Shotgun) 2-Z.Wilson pass deep right to 17-G.Wilson to NE 12 for 54 yards (2-J.Mills).,0.824,4.419
2022,8,October 30,away,New York Jets,https://www.pro-football-reference.com/boxscores/202210300nyj.htm,1,09:14,1,10,NE 12,0,0,"(9:14) (Shotgun) 2-Z.Wilson left end to NE 10 for 2 yards (32-D.McCourty, 9-M.Judon).",5.243,-0.440
2022,8,October 30,away,New York Jets,https://www.pro-football-reference.com/boxscores/202210300nyj.htm,1,08:30,2,8,NE 10,0,0,(8:30) (Shotgun) 2-Z.Wilson pass incomplete short middle to 32-Mi.Carter (21-A.Phillips).,4.802,-0.781
2022,8,October 30,away,New York Jets,https://www.pro-football-reference.com/boxscores/202210300nyj.htm,1,08:23,3,8,NE 10,0,0,(8:23) (Shotgun) 2-Z.Wilson pass incomplete short middle.,4.021,-1.152
2022,8,October 30,away,New York Jets,https://www.pro-football-reference.com/boxscores/202210300nyj.htm,1,08:17,4,8,NE 10,0,3,"(8:17) 6-G.Zuerlein 28 yard field goal is GOOD, Center-42-T.Hennessy, Holder-7-B.Mann.",2.869,0.131
2022,8,October 30,away,New York Jets,https://www.pro-football-reference.com/boxscores/202210300nyj.htm,1,08:14,,,NYJ 35,0,3,"7-B.Mann kicks 65 yards from NYJ 35 to end zone, Touchback.",0.875,0.000
2022,8,October 30,away,New York Jets,https://www.pro-football-reference.com/boxscores/202210300nyj.htm,1,08:14,1,10,NE 25,0,3,(8:14) 61-M.Cannon reported in as eligible.  38-R.Stevenson left tackle to NE 39 for 14 yards (57-C.Mosley).,0.875,0.887
2022,8,October 30,away,New York Jets,https://www.pro-football-reference.com/boxscores/202210300nyj.htm,1,07:39,1,10,NE 39,0,3,(7:39) (Shotgun) 10-M.Jones sacked at NE 34 for -5 yards (91-J.Franklin-Myers).,1.762,-1.208
2022,8,October 30,away,New York Jets,https://www.pro-football-reference.com/boxscores/202210300nyj.htm,1,06:57,2,15,NE 34,0,3,(6:57) (Shotgun) 10-M.Jones pass short left to 38-R.Stevenson pushed ob at NE 39 for 5 yards (95-Q.Williams).,0.553,-0.158
2022,8,October 30,away,New York Jets,https://www.pro-football-reference.com/boxscores/202210300nyj.htm,1,06:19,3,10,NE 39,0,3,(6:19) (Shotgun) 10-M.Jones pass short left to 16-J.Meyers to NYJ 45 for 16 yards (30-M.Carter).,0.395,2.476
2022,8,October 30,away,New York Jets,https://www.pro-football-reference.com/boxscores/202210300nyj.htm,1,05:48,1,10,NYJ 45,0,3,"(5:48) 38-R.Stevenson left tackle to NYJ 46 for -1 yards (57-C.Mosley, 56-Qu.Williams). Penalty on NE, Illegal Formation, declined.",2.871,-0.880
2022,8,October 30,away,New York Jets,https://www.pro-football-reference.com/boxscores/202210300nyj.htm,1,05:29,2,11,NYJ 46,0,3,(5:29) 10-M.Jones pass incomplete short middle.,1.991,-0.966
2022,8,October 30,away,New York Jets,https://www.pro-football-reference.com/boxscores/202210300nyj.htm,1,05:23,3,11,NYJ 46,0,3,(5:23) (Shotgun) 10-M.Jones pass short right to 16-J.Meyers ran ob at NYJ 33 for 13 yards (3-J.Whitehead).,1.025,2.625
2022,8,October 30,away,New York Jets,https://www.pro-football-reference.com/boxscores/202210300nyj.htm,1,04:43,1,10,NYJ 33,0,3,(4:43) (Shotgun) 10-M.Jones pass short left to 15-N.Agholor to NYJ 31 for 2 yards (30-M.Carter).,3.650,-0.316
2022,8,October 30,away,New York Jets,https://www.pro-football-reference.com/boxscores/202210300nyj.htm,1,04:05,2,8,NYJ 31,0,3,(4:05) 61-M.Cannon reported in as eligible.  38-R.Stevenson left guard to NYJ 28 for 3 yards (57-C.Mosley; 58-C.Lawson).,3.334,-0.140
2022,8,October 30,away,New York Jets,https://www.pro-football-reference.com/boxscores/202210300nyj.htm,1,03:21,3,5,NYJ 28,0,3,(3:21) (Shotgun) 10-M.Jones scrambles up the middle to NYJ 19 for 9 yards (57-C.Mosley).,3.194,1.396
2022,8,October 30,away,New York Jets,https://www.pro-football-reference.com/boxscores/202210300nyj.htm,1,02:41,1,10,NYJ 19,0,3,(2:41) 37-D.Harris right guard pushed ob at NYJ 8 for 11 yards (4-D.Reed).,4.590,0.744
2022,8,October 30,away,New York Jets,https://www.pro-football-reference.com/boxscores/202210300nyj.htm,1,02:07,1,8,NYJ 8,0,3,(2:07) (Shotgun) 10-M.Jones sacked at NYJ 16 for -8 yards (97-N.Shepherd).,5.334,-1.592
2022,8,October 30,away,New York Jets,https://www.pro-football-reference.com/boxscores/202210300nyj.htm,1,01:25,2,16,NYJ 16,0,3,"(1:25) (Shotgun) 10-M.Jones pass short left to 81-J.Smith to NYJ 18 for -2 yards (1-A.Gardner, 98-S.Rankins).",3.742,-0.744
2022,8,October 30,away,New York Jets,https://www.pro-football-reference.com/boxscores/202210300nyj.htm,1,00:44,3,18,NYJ 18,0,3,(:44) 38-R.Stevenson up the middle to NYJ 13 for 5 yards (56-Qu.Williams).,2.998,-0.181
2022,8,October 30,away,New York Jets,https://www.pro-football-reference.com/boxscores/202210300nyj.htm,1,00:04,4,13,NYJ 13,3,3,"(:04) 6-N.Folk 31 yard field goal is GOOD, Center-49-J.Cardona, Holder-7-J.Bailey.",2.817,0.183
2022,8,October 30,away,New York Jets,https://www.pro-football-reference.com/boxscores/202210300nyj.htm,2,15:00,,,NE 35,3,3,"7-J.Bailey kicks 65 yards from NE 35 to end zone, Touchback.",1.241,0.000
2022,8,October 30,away,New York Jets,https://www.pro-football-reference.com/boxscores/202210300nyj.htm,2,15:00,1,10,NYJ 25,3,3,(15:00) (Shotgun) 2-Z.Wilson pass short middle to 17-G.Wilson to NYJ 48 for 23 yards (32-D.McCourty; 3-J.Peppers).,1.241,1.417
2022,8,October 30,away,New York Jets,https://www.pro-football-reference.com/boxscores/202210300nyj.htm,2,14:14,1,10,NYJ 48,3,3,(14:14) 2-Z.Wilson pass short right to 17-G.Wilson pushed ob at NE 42 for 10 yards (13-Ja.Jones).,2.657,0.524
2022,8,October 30,away,New York Jets,https://www.pro-football-reference.com/boxscores/202210300nyj.htm,2,13:52,1,10,NE 42,3,3,"(13:52) (No Huddle, Shotgun) 2-Z.Wilson pass short right to 32-Mi.Carter pushed ob at NE 25 for 17 yards (50-R.McMillan). PENALTY on NE-3-J.Peppers, Unnecessary Roughness, 13 yards, enforced at NE 25.",3.181,1.915
2022,8,October 30,away,New York Jets,https://www.pro-football-reference.com/boxscores/202210300nyj.htm,2,13:25,1,10,NE 12,3,3,(13:25) (Shotgun) 25-T.Johnson right guard to NE 8 for 4 yards (13-Ja.Jones).,5.097,-0.108
2022,8,October 30,away,New York Jets,https://www.pro-football-reference.com/boxscores/202210300nyj.htm,2,12:52,2,6,NE 8,3,3,(12:52) 32-Mi.Carter left end to NE 8 for no gain (21-A.Phillips).,4.989,-0.839
2022,8,October 30,away,New York Jets,https://www.pro-football-reference.com/boxscores/202210300nyj.htm,2,12:04,3,6,NE 8,3,9,"(12:04) (Shotgun) 2-Z.Wilson pass short left to 83-T.Conklin for 8 yards, TOUCHDOWN.",4.149,2.851
2022,8,October 30,away,New York Jets,https://www.pro-football-reference.com/boxscores/202210300nyj.htm,2,12:00,,,NE 15,3,10,"6-G.Zuerlein extra point is GOOD, Center-42-T.Hennessy, Holder-7-B.Mann.",0.932,0.068
2022,8,October 30,away,New York Jets,https://www.pro-football-reference.com/boxscores/202210300nyj.htm,2,12:00,,,NYJ 35,3,10,"7-B.Mann kicks 65 yards from NYJ 35 to end zone, Touchback.",0.997,0.000
2022,8,October 30,away,New York Jets,https://www.pro-football-reference.com/boxscores/202210300nyj.htm,2,12:00,1,10,NE 25,3,10,(12:00) (Shotgun) 10-M.Jones pass short middle to 38-R.Stevenson to NE 29 for 4 yards (9-K.Alexander).,0.997,-0.086
2022,8,October 30,away,New York Jets,https://www.pro-football-reference.com/boxscores/202210300nyj.htm,2,11:27,2,6,NE 29,3,10,(11:27) 37-D.Harris left end pushed ob at NE 27 for -2 yards (9-K.Alexander).,0.911,-1.043
2022,8,October 30,away,New York Jets,https://www.pro-football-reference.com/boxscores/202210300nyj.htm,2,10:54,3,8,NE 27,3,10,(10:54) (Shotgun) 10-M.Jones pass short middle to 38-R.Stevenson to NE 49 for 22 yards (3-J.Whitehead; 9-K.Alexander).,-0.131,2.623
2022,8,October 30,away,New York Jets,https://www.pro-football-reference.com/boxscores/202210300nyj.htm,2,10:16,1,10,NE 49,3,10,(10:16) 61-M.Cannon reported in as eligible.  10-M.Jones pass incomplete short right.,2.492,-0.482
2022,8,October 30,away,New York Jets,https://www.pro-football-reference.com/boxscores/202210300nyj.htm,2,10:11,2,10,NE 49,3,10,(10:11) (Shotgun) 37-D.Harris right tackle to 50 for 1 yard (91-J.Franklin-Myers).,2.010,-0.780
2022,8,October 30,away,New York Jets,https://www.pro-football-reference.com/boxscores/202210300nyj.htm,2,09:33,3,9,MID 50,3,10,(9:33) (Shotgun) 10-M.Jones pass deep left intended for 84-K.Bourne INTERCEPTED by 30-M.Carter (47-B.Huff) at NYJ 24. 30-M.Carter to NYJ 24 for no gain (16-J.Meyers).,1.230,-2.187
2022,8,October 30,away,New York Jets,https://www.pro-football-reference.com/boxscores/202210300nyj.htm,2,09:24,1,10,NYJ 24,3,10,(9:24) 23-J.Robinson left tackle to NYJ 31 for 7 yards (8-J.Bentley; 21-A.Phillips).,0.957,0.373
2022,8,October 30,away,New York Jets,https://www.pro-football-reference.com/boxscores/202210300nyj.htm,2,08:49,2,3,NYJ 31,3,10,"(8:49) (No Huddle, Shotgun) 2-Z.Wilson pass short middle to 17-G.Wilson to NYJ 33 for 2 yards (3-J.Peppers).",1.330,0.088
2022,8,October 30,away,New York Jets,https://www.pro-football-reference.com/boxscores/202210300nyj.htm,2,08:04,3,1,NYJ 33,3,10,(8:04) (Shotgun) 2-Z.Wilson pass incomplete short right to 8-E.Moore (91-D.Wise).,1.418,-1.671
2022,8,October 30,away,New York Jets,https://www.pro-football-reference.com/boxscores/202210300nyj.htm,2,08:00,4,1,NYJ 33,3,10,"(8:00) 7-B.Mann punts 67 yards to end zone, Center-42-T.Hennessy, Touchback. PENALTY on NE-35-P.Strong, Illegal Block Above the Waist, 11 yards, enforced at NE 20.",-0.253,0.168
2022,8,October 30,away,New York Jets,https://www.pro-football-reference.com/boxscores/202210300nyj.htm,2,07:49,1,10,NE 9,3,10,(7:49) 10-M.Jones pass short right to 16-J.Meyers to NE 7 for -2 yards (1-A.Gardner).,0.086,-1.092
2022,8,October 30,away,New York Jets,https://www.pro-football-reference.com/boxscores/202210300nyj.htm,2,07:08,2,12,NE 7,3,10,(7:08) (Shotgun) 10-M.Jones pass short middle to 37-D.Harris to NE 14 for 7 yards (57-C.Mosley).,-1.006,0.292
2022,8,October 30,away,New York Jets,https://www.pro-football-reference.com/boxscores/202210300nyj.htm,2,06:24,3,5,NE 14,3,10,"(6:24) (Shotgun) 10-M.Jones scrambles left end to NE 19 for 5 yards (57-C.Mosley). PENALTY on NYJ-57-C.Mosley, Unnecessary Roughness, 15 yards, enforced at NE 19.",-0.714,2.278
2022,8,October 30,away,New York Jets,https://www.pro-football-reference.com/boxscores/202210300nyj.htm,2,06:10,1,10,NE 34,3,10,"(6:10) 38-R.Stevenson left tackle to NE 43 for 9 yards (72-M.Clemons). PENALTY on NE-69-C.Strange, Offensive Holding, 10 yards, enforced at NE 35.",1.564,-0.982
2022,8,October 30,away,New York Jets,https://www.pro-football-reference.com/boxscores/202210300nyj.htm,2,05:48,1,19,NE 25,3,10,(5:48) (Shotgun) 10-M.Jones scrambles left end pushed ob at NE 37 for 12 yards (4-D.Reed).,0.581,0.686
2022,8,October 30,away,New York Jets,https://www.pro-football-reference.com/boxscores/202210300nyj.htm,2,05:28,2,7,NE 37,3,10,(5:28) (Shotgun) 10-M.Jones pass incomplete short middle to 81-J.Smith (57-C.Mosley).,1.268,-0.611
2022,8,October 30,away,New York Jets,https://www.pro-football-reference.com/boxscores/202210300nyj.htm,2,05:24,3,7,NE 37,3,10,(5:24) (Shotgun) 10-M.Jones pass short middle to 81-J.Smith to NE 44 for 7 yards (30-M.Carter).,0.657,1.441
2022,8,October 30,away,New York Jets,https://www.pro-football-reference.com/boxscores/202210300nyj.htm,2,04:37,1,10,NE 44,3,10,(4:37) 37-D.Harris up the middle to NE 48 for 4 yards (91-J.Franklin-Myers; 95-Q.Williams).,2.097,-0.199
2022,8,October 30,away,New York Jets,https://www.pro-football-reference.com/boxscores/202210300nyj.htm,2,04:00,2,6,NE 48,3,10,(4:00) 10-M.Jones pass deep right to 85-H.Henry to NYJ 30 for 22 yards (30-M.Carter).,1.899,1.672
2022,8,October 30,away,New York Jets,https://www.pro-football-reference.com/boxscores/202210300nyj.htm,2,03:33,1,10,NYJ 30,3,10,"(3:33) PENALTY on NE, Offensive Too Many Men on Field, 5 yards, enforced at NYJ 30 - No Play.",3.571,-0.632
2022,8,October 30,away,New York Jets,https://www.pro-football-reference.com/boxscores/202210300nyj.htm,2,03:11,1,15,NYJ 35,3,10,(3:11) (Shotgun) 10-M.Jones pass incomplete short left to 11-T.Thornton.,2.939,-0.484
2022,8,October 30,away,New York Jets,https://www.pro-football-reference.com/boxscores/202210300nyj.htm,2,03:06,2,15,NYJ 35,3,10,(3:06) (Shotgun) 10-M.Jones pass short right to 38-R.Stevenson to NYJ 22 for 13 yards (1-A.Gardner; 29-L.Joyner).,2.454,1.138
2022,8,October 30,away,New York Jets,https://www.pro-football-reference.com/boxscores/202210300nyj.htm,2,02:26,3,2,NYJ 22,3,10,(2:26) (Shotgun) 37-D.Harris up the middle to NYJ 21 for 1 yard (97-N.Shepherd).,3.592,-0.784
2022,8,October 30,away,New York Jets,https://www.pro-football-reference.com/boxscores/202210300nyj.htm,2,02:00,4,1,NYJ 21,3,10,(2:00) (Shotgun) 10-M.Jones pass incomplete short left to 16-J.Meyers.,2.809,-3.422
2022,8,October 30,away,New York Jets,https://www.pro-football-reference.com/boxscores/202210300nyj.htm,2,01:55,1,10,NYJ 21,3,10,"(1:55) (Shotgun) 32-Mi.Carter right guard to NYJ 25 for 4 yards (3-J.Peppers, 92-D.Godchaux).",0.614,-0.028
2022,8,October 30,away,New York Jets,https://www.pro-football-reference.com/boxscores/202210300nyj.htm,2,01:21,2,6,NYJ 25,3,10,(1:21) (Shotgun) 2-Z.Wilson pass short right to 83-T.Conklin pushed ob at NYJ 35 for 10 yards (31-Jo.Jones).,0.585,0.487
2022,8,October 30,away,New York Jets,https://www.pro-football-reference.com/boxscores/202210300nyj.htm,2,01:16,1,10,NYJ 35,3,10,(1:16) (Shotgun) 2-Z.Wilson pass short left to 32-Mi.Carter to NYJ 43 for 8 yards (25-Ma.Jones).,1.072,0.511
2022,8,October 30,away,New York Jets,https://www.pro-football-reference.com/boxscores/202210300nyj.htm,2,00:56,2,2,NYJ 43,3,10,"(:56) (No Huddle, Shotgun) 2-Z.Wilson pass incomplete short left to 17-G.Wilson.",1.583,-0.585
2022,8,October 30,away,New York Jets,https://www.pro-football-reference.com/boxscores/202210300nyj.htm,2,00:48,3,2,NYJ 43,3,10,"(:48) (Shotgun) 2-Z.Wilson pass short middle intended for 25-T.Johnson INTERCEPTED by 8-J.Bentley at NYJ 47. 8-J.Bentley to NYJ 40 for 7 yards (25-T.Johnson, 10-B.Berrios).",0.998,-3.443
2022,8,October 30,away,New York Jets,https://www.pro-football-reference.com/boxscores/202210300nyj.htm,2,00:42,1,10,NYJ 40,3,10,(:42) (Shotgun) 10-M.Jones pass short right to 38-R.Stevenson ran ob at NYJ 25 for 15 yards (3-J.Whitehead).,2.445,1.129
2022,8,October 30,away,New York Jets,https://www.pro-football-reference.com/boxscores/202210300nyj.htm,2,00:37,1,10,NYJ 25,3,10,"(:37) (Shotgun) 10-M.Jones pass short left intended for 11-T.Thornton INTERCEPTED by 30-M.Carter at NYJ 16. 30-M.Carter for 84 yards, TOUCHDOWN NULLIFIED by Penalty. PENALTY on NYJ-91-J.Franklin-Myers, Roughing the Passer, 13 yards, enforced at NYJ 25 - No Play.",3.575,1.001
2022,8,October 30,away,New York Jets,https://www.pro-football-reference.com/boxscores/202210300nyj.htm,2,00:23,,,NYJ 12,3,10,Timeout #1 by NYJ at 00:23.,4.576,0.000
2022,8,October 30,away,New York Jets,https://www.pro-football-reference.com/boxscores/202210300nyj.htm,2,00:23,1,10,NYJ 12,3,10,"(:23) (Shotgun) 38-R.Stevenson right guard to NYJ 2 for 10 yards (57-C.Mosley). PENALTY on NE-69-C.Strange, Offensive Holding, 10 yards, enforced at NYJ 12 - No Play.",4.576,-1.822
2022,8,October 30,away,New York Jets,https://www.pro-football-reference.com/boxscores/202210300nyj.htm,2,00:18,,,NYJ 22,3,10,Timeout #2 by NYJ at 00:18.,2.754,0.000
2022,8,October 30,away,New York Jets,https://www.pro-football-reference.com/boxscores/202210300nyj.htm,2,00:18,1,20,NYJ 22,3,10,(:18) (Shotgun) 38-R.Stevenson left guard to NYJ 22 for no gain (95-Q.Williams).,2.754,-0.230
2022,8,October 30,away,New York Jets,https://www.pro-football-reference.com/boxscores/202210300nyj.htm,2,00:13,,,NYJ 22,3,10,Timeout #1 by NE at 00:13.,2.524,0.000
2022,8,October 30,away,New York Jets,https://www.pro-football-reference.com/boxscores/202210300nyj.htm,2,00:13,2,20,NYJ 22,3,10,(:13) (Shotgun) 38-R.Stevenson left tackle to NYJ 23 for -1 yards (58-C.Lawson).,2.524,-0.094
2022,8,October 30,away,New York Jets,https://www.pro-football-reference.com/boxscores/202210300nyj.htm,2,00:08,,,NYJ 23,3,10,Timeout #2 by NE at 00:08.,2.430,0.000
2022,8,October 30,away,New York Jets,https://www.pro-football-reference.com/boxscores/202210300nyj.htm,2,00:08,3,21,NYJ 23,3,10,(:08) 10-M.Jones right guard to NYJ 24 for -1 yards.,2.430,0.022
2022,8,October 30,away,New York Jets,https://www.pro-football-reference.com/boxscores/202210300nyj.htm,2,00:05,,,NYJ 24,3,10,Timeout #3 by NE at 00:05.,2.452,0.000
2022,8,October 30,away,New York Jets,https://www.pro-football-reference.com/boxscores/202210300nyj.htm,2,00:05,4,22,NYJ 24,6,10,"(:05) 6-N.Folk 42 yard field goal is GOOD, Center-49-J.Cardona, Holder-7-J.Bailey.",2.452,0.548
2022,8,October 30,away,New York Jets,https://www.pro-football-reference.com/boxscores/202210300nyj.htm,3,15:00,,,NYJ 35,6,10,7-B.Mann kicks 43 yards from NYJ 35 to NE 22. 81-J.Smith to NE 38 for 16 yards (39-W.Parks).,0.770,0.817
2022,8,October 30,away,New York Jets,https://www.pro-football-reference.com/boxscores/202210300nyj.htm,3,14:56,1,10,NE 38,6,10,(14:56) 38-R.Stevenson up the middle pushed ob at NYJ 27 for 35 yards (57-C.Mosley).,1.587,2.562
2022,8,October 30,away,New York Jets,https://www.pro-football-reference.com/boxscores/202210300nyj.htm,3,14:16,1,10,NYJ 27,6,10,(14:16) (Shotgun) 10-M.Jones pass short left to 11-T.Thornton pushed ob at NYJ 14 for 13 yards (4-D.Reed).,4.150,0.810
2022,8,October 30,away,New York Jets,https://www.pro-football-reference.com/boxscores/202210300nyj.htm,3,13:47,1,10,NYJ 14,6,10,(13:47) (Shotgun) 10-M.Jones pass short right to 16-J.Meyers to NYJ 5 for 9 yards (4-D.Reed).,4.960,0.796
2022,8,October 30,away,New York Jets,https://www.pro-football-reference.com/boxscores/202210300nyj.htm,3,13:03,2,1,NYJ 5,6,10,(13:03) 61-M.Cannon reported in as eligible.  38-R.Stevenson up the middle to NYJ 5 for no gain (9-K.Alexander; 4-D.Reed).,5.756,-0.626
2022,8,October 30,away,New York Jets,https://www.pro-football-reference.com/boxscores/202210300nyj.htm,3,12:16,3,1,NYJ 5,6,10,(12:16) (Shotgun) 10-M.Jones pass incomplete short right to 16-J.Meyers [95-Q.Williams].,5.129,-1.429
2022,8,October 30,away,New York Jets,https://www.pro-football-reference.com/boxscores/202210300nyj.htm,3,12:12,4,1,NYJ 5,12,10,"(12:12) (Shotgun) 10-M.Jones pass short right to 16-J.Meyers for 5 yards, TOUCHDOWN.",3.701,3.299
2022,8,October 30,away,New York Jets,https://www.pro-football-reference.com/boxscores/202210300nyj.htm,3,12:07,,,NYJ 15,13,10,"6-N.Folk extra point is GOOD, Center-49-J.Cardona, Holder-7-J.Bailey.",0.932,0.068
2022,8,October 30,away,New York Jets,https://www.pro-football-reference.com/boxscores/202210300nyj.htm,3,12:07,,,NE 35,13,10,"7-J.Bailey kicks 65 yards from NE 35 to end zone, Touchback.",1.445,0.000
2022,8,October 30,away,New York Jets,https://www.pro-football-reference.com/boxscores/202210300nyj.htm,3,12:07,1,10,NYJ 25,13,10,(12:07) (Shotgun) 32-Mi.Carter left guard to NYJ 29 for 4 yards (91-D.Wise).,1.445,-0.084
2022,8,October 30,away,New York Jets,https://www.pro-football-reference.com/boxscores/202210300nyj.htm,3,11:26,2,6,NYJ 29,13,10,(11:26) (Shotgun) 2-Z.Wilson pass short middle to 17-G.Wilson to NYJ 47 for 18 yards (32-D.McCourty).,1.361,1.530
2022,8,October 30,away,New York Jets,https://www.pro-football-reference.com/boxscores/202210300nyj.htm,3,10:58,1,10,NYJ 47,13,10,(10:58) (No Huddle) 2-Z.Wilson pass deep right to 83-T.Conklin to NE 26 for 27 yards (32-D.McCourty; 8-J.Bentley).,2.891,1.646
2022,8,October 30,away,New York Jets,https://www.pro-football-reference.com/boxscores/202210300nyj.htm,3,10:29,1,10,NE 26,13,10,"(10:29) (No Huddle, Shotgun) 32-Mi.Carter left end to NE 27 for -1 yards (3-J.Peppers, 48-J.Tavai).",4.537,-0.872
2022,8,October 30,away,New York Jets,https://www.pro-football-reference.com/boxscores/202210300nyj.htm,3,09:47,2,11,NE 27,13,10,(9:47) (Shotgun) 2-Z.Wilson pass incomplete deep left to 83-T.Conklin.,3.665,-0.688
2022,8,October 30,away,New York Jets,https://www.pro-football-reference.com/boxscores/202210300nyj.htm,3,09:38,3,11,NE 27,13,10,(9:38) (Shotgun) 2-Z.Wilson pass incomplete short right to 10-B.Berrios.,2.977,-1.159
2022,8,October 30,away,New York Jets,https://www.pro-football-reference.com/boxscores/202210300nyj.htm,3,09:34,4,11,NE 27,13,10,"(9:34) 6-G.Zuerlein 45 yard field goal is No Good, Wide Left, Center-42-T.Hennessy, Holder-7-B.Mann.",1.818,-3.229
2022,8,October 30,away,New York Jets,https://www.pro-football-reference.com/boxscores/202210300nyj.htm,3,09:29,1,10,NE 35,13,10,(9:29) (Shotgun) 10-M.Jones pass short left to 16-J.Meyers to NE 41 for 6 yards (30-M.Carter).,1.412,0.357
2022,8,October 30,away,New York Jets,https://www.pro-football-reference.com/boxscores/202210300nyj.htm,3,09:05,2,4,NE 41,13,10,"(9:05) (No Huddle, Shotgun) 37-D.Harris up the middle to NE 48 for 7 yards (94-S.Thomas).",1.769,0.670
2022,8,October 30,away,New York Jets,https://www.pro-football-reference.com/boxscores/202210300nyj.htm,3,08:45,1,10,NE 48,13,10,"(8:45) (No Huddle, Shotgun) 10-M.Jones pass short right to 37-D.Harris pushed ob at NYJ 44 for 8 yards (56-Qu.Williams).",2.439,0.506
2022,8,October 30,away,New York Jets,https://www.pro-football-reference.com/boxscores/202210300nyj.htm,3,08:24,2,2,NYJ 44,13,10,"(8:24) (No Huddle, Shotgun) 37-D.Harris up the middle to NYJ 39 for 5 yards (3-J.Whitehead; 57-C.Mosley).",2.944,0.360
2022,8,October 30,away,New York Jets,https://www.pro-football-reference.com/boxscores/202210300nyj.htm,3,08:02,1,10,NYJ 39,13,10,"(8:02) (No Huddle, Shotgun) 37-D.Harris up the middle to NYJ 34 for 5 yards (98-S.Rankins).",3.304,-0.042
2022,8,October 30,away,New York Jets,https://www.pro-football-reference.com/boxscores/202210300nyj.htm,3,07:40,2,5,NYJ 34,13,10,"(7:40) (No Huddle, Shotgun) 10-M.Jones pass short left to 16-J.Meyers to NYJ 27 for 7 yards (57-C.Mosley).",3.263,0.864
2022,8,October 30,away,New York Jets,https://www.pro-football-reference.com/boxscores/202210300nyj.htm,3,07:14,1,10,NYJ 27,13,10,"(7:14) (No Huddle, Shotgun) 10-M.Jones pass short middle to 81-J.Smith to NYJ 22 for 5 yards (57-C.Mosley).",4.126,0.139
2022,8,October 30,away,New York Jets,https://www.pro-football-reference.com/boxscores/202210300nyj.htm,3,06:47,2,5,NYJ 22,13,10,"(6:47) (No Huddle, Shotgun) 37-D.Harris left guard to NYJ 21 for 1 yard (9-K.Alexander).",4.265,-0.534
2022,8,October 30,away,New York Jets,https://www.pro-football-reference.com/boxscores/202210300nyj.htm,3,06:07,3,4,NYJ 21,13,10,(6:07) (Shotgun) 10-M.Jones sacked at NYJ 31 for -10 yards (95-Q.Williams).,3.732,-2.250
2022,8,October 30,away,New York Jets,https://www.pro-football-reference.com/boxscores/202210300nyj.htm,3,05:27,4,14,NYJ 31,16,10,"(5:27) 6-N.Folk 49 yard field goal is GOOD, Center-49-J.Cardona, Holder-7-J.Bailey.",1.482,1.518
2022,8,October 30,away,New York Jets,https://www.pro-football-reference.com/boxscores/202210300nyj.htm,3,05:23,,,NE 35,16,10,7-J.Bailey kicks 63 yards from NE 35 to NYJ 2. 10-B.Berrios to NYJ 17 for 15 yards (41-B.Schooler).,1.403,-0.615
2022,8,October 30,away,New York Jets,https://www.pro-football-reference.com/boxscores/202210300nyj.htm,3,05:19,1,10,NYJ 17,16,10,"(5:19) 23-J.Robinson right guard to NYJ 21 for 4 yards (92-D.Godchaux). PENALTY on NYJ-65-N.Herbig, Offensive Holding, 8 yards, enforced at NYJ 17 - No Play.",0.788,-0.929
2022,8,October 30,away,New York Jets,https://www.pro-football-reference.com/boxscores/202210300nyj.htm,3,04:58,1,18,NYJ 9,16,10,(4:58) 2-Z.Wilson pass incomplete short right to 23-J.Robinson (9-M.Judon).,-0.141,-0.564
2022,8,October 30,away,New York Jets,https://www.pro-football-reference.com/boxscores/202210300nyj.htm,3,04:52,2,18,NYJ 9,16,10,(4:52) (Shotgun) 2-Z.Wilson pass incomplete deep right.,-0.705,-0.764
2022,8,October 30,away,New York Jets,https://www.pro-football-reference.com/boxscores/202210300nyj.htm,3,04:43,3,18,NYJ 9,16,10,"(4:43) (Shotgun) 25-T.Johnson up the middle to NYJ 11 for 2 yards (30-M.Wilson, 27-M.Bryant).",-1.469,-0.931
2022,8,October 30,away,New York Jets,https://www.pro-football-reference.com/boxscores/202210300nyj.htm,3,04:03,4,16,NYJ 11,16,10,"(4:03) 7-B.Mann punts 48 yards to NE 41, Center-42-T.Hennessy. 25-Ma.Jones to NYJ 27 for 32 yards (72-M.Clemons).",-2.400,-1.720
2022,8,October 30,away,New York Jets,https://www.pro-football-reference.com/boxscores/202210300nyj.htm,3,03:49,1,10,NYJ 27,16,10,(3:49) (Shotgun) 38-R.Stevenson left guard to NYJ 29 for -2 yards (56-Qu.Williams).,4.121,-0.889
2022,8,October 30,away,New York Jets,https://www.pro-football-reference.com/boxscores/202210300nyj.htm,3,03:27,2,12,NYJ 29,16,10,"(3:27) (No Huddle, Shotgun) 10-M.Jones pass short right to 16-J.Meyers to NYJ 27 for 2 yards (30-M.Carter, 3-J.Whitehead).",3.231,-0.196
2022,8,October 30,away,New York Jets,https://www.pro-football-reference.com/boxscores/202210300nyj.htm,3,02:49,3,10,NYJ 27,16,10,(2:49) (Shotgun) 10-M.Jones pass incomplete short left [95-Q.Williams].,3.036,-1.082
2022,8,October 30,away,New York Jets,https://www.pro-football-reference.com/boxscores/202210300nyj.htm,3,02:43,4,10,NYJ 27,19,10,"(2:43) 6-N.Folk 45 yard field goal is GOOD, Center-49-J.Cardona, Holder-7-J.Bailey.",1.954,1.046
2022,8,October 30,away,New York Jets,https://www.pro-football-reference.com/boxscores/202210300nyj.htm,3,02:39,,,NE 35,19,10,"7-J.Bailey kicks 65 yards from NE 35 to end zone, Touchback.",1.369,0.000
2022,8,October 30,away,New York Jets,https://www.pro-football-reference.com/boxscores/202210300nyj.htm,3,02:39,1,10,NYJ 25,19,10,(2:39) 2-Z.Wilson pass short right INTERCEPTED by 32-D.McCourty at NYJ 40. 32-D.McCourty ran ob at NYJ 40 for no gain.,1.369,-4.592
2022,8,October 30,away,New York Jets,https://www.pro-football-reference.com/boxscores/202210300nyj.htm,3,02:29,1,10,NYJ 40,19,10,(2:29) 37-D.Harris left end to NYJ 35 for 5 yards (4-D.Reed; 97-N.Shepherd).,3.223,0.013
2022,8,October 30,away,New York Jets,https://www.pro-football-reference.com/boxscores/202210300nyj.htm,3,01:53,2,5,NYJ 35,19,10,"(1:53) (Shotgun) 10-M.Jones sacked at NYJ 44 for -9 yards (54-J.Martin). FUMBLES (54-J.Martin) [54-J.Martin], touched at NYJ 42, recovered by NE-69-C.Strange at NYJ 45.",3.237,-2.232
2022,8,October 30,away,New York Jets,https://www.pro-football-reference.com/boxscores/202210300nyj.htm,3,01:10,3,15,NYJ 45,19,10,(1:10) (Shotgun) 10-M.Jones pass short middle to 38-R.Stevenson to NYJ 39 for 6 yards (56-Qu.Williams; 57-C.Mosley).,1.005,-1.072
2022,8,October 30,away,New York Jets,https://www.pro-football-reference.com/boxscores/202210300nyj.htm,3,00:35,4,9,NYJ 39,19,10,"(:35) 7-J.Bailey punts 39 yards to end zone, Center-49-J.Cardona, Touchback.",-0.067,-0.734
2022,8,October 30,away,New York Jets,https://www.pro-football-reference.com/boxscores/202210300nyj.htm,3,00:27,1,10,NYJ 20,19,10,(:27) 23-J.Robinson left end to NYJ 22 for 2 yards (13-Ja.Jones).,0.801,-0.555
2022,8,October 30,away,New York Jets,https://www.pro-football-reference.com/boxscores/202210300nyj.htm,4,15:00,2,8,NYJ 22,19,10,(15:00) (Shotgun) 23-J.Robinson right guard to NYJ 24 for 2 yards (30-M.Wilson; 27-M.Bryant).,0.246,-0.473
2022,8,October 30,away,New York Jets,https://www.pro-football-reference.com/boxscores/202210300nyj.htm,4,14:15,3,6,NYJ 24,19,10,(14:15) (Shotgun) 2-Z.Wilson pass short right to 17-G.Wilson pushed ob at NYJ 32 for 8 yards (27-M.Bryant).,-0.227,1.928
2022,8,October 30,away,New York Jets,https://www.pro-football-reference.com/boxscores/202210300nyj.htm,4,13:38,1,10,NYJ 32,19,10,(13:38) (Shotgun) 32-Mi.Carter left end pushed ob at NYJ 43 for 11 yards (13-Ja.Jones).,1.701,0.652
2022,8,October 30,away,New York Jets,https://www.pro-football-reference.com/boxscores/202210300nyj.htm,4,12:58,1,10,NYJ 43,19,10,(12:58) (Shotgun) 32-Mi.Carter up the middle to NYJ 46 for 3 yards (93-L.Guy).,2.352,-0.266
2022,8,October 30,away,New York Jets,https://www.pro-football-reference.com/boxscores/202210300nyj.htm,4,12:20,2,7,NYJ 46,19,10,(12:20) (Shotgun) 2-Z.Wilson pass incomplete short right.,2.086,-0.820
2022,8,October 30,away,New York Jets,https://www.pro-football-reference.com/boxscores/202210300nyj.htm,4,12:13,3,7,NYJ 46,19,10,(12:13) (Shotgun) 2-Z.Wilson pass deep right intended for 83-T.Conklin INTERCEPTED by 32-D.McCourty at NE 27. 32-D.McCourty ran ob at NYJ 37 for 36 yards (2-Z.Wilson).,1.266,-4.655
2022,8,October 30,away,New York Jets,https://www.pro-football-reference.com/boxscores/202210300nyj.htm,4,11:58,1,10,NYJ 37,19,10,(11:58) 10-M.Jones pass short left to 16-J.Meyers to NYJ 33 for 4 yards (4-D.Reed).,3.389,-0.085
2022,8,October 30,away,New York Jets,https://www.pro-football-reference.com/boxscores/202210300nyj.htm,4,11:22,2,6,NYJ 33,19,10,(11:22) 38-R.Stevenson right end to NYJ 33 for no gain (98-S.Rankins).,3.304,-0.671
2022,8,October 30,away,New York Jets,https://www.pro-football-reference.com/boxscores/202210300nyj.htm,4,10:45,3,6,NYJ 33,19,10,(10:45) (Shotgun) 10-M.Jones pass incomplete short middle to 16-J.Meyers.,2.633,-1.447
2022,8,October 30,away,New York Jets,https://www.pro-football-reference.com/boxscores/202210300nyj.htm,4,10:39,4,6,NYJ 33,22,10,"(10:39) 6-N.Folk 52 yard field goal is GOOD, Center-49-J.Cardona, Holder-7-J.Bailey.",1.186,1.814
2022,8,October 30,away,New York Jets,https://www.pro-football-reference.com/boxscores/202210300nyj.htm,4,10:35,,,NE 35,22,10,"7-J.Bailey kicks 65 yards from NE 35 to end zone, Touchback.",1.253,0.000
2022,8,October 30,away,New York Jets,https://www.pro-football-reference.com/boxscores/202210300nyj.htm,4,10:35,1,10,NYJ 25,22,10,(10:35) (Shotgun) 2-Z.Wilson pass short middle to 11-D.Mims to NYJ 38 for 13 yards (3-J.Peppers).,1.253,0.706
2022,8,October 30,away,New York Jets,https://www.pro-football-reference.com/boxscores/202210300nyj.htm,4,09:57,1,10,NYJ 38,22,10,(9:57) (Shotgun) 2-Z.Wilson pass short left to 87-C.Uzomah to NE 35 for 27 yards (32-D.McCourty).,1.959,1.656
2022,8,October 30,away,New York Jets,https://www.pro-football-reference.com/boxscores/202210300nyj.htm,4,09:11,1,10,NE 35,22,10,(9:11) (Shotgun) 2-Z.Wilson pass incomplete short right to 25-T.Johnson.,3.615,-0.438
2022,8,October 30,away,New York Jets,https://www.pro-football-reference.com/boxscores/202210300nyj.htm,4,09:07,2,10,NE 35,22,10,(9:07) (Shotgun) 2-Z.Wilson pass incomplete short right.,3.177,-0.738
2022,8,October 30,away,New York Jets,https://www.pro-football-reference.com/boxscores/202210300nyj.htm,4,09:00,3,10,NE 35,22,10,(9:00) (Shotgun) 2-Z.Wilson pass incomplete short right.,2.440,-1.152
2022,8,October 30,away,New York Jets,https://www.pro-football-reference.com/boxscores/202210300nyj.htm,4,08:54,4,10,NE 35,22,10,"(8:54) (Shotgun) PENALTY on NE-55-J.Uche, Neutral Zone Infraction, 5 yards, enforced at NE 35 - No Play.",1.287,0.282
2022,8,October 30,away,New York Jets,https://www.pro-football-reference.com/boxscores/202210300nyj.htm,4,08:54,4,5,NE 30,22,10,(8:54) (Shotgun) 2-Z.Wilson pass incomplete deep middle to 83-T.Conklin.,1.569,-2.807
2022,8,October 30,away,New York Jets,https://www.pro-football-reference.com/boxscores/202210300nyj.htm,4,08:49,1,10,NE 30,22,10,(8:49) (Shotgun) 10-M.Jones pass incomplete deep right to 16-J.Meyers.,1.238,-0.514
2022,8,October 30,away,New York Jets,https://www.pro-football-reference.com/boxscores/202210300nyj.htm,4,08:44,2,10,NE 30,22,10,(8:44) (Shotgun) 10-M.Jones sacked at NE 29 for -1 yards (72-M.Clemons).,0.724,-0.770
2022,8,October 30,away,New York Jets,https://www.pro-football-reference.com/boxscores/202210300nyj.htm,4,07:59,3,11,NE 29,22,10,(7:59) (Shotgun) 10-M.Jones pass short left to 38-R.Stevenson to NE 36 for 7 yards (57-C.Mosley).,-0.046,-0.472
2022,8,October 30,away,New York Jets,https://www.pro-football-reference.com/boxscores/202210300nyj.htm,4,07:15,4,4,NE 36,22,10,"(7:15) 7-J.Bailey punts 43 yards to NYJ 21, Center-49-J.Cardona, fair catch by 10-B.Berrios.",-0.518,-0.243
2022,8,October 30,away,New York Jets,https://www.pro-football-reference.com/boxscores/202210300nyj.htm,4,07:09,1,10,NYJ 21,22,10,"(7:09) (Shotgun) PENALTY on NYJ-17-G.Wilson, False Start, 5 yards, enforced at NYJ 21 - No Play.",0.761,-0.675
2022,8,October 30,away,New York Jets,https://www.pro-football-reference.com/boxscores/202210300nyj.htm,4,07:09,1,15,NYJ 16,22,10,(7:09) (Shotgun) 2-Z.Wilson pass short middle to 32-Mi.Carter to NYJ 22 for 6 yards (3-J.Peppers).,0.086,0.076
2022,8,October 30,away,New York Jets,https://www.pro-football-reference.com/boxscores/202210300nyj.htm,4,06:47,2,9,NYJ 22,22,10,"(6:47) (No Huddle, Shotgun) 2-Z.Wilson sacked at NYJ 10 for -12 yards (93-L.Guy).",0.162,-1.688
2022,8,October 30,away,New York Jets,https://www.pro-football-reference.com/boxscores/202210300nyj.htm,4,06:00,3,21,NYJ 10,22,10,(6:00) (Shotgun) 2-Z.Wilson pass short middle to 83-T.Conklin to NYJ 19 for 9 yards (30-M.Wilson; 3-J.Peppers).,-1.527,-0.117
2022,8,October 30,away,New York Jets,https://www.pro-football-reference.com/boxscores/202210300nyj.htm,4,05:25,4,12,NYJ 19,22,10,"(5:25) 7-B.Mann punts 51 yards to NE 30, Center-42-T.Hennessy. 25-Ma.Jones to NE 30 for no gain (34-J.Hardee).",-1.644,0.377
2022,8,October 30,away,New York Jets,https://www.pro-football-reference.com/boxscores/202210300nyj.htm,4,05:16,1,10,NE 30,22,10,(5:16) 38-R.Stevenson up the middle to NE 37 for 7 yards (9-K.Alexander).,1.267,0.270
2022,8,October 30,away,New York Jets,https://www.pro-football-reference.com/boxscores/202210300nyj.htm,4,04:42,2,3,NE 37,22,10,(4:42) 38-R.Stevenson left guard to NE 45 for 8 yards (1-A.Gardner).,1.537,0.497
2022,8,October 30,away,New York Jets,https://www.pro-football-reference.com/boxscores/202210300nyj.htm,4,03:58,1,10,NE 45,22,10,(3:58) 38-R.Stevenson up the middle to NE 46 for 1 yard (4-D.Reed; 56-Qu.Williams).,2.033,-0.365
2022,8,October 30,away,New York Jets,https://www.pro-football-reference.com/boxscores/202210300nyj.htm,4,03:53,,,NE 46,22,10,Timeout #1 by NYJ at 03:53.,1.669,0.000
2022,8,October 30,away,New York Jets,https://www.pro-football-reference.com/boxscores/202210300nyj.htm,4,03:53,2,9,NE 46,22,10,(3:53) 38-R.Stevenson right end to NE 49 for 3 yards (57-C.Mosley).,1.669,-0.602
2022,8,October 30,away,New York Jets,https://www.pro-football-reference.com/boxscores/202210300nyj.htm,4,03:46,,,NE 49,22,10,Timeout #2 by NYJ at 03:46.,1.067,0.000
2022,8,October 30,away,New York Jets,https://www.pro-football-reference.com/boxscores/202210300nyj.htm,4,03:46,3,6,NE 49,22,10,"(3:46) 38-R.Stevenson left end to NE 47 for -2 yards (30-M.Carter, 95-Q.Williams).",1.067,-1.668
2022,8,October 30,away,New York Jets,https://www.pro-football-reference.com/boxscores/202210300nyj.htm,4,03:42,,,NE 47,22,10,Timeout #3 by NYJ at 03:42.,-0.601,0.000
2022,8,October 30,away,New York Jets,https://www.pro-football-reference.com/boxscores/202210300nyj.htm,4,03:42,4,8,NE 47,22,10,"(3:42) 7-J.Bailey punts 41 yards to NYJ 12, Center-49-J.Cardona, fair catch by 10-B.Berrios.",-0.601,0.221
2022,8,October 30,away,New York Jets,https://www.pro-football-reference.com/boxscores/202210300nyj.htm,4,03:35,1,10,NYJ 12,22,10,(3:35) (Shotgun) 2-Z.Wilson pass deep right to 11-D.Mims to NE 25 for 63 yards (27-M.Bryant).,0.380,3.647
2022,8,October 30,away,New York Jets,https://www.pro-football-reference.com/boxscores/202210300nyj.htm,4,02:59,1,10,NE 25,22,10,"(2:59) (No Huddle, Shotgun) 2-Z.Wilson pass incomplete short right.",4.027,-0.561
2022,8,October 30,away,New York Jets,https://www.pro-football-reference.com/boxscores/202210300nyj.htm,4,02:53,2,10,NE 25,22,10,(2:53) (Shotgun) 2-Z.Wilson pass short middle to 16-J.Smith to NE 2 for 23 yards (13-Ja.Jones).,3.466,2.598
2022,8,October 30,away,New York Jets,https://www.pro-football-reference.com/boxscores/202210300nyj.htm,4,02:25,1,2,NE 2,22,10,"(2:25) (No Huddle, Shotgun) 2-Z.Wilson sacked at NE 9 for -7 yards (55-J.Uche).",6.065,-1.776
2022,8,October 30,away,New York Jets,https://www.pro-football-reference.com/boxscores/202210300nyj.htm,4,02:04,2,9,NE 9,22,10,"(2:04) (No Huddle, Shotgun) 2-Z.Wilson pass incomplete short left to 32-Mi.Carter.",4.288,-0.753
2022,8,October 30,away,New York Jets,https://www.pro-football-reference.com/boxscores/202210300nyj.htm,4,01:56,3,9,NE 9,22,16,"(1:56) (Shotgun) 2-Z.Wilson pass short middle to 83-T.Conklin for 9 yards, TOUCHDOWN.",3.535,3.465
2022,8,October 30,away,New York Jets,https://www.pro-football-reference.com/boxscores/202210300nyj.htm,4,01:51,,,NE 15,22,17,"6-G.Zuerlein extra point is GOOD, Center-42-T.Hennessy, Holder-7-B.Mann.",0.932,0.068
2022,8,October 30,away,New York Jets,https://www.pro-football-reference.com/boxscores/202210300nyj.htm,4,01:51,,,NYJ 35,22,17,Timeout #1 by NE at 01:51.,0.383,0.000
2022,8,October 30,away,New York Jets,https://www.pro-football-reference.com/boxscores/202210300nyj.htm,4,01:51,,,NYJ 35,22,17,7-B.Mann kicks onside 8 yards from NYJ 35 to NYJ 43. 3-J.Peppers (didn't try to advance) to NYJ 43 for no gain.,0.383,0.921
2022,8,October 30,away,New York Jets,https://www.pro-football-reference.com/boxscores/202210300nyj.htm,4,01:50,1,10,NYJ 43,22,17,(1:50) 10-M.Jones kneels to NYJ 45 for -2 yards.,1.304,-0.345
2022,8,October 30,away,New York Jets,https://www.pro-football-reference.com/boxscores/202210300nyj.htm,4,01:09,2,12,NYJ 45,22,17,(1:09) 10-M.Jones kneels to NYJ 47 for -2 yards.,0.959,-0.282
2022,8,October 30,away,New York Jets,https://www.pro-football-reference.com/boxscores/202210300nyj.htm,4,00:32,3,14,NYJ 47,22,17,(:32) 10-M.Jones kneels to NYJ 49 for -2 yards.,0.677,-0.677
2022,9,November 6,home,Indianapolis Colts,https://www.pro-football-reference.com/boxscores/202211060nwe.htm,1,15:00,,,IND 35,0,0,"7-C.McLaughlin kicks 65 yards from IND 35 to end zone, Touchback.",1.474,0.000
2022,9,November 6,home,Indianapolis Colts,https://www.pro-football-reference.com/boxscores/202211060nwe.htm,1,15:00,1,10,NE 25,0,0,(15:00) 38-R.Stevenson left tackle to NE 23 for -2 yards (99-D.Buckner).,1.474,-1.241
2022,9,November 6,home,Indianapolis Colts,https://www.pro-football-reference.com/boxscores/202211060nwe.htm,1,14:31,2,12,NE 23,0,0,(14:31) 10-M.Jones pass incomplete short right to 38-R.Stevenson.,0.233,-0.895
2022,9,November 6,home,Indianapolis Colts,https://www.pro-football-reference.com/boxscores/202211060nwe.htm,1,14:27,3,12,NE 23,0,0,(14:27) (Shotgun) 10-M.Jones pass incomplete short middle to 84-K.Bourne.,-0.662,-1.105
2022,9,November 6,home,Indianapolis Colts,https://www.pro-football-reference.com/boxscores/202211060nwe.htm,1,14:24,4,12,NE 23,0,0,"(14:24) 7-J.Bailey punts 58 yards to IND 19, Center-49-J.Cardona. 15-K.Coutee to IND 31 for 12 yards (8-J.Bentley).",-1.767,0.609
2022,9,November 6,home,Indianapolis Colts,https://www.pro-football-reference.com/boxscores/202211060nwe.htm,1,14:11,1,10,IND 31,0,0,(14:11) (Shotgun) 4-S.Ehlinger sacked at IND 28 for -3 yards (9-M.Judon).,1.158,-1.090
2022,9,November 6,home,Indianapolis Colts,https://www.pro-football-reference.com/boxscores/202211060nwe.htm,1,13:31,2,13,IND 28,0,0,(13:31) (Shotgun) 30-P.Lindsay left end to IND 30 for 2 yards (2-J.Mills).,0.068,-0.426
2022,9,November 6,home,Indianapolis Colts,https://www.pro-football-reference.com/boxscores/202211060nwe.htm,1,12:50,3,11,IND 30,0,0,"(12:50) (Shotgun) 4-S.Ehlinger sacked at IND 22 for -8 yards (9-M.Judon). PENALTY on NE-95-D.Ekuale, Roughing the Passer, 15 yards, enforced at IND 30 - No Play.",-0.357,2.546
2022,9,November 6,home,Indianapolis Colts,https://www.pro-football-reference.com/boxscores/202211060nwe.htm,1,12:25,1,10,IND 45,0,0,(12:25) 4-S.Ehlinger pass incomplete deep right to 80-J.Woods.,2.188,-0.515
2022,9,November 6,home,Indianapolis Colts,https://www.pro-football-reference.com/boxscores/202211060nwe.htm,1,12:19,2,10,IND 45,0,0,"(12:19) 35-D.Jackson right guard to 50 for 5 yards (93-L.Guy, 8-J.Bentley).",1.674,-0.284
2022,9,November 6,home,Indianapolis Colts,https://www.pro-football-reference.com/boxscores/202211060nwe.htm,1,11:37,3,5,MID 50,0,0,(11:37) (Shotgun) 4-S.Ehlinger pass incomplete short left to 14-A.Pierce (2-J.Mills).,1.390,-1.689
2022,9,November 6,home,Indianapolis Colts,https://www.pro-football-reference.com/boxscores/202211060nwe.htm,1,11:32,4,5,MID 50,0,0,"(11:32) 6-M.Haack punts 41 yards to NE 9, Center-46-L.Rhodes, out of bounds.",-0.299,-0.012
2022,9,November 6,home,Indianapolis Colts,https://www.pro-football-reference.com/boxscores/202211060nwe.htm,1,11:24,1,10,NE 9,0,0,(11:24) 38-R.Stevenson up the middle to NE 4 for -5 yards (58-B.Okereke).,0.311,-1.543
2022,9,November 6,home,Indianapolis Colts,https://www.pro-football-reference.com/boxscores/202211060nwe.htm,1,10:48,2,15,NE 4,0,0,"(10:48) 38-R.Stevenson up the middle to NE 9 for 5 yards (51-K.Paye). Penalty on NE-69-C.Strange, Illegal Use of Hands, declined.",-1.233,0.237
2022,9,November 6,home,Indianapolis Colts,https://www.pro-football-reference.com/boxscores/202211060nwe.htm,1,10:17,3,10,NE 9,0,0,(10:17) (Shotgun) 10-M.Jones sacked at NE 6 for -3 yards (sack split by 99-D.Buckner and 91-Y.Ngakoue).,-0.995,-1.663
2022,9,November 6,home,Indianapolis Colts,https://www.pro-football-reference.com/boxscores/202211060nwe.htm,1,09:43,4,13,NE 6,0,0,"(9:43) 7-J.Bailey punts 36 yards to NE 42, Center-49-J.Cardona, out of bounds.",-2.658,-0.378
2022,9,November 6,home,Indianapolis Colts,https://www.pro-football-reference.com/boxscores/202211060nwe.htm,1,09:34,1,10,NE 42,0,0,"(9:34) 35-D.Jackson up the middle to NE 42 for no gain (8-J.Bentley, 3-J.Peppers).",3.036,-0.554
2022,9,November 6,home,Indianapolis Colts,https://www.pro-football-reference.com/boxscores/202211060nwe.htm,1,09:02,2,10,NE 42,0,0,(9:02) (Shotgun) 4-S.Ehlinger left guard to NE 40 for 2 yards (48-J.Tavai).,2.482,-0.664
2022,9,November 6,home,Indianapolis Colts,https://www.pro-football-reference.com/boxscores/202211060nwe.htm,1,08:20,3,8,NE 40,0,0,(8:20) (Shotgun) 4-S.Ehlinger sacked at NE 48 for -8 yards (9-M.Judon).,1.818,-2.467
2022,9,November 6,home,Indianapolis Colts,https://www.pro-football-reference.com/boxscores/202211060nwe.htm,1,07:39,4,16,NE 48,0,0,"(7:39) 6-M.Haack punts 29 yards to NE 19, Center-46-L.Rhodes, out of bounds.",-0.649,-0.207
2022,9,November 6,home,Indianapolis Colts,https://www.pro-football-reference.com/boxscores/202211060nwe.htm,1,07:32,1,10,NE 19,0,0,(7:32) 42-J.Taylor left end to NE 20 for 1 yard (53-S.Leonard).,0.856,-0.503
2022,9,November 6,home,Indianapolis Colts,https://www.pro-football-reference.com/boxscores/202211060nwe.htm,1,06:55,2,9,NE 20,0,0,(6:55) 10-M.Jones pass short middle to 42-J.Taylor to NE 28 for 8 yards (53-S.Leonard).,0.353,0.888
2022,9,November 6,home,Indianapolis Colts,https://www.pro-football-reference.com/boxscores/202211060nwe.htm,1,06:14,3,1,NE 28,0,0,(6:14) Direct snap to 16-J.Meyers.  16-J.Meyers up the middle to NE 30 for 2 yards (90-G.Stewart).,1.241,0.491
2022,9,November 6,home,Indianapolis Colts,https://www.pro-football-reference.com/boxscores/202211060nwe.htm,1,05:36,1,10,NE 30,0,0,(5:36) 42-J.Taylor up the middle to NE 31 for 1 yard (51-K.Paye).,1.731,-0.505
2022,9,November 6,home,Indianapolis Colts,https://www.pro-football-reference.com/boxscores/202211060nwe.htm,1,04:58,2,9,NE 31,0,0,(4:58) (Shotgun) 10-M.Jones sacked at NE 25 for -6 yards (51-K.Paye).,1.226,-1.615
2022,9,November 6,home,Indianapolis Colts,https://www.pro-football-reference.com/boxscores/202211060nwe.htm,1,04:13,3,15,NE 25,0,0,(4:13) (Shotgun) 10-M.Jones pass short left to 84-K.Bourne to NE 35 for 10 yards (31-B.Facyson).,-0.389,-0.203
2022,9,November 6,home,Indianapolis Colts,https://www.pro-football-reference.com/boxscores/202211060nwe.htm,1,03:31,4,5,NE 35,0,0,"(3:31) 7-J.Bailey punts 47 yards to IND 18, Center-49-J.Cardona. 15-K.Coutee pushed ob at IND 24 for 6 yards (41-B.Schooler, 97-D.Mitchell).",-0.592,-0.020
2022,9,November 6,home,Indianapolis Colts,https://www.pro-football-reference.com/boxscores/202211060nwe.htm,1,03:21,1,10,IND 24,0,0,(3:21) 35-D.Jackson right guard to IND 27 for 3 yards (21-A.Phillips; 8-J.Bentley).,0.612,-0.152
2022,9,November 6,home,Indianapolis Colts,https://www.pro-football-reference.com/boxscores/202211060nwe.htm,1,02:47,2,7,IND 27,0,0,"(2:47) (Shotgun) 35-D.Jackson up the middle to IND 29 for 2 yards (48-J.Tavai, 8-J.Bentley).",0.460,-0.346
2022,9,November 6,home,Indianapolis Colts,https://www.pro-football-reference.com/boxscores/202211060nwe.htm,1,02:07,3,5,IND 29,0,0,(2:07) (Shotgun) 4-S.Ehlinger sacked at IND 24 for -5 yards (8-J.Bentley).,0.115,-2.023
2022,9,November 6,home,Indianapolis Colts,https://www.pro-football-reference.com/boxscores/202211060nwe.htm,1,01:25,4,10,IND 24,0,0,"(1:25) 6-M.Haack punts 49 yards to NE 27, Center-46-L.Rhodes, fair catch by 25-Ma.Jones.",-1.908,0.437
2022,9,November 6,home,Indianapolis Colts,https://www.pro-football-reference.com/boxscores/202211060nwe.htm,1,01:16,1,10,NE 27,0,0,(1:16) 10-M.Jones pass short right to 81-J.Smith to IND 49 for 24 yards (53-S.Leonard).,1.471,1.414
2022,9,November 6,home,Indianapolis Colts,https://www.pro-football-reference.com/boxscores/202211060nwe.htm,1,00:37,1,10,IND 49,0,0,(:37) 38-R.Stevenson right end to IND 38 for 11 yards (25-R.Thomas).,2.886,0.661
2022,9,November 6,home,Indianapolis Colts,https://www.pro-football-reference.com/boxscores/202211060nwe.htm,2,15:00,1,10,IND 38,0,0,(15:00) 84-K.Bourne right end to IND 37 for 1 yard (26-R.McLeod).,3.546,-0.540
2022,9,November 6,home,Indianapolis Colts,https://www.pro-football-reference.com/boxscores/202211060nwe.htm,2,14:16,2,9,IND 37,0,0,(14:16) (Shotgun) 10-M.Jones pass short middle to 16-J.Meyers to IND 31 for 6 yards (44-Z.Franklin).,3.006,0.211
2022,9,November 6,home,Indianapolis Colts,https://www.pro-football-reference.com/boxscores/202211060nwe.htm,2,13:40,3,3,IND 31,0,0,(13:40) (Shotgun) 10-M.Jones pass incomplete deep right to 38-R.Stevenson.,3.218,-1.839
2022,9,November 6,home,Indianapolis Colts,https://www.pro-football-reference.com/boxscores/202211060nwe.htm,2,13:35,4,3,IND 31,3,0,"(13:35) 6-N.Folk 49 yard field goal is GOOD, Center-49-J.Cardona, Holder-7-J.Bailey.",1.379,1.621
2022,9,November 6,home,Indianapolis Colts,https://www.pro-football-reference.com/boxscores/202211060nwe.htm,2,13:30,,,NE 35,3,0,"7-J.Bailey kicks 65 yards from NE 35 to end zone, Touchback.",0.948,0.000
2022,9,November 6,home,Indianapolis Colts,https://www.pro-football-reference.com/boxscores/202211060nwe.htm,2,13:30,1,10,IND 25,3,0,(13:30) (Shotgun) 35-D.Jackson up the middle to IND 27 for 2 yards (92-D.Godchaux).,0.948,-0.434
2022,9,November 6,home,Indianapolis Colts,https://www.pro-football-reference.com/boxscores/202211060nwe.htm,2,12:50,2,8,IND 27,3,0,"(12:50) 35-D.Jackson left tackle to IND 28 for 1 yard (3-J.Peppers, 50-R.McMillan).",0.515,-0.588
2022,9,November 6,home,Indianapolis Colts,https://www.pro-football-reference.com/boxscores/202211060nwe.htm,2,12:09,3,7,IND 28,3,0,(12:09) (Shotgun) 4-S.Ehlinger pass incomplete deep left to 11-M.Pittman.,-0.074,-1.243
2022,9,November 6,home,Indianapolis Colts,https://www.pro-football-reference.com/boxscores/202211060nwe.htm,2,12:03,4,7,IND 28,3,0,"(12:03) 6-M.Haack punts 38 yards to NE 34, Center-46-L.Rhodes. 25-Ma.Jones to IND 43 for 23 yards (33-D.Flowers; 20-N.Cross).",-1.317,-1.688
2022,9,November 6,home,Indianapolis Colts,https://www.pro-football-reference.com/boxscores/202211060nwe.htm,2,11:50,1,10,IND 43,3,0,(11:50) 10-M.Jones pass short right to 85-H.Henry to IND 40 for 3 yards (58-B.Okereke).,3.005,-0.189
2022,9,November 6,home,Indianapolis Colts,https://www.pro-football-reference.com/boxscores/202211060nwe.htm,2,11:25,2,7,IND 40,3,0,"(11:25) (No Huddle, Shotgun) 10-M.Jones pass short right to 85-H.Henry to IND 34 for 6 yards (5-S.Gilmore).",2.816,0.395
2022,9,November 6,home,Indianapolis Colts,https://www.pro-football-reference.com/boxscores/202211060nwe.htm,2,10:54,3,1,IND 34,3,0,(10:54) 38-R.Stevenson up the middle to IND 32 for 2 yards (51-K.Paye).,3.211,0.630
2022,9,November 6,home,Indianapolis Colts,https://www.pro-football-reference.com/boxscores/202211060nwe.htm,2,10:29,1,10,IND 32,3,0,"(10:29) (No Huddle, Shotgun) 38-R.Stevenson left guard to IND 29 for 3 yards (44-Z.Franklin). PENALTY on NE-76-I.Wynn, Offensive Holding, 10 yards, enforced at IND 32 - No Play.",3.841,-1.166
2022,9,November 6,home,Indianapolis Colts,https://www.pro-football-reference.com/boxscores/202211060nwe.htm,2,10:04,1,20,IND 42,3,0,(10:04) 38-R.Stevenson up the middle to IND 26 for 16 yards (32-J.Blackmon).,2.675,1.421
2022,9,November 6,home,Indianapolis Colts,https://www.pro-football-reference.com/boxscores/202211060nwe.htm,2,09:36,2,4,IND 26,3,0,"(9:36) (No Huddle, Shotgun) 38-R.Stevenson left guard to IND 24 for 2 yards (99-D.Buckner).",4.096,-0.159
2022,9,November 6,home,Indianapolis Colts,https://www.pro-football-reference.com/boxscores/202211060nwe.htm,2,09:00,3,2,IND 24,3,0,(9:00) (Shotgun) 10-M.Jones pass incomplete short left to 38-R.Stevenson [99-D.Buckner].,3.937,-1.771
2022,9,November 6,home,Indianapolis Colts,https://www.pro-football-reference.com/boxscores/202211060nwe.htm,2,08:55,4,2,IND 24,6,0,"(8:55) 6-N.Folk 43 yard field goal is GOOD, Center-49-J.Cardona, Holder-7-J.Bailey.",2.165,0.835
2022,9,November 6,home,Indianapolis Colts,https://www.pro-football-reference.com/boxscores/202211060nwe.htm,2,08:50,,,NE 35,6,0,"7-J.Bailey kicks 65 yards from NE 35 to end zone, Touchback.",1.052,0.000
2022,9,November 6,home,Indianapolis Colts,https://www.pro-football-reference.com/boxscores/202211060nwe.htm,2,08:50,1,10,IND 25,6,0,(8:50) 4-S.Ehlinger pass incomplete short left to 35-D.Jackson.,1.052,-0.524
2022,9,November 6,home,Indianapolis Colts,https://www.pro-football-reference.com/boxscores/202211060nwe.htm,2,08:45,2,10,IND 25,6,0,"(8:45) (Shotgun) 35-D.Jackson up the middle to IND 27 for 2 yards (8-J.Bentley, 58-A.Jennings).",0.528,-0.500
2022,9,November 6,home,Indianapolis Colts,https://www.pro-football-reference.com/boxscores/202211060nwe.htm,2,08:03,3,8,IND 27,6,0,"(8:03) (Shotgun) 4-S.Ehlinger pass short left to 11-M.Pittman pushed ob at IND 39 for 12 yards (23-K.Dugger). PENALTY on IND-72-B.Smith, Illegal Use of Hands, 10 yards, enforced at IND 27 - No Play.",0.028,-1.097
2022,9,November 6,home,Indianapolis Colts,https://www.pro-football-reference.com/boxscores/202211060nwe.htm,2,07:41,3,18,IND 17,6,0,"(7:41) (Shotgun) 4-S.Ehlinger pass short left to 29-J.Wilkins to IND 26 for 9 yards (27-M.Bryant, 23-K.Dugger).",-1.070,-0.152
2022,9,November 6,home,Indianapolis Colts,https://www.pro-football-reference.com/boxscores/202211060nwe.htm,2,07:05,4,9,IND 26,6,0,"(7:05) 6-M.Haack punt is BLOCKED by 31-Jo.Jones, Center-46-L.Rhodes, RECOVERED by NE-41-B.Schooler at IND 8. 41-B.Schooler to IND 2 for 6 yards (6-M.Haack).",-1.222,-4.997
2022,9,November 6,home,Indianapolis Colts,https://www.pro-football-reference.com/boxscores/202211060nwe.htm,2,06:58,1,2,IND 2,6,0,(6:58) (Shotgun) 42-J.Taylor up the middle to IND 3 for -1 yards (44-Z.Franklin).,6.219,-0.594
2022,9,November 6,home,Indianapolis Colts,https://www.pro-football-reference.com/boxscores/202211060nwe.htm,2,06:18,2,3,IND 3,12,0,"(6:18) (Shotgun) 10-M.Jones pass short left to 38-R.Stevenson for 3 yards, TOUCHDOWN.",5.625,1.375
2022,9,November 6,home,Indianapolis Colts,https://www.pro-football-reference.com/boxscores/202211060nwe.htm,2,06:12,,,IND 15,13,0,"6-N.Folk extra point is GOOD, Center-49-J.Cardona, Holder-7-J.Bailey.",0.932,0.068
2022,9,November 6,home,Indianapolis Colts,https://www.pro-football-reference.com/boxscores/202211060nwe.htm,2,06:12,,,NE 35,13,0,7-J.Bailey kicks 66 yards from NE 35 to IND -1. 34-I.Rodgers to IND 23 for 24 yards (23-K.Dugger).,1.000,-0.249
2022,9,November 6,home,Indianapolis Colts,https://www.pro-football-reference.com/boxscores/202211060nwe.htm,2,06:05,1,10,IND 23,13,0,(6:05) 29-J.Wilkins right tackle to IND 27 for 4 yards (93-L.Guy).,0.751,-0.159
2022,9,November 6,home,Indianapolis Colts,https://www.pro-football-reference.com/boxscores/202211060nwe.htm,2,05:29,2,6,IND 27,13,0,(5:29) (Shotgun) 4-S.Ehlinger pass short left to 1-P.Campbell to IND 38 for 11 yards (32-D.McCourty; 21-A.Phillips).,0.593,1.089
2022,9,November 6,home,Indianapolis Colts,https://www.pro-football-reference.com/boxscores/202211060nwe.htm,2,04:50,1,10,IND 38,13,0,"(4:50) 35-D.Jackson left tackle to IND 39 for 1 yard (91-D.Wise, 93-L.Guy).",1.682,-0.590
2022,9,November 6,home,Indianapolis Colts,https://www.pro-football-reference.com/boxscores/202211060nwe.htm,2,04:10,2,9,IND 39,13,0,(4:10) (Shotgun) 4-S.Ehlinger pass incomplete short middle to 11-M.Pittman (2-J.Mills).,1.091,-0.607
2022,9,November 6,home,Indianapolis Colts,https://www.pro-football-reference.com/boxscores/202211060nwe.htm,2,04:05,3,9,IND 39,13,0,(4:05) (Shotgun) 4-S.Ehlinger sacked at IND 31 for -8 yards (55-J.Uche).,0.484,-1.528
2022,9,November 6,home,Indianapolis Colts,https://www.pro-football-reference.com/boxscores/202211060nwe.htm,2,03:26,4,17,IND 31,13,0,"(3:26) 6-M.Haack punts 45 yards to NE 24, Center-46-L.Rhodes, fair catch by 25-Ma.Jones.",-1.044,0.254
2022,9,November 6,home,Indianapolis Colts,https://www.pro-football-reference.com/boxscores/202211060nwe.htm,2,03:18,1,10,NE 24,13,0,(3:18) (Shotgun) 10-M.Jones pass short left to 38-R.Stevenson to NE 26 for 2 yards (5-S.Gilmore).,0.790,-0.286
2022,9,November 6,home,Indianapolis Colts,https://www.pro-football-reference.com/boxscores/202211060nwe.htm,2,02:45,2,8,NE 26,13,0,(2:45) (Shotgun) 38-R.Stevenson left end to NE 36 for 10 yards (26-R.McLeod).,0.504,1.119
2022,9,November 6,home,Indianapolis Colts,https://www.pro-football-reference.com/boxscores/202211060nwe.htm,2,02:09,1,10,NE 36,13,0,(2:09) (Shotgun) 38-R.Stevenson up the middle to NE 38 for 2 yards (90-G.Stewart).,1.624,-0.490
2022,9,November 6,home,Indianapolis Colts,https://www.pro-football-reference.com/boxscores/202211060nwe.htm,2,02:00,2,8,NE 38,13,0,(2:00) (Shotgun) 10-M.Jones pass incomplete short middle to 11-T.Thornton.,1.134,-0.482
2022,9,November 6,home,Indianapolis Colts,https://www.pro-football-reference.com/boxscores/202211060nwe.htm,2,01:57,3,8,NE 38,13,0,"(1:57) (Shotgun) PENALTY on IND-51-K.Paye, Neutral Zone Infraction, 5 yards, enforced at NE 38 - No Play.",0.651,0.689
2022,9,November 6,home,Indianapolis Colts,https://www.pro-football-reference.com/boxscores/202211060nwe.htm,2,01:57,3,3,NE 43,13,0,"(1:57) (Shotgun) 10-M.Jones sacked at NE 38 for -5 yards (sack split by 99-D.Buckner and 44-Z.Franklin). Penalty on NE-77-T.Brown, Offensive Holding, declined.",1.340,-1.814
2022,9,November 6,home,Indianapolis Colts,https://www.pro-football-reference.com/boxscores/202211060nwe.htm,2,01:45,4,8,NE 38,13,0,"(1:45) 7-J.Bailey punts 40 yards to IND 22, Center-49-J.Cardona. 15-K.Coutee to IND 30 for 8 yards (30-M.Wilson).",-0.474,-0.778
2022,9,November 6,home,Indianapolis Colts,https://www.pro-football-reference.com/boxscores/202211060nwe.htm,2,01:34,1,10,IND 30,13,0,(1:34) (Shotgun) 4-S.Ehlinger scrambles up the middle to IND 35 for 5 yards (8-J.Bentley).,1.252,-0.342
2022,9,November 6,home,Indianapolis Colts,https://www.pro-football-reference.com/boxscores/202211060nwe.htm,2,01:10,2,5,IND 35,13,0,"(1:10) (No Huddle, Shotgun) 4-S.Ehlinger scrambles right end pushed ob at IND 44 for 9 yards (27-M.Bryant).",0.909,0.812
2022,9,November 6,home,Indianapolis Colts,https://www.pro-football-reference.com/boxscores/202211060nwe.htm,2,01:01,1,10,IND 44,13,0,"(1:01) (Shotgun) PENALTY on NE-95-D.Ekuale, Encroachment, 5 yards, enforced at IND 44 - No Play.",1.721,0.502
2022,9,November 6,home,Indianapolis Colts,https://www.pro-football-reference.com/boxscores/202211060nwe.htm,2,01:01,1,5,IND 49,13,0,(1:01) (Shotgun) 4-S.Ehlinger pass incomplete short right [9-M.Judon]. thrown away from outside the pocket,2.224,-0.355
2022,9,November 6,home,Indianapolis Colts,https://www.pro-football-reference.com/boxscores/202211060nwe.htm,2,00:53,,,IND 49,13,0,Timeout #1 by NE at 00:53.,1.869,0.000
2022,9,November 6,home,Indianapolis Colts,https://www.pro-football-reference.com/boxscores/202211060nwe.htm,2,00:53,2,5,IND 49,13,0,(:53) (Shotgun) 4-S.Ehlinger pass short left to 35-D.Jackson to NE 46 for 5 yards (21-A.Phillips).,1.869,0.300
2022,9,November 6,home,Indianapolis Colts,https://www.pro-football-reference.com/boxscores/202211060nwe.htm,2,00:44,,,NE 46,13,0,Timeout #1 by IND at 00:44.,2.169,0.000
2022,9,November 6,home,Indianapolis Colts,https://www.pro-football-reference.com/boxscores/202211060nwe.htm,2,00:44,1,10,NE 46,13,0,(:44) (Shotgun) 4-S.Ehlinger pass short right to 14-A.Pierce pushed ob at NE 23 for 23 yards (32-D.McCourty).,2.169,1.595
2022,9,November 6,home,Indianapolis Colts,https://www.pro-football-reference.com/boxscores/202211060nwe.htm,2,00:36,1,10,NE 23,13,0,(:36) (Shotgun) 4-S.Ehlinger pass short middle to 1-P.Campbell pushed ob at NE 19 for 4 yards (27-M.Bryant).,3.764,0.013
2022,9,November 6,home,Indianapolis Colts,https://www.pro-football-reference.com/boxscores/202211060nwe.htm,2,00:30,2,6,NE 19,13,0,"(:30) (Shotgun) 4-S.Ehlinger pass short left to 1-P.Campbell to NE 23 for -4 yards (23-K.Dugger). The Replay Official reviewed the pass completion ruling, and the play was REVERSED. (Shotgun) 4-S.Ehlinger pass incomplete short left to 1-P.Campbell.",3.777,-0.421
2022,9,November 6,home,Indianapolis Colts,https://www.pro-football-reference.com/boxscores/202211060nwe.htm,2,00:27,3,6,NE 19,13,0,(:27) (Shotgun) 4-S.Ehlinger sacked ob at NE 21 for -2 yards (55-J.Uche).,3.356,-0.778
2022,9,November 6,home,Indianapolis Colts,https://www.pro-football-reference.com/boxscores/202211060nwe.htm,2,00:21,4,8,NE 21,13,0,"(:21) 7-C.McLaughlin 39 yard field goal is No Good, Wide Left, Center-46-L.Rhodes, Holder-6-M.Haack.",2.578,-2.578
2022,9,November 6,home,Indianapolis Colts,https://www.pro-football-reference.com/boxscores/202211060nwe.htm,2,00:18,1,10,NE 29,13,0,(:18) 10-M.Jones kneels to NE 27 for -2 yards.,0.000,0.000
2022,9,November 6,home,Indianapolis Colts,https://www.pro-football-reference.com/boxscores/202211060nwe.htm,3,15:00,,,NE 35,13,0,"7-J.Bailey kicks 65 yards from NE 35 to end zone, Touchback.",0.770,0.000
2022,9,November 6,home,Indianapolis Colts,https://www.pro-football-reference.com/boxscores/202211060nwe.htm,3,15:00,1,10,IND 25,13,0,"(15:00) 35-D.Jackson left tackle to IND 27 for 2 yards (48-J.Tavai, 91-D.Wise).",0.770,-0.464
2022,9,November 6,home,Indianapolis Colts,https://www.pro-football-reference.com/boxscores/202211060nwe.htm,3,14:20,2,8,IND 27,13,0,(14:20) (Shotgun) 4-S.Ehlinger pass incomplete deep right to 1-P.Campbell [48-J.Tavai].,0.306,-0.763
2022,9,November 6,home,Indianapolis Colts,https://www.pro-football-reference.com/boxscores/202211060nwe.htm,3,14:15,3,8,IND 27,13,0,(14:15) (Shotgun) 4-S.Ehlinger sacked at IND 26 for -1 yards (55-J.Uche).,-0.457,-1.485
2022,9,November 6,home,Indianapolis Colts,https://www.pro-football-reference.com/boxscores/202211060nwe.htm,3,13:34,4,9,IND 26,13,0,"(13:34) 6-M.Haack punts 40 yards to NE 34, Center-46-L.Rhodes, downed by IND-33-D.Flowers.",-1.941,-0.163
2022,9,November 6,home,Indianapolis Colts,https://www.pro-football-reference.com/boxscores/202211060nwe.htm,3,13:24,1,10,NE 34,13,0,(13:24) 42-J.Taylor right tackle to NE 31 for -3 yards (90-G.Stewart).,2.105,-1.062
2022,9,November 6,home,Indianapolis Colts,https://www.pro-football-reference.com/boxscores/202211060nwe.htm,3,12:46,2,13,NE 31,13,0,"(12:46) (Shotgun) 10-M.Jones pass short left to 16-J.Meyers to NE 39 for 8 yards (58-B.Okereke). FUMBLES (58-B.Okereke), RECOVERED by IND-58-B.Okereke at NE 40.",1.042,-4.318
2022,9,November 6,home,Indianapolis Colts,https://www.pro-football-reference.com/boxscores/202211060nwe.htm,3,12:40,1,10,NE 40,13,0,(12:40) (Shotgun) 4-S.Ehlinger pass short middle to 11-M.Pittman to NE 33 for 7 yards (21-A.Phillips).,3.276,0.412
2022,9,November 6,home,Indianapolis Colts,https://www.pro-football-reference.com/boxscores/202211060nwe.htm,3,12:05,2,3,NE 33,13,0,(12:05) (Shotgun) 35-D.Jackson up the middle to NE 28 for 5 yards (92-D.Godchaux; 93-L.Guy).,3.688,0.377
2022,9,November 6,home,Indianapolis Colts,https://www.pro-football-reference.com/boxscores/202211060nwe.htm,3,11:25,1,10,NE 28,13,0,(11:25) 4-S.Ehlinger pass short right to 35-D.Jackson pushed ob at NE 20 for 8 yards (23-K.Dugger). IND-35-D.Jackson was injured during the play.,4.065,0.460
2022,9,November 6,home,Indianapolis Colts,https://www.pro-football-reference.com/boxscores/202211060nwe.htm,3,10:55,2,2,NE 20,13,0,(10:55) 29-J.Wilkins right guard to NE 16 for 4 yards (21-A.Phillips; 9-M.Judon).,4.525,0.239
2022,9,November 6,home,Indianapolis Colts,https://www.pro-football-reference.com/boxscores/202211060nwe.htm,3,10:10,1,10,NE 16,13,0,(10:10) 1-P.Campbell left tackle to NE 15 for 1 yard (8-J.Bentley).,4.763,-0.395
2022,9,November 6,home,Indianapolis Colts,https://www.pro-football-reference.com/boxscores/202211060nwe.htm,3,09:32,2,9,NE 15,13,0,"(9:32) (Shotgun) 4-S.Ehlinger pass short right to 29-J.Wilkins to NE 13 for 2 yards (21-A.Phillips, 9-M.Judon).",4.368,-0.518
2022,9,November 6,home,Indianapolis Colts,https://www.pro-football-reference.com/boxscores/202211060nwe.htm,3,08:47,3,7,NE 13,13,0,"(8:47) (Shotgun) 4-S.Ehlinger sacked at NE 22 for -9 yards (9-M.Judon). NE 9-Judon 3rd sack of game, ties career high.",3.850,-1.476
2022,9,November 6,home,Indianapolis Colts,https://www.pro-football-reference.com/boxscores/202211060nwe.htm,3,08:04,4,16,NE 22,13,3,"(8:04) 7-C.McLaughlin 40 yard field goal is GOOD, Center-46-L.Rhodes, Holder-6-M.Haack.",2.374,0.626
2022,9,November 6,home,Indianapolis Colts,https://www.pro-football-reference.com/boxscores/202211060nwe.htm,3,08:00,,,IND 35,13,3,7-C.McLaughlin kicks 64 yards from IND 35 to NE 1. 25-Ma.Jones to NE 33 for 32 yards (26-R.McLeod; 32-J.Blackmon).,1.405,0.530
2022,9,November 6,home,Indianapolis Colts,https://www.pro-football-reference.com/boxscores/202211060nwe.htm,3,07:53,1,10,NE 33,13,3,(7:53) (Shotgun) 10-M.Jones pass short right to 11-T.Thornton pushed ob at NE 38 for 5 yards (23-K.Moore).,1.935,-0.004
2022,9,November 6,home,Indianapolis Colts,https://www.pro-football-reference.com/boxscores/202211060nwe.htm,3,07:16,2,5,NE 38,13,3,(7:16) (Shotgun) 38-R.Stevenson right guard to NE 44 for 6 yards (25-R.Thomas).,1.931,0.699
2022,9,November 6,home,Indianapolis Colts,https://www.pro-football-reference.com/boxscores/202211060nwe.htm,3,06:39,1,10,NE 44,13,3,(6:39) 10-M.Jones pass short left to 81-J.Smith to NE 46 for 2 yards (44-Z.Franklin). NE-81-J.Smith was injured during the play.,2.629,-0.389
2022,9,November 6,home,Indianapolis Colts,https://www.pro-football-reference.com/boxscores/202211060nwe.htm,3,06:00,2,8,NE 46,13,3,(6:00) (Shotgun) 10-M.Jones pass short middle to 16-J.Meyers to IND 48 for 6 yards (25-R.Thomas).,2.241,0.127
2022,9,November 6,home,Indianapolis Colts,https://www.pro-football-reference.com/boxscores/202211060nwe.htm,3,05:24,3,2,IND 48,13,3,(5:24) (Shotgun) 10-M.Jones pass deep right to 16-J.Meyers to IND 31 for 17 yards (25-R.Thomas).,2.368,1.745
2022,9,November 6,home,Indianapolis Colts,https://www.pro-football-reference.com/boxscores/202211060nwe.htm,3,04:55,1,10,IND 31,13,3,"(4:55) (No Huddle, Shotgun) 38-R.Stevenson left guard to IND 25 for 6 yards (99-D.Buckner; 23-K.Moore).",4.113,0.243
2022,9,November 6,home,Indianapolis Colts,https://www.pro-football-reference.com/boxscores/202211060nwe.htm,3,04:33,2,4,IND 25,13,3,"(4:33) (No Huddle, Shotgun) 10-M.Jones pass incomplete deep left to 11-T.Thornton.",4.356,-0.663
2022,9,November 6,home,Indianapolis Colts,https://www.pro-football-reference.com/boxscores/202211060nwe.htm,3,04:28,3,4,IND 25,13,3,(4:28) (Shotgun) 10-M.Jones pass incomplete short left to 38-R.Stevenson.,3.693,-1.676
2022,9,November 6,home,Indianapolis Colts,https://www.pro-football-reference.com/boxscores/202211060nwe.htm,3,04:22,4,4,IND 25,16,3,"(4:22) 6-N.Folk 43 yard field goal is GOOD, Center-49-J.Cardona, Holder-7-J.Bailey.",2.017,0.983
2022,9,November 6,home,Indianapolis Colts,https://www.pro-football-reference.com/boxscores/202211060nwe.htm,3,04:17,,,NE 35,16,3,7-J.Bailey kicks 63 yards from NE 35 to IND 2. 34-I.Rodgers to IND 24 for 22 yards (35-P.Strong).,0.876,-0.254
2022,9,November 6,home,Indianapolis Colts,https://www.pro-football-reference.com/boxscores/202211060nwe.htm,3,04:11,1,10,IND 24,16,3,(4:11) (Shotgun) 4-S.Ehlinger pass short right to 80-J.Woods pushed ob at IND 26 for 2 yards (32-D.McCourty).,0.622,-0.322
2022,9,November 6,home,Indianapolis Colts,https://www.pro-football-reference.com/boxscores/202211060nwe.htm,3,03:39,2,8,IND 26,16,3,(3:39) (Shotgun) 4-S.Ehlinger pass short middle to 81-M.Alie-Cox to IND 31 for 5 yards (48-J.Tavai).,0.300,0.049
2022,9,November 6,home,Indianapolis Colts,https://www.pro-football-reference.com/boxscores/202211060nwe.htm,3,02:59,3,3,IND 31,16,3,(2:59) (Shotgun) 4-S.Ehlinger pass incomplete deep left to 80-J.Woods (32-D.McCourty). IND-80-J.Woods was injured during the play.,0.349,-1.541
2022,9,November 6,home,Indianapolis Colts,https://www.pro-football-reference.com/boxscores/202211060nwe.htm,3,02:54,4,3,IND 31,16,3,"(2:54) 6-M.Haack punts 54 yards to NE 15, Center-46-L.Rhodes. 25-Ma.Jones to NE 22 for 7 yards (46-L.Rhodes).",-1.191,0.257
2022,9,November 6,home,Indianapolis Colts,https://www.pro-football-reference.com/boxscores/202211060nwe.htm,3,02:43,1,10,NE 22,16,3,(2:43) 10-M.Jones pass incomplete short right.,0.934,-0.589
2022,9,November 6,home,Indianapolis Colts,https://www.pro-football-reference.com/boxscores/202211060nwe.htm,3,02:39,2,10,NE 22,16,3,(2:39) (Shotgun) 42-J.Taylor right guard to NE 25 for 3 yards (53-S.Leonard).,0.346,-0.243
2022,9,November 6,home,Indianapolis Colts,https://www.pro-football-reference.com/boxscores/202211060nwe.htm,3,02:00,3,7,NE 25,16,3,(2:00) (Shotgun) 10-M.Jones pass incomplete short left to 16-J.Meyers.,0.103,-1.469
2022,9,November 6,home,Indianapolis Colts,https://www.pro-football-reference.com/boxscores/202211060nwe.htm,3,01:51,4,7,NE 25,16,3,"(1:51) 7-J.Bailey punts 39 yards to IND 36, Center-49-J.Cardona, out of bounds.",-1.366,-0.265
2022,9,November 6,home,Indianapolis Colts,https://www.pro-football-reference.com/boxscores/202211060nwe.htm,3,01:45,1,10,IND 36,16,3,(1:45) (Shotgun) 4-S.Ehlinger pass short middle to 11-M.Pittman to IND 41 for 5 yards (31-Jo.Jones) [8-J.Bentley].,1.631,0.031
2022,9,November 6,home,Indianapolis Colts,https://www.pro-football-reference.com/boxscores/202211060nwe.htm,3,01:03,2,5,IND 41,16,3,(1:03) (Shotgun) 4-S.Ehlinger scrambles right end pushed ob at IND 45 for 4 yards (3-J.Peppers).,1.661,0.121
2022,9,November 6,home,Indianapolis Colts,https://www.pro-football-reference.com/boxscores/202211060nwe.htm,3,00:24,3,1,IND 45,16,3,(:24) 63-D.Pinter reported in as eligible.  83-K.Granson up the middle to IND 45 for no gain (3-J.Peppers).,1.782,-1.753
2022,9,November 6,home,Indianapolis Colts,https://www.pro-football-reference.com/boxscores/202211060nwe.htm,4,15:00,4,1,IND 45,16,3,(15:00) 35-D.Jackson right end to IND 45 for no gain (9-M.Judon).,0.029,-3.089
2022,9,November 6,home,Indianapolis Colts,https://www.pro-football-reference.com/boxscores/202211060nwe.htm,4,14:55,1,10,IND 45,16,3,(14:55) 10-M.Jones pass incomplete deep left to 11-T.Thornton.,3.060,-0.520
2022,9,November 6,home,Indianapolis Colts,https://www.pro-football-reference.com/boxscores/202211060nwe.htm,4,14:52,2,10,IND 45,16,3,(14:52) (Shotgun) 10-M.Jones pass short middle to 84-K.Bourne to IND 44 for 1 yard (51-K.Paye).,2.540,-0.842
2022,9,November 6,home,Indianapolis Colts,https://www.pro-football-reference.com/boxscores/202211060nwe.htm,4,14:17,3,9,IND 44,16,3,"(14:17) (Shotgun) 10-M.Jones pass deep middle to 85-H.Henry to IND 14 for 30 yards (26-R.McLeod, 32-J.Blackmon).",1.698,3.368
2022,9,November 6,home,Indianapolis Colts,https://www.pro-football-reference.com/boxscores/202211060nwe.htm,4,13:44,1,10,IND 14,16,3,(13:44) 38-R.Stevenson left tackle to IND 12 for 2 yards (99-D.Buckner).,5.066,-0.454
2022,9,November 6,home,Indianapolis Colts,https://www.pro-football-reference.com/boxscores/202211060nwe.htm,4,13:10,2,8,IND 12,16,3,(13:10) 10-M.Jones pass short left to 38-R.Stevenson to IND 7 for 5 yards (99-D.Buckner). IND-99-D.Buckner was injured during the play.,4.612,-0.051
2022,9,November 6,home,Indianapolis Colts,https://www.pro-football-reference.com/boxscores/202211060nwe.htm,4,12:30,3,3,IND 7,16,3,(12:30) (Shotgun) 10-M.Jones pass short left to 16-J.Meyers to IND 2 for 5 yards (5-S.Gilmore; 23-K.Moore).,4.561,1.738
2022,9,November 6,home,Indianapolis Colts,https://www.pro-football-reference.com/boxscores/202211060nwe.htm,4,12:07,1,2,IND 2,16,3,"(12:07) (No Huddle, Shotgun) 38-R.Stevenson left guard to IND 5 for -3 yards (44-Z.Franklin).",6.299,-0.943
2022,9,November 6,home,Indianapolis Colts,https://www.pro-football-reference.com/boxscores/202211060nwe.htm,4,11:34,2,5,IND 5,16,3,(11:34) (Shotgun) 38-R.Stevenson up the middle to IND 5 for no gain (51-K.Paye).,5.356,-1.008
2022,9,November 6,home,Indianapolis Colts,https://www.pro-football-reference.com/boxscores/202211060nwe.htm,4,10:57,3,5,IND 5,16,3,(10:57) (Shotgun) 10-M.Jones sacked at IND 5 for 0 yards (32-J.Blackmon).,4.348,-1.450
2022,9,November 6,home,Indianapolis Colts,https://www.pro-football-reference.com/boxscores/202211060nwe.htm,4,10:13,4,5,IND 5,16,3,"(10:13) (Field Goal formation) PENALTY on NE-49-J.Cardona, False Start, 5 yards, enforced at IND 5 - No Play.",2.899,-0.027
2022,9,November 6,home,Indianapolis Colts,https://www.pro-football-reference.com/boxscores/202211060nwe.htm,4,10:13,4,10,IND 10,19,3,"(10:13) 6-N.Folk 28 yard field goal is GOOD, Center-49-J.Cardona, Holder-7-J.Bailey.",2.872,0.128
2022,9,November 6,home,Indianapolis Colts,https://www.pro-football-reference.com/boxscores/202211060nwe.htm,4,10:10,,,NE 35,19,3,"7-J.Bailey kicks 65 yards from NE 35 to end zone, Touchback.",1.087,0.000
2022,9,November 6,home,Indianapolis Colts,https://www.pro-football-reference.com/boxscores/202211060nwe.htm,4,10:10,1,10,IND 25,19,3,(10:10) (Shotgun) 4-S.Ehlinger pass incomplete short left to 29-J.Wilkins (13-Ja.Jones).,1.087,-0.530
2022,9,November 6,home,Indianapolis Colts,https://www.pro-football-reference.com/boxscores/202211060nwe.htm,4,10:05,2,10,IND 25,19,3,(10:05) (Shotgun) 4-S.Ehlinger sacked at IND 10 for -15 yards (sack split by 48-J.Tavai and 91-D.Wise).,0.557,-2.287
2022,9,November 6,home,Indianapolis Colts,https://www.pro-football-reference.com/boxscores/202211060nwe.htm,4,09:18,3,25,IND 10,19,3,"(9:18) (Shotgun) 4-S.Ehlinger pass short left to 11-M.Pittman to IND 20 for 10 yards (55-J.Uche, 30-M.Wilson).",-1.730,-0.024
2022,9,November 6,home,Indianapolis Colts,https://www.pro-football-reference.com/boxscores/202211060nwe.htm,4,08:41,4,15,IND 20,19,3,"(8:41) 6-M.Haack punts 52 yards to NE 28, Center-46-L.Rhodes. 25-Ma.Jones to NE 32 for 4 yards (45-E.Speed).",-1.754,0.188
2022,9,November 6,home,Indianapolis Colts,https://www.pro-football-reference.com/boxscores/202211060nwe.htm,4,08:30,1,10,NE 32,19,3,(8:30) 42-J.Taylor left tackle to NE 30 for -2 yards (90-G.Stewart).,1.566,-0.790
2022,9,November 6,home,Indianapolis Colts,https://www.pro-football-reference.com/boxscores/202211060nwe.htm,4,07:58,2,12,NE 30,19,3,(7:58) (Shotgun) 42-J.Taylor left guard to NE 35 for 5 yards (23-K.Moore).,0.776,-0.108
2022,9,November 6,home,Indianapolis Colts,https://www.pro-football-reference.com/boxscores/202211060nwe.htm,4,07:24,3,7,NE 35,19,3,(7:24) (Shotgun) 10-M.Jones pass short left to 85-H.Henry to NE 46 for 11 yards (53-S.Leonard; 26-R.McLeod).,0.668,1.788
2022,9,November 6,home,Indianapolis Colts,https://www.pro-football-reference.com/boxscores/202211060nwe.htm,4,06:51,1,10,NE 46,19,3,"(6:51) (Shotgun) 10-M.Jones pass short right to 84-K.Bourne to NE 46 for no gain (34-I.Rodgers). FUMBLES (34-I.Rodgers), touched at NE 48, recovered by NE-42-J.Taylor at NE 46.",2.455,-0.509
2022,9,November 6,home,Indianapolis Colts,https://www.pro-football-reference.com/boxscores/202211060nwe.htm,4,06:07,2,10,NE 46,19,3,(6:07) 10-M.Jones pass short left to 81-J.Smith to NE 41 for -5 yards (26-R.McLeod).,1.947,-1.538
2022,9,November 6,home,Indianapolis Colts,https://www.pro-football-reference.com/boxscores/202211060nwe.htm,4,05:26,3,15,NE 41,19,3,(5:26) (Shotgun) 38-R.Stevenson left end to NE 49 for 8 yards (44-Z.Franklin).,0.409,-0.450
2022,9,November 6,home,Indianapolis Colts,https://www.pro-football-reference.com/boxscores/202211060nwe.htm,4,05:19,,,NE 49,19,3,Timeout #1 by IND at 05:19.,-0.041,0.000
2022,9,November 6,home,Indianapolis Colts,https://www.pro-football-reference.com/boxscores/202211060nwe.htm,4,05:19,4,7,NE 49,19,3,"(5:19) 7-J.Bailey punts 44 yards to IND 7, Center-49-J.Cardona. 15-K.Coutee to IND 11 for 4 yards (41-B.Schooler, 18-M.Slater).",-0.041,0.190
2022,9,November 6,home,Indianapolis Colts,https://www.pro-football-reference.com/boxscores/202211060nwe.htm,4,05:09,1,10,IND 11,19,3,(5:09) (Shotgun) 4-S.Ehlinger pass short right to 29-J.Wilkins pushed ob at IND 15 for 4 yards (13-Ja.Jones; 3-J.Peppers).,-0.150,-0.130
2022,9,November 6,home,Indianapolis Colts,https://www.pro-football-reference.com/boxscores/202211060nwe.htm,4,04:47,2,6,IND 15,19,3,"(4:47) (No Huddle, Shotgun) 4-S.Ehlinger sacked at IND 6 for -9 yards (50-R.McMillan).",-0.279,-1.397
2022,9,November 6,home,Indianapolis Colts,https://www.pro-football-reference.com/boxscores/202211060nwe.htm,4,04:07,3,15,IND 6,25,3,"(4:07) (Shotgun) 4-S.Ehlinger pass short left intended for 83-K.Granson INTERCEPTED by 31-Jo.Jones at IND 17. 31-Jo.Jones for 17 yards, TOUCHDOWN.",-1.677,-5.323
2022,9,November 6,home,Indianapolis Colts,https://www.pro-football-reference.com/boxscores/202211060nwe.htm,4,03:59,,,IND 15,26,3,"6-N.Folk extra point is GOOD, Center-49-J.Cardona, Holder-7-J.Bailey.",0.932,0.068
2022,9,November 6,home,Indianapolis Colts,https://www.pro-football-reference.com/boxscores/202211060nwe.htm,4,03:59,,,NE 35,26,3,"7-J.Bailey kicks 65 yards from NE 35 to end zone, Touchback.",0.635,0.000
2022,9,November 6,home,Indianapolis Colts,https://www.pro-football-reference.com/boxscores/202211060nwe.htm,4,03:59,1,10,IND 25,26,3,(3:59) (Shotgun) 4-S.Ehlinger pass short left to 29-J.Wilkins to IND 25 for no gain (8-J.Bentley; 55-J.Uche).,0.635,-0.484
2022,9,November 6,home,Indianapolis Colts,https://www.pro-football-reference.com/boxscores/202211060nwe.htm,4,03:33,2,10,IND 25,26,3,"(3:33) (No Huddle, Shotgun) 4-S.Ehlinger scrambles left tackle ran ob at IND 44 for 19 yards (32-D.McCourty).",0.152,1.482
2022,9,November 6,home,Indianapolis Colts,https://www.pro-football-reference.com/boxscores/202211060nwe.htm,4,03:24,1,10,IND 44,26,3,(3:24) (Shotgun) 4-S.Ehlinger pass short left to 81-M.Alie-Cox to NE 48 for 8 yards (25-Ma.Jones; 3-J.Peppers).,1.633,0.614
2022,9,November 6,home,Indianapolis Colts,https://www.pro-football-reference.com/boxscores/202211060nwe.htm,4,02:55,2,2,NE 48,26,3,"(2:55) (No Huddle, Shotgun) 4-S.Ehlinger pass incomplete short right to 30-P.Lindsay (58-A.Jennings).",2.247,-0.529
2022,9,November 6,home,Indianapolis Colts,https://www.pro-football-reference.com/boxscores/202211060nwe.htm,4,02:49,3,2,NE 48,26,3,(2:49) (Shotgun) 4-S.Ehlinger pass incomplete short middle to 11-M.Pittman (32-D.McCourty).,1.718,-1.565
2022,9,November 6,home,Indianapolis Colts,https://www.pro-football-reference.com/boxscores/202211060nwe.htm,4,02:46,4,2,NE 48,26,3,(2:46) (Shotgun) 4-S.Ehlinger pass incomplete deep right to 1-P.Campbell (27-M.Bryant).,0.153,-2.228
2022,9,November 6,home,Indianapolis Colts,https://www.pro-football-reference.com/boxscores/202211060nwe.htm,4,02:40,,,NE 48,26,3,Timeout #1 by NE at 02:40.,2.075,0.000
2022,9,November 6,home,Indianapolis Colts,https://www.pro-football-reference.com/boxscores/202211060nwe.htm,4,02:40,1,10,NE 48,26,3,"(2:40) 42-J.Taylor up the middle to IND 49 for 3 yards (58-B.Okereke, 90-G.Stewart).",2.075,-0.215
2022,9,November 6,home,Indianapolis Colts,https://www.pro-football-reference.com/boxscores/202211060nwe.htm,4,02:00,2,7,IND 49,26,3,(2:00) 42-J.Taylor up the middle to IND 49 for no gain (51-K.Paye).,1.860,-0.419
2022,9,November 6,home,Indianapolis Colts,https://www.pro-football-reference.com/boxscores/202211060nwe.htm,4,01:18,3,7,IND 49,26,3,"(1:18) 42-J.Taylor right tackle to IND 47 for 2 yards (5-S.Gilmore, 51-K.Paye).",1.441,-1.052
2022,9,November 6,home,Indianapolis Colts,https://www.pro-football-reference.com/boxscores/202211060nwe.htm,4,00:36,4,5,IND 47,26,3,"(:36) 7-J.Bailey punts 7 yards to IND 40, Center-49-J.Cardona, out of bounds.",0.389,-1.161
2022,9,November 6,home,Indianapolis Colts,https://www.pro-football-reference.com/boxscores/202211060nwe.htm,4,00:29,,,IND 40,26,3,Timeout #2 by NE at 00:29.,0.772,0.000
2022,9,November 6,home,Indianapolis Colts,https://www.pro-football-reference.com/boxscores/202211060nwe.htm,4,00:29,1,10,IND 40,26,3,(:29) (Shotgun) 29-J.Wilkins up the middle to IND 45 for 5 yards (55-J.Uche).,0.772,-0.772
2022,11,November 20,home,New York Jets,https://www.pro-football-reference.com/boxscores/202211200nwe.htm,1,15:00,,,NYJ 35,0,0,"7-B.Mann kicks 65 yards from NYJ 35 to end zone, Touchback. start delayed due to technical difficulties",1.474,0.000
2022,11,November 20,home,New York Jets,https://www.pro-football-reference.com/boxscores/202211200nwe.htm,1,15:00,1,10,NE 25,0,0,(15:00) (Shotgun) 10-M.Jones sacked at NE 18 for -7 yards (sack split by 91-J.Franklin-Myers and 56-Qu.Williams).,1.474,-1.629
2022,11,November 20,home,New York Jets,https://www.pro-football-reference.com/boxscores/202211200nwe.htm,1,14:26,2,17,NE 18,0,0,(14:26) 37-D.Harris left guard to NE 22 for 4 yards (58-C.Lawson).,-0.154,-0.636
2022,11,November 20,home,New York Jets,https://www.pro-football-reference.com/boxscores/202211200nwe.htm,1,13:44,3,13,NE 22,0,0,(13:44) (Shotgun) 10-M.Jones pass short middle to 15-N.Agholor to NE 29 for 7 yards (57-C.Mosley).,-0.790,-0.049
2022,11,November 20,home,New York Jets,https://www.pro-football-reference.com/boxscores/202211200nwe.htm,1,13:15,4,6,NE 29,0,0,"(13:15) 17-M.Palardy punts 46 yards to NYJ 25, Center-49-J.Cardona, fair catch by 10-B.Berrios.",-0.839,-0.055
2022,11,November 20,home,New York Jets,https://www.pro-football-reference.com/boxscores/202211200nwe.htm,1,13:07,1,10,NYJ 25,0,0,(13:07) 2-Z.Wilson scrambles right end pushed ob at NYJ 31 for 6 yards (9-M.Judon).,0.894,0.211
2022,11,November 20,home,New York Jets,https://www.pro-football-reference.com/boxscores/202211200nwe.htm,1,12:34,2,4,NYJ 31,0,0,"(12:34) 32-Mi.Carter left guard to NYJ 31 for no gain (8-J.Bentley, 9-M.Judon).",1.104,-0.834
2022,11,November 20,home,New York Jets,https://www.pro-football-reference.com/boxscores/202211200nwe.htm,1,11:52,3,4,NYJ 31,0,0,(11:52) (Shotgun) 2-Z.Wilson pass incomplete short left. thrown away from outside the pocket,0.270,-1.473
2022,11,November 20,home,New York Jets,https://www.pro-football-reference.com/boxscores/202211200nwe.htm,1,11:48,4,4,NYJ 31,0,0,"(11:48) 7-B.Mann punts 43 yards to NE 26, Center-42-T.Hennessy, fair catch by 25-Ma.Jones.",-1.203,-0.268
2022,11,November 20,home,New York Jets,https://www.pro-football-reference.com/boxscores/202211200nwe.htm,1,11:40,1,10,NE 26,0,0,(11:40) (Shotgun) 38-R.Stevenson up the middle to NE 27 for 1 yard (30-M.Carter).,1.470,-0.505
2022,11,November 20,home,New York Jets,https://www.pro-football-reference.com/boxscores/202211200nwe.htm,1,11:04,2,9,NE 27,0,0,(11:04) (Shotgun) 10-M.Jones pass short left to 81-J.Smith to NE 34 for 7 yards (4-D.Reed).,0.966,0.362
2022,11,November 20,home,New York Jets,https://www.pro-football-reference.com/boxscores/202211200nwe.htm,1,10:24,3,2,NE 34,0,0,(10:24) (Shotgun) 10-M.Jones pass incomplete short left to 11-T.Thornton (1-A.Gardner).,1.328,-1.723
2022,11,November 20,home,New York Jets,https://www.pro-football-reference.com/boxscores/202211200nwe.htm,1,10:19,4,2,NE 34,0,0,"(10:19) (Punt formation) PENALTY on NE-49-J.Cardona, False Start, 5 yards, enforced at NE 34 - No Play.",-0.396,-0.544
2022,11,November 20,home,New York Jets,https://www.pro-football-reference.com/boxscores/202211200nwe.htm,1,10:19,4,7,NE 29,0,0,"(10:19) 17-M.Palardy punts 48 yards to NYJ 23, Center-49-J.Cardona, fair catch by 10-B.Berrios.",-0.940,0.389
2022,11,November 20,home,New York Jets,https://www.pro-football-reference.com/boxscores/202211200nwe.htm,1,10:11,1,10,NYJ 23,0,0,(10:11) 23-J.Robinson right tackle to NYJ 24 for 1 yard (9-M.Judon).,0.551,-0.520
2022,11,November 20,home,New York Jets,https://www.pro-football-reference.com/boxscores/202211200nwe.htm,1,09:31,2,9,NYJ 24,0,0,"(9:31) (Shotgun) PENALTY on NYJ-70-C.Ogbuehi, False Start, 5 yards, enforced at NYJ 24 - No Play.",0.031,-0.644
2022,11,November 20,home,New York Jets,https://www.pro-football-reference.com/boxscores/202211200nwe.htm,1,09:09,2,14,NYJ 19,0,0,"(9:09) (Shotgun) 2-Z.Wilson scrambles left end pushed ob at NYJ 32 for 13 yards (8-J.Bentley). New York Jets challenged the short of the line to gain ruling, and the play was REVERSED. (Shotgun) 2-Z.Wilson scrambles left end pushed ob at NYJ 33 for 14 yards (8-J.Bentley).",-0.613,1.983
2022,11,November 20,home,New York Jets,https://www.pro-football-reference.com/boxscores/202211200nwe.htm,1,08:54,1,10,NYJ 33,0,0,(8:54) (Shotgun) 2-Z.Wilson pass incomplete short middle to 11-D.Mims.,1.369,-0.544
2022,11,November 20,home,New York Jets,https://www.pro-football-reference.com/boxscores/202211200nwe.htm,1,08:50,2,10,NYJ 33,0,0,(8:50) (Shotgun) 32-Mi.Carter left guard to NYJ 36 for 3 yards (92-D.Godchaux; 8-J.Bentley).,0.825,-0.494
2022,11,November 20,home,New York Jets,https://www.pro-football-reference.com/boxscores/202211200nwe.htm,1,08:12,3,7,NYJ 36,0,0,(8:12) (Shotgun) 2-Z.Wilson pass incomplete short right to 8-E.Moore.,0.331,-1.328
2022,11,November 20,home,New York Jets,https://www.pro-football-reference.com/boxscores/202211200nwe.htm,1,08:08,4,7,NYJ 36,0,0,"(8:08) 7-B.Mann punts 47 yards to NE 17, Center-42-T.Hennessy. 25-Ma.Jones to NE 19 for 2 yards (44-J.Sherwood). PENALTY on NYJ-44-J.Sherwood, Ineligible Downfield Kick, 5 yards, enforced at NYJ 36 - No Play.",-0.997,-0.461
2022,11,November 20,home,New York Jets,https://www.pro-football-reference.com/boxscores/202211200nwe.htm,1,07:59,4,12,NYJ 31,0,0,"(7:59) 7-B.Mann punts 18 yards to NYJ 49, Center-42-T.Hennessy, out of bounds. PENALTY on NE-50-R.McMillan, Running Into the Kicker, 5 yards, enforced at NYJ 31 - No Play.",-1.457,0.462
2022,11,November 20,home,New York Jets,https://www.pro-football-reference.com/boxscores/202211200nwe.htm,1,07:52,4,7,NYJ 36,0,0,"(7:52) 7-B.Mann punts 44 yards to NE 20, Center-42-T.Hennessy, downed by NYJ-34-J.Hardee.",-0.996,0.058
2022,11,November 20,home,New York Jets,https://www.pro-football-reference.com/boxscores/202211200nwe.htm,1,07:43,1,10,NE 20,0,0,(7:43) (Shotgun) 37-D.Harris right guard to NE 25 for 5 yards (57-C.Mosley; 29-L.Joyner).,0.937,0.134
2022,11,November 20,home,New York Jets,https://www.pro-football-reference.com/boxscores/202211200nwe.htm,1,07:07,2,5,NE 25,0,0,"(7:07) 37-D.Harris up the middle to NE 47 for 22 yards (29-L.Joyner, 56-Qu.Williams). NYJ-56-Qu.Williams was injured during the play. His return is Questionable.",1.071,1.776
2022,11,November 20,home,New York Jets,https://www.pro-football-reference.com/boxscores/202211200nwe.htm,1,06:30,1,10,NE 47,0,0,(6:30) 37-D.Harris left guard to NE 49 for 2 yards (72-M.Clemons).,2.847,-0.457
2022,11,November 20,home,New York Jets,https://www.pro-football-reference.com/boxscores/202211200nwe.htm,1,06:00,2,8,NE 49,0,0,(6:00) (Shotgun) 10-M.Jones pass short right to 16-J.Meyers to NYJ 40 for 11 yards (9-K.Alexander).,2.390,1.210
2022,11,November 20,home,New York Jets,https://www.pro-football-reference.com/boxscores/202211200nwe.htm,1,05:21,1,10,NYJ 40,0,0,(5:21) 37-D.Harris up the middle to NYJ 41 for -1 yards (3-J.Whitehead).,3.600,-0.906
2022,11,November 20,home,New York Jets,https://www.pro-football-reference.com/boxscores/202211200nwe.htm,1,04:41,2,11,NYJ 41,0,0,(4:41) (Shotgun) 10-M.Jones pass short left to 1-D.Parker to NYJ 31 for 10 yards (4-D.Reed).,2.694,0.954
2022,11,November 20,home,New York Jets,https://www.pro-football-reference.com/boxscores/202211200nwe.htm,1,04:12,3,1,NYJ 31,0,0,(4:12) 10-M.Jones up the middle to NYJ 29 for 2 yards (72-M.Clemons).,3.648,0.582
2022,11,November 20,home,New York Jets,https://www.pro-football-reference.com/boxscores/202211200nwe.htm,1,03:32,1,10,NYJ 29,0,0,(3:32) 38-R.Stevenson left guard to NYJ 27 for 2 yards (95-Q.Williams).,4.231,-0.337
2022,11,November 20,home,New York Jets,https://www.pro-football-reference.com/boxscores/202211200nwe.htm,1,02:58,2,8,NYJ 27,0,0,"(2:58) (Shotgun) 10-M.Jones pass short left to 38-R.Stevenson to NYJ 20 for 7 yards (57-C.Mosley, 29-L.Joyner). NE-60-D.Andrews was injured during the play. He is Out.",3.894,0.544
2022,11,November 20,home,New York Jets,https://www.pro-football-reference.com/boxscores/202211200nwe.htm,1,02:21,3,1,NYJ 20,0,0,"(2:21) 81-J.Smith left end to NYJ 19 for 1 yard. FUMBLES, and recovers at NYJ 15.",4.437,0.703
2022,11,November 20,home,New York Jets,https://www.pro-football-reference.com/boxscores/202211200nwe.htm,1,01:43,1,10,NYJ 15,0,0,"(1:43) (Shotgun) 38-R.Stevenson right tackle to NYJ 10 for 5 yards (95-Q.Williams). PENALTY on NE, Illegal Formation, 5 yards, enforced at NYJ 15 - No Play.",5.140,-0.783
2022,11,November 20,home,New York Jets,https://www.pro-football-reference.com/boxscores/202211200nwe.htm,1,01:24,1,15,NYJ 20,0,0,(1:24) (Shotgun) 10-M.Jones pass incomplete short middle to 16-J.Meyers (30-M.Carter).,4.357,-0.522
2022,11,November 20,home,New York Jets,https://www.pro-football-reference.com/boxscores/202211200nwe.htm,1,01:19,2,15,NYJ 20,0,0,(1:19) (Shotgun) 10-M.Jones pass short right to 38-R.Stevenson pushed ob at NYJ 14 for 6 yards (30-M.Carter).,3.834,0.004
2022,11,November 20,home,New York Jets,https://www.pro-football-reference.com/boxscores/202211200nwe.htm,1,00:48,3,9,NYJ 14,0,0,(:48) (Shotgun) 10-M.Jones pass short left to 84-K.Bourne to NYJ 6 for 8 yards (57-C.Mosley).,3.838,-0.899
2022,11,November 20,home,New York Jets,https://www.pro-football-reference.com/boxscores/202211200nwe.htm,2,15:00,,,NYJ 6,0,0,Timeout #1 by NE at 15:00.,2.939,0.000
2022,11,November 20,home,New York Jets,https://www.pro-football-reference.com/boxscores/202211200nwe.htm,2,15:00,4,1,NYJ 6,3,0,"(15:00) 6-N.Folk 24 yard field goal is GOOD, Center-49-J.Cardona, Holder-17-M.Palardy. NE 6-Folk 53rd consecutive FG under 40 yds (NFL record is 70, Tucker).",2.939,0.061
2022,11,November 20,home,New York Jets,https://www.pro-football-reference.com/boxscores/202211200nwe.htm,2,14:57,,,NE 35,3,0,6-N.Folk kicks 59 yards from NE 35 to NYJ 6. 10-B.Berrios to NYJ 27 for 21 yards (41-B.Schooler).,1.131,0.083
2022,11,November 20,home,New York Jets,https://www.pro-football-reference.com/boxscores/202211200nwe.htm,2,14:52,1,10,NYJ 27,3,0,(14:52) (Shotgun) 2-Z.Wilson pass incomplete short right to 32-Mi.Carter (91-D.Wise).,1.214,-0.540
2022,11,November 20,home,New York Jets,https://www.pro-football-reference.com/boxscores/202211200nwe.htm,2,14:48,2,10,NYJ 27,3,0,(14:48) (Shotgun) 2-Z.Wilson pass short left to 17-G.Wilson pushed ob at NYJ 33 for 6 yards (13-Ja.Jones).,0.673,0.002
2022,11,November 20,home,New York Jets,https://www.pro-football-reference.com/boxscores/202211200nwe.htm,2,14:06,3,4,NYJ 33,3,0,"(14:06) (Shotgun) PENALTY on NE-9-M.Judon, Neutral Zone Infraction, 5 yards, enforced at NYJ 33 - No Play.",0.675,1.237
2022,11,November 20,home,New York Jets,https://www.pro-football-reference.com/boxscores/202211200nwe.htm,2,13:44,1,10,NYJ 38,3,0,(13:44) (Shotgun) 32-Mi.Carter left guard to NYJ 41 for 3 yards (23-K.Dugger; 48-J.Tavai).,1.912,-0.202
2022,11,November 20,home,New York Jets,https://www.pro-football-reference.com/boxscores/202211200nwe.htm,2,12:59,2,7,NYJ 41,3,0,(12:59) (Shotgun) 2-Z.Wilson pass incomplete deep right to 17-G.Wilson [93-L.Guy].,1.710,-0.772
2022,11,November 20,home,New York Jets,https://www.pro-football-reference.com/boxscores/202211200nwe.htm,2,12:53,3,7,NYJ 41,3,0,(12:53) (Shotgun) 2-Z.Wilson pass deep left to 11-D.Mims to NE 25 for 34 yards (21-A.Phillips).,0.938,3.330
2022,11,November 20,home,New York Jets,https://www.pro-football-reference.com/boxscores/202211200nwe.htm,2,12:06,1,10,NE 25,3,0,"(12:06) (Shotgun) 32-Mi.Carter left guard to NE 24 for 1 yard (8-J.Bentley, 91-D.Wise).",4.268,-0.335
2022,11,November 20,home,New York Jets,https://www.pro-football-reference.com/boxscores/202211200nwe.htm,2,11:23,2,9,NE 24,3,0,(11:23) (Shotgun) 2-Z.Wilson scrambles left end ran ob at NE 18 for 6 yards (8-J.Bentley).,3.933,0.128
2022,11,November 20,home,New York Jets,https://www.pro-football-reference.com/boxscores/202211200nwe.htm,2,10:42,3,3,NE 18,3,0,"(10:42) (Shotgun) 25-T.Johnson left guard to NE 22 for -4 yards (91-D.Wise, 27-M.Bryant).",4.061,-1.602
2022,11,November 20,home,New York Jets,https://www.pro-football-reference.com/boxscores/202211200nwe.htm,2,09:57,4,7,NE 22,3,0,"(9:57) (Field Goal formation) PENALTY on NYJ, Delay of Game, 5 yards, enforced at NE 22 - No Play.",2.458,-0.550
2022,11,November 20,home,New York Jets,https://www.pro-football-reference.com/boxscores/202211200nwe.htm,2,09:42,4,12,NE 27,3,3,"(9:42) 6-G.Zuerlein 45 yard field goal is GOOD, Center-42-T.Hennessy, Holder-7-B.Mann.",1.908,1.092
2022,11,November 20,home,New York Jets,https://www.pro-football-reference.com/boxscores/202211200nwe.htm,2,09:38,,,NYJ 35,3,3,7-B.Mann kicks 50 yards from NYJ 35 to NE 15. 81-J.Smith to NE 30 for 15 yards (72-M.Clemons).,0.932,0.222
2022,11,November 20,home,New York Jets,https://www.pro-football-reference.com/boxscores/202211200nwe.htm,2,09:32,1,10,NE 30,3,3,(9:32) (Shotgun) 10-M.Jones pass short right to 81-J.Smith to NE 34 for 4 yards (3-J.Whitehead).,1.154,-0.151
2022,11,November 20,home,New York Jets,https://www.pro-football-reference.com/boxscores/202211200nwe.htm,2,08:55,2,6,NE 34,3,3,(8:55) 10-M.Jones pass incomplete deep left to 15-N.Agholor.,1.003,-0.734
2022,11,November 20,home,New York Jets,https://www.pro-football-reference.com/boxscores/202211200nwe.htm,2,08:47,3,6,NE 34,3,3,(8:47) (Shotgun) 10-M.Jones pass short middle to 16-J.Meyers to NE 47 for 13 yards (30-M.Carter).,0.269,1.978
2022,11,November 20,home,New York Jets,https://www.pro-football-reference.com/boxscores/202211200nwe.htm,2,08:04,1,10,NE 47,3,3,(8:04) 10-M.Jones pass short right to 81-J.Smith pushed ob at NYJ 27 for 26 yards (9-K.Alexander).,2.247,1.640
2022,11,November 20,home,New York Jets,https://www.pro-football-reference.com/boxscores/202211200nwe.htm,2,07:28,,,NYJ 27,3,3,Timeout #2 by NE at 07:28.,3.887,0.000
2022,11,November 20,home,New York Jets,https://www.pro-football-reference.com/boxscores/202211200nwe.htm,2,07:28,1,10,NYJ 27,3,3,"(7:28) 38-R.Stevenson right guard to NYJ 25 for 2 yards (56-Qu.Williams, 57-C.Mosley).",3.887,-0.343
2022,11,November 20,home,New York Jets,https://www.pro-football-reference.com/boxscores/202211200nwe.htm,2,06:58,2,8,NYJ 25,3,3,(6:58) (Shotgun) 10-M.Jones sacked at NYJ 33 for -8 yards (95-Q.Williams).,3.545,-1.485
2022,11,November 20,home,New York Jets,https://www.pro-football-reference.com/boxscores/202211200nwe.htm,2,06:16,3,16,NYJ 33,3,3,(6:16) (Shotgun) 10-M.Jones pass short right to 38-R.Stevenson to NYJ 15 for 18 yards (30-M.Carter).,2.060,2.590
2022,11,November 20,home,New York Jets,https://www.pro-football-reference.com/boxscores/202211200nwe.htm,2,05:29,1,10,NYJ 15,3,3,(5:29) 38-R.Stevenson left guard to NYJ 12 for 3 yards (57-C.Mosley).,4.650,-0.235
2022,11,November 20,home,New York Jets,https://www.pro-football-reference.com/boxscores/202211200nwe.htm,2,04:48,2,7,NYJ 12,3,3,(4:48) 38-R.Stevenson right tackle to NYJ 7 for 5 yards (1-A.Gardner).,4.415,0.186
2022,11,November 20,home,New York Jets,https://www.pro-football-reference.com/boxscores/202211200nwe.htm,2,04:05,3,2,NYJ 7,3,3,"(4:05) (Shotgun) 10-M.Jones scrambles right tackle to NYJ 4 for 3 yards (30-M.Carter). PENALTY on NE-72-Y.Cajuste, Offensive Holding, 10 yards, enforced at NYJ 7 - No Play.",4.601,-1.506
2022,11,November 20,home,New York Jets,https://www.pro-football-reference.com/boxscores/202211200nwe.htm,2,03:36,3,12,NYJ 17,3,3,(3:36) (Shotgun) 10-M.Jones sacked at NYJ 26 for -9 yards (58-C.Lawson).,3.094,-1.088
2022,11,November 20,home,New York Jets,https://www.pro-football-reference.com/boxscores/202211200nwe.htm,2,02:55,4,21,NYJ 26,3,3,"(2:55) 6-N.Folk 44 yard field goal is No Good, Hit Crossbar, Center-49-J.Cardona, Holder-17-M.Palardy.",2.006,-3.249
2022,11,November 20,home,New York Jets,https://www.pro-football-reference.com/boxscores/202211200nwe.htm,2,02:49,1,10,NYJ 34,3,3,(2:49) (Shotgun) 23-J.Robinson right guard to NYJ 37 for 3 yards (8-J.Bentley).,1.243,-0.295
2022,11,November 20,home,New York Jets,https://www.pro-football-reference.com/boxscores/202211200nwe.htm,2,02:08,2,7,NYJ 37,3,3,(2:08) 23-J.Robinson left end pushed ob at NYJ 36 for -1 yards (50-R.McMillan).,0.948,-0.525
2022,11,November 20,home,New York Jets,https://www.pro-football-reference.com/boxscores/202211200nwe.htm,2,02:00,3,8,NYJ 36,3,3,(2:00) (Shotgun) 2-Z.Wilson pass short right to 8-E.Moore ran ob at NYJ 49 for 13 yards.,0.424,1.393
2022,11,November 20,home,New York Jets,https://www.pro-football-reference.com/boxscores/202211200nwe.htm,2,01:55,1,10,NYJ 49,3,3,(1:55) 2-Z.Wilson pass short left to 8-E.Moore ran ob at NE 47 for 4 yards.,1.817,-0.083
2022,11,November 20,home,New York Jets,https://www.pro-football-reference.com/boxscores/202211200nwe.htm,2,01:46,2,6,NE 47,3,3,(1:46) 25-T.Johnson left end to NE 43 for 4 yards (50-R.McMillan; 3-J.Peppers).,1.734,0.151
2022,11,November 20,home,New York Jets,https://www.pro-football-reference.com/boxscores/202211200nwe.htm,2,01:01,3,2,NE 43,3,3,(1:01) (Shotgun) 2-Z.Wilson pass incomplete short middle to 83-T.Conklin.,1.885,-1.239
2022,11,November 20,home,New York Jets,https://www.pro-football-reference.com/boxscores/202211200nwe.htm,2,00:56,4,2,NE 43,3,3,"(:56) 7-B.Mann punts 29 yards to NE 14, Center-42-T.Hennessy, downed by NYJ-34-J.Hardee.",0.646,-0.650
2022,11,November 20,home,New York Jets,https://www.pro-football-reference.com/boxscores/202211200nwe.htm,2,00:45,1,10,NE 14,3,3,(:45) (Shotgun) 38-R.Stevenson right guard to NE 17 for 3 yards (30-M.Carter; 95-Q.Williams).,0.004,0.063
2022,11,November 20,home,New York Jets,https://www.pro-football-reference.com/boxscores/202211200nwe.htm,2,00:40,,,NE 17,3,3,Timeout #1 by NYJ at 00:40.,0.067,0.000
2022,11,November 20,home,New York Jets,https://www.pro-football-reference.com/boxscores/202211200nwe.htm,2,00:40,2,7,NE 17,3,3,(:40) (Shotgun) 10-M.Jones pass short left to 38-R.Stevenson to NE 20 for 3 yards (58-C.Lawson; 56-Qu.Williams).,0.067,0.081
2022,11,November 20,home,New York Jets,https://www.pro-football-reference.com/boxscores/202211200nwe.htm,2,00:34,,,NE 20,3,3,Timeout #2 by NYJ at 00:34.,0.147,0.000
2022,11,November 20,home,New York Jets,https://www.pro-football-reference.com/boxscores/202211200nwe.htm,2,00:34,3,4,NE 20,3,3,(:34) (Shotgun) 38-R.Stevenson left guard to NE 20 for no gain (91-J.Franklin-Myers; 56-Qu.Williams).,0.147,-0.343
2022,11,November 20,home,New York Jets,https://www.pro-football-reference.com/boxscores/202211200nwe.htm,2,00:29,,,NE 20,3,3,Timeout #3 by NYJ at 00:29.,-0.196,0.000
2022,11,November 20,home,New York Jets,https://www.pro-football-reference.com/boxscores/202211200nwe.htm,2,00:29,4,4,NE 20,3,3,"(:29) 17-M.Palardy punts 47 yards to NYJ 33, Center-49-J.Cardona. 10-B.Berrios pushed ob at NYJ 42 for 9 yards (18-M.Slater).",-0.196,-0.274
2022,11,November 20,home,New York Jets,https://www.pro-football-reference.com/boxscores/202211200nwe.htm,2,00:19,1,10,NYJ 42,3,3,(:19) (Shotgun) 2-Z.Wilson pass short left to 83-T.Conklin to 50 for 8 yards (27-M.Bryant; 23-K.Dugger).,0.470,-0.470
2022,11,November 20,home,New York Jets,https://www.pro-football-reference.com/boxscores/202211200nwe.htm,3,15:00,,,NE 35,3,3,"6-N.Folk kicks 50 yards from NE 35 to NYJ 15. 25-T.Johnson to NYJ 34 for 19 yards (35-P.Strong, 3-J.Peppers).",0.770,0.562
2022,11,November 20,home,New York Jets,https://www.pro-football-reference.com/boxscores/202211200nwe.htm,3,14:54,1,10,NYJ 34,3,3,(14:54) (Shotgun) 2-Z.Wilson pass incomplete short left to 10-B.Berrios.,1.332,-0.524
2022,11,November 20,home,New York Jets,https://www.pro-football-reference.com/boxscores/202211200nwe.htm,3,14:49,2,10,NYJ 34,3,3,(14:49) (Shotgun) 32-Mi.Carter up the middle to NYJ 37 for 3 yards (91-D.Wise; 21-A.Phillips).,0.808,-0.534
2022,11,November 20,home,New York Jets,https://www.pro-football-reference.com/boxscores/202211200nwe.htm,3,14:03,3,7,NYJ 37,3,3,(14:03) (Shotgun) 2-Z.Wilson sacked at NYJ 28 for -9 yards (sack split by 9-M.Judon and 30-M.Wilson).,0.274,-2.132
2022,11,November 20,home,New York Jets,https://www.pro-football-reference.com/boxscores/202211200nwe.htm,3,13:17,4,16,NYJ 28,3,3,"(13:17) 7-B.Mann punts 57 yards to NE 15, Center-42-T.Hennessy. 25-Ma.Jones to NE 28 for 13 yards (34-J.Hardee).",-1.858,0.189
2022,11,November 20,home,New York Jets,https://www.pro-football-reference.com/boxscores/202211200nwe.htm,3,13:05,1,10,NE 28,3,3,(13:05) 10-M.Jones pass short left to 11-T.Thornton pushed ob at NE 33 for 5 yards (4-D.Reed).,1.670,-0.024
2022,11,November 20,home,New York Jets,https://www.pro-football-reference.com/boxscores/202211200nwe.htm,3,12:34,2,5,NE 33,3,3,(12:34) 37-D.Harris right tackle to NYJ 37 for 30 yards (29-L.Joyner).,1.646,2.207
2022,11,November 20,home,New York Jets,https://www.pro-football-reference.com/boxscores/202211200nwe.htm,3,11:57,1,10,NYJ 37,3,3,(11:57) 10-M.Jones pass short left to 37-D.Harris ran ob at NYJ 22 for 15 yards (4-D.Reed).,3.852,1.006
2022,11,November 20,home,New York Jets,https://www.pro-football-reference.com/boxscores/202211200nwe.htm,3,11:35,1,10,NYJ 22,3,3,(11:35) (Shotgun) 10-M.Jones sacked at NYJ 29 for -7 yards (72-M.Clemons).,4.858,-1.590
2022,11,November 20,home,New York Jets,https://www.pro-football-reference.com/boxscores/202211200nwe.htm,3,10:53,2,17,NYJ 29,3,3,"(10:53) (Shotgun) 38-R.Stevenson right guard to NYJ 30 for -1 yards (97-N.Shepherd). PENALTY on NE-65-J.Ferentz, Offensive Holding, 10 yards, enforced at NYJ 29 - No Play.",3.268,-0.661
2022,11,November 20,home,New York Jets,https://www.pro-football-reference.com/boxscores/202211200nwe.htm,3,10:32,2,27,NYJ 39,3,3,(10:32) (Shotgun) 10-M.Jones pass short right to 38-R.Stevenson to NYJ 34 for 5 yards (52-J.Johnson).,2.607,-0.547
2022,11,November 20,home,New York Jets,https://www.pro-football-reference.com/boxscores/202211200nwe.htm,3,09:51,3,22,NYJ 34,3,3,(9:51) (Shotgun) 10-M.Jones pass short left to 1-D.Parker to NYJ 25 for 9 yards (4-D.Reed).,2.059,-0.047
2022,11,November 20,home,New York Jets,https://www.pro-football-reference.com/boxscores/202211200nwe.htm,3,09:12,4,13,NYJ 25,3,3,"(9:12) 6-N.Folk 43 yard field goal is No Good, Wide Left, Center-49-J.Cardona, Holder-17-M.Palardy.",2.012,-3.369
2022,11,November 20,home,New York Jets,https://www.pro-football-reference.com/boxscores/202211200nwe.htm,3,09:08,1,10,NYJ 33,3,3,(9:08) 23-J.Robinson left guard to NYJ 35 for 2 yards (92-D.Godchaux).,1.356,-0.501
2022,11,November 20,home,New York Jets,https://www.pro-football-reference.com/boxscores/202211200nwe.htm,3,08:26,2,8,NYJ 35,3,3,"(8:26) (Shotgun) 17-G.Wilson right end pushed ob at NYJ 35 for no gain (48-J.Tavai, 31-Jo.Jones).",0.855,-0.761
2022,11,November 20,home,New York Jets,https://www.pro-football-reference.com/boxscores/202211200nwe.htm,3,07:49,3,8,NYJ 35,3,3,(7:49) (Shotgun) 2-Z.Wilson pass incomplete deep middle to 11-D.Mims.,0.094,-1.253
2022,11,November 20,home,New York Jets,https://www.pro-football-reference.com/boxscores/202211200nwe.htm,3,07:45,4,8,NYJ 35,3,3,"(7:45) 7-B.Mann punts 57 yards to NE 8, Center-42-T.Hennessy. 25-Ma.Jones pushed ob at NE 15 for 7 yards (87-C.Uzomah).",-1.159,0.521
2022,11,November 20,home,New York Jets,https://www.pro-football-reference.com/boxscores/202211200nwe.htm,3,07:32,1,10,NE 15,3,3,(7:32) 10-M.Jones pass deep left to 16-J.Meyers to NE 35 for 20 yards (9-K.Alexander).,0.638,1.341
2022,11,November 20,home,New York Jets,https://www.pro-football-reference.com/boxscores/202211200nwe.htm,3,06:54,1,10,NE 35,3,3,(6:54) 10-M.Jones pass short right to 85-H.Henry pushed ob at NYJ 45 for 20 yards (3-J.Whitehead).,1.979,1.295
2022,11,November 20,home,New York Jets,https://www.pro-football-reference.com/boxscores/202211200nwe.htm,3,06:16,1,10,NYJ 45,3,3,(6:16) (Shotgun) 38-R.Stevenson left end to NYJ 43 for 2 yards (99-V.Curry).,3.274,-0.516
2022,11,November 20,home,New York Jets,https://www.pro-football-reference.com/boxscores/202211200nwe.htm,3,05:41,2,8,NYJ 43,3,3,"(5:41) (No Huddle, Shotgun) 38-R.Stevenson right guard to NYJ 45 for -2 yards (57-C.Mosley, 79-T.Smart).",2.758,-0.823
2022,11,November 20,home,New York Jets,https://www.pro-football-reference.com/boxscores/202211200nwe.htm,3,05:02,3,10,NYJ 45,3,3,(5:02) (Shotgun) 10-M.Jones sacked at NE 49 for -6 yards (47-B.Huff).,1.935,-2.151
2022,11,November 20,home,New York Jets,https://www.pro-football-reference.com/boxscores/202211200nwe.htm,3,04:23,4,16,NE 49,3,3,"(4:23) 17-M.Palardy punts 46 yards to NYJ 5, Center-49-J.Cardona, downed by NE-41-B.Schooler.",-0.216,0.509
2022,11,November 20,home,New York Jets,https://www.pro-football-reference.com/boxscores/202211200nwe.htm,3,04:10,1,10,NYJ 5,3,3,(4:10) (Shotgun) 2-Z.Wilson pass incomplete short left. thrown away from outside the pocket,-0.293,-0.601
2022,11,November 20,home,New York Jets,https://www.pro-football-reference.com/boxscores/202211200nwe.htm,3,04:03,2,10,NYJ 5,3,3,"(4:03) 32-Mi.Carter left end to NYJ 5 for no gain (58-A.Jennings). Penalty on NYJ-67-D.Feeney, Offensive Holding, declined.",-0.894,-0.659
2022,11,November 20,home,New York Jets,https://www.pro-football-reference.com/boxscores/202211200nwe.htm,3,03:37,3,10,NYJ 5,3,3,"(3:37) (Shotgun) 2-Z.Wilson pass short middle to 83-T.Conklin to NYJ 12 for 7 yards (23-K.Dugger, 21-A.Phillips).",-1.553,-0.774
2022,11,November 20,home,New York Jets,https://www.pro-football-reference.com/boxscores/202211200nwe.htm,3,02:58,4,3,NYJ 12,3,3,"(2:58) 7-B.Mann punts 49 yards to NE 39, Center-42-T.Hennessy. 25-Ma.Jones to NE 44 for 5 yards (34-J.Hardee).",-2.328,-0.269
2022,11,November 20,home,New York Jets,https://www.pro-football-reference.com/boxscores/202211200nwe.htm,3,02:46,1,10,NE 44,3,3,(2:46) 10-M.Jones pass short middle to 37-D.Harris to NYJ 43 for 13 yards (4-D.Reed).,2.597,0.654
2022,11,November 20,home,New York Jets,https://www.pro-football-reference.com/boxscores/202211200nwe.htm,3,02:09,1,10,NYJ 43,3,3,(2:09) 37-D.Harris right guard to NYJ 37 for 6 yards (3-J.Whitehead).,3.251,0.261
2022,11,November 20,home,New York Jets,https://www.pro-football-reference.com/boxscores/202211200nwe.htm,3,01:36,2,4,NYJ 37,3,3,(1:36) 37-D.Harris left guard to NYJ 40 for -3 yards (56-Qu.Williams).,3.513,-1.363
2022,11,November 20,home,New York Jets,https://www.pro-football-reference.com/boxscores/202211200nwe.htm,3,00:54,3,7,NYJ 40,3,3,(:54) 38-R.Stevenson left tackle to NYJ 36 for 4 yards (3-J.Whitehead).,2.150,-0.797
2022,11,November 20,home,New York Jets,https://www.pro-football-reference.com/boxscores/202211200nwe.htm,3,00:13,4,3,NYJ 36,3,3,(:13) (Shotgun) 38-R.Stevenson left end to NYJ 36 for no gain (57-C.Mosley).,1.353,-2.984
2022,11,November 20,home,New York Jets,https://www.pro-football-reference.com/boxscores/202211200nwe.htm,3,00:06,1,10,NYJ 36,3,3,(:06) (Shotgun) 2-Z.Wilson pass incomplete short left to 11-D.Mims.,1.631,-0.524
2022,11,November 20,home,New York Jets,https://www.pro-football-reference.com/boxscores/202211200nwe.htm,3,00:02,2,10,NYJ 36,3,3,"(:02) 23-J.Robinson left end to NYJ 34 for -2 yards (93-L.Guy, 91-D.Wise).",1.107,-1.270
2022,11,November 20,home,New York Jets,https://www.pro-football-reference.com/boxscores/202211200nwe.htm,4,15:00,3,12,NYJ 34,3,3,"(15:00) (Shotgun) 2-Z.Wilson sacked at NYJ 25 for -9 yards (9-M.Judon). NE-25-Ma.Jones was injured during the play. His return is Questionable.  NE-9-M.Judon 13.0 sacks this season, new career high, 3rd-most in franchise history.",-0.163,-1.368
2022,11,November 20,home,New York Jets,https://www.pro-football-reference.com/boxscores/202211200nwe.htm,4,14:28,,,NYJ 25,3,3,Timeout #1 by NE at 14:28.,-1.531,0.000
2022,11,November 20,home,New York Jets,https://www.pro-football-reference.com/boxscores/202211200nwe.htm,4,14:28,4,21,NYJ 25,3,3,"(14:28) 7-B.Mann punts 46 yards to NE 29, Center-42-T.Hennessy. 27-M.Bryant pushed ob at NE 41 for 12 yards (21-A.Davis). Penalty on NYJ-34-J.Hardee, Player Out of Bounds on Kick, offsetting, enforced at NYJ 25 - No Play. Penalty on NE-31-Jo.Jones, Offensive Holding, offsetting.",-1.531,0.005
2022,11,November 20,home,New York Jets,https://www.pro-football-reference.com/boxscores/202211200nwe.htm,4,14:16,4,21,NYJ 25,3,3,"(14:16) 7-B.Mann punts 47 yards to NE 28, Center-42-T.Hennessy. 27-M.Bryant ran ob at NE 28 for no gain.",-1.527,0.487
2022,11,November 20,home,New York Jets,https://www.pro-football-reference.com/boxscores/202211200nwe.htm,4,14:09,1,10,NE 28,3,3,"(14:09) 38-R.Stevenson left guard to NE 30 for 2 yards (30-M.Carter). NYJ-30-M.Carter was injured during the play.  PENALTY on NE-1-D.Parker, Illegal Block Above the Waist, 10 yards, enforced at NE 28 - No Play.",1.040,-0.966
2022,11,November 20,home,New York Jets,https://www.pro-football-reference.com/boxscores/202211200nwe.htm,4,13:44,1,20,NE 18,3,3,(13:44) (Shotgun) 10-M.Jones pass short right to 38-R.Stevenson ran ob at NE 35 for 17 yards (29-L.Joyner).,0.074,1.293
2022,11,November 20,home,New York Jets,https://www.pro-football-reference.com/boxscores/202211200nwe.htm,4,13:02,2,3,NE 35,3,3,(13:02) (Shotgun) 38-R.Stevenson left tackle to NE 40 for 5 yards (99-V.Curry).,1.368,0.484
2022,11,November 20,home,New York Jets,https://www.pro-football-reference.com/boxscores/202211200nwe.htm,4,12:29,1,10,NE 40,3,3,(12:29) (Shotgun) 38-R.Stevenson right tackle to NE 42 for 2 yards (52-J.Johnson).,1.851,-0.378
2022,11,November 20,home,New York Jets,https://www.pro-football-reference.com/boxscores/202211200nwe.htm,4,11:46,2,8,NE 42,3,3,(11:46) 38-R.Stevenson left guard to NE 43 for 1 yard (95-Q.Williams). NYJ-26-B.Echols was injured during the play.,1.474,-0.616
2022,11,November 20,home,New York Jets,https://www.pro-football-reference.com/boxscores/202211200nwe.htm,4,11:06,3,7,NE 43,3,3,(11:06) (Shotgun) 10-M.Jones pass incomplete short right to 16-J.Meyers.,0.858,-1.424
2022,11,November 20,home,New York Jets,https://www.pro-football-reference.com/boxscores/202211200nwe.htm,4,11:00,4,7,NE 43,3,3,"(11:00) 17-M.Palardy punts 39 yards to NYJ 18, Center-49-J.Cardona, fair catch by 10-B.Berrios.",-0.566,-0.170
2022,11,November 20,home,New York Jets,https://www.pro-football-reference.com/boxscores/202211200nwe.htm,4,10:52,1,10,NYJ 18,3,3,(10:52) (Shotgun) 2-Z.Wilson sacked at NYJ 10 for -8 yards (23-K.Dugger).,0.736,-1.461
2022,11,November 20,home,New York Jets,https://www.pro-football-reference.com/boxscores/202211200nwe.htm,4,10:27,2,18,NYJ 10,3,3,(10:27) (Shotgun) 2-Z.Wilson pass short right to 11-D.Mims to NYJ 11 for 1 yard (31-Jo.Jones).,-0.725,-0.631
2022,11,November 20,home,New York Jets,https://www.pro-football-reference.com/boxscores/202211200nwe.htm,4,09:45,3,17,NYJ 11,3,3,(9:45) (Shotgun) 25-T.Johnson right guard to NYJ 18 for 7 yards (8-J.Bentley).,-1.356,-0.221
2022,11,November 20,home,New York Jets,https://www.pro-football-reference.com/boxscores/202211200nwe.htm,4,09:08,4,10,NYJ 18,3,3,"(9:08) 7-B.Mann punts 37 yards to NE 45, Center-42-T.Hennessy, out of bounds.",-1.576,-0.579
2022,11,November 20,home,New York Jets,https://www.pro-football-reference.com/boxscores/202211200nwe.htm,4,09:01,1,10,NE 45,3,3,(9:01) 10-M.Jones sacked at NE 34 for -11 yards (sack split by 56-Qu.Williams and 91-J.Franklin-Myers).,2.155,-1.522
2022,11,November 20,home,New York Jets,https://www.pro-football-reference.com/boxscores/202211200nwe.htm,4,08:14,2,21,NE 34,3,3,(8:14) (Shotgun) 10-M.Jones pass short right to 81-J.Smith to NE 37 for 3 yards (57-C.Mosley).,0.633,-0.507
2022,11,November 20,home,New York Jets,https://www.pro-football-reference.com/boxscores/202211200nwe.htm,4,07:29,3,18,NE 37,3,3,(7:29) (Shotgun) 10-M.Jones pass short left to 15-N.Agholor to NE 48 for 11 yards (26-B.Echols).,0.127,-0.434
2022,11,November 20,home,New York Jets,https://www.pro-football-reference.com/boxscores/202211200nwe.htm,4,06:48,4,7,NE 48,3,3,"(6:48) 17-M.Palardy punts 52 yards to end zone, Center-49-J.Cardona, Touchback.",-0.308,-0.521
2022,11,November 20,home,New York Jets,https://www.pro-football-reference.com/boxscores/202211200nwe.htm,4,06:40,1,10,NYJ 20,3,3,(6:40) 23-J.Robinson left tackle to NYJ 25 for 5 yards (8-J.Bentley).,0.829,0.010
2022,11,November 20,home,New York Jets,https://www.pro-football-reference.com/boxscores/202211200nwe.htm,4,06:06,2,5,NYJ 25,3,3,"(6:06) 23-J.Robinson left guard to NYJ 27 for 2 yards (50-R.McMillan, 93-L.Guy).",0.839,-0.436
2022,11,November 20,home,New York Jets,https://www.pro-football-reference.com/boxscores/202211200nwe.htm,4,05:26,3,3,NYJ 27,3,3,(5:26) (Shotgun) 2-Z.Wilson pass short left to 17-G.Wilson pushed ob at NYJ 33 for 6 yards (2-J.Mills).,0.403,1.156
2022,11,November 20,home,New York Jets,https://www.pro-football-reference.com/boxscores/202211200nwe.htm,4,05:03,1,10,NYJ 33,3,3,"(5:03) (No Huddle) 25-T.Johnson up the middle to NYJ 30 for -3 yards (30-M.Wilson, 95-D.Ekuale).",1.559,-1.094
2022,11,November 20,home,New York Jets,https://www.pro-football-reference.com/boxscores/202211200nwe.htm,4,04:22,,,NYJ 30,3,3,Timeout #1 by NYJ at 04:22.,0.465,0.000
2022,11,November 20,home,New York Jets,https://www.pro-football-reference.com/boxscores/202211200nwe.htm,4,04:22,2,13,NYJ 30,3,3,(4:22) (Shotgun) 2-Z.Wilson pass incomplete deep left to 25-T.Johnson (23-K.Dugger).,0.465,-0.586
2022,11,November 20,home,New York Jets,https://www.pro-football-reference.com/boxscores/202211200nwe.htm,4,04:15,3,13,NYJ 30,3,3,(4:15) (Shotgun) 2-Z.Wilson sacked at NYJ 23 for -7 yards (91-D.Wise).,-0.121,-1.115
2022,11,November 20,home,New York Jets,https://www.pro-football-reference.com/boxscores/202211200nwe.htm,4,03:30,4,20,NYJ 23,3,3,"(3:30) 7-B.Mann punts 43 yards to NE 34, Center-42-T.Hennessy, out of bounds.",-1.236,-0.039
2022,11,November 20,home,New York Jets,https://www.pro-football-reference.com/boxscores/202211200nwe.htm,4,03:22,1,10,NE 34,3,3,(3:22) (Shotgun) 10-M.Jones pass short right to 16-J.Meyers ran ob at NE 42 for 8 yards.,1.275,0.289
2022,11,November 20,home,New York Jets,https://www.pro-football-reference.com/boxscores/202211200nwe.htm,4,03:18,2,2,NE 42,3,3,(3:18) 10-M.Jones up the middle to NE 43 for 1 yard (79-T.Smart).,1.564,-0.131
2022,11,November 20,home,New York Jets,https://www.pro-football-reference.com/boxscores/202211200nwe.htm,4,02:41,3,1,NE 43,3,3,"(2:41) 38-R.Stevenson left guard to NE 41 for -2 yards (3-J.Whitehead, 95-Q.Williams).",1.433,-1.464
2022,11,November 20,home,New York Jets,https://www.pro-football-reference.com/boxscores/202211200nwe.htm,4,02:00,4,3,NE 41,3,3,"(2:00) 17-M.Palardy punts 39 yards to NYJ 20, Center-49-J.Cardona. 10-B.Berrios MUFFS catch, ball out of bounds at NYJ 20.",-0.032,-0.357
2022,11,November 20,home,New York Jets,https://www.pro-football-reference.com/boxscores/202211200nwe.htm,4,01:52,1,10,NYJ 20,3,3,(1:52) (Shotgun) 2-Z.Wilson pass incomplete short right to 8-E.Moore.,0.389,-0.221
2022,11,November 20,home,New York Jets,https://www.pro-football-reference.com/boxscores/202211200nwe.htm,4,01:45,2,10,NYJ 20,3,3,(1:45) (Shotgun) 2-Z.Wilson pass incomplete short right to 11-D.Mims (31-Jo.Jones).,0.167,-0.191
2022,11,November 20,home,New York Jets,https://www.pro-football-reference.com/boxscores/202211200nwe.htm,4,01:40,3,10,NYJ 20,3,3,"(1:40) (Shotgun) 2-Z.Wilson sacked at NYJ 15 for -5 yards (30-M.Wilson). PENALTY on NE-31-Jo.Jones, Defensive Holding, 5 yards, enforced at NYJ 20 - No Play.",-0.024,0.855
2022,11,November 20,home,New York Jets,https://www.pro-football-reference.com/boxscores/202211200nwe.htm,4,01:33,1,10,NYJ 25,3,3,(1:33) (Shotgun) 32-Mi.Carter up the middle to NYJ 33 for 8 yards (8-J.Bentley).,0.831,0.034
2022,11,November 20,home,New York Jets,https://www.pro-football-reference.com/boxscores/202211200nwe.htm,4,01:07,2,2,NYJ 33,3,3,"(1:07) (No Huddle, Shotgun) 32-Mi.Carter left tackle to NYJ 34 for 1 yard (21-A.Phillips, 23-K.Dugger).",0.865,-0.414
2022,11,November 20,home,New York Jets,https://www.pro-football-reference.com/boxscores/202211200nwe.htm,4,00:32,,,NYJ 34,3,3,Timeout #2 by NYJ at 00:32.,0.451,0.000
2022,11,November 20,home,New York Jets,https://www.pro-football-reference.com/boxscores/202211200nwe.htm,4,00:32,3,1,NYJ 34,3,3,(:32) (Shotgun) 2-Z.Wilson pass short right to 32-Mi.Carter to NYJ 32 for -2 yards (23-K.Dugger).,0.451,-0.447
2022,11,November 20,home,New York Jets,https://www.pro-football-reference.com/boxscores/202211200nwe.htm,4,00:26,,,NYJ 32,3,3,Timeout #2 by NE at 00:26.,0.004,0.000
2022,11,November 20,home,New York Jets,https://www.pro-football-reference.com/boxscores/202211200nwe.htm,4,00:26,4,3,NYJ 32,9,3,"(:26) 7-B.Mann punts 52 yards to NE 16, Center-42-T.Hennessy. 25-Ma.Jones for 84 yards, TOUCHDOWN.",0.004,-7.004
2022,11,November 20,home,New York Jets,https://www.pro-football-reference.com/boxscores/202211200nwe.htm,4,00:05,,,NYJ 15,10,3,"6-N.Folk extra point is GOOD, Center-49-J.Cardona, Holder-17-M.Palardy.",0.932,0.068
2022,11,November 20,home,New York Jets,https://www.pro-football-reference.com/boxscores/202211200nwe.htm,4,00:05,,,NE 35,10,3,Timeout #3 by NE at 00:05.,0.020,0.000
2022,11,November 20,home,New York Jets,https://www.pro-football-reference.com/boxscores/202211200nwe.htm,4,00:05,,,NE 35,10,3,"6-N.Folk kicks 49 yards from NE 35 to NYJ 16. 8-E.Moore pushed ob at NYJ 25 for 9 yards (23-K.Dugger). Patriots 14th straight win over Jets, longest current streak in NFL, 2nd-longest streak in franchise history (15 vs. Bills).",0.020,-0.020
2022,12,November 24,away,Minnesota Vikings,https://www.pro-football-reference.com/boxscores/202211240min.htm,1,15:00,,,NE 35,0,0,6-N.Folk kicks 63 yards from NE 35 to MIN 2. 26-K.Nwangwu to MIN 20 for 18 yards (25-Ma.Jones).,1.841,-0.422
2022,12,November 24,away,Minnesota Vikings,https://www.pro-football-reference.com/boxscores/202211240min.htm,1,14:54,1,10,MIN 20,0,0,"(14:54) 4-D.Cook left end to MIN 24 for 4 yards (93-L.Guy, 48-J.Tavai).",1.419,-0.313
2022,12,November 24,away,Minnesota Vikings,https://www.pro-football-reference.com/boxscores/202211240min.htm,1,14:26,2,6,MIN 24,0,0,(14:26) (No Huddle) 8-K.Cousins pass short right to 86-J.Mundt to MIN 37 for 13 yards (58-A.Jennings).,1.105,1.457
2022,12,November 24,away,Minnesota Vikings,https://www.pro-football-reference.com/boxscores/202211240min.htm,1,13:41,1,10,MIN 37,0,0,"(13:41) 8-K.Cousins pass short right to 18-J.Jefferson pushed ob at MIN 44 for 7 yards (31-Jo.Jones). PENALTY on NE-31-Jo.Jones, Face Mask, 15 yards, enforced at MIN 44.",2.563,1.282
2022,12,November 24,away,Minnesota Vikings,https://www.pro-football-reference.com/boxscores/202211240min.htm,1,13:16,1,10,NE 41,0,0,(13:16) 8-K.Cousins pass short left to 19-A.Thielen to NE 25 for 16 yards (23-K.Dugger).,3.844,0.947
2022,12,November 24,away,Minnesota Vikings,https://www.pro-football-reference.com/boxscores/202211240min.htm,1,12:36,1,10,NE 25,0,0,(12:36) (Shotgun) 18-J.Jefferson pass short right to 19-A.Thielen pushed ob at NE 14 for 11 yards (27-M.Bryant).,4.791,0.642
2022,12,November 24,away,Minnesota Vikings,https://www.pro-football-reference.com/boxscores/202211240min.htm,1,11:56,1,10,NE 14,0,0,(11:56) 4-D.Cook right end to NE 10 for 4 yards (23-K.Dugger).,5.433,-0.299
2022,12,November 24,away,Minnesota Vikings,https://www.pro-football-reference.com/boxscores/202211240min.htm,1,11:11,2,6,NE 10,0,0,"(11:11) 4-D.Cook right tackle to NE 6 for 4 yards (32-D.McCourty, 93-L.Guy).",5.134,0.028
2022,12,November 24,away,Minnesota Vikings,https://www.pro-football-reference.com/boxscores/202211240min.htm,1,10:44,3,2,NE 6,0,6,"(10:44) (No Huddle, Shotgun) 8-K.Cousins pass short right to 18-J.Jefferson for 6 yards, TOUCHDOWN.",5.161,1.839
2022,12,November 24,away,Minnesota Vikings,https://www.pro-football-reference.com/boxscores/202211240min.htm,1,10:40,,,NE 15,0,7,"1-G.Joseph extra point is GOOD, Center-42-A.DePaola, Holder-14-R.Wright.",0.949,0.051
2022,12,November 24,away,Minnesota Vikings,https://www.pro-football-reference.com/boxscores/202211240min.htm,1,10:40,,,MIN 35,0,7,"1-G.Joseph kicks 65 yards from MIN 35 to end zone, Touchback.",1.060,0.000
2022,12,November 24,away,Minnesota Vikings,https://www.pro-football-reference.com/boxscores/202211240min.htm,1,10:40,1,10,NE 25,0,7,"(10:40) 10-M.Jones to NE 24 for -1 yards. FUMBLES, and recovers at NE 24. 10-M.Jones pass deep right to 16-J.Meyers to MIN 49 for 26 yards (22-H.Smith).",1.060,1.654
2022,12,November 24,away,Minnesota Vikings,https://www.pro-football-reference.com/boxscores/202211240min.htm,1,10:09,1,10,MIN 49,0,7,"(10:09) (No Huddle, Shotgun) 37-D.Harris up the middle to MIN 42 for 7 yards (58-J.Hicks).",2.714,0.333
2022,12,November 24,away,Minnesota Vikings,https://www.pro-football-reference.com/boxscores/202211240min.htm,1,09:40,2,3,MIN 42,0,7,(9:40) 37-D.Harris up the middle to MIN 38 for 4 yards (55-Z.Smith).,3.047,0.422
2022,12,November 24,away,Minnesota Vikings,https://www.pro-football-reference.com/boxscores/202211240min.htm,1,09:08,1,10,MIN 38,0,7,"(9:08) (Shotgun) 10-M.Jones pass short right to 85-H.Henry to MIN 34 for 4 yards (22-H.Smith, 58-J.Hicks).",3.469,-0.206
2022,12,November 24,away,Minnesota Vikings,https://www.pro-football-reference.com/boxscores/202211240min.htm,1,08:29,2,6,MIN 34,6,7,"(8:29) (Shotgun) 10-M.Jones pass deep middle to 15-N.Agholor for 34 yards, TOUCHDOWN.",3.262,3.738
2022,12,November 24,away,Minnesota Vikings,https://www.pro-football-reference.com/boxscores/202211240min.htm,1,08:21,,,MIN 15,7,7,"6-N.Folk extra point is GOOD, Center-49-J.Cardona, Holder-17-M.Palardy.",0.949,0.051
2022,12,November 24,away,Minnesota Vikings,https://www.pro-football-reference.com/boxscores/202211240min.htm,1,08:21,,,NE 35,7,7,6-N.Folk kicks 63 yards from NE 35 to MIN 2. 26-K.Nwangwu to MIN 21 for 19 yards (48-J.Tavai).,1.716,-0.448
2022,12,November 24,away,Minnesota Vikings,https://www.pro-football-reference.com/boxscores/202211240min.htm,1,08:15,1,10,MIN 21,7,7,(8:15) 8-K.Cousins pass short left to 18-J.Jefferson to MIN 27 for 6 yards (31-Jo.Jones).,1.268,0.317
2022,12,November 24,away,Minnesota Vikings,https://www.pro-football-reference.com/boxscores/202211240min.htm,1,07:39,2,4,MIN 27,7,7,(7:39) 4-D.Cook right guard to MIN 30 for 3 yards (93-L.Guy; 92-D.Godchaux).,1.585,0.042
2022,12,November 24,away,Minnesota Vikings,https://www.pro-football-reference.com/boxscores/202211240min.htm,1,06:56,3,1,MIN 30,7,7,(6:56) (Shotgun) 8-K.Cousins pass incomplete short right to 18-J.Jefferson (31-Jo.Jones).,1.626,-1.824
2022,12,November 24,away,Minnesota Vikings,https://www.pro-football-reference.com/boxscores/202211240min.htm,1,06:51,4,1,MIN 30,7,7,"(6:51) 14-R.Wright punts 56 yards to NE 14, Center-42-A.DePaola, fair catch by 25-Ma.Jones.",-0.198,-0.069
2022,12,November 24,away,Minnesota Vikings,https://www.pro-football-reference.com/boxscores/202211240min.htm,1,06:44,1,10,NE 14,7,7,(6:44) 38-R.Stevenson right guard to NE 19 for 5 yards (92-J.Lynch).,0.267,0.008
2022,12,November 24,away,Minnesota Vikings,https://www.pro-football-reference.com/boxscores/202211240min.htm,1,06:12,2,5,NE 19,7,7,(6:12) (Shotgun) 10-M.Jones pass short left to 38-R.Stevenson ran ob at NE 21 for 2 yards (58-J.Hicks).,0.275,-0.501
2022,12,November 24,away,Minnesota Vikings,https://www.pro-football-reference.com/boxscores/202211240min.htm,1,05:40,3,3,NE 21,7,7,(5:40) (Shotgun) 10-M.Jones pass incomplete short right to 38-R.Stevenson.,-0.226,-1.675
2022,12,November 24,away,Minnesota Vikings,https://www.pro-football-reference.com/boxscores/202211240min.htm,1,05:37,4,3,NE 21,7,7,"(5:37) 17-M.Palardy punts 36 yards to MIN 43, Center-49-J.Cardona, downed by NE-3-J.Peppers.",-1.901,-0.826
2022,12,November 24,away,Minnesota Vikings,https://www.pro-football-reference.com/boxscores/202211240min.htm,1,05:27,1,10,MIN 43,7,7,"(5:27) 4-D.Cook left end to MIN 49 for 6 yards (91-D.Wise). PENALTY on NE-92-D.Godchaux, Defensive Holding, 5 yards, enforced at MIN 49.",2.727,0.624
2022,12,November 24,away,Minnesota Vikings,https://www.pro-football-reference.com/boxscores/202211240min.htm,1,05:01,1,10,NE 46,7,7,(5:01) 8-K.Cousins pass short right to 19-A.Thielen ran ob at NE 44 for 2 yards.,3.352,-0.510
2022,12,November 24,away,Minnesota Vikings,https://www.pro-football-reference.com/boxscores/202211240min.htm,1,04:23,2,8,NE 44,7,7,(4:23) 4-D.Cook left end to NE 46 for -2 yards (50-R.McMillan).,2.842,-0.920
2022,12,November 24,away,Minnesota Vikings,https://www.pro-football-reference.com/boxscores/202211240min.htm,1,03:43,3,10,NE 46,7,7,(3:43) (Shotgun) 8-K.Cousins pass deep right intended for 17-K.Osborn INTERCEPTED by 31-Jo.Jones at NE 28. 31-Jo.Jones pushed ob at MIN 17 for 55 yards (4-D.Cook).,1.921,-6.879
2022,12,November 24,away,Minnesota Vikings,https://www.pro-football-reference.com/boxscores/202211240min.htm,1,03:28,1,10,MIN 17,7,7,"(3:28) 37-D.Harris left tackle to MIN 14 for 3 yards (93-J.Bullard, 97-H.Phillips).",4.957,-0.223
2022,12,November 24,away,Minnesota Vikings,https://www.pro-football-reference.com/boxscores/202211240min.htm,1,02:53,2,7,MIN 14,7,7,(2:53) (Shotgun) 84-K.Bourne left end to MIN 21 for -7 yards (55-Z.Smith).,4.734,-1.680
2022,12,November 24,away,Minnesota Vikings,https://www.pro-football-reference.com/boxscores/202211240min.htm,1,02:11,3,14,MIN 21,7,7,(2:11) (Shotgun) 10-M.Jones pass short left to 15-N.Agholor to MIN 16 for 5 yards (54-E.Kendricks).,3.054,-0.292
2022,12,November 24,away,Minnesota Vikings,https://www.pro-football-reference.com/boxscores/202211240min.htm,1,01:32,4,9,MIN 16,10,7,"(1:32) 6-N.Folk 34 yard field goal is GOOD, Center-49-J.Cardona, Holder-17-M.Palardy.",2.762,0.238
2022,12,November 24,away,Minnesota Vikings,https://www.pro-football-reference.com/boxscores/202211240min.htm,1,01:28,,,NE 35,10,7,6-N.Folk kicks 62 yards from NE 35 to MIN 3. 26-K.Nwangwu to MIN 16 for 13 yards (41-B.Schooler; 3-J.Peppers).,1.663,-0.592
2022,12,November 24,away,Minnesota Vikings,https://www.pro-football-reference.com/boxscores/202211240min.htm,1,01:23,1,10,MIN 16,10,7,"(1:23) (Shotgun) 2-A.Mattison right guard to MIN 15 for -1 yards (21-A.Phillips, 93-L.Guy).",1.071,-1.100
2022,12,November 24,away,Minnesota Vikings,https://www.pro-football-reference.com/boxscores/202211240min.htm,1,00:47,2,11,MIN 15,10,7,(:47) (Shotgun) 8-K.Cousins pass short left to 19-A.Thielen to MIN 19 for 4 yards (21-A.Phillips).,-0.029,-0.256
2022,12,November 24,away,Minnesota Vikings,https://www.pro-football-reference.com/boxscores/202211240min.htm,1,00:06,3,7,MIN 19,10,7,(:06) (Shotgun) 8-K.Cousins pass short right to 87-T.Hockenson pushed ob at MIN 33 for 14 yards (23-K.Dugger).,-0.285,2.281
2022,12,November 24,away,Minnesota Vikings,https://www.pro-football-reference.com/boxscores/202211240min.htm,2,15:00,1,10,MIN 33,10,7,(15:00) (Shotgun) 2-A.Mattison left tackle to MIN 37 for 4 yards (21-A.Phillips).,1.996,-0.256
2022,12,November 24,away,Minnesota Vikings,https://www.pro-football-reference.com/boxscores/202211240min.htm,2,14:21,2,6,MIN 37,10,7,(14:21) 8-K.Cousins pass short middle to 18-J.Jefferson to NE 42 for 21 yards (13-Ja.Jones).,1.740,1.588
2022,12,November 24,away,Minnesota Vikings,https://www.pro-football-reference.com/boxscores/202211240min.htm,2,13:38,1,10,NE 42,10,7,(13:38) 8-K.Cousins pass short left to 87-T.Hockenson to NE 35 for 7 yards (21-A.Phillips).,3.328,0.346
2022,12,November 24,away,Minnesota Vikings,https://www.pro-football-reference.com/boxscores/202211240min.htm,2,12:57,2,3,NE 35,10,7,(12:57) 2-A.Mattison left guard to NE 27 for 8 yards (23-K.Dugger).,3.675,0.677
2022,12,November 24,away,Minnesota Vikings,https://www.pro-football-reference.com/boxscores/202211240min.htm,2,12:32,1,10,NE 27,10,7,(12:32) (No Huddle) 8-K.Cousins pass short middle to 86-J.Mundt to NE 20 for 7 yards (8-J.Bentley).,4.352,0.289
2022,12,November 24,away,Minnesota Vikings,https://www.pro-football-reference.com/boxscores/202211240min.htm,2,11:47,2,3,NE 20,10,7,(11:47) 4-D.Cook left end pushed ob at NE 20 for no gain (2-J.Mills).,4.641,-0.635
2022,12,November 24,away,Minnesota Vikings,https://www.pro-football-reference.com/boxscores/202211240min.htm,2,11:19,3,3,NE 20,10,7,(11:19) (Shotgun) 8-K.Cousins pass short right to 4-D.Cook to NE 14 for 6 yards (27-M.Bryant).,4.006,1.140
2022,12,November 24,away,Minnesota Vikings,https://www.pro-football-reference.com/boxscores/202211240min.htm,2,10:35,1,10,NE 14,10,7,(10:35) 8-K.Cousins pass incomplete short left to 4-D.Cook.,5.145,-0.473
2022,12,November 24,away,Minnesota Vikings,https://www.pro-football-reference.com/boxscores/202211240min.htm,2,10:29,2,10,NE 14,10,7,"(10:29) 4-D.Cook right tackle to NE 9 for 5 yards (27-M.Bryant, 32-D.McCourty).",4.672,-0.359
2022,12,November 24,away,Minnesota Vikings,https://www.pro-football-reference.com/boxscores/202211240min.htm,2,09:44,3,5,NE 9,10,7,"(9:44) (Shotgun) 8-K.Cousins pass short right to 18-J.Jefferson to NE 2 for 7 yards (13-Ja.Jones). PENALTY on MIN-67-E.Ingram, Offensive Holding, 10 yards, enforced at NE 9 - No Play.",4.313,-1.195
2022,12,November 24,away,Minnesota Vikings,https://www.pro-football-reference.com/boxscores/202211240min.htm,2,09:13,3,15,NE 19,10,7,(9:13) (Shotgun) 8-K.Cousins pass short left to 19-A.Thielen to NE 12 for 7 yards (2-J.Mills).,3.118,-0.240
2022,12,November 24,away,Minnesota Vikings,https://www.pro-football-reference.com/boxscores/202211240min.htm,2,08:32,4,8,NE 12,10,10,"(8:32) 1-G.Joseph 30 yard field goal is GOOD, Center-42-A.DePaola, Holder-14-R.Wright.",2.878,0.122
2022,12,November 24,away,Minnesota Vikings,https://www.pro-football-reference.com/boxscores/202211240min.htm,2,08:29,,,MIN 35,10,10,1-G.Joseph kicks 62 yards from MIN 35 to NE 3. 25-Ma.Jones to NE 49 for 46 yards (45-T.Dye). MIN-29-K.Boyd was injured during the play.,1.337,1.312
2022,12,November 24,away,Minnesota Vikings,https://www.pro-football-reference.com/boxscores/202211240min.htm,2,08:21,1,10,NE 49,10,10,(8:21) (Shotgun) 38-R.Stevenson left guard to MIN 37 for 14 yards (24-C.Bynum).,2.650,0.942
2022,12,November 24,away,Minnesota Vikings,https://www.pro-football-reference.com/boxscores/202211240min.htm,2,07:47,1,10,MIN 37,10,10,"(7:47) (Shotgun) 38-R.Stevenson left guard to MIN 35 for 2 yards (55-Z.Smith, 97-H.Phillips).",3.592,-0.462
2022,12,November 24,away,Minnesota Vikings,https://www.pro-football-reference.com/boxscores/202211240min.htm,2,07:11,2,8,MIN 35,10,10,"(7:11) (Shotgun) 10-M.Jones pass short right to 84-K.Bourne to MIN 30 for 5 yards (54-E.Kendricks, 39-C.Sullivan).",3.130,0.133
2022,12,November 24,away,Minnesota Vikings,https://www.pro-football-reference.com/boxscores/202211240min.htm,2,06:33,3,3,MIN 30,10,10,(6:33) (Shotgun) 10-M.Jones pass short right to 38-R.Stevenson to MIN 28 for 2 yards (22-H.Smith).,3.263,-1.432
2022,12,November 24,away,Minnesota Vikings,https://www.pro-football-reference.com/boxscores/202211240min.htm,2,05:47,4,1,MIN 28,13,10,"(5:47) 6-N.Folk 46 yard field goal is GOOD, Center-49-J.Cardona, Holder-17-M.Palardy.",1.831,1.169
2022,12,November 24,away,Minnesota Vikings,https://www.pro-football-reference.com/boxscores/202211240min.htm,2,05:41,,,NE 35,13,10,"6-N.Folk kicks 65 yards from NE 35 to end zone, Touchback.",1.033,0.000
2022,12,November 24,away,Minnesota Vikings,https://www.pro-football-reference.com/boxscores/202211240min.htm,2,05:41,1,10,MIN 25,13,10,(5:41) 4-D.Cook left tackle to MIN 23 for -2 yards (48-J.Tavai).,1.033,-1.062
2022,12,November 24,away,Minnesota Vikings,https://www.pro-football-reference.com/boxscores/202211240min.htm,2,05:13,2,12,MIN 23,13,10,(5:13) (No Huddle) 8-K.Cousins pass incomplete short right to 87-T.Hockenson.,-0.028,-0.707
2022,12,November 24,away,Minnesota Vikings,https://www.pro-football-reference.com/boxscores/202211240min.htm,2,05:08,3,12,MIN 23,13,10,"(5:08) (Shotgun) PENALTY on NE-9-M.Judon, Defensive Offside, 5 yards, enforced at MIN 23 - No Play.",-0.735,0.713
2022,12,November 24,away,Minnesota Vikings,https://www.pro-football-reference.com/boxscores/202211240min.htm,2,05:08,3,7,MIN 28,13,10,(5:08) (Shotgun) 8-K.Cousins pass deep right to 18-J.Jefferson to NE 35 for 37 yards (31-Jo.Jones).,-0.023,3.612
2022,12,November 24,away,Minnesota Vikings,https://www.pro-football-reference.com/boxscores/202211240min.htm,2,04:24,1,10,NE 35,13,10,"(4:24) 4-D.Cook up the middle to NE 31 for 4 yards (9-M.Judon, 8-J.Bentley).",3.590,-0.141
2022,12,November 24,away,Minnesota Vikings,https://www.pro-football-reference.com/boxscores/202211240min.htm,2,04:02,2,6,NE 31,13,10,(4:02) (No Huddle) 8-K.Cousins pass short right to 18-J.Jefferson ran ob at NE 14 for 17 yards (23-K.Dugger).,3.448,1.512
2022,12,November 24,away,Minnesota Vikings,https://www.pro-football-reference.com/boxscores/202211240min.htm,2,03:31,1,10,NE 14,13,10,(3:31) (Shotgun) 8-K.Cousins pass short left to 87-T.Hockenson to NE 4 for 10 yards (32-D.McCourty; 2-J.Mills).,4.960,0.960
2022,12,November 24,away,Minnesota Vikings,https://www.pro-football-reference.com/boxscores/202211240min.htm,2,02:43,1,4,NE 4,13,10,"(2:43) (Shotgun) 4-D.Cook up the middle to NE 1 for 3 yards (91-D.Wise, 32-D.McCourty).",5.920,0.244
2022,12,November 24,away,Minnesota Vikings,https://www.pro-football-reference.com/boxscores/202211240min.htm,2,02:00,2,1,NE 1,13,10,(2:00) 74-O.Udoh reported in as eligible.  4-D.Cook left guard to NE 1 for no gain (92-D.Godchaux; 98-Ca.Davis).,6.164,-0.411
2022,12,November 24,away,Minnesota Vikings,https://www.pro-football-reference.com/boxscores/202211240min.htm,2,01:35,,,NE 1,13,10,Timeout #1 by NE at 01:35.,5.752,0.000
2022,12,November 24,away,Minnesota Vikings,https://www.pro-football-reference.com/boxscores/202211240min.htm,2,01:35,3,1,NE 1,13,16,"(1:35) 8-K.Cousins pass short left to 87-T.Hockenson for 1 yard, TOUCHDOWN.",5.752,1.248
2022,12,November 24,away,Minnesota Vikings,https://www.pro-football-reference.com/boxscores/202211240min.htm,2,01:30,,,NE 15,13,16,"1-G.Joseph extra point is No Good, Wide Right, Center-42-A.DePaola, Holder-14-R.Wright.",0.949,-0.949
2022,12,November 24,away,Minnesota Vikings,https://www.pro-football-reference.com/boxscores/202211240min.htm,2,01:30,,,MIN 35,13,16,"1-G.Joseph kicks 65 yards from MIN 35 to end zone, Touchback.",1.076,0.000
2022,12,November 24,away,Minnesota Vikings,https://www.pro-football-reference.com/boxscores/202211240min.htm,2,01:30,1,10,NE 25,13,16,(1:30) (Shotgun) 10-M.Jones pass short left to 38-R.Stevenson to NE 30 for 5 yards (22-H.Smith).,1.076,-0.158
2022,12,November 24,away,Minnesota Vikings,https://www.pro-football-reference.com/boxscores/202211240min.htm,2,01:06,2,5,NE 30,13,16,"(1:06) (No Huddle, Shotgun) 10-M.Jones pass short right to 85-H.Henry to MIN 48 for 22 yards (54-E.Kendricks).",0.918,1.577
2022,12,November 24,away,Minnesota Vikings,https://www.pro-football-reference.com/boxscores/202211240min.htm,2,00:55,,,MIN 48,13,16,Timeout #2 by NE at 00:55.,2.495,0.000
2022,12,November 24,away,Minnesota Vikings,https://www.pro-football-reference.com/boxscores/202211240min.htm,2,00:55,1,10,MIN 48,13,16,(:55) (Shotgun) 10-M.Jones pass deep middle to 1-D.Parker to MIN 32 for 16 yards (20-D.Shelley).,2.495,0.806
2022,12,November 24,away,Minnesota Vikings,https://www.pro-football-reference.com/boxscores/202211240min.htm,2,00:36,1,10,MIN 32,13,16,"(:36) (No Huddle, Shotgun) 10-M.Jones pass short left to 1-D.Parker ran ob at MIN 18 for 14 yards.",3.301,0.938
2022,12,November 24,away,Minnesota Vikings,https://www.pro-football-reference.com/boxscores/202211240min.htm,2,00:30,1,10,MIN 18,13,16,"(:30) (No Huddle, Shotgun) 10-M.Jones sacked at MIN 18 for 0 yards (58-J.Hicks).",4.239,-0.537
2022,12,November 24,away,Minnesota Vikings,https://www.pro-football-reference.com/boxscores/202211240min.htm,2,00:24,,,MIN 18,13,16,Timeout #3 by NE at 00:24.,3.702,0.000
2022,12,November 24,away,Minnesota Vikings,https://www.pro-football-reference.com/boxscores/202211240min.htm,2,00:24,2,10,MIN 18,13,16,(:24) (Shotgun) 10-M.Jones pass short middle to 15-N.Agholor to MIN 5 for 13 yards (58-J.Hicks).,3.702,0.417
2022,12,November 24,away,Minnesota Vikings,https://www.pro-football-reference.com/boxscores/202211240min.htm,2,00:10,1,5,MIN 5,13,16,(:10) (No Huddle) 10-M.Jones spiked the ball to stop the clock.,4.119,-0.255
2022,12,November 24,away,Minnesota Vikings,https://www.pro-football-reference.com/boxscores/202211240min.htm,2,00:09,2,5,MIN 5,13,16,(:09) (Shotgun) 10-M.Jones pass incomplete short right to 84-K.Bourne (20-D.Shelley).,3.864,-0.885
2022,12,November 24,away,Minnesota Vikings,https://www.pro-football-reference.com/boxscores/202211240min.htm,2,00:06,3,5,MIN 5,16,16,"(:06) 6-N.Folk 23 yard field goal is GOOD, Center-49-J.Cardona, Holder-17-M.Palardy.",2.978,0.022
2022,12,November 24,away,Minnesota Vikings,https://www.pro-football-reference.com/boxscores/202211240min.htm,2,00:03,,,NE 35,16,16,6-N.Folk kicks 40 yards from NE 35 to MIN 25. 86-J.Mundt (didn't try to advance) to MIN 25 for no gain.,0.071,-0.071
2022,12,November 24,away,Minnesota Vikings,https://www.pro-football-reference.com/boxscores/202211240min.htm,2,00:02,1,10,MIN 25,16,16,(:02) 8-K.Cousins kneels to MIN 24 for -1 yards.,0.000,0.000
2022,12,November 24,away,Minnesota Vikings,https://www.pro-football-reference.com/boxscores/202211240min.htm,3,15:00,,,MIN 35,16,16,"1-G.Joseph kicks 65 yards from MIN 35 to end zone, Touchback.",1.008,0.000
2022,12,November 24,away,Minnesota Vikings,https://www.pro-football-reference.com/boxscores/202211240min.htm,3,15:00,1,10,NE 25,16,16,(15:00) (Shotgun) 37-D.Harris up the middle to NE 27 for 2 yards (97-H.Phillips).,1.008,-0.518
2022,12,November 24,away,Minnesota Vikings,https://www.pro-football-reference.com/boxscores/202211240min.htm,3,14:25,2,8,NE 27,16,16,"(14:25) (Shotgun) 10-M.Jones pass short right to 38-R.Stevenson to NE 34 for 7 yards (7-P.Peterson, 58-J.Hicks).",0.491,0.774
2022,12,November 24,away,Minnesota Vikings,https://www.pro-football-reference.com/boxscores/202211240min.htm,3,13:40,3,1,NE 34,16,16,(13:40) 10-M.Jones pass short right to 1-D.Parker to NE 44 for 10 yards (54-E.Kendricks; 20-D.Shelley).,1.265,1.019
2022,12,November 24,away,Minnesota Vikings,https://www.pro-football-reference.com/boxscores/202211240min.htm,3,13:05,1,10,NE 44,16,16,(13:05) (Shotgun) 37-D.Harris right guard to NE 44 for no gain (93-J.Bullard).,2.284,-0.545
2022,12,November 24,away,Minnesota Vikings,https://www.pro-football-reference.com/boxscores/202211240min.htm,3,12:27,2,10,NE 44,16,16,(12:27) (Shotgun) 10-M.Jones pass short left to 15-N.Agholor to 50 for 6 yards (92-J.Lynch; 54-E.Kendricks).,1.740,-0.076
2022,12,November 24,away,Minnesota Vikings,https://www.pro-football-reference.com/boxscores/202211240min.htm,3,11:46,3,4,MID 50,16,16,(11:46) (Shotgun) 10-M.Jones pass short middle to 16-J.Meyers to MIN 37 for 13 yards (22-H.Smith).,1.663,1.897
2022,12,November 24,away,Minnesota Vikings,https://www.pro-football-reference.com/boxscores/202211240min.htm,3,11:09,1,10,MIN 37,16,16,(11:09) 10-M.Jones pass incomplete short right.,3.560,-0.594
2022,12,November 24,away,Minnesota Vikings,https://www.pro-football-reference.com/boxscores/202211240min.htm,3,11:03,2,10,MIN 37,22,16,"(11:03) 10-M.Jones pass short middle to 85-H.Henry for 37 yards, TOUCHDOWN.",2.966,4.034
2022,12,November 24,away,Minnesota Vikings,https://www.pro-football-reference.com/boxscores/202211240min.htm,3,10:54,,,MIN 15,23,16,"6-N.Folk extra point is GOOD, Center-49-J.Cardona, Holder-17-M.Palardy.",0.949,0.051
2022,12,November 24,away,Minnesota Vikings,https://www.pro-football-reference.com/boxscores/202211240min.htm,3,10:54,,,NE 35,23,22,"6-N.Folk kicks 62 yards from NE 35 to MIN 3. 26-K.Nwangwu for 97 yards, TOUCHDOWN.",1.691,5.309
2022,12,November 24,away,Minnesota Vikings,https://www.pro-football-reference.com/boxscores/202211240min.htm,3,10:41,,,NE 15,23,23,"1-G.Joseph extra point is GOOD, Center-42-A.DePaola, Holder-14-R.Wright.",0.949,0.051
2022,12,November 24,away,Minnesota Vikings,https://www.pro-football-reference.com/boxscores/202211240min.htm,3,10:41,,,MIN 35,23,23,"1-G.Joseph kicks 65 yards from MIN 35 to end zone, Touchback.",1.060,0.000
2022,12,November 24,away,Minnesota Vikings,https://www.pro-football-reference.com/boxscores/202211240min.htm,3,10:41,1,10,NE 25,23,23,(10:41) (Shotgun) 10-M.Jones pass short left to 38-R.Stevenson pushed ob at NE 36 for 11 yards (58-J.Hicks).,1.060,0.693
2022,12,November 24,away,Minnesota Vikings,https://www.pro-football-reference.com/boxscores/202211240min.htm,3,10:10,1,10,NE 36,23,23,(10:10) 10-M.Jones pass short left to 15-N.Agholor pushed ob at NE 42 for 6 yards (20-D.Shelley).,1.753,0.174
2022,12,November 24,away,Minnesota Vikings,https://www.pro-football-reference.com/boxscores/202211240min.htm,3,09:43,2,4,NE 42,23,23,(9:43) (Shotgun) 38-R.Stevenson right tackle to 50 for 8 yards (97-H.Phillips; 24-C.Bynum).,1.927,0.758
2022,12,November 24,away,Minnesota Vikings,https://www.pro-football-reference.com/boxscores/202211240min.htm,3,09:02,1,10,MID 50,23,23,(9:02) (Shotgun) 38-R.Stevenson left guard to MIN 47 for 3 yards (99-D.Hunter).,2.685,-0.240
2022,12,November 24,away,Minnesota Vikings,https://www.pro-football-reference.com/boxscores/202211240min.htm,3,08:21,2,7,MIN 47,23,23,(8:21) (Shotgun) 10-M.Jones pass deep left to 1-D.Parker to MIN 7 for 40 yards (20-D.Shelley).,2.445,3.127
2022,12,November 24,away,Minnesota Vikings,https://www.pro-football-reference.com/boxscores/202211240min.htm,3,07:33,1,7,MIN 7,23,23,(7:33) (Shotgun) 10-M.Jones pass incomplete short left.,5.573,-0.518
2022,12,November 24,away,Minnesota Vikings,https://www.pro-football-reference.com/boxscores/202211240min.htm,3,07:29,2,7,MIN 7,23,23,"(7:29) (Shotgun) 38-R.Stevenson right end to MIN 6 for 1 yard (24-C.Bynum, 7-P.Peterson).",5.055,-0.805
2022,12,November 24,away,Minnesota Vikings,https://www.pro-football-reference.com/boxscores/202211240min.htm,3,06:50,3,6,MIN 6,23,23,"(6:50) (Shotgun) 10-M.Jones pass short left to 85-H.Henry for 6 yards, TOUCHDOWN. The Replay Official reviewed the pass completion ruling, and the play was REVERSED. (Shotgun) 10-M.Jones pass incomplete short left to 85-H.Henry (39-C.Sullivan).",4.250,-1.280
2022,12,November 24,away,Minnesota Vikings,https://www.pro-football-reference.com/boxscores/202211240min.htm,3,06:46,4,6,MIN 6,26,23,"(6:46) 6-N.Folk 25 yard field goal is GOOD, Center-49-J.Cardona, Holder-17-M.Palardy.",2.970,0.030
2022,12,November 24,away,Minnesota Vikings,https://www.pro-football-reference.com/boxscores/202211240min.htm,3,06:43,,,NE 35,26,23,6-N.Folk kicks 67 yards from NE 35 to MIN -2. 26-K.Nwangwu to MIN 17 for 19 yards (30-M.Wilson).,1.683,-0.562
2022,12,November 24,away,Minnesota Vikings,https://www.pro-football-reference.com/boxscores/202211240min.htm,3,06:38,1,10,MIN 17,26,23,(6:38) 8-K.Cousins pass short right to 18-J.Jefferson to MIN 23 for 6 yards (8-J.Bentley; 3-J.Peppers) [2-J.Mills].,1.121,0.028
2022,12,November 24,away,Minnesota Vikings,https://www.pro-football-reference.com/boxscores/202211240min.htm,3,06:02,2,4,MIN 23,26,23,(6:02) 4-D.Cook up the middle to MIN 25 for 2 yards (93-L.Guy; 91-D.Wise).,1.149,-0.185
2022,12,November 24,away,Minnesota Vikings,https://www.pro-football-reference.com/boxscores/202211240min.htm,3,05:18,3,2,MIN 25,26,23,(5:18) (Shotgun) 8-K.Cousins pass short left to 4-D.Cook to MIN 28 for 3 yards (23-K.Dugger).,0.965,0.827
2022,12,November 24,away,Minnesota Vikings,https://www.pro-football-reference.com/boxscores/202211240min.htm,3,04:37,1,10,MIN 28,26,23,"(4:37) 8-K.Cousins pass short right to 19-A.Thielen to MIN 31 for 3 yards (31-Jo.Jones). PENALTY on NE-31-Jo.Jones, Face Mask, 15 yards, enforced at MIN 31.",1.792,1.151
2022,12,November 24,away,Minnesota Vikings,https://www.pro-football-reference.com/boxscores/202211240min.htm,3,04:04,1,10,MIN 46,26,23,(4:04) 4-D.Cook left end to MIN 49 for 3 yards (91-D.Wise).,2.943,-0.347
2022,12,November 24,away,Minnesota Vikings,https://www.pro-football-reference.com/boxscores/202211240min.htm,3,03:26,2,7,MIN 49,26,23,(3:26) 8-K.Cousins pass incomplete short left to 18-J.Jefferson (31-Jo.Jones).,2.595,-0.891
2022,12,November 24,away,Minnesota Vikings,https://www.pro-football-reference.com/boxscores/202211240min.htm,3,03:22,3,7,MIN 49,26,23,(3:22) (Shotgun) 8-K.Cousins pass short middle to 5-J.Reagor to NE 26 for 25 yards (32-D.McCourty).,1.705,2.973
2022,12,November 24,away,Minnesota Vikings,https://www.pro-football-reference.com/boxscores/202211240min.htm,3,02:46,,,NE 26,26,23,Timeout #1 by NE at 02:46.,4.677,0.000
2022,12,November 24,away,Minnesota Vikings,https://www.pro-football-reference.com/boxscores/202211240min.htm,3,02:46,1,10,NE 26,26,23,(2:46) (Shotgun) 8-K.Cousins pass short right to 18-J.Jefferson to NE 23 for 3 yards (31-Jo.Jones).,4.677,-0.201
2022,12,November 24,away,Minnesota Vikings,https://www.pro-football-reference.com/boxscores/202211240min.htm,3,02:08,2,7,NE 23,26,23,(2:08) (Shotgun) 8-K.Cousins pass short middle to 19-A.Thielen to NE 16 for 7 yards (8-J.Bentley).,4.477,0.715
2022,12,November 24,away,Minnesota Vikings,https://www.pro-football-reference.com/boxscores/202211240min.htm,3,01:28,1,10,NE 16,26,23,(1:28) 4-D.Cook right tackle to NE 16 for no gain (58-A.Jennings).,5.191,-0.532
2022,12,November 24,away,Minnesota Vikings,https://www.pro-football-reference.com/boxscores/202211240min.htm,3,00:46,2,10,NE 16,26,23,"(:46) (Shotgun) PENALTY on MIN-87-T.Hockenson, False Start, 5 yards, enforced at NE 16 - No Play.",4.659,-0.812
2022,12,November 24,away,Minnesota Vikings,https://www.pro-football-reference.com/boxscores/202211240min.htm,3,00:20,2,15,NE 21,26,23,"(:20) (Shotgun) 8-K.Cousins pass incomplete short middle to 19-A.Thielen. PENALTY on NE-27-M.Bryant, Unnecessary Roughness, 10 yards, enforced at NE 21 - No Play.",3.847,1.448
2022,12,November 24,away,Minnesota Vikings,https://www.pro-football-reference.com/boxscores/202211240min.htm,3,00:14,1,10,NE 11,26,23,"(:14) (Shotgun) 4-D.Cook up the middle to NE 9 for 2 yards (8-J.Bentley, 3-J.Peppers).",5.295,-0.454
2022,12,November 24,away,Minnesota Vikings,https://www.pro-football-reference.com/boxscores/202211240min.htm,4,15:00,2,8,NE 9,26,23,(15:00) (Shotgun) 8-K.Cousins sacked at NE 18 for -9 yards (55-J.Uche).,4.841,-1.653
2022,12,November 24,away,Minnesota Vikings,https://www.pro-football-reference.com/boxscores/202211240min.htm,4,14:17,3,17,NE 18,26,23,(14:17) (Shotgun) 8-K.Cousins pass incomplete short left to 19-A.Thielen (2-J.Mills).,3.187,-0.588
2022,12,November 24,away,Minnesota Vikings,https://www.pro-football-reference.com/boxscores/202211240min.htm,4,14:11,4,17,NE 18,26,26,"(14:11) 1-G.Joseph 36 yard field goal is GOOD, Center-42-A.DePaola, Holder-14-R.Wright.",2.599,0.401
2022,12,November 24,away,Minnesota Vikings,https://www.pro-football-reference.com/boxscores/202211240min.htm,4,14:07,,,MIN 35,26,26,"1-G.Joseph kicks 65 yards from MIN 35 to end zone, Touchback.",1.008,0.000
2022,12,November 24,away,Minnesota Vikings,https://www.pro-football-reference.com/boxscores/202211240min.htm,4,14:07,1,10,NE 25,26,26,(14:07) (Shotgun) 10-M.Jones pass short left to 38-R.Stevenson to NE 26 for 1 yard (39-C.Sullivan).,1.008,-0.579
2022,12,November 24,away,Minnesota Vikings,https://www.pro-football-reference.com/boxscores/202211240min.htm,4,13:31,2,9,NE 26,26,26,(13:31) (Shotgun) 10-M.Jones pass incomplete short middle to 15-N.Agholor (54-E.Kendricks).,0.429,-0.775
2022,12,November 24,away,Minnesota Vikings,https://www.pro-football-reference.com/boxscores/202211240min.htm,4,13:27,3,9,NE 26,26,26,(13:27) (Shotgun) 10-M.Jones pass incomplete deep right to 16-J.Meyers (24-C.Bynum).,-0.346,-1.334
2022,12,November 24,away,Minnesota Vikings,https://www.pro-football-reference.com/boxscores/202211240min.htm,4,13:19,4,9,NE 26,26,26,"(13:19) 17-M.Palardy punts 56 yards to MIN 18, Center-49-J.Cardona. 5-J.Reagor to MIN 29 for 11 yards (41-B.Schooler, 8-J.Bentley).",-1.679,-0.254
2022,12,November 24,away,Minnesota Vikings,https://www.pro-football-reference.com/boxscores/202211240min.htm,4,13:06,1,10,MIN 29,26,26,(13:06) 4-D.Cook up the middle to MIN 33 for 4 yards (92-D.Godchaux; 8-J.Bentley).,1.934,-0.233
2022,12,November 24,away,Minnesota Vikings,https://www.pro-football-reference.com/boxscores/202211240min.htm,4,12:38,2,6,MIN 33,26,26,(12:38) (No Huddle) 8-K.Cousins pass short left to 4-D.Cook to MIN 30 for -3 yards (50-R.McMillan) [9-M.Judon].,1.701,-1.270
2022,12,November 24,away,Minnesota Vikings,https://www.pro-football-reference.com/boxscores/202211240min.htm,4,11:51,,,MIN 30,26,26,Timeout #1 by MIN at 11:51.,0.431,0.000
2022,12,November 24,away,Minnesota Vikings,https://www.pro-football-reference.com/boxscores/202211240min.htm,4,11:51,3,9,MIN 30,26,26,"(11:51) (Shotgun) PENALTY on MIN-18-J.Jefferson, False Start, 5 yards, enforced at MIN 30 - No Play.",0.431,-0.723
2022,12,November 24,away,Minnesota Vikings,https://www.pro-football-reference.com/boxscores/202211240min.htm,4,11:51,3,14,MIN 25,26,26,"(11:51) (Shotgun) 8-K.Cousins pass short right to 87-T.Hockenson to MIN 36 for 11 yards (23-K.Dugger, 31-Jo.Jones).",-0.292,-0.048
2022,12,November 24,away,Minnesota Vikings,https://www.pro-football-reference.com/boxscores/202211240min.htm,4,11:04,4,3,MIN 36,26,26,"(11:04) 14-R.Wright punts 56 yards to NE 8, Center-42-A.DePaola, fair catch by 25-Ma.Jones. PENALTY on NE-35-P.Strong, Running Into the Kicker, 5 yards, enforced at MIN 36 - No Play.",-0.341,2.740
2022,12,November 24,away,Minnesota Vikings,https://www.pro-football-reference.com/boxscores/202211240min.htm,4,10:56,1,10,MIN 41,26,26,(10:56) 8-K.Cousins pass short middle to 4-D.Cook to MIN 49 for 8 yards (50-R.McMillan).,2.399,0.512
2022,12,November 24,away,Minnesota Vikings,https://www.pro-football-reference.com/boxscores/202211240min.htm,4,10:27,2,2,MIN 49,26,26,"(10:27) (No Huddle, Shotgun) 8-K.Cousins pass deep left to 18-J.Jefferson to NE 15 for 36 yards (32-D.McCourty) [9-M.Judon].",2.911,2.043
2022,12,November 24,away,Minnesota Vikings,https://www.pro-football-reference.com/boxscores/202211240min.htm,4,09:40,,,NE 15,26,26,Timeout #2 by MIN at 09:40.,4.954,0.000
2022,12,November 24,away,Minnesota Vikings,https://www.pro-football-reference.com/boxscores/202211240min.htm,4,09:40,1,10,NE 15,26,32,"(9:40) 8-K.Cousins pass short left to 19-A.Thielen for 15 yards, TOUCHDOWN.",4.954,2.046
2022,12,November 24,away,Minnesota Vikings,https://www.pro-football-reference.com/boxscores/202211240min.htm,4,09:34,,,NE 15,26,33,"1-G.Joseph extra point is GOOD, Center-42-A.DePaola, Holder-14-R.Wright.",0.949,0.051
2022,12,November 24,away,Minnesota Vikings,https://www.pro-football-reference.com/boxscores/202211240min.htm,4,09:34,,,MIN 35,26,33,"1-G.Joseph kicks 65 yards from MIN 35 to end zone, Touchback.",1.355,0.000
2022,12,November 24,away,Minnesota Vikings,https://www.pro-football-reference.com/boxscores/202211240min.htm,4,09:34,1,10,NE 25,26,33,(9:34) (Shotgun) 10-M.Jones pass short left to 15-N.Agholor to NE 26 for 1 yard (20-D.Shelley).,1.355,-0.571
2022,12,November 24,away,Minnesota Vikings,https://www.pro-football-reference.com/boxscores/202211240min.htm,4,09:01,2,9,NE 26,26,33,(9:01) (Shotgun) 10-M.Jones pass short left to 38-R.Stevenson to NE 34 for 8 yards (58-J.Hicks).,0.784,0.695
2022,12,November 24,away,Minnesota Vikings,https://www.pro-football-reference.com/boxscores/202211240min.htm,4,08:20,3,1,NE 34,26,33,(8:20) (Shotgun) 10-M.Jones pass incomplete deep left to 85-H.Henry.,1.479,-1.737
2022,12,November 24,away,Minnesota Vikings,https://www.pro-football-reference.com/boxscores/202211240min.htm,4,08:14,4,1,NE 34,26,33,"(8:14) 17-M.Palardy punts 31 yards to MIN 35, Center-49-J.Cardona, out of bounds.",-0.259,-1.830
2022,12,November 24,away,Minnesota Vikings,https://www.pro-football-reference.com/boxscores/202211240min.htm,4,08:07,1,10,MIN 35,26,33,(8:07) 8-K.Cousins pass short right to 17-K.Osborn to MIN 43 for 8 yards (31-Jo.Jones).,2.088,0.499
2022,12,November 24,away,Minnesota Vikings,https://www.pro-football-reference.com/boxscores/202211240min.htm,4,07:25,2,2,MIN 43,26,33,(7:25) 4-D.Cook right tackle to MIN 44 for 1 yard (91-D.Wise).,2.588,-0.421
2022,12,November 24,away,Minnesota Vikings,https://www.pro-football-reference.com/boxscores/202211240min.htm,4,06:40,3,1,MIN 44,26,33,(6:40) 17-K.Osborn left end to MIN 49 for 5 yards (32-D.McCourty).,2.167,0.589
2022,12,November 24,away,Minnesota Vikings,https://www.pro-football-reference.com/boxscores/202211240min.htm,4,05:59,1,10,MIN 49,26,33,(5:59) 4-D.Cook left guard to MIN 49 for no gain (93-L.Guy; 8-J.Bentley).,2.755,-0.579
2022,12,November 24,away,Minnesota Vikings,https://www.pro-football-reference.com/boxscores/202211240min.htm,4,05:16,2,10,MIN 49,26,33,(5:16) 8-K.Cousins pass short left to 19-A.Thielen to MIN 45 for -4 yards (2-J.Mills).,2.176,-1.389
2022,12,November 24,away,Minnesota Vikings,https://www.pro-football-reference.com/boxscores/202211240min.htm,4,04:32,3,14,MIN 45,26,33,(4:32) (Shotgun) 8-K.Cousins pass incomplete short right.,0.787,-1.053
2022,12,November 24,away,Minnesota Vikings,https://www.pro-football-reference.com/boxscores/202211240min.htm,4,04:29,4,14,MIN 45,26,33,"(4:29) 14-R.Wright punts 43 yards to NE 12, Center-42-A.DePaola. 25-Ma.Jones to NE 13 for 1 yard (83-J.Nailor).",-0.266,-0.168
2022,12,November 24,away,Minnesota Vikings,https://www.pro-football-reference.com/boxscores/202211240min.htm,4,04:21,1,10,NE 13,26,33,(4:21) (Shotgun) 10-M.Jones pass short right to 84-K.Bourne to NE 27 for 14 yards (22-H.Smith).,0.434,0.746
2022,12,November 24,away,Minnesota Vikings,https://www.pro-football-reference.com/boxscores/202211240min.htm,4,03:52,1,10,NE 27,26,33,(3:52) (Shotgun) 10-M.Jones pass incomplete short middle.,1.180,-0.512
2022,12,November 24,away,Minnesota Vikings,https://www.pro-football-reference.com/boxscores/202211240min.htm,4,03:48,2,10,NE 27,26,33,(3:48) (Shotgun) 10-M.Jones pass short right to 38-R.Stevenson pushed ob at MIN 33 for 40 yards (22-H.Smith).,0.668,2.768
2022,12,November 24,away,Minnesota Vikings,https://www.pro-football-reference.com/boxscores/202211240min.htm,4,03:38,1,10,MIN 33,26,33,(3:38) (Shotgun) 38-R.Stevenson left end to MIN 30 for 3 yards (20-D.Shelley; 54-E.Kendricks).,3.436,-0.208
2022,12,November 24,away,Minnesota Vikings,https://www.pro-football-reference.com/boxscores/202211240min.htm,4,03:02,2,7,MIN 30,26,33,(3:02) 10-M.Jones pass short middle to 38-R.Stevenson to MIN 30 for no gain (54-E.Kendricks).,3.228,-0.597
2022,12,November 24,away,Minnesota Vikings,https://www.pro-football-reference.com/boxscores/202211240min.htm,4,02:15,3,7,MIN 30,26,33,(2:15) (Shotgun) 10-M.Jones sacked at MIN 39 for -9 yards (99-D.Hunter).,2.631,-2.291
2022,12,November 24,away,Minnesota Vikings,https://www.pro-football-reference.com/boxscores/202211240min.htm,4,02:00,4,16,MIN 39,26,33,(2:00) (Shotgun) 10-M.Jones pass incomplete deep right to 15-N.Agholor. NE-15-N.Agholor was injured during the play.,0.340,-2.282
2022,12,November 24,away,Minnesota Vikings,https://www.pro-football-reference.com/boxscores/202211240min.htm,4,01:54,1,10,MIN 39,26,33,"(1:54) 4-D.Cook left tackle to MIN 38 for -1 yards (92-D.Godchaux, 93-L.Guy).",1.942,-0.716
2022,12,November 24,away,Minnesota Vikings,https://www.pro-football-reference.com/boxscores/202211240min.htm,4,01:10,2,11,MIN 38,26,33,"(1:10) 4-D.Cook right tackle to MIN 40 for 2 yards (23-K.Dugger, 9-M.Judon).",1.226,-0.386
2022,12,November 24,away,Minnesota Vikings,https://www.pro-football-reference.com/boxscores/202211240min.htm,4,01:06,,,MIN 40,26,33,Timeout #2 by NE at 01:06.,0.840,0.000
2022,12,November 24,away,Minnesota Vikings,https://www.pro-football-reference.com/boxscores/202211240min.htm,4,01:06,3,9,MIN 40,26,33,(1:06) 4-D.Cook left tackle to MIN 40 for no gain (23-K.Dugger; 9-M.Judon).,0.840,-0.962
2022,12,November 24,away,Minnesota Vikings,https://www.pro-football-reference.com/boxscores/202211240min.htm,4,01:02,,,MIN 40,26,33,Timeout #3 by NE at 01:02.,-0.123,0.000
2022,12,November 24,away,Minnesota Vikings,https://www.pro-football-reference.com/boxscores/202211240min.htm,4,01:02,4,9,MIN 40,26,33,"(1:02) 14-R.Wright punts 59 yards to NE 1, Center-42-A.DePaola. 25-Ma.Jones to NE 11 for 10 yards (91-P.Jones).",-0.123,-0.180
2022,12,November 24,away,Minnesota Vikings,https://www.pro-football-reference.com/boxscores/202211240min.htm,4,00:53,1,10,NE 11,26,33,(:53) (Shotgun) 10-M.Jones sacked at NE 2 for -9 yards (96-R.Blacklock).,0.303,-0.420
2022,12,November 24,away,Minnesota Vikings,https://www.pro-football-reference.com/boxscores/202211240min.htm,4,00:28,2,19,NE 2,26,33,"(:28) (No Huddle, Shotgun) 10-M.Jones pass deep right to 84-K.Bourne to NE 19 for 17 yards (7-P.Peterson).",-0.117,0.202
2022,12,November 24,away,Minnesota Vikings,https://www.pro-football-reference.com/boxscores/202211240min.htm,4,00:08,3,2,NE 19,26,33,"(:08) (No Huddle, Shotgun) 10-M.Jones pass deep left to 16-J.Meyers to NE 42 for 23 yards (54-E.Kendricks).",0.084,-0.084
2022,13,December 1,home,Buffalo Bills,https://www.pro-football-reference.com/boxscores/202212010nwe.htm,1,15:00,,,BUF 35,0,0,2-T.Bass kicks 64 yards from BUF 35 to NE 1. 25-Ma.Jones to NE 20 for 19 yards (53-T.Dodson).,1.474,-0.471
2022,13,December 1,home,Buffalo Bills,https://www.pro-football-reference.com/boxscores/202212010nwe.htm,1,14:54,1,10,NE 20,0,0,(14:54) (Shotgun) 38-R.Stevenson right tackle to NE 22 for 2 yards (50-G.Rousseau).,1.003,-0.568
2022,13,December 1,home,Buffalo Bills,https://www.pro-football-reference.com/boxscores/202212010nwe.htm,1,14:21,2,8,NE 22,0,0,(14:21) (Shotgun) 10-M.Jones pass short middle to 1-D.Parker to NE 29 for 7 yards (3-D.Hamlin).,0.435,1.112
2022,13,December 1,home,Buffalo Bills,https://www.pro-football-reference.com/boxscores/202212010nwe.htm,1,13:47,3,1,NE 29,0,0,"(13:47) 10-M.Jones FUMBLES (Aborted) at NE 27, recovered by NE-38-R.Stevenson at NE 29. 38-R.Stevenson to NE 29 for no gain (90-S.Lawson).",1.547,-1.802
2022,13,December 1,home,Buffalo Bills,https://www.pro-football-reference.com/boxscores/202212010nwe.htm,1,13:07,4,1,NE 29,0,0,"(13:07) 17-M.Palardy punts 38 yards to BUF 33, Center-49-J.Cardona. 20-N.Hines to BUF 33 for no gain (49-J.Cardona).",-0.256,-1.133
2022,13,December 1,home,Buffalo Bills,https://www.pro-football-reference.com/boxscores/202212010nwe.htm,1,12:57,1,10,BUF 33,0,0,(12:57) (Shotgun) 17-J.Allen pass incomplete short right to 26-D.Singletary [92-D.Godchaux]. NE 32-D.McCourty 200th career NFL game/start.,1.389,-0.553
2022,13,December 1,home,Buffalo Bills,https://www.pro-football-reference.com/boxscores/202212010nwe.htm,1,12:51,2,10,BUF 33,0,0,(12:51) 17-J.Allen pass deep right to 14-S.Diggs to NE 48 for 19 yards (23-K.Dugger).,0.836,1.811
2022,13,December 1,home,Buffalo Bills,https://www.pro-football-reference.com/boxscores/202212010nwe.htm,1,12:09,1,10,NE 48,0,0,(12:09) 26-D.Singletary up the middle to NE 49 for -1 yards (3-J.Peppers).,2.647,-0.831
2022,13,December 1,home,Buffalo Bills,https://www.pro-football-reference.com/boxscores/202212010nwe.htm,1,11:28,2,11,NE 49,0,0,(11:28) (Shotgun) 17-J.Allen pass incomplete short left to 13-G.Davis (25-Ma.Jones).,1.816,-0.982
2022,13,December 1,home,Buffalo Bills,https://www.pro-football-reference.com/boxscores/202212010nwe.htm,1,11:23,3,11,NE 49,0,0,(11:23) (Shotgun) 17-J.Allen pass short right to 20-N.Hines pushed ob at NE 28 for 21 yards (55-J.Uche; 30-M.Wilson) [9-M.Judon].,0.833,3.220
2022,13,December 1,home,Buffalo Bills,https://www.pro-football-reference.com/boxscores/202212010nwe.htm,1,10:49,1,10,NE 28,0,0,"(10:49) (No Huddle, Shotgun) 17-J.Allen pass short right to 14-S.Diggs pushed ob at NE 18 for 10 yards (31-Jo.Jones). PENALTY on BUF-14-S.Diggs, Offensive Pass Interference, 10 yards, enforced at NE 28 - No Play.",4.053,-1.108
2022,13,December 1,home,Buffalo Bills,https://www.pro-football-reference.com/boxscores/202212010nwe.htm,1,10:27,1,20,NE 38,0,0,(10:27) (Shotgun) 26-D.Singletary left tackle to NE 33 for 5 yards (30-M.Wilson).,2.945,-0.116
2022,13,December 1,home,Buffalo Bills,https://www.pro-football-reference.com/boxscores/202212010nwe.htm,1,09:45,2,15,NE 33,0,0,(9:45) 17-J.Allen sacked at NE 33 for 0 yards (55-J.Uche).,2.829,-0.803
2022,13,December 1,home,Buffalo Bills,https://www.pro-football-reference.com/boxscores/202212010nwe.htm,1,09:02,3,15,NE 33,0,0,"(9:02) (Shotgun) PENALTY on BUF-79-S.Brown, False Start, 5 yards, enforced at NE 33 - No Play.",2.026,-0.763
2022,13,December 1,home,Buffalo Bills,https://www.pro-football-reference.com/boxscores/202212010nwe.htm,1,08:50,3,20,NE 38,0,0,"(8:50) (Shotgun) 17-J.Allen pass short middle to 28-J.Cook to NE 30 for 8 yards (23-K.Dugger, 27-M.Bryant).",1.263,0.350
2022,13,December 1,home,Buffalo Bills,https://www.pro-football-reference.com/boxscores/202212010nwe.htm,1,08:06,4,12,NE 30,0,3,"(8:06) 2-T.Bass 48 yard field goal is GOOD, Center-69-R.Ferguson, Holder-8-S.Martin.",1.613,1.387
2022,13,December 1,home,Buffalo Bills,https://www.pro-football-reference.com/boxscores/202212010nwe.htm,1,08:02,,,BUF 35,0,3,"2-T.Bass kicks 65 yards from BUF 35 to end zone, Touchback.",1.405,0.000
2022,13,December 1,home,Buffalo Bills,https://www.pro-football-reference.com/boxscores/202212010nwe.htm,1,08:02,1,10,NE 25,0,3,(8:02) 10-M.Jones pass short right to 85-H.Henry to NE 34 for 9 yards (58-M.Milano).,1.405,0.833
2022,13,December 1,home,Buffalo Bills,https://www.pro-football-reference.com/boxscores/202212010nwe.htm,1,07:22,2,1,NE 34,0,3,(7:22) 38-R.Stevenson right end to NE 36 for 2 yards (58-M.Milano).,2.238,-0.062
2022,13,December 1,home,Buffalo Bills,https://www.pro-football-reference.com/boxscores/202212010nwe.htm,1,06:39,1,10,NE 36,0,3,"(6:39) 10-M.Jones pass short middle to 15-N.Agholor to NE 47 for 11 yards (27-T.White, 3-D.Hamlin).",2.176,0.671
2022,13,December 1,home,Buffalo Bills,https://www.pro-football-reference.com/boxscores/202212010nwe.htm,1,06:03,1,10,NE 47,0,3,"(6:03) 10-M.Jones scrambles left end to BUF 47 for 6 yards (55-C.Basham). PENALTY on NE-77-T.Brown, Offensive Holding, 10 yards, enforced at NE 47 - No Play.",2.848,-0.901
2022,13,December 1,home,Buffalo Bills,https://www.pro-football-reference.com/boxscores/202212010nwe.htm,1,05:42,1,20,NE 37,0,3,"(5:42) 10-M.Jones pass short right to 38-R.Stevenson to NE 44 for 7 yards (99-T.Settle, 29-X.Rhodes). FUMBLES (99-T.Settle), recovered by NE-15-N.Agholor at BUF 48.",1.947,0.829
2022,13,December 1,home,Buffalo Bills,https://www.pro-football-reference.com/boxscores/202212010nwe.htm,1,04:55,2,5,BUF 48,6,3,"(4:55) (Shotgun) 10-M.Jones pass short left to 25-Ma.Jones for 48 yards, TOUCHDOWN.",2.776,4.224
2022,13,December 1,home,Buffalo Bills,https://www.pro-football-reference.com/boxscores/202212010nwe.htm,1,04:46,,,BUF 15,7,3,"6-N.Folk extra point is GOOD, Center-49-J.Cardona, Holder-17-M.Palardy.",0.932,0.068
2022,13,December 1,home,Buffalo Bills,https://www.pro-football-reference.com/boxscores/202212010nwe.htm,1,04:46,,,NE 35,7,3,14-T.Vizcaino kicks 58 yards from NE 35 to BUF 7. 20-N.Hines to BUF 18 for 11 yards (41-B.Schooler).,0.879,-0.569
2022,13,December 1,home,Buffalo Bills,https://www.pro-football-reference.com/boxscores/202212010nwe.htm,1,04:42,1,10,BUF 18,7,3,(4:42) 28-J.Cook right guard to BUF 20 for 2 yards (91-D.Wise).,0.310,-0.439
2022,13,December 1,home,Buffalo Bills,https://www.pro-football-reference.com/boxscores/202212010nwe.htm,1,04:01,2,8,BUF 20,7,3,(4:01) (Shotgun) 17-J.Allen pass short middle to 28-J.Cook to BUF 34 for 14 yards (8-J.Bentley; 31-Jo.Jones).,-0.130,1.537
2022,13,December 1,home,Buffalo Bills,https://www.pro-football-reference.com/boxscores/202212010nwe.htm,1,03:19,1,10,BUF 34,7,3,(3:19) 17-J.Allen pass incomplete short left to 88-D.Knox [23-K.Dugger].,1.407,-0.532
2022,13,December 1,home,Buffalo Bills,https://www.pro-football-reference.com/boxscores/202212010nwe.htm,1,03:14,2,10,BUF 34,7,3,(3:14) (Shotgun) 28-J.Cook left tackle to BUF 35 for 1 yard (27-M.Bryant).,0.875,-0.780
2022,13,December 1,home,Buffalo Bills,https://www.pro-football-reference.com/boxscores/202212010nwe.htm,1,02:34,3,9,BUF 35,7,3,"(2:34) (Shotgun) 17-J.Allen pass incomplete deep right to 13-G.Davis. PENALTY on NE-13-Ja.Jones, Defensive Pass Interference, 22 yards, enforced at BUF 35 - No Play.",0.096,2.778
2022,13,December 1,home,Buffalo Bills,https://www.pro-football-reference.com/boxscores/202212010nwe.htm,1,02:29,1,10,NE 43,7,3,(2:29) 28-J.Cook up the middle to NE 15 for 28 yards (13-Ja.Jones).,2.874,2.017
2022,13,December 1,home,Buffalo Bills,https://www.pro-football-reference.com/boxscores/202212010nwe.htm,1,01:48,1,10,NE 15,7,3,"(1:48) 28-J.Cook up the middle to NE 13 for 2 yards (93-L.Guy, 3-J.Peppers).",4.891,-0.408
2022,13,December 1,home,Buffalo Bills,https://www.pro-football-reference.com/boxscores/202212010nwe.htm,1,01:02,2,8,NE 13,7,3,(1:02) (Shotgun) 17-J.Allen up the middle to NE 5 for 8 yards (32-D.McCourty; 92-D.Godchaux).,4.483,1.235
2022,13,December 1,home,Buffalo Bills,https://www.pro-football-reference.com/boxscores/202212010nwe.htm,1,00:21,1,5,NE 5,7,3,(:21) (Shotgun) 20-N.Hines left end to NE 8 for -3 yards (13-Ja.Jones).,5.717,-0.986
2022,13,December 1,home,Buffalo Bills,https://www.pro-football-reference.com/boxscores/202212010nwe.htm,2,15:00,2,8,NE 8,7,9,"(15:00) (Shotgun) 17-J.Allen pass short left to 14-S.Diggs for 8 yards, TOUCHDOWN.",4.732,2.268
2022,13,December 1,home,Buffalo Bills,https://www.pro-football-reference.com/boxscores/202212010nwe.htm,2,14:56,,,NE 15,7,10,"2-T.Bass extra point is GOOD, Center-69-R.Ferguson, Holder-8-S.Martin.",0.932,0.068
2022,13,December 1,home,Buffalo Bills,https://www.pro-football-reference.com/boxscores/202212010nwe.htm,2,14:56,,,BUF 35,7,10,"2-T.Bass kicks 64 yards from BUF 35 to NE 1. 25-Ma.Jones to NE 17 for 16 yards (33-S.Neal). PENALTY on NE-97-D.Mitchell, Offensive Holding, 8 yards, enforced at NE 17.",1.220,-1.057
2022,13,December 1,home,Buffalo Bills,https://www.pro-football-reference.com/boxscores/202212010nwe.htm,2,14:50,1,10,NE 9,7,10,(14:50) 36-K.Harris up the middle to NE 8 for -1 yards (90-S.Lawson).,0.163,-0.952
2022,13,December 1,home,Buffalo Bills,https://www.pro-football-reference.com/boxscores/202212010nwe.htm,2,14:14,2,11,NE 8,7,10,"(14:14) (Shotgun) 10-M.Jones pass incomplete short middle. Penalty on NE-69-C.Strange, Offensive Holding, declined. PENALTY on NE-10-M.Jones, Intentional Grounding, 7 yards, enforced at NE 8.",-0.789,-1.374
2022,13,December 1,home,Buffalo Bills,https://www.pro-football-reference.com/boxscores/202212010nwe.htm,2,14:11,3,18,NE 1,7,10,(14:11) 38-R.Stevenson left guard to NE 17 for 16 yards (50-G.Rousseau; 27-T.White).,-2.162,0.494
2022,13,December 1,home,Buffalo Bills,https://www.pro-football-reference.com/boxscores/202212010nwe.htm,2,13:25,4,2,NE 17,7,10,"(13:25) (Punt formation) PENALTY on NE, Delay of Game, 5 yards, enforced at NE 17 - No Play.",-1.668,-0.440
2022,13,December 1,home,Buffalo Bills,https://www.pro-football-reference.com/boxscores/202212010nwe.htm,2,13:21,4,7,NE 12,7,10,"(13:21) 17-M.Palardy punts 44 yards to BUF 44, Center-49-J.Cardona, fair catch by 20-N.Hines.",-2.109,0.022
2022,13,December 1,home,Buffalo Bills,https://www.pro-football-reference.com/boxscores/202212010nwe.htm,2,13:13,1,10,BUF 44,7,10,(13:13) (Shotgun) 17-J.Allen pass incomplete deep right to 13-G.Davis.,2.086,-0.476
2022,13,December 1,home,Buffalo Bills,https://www.pro-football-reference.com/boxscores/202212010nwe.htm,2,13:07,2,10,BUF 44,7,10,(13:07) (Shotgun) 26-D.Singletary left end pushed ob at NE 45 for 11 yards (31-Jo.Jones).,1.610,1.198
2022,13,December 1,home,Buffalo Bills,https://www.pro-football-reference.com/boxscores/202212010nwe.htm,2,12:29,1,10,NE 45,7,10,(12:29) 26-D.Singletary left guard to NE 41 for 4 yards (92-D.Godchaux; 9-M.Judon).,2.809,-0.136
2022,13,December 1,home,Buffalo Bills,https://www.pro-football-reference.com/boxscores/202212010nwe.htm,2,11:49,2,6,NE 41,7,10,(11:49) (Shotgun) 28-J.Cook right tackle to NE 38 for 3 yards (92-D.Godchaux; 8-J.Bentley).,2.673,-0.241
2022,13,December 1,home,Buffalo Bills,https://www.pro-football-reference.com/boxscores/202212010nwe.htm,2,11:10,3,3,NE 38,7,10,(11:10) (Shotgun) 17-J.Allen pass short left to 6-I.McKenzie to NE 30 for 8 yards (27-M.Bryant) [55-J.Uche].,2.432,1.413
2022,13,December 1,home,Buffalo Bills,https://www.pro-football-reference.com/boxscores/202212010nwe.htm,2,10:28,1,10,NE 30,7,10,(10:28) (Shotgun) 17-J.Allen pass short right to 6-I.McKenzie to NE 28 for 2 yards (95-D.Ekuale).,3.844,-0.297
2022,13,December 1,home,Buffalo Bills,https://www.pro-football-reference.com/boxscores/202212010nwe.htm,2,09:46,2,8,NE 28,7,10,"(9:46) (Shotgun) 28-J.Cook left guard to NE 21 for 7 yards (55-J.Uche, 32-D.McCourty).",3.548,0.511
2022,13,December 1,home,Buffalo Bills,https://www.pro-football-reference.com/boxscores/202212010nwe.htm,2,09:02,3,1,NE 21,7,10,(9:02) 68-B.Hart reported in as eligible.  26-D.Singletary up the middle to NE 19 for 2 yards (93-L.Guy; 3-J.Peppers).,4.059,0.461
2022,13,December 1,home,Buffalo Bills,https://www.pro-football-reference.com/boxscores/202212010nwe.htm,2,08:20,1,10,NE 19,7,10,(8:20) 28-J.Cook left tackle to NE 13 for 6 yards (8-J.Bentley).,4.520,0.330
2022,13,December 1,home,Buffalo Bills,https://www.pro-football-reference.com/boxscores/202212010nwe.htm,2,07:38,2,4,NE 13,7,10,(7:38) (Shotgun) 28-J.Cook left tackle to NE 12 for 1 yard (92-D.Godchaux).,4.850,-0.592
2022,13,December 1,home,Buffalo Bills,https://www.pro-football-reference.com/boxscores/202212010nwe.htm,2,06:58,3,3,NE 12,7,10,(6:58) (Shotgun) 17-J.Allen pass short right to 6-I.McKenzie to NE 8 for 4 yards (31-Jo.Jones).,4.258,0.955
2022,13,December 1,home,Buffalo Bills,https://www.pro-football-reference.com/boxscores/202212010nwe.htm,2,06:19,1,8,NE 8,7,10,(6:19) (Shotgun) 20-N.Hines left tackle to NE 8 for no gain (9-M.Judon).,5.212,-0.577
2022,13,December 1,home,Buffalo Bills,https://www.pro-football-reference.com/boxscores/202212010nwe.htm,2,05:39,2,8,NE 8,7,10,(5:39) (Shotgun) 17-J.Allen pass incomplete short left to 13-G.Davis.,4.635,-0.786
2022,13,December 1,home,Buffalo Bills,https://www.pro-football-reference.com/boxscores/202212010nwe.htm,2,05:34,3,8,NE 8,7,16,"(5:34) (Shotgun) 17-J.Allen pass short right to 13-G.Davis for 8 yards, TOUCHDOWN. Penalty on NE-13-Ja.Jones, Defensive Holding, declined.",3.849,3.151
2022,13,December 1,home,Buffalo Bills,https://www.pro-football-reference.com/boxscores/202212010nwe.htm,2,05:27,,,NE 15,7,17,"2-T.Bass extra point is GOOD, Center-69-R.Ferguson, Holder-8-S.Martin.",0.932,0.068
2022,13,December 1,home,Buffalo Bills,https://www.pro-football-reference.com/boxscores/202212010nwe.htm,2,05:27,,,BUF 35,7,17,"2-T.Bass kicks 65 yards from BUF 35 to end zone, Touchback.",0.886,0.000
2022,13,December 1,home,Buffalo Bills,https://www.pro-football-reference.com/boxscores/202212010nwe.htm,2,05:27,1,10,NE 25,7,17,(5:27) 10-M.Jones pass short middle to 81-J.Smith to NE 25 for no gain (49-T.Edmunds) [50-G.Rousseau].,0.886,-0.552
2022,13,December 1,home,Buffalo Bills,https://www.pro-football-reference.com/boxscores/202212010nwe.htm,2,04:58,2,10,NE 25,7,17,(4:58) (Shotgun) 38-R.Stevenson right tackle to NE 25 for no gain (50-G.Rousseau; 49-T.Edmunds).,0.333,-0.537
2022,13,December 1,home,Buffalo Bills,https://www.pro-football-reference.com/boxscores/202212010nwe.htm,2,04:22,3,10,NE 25,7,17,(4:22) (Shotgun) 10-M.Jones pass incomplete short left to 85-H.Henry (7-T.Johnson).,-0.204,-1.005
2022,13,December 1,home,Buffalo Bills,https://www.pro-football-reference.com/boxscores/202212010nwe.htm,2,04:13,4,10,NE 25,7,17,"(4:13) 17-M.Palardy punts 50 yards to BUF 25, Center-49-J.Cardona. 20-N.Hines to BUF 29 for 4 yards (18-M.Slater).",-1.208,0.034
2022,13,December 1,home,Buffalo Bills,https://www.pro-football-reference.com/boxscores/202212010nwe.htm,2,04:04,1,10,BUF 29,7,17,(4:04) 68-B.Hart reported in as eligible.  17-J.Allen pass incomplete short right to 13-G.Davis (23-K.Dugger).,1.174,-0.464
2022,13,December 1,home,Buffalo Bills,https://www.pro-football-reference.com/boxscores/202212010nwe.htm,2,03:58,2,10,BUF 29,7,17,(3:58) (Shotgun) 17-J.Allen up the middle to BUF 31 for 2 yards (91-D.Wise; 92-D.Godchaux).,0.710,-0.524
2022,13,December 1,home,Buffalo Bills,https://www.pro-football-reference.com/boxscores/202212010nwe.htm,2,03:15,3,8,BUF 31,7,17,(3:15) (Shotgun) 17-J.Allen pass incomplete deep middle to 14-S.Diggs.,0.186,-1.094
2022,13,December 1,home,Buffalo Bills,https://www.pro-football-reference.com/boxscores/202212010nwe.htm,2,03:04,4,8,BUF 31,7,17,"(3:04) 8-S.Martin punts 54 yards to NE 15, Center-69-R.Ferguson. 25-Ma.Jones to NE 15 for no gain (33-S.Neal).",-0.907,0.410
2022,13,December 1,home,Buffalo Bills,https://www.pro-football-reference.com/boxscores/202212010nwe.htm,2,02:55,1,10,NE 15,7,17,(2:55) (Shotgun) 10-M.Jones pass incomplete short right to 38-R.Stevenson (50-G.Rousseau).,0.497,-0.423
2022,13,December 1,home,Buffalo Bills,https://www.pro-football-reference.com/boxscores/202212010nwe.htm,2,02:53,2,10,NE 15,7,17,"(2:53) (Shotgun) 10-M.Jones pass short right to 25-Ma.Jones to NE 18 for 3 yards (7-T.Johnson, 21-J.Poyer).",0.074,-0.358
2022,13,December 1,home,Buffalo Bills,https://www.pro-football-reference.com/boxscores/202212010nwe.htm,2,02:16,3,7,NE 18,7,17,(2:16) (Shotgun) 10-M.Jones pass incomplete short left to 16-J.Meyers (7-T.Johnson).,-0.284,-0.859
2022,13,December 1,home,Buffalo Bills,https://www.pro-football-reference.com/boxscores/202212010nwe.htm,2,02:11,4,7,NE 18,7,17,"(2:11) 17-M.Palardy punts 39 yards to BUF 43, Center-49-J.Cardona, fair catch by 20-N.Hines.",-1.143,-0.787
2022,13,December 1,home,Buffalo Bills,https://www.pro-football-reference.com/boxscores/202212010nwe.htm,2,02:03,1,10,BUF 43,7,17,(2:03) (Shotgun) 17-J.Allen pass short middle to 28-J.Cook to NE 49 for 8 yards (3-J.Peppers).,1.930,0.448
2022,13,December 1,home,Buffalo Bills,https://www.pro-football-reference.com/boxscores/202212010nwe.htm,2,01:57,2,2,NE 49,7,17,(1:57) (Shotgun) 17-J.Allen pass short left to 14-S.Diggs pushed ob at NE 41 for 8 yards (31-Jo.Jones).,2.378,0.314
2022,13,December 1,home,Buffalo Bills,https://www.pro-football-reference.com/boxscores/202212010nwe.htm,2,01:51,1,10,NE 41,7,17,(1:51) (Shotgun) 17-J.Allen pass incomplete short left to 20-N.Hines.,2.692,-0.337
2022,13,December 1,home,Buffalo Bills,https://www.pro-football-reference.com/boxscores/202212010nwe.htm,2,01:47,2,10,NE 41,7,17,"(1:47) (Shotgun) 17-J.Allen pass deep right to 14-S.Diggs for 41 yards, TOUCHDOWN NULLIFIED by Penalty. PENALTY on BUF-89-T.Sweeney, Offensive Holding, 10 yards, enforced at NE 41 - No Play.",2.355,-0.690
2022,13,December 1,home,Buffalo Bills,https://www.pro-football-reference.com/boxscores/202212010nwe.htm,2,01:39,2,20,BUF 49,7,17,(1:39) (Shotgun) 17-J.Allen pass short middle to 10-K.Shakir to NE 41 for 10 yards (31-Jo.Jones).,1.665,0.335
2022,13,December 1,home,Buffalo Bills,https://www.pro-football-reference.com/boxscores/202212010nwe.htm,2,01:31,,,NE 41,7,17,Timeout #1 by NE at 01:31.,2.000,0.000
2022,13,December 1,home,Buffalo Bills,https://www.pro-football-reference.com/boxscores/202212010nwe.htm,2,01:31,3,10,NE 41,7,17,"(1:31) (Shotgun) 17-J.Allen sacked at NE 47 for -6 yards (55-J.Uche). FUMBLES (55-J.Uche) [55-J.Uche], RECOVERED by NE-9-M.Judon at NE 41. 9-M.Judon to NE 42 for 1 yard (17-J.Allen, 88-D.Knox).",2.000,-3.484
2022,13,December 1,home,Buffalo Bills,https://www.pro-football-reference.com/boxscores/202212010nwe.htm,2,01:20,1,10,NE 42,7,17,(1:20) (Shotgun) 38-R.Stevenson left guard to BUF 44 for 14 yards (91-E.Oliver).,1.484,0.887
2022,13,December 1,home,Buffalo Bills,https://www.pro-football-reference.com/boxscores/202212010nwe.htm,2,00:54,1,10,BUF 44,7,17,"(:54) (No Huddle, Shotgun) 10-M.Jones pass short left to 16-J.Meyers pushed ob at BUF 35 for 9 yards (29-X.Rhodes).",2.371,0.472
2022,13,December 1,home,Buffalo Bills,https://www.pro-football-reference.com/boxscores/202212010nwe.htm,2,00:50,2,1,BUF 35,7,17,(:50) (Shotgun) 38-R.Stevenson left guard to BUF 35 for no gain (49-T.Edmunds).,2.842,-0.408
2022,13,December 1,home,Buffalo Bills,https://www.pro-football-reference.com/boxscores/202212010nwe.htm,2,00:34,,,BUF 35,7,17,Timeout #2 by NE at 00:34.,2.434,0.000
2022,13,December 1,home,Buffalo Bills,https://www.pro-football-reference.com/boxscores/202212010nwe.htm,2,00:34,3,1,BUF 35,7,17,(:34) 10-M.Jones up the middle to BUF 33 for 2 yards (49-T.Edmunds).,2.434,0.211
2022,13,December 1,home,Buffalo Bills,https://www.pro-football-reference.com/boxscores/202212010nwe.htm,2,00:32,,,BUF 33,7,17,Timeout #3 by NE at 00:32.,2.645,0.000
2022,13,December 1,home,Buffalo Bills,https://www.pro-football-reference.com/boxscores/202212010nwe.htm,2,00:32,1,10,BUF 33,7,17,(:32) (Shotgun) 10-M.Jones pass incomplete short left to 1-D.Parker (27-T.White).,2.645,-0.310
2022,13,December 1,home,Buffalo Bills,https://www.pro-football-reference.com/boxscores/202212010nwe.htm,2,00:26,2,10,BUF 33,7,17,(:26) (Shotgun) 10-M.Jones pass short left to 85-H.Henry pushed ob at BUF 29 for 4 yards (27-T.White).,2.335,0.020
2022,13,December 1,home,Buffalo Bills,https://www.pro-football-reference.com/boxscores/202212010nwe.htm,2,00:22,3,6,BUF 29,7,17,(:22) (Shotgun) 10-M.Jones pass incomplete deep right. thrown away from outside the pocket,2.355,-0.219
2022,13,December 1,home,Buffalo Bills,https://www.pro-football-reference.com/boxscores/202212010nwe.htm,2,00:15,,,BUF 29,7,17,Timeout #1 by BUF at 00:15.,2.136,0.000
2022,13,December 1,home,Buffalo Bills,https://www.pro-football-reference.com/boxscores/202212010nwe.htm,2,00:15,4,6,BUF 29,7,17,"(:15) 6-N.Folk 48 yard field goal is No Good, Hit Crossbar, Center-49-J.Cardona, Holder-17-M.Palardy.",2.136,-2.274
2022,13,December 1,home,Buffalo Bills,https://www.pro-football-reference.com/boxscores/202212010nwe.htm,2,00:10,1,10,BUF 38,7,17,(:10) (Shotgun) 17-J.Allen pass incomplete deep left to 13-G.Davis (23-K.Dugger).,0.138,-0.138
2022,13,December 1,home,Buffalo Bills,https://www.pro-football-reference.com/boxscores/202212010nwe.htm,2,00:04,2,10,BUF 38,7,17,(:04) 17-J.Allen kneels to BUF 37 for -1 yards.,0.000,0.000
2022,13,December 1,home,Buffalo Bills,https://www.pro-football-reference.com/boxscores/202212010nwe.htm,3,15:00,,,NE 35,7,17,14-T.Vizcaino kicks 55 yards from NE 35 to BUF 10. 20-N.Hines pushed ob at BUF 25 for 15 yards (25-Ma.Jones).,0.770,0.029
2022,13,December 1,home,Buffalo Bills,https://www.pro-football-reference.com/boxscores/202212010nwe.htm,3,14:54,1,10,BUF 25,7,17,"(14:54) 68-B.Hart reported in as eligible.  26-D.Singletary left guard to BUF 29 for 4 yards (21-A.Phillips, 92-D.Godchaux).",0.800,-0.030
2022,13,December 1,home,Buffalo Bills,https://www.pro-football-reference.com/boxscores/202212010nwe.htm,3,14:10,2,6,BUF 29,7,17,(14:10) (Shotgun) 17-J.Allen pass short right to 6-I.McKenzie pushed ob at BUF 42 for 13 yards (21-A.Phillips).,0.770,1.147
2022,13,December 1,home,Buffalo Bills,https://www.pro-football-reference.com/boxscores/202212010nwe.htm,3,13:42,1,10,BUF 42,7,17,"(13:42) (No Huddle, Shotgun) 17-J.Allen pass short middle to 6-I.McKenzie to NE 41 for 17 yards (32-D.McCourty).",1.916,1.295
2022,13,December 1,home,Buffalo Bills,https://www.pro-football-reference.com/boxscores/202212010nwe.htm,3,13:09,1,10,NE 41,7,17,"(13:09) (No Huddle, Shotgun) 17-J.Allen pass incomplete short left to 26-D.Singletary.",3.211,-0.552
2022,13,December 1,home,Buffalo Bills,https://www.pro-football-reference.com/boxscores/202212010nwe.htm,3,13:06,2,10,NE 41,7,17,"(13:06) (Shotgun) 28-J.Cook right tackle to NE 34 for 7 yards (95-D.Ekuale). PENALTY on BUF-13-G.Davis, Illegal Block Above the Waist, 10 yards, enforced at NE 39.",2.659,-1.009
2022,13,December 1,home,Buffalo Bills,https://www.pro-football-reference.com/boxscores/202212010nwe.htm,3,12:44,2,18,NE 49,7,17,(12:44) (Shotgun) 17-J.Allen scrambles left end to NE 42 for 7 yards (55-J.Uche).,1.650,-0.462
2022,13,December 1,home,Buffalo Bills,https://www.pro-football-reference.com/boxscores/202212010nwe.htm,3,11:59,3,11,NE 42,7,17,(11:59) (Shotgun) 17-J.Allen pass incomplete deep left to 14-S.Diggs.,1.188,-1.541
2022,13,December 1,home,Buffalo Bills,https://www.pro-football-reference.com/boxscores/202212010nwe.htm,3,11:53,4,11,NE 42,7,17,"(11:53) 8-S.Martin punts 42 yards to end zone, Center-69-R.Ferguson, Touchback.",-0.353,-0.619
2022,13,December 1,home,Buffalo Bills,https://www.pro-football-reference.com/boxscores/202212010nwe.htm,3,11:45,1,10,NE 20,7,17,(11:45) 10-M.Jones pass short right to 15-N.Agholor to NE 26 for 6 yards (27-T.White).,0.972,0.313
2022,13,December 1,home,Buffalo Bills,https://www.pro-football-reference.com/boxscores/202212010nwe.htm,3,11:12,2,4,NE 26,7,17,(11:12) (Shotgun) 38-R.Stevenson right tackle to NE 33 for 7 yards (3-D.Hamlin).,1.286,0.673
2022,13,December 1,home,Buffalo Bills,https://www.pro-football-reference.com/boxscores/202212010nwe.htm,3,10:36,1,10,NE 33,7,17,"(10:36) 38-R.Stevenson up the middle to NE 39 for 6 yards (90-S.Lawson). PENALTY on BUF-92-D.Jones, Defensive Holding, 5 yards, enforced at NE 39.",1.959,0.684
2022,13,December 1,home,Buffalo Bills,https://www.pro-football-reference.com/boxscores/202212010nwe.htm,3,10:10,1,10,NE 44,7,17,(10:10) (Shotgun) 38-R.Stevenson right tackle to BUF 45 for 11 yards (50-G.Rousseau; 7-T.Johnson).,2.643,0.642
2022,13,December 1,home,Buffalo Bills,https://www.pro-football-reference.com/boxscores/202212010nwe.htm,3,09:28,1,10,BUF 45,7,17,"(9:28) 38-R.Stevenson left end to BUF 49 for -4 yards (57-A.Epenesa). Penalty on NE-60-D.Andrews, Offensive Holding, declined.",3.285,-1.154
2022,13,December 1,home,Buffalo Bills,https://www.pro-football-reference.com/boxscores/202212010nwe.htm,3,09:17,2,14,BUF 49,7,17,"(9:17) (Shotgun) 10-M.Jones pass intended for 85-H.Henry INTERCEPTED by 21-J.Poyer at BUF 36. 21-J.Poyer ran ob at BUF 36 for no gain. The Replay Official reviewed the interception ruling, and the play was REVERSED. (Shotgun) 10-M.Jones pass incomplete short left to 85-H.Henry (21-J.Poyer).",2.132,-1.016
2022,13,December 1,home,Buffalo Bills,https://www.pro-football-reference.com/boxscores/202212010nwe.htm,3,09:10,3,14,BUF 49,7,17,(9:10) (Shotgun) 10-M.Jones pass short middle to 16-J.Meyers to BUF 44 for 5 yards (58-M.Milano).,1.116,-0.883
2022,13,December 1,home,Buffalo Bills,https://www.pro-football-reference.com/boxscores/202212010nwe.htm,3,08:34,4,9,BUF 44,7,17,"(8:34) 17-M.Palardy punts 38 yards to BUF 6, Center-49-J.Cardona, downed by NE-41-B.Schooler.",0.233,0.021
2022,13,December 1,home,Buffalo Bills,https://www.pro-football-reference.com/boxscores/202212010nwe.htm,3,08:26,1,10,BUF 6,7,17,(8:26) 68-B.Hart reported in as eligible.  26-D.Singletary left guard to BUF 12 for 6 yards (9-M.Judon).,-0.254,0.087
2022,13,December 1,home,Buffalo Bills,https://www.pro-football-reference.com/boxscores/202212010nwe.htm,3,07:44,2,4,BUF 12,7,17,(7:44) (Shotgun) 17-J.Allen pass short middle to 13-G.Davis to BUF 19 for 7 yards (23-K.Dugger).,-0.167,0.534
2022,13,December 1,home,Buffalo Bills,https://www.pro-football-reference.com/boxscores/202212010nwe.htm,3,07:02,1,10,BUF 19,7,17,(7:02) (Shotgun) 17-J.Allen pass short middle to 28-J.Cook to BUF 22 for 3 yards (92-D.Godchaux; 31-Jo.Jones).,0.367,-0.406
2022,13,December 1,home,Buffalo Bills,https://www.pro-football-reference.com/boxscores/202212010nwe.htm,3,06:20,2,7,BUF 22,7,17,"(6:20) (Shotgun) 28-J.Cook left guard to BUF 25 for 3 yards (55-J.Uche, 91-D.Wise).",-0.039,-0.024
2022,13,December 1,home,Buffalo Bills,https://www.pro-football-reference.com/boxscores/202212010nwe.htm,3,05:39,3,4,BUF 25,7,17,"(5:39) (Shotgun) 17-J.Allen pass deep right to 14-S.Diggs to BUF 44 for 19 yards (31-Jo.Jones). Penalty on NE-31-Jo.Jones, Defensive Holding, declined.",-0.063,2.152
2022,13,December 1,home,Buffalo Bills,https://www.pro-football-reference.com/boxscores/202212010nwe.htm,3,05:18,1,10,BUF 44,7,17,(5:18) 68-B.Hart reported in as eligible.  28-J.Cook right guard to BUF 45 for 1 yard (8-J.Bentley).,2.089,-0.471
2022,13,December 1,home,Buffalo Bills,https://www.pro-football-reference.com/boxscores/202212010nwe.htm,3,04:35,2,9,BUF 45,7,17,(4:35) 17-J.Allen pass short right to 14-S.Diggs to NE 36 for 19 yards (23-K.Dugger).,1.618,1.847
2022,13,December 1,home,Buffalo Bills,https://www.pro-football-reference.com/boxscores/202212010nwe.htm,3,03:52,1,10,NE 36,7,17,(3:52) 17-J.Allen pass short middle to 28-J.Cook to NE 28 for 8 yards (30-M.Wilson).,3.465,0.609
2022,13,December 1,home,Buffalo Bills,https://www.pro-football-reference.com/boxscores/202212010nwe.htm,3,03:08,2,2,NE 28,7,17,(3:08) 68-B.Hart reported in as eligible.  28-J.Cook up the middle to NE 24 for 4 yards (92-D.Godchaux; 93-L.Guy). BUF-77-D.Quessenberry was injured during the play. BUF-88-D.Knox was injured during the play.,4.075,0.273
2022,13,December 1,home,Buffalo Bills,https://www.pro-football-reference.com/boxscores/202212010nwe.htm,3,02:39,1,10,NE 24,7,17,"(2:39) (Shotgun) 28-J.Cook left guard to NE 21 for 3 yards (92-D.Godchaux, 8-J.Bentley).",4.348,-0.275
2022,13,December 1,home,Buffalo Bills,https://www.pro-football-reference.com/boxscores/202212010nwe.htm,3,02:02,2,7,NE 21,7,17,(2:02) (Shotgun) 26-D.Singletary up the middle to NE 18 for 3 yards (55-J.Uche).,4.072,-0.139
2022,13,December 1,home,Buffalo Bills,https://www.pro-football-reference.com/boxscores/202212010nwe.htm,3,01:26,3,4,NE 18,7,17,(1:26) (Shotgun) 17-J.Allen pass short right to 14-S.Diggs to NE 9 for 9 yards (13-Ja.Jones).,3.934,1.184
2022,13,December 1,home,Buffalo Bills,https://www.pro-football-reference.com/boxscores/202212010nwe.htm,3,00:44,1,9,NE 9,7,17,(:44) 28-J.Cook left guard to NE 8 for 1 yard (92-D.Godchaux).,5.117,-0.386
2022,13,December 1,home,Buffalo Bills,https://www.pro-football-reference.com/boxscores/202212010nwe.htm,4,15:00,2,8,NE 8,7,17,(15:00) (Shotgun) 17-J.Allen scrambles left end pushed ob at NE 1 for 7 yards (32-D.McCourty). BUF-6-I.McKenzie was injured during the play.,4.732,0.939
2022,13,December 1,home,Buffalo Bills,https://www.pro-football-reference.com/boxscores/202212010nwe.htm,4,14:34,3,1,NE 1,7,23,"(14:34) (Shotgun) 26-D.Singletary up the middle for 1 yard, TOUCHDOWN.",5.671,1.329
2022,13,December 1,home,Buffalo Bills,https://www.pro-football-reference.com/boxscores/202212010nwe.htm,4,14:31,,,NE 15,7,24,"2-T.Bass extra point is GOOD, Center-69-R.Ferguson, Holder-8-S.Martin.",0.932,0.068
2022,13,December 1,home,Buffalo Bills,https://www.pro-football-reference.com/boxscores/202212010nwe.htm,4,14:31,,,BUF 35,7,24,2-T.Bass kicks 67 yards from BUF 35 to NE -2. 25-Ma.Jones to NE 28 for 30 yards (52-A.Klein; 4-J.Johnson).,1.193,0.115
2022,13,December 1,home,Buffalo Bills,https://www.pro-football-reference.com/boxscores/202212010nwe.htm,4,14:26,1,10,NE 28,7,24,(14:26) (Shotgun) 10-M.Jones pass short right to 84-K.Bourne to NE 43 for 15 yards (21-J.Poyer).,1.308,1.029
2022,13,December 1,home,Buffalo Bills,https://www.pro-football-reference.com/boxscores/202212010nwe.htm,4,13:46,1,10,NE 43,7,24,(13:46) 10-M.Jones pass incomplete deep left to 16-J.Meyers [55-C.Basham].,2.336,-0.472
2022,13,December 1,home,Buffalo Bills,https://www.pro-football-reference.com/boxscores/202212010nwe.htm,4,13:41,2,10,NE 43,7,24,(13:41) (Shotgun) 10-M.Jones pass short right to 38-R.Stevenson to NE 38 for -5 yards (21-J.Poyer).,1.865,-1.609
2022,13,December 1,home,Buffalo Bills,https://www.pro-football-reference.com/boxscores/202212010nwe.htm,4,13:01,3,15,NE 38,7,24,(13:01) (Shotgun) 10-M.Jones pass short left to 16-J.Meyers to NE 46 for 8 yards (7-T.Johnson).,0.256,-0.545
2022,13,December 1,home,Buffalo Bills,https://www.pro-football-reference.com/boxscores/202212010nwe.htm,4,12:17,4,7,NE 46,7,24,"(12:17) 17-M.Palardy punts 42 yards to BUF 12, Center-49-J.Cardona, fair catch by 20-N.Hines.",-0.289,0.169
2022,13,December 1,home,Buffalo Bills,https://www.pro-football-reference.com/boxscores/202212010nwe.htm,4,12:10,1,10,BUF 12,7,24,(12:10) 68-B.Hart reported in as eligible.  26-D.Singletary up the middle to BUF 18 for 6 yards (48-J.Tavai; 91-D.Wise).,0.120,0.202
2022,13,December 1,home,Buffalo Bills,https://www.pro-football-reference.com/boxscores/202212010nwe.htm,4,11:25,2,4,BUF 18,7,24,"(11:25) 68-B.Hart reported in as eligible.  26-D.Singletary up the middle to BUF 21 for 3 yards (48-J.Tavai, 58-A.Jennings).",0.322,-0.017
2022,13,December 1,home,Buffalo Bills,https://www.pro-football-reference.com/boxscores/202212010nwe.htm,4,10:46,3,1,BUF 21,7,24,(10:46) 17-J.Allen pass short left to 14-S.Diggs to BUF 31 for 10 yards (31-Jo.Jones).,0.305,1.005
2022,13,December 1,home,Buffalo Bills,https://www.pro-football-reference.com/boxscores/202212010nwe.htm,4,10:02,1,10,BUF 31,7,24,(10:02) 26-D.Singletary left end to BUF 40 for 9 yards (23-K.Dugger).,1.311,0.814
2022,13,December 1,home,Buffalo Bills,https://www.pro-football-reference.com/boxscores/202212010nwe.htm,4,09:08,2,1,BUF 40,7,24,(9:08) 68-B.Hart reported in as eligible.  26-D.Singletary up the middle to BUF 38 for -2 yards (13-Ja.Jones).,2.124,-1.159
2022,13,December 1,home,Buffalo Bills,https://www.pro-football-reference.com/boxscores/202212010nwe.htm,4,08:24,3,3,BUF 38,7,24,(8:24) (Shotgun) 17-J.Allen pass short left to 28-J.Cook pushed ob at BUF 38 for no gain (32-D.McCourty).,0.965,-1.378
2022,13,December 1,home,Buffalo Bills,https://www.pro-football-reference.com/boxscores/202212010nwe.htm,4,07:46,4,3,BUF 38,7,24,"(7:46) 8-S.Martin punts 40 yards to NE 22, Center-69-R.Ferguson, fair catch by 25-Ma.Jones.",-0.413,-0.465
2022,13,December 1,home,Buffalo Bills,https://www.pro-football-reference.com/boxscores/202212010nwe.htm,4,07:38,1,10,NE 22,7,24,(7:38) (Shotgun) 10-M.Jones pass short middle to 11-T.Thornton to NE 41 for 19 yards (21-J.Poyer).,0.878,1.205
2022,13,December 1,home,Buffalo Bills,https://www.pro-football-reference.com/boxscores/202212010nwe.htm,4,07:12,1,10,NE 41,7,24,"(7:12) (No Huddle, Shotgun) 10-M.Jones pass short left to 38-R.Stevenson to NE 44 for 3 yards (30-D.Jackson, 58-M.Milano) [90-S.Lawson].",2.083,-0.200
2022,13,December 1,home,Buffalo Bills,https://www.pro-football-reference.com/boxscores/202212010nwe.htm,4,06:43,2,7,NE 44,7,24,"(6:43) (No Huddle, Shotgun) 10-M.Jones pass incomplete deep right to 11-T.Thornton.",1.883,-0.700
2022,13,December 1,home,Buffalo Bills,https://www.pro-football-reference.com/boxscores/202212010nwe.htm,4,06:37,3,7,NE 44,7,24,(6:37) (Shotgun) 10-M.Jones pass short right to 38-R.Stevenson to BUF 49 for 7 yards (7-T.Johnson).,1.183,1.520
2022,13,December 1,home,Buffalo Bills,https://www.pro-football-reference.com/boxscores/202212010nwe.htm,4,06:09,1,10,BUF 49,7,24,"(6:09) (No Huddle, Shotgun) 10-M.Jones pass incomplete short right to 84-K.Bourne.",2.703,-0.485
2022,13,December 1,home,Buffalo Bills,https://www.pro-football-reference.com/boxscores/202212010nwe.htm,4,05:57,2,10,BUF 49,7,24,"(5:57) (Shotgun) 10-M.Jones pass short left to 38-R.Stevenson to BUF 41 for 8 yards (3-D.Hamlin, 55-C.Basham).",2.218,0.504
2022,13,December 1,home,Buffalo Bills,https://www.pro-football-reference.com/boxscores/202212010nwe.htm,4,05:29,3,2,BUF 41,7,24,"(5:29) (No Huddle, Shotgun) 10-M.Jones pass short left to 1-D.Parker pushed ob at BUF 32 for 9 yards (58-M.Milano).",2.722,1.023
2022,13,December 1,home,Buffalo Bills,https://www.pro-football-reference.com/boxscores/202212010nwe.htm,4,05:07,1,10,BUF 32,7,24,"(5:07) (No Huddle, Shotgun) 10-M.Jones pass short left to 38-R.Stevenson to BUF 28 for 4 yards (49-T.Edmunds).",3.745,-0.170
2022,13,December 1,home,Buffalo Bills,https://www.pro-football-reference.com/boxscores/202212010nwe.htm,4,04:39,2,6,BUF 28,7,24,"(4:39) (No Huddle, Shotgun) 10-M.Jones pass incomplete short left to 38-R.Stevenson.",3.575,-0.551
2022,13,December 1,home,Buffalo Bills,https://www.pro-football-reference.com/boxscores/202212010nwe.htm,4,04:34,,,BUF 28,7,24,Timeout #1 by BUF at 04:34.,3.024,0.000
2022,13,December 1,home,Buffalo Bills,https://www.pro-football-reference.com/boxscores/202212010nwe.htm,4,04:34,3,6,BUF 28,7,24,(4:34) (Shotgun) 10-M.Jones scrambles up the middle to BUF 23 for 5 yards (49-T.Edmunds).,3.024,-0.200
2022,13,December 1,home,Buffalo Bills,https://www.pro-football-reference.com/boxscores/202212010nwe.htm,4,04:01,4,1,BUF 23,7,24,"(4:01) (No Huddle, Shotgun) 10-M.Jones pass short middle to 11-T.Thornton to BUF 11 for 12 yards (21-J.Poyer).",2.824,2.079
2022,13,December 1,home,Buffalo Bills,https://www.pro-football-reference.com/boxscores/202212010nwe.htm,4,03:34,1,10,BUF 11,7,24,"(3:34) (No Huddle, Shotgun) 10-M.Jones pass incomplete short left to 38-R.Stevenson. PENALTY on NE-75-C.McDermott, Offensive Holding, 10 yards, enforced at BUF 11 - No Play.",4.903,-1.197
2022,13,December 1,home,Buffalo Bills,https://www.pro-football-reference.com/boxscores/202212010nwe.htm,4,03:29,1,20,BUF 21,7,24,(3:29) (Shotgun) 10-M.Jones pass incomplete deep left to 1-D.Parker (3-D.Hamlin).,3.706,-0.429
2022,13,December 1,home,Buffalo Bills,https://www.pro-football-reference.com/boxscores/202212010nwe.htm,4,03:23,2,20,BUF 21,7,24,(3:23) (Shotgun) 10-M.Jones pass short right to 81-J.Smith to BUF 15 for 6 yards (58-M.Milano).,3.277,-0.178
2022,13,December 1,home,Buffalo Bills,https://www.pro-football-reference.com/boxscores/202212010nwe.htm,4,02:59,3,14,BUF 15,7,24,"(2:59) (No Huddle, Shotgun) 10-M.Jones pass incomplete short middle to 16-J.Meyers (3-D.Hamlin). PENALTY on BUF-3-D.Hamlin, Disqualification, 7 yards, enforced at BUF 15 - No Play.",3.099,2.086
2022,13,December 1,home,Buffalo Bills,https://www.pro-football-reference.com/boxscores/202212010nwe.htm,4,02:54,1,8,BUF 8,7,24,(2:54) (Shotgun) 10-M.Jones pass incomplete short left to 85-H.Henry.,5.185,-0.621
2022,13,December 1,home,Buffalo Bills,https://www.pro-football-reference.com/boxscores/202212010nwe.htm,4,02:50,2,8,BUF 8,7,24,(2:50) (Shotgun) 10-M.Jones sacked at BUF 21 for -13 yards (57-A.Epenesa).,4.564,-1.792
2022,13,December 1,home,Buffalo Bills,https://www.pro-football-reference.com/boxscores/202212010nwe.htm,4,02:13,3,21,BUF 21,7,24,(2:13) (Shotgun) 10-M.Jones pass incomplete deep right to 15-N.Agholor. BUF-97-J.Phillips was injured during the play.,2.771,-0.315
2022,13,December 1,home,Buffalo Bills,https://www.pro-football-reference.com/boxscores/202212010nwe.htm,4,01:57,4,21,BUF 21,10,24,"(1:57) 6-N.Folk 39 yard field goal is GOOD, Center-49-J.Cardona, Holder-17-M.Palardy.",2.457,0.543
2022,13,December 1,home,Buffalo Bills,https://www.pro-football-reference.com/boxscores/202212010nwe.htm,4,01:53,,,NE 35,10,24,Timeout #2 by BUF at 01:53.,0.724,0.000
2022,13,December 1,home,Buffalo Bills,https://www.pro-football-reference.com/boxscores/202212010nwe.htm,4,01:53,,,NE 35,10,24,6-N.Folk kicks onside 10 yards from NE 35 to NE 45. 13-G.Davis (didn't try to advance) ran ob at NE 45 for no gain.,0.724,1.691
2022,13,December 1,home,Buffalo Bills,https://www.pro-football-reference.com/boxscores/202212010nwe.htm,4,01:52,1,10,NE 45,10,24,(1:52) 68-B.Hart reported in as eligible.  17-J.Allen kneels to NE 46 for -1 yards.,2.415,-0.573
2022,13,December 1,home,Buffalo Bills,https://www.pro-football-reference.com/boxscores/202212010nwe.htm,4,01:13,2,11,NE 46,10,24,(1:13) 68-B.Hart reported in as eligible.  17-J.Allen kneels to NE 47 for -1 yards.,1.842,-0.547
2022,13,December 1,home,Buffalo Bills,https://www.pro-football-reference.com/boxscores/202212010nwe.htm,4,00:39,3,12,NE 47,10,24,(:39) 68-B.Hart reported in as eligible.  17-J.Allen kneels to NE 48 for -1 yards.,1.295,-1.295
2022,14,December 12,away,Arizona Cardinals,https://www.pro-football-reference.com/boxscores/202212120crd.htm,1,15:00,,,NE 35,0,0,"6-N.Folk kicks 68 yards from NE 35 to ARI -3. 15-P.Cooper to ARI 26 for 29 yards (48-J.Tavai, 18-M.Slater).",1.593,0.041
2022,14,December 12,away,Arizona Cardinals,https://www.pro-football-reference.com/boxscores/202212120crd.htm,1,14:54,1,10,ARI 26,0,0,(14:54) (Shotgun) 1-K.Murray pass short middle to 6-J.Conner to ARI 35 for 9 yards (8-J.Bentley; 27-M.Bryant).,1.634,0.796
2022,14,December 12,away,Arizona Cardinals,https://www.pro-football-reference.com/boxscores/202212120crd.htm,1,14:11,2,1,ARI 35,0,0,(14:11) 6-J.Conner up the middle to ARI 41 for 6 yards (92-D.Godchaux; 8-J.Bentley).,2.430,0.119
2022,14,December 12,away,Arizona Cardinals,https://www.pro-football-reference.com/boxscores/202212120crd.htm,1,13:51,1,10,ARI 41,0,0,"(13:51) (No Huddle, Shotgun) 1-K.Murray scrambles right end to ARI 44 for 3 yards (9-M.Judon). ARI-1-K.Murray was injured during the play.",2.549,-0.188
2022,14,December 12,away,Arizona Cardinals,https://www.pro-football-reference.com/boxscores/202212120crd.htm,1,13:24,2,7,ARI 44,0,0,"(13:24) New QB 12-C.McCoy. (Shotgun) 12-C.McCoy pass short right to 6-J.Conner to ARI 45 for 1 yard (48-J.Tavai, 93-L.Guy).",2.361,-0.810
2022,14,December 12,away,Arizona Cardinals,https://www.pro-football-reference.com/boxscores/202212120crd.htm,1,12:41,3,6,ARI 45,0,0,"(12:41) (No Huddle, Shotgun) 12-C.McCoy pass short left to 23-C.Clement to NE 34 for 21 yards (32-D.McCourty).",1.551,2.449
2022,14,December 12,away,Arizona Cardinals,https://www.pro-football-reference.com/boxscores/202212120crd.htm,1,11:59,1,10,NE 34,0,0,"(11:59) (No Huddle, Shotgun) 12-C.McCoy FUMBLES (Aborted) at NE 38, recovered by ARI-6-J.Conner at NE 36. 6-J.Conner to NE 36 for no gain (93-L.Guy).",4.001,-0.901
2022,14,December 12,away,Arizona Cardinals,https://www.pro-football-reference.com/boxscores/202212120crd.htm,1,11:18,2,12,NE 36,0,0,(11:18) (Shotgun) 12-C.McCoy pass incomplete short left to 10-D.Hopkins (13-Ja.Jones).,3.100,-0.899
2022,14,December 12,away,Arizona Cardinals,https://www.pro-football-reference.com/boxscores/202212120crd.htm,1,11:15,3,12,NE 36,0,0,(11:15) (Shotgun) 12-C.McCoy pass short middle to 6-J.Conner pushed ob at NE 31 for 5 yards (21-A.Phillips; 27-M.Bryant).,2.201,-0.596
2022,14,December 12,away,Arizona Cardinals,https://www.pro-football-reference.com/boxscores/202212120crd.htm,1,10:39,4,7,NE 31,0,0,"(10:39) 5-M.Prater 50 yard field goal is No Good, Wide Left, Center-46-A.Brewer, Holder-14-A.Lee.",1.605,-3.489
2022,14,December 12,away,Arizona Cardinals,https://www.pro-football-reference.com/boxscores/202212120crd.htm,1,10:34,1,10,NE 40,0,0,(10:34) (Shotgun) 10-M.Jones pass short middle to 1-D.Parker to ARI 46 for 14 yards (20-M.Wilson).,1.884,0.995
2022,14,December 12,away,Arizona Cardinals,https://www.pro-football-reference.com/boxscores/202212120crd.htm,1,10:01,1,10,ARI 46,0,0,(10:01) 38-R.Stevenson up the middle to ARI 45 for 1 yard (41-M.Sanders).,2.880,-0.492
2022,14,December 12,away,Arizona Cardinals,https://www.pro-football-reference.com/boxscores/202212120crd.htm,1,09:26,2,9,ARI 45,0,0,(9:26) 10-M.Jones pass incomplete short right to 81-J.Smith.,2.388,-0.859
2022,14,December 12,away,Arizona Cardinals,https://www.pro-football-reference.com/boxscores/202212120crd.htm,1,09:22,3,9,ARI 45,0,0,"(9:22) (Shotgun) PENALTY on NE-77-T.Brown, False Start, 5 yards, enforced at ARI 45 - No Play.",1.529,-0.815
2022,14,December 12,away,Arizona Cardinals,https://www.pro-football-reference.com/boxscores/202212120crd.htm,1,09:22,3,14,MID 50,0,0,(9:22) (Shotgun) 10-M.Jones pass incomplete short middle to 81-J.Smith (94-Z.Allen).,0.713,-1.407
2022,14,December 12,away,Arizona Cardinals,https://www.pro-football-reference.com/boxscores/202212120crd.htm,1,09:18,4,14,MID 50,0,0,"(9:18) 17-M.Palardy punts 42 yards to ARI 8, Center-49-J.Cardona, fair catch by 83-G.Dortch. PENALTY on ARI-35-C.Matthew, Offensive Holding, 4 yards, enforced at ARI 8.",-0.693,0.472
2022,14,December 12,away,Arizona Cardinals,https://www.pro-football-reference.com/boxscores/202212120crd.htm,1,09:12,1,10,ARI 4,0,0,(9:12) 6-J.Conner up the middle to ARI 27 for 23 yards (25-Ma.Jones).,0.221,1.411
2022,14,December 12,away,Arizona Cardinals,https://www.pro-football-reference.com/boxscores/202212120crd.htm,1,08:35,1,10,ARI 27,0,0,"(8:35) (No Huddle, Shotgun) 12-C.McCoy pass short left to 81-R.Anderson to ARI 41 for 14 yards (25-Ma.Jones, 21-A.Phillips).",1.632,0.833
2022,14,December 12,away,Arizona Cardinals,https://www.pro-football-reference.com/boxscores/202212120crd.htm,1,07:52,1,10,ARI 41,0,0,"(7:52) (No Huddle, Shotgun) 6-J.Conner left tackle to ARI 43 for 2 yards (21-A.Phillips; 8-J.Bentley).",2.465,-0.360
2022,14,December 12,away,Arizona Cardinals,https://www.pro-football-reference.com/boxscores/202212120crd.htm,1,07:21,2,8,ARI 43,0,0,"(7:21) (No Huddle, Shotgun) 12-C.McCoy sacked at ARI 38 for -5 yards (sack split by 9-M.Judon and 93-L.Guy).",2.105,-1.628
2022,14,December 12,away,Arizona Cardinals,https://www.pro-football-reference.com/boxscores/202212120crd.htm,1,06:36,3,13,ARI 38,0,0,"(6:36) (No Huddle, Shotgun) 12-C.McCoy pass short middle to 10-D.Hopkins to NE 47 for 15 yards (21-A.Phillips; 23-K.Dugger). PENALTY on ARI-2-M.Brown, Illegal Shift, 5 yards, enforced at ARI 38 - No Play.",0.477,-0.255
2022,14,December 12,away,Arizona Cardinals,https://www.pro-football-reference.com/boxscores/202212120crd.htm,1,06:06,3,18,ARI 33,0,0,"(6:06) (Shotgun) 12-C.McCoy pass short right to 85-T.McBride to ARI 41 for 8 yards (27-M.Bryant, 31-Jo.Jones).",0.222,-0.680
2022,14,December 12,away,Arizona Cardinals,https://www.pro-football-reference.com/boxscores/202212120crd.htm,1,05:08,4,10,ARI 41,0,0,"(5:08) 14-A.Lee punts 53 yards to NE 6, Center-46-A.Brewer, downed by ARI-51-T.Vallejo. PENALTY on NE-44-R.Webb, Offensive Holding, 3 yards, enforced at NE 6.",-0.458,0.774
2022,14,December 12,away,Arizona Cardinals,https://www.pro-football-reference.com/boxscores/202212120crd.htm,1,04:56,1,10,NE 3,0,0,(4:56) 38-R.Stevenson up the middle to NE 7 for 4 yards (9-I.Simmons).,-0.317,-0.207
2022,14,December 12,away,Arizona Cardinals,https://www.pro-football-reference.com/boxscores/202212120crd.htm,1,04:19,2,6,NE 7,0,0,"(4:19) 10-M.Jones pass short right to 1-D.Parker to NE 17 for 10 yards (33-A.Hamilton). Arizona challenged the pass completion ruling, and the play was Upheld. The ruling on the field stands. (Timeout #1.)",-0.524,1.123
2022,14,December 12,away,Arizona Cardinals,https://www.pro-football-reference.com/boxscores/202212120crd.htm,1,03:50,1,10,NE 17,0,0,(3:50) (Shotgun) 10-M.Jones scrambles right end ran ob at NE 19 for 2 yards (94-Z.Allen).,0.599,-0.522
2022,14,December 12,away,Arizona Cardinals,https://www.pro-football-reference.com/boxscores/202212120crd.htm,1,03:15,2,8,NE 19,0,0,(3:15) (Shotgun) 10-M.Jones pass short left to 25-Ma.Jones pushed ob at NE 31 for 12 yards (56-B.Niemann).,0.077,1.387
2022,14,December 12,away,Arizona Cardinals,https://www.pro-football-reference.com/boxscores/202212120crd.htm,1,02:43,1,10,NE 31,0,0,(2:43) (Shotgun) 38-R.Stevenson up the middle to NE 34 for 3 yards (41-M.Sanders). NE-38-R.Stevenson was injured during the play.,1.464,-0.246
2022,14,December 12,away,Arizona Cardinals,https://www.pro-football-reference.com/boxscores/202212120crd.htm,1,02:15,2,7,NE 34,0,0,(2:15) 10-M.Jones pass short middle intended for 11-T.Thornton INTERCEPTED by 9-I.Simmons (97-C.Thomas) at NE 41. 9-I.Simmons to NE 36 for 5 yards (25-Ma.Jones).,1.218,-5.025
2022,14,December 12,away,Arizona Cardinals,https://www.pro-football-reference.com/boxscores/202212120crd.htm,1,02:08,1,10,NE 36,0,0,(2:08) (Shotgun) 6-J.Conner up the middle to NE 30 for 6 yards (3-J.Peppers).,3.806,0.220
2022,14,December 12,away,Arizona Cardinals,https://www.pro-football-reference.com/boxscores/202212120crd.htm,1,01:35,2,4,NE 30,0,0,"(1:35) (No Huddle, Shotgun) 12-C.McCoy pass incomplete deep left to 10-D.Hopkins.",4.026,-0.705
2022,14,December 12,away,Arizona Cardinals,https://www.pro-football-reference.com/boxscores/202212120crd.htm,1,01:30,3,4,NE 30,0,0,(1:30) (Shotgun) 12-C.McCoy pass short left to 2-M.Brown to NE 20 for 10 yards (27-M.Bryant).,3.321,1.525
2022,14,December 12,away,Arizona Cardinals,https://www.pro-football-reference.com/boxscores/202212120crd.htm,1,01:08,1,10,NE 20,0,0,"(1:08) (No Huddle, Shotgun) 6-J.Conner up the middle to NE 17 for 3 yards (8-J.Bentley).",4.846,-0.145
2022,14,December 12,away,Arizona Cardinals,https://www.pro-football-reference.com/boxscores/202212120crd.htm,1,00:29,2,7,NE 17,0,0,"(:29) (Shotgun) 12-C.McCoy pass short right to 2-M.Brown to NE 15 for 2 yards (31-Jo.Jones, 8-J.Bentley).",4.700,-0.452
2022,14,December 12,away,Arizona Cardinals,https://www.pro-football-reference.com/boxscores/202212120crd.htm,2,15:00,3,5,NE 15,0,0,(15:00) (Shotgun) 12-C.McCoy pass incomplete short right to 2-M.Brown.,4.248,-1.524
2022,14,December 12,away,Arizona Cardinals,https://www.pro-football-reference.com/boxscores/202212120crd.htm,2,14:56,4,5,NE 15,0,3,"(14:56) 5-M.Prater 33 yard field goal is GOOD, Center-46-A.Brewer, Holder-14-A.Lee.",2.724,0.276
2022,14,December 12,away,Arizona Cardinals,https://www.pro-football-reference.com/boxscores/202212120crd.htm,2,14:52,,,ARI 35,0,3,"5-M.Prater kicks 65 yards from ARI 35 to end zone, Touchback.",1.144,0.000
2022,14,December 12,away,Arizona Cardinals,https://www.pro-football-reference.com/boxscores/202212120crd.htm,2,14:52,1,10,NE 25,0,3,(14:52) (Shotgun) 10-M.Jones pass incomplete short right.,1.144,-0.574
2022,14,December 12,away,Arizona Cardinals,https://www.pro-football-reference.com/boxscores/202212120crd.htm,2,14:47,2,10,NE 25,0,3,(14:47) 10-M.Jones pass short right to 84-K.Bourne to NE 33 for 8 yards (56-B.Niemann; 34-J.Thompson).,0.569,0.414
2022,14,December 12,away,Arizona Cardinals,https://www.pro-football-reference.com/boxscores/202212120crd.htm,2,14:08,3,2,NE 33,0,3,"(14:08) (Shotgun) 10-M.Jones pass short left to 11-T.Thornton to NE 36 for 3 yards (25-Z.Collins, 9-I.Simmons).",0.983,0.885
2022,14,December 12,away,Arizona Cardinals,https://www.pro-football-reference.com/boxscores/202212120crd.htm,2,13:26,1,10,NE 36,0,3,(13:26) 36-K.Harris left tackle to NE 45 for 9 yards (3-B.Baker).,1.868,0.842
2022,14,December 12,away,Arizona Cardinals,https://www.pro-football-reference.com/boxscores/202212120crd.htm,2,12:54,2,1,NE 45,0,3,"(12:54) (No Huddle, Shotgun) 10-M.Jones pass short left to 15-N.Agholor to ARI 49 for 6 yards (20-M.Wilson; 3-B.Baker). ARI-20-M.Wilson was injured during the play.",2.710,0.068
2022,14,December 12,away,Arizona Cardinals,https://www.pro-football-reference.com/boxscores/202212120crd.htm,2,12:34,1,10,ARI 49,0,3,(12:34) (Shotgun) 10-M.Jones pass short right to 11-T.Thornton to ARI 37 for 12 yards (56-B.Niemann; 9-I.Simmons).,2.779,0.746
2022,14,December 12,away,Arizona Cardinals,https://www.pro-football-reference.com/boxscores/202212120crd.htm,2,12:00,1,10,ARI 37,0,3,"(12:00) (Shotgun) 36-K.Harris right tackle to ARI 28 for 9 yards (21-T.Mullen). PENALTY on ARI-21-T.Mullen, Face Mask, 14 yards, enforced at ARI 28.",3.525,1.513
2022,14,December 12,away,Arizona Cardinals,https://www.pro-football-reference.com/boxscores/202212120crd.htm,2,11:32,1,10,ARI 14,6,3,"(11:32) (Shotgun) 36-K.Harris up the middle for 14 yards, TOUCHDOWN.",5.037,1.963
2022,14,December 12,away,Arizona Cardinals,https://www.pro-football-reference.com/boxscores/202212120crd.htm,2,11:25,,,ARI 15,7,3,"6-N.Folk extra point is GOOD, Center-49-J.Cardona, Holder-17-M.Palardy.",0.931,0.069
2022,14,December 12,away,Arizona Cardinals,https://www.pro-football-reference.com/boxscores/202212120crd.htm,2,11:25,,,NE 35,7,3,6-N.Folk kicks 65 yards from NE 35 to ARI 0. 15-P.Cooper to ARI 30 for 30 yards (35-P.Strong; 97-D.Mitchell).,1.358,0.275
2022,14,December 12,away,Arizona Cardinals,https://www.pro-football-reference.com/boxscores/202212120crd.htm,2,11:19,1,10,ARI 30,7,3,(11:19) 6-J.Conner right tackle pushed ob at ARI 34 for 4 yards (31-Jo.Jones; 3-J.Peppers). ARI-6-J.Conner was injured during the play.,1.633,-0.195
2022,14,December 12,away,Arizona Cardinals,https://www.pro-football-reference.com/boxscores/202212120crd.htm,2,11:03,2,6,ARI 34,7,3,"(11:03) (Shotgun) 12-C.McCoy pass incomplete deep right to 2-M.Brown [55-J.Uche]. PENALTY on NE-31-Jo.Jones, Defensive Pass Interference, 39 yards, enforced at ARI 34 - No Play.",1.437,2.843
2022,14,December 12,away,Arizona Cardinals,https://www.pro-football-reference.com/boxscores/202212120crd.htm,2,10:55,1,10,NE 27,7,3,(10:55) (Shotgun) 12-C.McCoy pass short left to 10-D.Hopkins ran ob at NE 15 for 12 yards (25-Ma.Jones).,4.281,0.782
2022,14,December 12,away,Arizona Cardinals,https://www.pro-football-reference.com/boxscores/202212120crd.htm,2,10:26,1,10,NE 15,7,3,(10:26) (Shotgun) 30-K.Ingram up the middle to NE 14 for 1 yard (8-J.Bentley; 98-Ca.Davis).,5.062,-0.480
2022,14,December 12,away,Arizona Cardinals,https://www.pro-football-reference.com/boxscores/202212120crd.htm,2,09:50,2,9,NE 14,7,3,"(9:50) (No Huddle, Shotgun) 12-C.McCoy pass incomplete short left to 2-M.Brown.",4.583,-0.788
2022,14,December 12,away,Arizona Cardinals,https://www.pro-football-reference.com/boxscores/202212120crd.htm,2,09:44,3,9,NE 14,7,3,(9:44) (Shotgun) 12-C.McCoy pass incomplete short middle to 10-D.Hopkins.,3.794,-1.041
2022,14,December 12,away,Arizona Cardinals,https://www.pro-football-reference.com/boxscores/202212120crd.htm,2,09:38,4,9,NE 14,7,6,"(9:38) 5-M.Prater 32 yard field goal is GOOD, Center-46-A.Brewer, Holder-14-A.Lee.",2.754,0.246
2022,14,December 12,away,Arizona Cardinals,https://www.pro-football-reference.com/boxscores/202212120crd.htm,2,09:35,,,ARI 35,7,6,5-M.Prater kicks 66 yards from ARI 35 to NE -1. 25-Ma.Jones to NE 21 for 22 yards (51-T.Vallejo; 45-D.Gardeck).,1.295,-0.299
2022,14,December 12,away,Arizona Cardinals,https://www.pro-football-reference.com/boxscores/202212120crd.htm,2,09:29,1,10,NE 21,7,6,(9:29) (Shotgun) 10-M.Jones pass incomplete short left to 38-R.Stevenson.,0.997,-0.552
2022,14,December 12,away,Arizona Cardinals,https://www.pro-football-reference.com/boxscores/202212120crd.htm,2,09:26,2,10,NE 21,7,6,(9:26) (Shotgun) 10-M.Jones pass short left to 38-R.Stevenson to NE 19 for -2 yards (25-Z.Collins).,0.445,-1.173
2022,14,December 12,away,Arizona Cardinals,https://www.pro-football-reference.com/boxscores/202212120crd.htm,2,08:41,3,12,NE 19,7,6,(8:41) (Shotgun) 10-M.Jones pass short left to 15-N.Agholor pushed ob at NE 32 for 13 yards (35-C.Matthew).,-0.728,2.452
2022,14,December 12,away,Arizona Cardinals,https://www.pro-football-reference.com/boxscores/202212120crd.htm,2,08:15,1,10,NE 32,7,6,(8:15) (Shotgun) 36-K.Harris left tackle to NE 32 for no gain (25-Z.Collins).,1.724,-0.347
2022,14,December 12,away,Arizona Cardinals,https://www.pro-football-reference.com/boxscores/202212120crd.htm,2,07:35,2,10,NE 32,7,6,(7:35) (Shotgun) 10-M.Jones pass incomplete short left to 15-N.Agholor.,1.377,-0.674
2022,14,December 12,away,Arizona Cardinals,https://www.pro-football-reference.com/boxscores/202212120crd.htm,2,07:27,3,10,NE 32,7,6,"(7:27) (Shotgun) PENALTY on NE, Delay of Game, 5 yards, enforced at NE 32 - No Play.",0.704,-0.857
2022,14,December 12,away,Arizona Cardinals,https://www.pro-football-reference.com/boxscores/202212120crd.htm,2,07:27,3,15,NE 27,7,6,"(7:27) (Shotgun) 10-M.Jones pass short left to 38-R.Stevenson to NE 31 for 4 yards (3-B.Baker). Penalty on NE, Illegal Shift, declined.",-0.153,-0.805
2022,14,December 12,away,Arizona Cardinals,https://www.pro-football-reference.com/boxscores/202212120crd.htm,2,07:00,4,11,NE 31,7,6,"(7:00) 17-M.Palardy punts 32 yards to ARI 37, Center-49-J.Cardona, out of bounds.",-0.958,-1.020
2022,14,December 12,away,Arizona Cardinals,https://www.pro-football-reference.com/boxscores/202212120crd.htm,2,06:53,1,10,ARI 37,7,6,(6:53) (Shotgun) 12-C.McCoy pass short left to 10-D.Hopkins to NE 49 for 14 yards (25-Ma.Jones).,1.978,0.842
2022,14,December 12,away,Arizona Cardinals,https://www.pro-football-reference.com/boxscores/202212120crd.htm,2,06:16,1,10,NE 49,7,6,"(6:16) (No Huddle, Shotgun) 12-C.McCoy pass short left to 6-J.Conner to NE 43 for 6 yards (25-Ma.Jones; 55-J.Uche).",2.820,0.186
2022,14,December 12,away,Arizona Cardinals,https://www.pro-football-reference.com/boxscores/202212120crd.htm,2,05:54,2,4,NE 43,7,6,"(5:54) (No Huddle, Shotgun) 12-C.McCoy pass short middle to 81-R.Anderson to NE 22 for 21 yards (23-K.Dugger).",3.006,1.572
2022,14,December 12,away,Arizona Cardinals,https://www.pro-football-reference.com/boxscores/202212120crd.htm,2,05:13,1,10,NE 22,7,6,(5:13) 12-C.McCoy pass short left to 89-S.Anderson to NE 21 for 1 yard (8-J.Bentley).,4.577,-0.524
2022,14,December 12,away,Arizona Cardinals,https://www.pro-football-reference.com/boxscores/202212120crd.htm,2,04:31,2,9,NE 21,7,6,(4:31) (Shotgun) 12-C.McCoy scrambles up the middle to NE 19 for 2 yards (93-L.Guy).,4.054,-0.466
2022,14,December 12,away,Arizona Cardinals,https://www.pro-football-reference.com/boxscores/202212120crd.htm,2,03:50,3,7,NE 19,7,6,"(3:50) (No Huddle, Shotgun) 12-C.McCoy pass short right to 81-R.Anderson to NE 10 for 9 yards (27-M.Bryant).",3.587,1.523
2022,14,December 12,away,Arizona Cardinals,https://www.pro-football-reference.com/boxscores/202212120crd.htm,2,03:07,1,10,NE 10,7,12,"(3:07) 6-J.Conner up the middle for 10 yards, TOUCHDOWN.",5.110,1.890
2022,14,December 12,away,Arizona Cardinals,https://www.pro-football-reference.com/boxscores/202212120crd.htm,2,02:59,,,NE 15,7,13,"5-M.Prater extra point is GOOD, Center-46-A.Brewer, Holder-14-A.Lee.",0.931,0.069
2022,14,December 12,away,Arizona Cardinals,https://www.pro-football-reference.com/boxscores/202212120crd.htm,2,02:59,,,ARI 35,7,13,5-M.Prater kicks 67 yards from ARI 35 to NE -2. 25-Ma.Jones to NE 23 for 25 yards (51-T.Vallejo; 31-C.Banjo).,1.093,-0.073
2022,14,December 12,away,Arizona Cardinals,https://www.pro-football-reference.com/boxscores/202212120crd.htm,2,02:53,1,10,NE 23,7,13,"(2:53) (Shotgun) 10-M.Jones pass short right to 15-N.Agholor to NE 26 for 3 yards (21-T.Mullen, 44-M.Golden).",1.020,-0.321
2022,14,December 12,away,Arizona Cardinals,https://www.pro-football-reference.com/boxscores/202212120crd.htm,2,02:16,2,7,NE 26,7,13,(2:16) 36-K.Harris left end to NE 22 for -4 yards (44-M.Golden).,0.700,-0.912
2022,14,December 12,away,Arizona Cardinals,https://www.pro-football-reference.com/boxscores/202212120crd.htm,2,02:00,3,11,NE 22,7,13,(2:00) (Shotgun) 10-M.Jones sacked at NE 12 for -10 yards (94-Z.Allen).,-0.213,-1.413
2022,14,December 12,away,Arizona Cardinals,https://www.pro-football-reference.com/boxscores/202212120crd.htm,2,01:54,,,NE 12,7,13,Timeout #2 by ARI at 01:54.,-1.626,0.000
2022,14,December 12,away,Arizona Cardinals,https://www.pro-football-reference.com/boxscores/202212120crd.htm,2,01:54,4,21,NE 12,7,13,"(1:54) 17-M.Palardy punts 46 yards to ARI 42, Center-49-J.Cardona. 83-G.Dortch to NE 41 for 17 yards (99-J.Collins).",-1.626,-1.370
2022,14,December 12,away,Arizona Cardinals,https://www.pro-football-reference.com/boxscores/202212120crd.htm,2,01:42,1,10,NE 41,7,13,"(1:42) (Shotgun) 12-C.McCoy pass short right to 85-T.McBride to NE 36 for 5 yards (23-K.Dugger, 8-J.Bentley).",2.996,0.053
2022,14,December 12,away,Arizona Cardinals,https://www.pro-football-reference.com/boxscores/202212120crd.htm,2,01:17,2,5,NE 36,7,13,"(1:17) (No Huddle, Shotgun) 6-J.Conner up the middle to NE 32 for 4 yards (48-J.Tavai, 91-D.Wise).",3.049,0.307
2022,14,December 12,away,Arizona Cardinals,https://www.pro-football-reference.com/boxscores/202212120crd.htm,2,00:55,3,1,NE 32,7,13,"(:55) (No Huddle, Shotgun) 6-J.Conner up the middle to NE 32 for no gain (9-M.Judon).",3.357,-1.052
2022,14,December 12,away,Arizona Cardinals,https://www.pro-football-reference.com/boxscores/202212120crd.htm,2,00:36,,,NE 32,7,13,Timeout #3 by ARI at 00:36.,2.304,0.000
2022,14,December 12,away,Arizona Cardinals,https://www.pro-football-reference.com/boxscores/202212120crd.htm,2,00:36,4,1,NE 32,7,13,(:36) 12-C.McCoy pass incomplete short right to 85-T.McBride (48-J.Tavai).,2.304,-2.720
2022,14,December 12,away,Arizona Cardinals,https://www.pro-football-reference.com/boxscores/202212120crd.htm,2,00:32,1,10,NE 32,7,13,(:32) (Shotgun) 10-M.Jones pass short left to 15-N.Agholor ran ob at NE 41 for 9 yards.,0.416,0.182
2022,14,December 12,away,Arizona Cardinals,https://www.pro-football-reference.com/boxscores/202212120crd.htm,2,00:27,2,1,NE 41,7,13,(:27) (Shotgun) 10-M.Jones pass short left to 85-H.Henry pushed ob at NE 42 for 1 yard (33-A.Hamilton).,0.598,0.031
2022,14,December 12,away,Arizona Cardinals,https://www.pro-football-reference.com/boxscores/202212120crd.htm,2,00:23,1,10,NE 42,7,13,(:23) (Shotgun) 10-M.Jones pass incomplete short left to 15-N.Agholor.,0.629,-0.177
2022,14,December 12,away,Arizona Cardinals,https://www.pro-football-reference.com/boxscores/202212120crd.htm,2,00:18,2,10,NE 42,7,13,"(:18) (Shotgun) 10-M.Jones pass deep left to 85-H.Henry to ARI 28 for 30 yards (34-J.Thompson, 41-M.Sanders).",0.452,1.591
2022,14,December 12,away,Arizona Cardinals,https://www.pro-football-reference.com/boxscores/202212120crd.htm,2,00:10,,,ARI 28,7,13,Timeout #1 by NE at 00:10.,2.043,0.000
2022,14,December 12,away,Arizona Cardinals,https://www.pro-football-reference.com/boxscores/202212120crd.htm,2,00:10,1,10,ARI 28,7,13,"(:10) (Shotgun) 10-M.Jones FUMBLES (Aborted) at ARI 32, and recovers at ARI 33.",2.043,0.082
2022,14,December 12,away,Arizona Cardinals,https://www.pro-football-reference.com/boxscores/202212120crd.htm,2,00:04,,,ARI 33,7,13,Timeout #2 by NE at 00:04.,2.125,0.000
2022,14,December 12,away,Arizona Cardinals,https://www.pro-football-reference.com/boxscores/202212120crd.htm,2,00:04,2,15,ARI 33,10,13,"(:04) 6-N.Folk 51 yard field goal is GOOD, Center-49-J.Cardona, Holder-17-M.Palardy.",2.125,0.875
2022,14,December 12,away,Arizona Cardinals,https://www.pro-football-reference.com/boxscores/202212120crd.htm,3,15:00,,,ARI 35,10,13,"5-M.Prater kicks 65 yards from ARI 35 to end zone, Touchback.",0.931,0.000
2022,14,December 12,away,Arizona Cardinals,https://www.pro-football-reference.com/boxscores/202212120crd.htm,3,15:00,1,10,NE 25,10,13,(15:00) (Shotgun) 10-M.Jones pass short right to 84-K.Bourne to NE 40 for 15 yards (34-J.Thompson; 56-B.Niemann).,0.931,0.902
2022,14,December 12,away,Arizona Cardinals,https://www.pro-football-reference.com/boxscores/202212120crd.htm,3,14:23,1,10,NE 40,10,13,(14:23) (Shotgun) 36-K.Harris right end to NE 38 for -2 yards (99-J.Watt).,1.833,-1.298
2022,14,December 12,away,Arizona Cardinals,https://www.pro-football-reference.com/boxscores/202212120crd.htm,3,13:43,,,NE 38,10,13,Timeout #1 by NE at 13:43.,0.534,0.000
2022,14,December 12,away,Arizona Cardinals,https://www.pro-football-reference.com/boxscores/202212120crd.htm,3,13:43,2,12,NE 38,10,13,(13:43) 10-M.Jones pass short left to 35-P.Strong to ARI 46 for 16 yards (33-A.Hamilton).,0.534,2.128
2022,14,December 12,away,Arizona Cardinals,https://www.pro-football-reference.com/boxscores/202212120crd.htm,3,12:57,1,10,ARI 46,10,13,"(12:57) (Shotgun) 10-M.Jones pass short left to 25-Ma.Jones to ARI 49 for -3 yards (9-I.Simmons, 94-Z.Allen). PENALTY on NE-71-M.Onwenu, Illegal Block Above the Waist, 10 yards, enforced at ARI 46 - No Play.",2.662,-0.872
2022,14,December 12,away,Arizona Cardinals,https://www.pro-football-reference.com/boxscores/202212120crd.htm,3,12:29,1,20,NE 44,10,13,(12:29) (Shotgun) 35-P.Strong left end to ARI 12 for 44 yards (33-A.Hamilton; 21-T.Mullen).,1.790,3.338
2022,14,December 12,away,Arizona Cardinals,https://www.pro-football-reference.com/boxscores/202212120crd.htm,3,11:41,1,10,ARI 12,10,13,"(11:41) 35-P.Strong up the middle to ARI 12 for no gain (93-J.Ledbetter, 3-B.Baker).",5.128,-0.476
2022,14,December 12,away,Arizona Cardinals,https://www.pro-football-reference.com/boxscores/202212120crd.htm,3,11:02,2,10,ARI 12,10,13,(11:02) (Shotgun) 10-M.Jones pass incomplete short right.,4.652,-0.776
2022,14,December 12,away,Arizona Cardinals,https://www.pro-football-reference.com/boxscores/202212120crd.htm,3,10:54,3,10,ARI 12,10,13,(10:54) (Shotgun) 10-M.Jones pass short left to 11-T.Thornton ran ob at ARI 4 for 8 yards.,3.876,-0.924
2022,14,December 12,away,Arizona Cardinals,https://www.pro-football-reference.com/boxscores/202212120crd.htm,3,10:18,4,2,ARI 4,13,13,"(10:18) 6-N.Folk 23 yard field goal is GOOD, Center-49-J.Cardona, Holder-17-M.Palardy.",2.952,0.048
2022,14,December 12,away,Arizona Cardinals,https://www.pro-football-reference.com/boxscores/202212120crd.htm,3,10:15,,,NE 35,13,13,6-N.Folk kicks 65 yards from NE 35 to ARI 0. 15-P.Cooper to ARI 25 for 25 yards (30-M.Wilson; 23-K.Dugger).,1.588,0.021
2022,14,December 12,away,Arizona Cardinals,https://www.pro-football-reference.com/boxscores/202212120crd.htm,3,10:10,1,10,ARI 25,13,13,"(10:10) (Shotgun) 6-J.Conner up the middle to ARI 32 for 7 yards (48-J.Tavai, 8-J.Bentley).",1.609,0.389
2022,14,December 12,away,Arizona Cardinals,https://www.pro-football-reference.com/boxscores/202212120crd.htm,3,09:48,2,3,ARI 32,13,13,"(9:48) (No Huddle, Shotgun) 12-C.McCoy pass deep left to 10-D.Hopkins pushed ob at NE 45 for 23 yards (32-D.McCourty).",1.998,1.368
2022,14,December 12,away,Arizona Cardinals,https://www.pro-football-reference.com/boxscores/202212120crd.htm,3,09:17,1,10,NE 45,13,13,"(9:17) (No Huddle, Shotgun) 6-J.Conner up the middle to NE 39 for 6 yards (23-K.Dugger).",3.366,0.130
2022,14,December 12,away,Arizona Cardinals,https://www.pro-football-reference.com/boxscores/202212120crd.htm,3,08:50,2,4,NE 39,13,13,"(8:50) (No Huddle, Shotgun) 12-C.McCoy pass incomplete deep left to 85-T.McBride (25-Ma.Jones).",3.496,-0.778
2022,14,December 12,away,Arizona Cardinals,https://www.pro-football-reference.com/boxscores/202212120crd.htm,3,08:44,3,4,NE 39,13,13,"(8:44) (Shotgun) PENALTY on ARI-68-K.Beachum, False Start, 5 yards, enforced at NE 39 - No Play.",2.718,-0.669
2022,14,December 12,away,Arizona Cardinals,https://www.pro-football-reference.com/boxscores/202212120crd.htm,3,08:44,3,9,NE 44,13,13,(8:44) (Shotgun) 12-C.McCoy pass short right to 6-J.Conner to NE 41 for 3 yards (27-M.Bryant).,2.049,-1.553
2022,14,December 12,away,Arizona Cardinals,https://www.pro-football-reference.com/boxscores/202212120crd.htm,3,07:59,4,6,NE 41,13,13,"(7:59) (No Huddle, Shotgun) 12-C.McCoy pass incomplete deep left to 2-M.Brown.",0.496,-2.215
2022,14,December 12,away,Arizona Cardinals,https://www.pro-football-reference.com/boxscores/202212120crd.htm,3,07:54,1,10,NE 41,13,13,"(7:54) (Shotgun) 36-K.Harris up the middle to NE 41 for no gain (95-L.Fotu, 25-Z.Collins).",1.719,-0.550
2022,14,December 12,away,Arizona Cardinals,https://www.pro-football-reference.com/boxscores/202212120crd.htm,3,07:20,2,10,NE 41,13,13,(7:20) (Shotgun) 10-M.Jones pass short left to 35-P.Strong to NE 45 for 4 yards (3-B.Baker).,1.169,-0.465
2022,14,December 12,away,Arizona Cardinals,https://www.pro-football-reference.com/boxscores/202212120crd.htm,3,06:36,3,6,NE 45,13,13,(6:36) (Shotgun) 10-M.Jones pass incomplete deep left to 15-N.Agholor (35-C.Matthew).,0.704,-1.600
2022,14,December 12,away,Arizona Cardinals,https://www.pro-football-reference.com/boxscores/202212120crd.htm,3,06:30,4,6,NE 45,13,13,"(6:30) 17-M.Palardy punts 49 yards to ARI 6, Center-49-J.Cardona. 83-G.Dortch to ARI 6 for no gain (41-B.Schooler; 18-M.Slater).",-0.895,0.383
2022,14,December 12,away,Arizona Cardinals,https://www.pro-football-reference.com/boxscores/202212120crd.htm,3,06:19,1,10,ARI 6,13,13,(6:19) 6-J.Conner up the middle to ARI 13 for 7 yards (50-R.McMillan; 48-J.Tavai).,0.512,0.185
2022,14,December 12,away,Arizona Cardinals,https://www.pro-football-reference.com/boxscores/202212120crd.htm,3,05:48,2,3,ARI 13,13,13,"(5:48) (No Huddle, Shotgun) 12-C.McCoy pass incomplete short middle to 6-J.Conner (50-R.McMillan). PENALTY on NE-31-Jo.Jones, Illegal Contact, 5 yards, enforced at ARI 13 - No Play.",0.698,0.414
2022,14,December 12,away,Arizona Cardinals,https://www.pro-football-reference.com/boxscores/202212120crd.htm,3,05:42,1,10,ARI 18,19,13,"(5:42) (Shotgun) 12-C.McCoy pass short middle to 10-D.Hopkins to ARI 22 for 4 yards (23-K.Dugger) [91-D.Wise]. FUMBLES (23-K.Dugger), RECOVERED by NE-50-R.McMillan at ARI 23. 50-R.McMillan for 23 yards, TOUCHDOWN.",1.111,-8.111
2022,14,December 12,away,Arizona Cardinals,https://www.pro-football-reference.com/boxscores/202212120crd.htm,3,05:32,,,ARI 15,20,13,"6-N.Folk extra point is GOOD, Center-49-J.Cardona, Holder-17-M.Palardy.",0.931,0.069
2022,14,December 12,away,Arizona Cardinals,https://www.pro-football-reference.com/boxscores/202212120crd.htm,3,05:32,,,NE 35,20,13,6-N.Folk kicks 64 yards from NE 35 to ARI 1. 15-P.Cooper to ARI 24 for 23 yards (18-M.Slater).,1.625,-0.251
2022,14,December 12,away,Arizona Cardinals,https://www.pro-football-reference.com/boxscores/202212120crd.htm,3,05:27,1,10,ARI 24,20,13,(5:27) (Shotgun) 12-C.McCoy pass short middle to 2-M.Brown to ARI 40 for 16 yards (27-M.Bryant).,1.374,1.115
2022,14,December 12,away,Arizona Cardinals,https://www.pro-football-reference.com/boxscores/202212120crd.htm,3,04:46,1,10,ARI 40,20,13,"(4:46) PENALTY on ARI-75-M.Garcia, False Start, 5 yards, enforced at ARI 40 - No Play.",2.489,-0.598
2022,14,December 12,away,Arizona Cardinals,https://www.pro-football-reference.com/boxscores/202212120crd.htm,3,04:27,1,15,ARI 35,20,13,(4:27) (Shotgun) 12-C.McCoy pass short left to 85-T.McBride to 50 for 15 yards (25-Ma.Jones).,1.891,1.230
2022,14,December 12,away,Arizona Cardinals,https://www.pro-football-reference.com/boxscores/202212120crd.htm,3,03:41,1,10,MID 50,20,13,(3:41) (Shotgun) 6-J.Conner up the middle to NE 47 for 3 yards (23-K.Dugger).,3.122,-0.293
2022,14,December 12,away,Arizona Cardinals,https://www.pro-football-reference.com/boxscores/202212120crd.htm,3,03:01,2,7,NE 47,20,13,(3:01) (Shotgun) 12-C.McCoy pass short left to 89-S.Anderson to NE 41 for 6 yards (23-K.Dugger).,2.829,0.372
2022,14,December 12,away,Arizona Cardinals,https://www.pro-football-reference.com/boxscores/202212120crd.htm,3,02:21,3,1,NE 41,20,13,(2:21) (Shotgun) 6-J.Conner up the middle to NE 37 for 4 yards (50-R.McMillan).,3.200,0.608
2022,14,December 12,away,Arizona Cardinals,https://www.pro-football-reference.com/boxscores/202212120crd.htm,3,01:43,1,10,NE 37,20,13,"(1:43) (Shotgun) 12-C.McCoy sacked at NE 40 for -3 yards (55-J.Uche). Penalty on ARI-79-J.Jones, Offensive Holding, declined.",3.808,-1.194
2022,14,December 12,away,Arizona Cardinals,https://www.pro-football-reference.com/boxscores/202212120crd.htm,3,01:14,,,NE 40,20,13,Timeout #1 by ARI at 01:14.,2.614,0.000
2022,14,December 12,away,Arizona Cardinals,https://www.pro-football-reference.com/boxscores/202212120crd.htm,3,01:14,2,13,NE 40,20,13,(1:14) (Shotgun) 12-C.McCoy pass deep left intended for 10-D.Hopkins INTERCEPTED by 25-Ma.Jones [55-J.Uche] at NE 19. 25-Ma.Jones pushed ob at NE 37 for 18 yards (85-T.McBride).,2.614,-4.390
2022,14,December 12,away,Arizona Cardinals,https://www.pro-football-reference.com/boxscores/202212120crd.htm,3,01:07,1,10,NE 37,20,13,"(1:07) (Shotgun) 10-M.Jones pass short right intended for 15-N.Agholor INTERCEPTED by 25-Z.Collins at NE 43. 25-Z.Collins for 43 yards, TOUCHDOWN. The Replay Official reviewed the interception ruling, and the play was REVERSED. (Shotgun) 10-M.Jones pass incomplete short right to 15-N.Agholor (21-T.Mullen).",1.776,-0.525
2022,14,December 12,away,Arizona Cardinals,https://www.pro-football-reference.com/boxscores/202212120crd.htm,3,01:04,2,10,NE 37,20,13,(1:04) (Shotgun) 10-M.Jones pass short left to 11-T.Thornton to NE 42 for 5 yards (33-A.Hamilton).,1.251,-0.327
2022,14,December 12,away,Arizona Cardinals,https://www.pro-football-reference.com/boxscores/202212120crd.htm,3,00:27,3,5,NE 42,20,13,(:27) (Shotgun) 10-M.Jones pass deep right to 84-K.Bourne to ARI 42 for 16 yards (21-T.Mullen).,0.925,2.195
2022,14,December 12,away,Arizona Cardinals,https://www.pro-football-reference.com/boxscores/202212120crd.htm,4,15:00,1,10,ARI 42,20,13,"(15:00) (Shotgun) 10-M.Jones pass deep right to 85-H.Henry to ARI 3 for 39 yards (34-J.Thompson, 21-T.Mullen).",3.119,2.979
2022,14,December 12,away,Arizona Cardinals,https://www.pro-football-reference.com/boxscores/202212120crd.htm,4,14:13,1,3,ARI 3,26,13,"(14:13) (Shotgun) 35-P.Strong up the middle for 3 yards, TOUCHDOWN. Penalty on ARI-25-Z.Collins, Defensive Offside, declined.",6.099,0.901
2022,14,December 12,away,Arizona Cardinals,https://www.pro-football-reference.com/boxscores/202212120crd.htm,4,14:09,,,ARI 15,27,13,"6-N.Folk extra point is GOOD, Center-49-J.Cardona, Holder-17-M.Palardy.",0.931,0.069
2022,14,December 12,away,Arizona Cardinals,https://www.pro-football-reference.com/boxscores/202212120crd.htm,4,14:09,,,NE 35,27,13,6-N.Folk kicks 68 yards from NE 35 to ARI -3. 15-P.Cooper to ARI 24 for 27 yards (97-D.Mitchell).,1.398,-0.178
2022,14,December 12,away,Arizona Cardinals,https://www.pro-football-reference.com/boxscores/202212120crd.htm,4,14:04,1,10,ARI 24,27,13,(14:04) (Shotgun) 12-C.McCoy pass incomplete short left to 6-J.Conner.,1.220,-0.539
2022,14,December 12,away,Arizona Cardinals,https://www.pro-football-reference.com/boxscores/202212120crd.htm,4,14:00,2,10,ARI 24,27,13,"(14:00) (No Huddle, Shotgun) 6-J.Conner left tackle to ARI 24 for no gain (95-D.Ekuale).",0.681,-0.768
2022,14,December 12,away,Arizona Cardinals,https://www.pro-football-reference.com/boxscores/202212120crd.htm,4,13:23,3,10,ARI 24,27,13,(13:23) (Shotgun) 12-C.McCoy sacked at ARI 14 for -10 yards (95-D.Ekuale).,-0.087,-2.055
2022,14,December 12,away,Arizona Cardinals,https://www.pro-football-reference.com/boxscores/202212120crd.htm,4,12:42,4,20,ARI 14,27,13,"(12:42) 14-A.Lee punts 44 yards to NE 42, Center-46-A.Brewer. 25-Ma.Jones to NE 49 for 7 yards (56-B.Niemann).",-2.142,-0.432
2022,14,December 12,away,Arizona Cardinals,https://www.pro-football-reference.com/boxscores/202212120crd.htm,4,12:33,1,10,NE 49,27,13,(12:33) (Shotgun) 10-M.Jones pass short left to 84-K.Bourne to ARI 48 for 3 yards (9-I.Simmons).,2.574,-0.250
2022,14,December 12,away,Arizona Cardinals,https://www.pro-football-reference.com/boxscores/202212120crd.htm,4,11:56,2,7,ARI 48,27,13,"(11:56) 10-M.Jones pass short right to 84-K.Bourne pushed ob at ARI 42 for 6 yards (9-I.Simmons). PENALTY on NE-77-T.Brown, Ineligible Downfield Pass, 5 yards, enforced at ARI 48 - No Play.",2.325,-0.510
2022,14,December 12,away,Arizona Cardinals,https://www.pro-football-reference.com/boxscores/202212120crd.htm,4,11:25,2,12,NE 47,27,13,"(11:25) (Shotgun) 10-M.Jones pass short right to 84-K.Bourne to ARI 48 for 5 yards (25-Z.Collins, 9-I.Simmons).",1.815,-0.313
2022,14,December 12,away,Arizona Cardinals,https://www.pro-football-reference.com/boxscores/202212120crd.htm,4,10:42,3,7,ARI 48,27,13,(10:42) (Shotgun) 35-P.Strong up the middle to ARI 44 for 4 yards (34-J.Thompson).,1.502,-1.169
2022,14,December 12,away,Arizona Cardinals,https://www.pro-football-reference.com/boxscores/202212120crd.htm,4,09:58,4,3,ARI 44,27,13,"(9:58) 17-M.Palardy punts 44 yards to end zone, Center-49-J.Cardona, Touchback.",0.333,-1.505
2022,14,December 12,away,Arizona Cardinals,https://www.pro-football-reference.com/boxscores/202212120crd.htm,4,09:49,1,10,ARI 20,27,13,"(9:49) (Shotgun) 12-C.McCoy pass short right to 2-M.Brown to ARI 35 for 15 yards (32-D.McCourty). PENALTY on ARI, Illegal Shift, 5 yards, enforced at ARI 20 - No Play.",1.172,-0.861
2022,14,December 12,away,Arizona Cardinals,https://www.pro-football-reference.com/boxscores/202212120crd.htm,4,09:31,1,15,ARI 15,27,13,(9:31) (Shotgun) 12-C.McCoy pass short right to 6-J.Conner to ARI 20 for 5 yards (95-D.Ekuale).,0.311,0.310
2022,14,December 12,away,Arizona Cardinals,https://www.pro-football-reference.com/boxscores/202212120crd.htm,4,08:55,2,10,ARI 20,27,13,"(8:55) (No Huddle, Shotgun) 12-C.McCoy scrambles right end to ARI 28 for 8 yards (50-R.McMillan).",0.622,0.238
2022,14,December 12,away,Arizona Cardinals,https://www.pro-football-reference.com/boxscores/202212120crd.htm,4,08:07,3,2,ARI 28,27,13,"(8:07) (No Huddle, Shotgun) 12-C.McCoy pass incomplete short right to 2-M.Brown. PENALTY on NE-27-M.Bryant, Defensive Pass Interference, 8 yards, enforced at ARI 28 - No Play.",0.859,1.222
2022,14,December 12,away,Arizona Cardinals,https://www.pro-football-reference.com/boxscores/202212120crd.htm,4,08:04,1,10,ARI 36,27,13,(8:04) (Shotgun) 12-C.McCoy pass incomplete short right to 85-T.McBride.,2.081,-0.455
2022,14,December 12,away,Arizona Cardinals,https://www.pro-football-reference.com/boxscores/202212120crd.htm,4,08:00,2,10,ARI 36,27,13,(8:00) (Shotgun) 12-C.McCoy pass short right to 10-D.Hopkins to ARI 43 for 7 yards (48-J.Tavai).,1.626,0.051
2022,14,December 12,away,Arizona Cardinals,https://www.pro-football-reference.com/boxscores/202212120crd.htm,4,07:27,3,3,ARI 43,27,13,"(7:27) (No Huddle, Shotgun) 12-C.McCoy pass incomplete short right to 2-M.Brown.",1.677,-1.806
2022,14,December 12,away,Arizona Cardinals,https://www.pro-football-reference.com/boxscores/202212120crd.htm,4,07:22,4,3,ARI 43,27,13,"(7:22) (Shotgun) 12-C.McCoy scrambles left end to NE 48 for 9 yards (8-J.Bentley). NE-32-D.McCourty was injured during the play.  Penalty on NE-9-M.Judon, Defensive Offside, declined.",-0.129,3.024
2022,14,December 12,away,Arizona Cardinals,https://www.pro-football-reference.com/boxscores/202212120crd.htm,4,06:49,1,10,NE 48,27,13,(6:49) (No Huddle) 12-C.McCoy sacked at ARI 39 for -13 yards (9-M.Judon).,2.895,-1.758
2022,14,December 12,away,Arizona Cardinals,https://www.pro-football-reference.com/boxscores/202212120crd.htm,4,06:07,2,23,ARI 39,27,13,(6:07) (Shotgun) 12-C.McCoy pass short middle to 10-D.Hopkins to ARI 49 for 10 yards (3-J.Peppers; 23-K.Dugger).,1.136,-0.155
2022,14,December 12,away,Arizona Cardinals,https://www.pro-football-reference.com/boxscores/202212120crd.htm,4,05:33,3,13,ARI 49,27,13,"(5:33) (Shotgun) 12-C.McCoy pass incomplete short right to 18-A.Green. PENALTY on ARI-18-A.Green, Illegal Touch Pass, 0 yards, enforced at ARI 49.",0.981,-1.194
2022,14,December 12,away,Arizona Cardinals,https://www.pro-football-reference.com/boxscores/202212120crd.htm,4,05:04,4,13,ARI 49,27,13,(5:04) (Shotgun) 12-C.McCoy sacked at ARI 41 for -8 yards (55-J.Uche).,-0.213,-3.143
2022,14,December 12,away,Arizona Cardinals,https://www.pro-football-reference.com/boxscores/202212120crd.htm,4,04:56,1,10,ARI 41,27,13,(4:56) 10-M.Jones pass incomplete deep right to 15-N.Agholor.,3.355,-0.476
2022,14,December 12,away,Arizona Cardinals,https://www.pro-football-reference.com/boxscores/202212120crd.htm,4,04:50,2,10,ARI 41,27,13,(4:50) 36-K.Harris up the middle to ARI 41 for no gain (93-J.Ledbetter).,2.880,-0.810
2022,14,December 12,away,Arizona Cardinals,https://www.pro-football-reference.com/boxscores/202212120crd.htm,4,04:08,3,10,ARI 41,27,13,(4:08) (Shotgun) 10-M.Jones pass short right to 15-N.Agholor to ARI 40 for 1 yard (21-T.Mullen).,2.070,-1.680
2022,14,December 12,away,Arizona Cardinals,https://www.pro-football-reference.com/boxscores/202212120crd.htm,4,04:02,,,ARI 40,27,13,Timeout #2 by ARI at 04:02.,0.390,0.000
2022,14,December 12,away,Arizona Cardinals,https://www.pro-football-reference.com/boxscores/202212120crd.htm,4,04:02,4,9,ARI 40,27,13,"(4:02) 17-M.Palardy punts 40 yards to end zone, Center-49-J.Cardona, Touchback.",0.390,-1.430
2022,14,December 12,away,Arizona Cardinals,https://www.pro-football-reference.com/boxscores/202212120crd.htm,4,03:55,1,10,ARI 20,27,13,(3:55) (Shotgun) 12-C.McCoy pass short left to 81-R.Anderson ran ob at ARI 26 for 6 yards (26-S.Wade).,1.040,0.042
2022,14,December 12,away,Arizona Cardinals,https://www.pro-football-reference.com/boxscores/202212120crd.htm,4,03:49,2,4,ARI 26,27,13,(3:49) (Shotgun) 12-C.McCoy pass short middle to 10-D.Hopkins ran ob at ARI 35 for 9 yards (25-Ma.Jones).,1.082,0.656
2022,14,December 12,away,Arizona Cardinals,https://www.pro-football-reference.com/boxscores/202212120crd.htm,4,03:42,1,10,ARI 35,27,13,"(3:42) (Shotgun) 12-C.McCoy pass short right to 18-A.Green pushed ob at ARI 49 for 14 yards (23-K.Dugger). PENALTY on ARI-18-A.Green, Offensive Pass Interference, 10 yards, enforced at ARI 35 - No Play.",1.737,-0.705
2022,14,December 12,away,Arizona Cardinals,https://www.pro-football-reference.com/boxscores/202212120crd.htm,4,03:36,1,20,ARI 25,27,13,(3:36) (Shotgun) 12-C.McCoy pass short right to 18-A.Green pushed ob at ARI 32 for 7 yards (31-Jo.Jones).,1.033,-0.037
2022,14,December 12,away,Arizona Cardinals,https://www.pro-football-reference.com/boxscores/202212120crd.htm,4,03:31,2,13,ARI 32,27,13,(3:31) (Shotgun) 12-C.McCoy pass short middle to 2-M.Brown to ARI 38 for 6 yards (23-K.Dugger).,0.996,-0.093
2022,14,December 12,away,Arizona Cardinals,https://www.pro-football-reference.com/boxscores/202212120crd.htm,4,03:08,3,7,ARI 38,27,13,"(3:08) (No Huddle, Shotgun) 12-C.McCoy sacked at ARI 32 for -6 yards (55-J.Uche).",0.903,-1.352
2022,14,December 12,away,Arizona Cardinals,https://www.pro-football-reference.com/boxscores/202212120crd.htm,4,02:28,,,ARI 32,27,13,Timeout #2 by NE at 02:28.,-0.449,0.000
2022,14,December 12,away,Arizona Cardinals,https://www.pro-football-reference.com/boxscores/202212120crd.htm,4,02:28,4,13,ARI 32,27,13,"(2:28) (Shotgun) 12-C.McCoy scrambles up the middle to ARI 37 for 5 yards (55-J.Uche, 91-D.Wise).",-0.449,-2.538
2022,14,December 12,away,Arizona Cardinals,https://www.pro-football-reference.com/boxscores/202212120crd.htm,4,02:18,1,10,ARI 37,27,13,(2:18) 35-P.Strong up the middle to ARI 18 for 19 yards (9-I.Simmons; 34-J.Thompson).,2.987,1.610
2022,14,December 12,away,Arizona Cardinals,https://www.pro-football-reference.com/boxscores/202212120crd.htm,4,02:00,1,10,ARI 18,27,13,(2:00) 10-M.Jones kneels to ARI 19 for -1 yards.,4.597,-0.897
2022,14,December 12,away,Arizona Cardinals,https://www.pro-football-reference.com/boxscores/202212120crd.htm,4,01:19,2,11,ARI 19,27,13,(1:19) 10-M.Jones kneels to ARI 20 for -1 yards.,3.700,-0.556
2022,14,December 12,away,Arizona Cardinals,https://www.pro-football-reference.com/boxscores/202212120crd.htm,4,00:37,3,12,ARI 20,27,13,(:37) 10-M.Jones kneels to ARI 21 for -1 yards.,3.144,-3.144
2022,15,December 18,away,Las Vegas Raiders,https://www.pro-football-reference.com/boxscores/202212180rai.htm,1,15:00,,,NE 35,0,0,6-N.Folk kicks 62 yards from NE 35 to LV 3. 22-A.Abdullah to LV 27 for 24 yards (23-K.Dugger; 97-D.Mitchell).,1.841,0.116
2022,15,December 18,away,Las Vegas Raiders,https://www.pro-football-reference.com/boxscores/202212180rai.htm,1,14:54,1,10,LV 27,0,0,(14:54) (Shotgun) 4-D.Carr pass short middle to 17-D.Adams to LV 30 for 3 yards (8-J.Bentley).,1.958,-0.312
2022,15,December 18,away,Las Vegas Raiders,https://www.pro-football-reference.com/boxscores/202212180rai.htm,1,14:17,2,7,LV 30,0,0,(14:17) (Shotgun) 28-J.Jacobs up the middle to LV 36 for 6 yards (48-J.Tavai).,1.645,0.542
2022,15,December 18,away,Las Vegas Raiders,https://www.pro-football-reference.com/boxscores/202212180rai.htm,1,13:39,3,1,LV 36,0,0,(13:39) 28-J.Jacobs right guard to LV 39 for 3 yards (90-C.Barmore; 8-J.Bentley).,2.187,0.482
2022,15,December 18,away,Las Vegas Raiders,https://www.pro-football-reference.com/boxscores/202212180rai.htm,1,13:01,1,10,LV 39,0,0,(13:01) 77-T.Munford reported in as eligible.  4-D.Carr pass incomplete deep middle to 17-D.Adams (25-Ma.Jones).,2.669,-0.539
2022,15,December 18,away,Las Vegas Raiders,https://www.pro-football-reference.com/boxscores/202212180rai.htm,1,12:55,2,10,LV 39,0,0,(12:55) (Shotgun) 28-J.Jacobs up the middle to NE 43 for 18 yards (31-Jo.Jones).,2.131,1.398
2022,15,December 18,away,Las Vegas Raiders,https://www.pro-football-reference.com/boxscores/202212180rai.htm,1,12:12,1,10,NE 43,0,0,(12:12) 35-Z.White left tackle to NE 39 for 4 yards (58-A.Jennings).,3.529,-0.172
2022,15,December 18,away,Las Vegas Raiders,https://www.pro-football-reference.com/boxscores/202212180rai.htm,1,11:32,2,6,NE 39,0,0,"(11:32) 28-J.Jacobs right guard to NE 37 for 2 yards (48-J.Tavai, 93-L.Guy).",3.357,-0.443
2022,15,December 18,away,Las Vegas Raiders,https://www.pro-football-reference.com/boxscores/202212180rai.htm,1,10:53,3,4,NE 37,0,0,(10:53) (Shotgun) 4-D.Carr pass short right to 17-D.Adams ran ob at NE 26 for 11 yards (31-Jo.Jones).,2.914,1.791
2022,15,December 18,away,Las Vegas Raiders,https://www.pro-football-reference.com/boxscores/202212180rai.htm,1,10:21,1,10,NE 26,0,0,"(10:21) (Shotgun) 28-J.Jacobs up the middle to NE 21 for 5 yards (92-D.Godchaux, 98-Ca.Davis).",4.705,0.041
2022,15,December 18,away,Las Vegas Raiders,https://www.pro-football-reference.com/boxscores/202212180rai.htm,1,09:33,2,5,NE 21,0,0,"(9:33) PENALTY on LV, Delay of Game, 5 yards, enforced at NE 21 - No Play.",4.746,-0.550
2022,15,December 18,away,Las Vegas Raiders,https://www.pro-football-reference.com/boxscores/202212180rai.htm,1,09:09,2,10,NE 26,0,0,"(9:09) 4-D.Carr pass short right to 28-J.Jacobs to NE 15 for 11 yards (31-Jo.Jones; 8-J.Bentley). PENALTY on LV-72-J.Eluemunor, Ineligible Downfield Pass, 5 yards, enforced at NE 26 - No Play.",4.196,-0.827
2022,15,December 18,away,Las Vegas Raiders,https://www.pro-football-reference.com/boxscores/202212180rai.htm,1,08:41,2,15,NE 31,0,0,(8:41) 4-D.Carr pass incomplete short left to 17-D.Adams.,3.369,-0.818
2022,15,December 18,away,Las Vegas Raiders,https://www.pro-football-reference.com/boxscores/202212180rai.htm,1,08:35,3,15,NE 31,0,0,(8:35) (Shotgun) 4-D.Carr pass incomplete short middle.,2.551,-1.002
2022,15,December 18,away,Las Vegas Raiders,https://www.pro-football-reference.com/boxscores/202212180rai.htm,1,08:31,4,15,NE 31,0,3,"(8:31) 2-D.Carlson 49 yard field goal is GOOD, Center-47-T.Sieg, Holder-6-A.Cole.",1.549,1.451
2022,15,December 18,away,Las Vegas Raiders,https://www.pro-football-reference.com/boxscores/202212180rai.htm,1,08:26,,,LV 35,0,3,"2-D.Carlson kicks 65 yards from LV 35 to end zone, Touchback.",1.081,0.000
2022,15,December 18,away,Las Vegas Raiders,https://www.pro-football-reference.com/boxscores/202212180rai.htm,1,08:26,1,10,NE 25,0,3,(8:26) (Shotgun) 10-M.Jones pass short right to 81-J.Smith to NE 36 for 11 yards (37-T.Hall; 39-N.Hobbs).,1.081,0.687
2022,15,December 18,away,Las Vegas Raiders,https://www.pro-football-reference.com/boxscores/202212180rai.htm,1,07:50,1,10,NE 36,0,3,(7:50) 36-K.Harris left guard to NE 38 for 2 yards (52-D.Perryman).,1.768,-0.549
2022,15,December 18,away,Las Vegas Raiders,https://www.pro-football-reference.com/boxscores/202212180rai.htm,1,07:19,2,8,NE 38,0,3,(7:19) (Shotgun) 10-M.Jones pass incomplete short right to 11-T.Thornton.,1.218,-0.829
2022,15,December 18,away,Las Vegas Raiders,https://www.pro-football-reference.com/boxscores/202212180rai.htm,1,07:15,3,8,NE 38,0,3,(7:15) (Shotgun) 10-M.Jones pass incomplete short right to 16-J.Meyers.,0.389,-1.472
2022,15,December 18,away,Las Vegas Raiders,https://www.pro-football-reference.com/boxscores/202212180rai.htm,1,07:12,4,8,NE 38,0,3,"(7:12) 17-M.Palardy punts 44 yards to LV 18, Center-49-J.Cardona. 13-H.Renfrow to LV 30 for 12 yards (50-R.McMillan).",-1.083,-0.894
2022,15,December 18,away,Las Vegas Raiders,https://www.pro-football-reference.com/boxscores/202212180rai.htm,1,07:01,1,10,LV 30,0,3,(7:01) 4-D.Carr pass short middle to 87-F.Moreau to LV 38 for 8 yards (48-J.Tavai; 21-A.Phillips).,1.977,0.468
2022,15,December 18,away,Las Vegas Raiders,https://www.pro-football-reference.com/boxscores/202212180rai.htm,1,06:13,2,2,LV 38,0,3,(6:13) 77-T.Munford reported in as eligible.  28-J.Jacobs left guard to LV 42 for 4 yards (48-J.Tavai).,2.445,0.181
2022,15,December 18,away,Las Vegas Raiders,https://www.pro-football-reference.com/boxscores/202212180rai.htm,1,05:29,1,10,LV 42,0,3,"(5:29) PENALTY on LV-87-F.Moreau, False Start, 5 yards, enforced at LV 42 - No Play.",2.626,-0.565
2022,15,December 18,away,Las Vegas Raiders,https://www.pro-football-reference.com/boxscores/202212180rai.htm,1,05:08,1,15,LV 37,0,3,(5:08) 28-J.Jacobs right tackle pushed ob at LV 46 for 9 yards (31-Jo.Jones).,2.060,0.477
2022,15,December 18,away,Las Vegas Raiders,https://www.pro-football-reference.com/boxscores/202212180rai.htm,1,04:30,2,6,LV 46,0,3,(4:30) (Shotgun) 4-D.Carr pass incomplete short right.,2.538,-0.923
2022,15,December 18,away,Las Vegas Raiders,https://www.pro-football-reference.com/boxscores/202212180rai.htm,1,04:26,3,6,LV 46,0,3,(4:26) (Shotgun) 4-D.Carr pass incomplete short right to 13-H.Renfrow.,1.615,-1.720
2022,15,December 18,away,Las Vegas Raiders,https://www.pro-football-reference.com/boxscores/202212180rai.htm,1,04:18,4,6,LV 46,0,3,"(4:18) 6-A.Cole punts 42 yards to NE 12, Center-47-T.Sieg, out of bounds.",-0.105,-0.148
2022,15,December 18,away,Las Vegas Raiders,https://www.pro-football-reference.com/boxscores/202212180rai.htm,1,04:10,1,10,NE 12,0,3,(4:10) 38-R.Stevenson up the middle to NE 21 for 9 yards (52-D.Perryman).,0.253,0.714
2022,15,December 18,away,Las Vegas Raiders,https://www.pro-football-reference.com/boxscores/202212180rai.htm,1,03:33,2,1,NE 21,0,3,(3:33) (Shotgun) 10-M.Jones pass short left to 35-P.Strong to NE 24 for 3 yards (31-S.Jones; 30-D.Harmon).,0.967,-0.142
2022,15,December 18,away,Las Vegas Raiders,https://www.pro-football-reference.com/boxscores/202212180rai.htm,1,02:50,1,10,NE 24,0,3,(2:50) (Shotgun) 10-M.Jones pass short left to 35-P.Strong to NE 22 for -2 yards (59-L.Masterson).,0.825,-0.994
2022,15,December 18,away,Las Vegas Raiders,https://www.pro-football-reference.com/boxscores/202212180rai.htm,1,02:10,2,12,NE 22,0,3,(2:10) 10-M.Jones pass short left to 38-R.Stevenson to NE 23 for 1 yard (59-L.Masterson).,-0.169,-0.605
2022,15,December 18,away,Las Vegas Raiders,https://www.pro-football-reference.com/boxscores/202212180rai.htm,1,01:26,3,11,NE 23,0,3,(1:26) (Shotgun) 10-M.Jones pass deep middle to 11-T.Thornton to NE 44 for 21 yards (30-D.Harmon).,-0.775,3.066
2022,15,December 18,away,Las Vegas Raiders,https://www.pro-football-reference.com/boxscores/202212180rai.htm,1,00:45,1,10,NE 44,0,3,(:45) 35-P.Strong right tackle to LV 42 for 14 yards (30-D.Harmon).,2.291,0.895
2022,15,December 18,away,Las Vegas Raiders,https://www.pro-football-reference.com/boxscores/202212180rai.htm,1,00:05,1,10,LV 42,0,3,(:05) (Shotgun) 10-M.Jones pass short middle to 81-J.Smith to LV 29 for 13 yards (30-D.Harmon).,3.187,0.969
2022,15,December 18,away,Las Vegas Raiders,https://www.pro-football-reference.com/boxscores/202212180rai.htm,2,15:00,1,10,LV 29,0,3,(15:00) (Shotgun) 38-R.Stevenson right guard to LV 23 for 6 yards (59-L.Masterson; 39-N.Hobbs).,4.156,0.263
2022,15,December 18,away,Las Vegas Raiders,https://www.pro-football-reference.com/boxscores/202212180rai.htm,2,14:17,2,4,LV 23,0,3,(14:17) 38-R.Stevenson left guard to LV 19 for 4 yards (39-N.Hobbs).,4.419,0.317
2022,15,December 18,away,Las Vegas Raiders,https://www.pro-football-reference.com/boxscores/202212180rai.htm,2,13:30,1,10,LV 19,0,3,(13:30) (Shotgun) 35-P.Strong right guard to LV 17 for 2 yards (98-M.Crosby).,4.736,-0.303
2022,15,December 18,away,Las Vegas Raiders,https://www.pro-football-reference.com/boxscores/202212180rai.htm,2,12:52,2,8,LV 17,0,3,"(12:52) (Shotgun) 10-M.Jones pass incomplete deep left to 16-J.Meyers. PENALTY on LV-21-A.Robertson, Defensive Pass Interference, 15 yards, enforced at LV 17 - No Play.",4.433,1.874
2022,15,December 18,away,Las Vegas Raiders,https://www.pro-football-reference.com/boxscores/202212180rai.htm,2,12:47,1,2,LV 2,0,3,(12:47) (Shotgun) 38-R.Stevenson up the middle to LV 1 for 1 yard (93-K.Peko; 59-L.Masterson).,6.306,-0.103
2022,15,December 18,away,Las Vegas Raiders,https://www.pro-football-reference.com/boxscores/202212180rai.htm,2,12:02,2,1,LV 1,0,3,(12:02) (Shotgun) 10-M.Jones pass incomplete short right to 81-J.Smith.,6.203,-0.429
2022,15,December 18,away,Las Vegas Raiders,https://www.pro-football-reference.com/boxscores/202212180rai.htm,2,11:58,,,LV 1,0,3,Timeout #1 by NE at 11:58.,5.775,0.000
2022,15,December 18,away,Las Vegas Raiders,https://www.pro-football-reference.com/boxscores/202212180rai.htm,2,11:58,3,1,LV 1,0,3,(11:58) (Shotgun) 10-M.Jones pass incomplete short right to 15-N.Agholor (21-A.Robertson).,5.775,-1.187
2022,15,December 18,away,Las Vegas Raiders,https://www.pro-football-reference.com/boxscores/202212180rai.htm,2,11:55,,,LV 1,0,3,Timeout #2 by NE at 11:55.,4.588,0.000
2022,15,December 18,away,Las Vegas Raiders,https://www.pro-football-reference.com/boxscores/202212180rai.htm,2,11:55,4,1,LV 1,0,3,"(11:55) (Run formation) PENALTY on NE-81-J.Smith, False Start, 5 yards, enforced at LV 1 - No Play.",4.588,-1.618
2022,15,December 18,away,Las Vegas Raiders,https://www.pro-football-reference.com/boxscores/202212180rai.htm,2,11:55,4,6,LV 6,3,3,"(11:55) 6-N.Folk 24 yard field goal is GOOD, Center-49-J.Cardona, Holder-17-M.Palardy.",2.970,0.030
2022,15,December 18,away,Las Vegas Raiders,https://www.pro-football-reference.com/boxscores/202212180rai.htm,2,11:51,,,NE 35,3,3,6-N.Folk kicks 59 yards from NE 35 to LV 6. 22-A.Abdullah to LV 24 for 18 yards (30-M.Wilson; 23-K.Dugger).,1.838,-0.215
2022,15,December 18,away,Las Vegas Raiders,https://www.pro-football-reference.com/boxscores/202212180rai.htm,2,11:44,1,10,LV 24,3,3,(11:44) (Shotgun) 4-D.Carr pass short left to 17-D.Adams to LV 33 for 9 yards (25-Ma.Jones).,1.623,0.778
2022,15,December 18,away,Las Vegas Raiders,https://www.pro-football-reference.com/boxscores/202212180rai.htm,2,11:04,2,1,LV 33,3,3,(11:04) 77-T.Munford reported in as eligible.  28-J.Jacobs up the middle to LV 37 for 4 yards (93-L.Guy).,2.401,-0.057
2022,15,December 18,away,Las Vegas Raiders,https://www.pro-football-reference.com/boxscores/202212180rai.htm,2,10:25,1,10,LV 37,3,3,"(10:25) 28-J.Jacobs left guard to LV 38 for 1 yard (8-J.Bentley, 92-D.Godchaux).",2.345,-0.597
2022,15,December 18,away,Las Vegas Raiders,https://www.pro-football-reference.com/boxscores/202212180rai.htm,2,09:44,2,9,LV 38,3,3,(9:44) 4-D.Carr pass incomplete deep left to 10-M.Hollins.,1.747,-0.792
2022,15,December 18,away,Las Vegas Raiders,https://www.pro-football-reference.com/boxscores/202212180rai.htm,2,09:37,3,9,LV 38,3,3,(9:37) (Shotgun) 4-D.Carr pass deep middle to 84-K.Cole to NE 42 for 20 yards (27-M.Bryant).,0.955,2.339
2022,15,December 18,away,Las Vegas Raiders,https://www.pro-football-reference.com/boxscores/202212180rai.htm,2,08:50,1,10,NE 42,3,3,(8:50) (Shotgun) 28-J.Jacobs up the middle to NE 36 for 6 yards (21-A.Phillips).,3.294,0.186
2022,15,December 18,away,Las Vegas Raiders,https://www.pro-football-reference.com/boxscores/202212180rai.htm,2,08:08,2,4,NE 36,3,3,"(8:08) 77-T.Munford reported in as eligible.  4-D.Carr pass short right to 28-J.Jacobs to NE 25 for 11 yards (31-Jo.Jones, 8-J.Bentley).",3.480,0.684
2022,15,December 18,away,Las Vegas Raiders,https://www.pro-football-reference.com/boxscores/202212180rai.htm,2,07:22,1,10,NE 25,3,3,(7:22) (Shotgun) 28-J.Jacobs up the middle to NE 20 for 5 yards (93-L.Guy; 98-Ca.Davis).,4.164,0.079
2022,15,December 18,away,Las Vegas Raiders,https://www.pro-football-reference.com/boxscores/202212180rai.htm,2,06:37,2,5,NE 20,3,3,(6:37) 28-J.Jacobs left guard to NE 15 for 5 yards (50-R.McMillan).,4.242,0.566
2022,15,December 18,away,Las Vegas Raiders,https://www.pro-football-reference.com/boxscores/202212180rai.htm,2,05:51,1,10,NE 15,3,3,"(5:51) 77-T.Munford reported in as eligible.  35-Z.White left tackle to NE 11 for 4 yards (48-J.Tavai; 8-J.Bentley). LV-66-D.Parham was injured during the play. His return is Questionable.  PENALTY on LV-65-H.Grasu, Offensive Holding, 10 yards, enforced at NE 15 - No Play.",4.808,-1.220
2022,15,December 18,away,Las Vegas Raiders,https://www.pro-football-reference.com/boxscores/202212180rai.htm,2,05:26,1,20,NE 25,3,3,(5:26) (Shotgun) 4-D.Carr pass incomplete short right.,3.589,-0.430
2022,15,December 18,away,Las Vegas Raiders,https://www.pro-football-reference.com/boxscores/202212180rai.htm,2,05:22,2,20,NE 25,3,9,"(5:22) (Shotgun) 4-D.Carr pass deep middle to 83-D.Waller for 25 yards, TOUCHDOWN.",3.158,3.842
2022,15,December 18,away,Las Vegas Raiders,https://www.pro-football-reference.com/boxscores/202212180rai.htm,2,05:18,,,NE 15,3,10,"2-D.Carlson extra point is GOOD, Center-47-T.Sieg, Holder-6-A.Cole.",0.949,0.051
2022,15,December 18,away,Las Vegas Raiders,https://www.pro-football-reference.com/boxscores/202212180rai.htm,2,05:18,,,LV 35,3,10,"2-D.Carlson kicks 65 yards from LV 35 to end zone, Touchback.",1.046,0.000
2022,15,December 18,away,Las Vegas Raiders,https://www.pro-football-reference.com/boxscores/202212180rai.htm,2,05:18,1,10,NE 25,3,10,"(5:18) 36-K.Harris right guard to NE 26 for 1 yard (25-T.Moehrig, 59-L.Masterson).",1.046,-0.575
2022,15,December 18,away,Las Vegas Raiders,https://www.pro-football-reference.com/boxscores/202212180rai.htm,2,04:28,2,9,NE 26,3,10,"(4:28) (Shotgun) PENALTY on NE, Delay of Game, 5 yards, enforced at NE 26 - No Play.",0.471,-0.516
2022,15,December 18,away,Las Vegas Raiders,https://www.pro-football-reference.com/boxscores/202212180rai.htm,2,04:07,2,14,NE 21,3,10,(4:07) (Shotgun) 10-M.Jones pass incomplete deep middle to 16-J.Meyers.,-0.045,-0.645
2022,15,December 18,away,Las Vegas Raiders,https://www.pro-football-reference.com/boxscores/202212180rai.htm,2,04:03,3,14,NE 21,3,10,(4:03) (Shotgun) 10-M.Jones pass incomplete short middle to 84-K.Bourne.,-0.689,-0.741
2022,15,December 18,away,Las Vegas Raiders,https://www.pro-football-reference.com/boxscores/202212180rai.htm,2,04:00,4,14,NE 21,3,10,"(4:00) 17-M.Palardy punts 47 yards to LV 32, Center-49-J.Cardona. 13-H.Renfrow to LV 39 for 7 yards (99-J.Collins).",-1.431,-0.312
2022,15,December 18,away,Las Vegas Raiders,https://www.pro-football-reference.com/boxscores/202212180rai.htm,2,03:49,1,10,LV 39,3,10,(3:49) 77-T.Munford reported in as eligible.  28-J.Jacobs left tackle to LV 40 for 1 yard (93-L.Guy; 3-J.Peppers).,1.743,-0.673
2022,15,December 18,away,Las Vegas Raiders,https://www.pro-football-reference.com/boxscores/202212180rai.htm,2,03:11,2,9,LV 40,3,10,(3:11) (Shotgun) 28-J.Jacobs left guard to LV 41 for 1 yard (90-C.Barmore; 23-K.Dugger).,1.070,-0.365
2022,15,December 18,away,Las Vegas Raiders,https://www.pro-football-reference.com/boxscores/202212180rai.htm,2,02:25,3,8,LV 41,3,10,(2:25) (Shotgun) 4-D.Carr pass incomplete short right.,0.705,-1.009
2022,15,December 18,away,Las Vegas Raiders,https://www.pro-football-reference.com/boxscores/202212180rai.htm,2,02:19,4,8,LV 41,3,10,"(2:19) 6-A.Cole punts 50 yards to NE 9, Center-47-T.Sieg. 25-Ma.Jones to NE 26 for 17 yards (59-L.Masterson).",-0.304,-1.103
2022,15,December 18,away,Las Vegas Raiders,https://www.pro-football-reference.com/boxscores/202212180rai.htm,2,02:07,1,10,NE 26,3,10,(2:07) (Shotgun) 38-R.Stevenson right guard to NE 43 for 17 yards (25-T.Moehrig).,1.407,0.775
2022,15,December 18,away,Las Vegas Raiders,https://www.pro-football-reference.com/boxscores/202212180rai.htm,2,02:00,1,10,NE 43,3,10,(2:00) (Shotgun) 10-M.Jones pass short left to 85-H.Henry to NE 47 for 4 yards (37-T.Hall).,2.182,-0.101
2022,15,December 18,away,Las Vegas Raiders,https://www.pro-football-reference.com/boxscores/202212180rai.htm,2,01:29,2,6,NE 47,3,10,"(1:29) (No Huddle, Shotgun) 10-M.Jones pass incomplete deep left to 11-T.Thornton.",2.081,-0.580
2022,15,December 18,away,Las Vegas Raiders,https://www.pro-football-reference.com/boxscores/202212180rai.htm,2,01:23,3,6,NE 47,3,10,"(1:23) (Shotgun) PENALTY on NE-69-C.Strange, False Start, 5 yards, enforced at NE 47 - No Play.",1.501,-0.484
2022,15,December 18,away,Las Vegas Raiders,https://www.pro-football-reference.com/boxscores/202212180rai.htm,2,01:23,3,11,NE 42,3,10,(1:23) (Shotgun) 10-M.Jones pass short right to 85-H.Henry to NE 47 for 5 yards (33-R.Teamer; 37-T.Hall).,1.017,-0.694
2022,15,December 18,away,Las Vegas Raiders,https://www.pro-football-reference.com/boxscores/202212180rai.htm,2,00:35,4,6,NE 47,3,10,"(:35) 17-M.Palardy punt is BLOCKED by 51-M.Koonce, Center-49-J.Cardona, recovered by NE-3-J.Peppers at NE 28. 3-J.Peppers to NE 20 for -8 yards (34-B.Bolden, 98-M.Crosby).",0.323,-3.964
2022,15,December 18,away,Las Vegas Raiders,https://www.pro-football-reference.com/boxscores/202212180rai.htm,2,00:27,1,10,NE 20,3,10,"(:27) (Shotgun) PENALTY on LV-65-H.Grasu, False Start, 5 yards, enforced at NE 20 - No Play.",3.641,-0.546
2022,15,December 18,away,Las Vegas Raiders,https://www.pro-football-reference.com/boxscores/202212180rai.htm,2,00:27,1,15,NE 25,3,10,(:27) (Shotgun) 4-D.Carr pass short right to 10-M.Hollins to NE 15 for 10 yards (31-Jo.Jones).,3.095,0.507
2022,15,December 18,away,Las Vegas Raiders,https://www.pro-football-reference.com/boxscores/202212180rai.htm,2,00:19,,,NE 15,3,10,Timeout #1 by LV at 00:19.,3.602,0.000
2022,15,December 18,away,Las Vegas Raiders,https://www.pro-football-reference.com/boxscores/202212180rai.htm,2,00:19,2,5,NE 15,3,10,"(:19) (Shotgun) 4-D.Carr pass incomplete short middle to 10-M.Hollins. PENALTY on NE-31-Jo.Jones, Illegal Contact, 5 yards, enforced at NE 15 - No Play.",3.602,0.122
2022,15,December 18,away,Las Vegas Raiders,https://www.pro-football-reference.com/boxscores/202212180rai.htm,2,00:15,1,10,NE 10,3,10,"(:15) (Shotgun) 4-D.Carr pass short right to 28-J.Jacobs pushed ob at NE 8 for 2 yards (31-Jo.Jones) [90-C.Barmore]. PENALTY on NE-3-J.Peppers, Defensive Holding, 5 yards, enforced at NE 10 - No Play.",3.724,0.168
2022,15,December 18,away,Las Vegas Raiders,https://www.pro-football-reference.com/boxscores/202212180rai.htm,2,00:09,1,5,NE 5,3,16,"(:09) (Shotgun) 4-D.Carr pass short middle to 10-M.Hollins for 5 yards, TOUCHDOWN.",3.892,3.108
2022,15,December 18,away,Las Vegas Raiders,https://www.pro-football-reference.com/boxscores/202212180rai.htm,2,00:04,,,NE 15,3,17,"2-D.Carlson extra point is GOOD, Center-47-T.Sieg, Holder-6-A.Cole.",0.949,0.051
2022,15,December 18,away,Las Vegas Raiders,https://www.pro-football-reference.com/boxscores/202212180rai.htm,2,00:04,,,LV 35,3,17,"2-D.Carlson kicks 65 yards from LV 35 to end zone, Touchback.",0.121,-0.121
2022,15,December 18,away,Las Vegas Raiders,https://www.pro-football-reference.com/boxscores/202212180rai.htm,2,00:04,1,10,NE 25,3,17,(:04) 10-M.Jones kneels to NE 24 for -1 yards.,0.000,0.000
2022,15,December 18,away,Las Vegas Raiders,https://www.pro-football-reference.com/boxscores/202212180rai.htm,3,15:00,,,LV 35,3,17,"2-D.Carlson kicks 65 yards from LV 35 to end zone, Touchback.",1.008,0.000
2022,15,December 18,away,Las Vegas Raiders,https://www.pro-football-reference.com/boxscores/202212180rai.htm,3,15:00,1,10,NE 25,3,17,"(15:00) 38-R.Stevenson up the middle to NE 31 for 6 yards (21-A.Robertson). PENALTY on LV-91-B.Nichols, Illegal Use of Hands, 5 yards, enforced at NE 31.",1.008,0.760
2022,15,December 18,away,Las Vegas Raiders,https://www.pro-football-reference.com/boxscores/202212180rai.htm,3,14:49,1,10,NE 36,3,17,(14:49) 38-R.Stevenson up the middle to NE 42 for 6 yards (90-J.Tillery).,1.768,0.157
2022,15,December 18,away,Las Vegas Raiders,https://www.pro-football-reference.com/boxscores/202212180rai.htm,3,14:17,2,4,NE 42,3,17,(14:17) 10-M.Jones scrambles right guard to NE 47 for 5 yards (33-R.Teamer).,1.925,0.571
2022,15,December 18,away,Las Vegas Raiders,https://www.pro-football-reference.com/boxscores/202212180rai.htm,3,13:39,1,10,NE 47,3,17,"(13:39) (No Huddle, Shotgun) 38-R.Stevenson up the middle to LV 49 for 4 yards (52-D.Perryman).",2.496,-0.122
2022,15,December 18,away,Las Vegas Raiders,https://www.pro-football-reference.com/boxscores/202212180rai.htm,3,13:06,2,6,LV 49,3,17,(13:06) (Shotgun) 10-M.Jones pass incomplete short left to 15-N.Agholor (55-C.Jones).,2.374,-0.943
2022,15,December 18,away,Las Vegas Raiders,https://www.pro-football-reference.com/boxscores/202212180rai.htm,3,13:03,3,6,LV 49,3,17,(13:03) (Shotgun) 10-M.Jones pass incomplete deep left to 16-J.Meyers (37-T.Hall).,1.431,-1.882
2022,15,December 18,away,Las Vegas Raiders,https://www.pro-football-reference.com/boxscores/202212180rai.htm,3,12:57,4,6,LV 49,3,17,"(12:57) 17-M.Palardy punts 36 yards to LV 13, Center-49-J.Cardona, out of bounds.",-0.451,-0.547
2022,15,December 18,away,Las Vegas Raiders,https://www.pro-football-reference.com/boxscores/202212180rai.htm,3,12:50,1,10,LV 13,3,17,(12:50) 28-J.Jacobs left tackle to LV 17 for 4 yards (8-J.Bentley; 93-L.Guy).,0.998,-0.299
2022,15,December 18,away,Las Vegas Raiders,https://www.pro-football-reference.com/boxscores/202212180rai.htm,3,12:11,2,6,LV 17,9,17,"(12:11) 4-D.Carr pass short left intended for 17-D.Adams INTERCEPTED by 23-K.Dugger at LV 16. 23-K.Dugger for 16 yards, TOUCHDOWN.",0.699,-7.699
2022,15,December 18,away,Las Vegas Raiders,https://www.pro-football-reference.com/boxscores/202212180rai.htm,3,12:07,,,LV 15,10,17,"6-N.Folk extra point is GOOD, Center-49-J.Cardona, Holder-17-M.Palardy.",0.949,0.051
2022,15,December 18,away,Las Vegas Raiders,https://www.pro-football-reference.com/boxscores/202212180rai.htm,3,12:07,,,NE 35,10,17,6-N.Folk kicks 62 yards from NE 35 to LV 3. 22-A.Abdullah to LV 33 for 30 yards (48-J.Tavai; 25-Ma.Jones).,1.751,0.484
2022,15,December 18,away,Las Vegas Raiders,https://www.pro-football-reference.com/boxscores/202212180rai.htm,3,11:59,1,10,LV 33,10,17,(11:59) (Shotgun) 4-D.Carr pass incomplete short middle to 28-J.Jacobs [93-L.Guy].,2.235,-0.583
2022,15,December 18,away,Las Vegas Raiders,https://www.pro-football-reference.com/boxscores/202212180rai.htm,3,11:52,2,10,LV 33,10,17,"(11:52) 28-J.Jacobs left tackle to LV 34 for 1 yard. FUMBLES, and recovers at LV 35. 28-J.Jacobs to LV 35 for no gain (8-J.Bentley).",1.652,-0.812
2022,15,December 18,away,Las Vegas Raiders,https://www.pro-football-reference.com/boxscores/202212180rai.htm,3,11:09,3,8,LV 35,10,17,"(11:09) (Shotgun) PENALTY on LV-72-J.Eluemunor, False Start, 5 yards, enforced at LV 35 - No Play.",0.840,-0.677
2022,15,December 18,away,Las Vegas Raiders,https://www.pro-football-reference.com/boxscores/202212180rai.htm,3,10:51,3,13,LV 30,10,17,(10:51) (Shotgun) 4-D.Carr pass short middle to 13-H.Renfrow to LV 44 for 14 yards (23-K.Dugger).,0.163,2.616
2022,15,December 18,away,Las Vegas Raiders,https://www.pro-football-reference.com/boxscores/202212180rai.htm,3,10:10,1,10,LV 44,10,17,(10:10) 77-T.Munford reported in as eligible.  28-J.Jacobs up the middle to LV 46 for 2 yards (23-K.Dugger).,2.780,-0.409
2022,15,December 18,away,Las Vegas Raiders,https://www.pro-football-reference.com/boxscores/202212180rai.htm,3,09:27,2,8,LV 46,10,17,(9:27) 4-D.Carr sacked at LV 39 for -7 yards (sack split by 92-D.Godchaux and 93-L.Guy).,2.371,-1.781
2022,15,December 18,away,Las Vegas Raiders,https://www.pro-football-reference.com/boxscores/202212180rai.htm,3,08:42,3,15,LV 39,10,17,(8:42) (Shotgun) 4-D.Carr pass short middle to 87-F.Moreau to NE 49 for 12 yards (32-D.McCourty).,0.590,-0.197
2022,15,December 18,away,Las Vegas Raiders,https://www.pro-football-reference.com/boxscores/202212180rai.htm,3,08:02,4,3,NE 49,10,17,"(8:02) 6-A.Cole punts 47 yards to NE 2, Center-47-T.Sieg, downed by LV-10-M.Hollins.",0.392,0.171
2022,15,December 18,away,Las Vegas Raiders,https://www.pro-football-reference.com/boxscores/202212180rai.htm,3,07:54,1,10,NE 2,10,17,(7:54) 38-R.Stevenson up the middle to NE 28 for 26 yards (90-J.Tillery).,-0.563,1.718
2022,15,December 18,away,Las Vegas Raiders,https://www.pro-football-reference.com/boxscores/202212180rai.htm,3,07:14,1,10,NE 28,10,17,(7:14) (Shotgun) 38-R.Stevenson left guard to NE 35 for 7 yards (59-L.Masterson).,1.155,0.319
2022,15,December 18,away,Las Vegas Raiders,https://www.pro-football-reference.com/boxscores/202212180rai.htm,3,06:36,2,3,NE 35,10,17,(6:36) 38-R.Stevenson up the middle to NE 39 for 4 yards (93-K.Peko).,1.473,0.423
2022,15,December 18,away,Las Vegas Raiders,https://www.pro-football-reference.com/boxscores/202212180rai.htm,3,06:01,1,10,NE 39,10,17,"(6:01) (Shotgun) 10-M.Jones pass deep left to 15-N.Agholor ran ob at LV 29 for 32 yards. Las Vegas challenged the pass completion ruling, and the play was REVERSED. (Shotgun) 10-M.Jones pass incomplete deep left to 15-N.Agholor.",1.896,-0.549
2022,15,December 18,away,Las Vegas Raiders,https://www.pro-football-reference.com/boxscores/202212180rai.htm,3,05:57,2,10,NE 39,10,17,"(5:57) (Shotgun) 36-K.Harris up the middle to 50 for 11 yards (59-L.Masterson, 25-T.Moehrig).",1.347,1.338
2022,15,December 18,away,Las Vegas Raiders,https://www.pro-football-reference.com/boxscores/202212180rai.htm,3,05:27,1,10,MID 50,10,17,(5:27) 36-K.Harris left guard to LV 45 for 5 yards (59-L.Masterson; 91-B.Nichols).,2.685,0.047
2022,15,December 18,away,Las Vegas Raiders,https://www.pro-football-reference.com/boxscores/202212180rai.htm,3,04:53,2,5,LV 45,10,17,(4:53) (Shotgun) 35-P.Strong left tackle to LV 40 for 5 yards (94-M.Butler; 52-D.Perryman).,2.732,0.644
2022,15,December 18,away,Las Vegas Raiders,https://www.pro-football-reference.com/boxscores/202212180rai.htm,3,04:12,1,10,LV 40,10,17,(4:12) (Shotgun) 10-M.Jones pass short middle to 35-P.Strong to LV 29 for 11 yards (55-C.Jones) [98-M.Crosby].,3.376,0.770
2022,15,December 18,away,Las Vegas Raiders,https://www.pro-football-reference.com/boxscores/202212180rai.htm,3,03:36,1,10,LV 29,10,17,(3:36) 38-R.Stevenson up the middle to LV 28 for 1 yard (98-M.Crosby; 33-R.Teamer).,4.146,-0.428
2022,15,December 18,away,Las Vegas Raiders,https://www.pro-football-reference.com/boxscores/202212180rai.htm,3,02:53,2,9,LV 28,10,17,(2:53) (Shotgun) 10-M.Jones pass short right to 38-R.Stevenson to LV 33 for -5 yards (52-D.Perryman).,3.718,-1.590
2022,15,December 18,away,Las Vegas Raiders,https://www.pro-football-reference.com/boxscores/202212180rai.htm,3,02:07,3,14,LV 33,10,17,(2:07) (Shotgun) 38-R.Stevenson right guard to LV 29 for 4 yards (52-D.Perryman).,2.127,-0.338
2022,15,December 18,away,Las Vegas Raiders,https://www.pro-football-reference.com/boxscores/202212180rai.htm,3,01:26,4,10,LV 29,13,17,"(1:26) 6-N.Folk 47 yard field goal is GOOD, Center-49-J.Cardona, Holder-17-M.Palardy.",1.790,1.210
2022,15,December 18,away,Las Vegas Raiders,https://www.pro-football-reference.com/boxscores/202212180rai.htm,3,01:21,,,NE 35,13,17,"6-N.Folk kicks 65 yards from NE 35 to LV 0. 22-A.Abdullah to LV 37 for 37 yards (23-K.Dugger, 30-M.Wilson). LV-58-D.Butler was injured during the play. His return is Questionable.  PENALTY on LV-45-J.Johnson, Illegal Block Above the Waist, 9 yards, enforced at LV 18.",1.663,-1.033
2022,15,December 18,away,Las Vegas Raiders,https://www.pro-football-reference.com/boxscores/202212180rai.htm,3,01:14,1,10,LV 9,13,17,(1:14) 77-T.Munford reported in as eligible.  28-J.Jacobs right guard to LV 12 for 3 yards (92-D.Godchaux; 58-A.Jennings).,0.630,-0.457
2022,15,December 18,away,Las Vegas Raiders,https://www.pro-football-reference.com/boxscores/202212180rai.htm,3,00:33,2,7,LV 12,13,17,(:33) (Shotgun) 4-D.Carr pass incomplete short left to 17-D.Adams.,0.173,-0.773
2022,15,December 18,away,Las Vegas Raiders,https://www.pro-football-reference.com/boxscores/202212180rai.htm,3,00:28,3,7,LV 12,13,17,(:28) (Shotgun) 4-D.Carr sacked at LV 4 for -8 yards (8-J.Bentley).,-0.600,-2.233
2022,15,December 18,away,Las Vegas Raiders,https://www.pro-football-reference.com/boxscores/202212180rai.htm,4,15:00,4,15,LV 4,13,17,"(15:00) 6-A.Cole punts 47 yards to NE 49, Center-47-T.Sieg. 25-Ma.Jones to 50 for 1 yard (59-L.Masterson; 41-M.Farley).",-2.834,0.145
2022,15,December 18,away,Las Vegas Raiders,https://www.pro-football-reference.com/boxscores/202212180rai.htm,4,14:49,1,10,MID 50,13,17,(14:49) 36-K.Harris right guard to 50 for no gain (93-K.Peko).,2.689,-0.543
2022,15,December 18,away,Las Vegas Raiders,https://www.pro-football-reference.com/boxscores/202212180rai.htm,4,14:11,2,10,MID 50,13,17,(14:11) (Shotgun) 10-M.Jones pass short left to 15-N.Agholor to LV 47 for 3 yards (20-I.Pola-Mao; 39-N.Hobbs).,2.146,-0.620
2022,15,December 18,away,Las Vegas Raiders,https://www.pro-football-reference.com/boxscores/202212180rai.htm,4,13:32,3,7,LV 47,13,17,"(13:32) (Shotgun) 10-M.Jones scrambles up the middle to LV 41 for 6 yards (52-D.Perryman). PENALTY on LV-25-T.Moehrig, Illegal Contact, 6 yards, enforced at LV 41.",1.526,2.128
2022,15,December 18,away,Las Vegas Raiders,https://www.pro-football-reference.com/boxscores/202212180rai.htm,4,13:13,1,10,LV 35,13,17,(13:13) 10-M.Jones pass incomplete deep left to 11-T.Thornton [98-M.Crosby].,3.654,-0.541
2022,15,December 18,away,Las Vegas Raiders,https://www.pro-football-reference.com/boxscores/202212180rai.htm,4,13:08,2,10,LV 35,13,17,(13:08) (Shotgun) 10-M.Jones pass incomplete short left to 38-R.Stevenson.,3.113,-0.781
2022,15,December 18,away,Las Vegas Raiders,https://www.pro-football-reference.com/boxscores/202212180rai.htm,4,13:03,3,10,LV 35,13,17,(13:03) (Shotgun) 10-M.Jones pass incomplete short right to 85-H.Henry (55-C.Jones) [55-C.Jones].,2.332,-0.964
2022,15,December 18,away,Las Vegas Raiders,https://www.pro-football-reference.com/boxscores/202212180rai.htm,4,12:57,4,10,LV 35,16,17,"(12:57) 6-N.Folk 54 yard field goal is GOOD, Center-49-J.Cardona, Holder-17-M.Palardy.",1.368,1.632
2022,15,December 18,away,Las Vegas Raiders,https://www.pro-football-reference.com/boxscores/202212180rai.htm,4,12:52,,,NE 35,16,17,6-N.Folk kicks 60 yards from NE 35 to LV 5. 22-A.Abdullah to LV 26 for 21 yards (97-D.Mitchell; 44-R.Webb).,1.515,0.019
2022,15,December 18,away,Las Vegas Raiders,https://www.pro-football-reference.com/boxscores/202212180rai.htm,4,12:46,1,10,LV 26,16,17,(12:46) 77-T.Munford reported in as eligible.  28-J.Jacobs up the middle to LV 33 for 7 yards (31-Jo.Jones; 3-J.Peppers).,1.534,0.250
2022,15,December 18,away,Las Vegas Raiders,https://www.pro-football-reference.com/boxscores/202212180rai.htm,4,12:03,2,3,LV 33,16,17,(12:03) 28-J.Jacobs left guard to LV 35 for 2 yards (91-D.Wise).,1.784,-0.170
2022,15,December 18,away,Las Vegas Raiders,https://www.pro-football-reference.com/boxscores/202212180rai.htm,4,11:25,3,1,LV 35,16,17,(11:25) 28-J.Jacobs left guard to LV 37 for 2 yards (92-D.Godchaux).,1.614,0.565
2022,15,December 18,away,Las Vegas Raiders,https://www.pro-football-reference.com/boxscores/202212180rai.htm,4,10:37,1,10,LV 37,16,17,"(10:37) PENALTY on LV, Delay of Game, 5 yards, enforced at LV 37 - No Play.",2.179,-0.530
2022,15,December 18,away,Las Vegas Raiders,https://www.pro-football-reference.com/boxscores/202212180rai.htm,4,10:37,1,15,LV 32,16,17,(10:37) 77-T.Munford reported in as eligible.  4-D.Carr pass short left to 83-D.Waller pushed ob at LV 35 for 3 yards (3-J.Peppers).,1.650,-0.564
2022,15,December 18,away,Las Vegas Raiders,https://www.pro-football-reference.com/boxscores/202212180rai.htm,4,09:58,2,12,LV 35,16,17,"(9:58) (Shotgun) 4-D.Carr sacked at LV 29 for -6 yards (sack split by 55-J.Uche and 90-C.Barmore). FUMBLES (55-J.Uche) [55-J.Uche], recovered by LV-61-J.Meredith at LV 30.",1.085,-1.251
2022,15,December 18,away,Las Vegas Raiders,https://www.pro-football-reference.com/boxscores/202212180rai.htm,4,09:14,3,17,LV 30,16,17,(9:14) (Shotgun) 4-D.Carr pass short left to 22-A.Abdullah to LV 36 for 6 yards (8-J.Bentley).,-0.166,-0.629
2022,15,December 18,away,Las Vegas Raiders,https://www.pro-football-reference.com/boxscores/202212180rai.htm,4,08:32,4,11,LV 36,16,17,"(8:32) 6-A.Cole punts 49 yards to NE 15, Center-47-T.Sieg. 25-Ma.Jones to NE 22 for 7 yards (22-A.Abdullah, 36-C.Bolton).",-0.795,-0.202
2022,15,December 18,away,Las Vegas Raiders,https://www.pro-football-reference.com/boxscores/202212180rai.htm,4,08:22,1,10,NE 22,16,17,(8:22) 35-P.Strong right tackle to NE 26 for 4 yards (93-K.Peko).,0.997,0.068
2022,15,December 18,away,Las Vegas Raiders,https://www.pro-football-reference.com/boxscores/202212180rai.htm,4,07:39,2,6,NE 26,16,17,(7:39) (Shotgun) 10-M.Jones pass incomplete deep left to 15-N.Agholor (21-A.Robertson).,1.065,-0.720
2022,15,December 18,away,Las Vegas Raiders,https://www.pro-football-reference.com/boxscores/202212180rai.htm,4,07:32,3,6,NE 26,16,17,(7:32) (Shotgun) 10-M.Jones pass incomplete short left to 85-H.Henry. NE-60-D.Andrews was injured during the play. His return is Questionable.,0.345,-1.426
2022,15,December 18,away,Las Vegas Raiders,https://www.pro-football-reference.com/boxscores/202212180rai.htm,4,07:27,4,6,NE 26,16,17,"(7:27) 17-M.Palardy punts 46 yards to LV 28, Center-49-J.Cardona. 13-H.Renfrow to LV 42 for 14 yards (48-J.Tavai). PENALTY on LV-33-R.Teamer, Offensive Holding, 10 yards, enforced at LV 29.",-1.082,0.145
2022,15,December 18,away,Las Vegas Raiders,https://www.pro-football-reference.com/boxscores/202212180rai.htm,4,07:15,1,10,LV 19,16,17,"(7:15) PENALTY on LV-74-K.Miller, False Start, 5 yards, enforced at LV 19 - No Play.",0.936,-0.885
2022,15,December 18,away,Las Vegas Raiders,https://www.pro-football-reference.com/boxscores/202212180rai.htm,4,07:15,1,15,LV 14,16,17,(7:15) 28-J.Jacobs left end to LV 15 for 1 yard (91-D.Wise; 8-J.Bentley).,0.051,-0.586
2022,15,December 18,away,Las Vegas Raiders,https://www.pro-football-reference.com/boxscores/202212180rai.htm,4,06:36,2,14,LV 15,16,17,(6:36) (Shotgun) 4-D.Carr pass short left to 17-D.Adams pushed ob at LV 20 for 5 yards (25-Ma.Jones).,-0.535,0.040
2022,15,December 18,away,Las Vegas Raiders,https://www.pro-football-reference.com/boxscores/202212180rai.htm,4,06:01,,,LV 20,16,17,Timeout #1 by LV at 06:01.,-0.495,0.000
2022,15,December 18,away,Las Vegas Raiders,https://www.pro-football-reference.com/boxscores/202212180rai.htm,4,06:01,3,9,LV 20,16,17,(6:01) (Shotgun) 4-D.Carr pass short middle to 22-A.Abdullah to LV 28 for 8 yards (8-J.Bentley).,-0.495,-0.240
2022,15,December 18,away,Las Vegas Raiders,https://www.pro-football-reference.com/boxscores/202212180rai.htm,4,05:17,4,1,LV 28,16,17,"(5:17) 6-A.Cole punts 48 yards to NE 24, Center-47-T.Sieg, fair catch by 25-Ma.Jones.",-0.735,-0.366
2022,15,December 18,away,Las Vegas Raiders,https://www.pro-football-reference.com/boxscores/202212180rai.htm,4,05:10,1,10,NE 24,16,17,(5:10) 38-R.Stevenson left guard to NE 27 for 3 yards (91-B.Nichols).,1.101,-0.347
2022,15,December 18,away,Las Vegas Raiders,https://www.pro-football-reference.com/boxscores/202212180rai.htm,4,04:32,2,7,NE 27,16,17,(4:32) (Shotgun) 10-M.Jones pass deep middle to 16-J.Meyers to LV 34 for 39 yards (52-D.Perryman).,0.753,2.949
2022,15,December 18,away,Las Vegas Raiders,https://www.pro-football-reference.com/boxscores/202212180rai.htm,4,03:51,1,10,LV 34,22,17,"(3:51) 38-R.Stevenson right guard for 34 yards, TOUCHDOWN.",3.702,3.298
2022,15,December 18,away,Las Vegas Raiders,https://www.pro-football-reference.com/boxscores/202212180rai.htm,4,03:43,,,LV 2,24,17,TWO-POINT CONVERSION ATTEMPT. 10-M.Jones pass to 16-J.Meyers is complete. ATTEMPT SUCCEEDS.,0.947,1.053
2022,15,December 18,away,Las Vegas Raiders,https://www.pro-football-reference.com/boxscores/202212180rai.htm,4,03:43,,,NE 35,24,17,6-N.Folk kicks 49 yards from NE 35 to LV 16. 45-J.Johnson to LV 31 for 15 yards (48-J.Tavai).,0.915,0.483
2022,15,December 18,away,Las Vegas Raiders,https://www.pro-football-reference.com/boxscores/202212180rai.htm,4,03:39,1,10,LV 31,24,17,(3:39) (Shotgun) 4-D.Carr pass incomplete short right.,1.398,-0.535
2022,15,December 18,away,Las Vegas Raiders,https://www.pro-football-reference.com/boxscores/202212180rai.htm,4,03:33,2,10,LV 31,24,17,(3:33) (Shotgun) 4-D.Carr pass incomplete deep middle to 10-M.Hollins.,0.863,-0.514
2022,15,December 18,away,Las Vegas Raiders,https://www.pro-football-reference.com/boxscores/202212180rai.htm,4,03:26,,,LV 31,24,17,Timeout #1 by NE at 03:26.,0.349,0.000
2022,15,December 18,away,Las Vegas Raiders,https://www.pro-football-reference.com/boxscores/202212180rai.htm,4,03:26,3,10,LV 31,24,17,(3:26) (Shotgun) 4-D.Carr pass incomplete deep middle to 17-D.Adams.,0.349,-1.236
2022,15,December 18,away,Las Vegas Raiders,https://www.pro-football-reference.com/boxscores/202212180rai.htm,4,03:20,4,10,LV 31,24,17,"(3:20) 6-A.Cole punts 41 yards to NE 28, Center-47-T.Sieg, out of bounds.",-0.887,-0.382
2022,15,December 18,away,Las Vegas Raiders,https://www.pro-football-reference.com/boxscores/202212180rai.htm,4,03:12,1,10,NE 28,24,17,(3:12) 72-Y.Cajuste reported in as eligible.  38-R.Stevenson up the middle to NE 31 for 3 yards (55-C.Jones).,1.269,-0.307
2022,15,December 18,away,Las Vegas Raiders,https://www.pro-football-reference.com/boxscores/202212180rai.htm,4,03:09,,,NE 31,24,17,Timeout #2 by LV at 03:09.,0.962,0.000
2022,15,December 18,away,Las Vegas Raiders,https://www.pro-football-reference.com/boxscores/202212180rai.htm,4,03:09,2,7,NE 31,24,17,"(3:09) 72-Y.Cajuste reported in as eligible.  PENALTY on NE-75-C.McDermott, False Start, 5 yards, enforced at NE 31 - No Play.",0.962,-0.552
2022,15,December 18,away,Las Vegas Raiders,https://www.pro-football-reference.com/boxscores/202212180rai.htm,4,03:09,2,12,NE 26,24,17,(3:09) 38-R.Stevenson left tackle to NE 28 for 2 yards (59-L.Masterson; 25-T.Moehrig).,0.410,-0.621
2022,15,December 18,away,Las Vegas Raiders,https://www.pro-football-reference.com/boxscores/202212180rai.htm,4,03:04,,,NE 28,24,17,Timeout #3 by LV at 03:04.,-0.211,0.000
2022,15,December 18,away,Las Vegas Raiders,https://www.pro-football-reference.com/boxscores/202212180rai.htm,4,03:04,3,10,NE 28,24,17,(3:04) 10-M.Jones right end to NE 28 for no gain (98-M.Crosby).,-0.211,-0.808
2022,15,December 18,away,Las Vegas Raiders,https://www.pro-football-reference.com/boxscores/202212180rai.htm,4,02:19,4,10,NE 28,24,17,"(2:19) 17-M.Palardy punts 53 yards to LV 19, Center-49-J.Cardona, out of bounds.",-1.019,-0.287
2022,15,December 18,away,Las Vegas Raiders,https://www.pro-football-reference.com/boxscores/202212180rai.htm,4,02:11,1,10,LV 19,24,17,(2:11) (Shotgun) 4-D.Carr pass incomplete deep middle to 13-H.Renfrow.,1.306,-0.313
2022,15,December 18,away,Las Vegas Raiders,https://www.pro-football-reference.com/boxscores/202212180rai.htm,4,02:06,2,10,LV 19,24,17,(2:06) (Shotgun) 4-D.Carr pass incomplete deep middle to 10-M.Hollins (31-Jo.Jones).,0.993,-0.389
2022,15,December 18,away,Las Vegas Raiders,https://www.pro-football-reference.com/boxscores/202212180rai.htm,4,02:01,3,10,LV 19,24,17,(2:01) (Shotgun) 4-D.Carr pass incomplete deep middle to 10-M.Hollins.,0.603,-0.851
2022,15,December 18,away,Las Vegas Raiders,https://www.pro-football-reference.com/boxscores/202212180rai.htm,4,01:54,4,10,LV 19,24,17,(1:54) (Shotgun) 4-D.Carr pass short left to 10-M.Hollins to LV 31 for 12 yards (25-Ma.Jones).,-0.248,1.721
2022,15,December 18,away,Las Vegas Raiders,https://www.pro-football-reference.com/boxscores/202212180rai.htm,4,01:29,1,10,LV 31,24,17,"(1:29) (No Huddle, Shotgun) 4-D.Carr pass short left to 10-M.Hollins ran ob at LV 44 for 13 yards (25-Ma.Jones).",1.474,0.465
2022,15,December 18,away,Las Vegas Raiders,https://www.pro-football-reference.com/boxscores/202212180rai.htm,4,01:25,1,10,LV 44,24,17,(1:25) (Shotgun) 4-D.Carr pass short right to 28-J.Jacobs to 50 for 6 yards (27-M.Bryant).,1.939,-0.009
2022,15,December 18,away,Las Vegas Raiders,https://www.pro-football-reference.com/boxscores/202212180rai.htm,4,01:05,2,4,MID 50,24,17,"(1:05) (No Huddle, Shotgun) 4-D.Carr pass deep middle to 83-D.Waller to NE 30 for 20 yards (32-D.McCourty).",1.930,1.471
2022,15,December 18,away,Las Vegas Raiders,https://www.pro-football-reference.com/boxscores/202212180rai.htm,4,00:44,1,10,NE 30,24,17,"(:44) (No Huddle, Shotgun) 4-D.Carr pass incomplete short right.",3.400,-0.249
2022,15,December 18,away,Las Vegas Raiders,https://www.pro-football-reference.com/boxscores/202212180rai.htm,4,00:37,2,10,NE 30,24,23,"(:37) (Shotgun) 4-D.Carr pass deep left to 84-K.Cole for 30 yards, TOUCHDOWN. The Replay Official reviewed the pass completion ruling, and the play was Upheld. The ruling on the field stands.",3.151,3.849
2022,15,December 18,away,Las Vegas Raiders,https://www.pro-football-reference.com/boxscores/202212180rai.htm,4,00:32,,,NE 15,24,24,"2-D.Carlson extra point is GOOD, Center-47-T.Sieg, Holder-6-A.Cole.",0.949,0.051
2022,15,December 18,away,Las Vegas Raiders,https://www.pro-football-reference.com/boxscores/202212180rai.htm,4,00:32,,,LV 35,24,24,"2-D.Carlson kicks 65 yards from LV 35 to end zone, Touchback.",0.480,0.000
2022,15,December 18,away,Las Vegas Raiders,https://www.pro-football-reference.com/boxscores/202212180rai.htm,4,00:32,1,10,NE 25,24,24,(:32) (Shotgun) 10-M.Jones pass short right to 16-J.Meyers to NE 33 for 8 yards (52-D.Perryman).,0.480,-0.028
2022,15,December 18,away,Las Vegas Raiders,https://www.pro-football-reference.com/boxscores/202212180rai.htm,4,00:25,,,NE 33,24,24,Timeout #2 by NE at 00:25.,0.452,0.000
2022,15,December 18,away,Las Vegas Raiders,https://www.pro-football-reference.com/boxscores/202212180rai.htm,4,00:25,2,2,NE 33,24,24,(:25) (Shotgun) 10-M.Jones pass incomplete short left to 15-N.Agholor.,0.452,-0.186
2022,15,December 18,away,Las Vegas Raiders,https://www.pro-football-reference.com/boxscores/202212180rai.htm,4,00:20,3,2,NE 33,24,24,(:20) (Shotgun) 38-R.Stevenson up the middle to NE 45 for 12 yards (98-M.Crosby; 30-D.Harmon).,0.266,0.183
2022,15,December 18,away,Las Vegas Raiders,https://www.pro-football-reference.com/boxscores/202212180rai.htm,4,00:14,,,NE 45,24,24,Timeout #3 by NE at 00:14.,0.449,0.000
2022,15,December 18,away,Las Vegas Raiders,https://www.pro-football-reference.com/boxscores/202212180rai.htm,4,00:14,1,10,NE 45,24,24,(:14) (Shotgun) 10-M.Jones pass incomplete short right [55-C.Jones].,0.449,-0.150
2022,15,December 18,away,Las Vegas Raiders,https://www.pro-football-reference.com/boxscores/202212180rai.htm,4,00:10,2,10,NE 45,24,24,(:10) (Shotgun) 10-M.Jones pass incomplete deep right to 16-J.Meyers (21-A.Robertson) [98-M.Crosby].,0.298,-0.103
2022,15,December 18,away,Las Vegas Raiders,https://www.pro-football-reference.com/boxscores/202212180rai.htm,4,00:03,3,10,NE 45,24,30,"(:03) (Shotgun) 38-R.Stevenson up the middle to LV 32 for 23 yards. Lateral to 16-J.Meyers to LV 40 for -8 yards. FUMBLES, RECOVERED by LV-55-C.Jones at NE 48. 55-C.Jones for 48 yards, TOUCHDOWN.",0.195,-7.195
2022,16,December 24,home,Cincinnati Bengals,https://www.pro-football-reference.com/boxscores/202212240nwe.htm,1,15:00,,,NE 35,0,0,14-T.Vizcaino kicks 61 yards from NE 35 to CIN 4. 32-T.Williams to CIN 22 for 18 yards (35-P.Strong).,0.770,-0.375
2022,16,December 24,home,Cincinnati Bengals,https://www.pro-football-reference.com/boxscores/202212240nwe.htm,1,14:56,1,10,CIN 22,0,0,(14:56) (Shotgun) 9-J.Burrow pass short right to 84-M.Wilcox to CIN 30 for 8 yards (25-Ma.Jones).,0.395,0.811
2022,16,December 24,home,Cincinnati Bengals,https://www.pro-football-reference.com/boxscores/202212240nwe.htm,1,14:26,2,2,CIN 30,0,0,(14:26) (Shotgun) 9-J.Burrow pass deep right to 85-T.Higgins to NE 31 for 39 yards (25-Ma.Jones).,1.206,3.047
2022,16,December 24,home,Cincinnati Bengals,https://www.pro-football-reference.com/boxscores/202212240nwe.htm,1,13:44,,,NE 31,0,0,Timeout #1 by NE at 13:44.,4.252,0.000
2022,16,December 24,home,Cincinnati Bengals,https://www.pro-football-reference.com/boxscores/202212240nwe.htm,1,13:44,1,10,NE 31,0,0,(13:44) 9-J.Burrow pass short left to 28-J.Mixon pushed ob at NE 14 for 17 yards (31-Jo.Jones).,4.252,0.986
2022,16,December 24,home,Cincinnati Bengals,https://www.pro-football-reference.com/boxscores/202212240nwe.htm,1,13:05,1,10,NE 14,0,0,(13:05) (Shotgun) 28-J.Mixon up the middle to NE 9 for 5 yards (92-D.Godchaux).,5.238,-0.149
2022,16,December 24,home,Cincinnati Bengals,https://www.pro-football-reference.com/boxscores/202212240nwe.htm,1,12:31,2,5,NE 9,0,6,"(12:31) (Shotgun) 9-J.Burrow pass short left to 85-T.Higgins for 9 yards, TOUCHDOWN.",5.090,1.910
2022,16,December 24,home,Cincinnati Bengals,https://www.pro-football-reference.com/boxscores/202212240nwe.htm,1,12:24,,,NE 15,0,6,"2-E.McPherson extra point is No Good, Wide Right, Center-48-C.Adomitis, Holder-4-D.Chrisman.",0.932,-0.932
2022,16,December 24,home,Cincinnati Bengals,https://www.pro-football-reference.com/boxscores/202212240nwe.htm,1,12:24,,,CIN 35,0,6,2-E.McPherson kicks 60 yards from CIN 35 to NE 5. 25-Ma.Jones to NE 26 for 21 yards (23-D.Hill).,1.124,0.046
2022,16,December 24,home,Cincinnati Bengals,https://www.pro-football-reference.com/boxscores/202212240nwe.htm,1,12:18,1,10,NE 26,0,6,(12:18) 38-R.Stevenson left end pushed ob at NE 28 for 2 yards (91-T.Hendrickson).,1.169,-0.492
2022,16,December 24,home,Cincinnati Bengals,https://www.pro-football-reference.com/boxscores/202212240nwe.htm,1,11:59,2,8,NE 28,0,6,"(11:59) (No Huddle, Shotgun) 38-R.Stevenson up the middle to NE 32 for 4 yards (92-B.Hill; 96-C.Sample).",0.678,-0.053
2022,16,December 24,home,Cincinnati Bengals,https://www.pro-football-reference.com/boxscores/202212240nwe.htm,1,11:27,3,4,NE 32,0,6,"(11:27) (No Huddle, Shotgun) 10-M.Jones sacked at NE 32 for 0 yards (55-L.Wilson).",0.624,-1.435
2022,16,December 24,home,Cincinnati Bengals,https://www.pro-football-reference.com/boxscores/202212240nwe.htm,1,10:47,4,4,NE 32,0,6,"(10:47) 17-M.Palardy punts 45 yards to CIN 23, Center-46-T.Addington. 11-T.Taylor to CIN 41 for 18 yards (8-J.Bentley).",-0.811,-1.506
2022,16,December 24,home,Cincinnati Bengals,https://www.pro-football-reference.com/boxscores/202212240nwe.htm,1,10:35,1,10,CIN 41,0,6,(10:35) (Shotgun) 28-J.Mixon up the middle to CIN 46 for 5 yards (93-L.Guy; 91-D.Wise).,2.317,0.093
2022,16,December 24,home,Cincinnati Bengals,https://www.pro-football-reference.com/boxscores/202212240nwe.htm,1,10:00,2,5,CIN 46,0,6,(10:00) (Shotgun) 9-J.Burrow pass short middle to 28-J.Mixon to NE 48 for 6 yards (8-J.Bentley).,2.409,0.591
2022,16,December 24,home,Cincinnati Bengals,https://www.pro-football-reference.com/boxscores/202212240nwe.htm,1,09:23,1,10,NE 48,0,6,(9:23) (Shotgun) 9-J.Burrow pass short left to 34-S.Perine to NE 43 for 5 yards (48-J.Tavai).,3.000,-0.068
2022,16,December 24,home,Cincinnati Bengals,https://www.pro-football-reference.com/boxscores/202212240nwe.htm,1,08:41,2,5,NE 43,0,6,(8:41) 34-S.Perine right guard to NE 41 for 2 yards (91-D.Wise).,2.932,-0.416
2022,16,December 24,home,Cincinnati Bengals,https://www.pro-football-reference.com/boxscores/202212240nwe.htm,1,07:59,3,3,NE 41,0,6,(7:59) (Shotgun) 9-J.Burrow scrambles left end to NE 36 for 5 yards (23-K.Dugger). slid,2.516,1.170
2022,16,December 24,home,Cincinnati Bengals,https://www.pro-football-reference.com/boxscores/202212240nwe.htm,1,07:18,1,10,NE 36,0,6,(7:18) (Shotgun) 9-J.Burrow pass short left to 28-J.Mixon to NE 33 for 3 yards (8-J.Bentley).,3.686,-0.236
2022,16,December 24,home,Cincinnati Bengals,https://www.pro-football-reference.com/boxscores/202212240nwe.htm,1,06:30,2,7,NE 33,0,6,"(6:30) (Shotgun) CIN-83-T.Boyd was injured during the play.  PENALTY on CIN, Delay of Game, 5 yards, enforced at NE 33 - No Play.",3.449,-0.817
2022,16,December 24,home,Cincinnati Bengals,https://www.pro-football-reference.com/boxscores/202212240nwe.htm,1,06:25,2,12,NE 38,0,6,(6:25) (Shotgun) 9-J.Burrow pass short left to 85-T.Higgins to NE 27 for 11 yards (8-J.Bentley).,2.632,1.188
2022,16,December 24,home,Cincinnati Bengals,https://www.pro-football-reference.com/boxscores/202212240nwe.htm,1,05:44,3,1,NE 27,0,6,"(5:44) (Shotgun) 28-J.Mixon left tackle to NE 23 for 4 yards (21-A.Phillips, 23-K.Dugger).",3.820,0.720
2022,16,December 24,home,Cincinnati Bengals,https://www.pro-football-reference.com/boxscores/202212240nwe.htm,1,05:23,1,10,NE 23,0,12,"(5:23) (No Huddle, Shotgun) 9-J.Burrow pass deep middle to 16-T.Irwin for 23 yards, TOUCHDOWN.",4.540,2.460
2022,16,December 24,home,Cincinnati Bengals,https://www.pro-football-reference.com/boxscores/202212240nwe.htm,1,05:16,,,NE 15,0,12,"2-E.McPherson extra point is No Good, Wide Right, Center-48-C.Adomitis, Holder-4-D.Chrisman. PENALTY on NE-95-D.Ekuale, Unnecessary Roughness, 1 yard, enforced at NE 15 - No Play.",0.947,0.000
2022,16,December 24,home,Cincinnati Bengals,https://www.pro-football-reference.com/boxscores/202212240nwe.htm,1,05:16,,,NE 1,0,12,TWO-POINT CONVERSION ATTEMPT. 34-S.Perine rushes right guard. ATTEMPT FAILS.,0.947,-0.947
2022,16,December 24,home,Cincinnati Bengals,https://www.pro-football-reference.com/boxscores/202212240nwe.htm,1,05:16,,,CIN 35,0,12,"2-E.McPherson kicks 60 yards from CIN 35 to NE 5. 25-Ma.Jones to NE 30 for 25 yards (49-J.Bachie, 34-S.Perine).",1.129,0.323
2022,16,December 24,home,Cincinnati Bengals,https://www.pro-football-reference.com/boxscores/202212240nwe.htm,1,05:10,1,10,NE 30,0,12,(5:10) (Shotgun) 38-R.Stevenson left guard to NE 36 for 6 yards (24-V.Bell; 92-B.Hill).,1.453,0.280
2022,16,December 24,home,Cincinnati Bengals,https://www.pro-football-reference.com/boxscores/202212240nwe.htm,1,04:35,2,4,NE 36,0,12,(4:35) 38-R.Stevenson up the middle to NE 34 for -2 yards (30-J.Bates).,1.732,-1.271
2022,16,December 24,home,Cincinnati Bengals,https://www.pro-football-reference.com/boxscores/202212240nwe.htm,1,04:03,3,6,NE 34,0,12,(4:03) (Shotgun) 10-M.Jones pass incomplete short middle to 38-R.Stevenson.,0.462,-1.309
2022,16,December 24,home,Cincinnati Bengals,https://www.pro-football-reference.com/boxscores/202212240nwe.htm,1,03:58,4,6,NE 34,0,12,"(3:58) 17-M.Palardy to NE 23 for -11 yards. FUMBLES, and recovers at NE 23. 17-M.Palardy punts 22 yards to CIN 44, out of bounds. PENALTY on NE-48-J.Tavai, Ineligible Downfield Kick, 5 yards, enforced at CIN 44.",-0.848,-1.956
2022,16,December 24,home,Cincinnati Bengals,https://www.pro-football-reference.com/boxscores/202212240nwe.htm,1,03:49,1,10,CIN 49,0,12,(3:49) (Shotgun) 9-J.Burrow pass short right to 86-D.Asiasi to NE 45 for 6 yards (25-Ma.Jones).,2.804,0.226
2022,16,December 24,home,Cincinnati Bengals,https://www.pro-football-reference.com/boxscores/202212240nwe.htm,1,03:13,2,4,NE 45,0,12,(3:13) (Shotgun) 28-J.Mixon up the middle to NE 45 for no gain (48-J.Tavai).,3.030,-0.831
2022,16,December 24,home,Cincinnati Bengals,https://www.pro-football-reference.com/boxscores/202212240nwe.htm,1,02:33,3,4,NE 45,0,12,"(2:33) (Shotgun) 9-J.Burrow pass deep left to 16-T.Irwin to NE 27 for 18 yards (32-D.McCourty). PENALTY on NE-9-M.Judon, Roughing the Passer, 14 yards, enforced at NE 27.",2.199,2.901
2022,16,December 24,home,Cincinnati Bengals,https://www.pro-football-reference.com/boxscores/202212240nwe.htm,1,02:04,1,10,NE 13,0,12,"(2:04) (Shotgun) 9-J.Burrow pass incomplete short middle [93-L.Guy]. CIN-71-L.Collins was injured during the play.  PENALTY on CIN-67-C.Volson, Illegal Use of Hands, 10 yards, enforced at NE 13 - No Play.",5.100,-1.135
2022,16,December 24,home,Cincinnati Bengals,https://www.pro-football-reference.com/boxscores/202212240nwe.htm,1,01:58,1,20,NE 23,0,12,(1:58) (Shotgun) 34-S.Perine up the middle to NE 20 for 3 yards (8-J.Bentley; 9-M.Judon).,3.965,-0.477
2022,16,December 24,home,Cincinnati Bengals,https://www.pro-football-reference.com/boxscores/202212240nwe.htm,1,01:22,2,17,NE 20,0,12,(1:22) (Shotgun) 9-J.Burrow pass incomplete deep left to 1-J.Chase.,3.488,-0.549
2022,16,December 24,home,Cincinnati Bengals,https://www.pro-football-reference.com/boxscores/202212240nwe.htm,1,01:16,3,17,NE 20,0,12,(1:16) (Shotgun) 9-J.Burrow pass deep right to 1-J.Chase pushed ob at NE 2 for 18 yards (25-Ma.Jones).,2.939,3.340
2022,16,December 24,home,Cincinnati Bengals,https://www.pro-football-reference.com/boxscores/202212240nwe.htm,1,00:41,1,2,NE 2,0,12,(:41) (Shotgun) 9-J.Burrow pass incomplete short middle. thrown away from outside the pocket,6.279,-0.388
2022,16,December 24,home,Cincinnati Bengals,https://www.pro-football-reference.com/boxscores/202212240nwe.htm,1,00:35,2,2,NE 2,0,12,"(:35) 28-J.Mixon left tackle for 2 yards, TOUCHDOWN NULLIFIED by Penalty. PENALTY on CIN-86-D.Asiasi, Offensive Holding, 10 yards, enforced at NE 2 - No Play.",5.892,-1.610
2022,16,December 24,home,Cincinnati Bengals,https://www.pro-football-reference.com/boxscores/202212240nwe.htm,1,00:30,2,12,NE 12,0,12,(:30) (Shotgun) 9-J.Burrow pass short right to 28-J.Mixon to NE 10 for 2 yards (8-J.Bentley).,4.282,-0.415
2022,16,December 24,home,Cincinnati Bengals,https://www.pro-football-reference.com/boxscores/202212240nwe.htm,2,15:00,3,10,NE 10,0,12,(15:00) (Shotgun) 9-J.Burrow pass incomplete short left to 28-J.Mixon (8-J.Bentley).,3.867,-0.992
2022,16,December 24,home,Cincinnati Bengals,https://www.pro-football-reference.com/boxscores/202212240nwe.htm,2,14:54,4,10,NE 10,0,15,"(14:54) 2-E.McPherson 28 yard field goal is GOOD, Center-48-C.Adomitis, Holder-4-D.Chrisman.",2.875,0.125
2022,16,December 24,home,Cincinnati Bengals,https://www.pro-football-reference.com/boxscores/202212240nwe.htm,2,14:51,,,CIN 35,0,15,"2-E.McPherson kicks 67 yards from CIN 35 to NE -2. 35-P.Strong to NE 18 for 20 yards (32-T.Williams, 31-M.Thomas).",0.918,-0.500
2022,16,December 24,home,Cincinnati Bengals,https://www.pro-football-reference.com/boxscores/202212240nwe.htm,2,14:45,1,10,NE 18,0,15,"(14:45) (Shotgun) 10-M.Jones pass short right to 81-J.Smith to NE 27 for 9 yards (24-V.Bell, 57-G.Pratt).",0.418,0.901
2022,16,December 24,home,Cincinnati Bengals,https://www.pro-football-reference.com/boxscores/202212240nwe.htm,2,14:00,2,1,NE 27,0,15,(14:00) 72-Y.Cajuste reported in as eligible.  36-K.Harris left guard to NE 30 for 3 yards (92-B.Hill).,1.319,-0.084
2022,16,December 24,home,Cincinnati Bengals,https://www.pro-football-reference.com/boxscores/202212240nwe.htm,2,13:21,1,10,NE 30,0,15,(13:21) 72-Y.Cajuste reported in as eligible.  10-M.Jones pass incomplete short middle to 16-J.Meyers [98-D.Reader].,1.236,-0.524
2022,16,December 24,home,Cincinnati Bengals,https://www.pro-football-reference.com/boxscores/202212240nwe.htm,2,13:15,2,10,NE 30,0,15,(13:15) (Shotgun) 10-M.Jones pass short middle to 35-P.Strong to NE 35 for 5 yards (55-L.Wilson).,0.711,-0.352
2022,16,December 24,home,Cincinnati Bengals,https://www.pro-football-reference.com/boxscores/202212240nwe.htm,2,12:36,3,5,NE 35,0,15,(12:36) (Shotgun) 10-M.Jones pass short middle to 16-J.Meyers to NE 39 for 4 yards (21-M.Hilton).,0.360,-0.445
2022,16,December 24,home,Cincinnati Bengals,https://www.pro-football-reference.com/boxscores/202212240nwe.htm,2,11:58,4,1,NE 39,0,15,"(11:58) 17-M.Palardy punts 37 yards to CIN 24, Center-46-T.Addington, fair catch by 11-T.Taylor.",-0.085,-0.929
2022,16,December 24,home,Cincinnati Bengals,https://www.pro-football-reference.com/boxscores/202212240nwe.htm,2,11:50,1,10,CIN 24,0,15,(11:50) (Shotgun) 9-J.Burrow pass short middle to 84-M.Wilcox to CIN 30 for 6 yards (48-J.Tavai).,1.015,0.364
2022,16,December 24,home,Cincinnati Bengals,https://www.pro-football-reference.com/boxscores/202212240nwe.htm,2,11:18,2,4,CIN 30,0,15,(11:18) (Shotgun) 9-J.Burrow pass short right to 1-J.Chase to CIN 41 for 11 yards (25-Ma.Jones).,1.379,0.812
2022,16,December 24,home,Cincinnati Bengals,https://www.pro-football-reference.com/boxscores/202212240nwe.htm,2,10:45,1,10,CIN 41,0,15,(10:45) (Shotgun) 9-J.Burrow pass incomplete deep left to 1-J.Chase.,2.190,-0.454
2022,16,December 24,home,Cincinnati Bengals,https://www.pro-football-reference.com/boxscores/202212240nwe.htm,2,10:38,2,10,CIN 41,0,15,(10:38) (Shotgun) 9-J.Burrow sacked at CIN 38 for -3 yards (9-M.Judon).,1.736,-1.674
2022,16,December 24,home,Cincinnati Bengals,https://www.pro-football-reference.com/boxscores/202212240nwe.htm,2,09:52,,,CIN 38,0,15,Timeout #1 by CIN at 09:52.,0.062,0.000
2022,16,December 24,home,Cincinnati Bengals,https://www.pro-football-reference.com/boxscores/202212240nwe.htm,2,09:52,3,13,CIN 38,0,15,(9:52) (Shotgun) 9-J.Burrow pass short middle to 85-T.Higgins to 50 for 12 yards (32-D.McCourty; 21-A.Phillips).,0.062,0.663
2022,16,December 24,home,Cincinnati Bengals,https://www.pro-football-reference.com/boxscores/202212240nwe.htm,2,09:07,4,1,MID 50,0,15,(9:07) 74-M.Scharping reported in as eligible.  9-J.Burrow right end to NE 49 for 1 yard (8-J.Bentley).,0.725,1.807
2022,16,December 24,home,Cincinnati Bengals,https://www.pro-football-reference.com/boxscores/202212240nwe.htm,2,08:27,1,10,NE 49,0,15,"(8:27) 74-M.Scharping reported in as eligible.  28-J.Mixon left guard to NE 45 for 4 yards (9-M.Judon). PENALTY on NE-98-Ca.Davis, Defensive Holding, 5 yards, enforced at NE 45.",2.532,0.547
2022,16,December 24,home,Cincinnati Bengals,https://www.pro-football-reference.com/boxscores/202212240nwe.htm,2,08:01,1,10,NE 40,0,15,(8:01) (Shotgun) 9-J.Burrow pass short right to 1-J.Chase to NE 28 for 12 yards (25-Ma.Jones).,3.079,0.839
2022,16,December 24,home,Cincinnati Bengals,https://www.pro-football-reference.com/boxscores/202212240nwe.htm,2,07:17,1,10,NE 28,0,15,(7:17) 9-J.Burrow pass short right to 85-T.Higgins to NE 25 for 3 yards (3-J.Peppers).,3.918,-0.206
2022,16,December 24,home,Cincinnati Bengals,https://www.pro-football-reference.com/boxscores/202212240nwe.htm,2,06:37,2,7,NE 25,0,15,(6:37) (Shotgun) 9-J.Burrow pass short left to 83-T.Boyd to NE 15 for 10 yards (27-M.Bryant).,3.712,1.008
2022,16,December 24,home,Cincinnati Bengals,https://www.pro-football-reference.com/boxscores/202212240nwe.htm,2,06:01,1,10,NE 15,0,15,(6:01) (Shotgun) 9-J.Burrow sacked at NE 18 for -3 yards (55-J.Uche).,4.720,-1.033
2022,16,December 24,home,Cincinnati Bengals,https://www.pro-football-reference.com/boxscores/202212240nwe.htm,2,05:18,2,13,NE 18,0,15,"(5:18) (Shotgun) 9-J.Burrow sacked at NE 23 for -5 yards (9-M.Judon). PENALTY on NE-55-J.Uche, Illegal Use of Hands, 4 yards, enforced at NE 18 - No Play.",3.687,1.080
2022,16,December 24,home,Cincinnati Bengals,https://www.pro-football-reference.com/boxscores/202212240nwe.htm,2,05:07,1,10,NE 14,0,15,"(5:07) (Shotgun) 34-S.Perine right end to NE 18 for -4 yards (25-Ma.Jones, 92-D.Godchaux).",4.767,-1.132
2022,16,December 24,home,Cincinnati Bengals,https://www.pro-football-reference.com/boxscores/202212240nwe.htm,2,04:23,2,14,NE 18,0,15,"(4:23) (Shotgun) 9-J.Burrow pass short middle intended for 83-T.Boyd INTERCEPTED by 32-D.McCourty at NE 15. 32-D.McCourty to NE 15 for no gain (34-S.Perine). NE 32-D.McCourty 34th career interception, 3rd in franchise history (Law & Clayborn 36). NE 32-D.McCourty 40th career takeaway, ties Law for 3rd in franchise history (Clayborn 44, Marion 42).",3.635,-3.891
2022,16,December 24,home,Cincinnati Bengals,https://www.pro-football-reference.com/boxscores/202212240nwe.htm,2,04:19,1,10,NE 15,0,15,(4:19) 84-K.Bourne left end to NE 44 for 29 yards (30-J.Bates).,0.256,1.443
2022,16,December 24,home,Cincinnati Bengals,https://www.pro-football-reference.com/boxscores/202212240nwe.htm,2,03:43,1,10,NE 44,0,15,(3:43) (Shotgun) 10-M.Jones pass incomplete deep right to 84-K.Bourne.,1.699,-0.450
2022,16,December 24,home,Cincinnati Bengals,https://www.pro-football-reference.com/boxscores/202212240nwe.htm,2,03:37,2,10,NE 44,0,15,(3:37) (Shotgun) 10-M.Jones pass short right to 35-P.Strong to NE 49 for 5 yards (95-Z.Carter; 96-C.Sample).,1.249,0.056
2022,16,December 24,home,Cincinnati Bengals,https://www.pro-football-reference.com/boxscores/202212240nwe.htm,2,02:57,3,5,NE 49,0,15,(2:57) (Shotgun) 10-M.Jones sacked at NE 44 for -5 yards (96-C.Sample).,1.305,-1.342
2022,16,December 24,home,Cincinnati Bengals,https://www.pro-football-reference.com/boxscores/202212240nwe.htm,2,02:23,4,10,NE 44,0,15,"(2:23) 17-M.Palardy punts 36 yards to CIN 20, Center-46-T.Addington, fair catch by 11-T.Taylor.",-0.037,-0.656
2022,16,December 24,home,Cincinnati Bengals,https://www.pro-football-reference.com/boxscores/202212240nwe.htm,2,02:16,1,10,CIN 20,0,15,(2:16) (Shotgun) 9-J.Burrow pass short left to 1-J.Chase to CIN 31 for 11 yards (31-Jo.Jones).,0.694,0.420
2022,16,December 24,home,Cincinnati Bengals,https://www.pro-football-reference.com/boxscores/202212240nwe.htm,2,02:00,1,10,CIN 31,0,15,(2:00) (Shotgun) 9-J.Burrow pass short right to 84-M.Wilcox to CIN 30 for -1 yards (25-Ma.Jones).,1.114,-0.452
2022,16,December 24,home,Cincinnati Bengals,https://www.pro-football-reference.com/boxscores/202212240nwe.htm,2,01:42,2,11,CIN 30,0,15,"(1:42) (No Huddle, Shotgun) 9-J.Burrow pass short middle to 34-S.Perine to CIN 40 for 10 yards (8-J.Bentley).",0.662,0.504
2022,16,December 24,home,Cincinnati Bengals,https://www.pro-football-reference.com/boxscores/202212240nwe.htm,2,01:18,3,1,CIN 40,0,15,"(1:18) (No Huddle, Shotgun) 9-J.Burrow pass short middle to 84-M.Wilcox to 50 for 10 yards (23-K.Dugger; 27-M.Bryant). PENALTY on NE-23-K.Dugger, Face Mask, 15 yards, enforced at 50.",1.166,1.711
2022,16,December 24,home,Cincinnati Bengals,https://www.pro-football-reference.com/boxscores/202212240nwe.htm,2,01:10,1,10,NE 35,0,15,"(1:10) (No Huddle, Shotgun) 9-J.Burrow pass short left to 83-T.Boyd pushed ob at NE 33 for 2 yards (31-Jo.Jones).",2.877,-0.080
2022,16,December 24,home,Cincinnati Bengals,https://www.pro-football-reference.com/boxscores/202212240nwe.htm,2,01:04,2,8,NE 33,0,15,(1:04) (Shotgun) 9-J.Burrow pass incomplete short left to 34-S.Perine.,2.797,-0.589
2022,16,December 24,home,Cincinnati Bengals,https://www.pro-football-reference.com/boxscores/202212240nwe.htm,2,01:00,,,NE 33,0,15,Timeout #2 by NE at 01:00.,2.208,0.000
2022,16,December 24,home,Cincinnati Bengals,https://www.pro-football-reference.com/boxscores/202212240nwe.htm,2,01:00,3,8,NE 33,0,15,(1:00) (Shotgun) 9-J.Burrow pass short middle to 83-T.Boyd to NE 24 for 9 yards (8-J.Bentley).,2.208,1.149
2022,16,December 24,home,Cincinnati Bengals,https://www.pro-football-reference.com/boxscores/202212240nwe.htm,2,00:42,1,10,NE 24,0,15,"(:42) (No Huddle, Shotgun) 9-J.Burrow pass short left to 34-S.Perine to NE 20 for 4 yards (8-J.Bentley).",3.358,0.036
2022,16,December 24,home,Cincinnati Bengals,https://www.pro-football-reference.com/boxscores/202212240nwe.htm,2,00:35,,,NE 20,0,15,Timeout #2 by CIN at 00:35.,3.394,0.000
2022,16,December 24,home,Cincinnati Bengals,https://www.pro-football-reference.com/boxscores/202212240nwe.htm,2,00:35,2,6,NE 20,0,15,"(:35) (Shotgun) 9-J.Burrow pass short right to 85-T.Higgins to NE 4 for 16 yards (25-Ma.Jones, 27-M.Bryant).",3.394,1.975
2022,16,December 24,home,Cincinnati Bengals,https://www.pro-football-reference.com/boxscores/202212240nwe.htm,2,00:29,,,NE 4,0,15,Timeout #3 by CIN at 00:29.,5.369,0.000
2022,16,December 24,home,Cincinnati Bengals,https://www.pro-football-reference.com/boxscores/202212240nwe.htm,2,00:29,1,4,NE 4,0,15,(:29) (Shotgun) 9-J.Burrow pass incomplete short left to 85-T.Higgins.,5.369,-0.687
2022,16,December 24,home,Cincinnati Bengals,https://www.pro-football-reference.com/boxscores/202212240nwe.htm,2,00:25,2,4,NE 4,0,15,(:25) (Shotgun) 9-J.Burrow pass incomplete short middle. thrown away from outside the pocket,4.681,-0.934
2022,16,December 24,home,Cincinnati Bengals,https://www.pro-football-reference.com/boxscores/202212240nwe.htm,2,00:19,3,4,NE 4,0,21,"(:19) (Shotgun) 9-J.Burrow pass short right to 16-T.Irwin for 4 yards, TOUCHDOWN.",3.747,3.253
2022,16,December 24,home,Cincinnati Bengals,https://www.pro-football-reference.com/boxscores/202212240nwe.htm,2,00:14,,,NE 15,0,22,"2-E.McPherson extra point is GOOD, Center-48-C.Adomitis, Holder-4-D.Chrisman.",0.932,0.068
2022,16,December 24,home,Cincinnati Bengals,https://www.pro-football-reference.com/boxscores/202212240nwe.htm,2,00:14,,,CIN 35,0,22,2-E.McPherson kicks 66 yards from CIN 35 to NE -1. 35-P.Strong to NE 25 for 26 yards (31-M.Thomas).,0.045,-0.009
2022,16,December 24,home,Cincinnati Bengals,https://www.pro-football-reference.com/boxscores/202212240nwe.htm,2,00:08,1,10,NE 25,0,22,(:08) (Shotgun) 10-M.Jones pass short middle to 16-J.Meyers to NE 36 for 11 yards (96-C.Sample).,0.036,-0.036
2022,16,December 24,home,Cincinnati Bengals,https://www.pro-football-reference.com/boxscores/202212240nwe.htm,2,00:04,,,NE 36,0,22,Timeout #3 by NE at 00:04.,0.000,0.000
2022,16,December 24,home,Cincinnati Bengals,https://www.pro-football-reference.com/boxscores/202212240nwe.htm,2,00:04,1,10,NE 36,0,22,(:04) 10-M.Jones kneels to NE 35 for -1 yards.,0.000,0.000
2022,16,December 24,home,Cincinnati Bengals,https://www.pro-football-reference.com/boxscores/202212240nwe.htm,3,15:00,,,CIN 35,0,22,2-E.McPherson kicks 60 yards from CIN 35 to NE 5. 25-Ma.Jones to NE 24 for 19 yards (51-M.Bailey; 49-J.Bachie).,1.474,-0.297
2022,16,December 24,home,Cincinnati Bengals,https://www.pro-football-reference.com/boxscores/202212240nwe.htm,3,14:55,1,10,NE 24,0,22,"(14:55) (Shotgun) 10-M.Jones pass short right to 38-R.Stevenson to NE 28 for 4 yards (55-L.Wilson). FUMBLES (55-L.Wilson), ball out of bounds at NE 35.",1.177,0.037
2022,16,December 24,home,Cincinnati Bengals,https://www.pro-football-reference.com/boxscores/202212240nwe.htm,3,14:18,2,6,NE 28,0,22,"(14:18) (Shotgun) 10-M.Jones pass incomplete short right to 15-N.Agholor. PENALTY on CIN-29-C.Taylor-Britt, Defensive Pass Interference, 11 yards, enforced at NE 28 - No Play.",1.214,1.193
2022,16,December 24,home,Cincinnati Bengals,https://www.pro-football-reference.com/boxscores/202212240nwe.htm,3,14:13,1,10,NE 39,0,22,(14:13) (Shotgun) 10-M.Jones pass incomplete deep right to 11-T.Thornton.,2.407,-0.509
2022,16,December 24,home,Cincinnati Bengals,https://www.pro-football-reference.com/boxscores/202212240nwe.htm,3,14:06,2,10,NE 39,0,22,(14:06) 38-R.Stevenson left end to NE 39 for no gain (55-L.Wilson).,1.898,-0.816
2022,16,December 24,home,Cincinnati Bengals,https://www.pro-football-reference.com/boxscores/202212240nwe.htm,3,13:29,3,10,NE 39,0,22,(13:29) (Shotgun) 10-M.Jones pass incomplete deep right to 84-K.Bourne (29-C.Taylor-Britt).,1.082,-1.515
2022,16,December 24,home,Cincinnati Bengals,https://www.pro-football-reference.com/boxscores/202212240nwe.htm,3,13:22,4,10,NE 39,0,22,"(13:22) 17-M.Palardy punts 52 yards to CIN 9, Center-46-T.Addington. 11-T.Taylor pushed ob at CIN 19 for 10 yards (3-J.Peppers).",-0.433,0.061
2022,16,December 24,home,Cincinnati Bengals,https://www.pro-football-reference.com/boxscores/202212240nwe.htm,3,13:10,1,10,CIN 19,0,22,(13:10) (Shotgun) 28-J.Mixon right end to CIN 38 for 19 yards (25-Ma.Jones).,0.373,1.304
2022,16,December 24,home,Cincinnati Bengals,https://www.pro-football-reference.com/boxscores/202212240nwe.htm,3,12:33,1,10,CIN 38,0,22,"(12:33) (Shotgun) 9-J.Burrow pass short left to 1-J.Chase to CIN 46 for 8 yards (31-Jo.Jones, 48-J.Tavai).",1.677,0.696
2022,16,December 24,home,Cincinnati Bengals,https://www.pro-football-reference.com/boxscores/202212240nwe.htm,3,11:57,2,2,CIN 46,0,22,(11:57) (Shotgun) 28-J.Mixon left tackle to CIN 49 for 3 yards (91-D.Wise).,2.373,0.101
2022,16,December 24,home,Cincinnati Bengals,https://www.pro-football-reference.com/boxscores/202212240nwe.htm,3,11:21,1,10,CIN 49,0,22,(11:21) 74-M.Scharping reported in as eligible.  34-S.Perine up the middle to NE 49 for 2 yards (9-M.Judon).,2.474,-0.457
2022,16,December 24,home,Cincinnati Bengals,https://www.pro-football-reference.com/boxscores/202212240nwe.htm,3,10:47,2,8,NE 49,0,22,(10:47) (Shotgun) 9-J.Burrow pass short left to 85-T.Higgins to NE 42 for 7 yards (31-Jo.Jones).,2.016,0.527
2022,16,December 24,home,Cincinnati Bengals,https://www.pro-football-reference.com/boxscores/202212240nwe.htm,3,10:10,3,1,NE 42,0,22,(10:10) 74-M.Scharping reported in as eligible.  9-J.Burrow up the middle to NE 42 for no gain (48-J.Tavai; 58-A.Jennings).,2.544,-1.720
2022,16,December 24,home,Cincinnati Bengals,https://www.pro-football-reference.com/boxscores/202212240nwe.htm,3,10:02,4,1,NE 42,0,22,"(10:02) (Run formation) PENALTY on CIN, Delay of Game, 6 yards, enforced at NE 42 - No Play.",0.823,-1.240
2022,16,December 24,home,Cincinnati Bengals,https://www.pro-football-reference.com/boxscores/202212240nwe.htm,3,09:14,4,7,NE 48,0,22,"(9:14) 4-D.Chrisman punts 36 yards to NE 12, Center-48-C.Adomitis, fair catch by 25-Ma.Jones.",-0.417,-0.070
2022,16,December 24,home,Cincinnati Bengals,https://www.pro-football-reference.com/boxscores/202212240nwe.htm,3,09:06,1,10,NE 12,0,22,(9:06) (Shotgun) 10-M.Jones sacked at NE 2 for -10 yards (68-J.Tupou).,0.487,-1.719
2022,16,December 24,home,Cincinnati Bengals,https://www.pro-football-reference.com/boxscores/202212240nwe.htm,3,08:27,2,20,NE 2,0,22,(8:27) 72-Y.Cajuste reported in as eligible.  10-M.Jones pass short right to 16-J.Meyers to NE 8 for 6 yards (57-G.Pratt).,-1.232,-0.430
2022,16,December 24,home,Cincinnati Bengals,https://www.pro-football-reference.com/boxscores/202212240nwe.htm,3,07:46,3,14,NE 8,0,22,(7:46) (Shotgun) 10-M.Jones pass short right to 81-J.Smith to NE 16 for 8 yards (59-A.Davis-Gaither).,-1.662,-0.264
2022,16,December 24,home,Cincinnati Bengals,https://www.pro-football-reference.com/boxscores/202212240nwe.htm,3,07:12,4,6,NE 16,0,22,"(7:12) 17-M.Palardy punts 46 yards to CIN 38, Center-46-T.Addington. 11-T.Taylor to CIN 45 for 7 yards (18-M.Slater).",-1.926,-0.233
2022,16,December 24,home,Cincinnati Bengals,https://www.pro-football-reference.com/boxscores/202212240nwe.htm,3,07:00,1,10,CIN 45,0,22,(7:00) (Shotgun) 9-J.Burrow pass short left to 86-D.Asiasi to CIN 44 for -1 yards (23-K.Dugger).,2.159,-0.748
2022,16,December 24,home,Cincinnati Bengals,https://www.pro-football-reference.com/boxscores/202212240nwe.htm,3,06:24,2,11,CIN 44,0,22,(6:24) (Shotgun) 9-J.Burrow pass short right to 1-J.Chase pushed ob at NE 41 for 15 yards (25-Ma.Jones).,1.411,1.770
2022,16,December 24,home,Cincinnati Bengals,https://www.pro-football-reference.com/boxscores/202212240nwe.htm,3,05:50,1,10,NE 41,0,22,(5:50) (Shotgun) 9-J.Burrow pass short right to 28-J.Mixon pushed ob at NE 35 for 6 yards (27-M.Bryant).,3.181,0.194
2022,16,December 24,home,Cincinnati Bengals,https://www.pro-football-reference.com/boxscores/202212240nwe.htm,3,05:10,2,4,NE 35,0,22,(5:10) 28-J.Mixon up the middle to NE 32 for 3 yards (9-M.Judon).,3.375,-0.063
2022,16,December 24,home,Cincinnati Bengals,https://www.pro-football-reference.com/boxscores/202212240nwe.htm,3,04:29,3,1,NE 32,0,22,"(4:29) 74-M.Scharping reported in as eligible.  9-J.Burrow pass short right to 28-J.Mixon to NE 30 for 2 yards (91-D.Wise; 98-Ca.Davis). PENALTY on CIN-74-M.Scharping, Offensive Holding, 10 yards, enforced at NE 32 - No Play.",3.312,-2.114
2022,16,December 24,home,Cincinnati Bengals,https://www.pro-football-reference.com/boxscores/202212240nwe.htm,3,04:05,3,11,NE 42,6,22,"(4:05) (Shotgun) 9-J.Burrow pass short right intended for 1-J.Chase INTERCEPTED by 25-Ma.Jones at NE 31. 25-Ma.Jones for 69 yards, TOUCHDOWN. NE-9-M.Judon was injured during the play.  6th defensive TD of season for NE, ties franchise record. NE 3rd straight game with a defensive TD, 1st time since 2004.",1.198,-8.198
2022,16,December 24,home,Cincinnati Bengals,https://www.pro-football-reference.com/boxscores/202212240nwe.htm,3,03:51,,,CIN 15,6,22,"6-N.Folk extra point is No Good, Wide Right, Center-46-T.Addington, Holder-17-M.Palardy.",0.932,-0.932
2022,16,December 24,home,Cincinnati Bengals,https://www.pro-football-reference.com/boxscores/202212240nwe.htm,3,03:51,,,NE 35,6,22,14-T.Vizcaino kicks 58 yards from NE 35 to CIN 7. 32-T.Williams pushed ob at CIN 40 for 33 yards (31-Jo.Jones).,0.868,0.920
2022,16,December 24,home,Cincinnati Bengals,https://www.pro-football-reference.com/boxscores/202212240nwe.htm,3,03:45,1,10,CIN 40,6,22,(3:45) (Shotgun) 9-J.Burrow pass short left to 84-M.Wilcox to CIN 45 for 5 yards (3-J.Peppers).,1.787,0.126
2022,16,December 24,home,Cincinnati Bengals,https://www.pro-football-reference.com/boxscores/202212240nwe.htm,3,03:10,2,5,CIN 45,6,22,(3:10) (Shotgun) 9-J.Burrow pass incomplete short middle to 28-J.Mixon. CIN-28-J.Mixon was injured during the play.,1.913,-0.893
2022,16,December 24,home,Cincinnati Bengals,https://www.pro-football-reference.com/boxscores/202212240nwe.htm,3,03:05,3,5,CIN 45,6,22,(3:05) (Shotgun) 9-J.Burrow pass incomplete short middle. thrown away from outside the pocket,1.020,-1.578
2022,16,December 24,home,Cincinnati Bengals,https://www.pro-football-reference.com/boxscores/202212240nwe.htm,3,03:02,4,5,CIN 45,6,22,"(3:02) 4-D.Chrisman punts 43 yards to NE 12, Center-48-C.Adomitis. 25-Ma.Jones to NE 23 for 11 yards (48-C.Adomitis).",-0.558,-0.468
2022,16,December 24,home,Cincinnati Bengals,https://www.pro-football-reference.com/boxscores/202212240nwe.htm,3,02:51,1,10,NE 23,6,22,(2:51) (Shotgun) 10-M.Jones pass short left to 16-J.Meyers pushed ob at NE 26 for 3 yards (21-M.Hilton).,1.027,-0.119
2022,16,December 24,home,Cincinnati Bengals,https://www.pro-football-reference.com/boxscores/202212240nwe.htm,3,02:25,2,7,NE 26,6,22,"(2:25) (No Huddle, Shotgun) 10-M.Jones pass short middle to 16-J.Meyers to NE 37 for 11 yards (29-C.Taylor-Britt).",0.908,1.239
2022,16,December 24,home,Cincinnati Bengals,https://www.pro-football-reference.com/boxscores/202212240nwe.htm,3,01:47,1,10,NE 37,6,22,"(1:47) (No Huddle, Shotgun) 10-M.Jones sacked at NE 36 for -1 yards (sack split by 95-Z.Carter and 58-J.Ossai).",2.147,-0.806
2022,16,December 24,home,Cincinnati Bengals,https://www.pro-football-reference.com/boxscores/202212240nwe.htm,3,01:02,2,11,NE 36,6,22,(1:02) (Shotgun) 10-M.Jones pass short right to 81-J.Smith to NE 40 for 4 yards (55-L.Wilson).,1.341,-0.388
2022,16,December 24,home,Cincinnati Bengals,https://www.pro-football-reference.com/boxscores/202212240nwe.htm,3,00:13,3,7,NE 40,6,22,(:13) (Shotgun) 10-M.Jones pass deep right to 84-K.Bourne pushed ob at CIN 41 for 19 yards (29-C.Taylor-Britt).,0.953,2.401
2022,16,December 24,home,Cincinnati Bengals,https://www.pro-football-reference.com/boxscores/202212240nwe.htm,4,15:00,1,10,CIN 41,6,22,(15:00) (Shotgun) 10-M.Jones pass incomplete deep left to 84-K.Bourne (20-E.Apple).,3.353,-0.557
2022,16,December 24,home,Cincinnati Bengals,https://www.pro-football-reference.com/boxscores/202212240nwe.htm,4,14:53,2,10,CIN 41,6,22,(14:53) (Shotgun) 10-M.Jones pass incomplete short right to 81-J.Smith (57-G.Pratt). NE-81-J.Smith was injured during the play.,2.796,-0.859
2022,16,December 24,home,Cincinnati Bengals,https://www.pro-football-reference.com/boxscores/202212240nwe.htm,4,14:49,3,10,CIN 41,6,22,(14:49) (Shotgun) 10-M.Jones pass deep middle to 84-K.Bourne to CIN 9 for 32 yards (30-J.Bates; 21-M.Hilton).,1.936,3.322
2022,16,December 24,home,Cincinnati Bengals,https://www.pro-football-reference.com/boxscores/202212240nwe.htm,4,14:23,1,9,CIN 9,6,22,"(14:23) (No Huddle, Shotgun) 38-R.Stevenson left guard to CIN 5 for 4 yards (55-L.Wilson).",5.259,0.147
2022,16,December 24,home,Cincinnati Bengals,https://www.pro-football-reference.com/boxscores/202212240nwe.htm,4,13:44,2,5,CIN 5,6,22,(13:44) 72-Y.Cajuste reported in as eligible.  38-R.Stevenson up the middle to CIN 5 for no gain (96-C.Sample; 98-D.Reader).,5.406,-1.003
2022,16,December 24,home,Cincinnati Bengals,https://www.pro-football-reference.com/boxscores/202212240nwe.htm,4,13:06,3,5,CIN 5,12,22,"(13:06) (Shotgun) 10-M.Jones pass short right to 84-K.Bourne for 5 yards, TOUCHDOWN.",4.403,2.597
2022,16,December 24,home,Cincinnati Bengals,https://www.pro-football-reference.com/boxscores/202212240nwe.htm,4,12:58,,,CIN 2,12,22,TWO-POINT CONVERSION ATTEMPT. 10-M.Jones pass to 16-J.Meyers is incomplete. ATTEMPT FAILS.,0.947,-0.947
2022,16,December 24,home,Cincinnati Bengals,https://www.pro-football-reference.com/boxscores/202212240nwe.htm,4,12:58,,,NE 35,12,22,14-T.Vizcaino kicks 62 yards from NE 35 to CIN 3. 32-T.Williams to CIN 27 for 24 yards (48-J.Tavai).,0.999,0.079
2022,16,December 24,home,Cincinnati Bengals,https://www.pro-football-reference.com/boxscores/202212240nwe.htm,4,12:52,1,10,CIN 27,12,22,(12:52) (Shotgun) 9-J.Burrow pass deep right to 85-T.Higgins to NE 42 for 31 yards (25-Ma.Jones).,1.078,1.881
2022,16,December 24,home,Cincinnati Bengals,https://www.pro-football-reference.com/boxscores/202212240nwe.htm,4,12:08,1,10,NE 42,12,22,(12:08) 28-J.Mixon right tackle to NE 39 for 3 yards (8-J.Bentley; 98-Ca.Davis).,2.959,-0.261
2022,16,December 24,home,Cincinnati Bengals,https://www.pro-football-reference.com/boxscores/202212240nwe.htm,4,11:30,2,7,NE 39,12,22,(11:30) (Shotgun) 28-J.Mixon left tackle to NE 34 for 5 yards (50-R.McMillan). NE-9-M.Judon was injured during the play.,2.698,0.145
2022,16,December 24,home,Cincinnati Bengals,https://www.pro-football-reference.com/boxscores/202212240nwe.htm,4,11:03,3,2,NE 34,12,22,"(11:03) (Shotgun) 28-J.Mixon left guard to NE 31 for 3 yards (21-A.Phillips, 95-D.Ekuale).",2.843,0.927
2022,16,December 24,home,Cincinnati Bengals,https://www.pro-football-reference.com/boxscores/202212240nwe.htm,4,10:22,1,10,NE 31,12,22,(10:22) (Shotgun) 9-J.Burrow pass short left to 28-J.Mixon pushed ob at NE 27 for 4 yards (31-Jo.Jones).,3.769,-0.045
2022,16,December 24,home,Cincinnati Bengals,https://www.pro-football-reference.com/boxscores/202212240nwe.htm,4,09:51,2,6,NE 27,12,22,"(9:51) 28-J.Mixon up the middle to NE 25 for 2 yards (90-C.Barmore, 8-J.Bentley).",3.725,-0.299
2022,16,December 24,home,Cincinnati Bengals,https://www.pro-football-reference.com/boxscores/202212240nwe.htm,4,09:16,3,4,NE 25,12,22,(9:16) (Shotgun) 9-J.Burrow pass incomplete deep middle to 16-T.Irwin.,3.426,-1.310
2022,16,December 24,home,Cincinnati Bengals,https://www.pro-football-reference.com/boxscores/202212240nwe.htm,4,09:10,4,4,NE 25,12,22,"(9:10) 2-E.McPherson 43 yard field goal is No Good, Wide Left, Center-48-C.Adomitis, Holder-4-D.Chrisman.",2.116,-3.727
2022,16,December 24,home,Cincinnati Bengals,https://www.pro-football-reference.com/boxscores/202212240nwe.htm,4,09:06,1,10,NE 33,12,22,"(9:06) (Shotgun) 10-M.Jones pass short middle to 11-T.Thornton to NE 41 for 8 yards (24-V.Bell, 55-L.Wilson).",1.611,0.547
2022,16,December 24,home,Cincinnati Bengals,https://www.pro-football-reference.com/boxscores/202212240nwe.htm,4,08:28,2,2,NE 41,12,22,"(8:28) (No Huddle, Shotgun) 10-M.Jones pass short middle to 84-K.Bourne to NE 42 for 1 yard (55-L.Wilson).",2.158,-0.191
2022,16,December 24,home,Cincinnati Bengals,https://www.pro-football-reference.com/boxscores/202212240nwe.htm,4,07:50,3,1,NE 42,12,22,"(7:50) 38-R.Stevenson up the middle to NE 43 for 1 yard (30-J.Bates, 55-L.Wilson).",1.967,0.286
2022,16,December 24,home,Cincinnati Bengals,https://www.pro-football-reference.com/boxscores/202212240nwe.htm,4,07:10,1,10,NE 43,12,22,"(7:10) (No Huddle, Shotgun) 10-M.Jones pass incomplete deep right to 84-K.Bourne. New England challenged the incomplete pass ruling, and the play was REVERSED. (No Huddle, Shotgun) 10-M.Jones pass deep right to 84-K.Bourne pushed ob at CIN 29 for 28 yards (24-V.Bell).",2.253,1.659
2022,16,December 24,home,Cincinnati Bengals,https://www.pro-football-reference.com/boxscores/202212240nwe.htm,4,06:59,1,10,CIN 29,12,22,(6:59) (Shotgun) 10-M.Jones pass short middle to 38-R.Stevenson to CIN 30 for -1 yards (21-M.Hilton).,3.912,-0.789
2022,16,December 24,home,Cincinnati Bengals,https://www.pro-football-reference.com/boxscores/202212240nwe.htm,4,06:18,2,11,CIN 30,12,22,"(6:18) (Shotgun) 10-M.Jones pass incomplete short right [24-V.Bell]. PENALTY on NE-10-M.Jones, Intentional Grounding, 13 yards, enforced at CIN 30. Cincinnati challenged the incomplete pass ruling, and the play was Upheld. The ruling on the field stands. (Timeout #1.)",3.123,-1.856
2022,16,December 24,home,Cincinnati Bengals,https://www.pro-football-reference.com/boxscores/202212240nwe.htm,4,06:13,3,24,CIN 43,12,22,"(6:13) (Shotgun) PENALTY on NE-77-T.Brown, False Start, 5 yards, enforced at CIN 43 - No Play.",1.267,-0.225
2022,16,December 24,home,Cincinnati Bengals,https://www.pro-football-reference.com/boxscores/202212240nwe.htm,4,06:13,3,29,CIN 48,18,22,"(6:13) (Shotgun) 10-M.Jones pass deep right to 16-J.Meyers for 48 yards, TOUCHDOWN. CIN-92-B.Hill was injured during the play.  ball was tipped by NE 88-Washington",1.042,5.958
2022,16,December 24,home,Cincinnati Bengals,https://www.pro-football-reference.com/boxscores/202212240nwe.htm,4,06:02,,,CIN 15,18,22,"6-N.Folk extra point is No Good, Wide Right, Center-46-T.Addington, Holder-17-M.Palardy.",0.932,-0.932
2022,16,December 24,home,Cincinnati Bengals,https://www.pro-football-reference.com/boxscores/202212240nwe.htm,4,06:02,,,NE 35,18,22,14-T.Vizcaino kicks 60 yards from NE 35 to CIN 5. 32-T.Williams to CIN 25 for 20 yards (18-M.Slater).,0.704,-0.050
2022,16,December 24,home,Cincinnati Bengals,https://www.pro-football-reference.com/boxscores/202212240nwe.htm,4,05:56,1,10,CIN 25,18,22,(5:56) (Shotgun) 9-J.Burrow pass short left to 84-M.Wilcox to CIN 32 for 7 yards (31-Jo.Jones).,0.654,0.408
2022,16,December 24,home,Cincinnati Bengals,https://www.pro-football-reference.com/boxscores/202212240nwe.htm,4,05:23,2,3,CIN 32,18,22,(5:23) (Shotgun) 9-J.Burrow pass short right to 1-J.Chase to CIN 37 for 5 yards (25-Ma.Jones; 27-M.Bryant).,1.063,0.338
2022,16,December 24,home,Cincinnati Bengals,https://www.pro-football-reference.com/boxscores/202212240nwe.htm,4,04:41,1,10,CIN 37,18,22,"(4:41) (Shotgun) 9-J.Burrow pass short right to 28-J.Mixon to CIN 42 for 5 yards (25-Ma.Jones, 48-J.Tavai).",1.401,-0.077
2022,16,December 24,home,Cincinnati Bengals,https://www.pro-football-reference.com/boxscores/202212240nwe.htm,4,03:56,2,5,CIN 42,18,22,(3:56) (Shotgun) 28-J.Mixon up the middle to CIN 44 for 2 yards (27-M.Bryant).,1.324,-0.348
2022,16,December 24,home,Cincinnati Bengals,https://www.pro-football-reference.com/boxscores/202212240nwe.htm,4,03:19,3,3,CIN 44,18,22,"(3:19) (Shotgun) 9-J.Burrow pass short right to 1-J.Chase to CIN 41 for -3 yards (9-M.Judon). FUMBLES (9-M.Judon), RECOVERED by NE-25-Ma.Jones at CIN 43. 25-Ma.Jones to CIN 43 for no gain (1-J.Chase). NE-25-Ma.Jones was injured during the play.",0.976,-3.670
2022,16,December 24,home,Cincinnati Bengals,https://www.pro-football-reference.com/boxscores/202212240nwe.htm,4,03:12,1,10,CIN 43,18,22,"(3:12) (Shotgun) 10-M.Jones pass incomplete short left to 11-T.Thornton. PENALTY on CIN-20-E.Apple, Defensive Holding, 5 yards, enforced at CIN 43 - No Play.",2.694,0.376
2022,16,December 24,home,Cincinnati Bengals,https://www.pro-football-reference.com/boxscores/202212240nwe.htm,4,03:08,1,10,CIN 38,18,22,(3:08) (Shotgun) 38-R.Stevenson up the middle to CIN 31 for 7 yards (96-C.Sample).,3.070,0.333
2022,16,December 24,home,Cincinnati Bengals,https://www.pro-football-reference.com/boxscores/202212240nwe.htm,4,02:30,2,3,CIN 31,18,22,(2:30) (Shotgun) 10-M.Jones pass short right to 25-Ma.Jones to CIN 16 for 15 yards (29-C.Taylor-Britt).,3.403,1.124
2022,16,December 24,home,Cincinnati Bengals,https://www.pro-football-reference.com/boxscores/202212240nwe.htm,4,02:00,1,10,CIN 16,18,22,(2:00) (Shotgun) 38-R.Stevenson up the middle to CIN 9 for 7 yards (24-V.Bell; 92-B.Hill).,4.527,0.090
2022,16,December 24,home,Cincinnati Bengals,https://www.pro-football-reference.com/boxscores/202212240nwe.htm,4,01:50,,,CIN 9,18,22,Timeout #2 by CIN at 01:50.,4.617,0.000
2022,16,December 24,home,Cincinnati Bengals,https://www.pro-football-reference.com/boxscores/202212240nwe.htm,4,01:50,2,3,CIN 9,18,22,"(1:50) (Shotgun) 38-R.Stevenson left guard to CIN 5 for 4 yards (21-M.Hilton). The Replay Official reviewed the first down ruling, and the play was REVERSED. (Shotgun) 38-R.Stevenson left guard to CIN 7 for 2 yards (21-M.Hilton).",4.617,-0.662
2022,16,December 24,home,Cincinnati Bengals,https://www.pro-football-reference.com/boxscores/202212240nwe.htm,4,01:47,,,CIN 7,18,22,Timeout #3 by CIN at 01:47.,3.955,0.000
2022,16,December 24,home,Cincinnati Bengals,https://www.pro-football-reference.com/boxscores/202212240nwe.htm,4,01:47,3,1,CIN 7,18,22,(1:47) 38-R.Stevenson left guard to CIN 5 for 2 yards (57-G.Pratt).,3.955,0.908
2022,16,December 24,home,Cincinnati Bengals,https://www.pro-football-reference.com/boxscores/202212240nwe.htm,4,01:05,1,5,CIN 5,18,22,"(1:05) (Shotgun) 38-R.Stevenson up the middle to CIN 8 for -3 yards (24-V.Bell). FUMBLES (24-V.Bell), RECOVERED by CIN-92-B.Hill at CIN 8. PENALTY on NE-10-M.Jones, Unnecessary Roughness, 15 yards, enforced at CIN 8.",4.863,-5.246
2022,16,December 24,home,Cincinnati Bengals,https://www.pro-football-reference.com/boxscores/202212240nwe.htm,4,00:59,1,10,CIN 23,18,22,"(:59) 74-M.Scharping reported in as eligible.  PENALTY on CIN-74-M.Scharping, False Start, 5 yards, enforced at CIN 23 - No Play.",0.383,-0.180
2022,16,December 24,home,Cincinnati Bengals,https://www.pro-football-reference.com/boxscores/202212240nwe.htm,4,00:59,1,15,CIN 18,18,22,(:59) 74-M.Scharping reported in as eligible.  28-J.Mixon left guard to CIN 22 for 4 yards (92-D.Godchaux).,0.203,0.094
2022,16,December 24,home,Cincinnati Bengals,https://www.pro-football-reference.com/boxscores/202212240nwe.htm,4,00:55,,,CIN 22,18,22,Timeout #1 by NE at 00:55.,0.297,0.000
2022,16,December 24,home,Cincinnati Bengals,https://www.pro-football-reference.com/boxscores/202212240nwe.htm,4,00:55,2,11,CIN 22,18,22,(:55) 28-J.Mixon right guard to CIN 24 for 2 yards (58-A.Jennings).,0.297,-0.162
2022,16,December 24,home,Cincinnati Bengals,https://www.pro-football-reference.com/boxscores/202212240nwe.htm,4,00:52,,,CIN 24,18,22,Timeout #2 by NE at 00:52.,0.135,0.000
2022,16,December 24,home,Cincinnati Bengals,https://www.pro-football-reference.com/boxscores/202212240nwe.htm,4,00:52,3,9,CIN 24,18,22,(:52) 74-M.Scharping reported in as eligible.  28-J.Mixon up the middle to CIN 25 for 1 yard (3-J.Peppers).,0.135,-0.337
2022,16,December 24,home,Cincinnati Bengals,https://www.pro-football-reference.com/boxscores/202212240nwe.htm,4,00:48,,,CIN 25,18,22,Timeout #3 by NE at 00:48.,-0.202,0.000
2022,16,December 24,home,Cincinnati Bengals,https://www.pro-football-reference.com/boxscores/202212240nwe.htm,4,00:48,4,8,CIN 25,18,22,"(:48) 4-D.Chrisman punts 48 yards to NE 27, Center-48-C.Adomitis. 25-Ma.Jones MUFFS catch, ball out of bounds at NE 24.",-0.202,-0.005
2022,16,December 24,home,Cincinnati Bengals,https://www.pro-football-reference.com/boxscores/202212240nwe.htm,4,00:41,1,10,NE 24,18,22,(:41) (Shotgun) 10-M.Jones pass short right to 84-K.Bourne to NE 39 for 15 yards (29-C.Taylor-Britt). NE 84-Bourne 1st career 100-yard game.,0.206,0.249
2022,16,December 24,home,Cincinnati Bengals,https://www.pro-football-reference.com/boxscores/202212240nwe.htm,4,00:25,1,10,NE 39,18,22,(:25) (No Huddle) 10-M.Jones spiked the ball to stop the clock.,0.455,-0.105
2022,16,December 24,home,Cincinnati Bengals,https://www.pro-football-reference.com/boxscores/202212240nwe.htm,4,00:24,2,10,NE 39,18,22,(:24) (Shotgun) 10-M.Jones pass incomplete short left to 38-R.Stevenson.,0.351,-0.133
2022,16,December 24,home,Cincinnati Bengals,https://www.pro-football-reference.com/boxscores/202212240nwe.htm,4,00:19,3,10,NE 39,18,22,(:19) (Shotgun) 10-M.Jones pass incomplete short right to 38-R.Stevenson.,0.218,-0.202
2022,16,December 24,home,Cincinnati Bengals,https://www.pro-football-reference.com/boxscores/202212240nwe.htm,4,00:15,4,10,NE 39,18,22,"(:15) (Shotgun) PENALTY on NE, Delay of Game, 5 yards, enforced at NE 39 - No Play.",0.015,-0.043
2022,16,December 24,home,Cincinnati Bengals,https://www.pro-football-reference.com/boxscores/202212240nwe.htm,4,00:15,4,15,NE 34,18,22,"(:15) (Shotgun) 10-M.Jones pass incomplete deep right to 11-T.Thornton (29-C.Taylor-Britt). Penalty on NE-60-D.Andrews, Ineligible Downfield Pass, declined.",-0.028,-1.331
2022,16,December 24,home,Cincinnati Bengals,https://www.pro-football-reference.com/boxscores/202212240nwe.htm,4,00:09,1,10,NE 34,18,22,(:09) 9-J.Burrow kneels to NE 35 for -1 yards.,1.359,-1.359
2022,17,January 1,home,Miami Dolphins,https://www.pro-football-reference.com/boxscores/202301010nwe.htm,1,15:00,,,NE 35,0,0,6-N.Folk kicks 63 yards from NE 35 to MIA 2. 31-R.Mostert to MIA 23 for 21 yards (21-A.Phillips; 30-M.Wilson).,0.770,-0.276
2022,17,January 1,home,Miami Dolphins,https://www.pro-football-reference.com/boxscores/202301010nwe.htm,1,14:55,1,10,MIA 23,0,0,"(14:55) 31-R.Mostert left end to MIA 25 for 2 yards (93-L.Guy, 8-J.Bentley). NE 32-D.McCourty 204th game, t-5th in franchise history (Gostkowski).",0.495,-0.313
2022,17,January 1,home,Miami Dolphins,https://www.pro-football-reference.com/boxscores/202301010nwe.htm,1,14:17,2,8,MIA 25,0,0,(14:17) (Shotgun) 5-T.Bridgewater pass short middle to 10-T.Hill to MIA 40 for 15 yards (32-D.McCourty).,0.182,1.587
2022,17,January 1,home,Miami Dolphins,https://www.pro-football-reference.com/boxscores/202301010nwe.htm,1,13:38,1,10,MIA 40,0,0,"(13:38) 31-R.Mostert left guard to MIA 42 for 2 yards (8-J.Bentley, 3-J.Peppers).",1.768,-0.358
2022,17,January 1,home,Miami Dolphins,https://www.pro-football-reference.com/boxscores/202301010nwe.htm,1,12:48,2,8,MIA 42,0,0,"(12:48) PENALTY on MIA-5-T.Bridgewater, False Start, 5 yards, enforced at MIA 42 - No Play.",1.411,-0.619
2022,17,January 1,home,Miami Dolphins,https://www.pro-football-reference.com/boxscores/202301010nwe.htm,1,12:29,2,13,MIA 37,0,0,(12:29) (Shotgun) 5-T.Bridgewater pass short right to 14-T.Sherfield pushed ob at MIA 44 for 7 yards (27-M.Bryant).,0.792,0.095
2022,17,January 1,home,Miami Dolphins,https://www.pro-football-reference.com/boxscores/202301010nwe.htm,1,11:49,3,6,MIA 44,0,0,(11:49) (Shotgun) 5-T.Bridgewater pass incomplete deep left to 10-T.Hill.,0.886,-1.552
2022,17,January 1,home,Miami Dolphins,https://www.pro-football-reference.com/boxscores/202301010nwe.htm,1,11:42,4,6,MIA 44,0,0,"(11:42) 4-T.Morstead punts 45 yards to NE 11, Center-44-B.Ferguson. 27-M.Bryant to NE 19 for 8 yards (43-A.Van Ginkel).",-0.666,-0.214
2022,17,January 1,home,Miami Dolphins,https://www.pro-football-reference.com/boxscores/202301010nwe.htm,1,11:33,1,10,NE 19,0,0,(11:33) (Shotgun) 10-M.Jones pass incomplete short left to 16-J.Meyers (43-A.Van Ginkel).,0.880,-0.610
2022,17,January 1,home,Miami Dolphins,https://www.pro-football-reference.com/boxscores/202301010nwe.htm,1,11:30,2,10,NE 19,0,0,(11:30) 38-R.Stevenson up the middle to NE 24 for 5 yards (52-E.Roberts).,0.270,-0.311
2022,17,January 1,home,Miami Dolphins,https://www.pro-football-reference.com/boxscores/202301010nwe.htm,1,10:52,3,5,NE 24,0,0,"(10:52) (Shotgun) 10-M.Jones pass incomplete short right to 15-N.Agholor. PENALTY on MIA-27-K.Crossen, Defensive Pass Interference, 9 yards, enforced at NE 24 - No Play.",-0.040,1.998
2022,17,January 1,home,Miami Dolphins,https://www.pro-football-reference.com/boxscores/202301010nwe.htm,1,10:47,1,10,NE 33,0,0,(10:47) (Shotgun) 10-M.Jones pass short right to 85-H.Henry pushed ob at NE 35 for 2 yards (55-J.Baker).,1.957,-0.249
2022,17,January 1,home,Miami Dolphins,https://www.pro-football-reference.com/boxscores/202301010nwe.htm,1,10:14,2,8,NE 35,0,0,"(10:14) 10-M.Jones pass deep right to 11-T.Thornton ran ob at MIA 41 for 24 yards [43-A.Van Ginkel]. Miami challenged the pass completion ruling, and the play was Upheld. The ruling on the field stands. (Timeout #1.)",1.709,2.030
2022,17,January 1,home,Miami Dolphins,https://www.pro-football-reference.com/boxscores/202301010nwe.htm,1,10:09,1,10,MIA 41,0,0,"(10:09) (Shotgun) 10-M.Jones pass short middle to 16-J.Meyers to MIA 24 for 17 yards (27-K.Crossen, 8-J.Holland) [15-J.Phillips].",3.739,1.028
2022,17,January 1,home,Miami Dolphins,https://www.pro-football-reference.com/boxscores/202301010nwe.htm,1,09:31,1,10,MIA 24,0,0,(9:31) 37-D.Harris right end pushed ob at MIA 16 for 8 yards (8-J.Holland).,4.767,0.372
2022,17,January 1,home,Miami Dolphins,https://www.pro-football-reference.com/boxscores/202301010nwe.htm,1,08:48,2,2,MIA 16,0,0,(8:48) (Shotgun) 10-M.Jones pass incomplete deep right to 16-J.Meyers.,5.139,-0.579
2022,17,January 1,home,Miami Dolphins,https://www.pro-football-reference.com/boxscores/202301010nwe.htm,1,08:44,3,2,MIA 16,0,0,"(8:44) (Shotgun) 10-M.Jones pass incomplete deep left to 16-J.Meyers. PENALTY on MIA-28-K.Kohou, Defensive Holding, 5 yards, enforced at MIA 16 - No Play.",4.559,0.735
2022,17,January 1,home,Miami Dolphins,https://www.pro-football-reference.com/boxscores/202301010nwe.htm,1,08:38,1,10,MIA 11,0,0,"(8:38) (Shotgun) 38-R.Stevenson up the middle to MIA 8 for 3 yards (94-C.Wilkins, 77-J.Jenkins).",5.294,-0.222
2022,17,January 1,home,Miami Dolphins,https://www.pro-football-reference.com/boxscores/202301010nwe.htm,1,07:55,,,MIA 8,0,0,Timeout #1 by NE at 07:55.,5.072,0.000
2022,17,January 1,home,Miami Dolphins,https://www.pro-football-reference.com/boxscores/202301010nwe.htm,1,07:55,2,7,MIA 8,0,0,(7:55) (Shotgun) 38-R.Stevenson left guard to MIA 7 for 1 yard (43-A.Van Ginkel; 92-Z.Sieler).,5.072,-0.785
2022,17,January 1,home,Miami Dolphins,https://www.pro-football-reference.com/boxscores/202301010nwe.htm,1,07:19,3,6,MIA 7,6,0,"(7:19) (Shotgun) 10-M.Jones pass short left to 11-T.Thornton for 7 yards, TOUCHDOWN.",4.286,2.714
2022,17,January 1,home,Miami Dolphins,https://www.pro-football-reference.com/boxscores/202301010nwe.htm,1,07:15,,,MIA 15,7,0,"6-N.Folk extra point is GOOD, Center-46-T.Addington, Holder-17-M.Palardy.",0.932,0.068
2022,17,January 1,home,Miami Dolphins,https://www.pro-football-reference.com/boxscores/202301010nwe.htm,1,07:15,,,NE 35,7,0,"6-N.Folk kicks 65 yards from NE 35 to end zone, Touchback.",0.755,0.000
2022,17,January 1,home,Miami Dolphins,https://www.pro-football-reference.com/boxscores/202301010nwe.htm,1,07:15,1,10,MIA 25,7,0,(7:15) (Shotgun) 23-J.Wilson up the middle to MIA 28 for 3 yards (92-D.Godchaux; 48-J.Tavai).,0.755,-0.339
2022,17,January 1,home,Miami Dolphins,https://www.pro-football-reference.com/boxscores/202301010nwe.htm,1,06:40,2,7,MIA 28,7,0,(6:40) (Shotgun) 5-T.Bridgewater pass incomplete short right to 23-J.Wilson.,0.416,-0.789
2022,17,January 1,home,Miami Dolphins,https://www.pro-football-reference.com/boxscores/202301010nwe.htm,1,06:34,3,7,MIA 28,7,0,"(6:34) (Shotgun) 5-T.Bridgewater scrambles right end to MIA 34 for 6 yards (3-J.Peppers, 8-J.Bentley).",-0.373,-0.147
2022,17,January 1,home,Miami Dolphins,https://www.pro-football-reference.com/boxscores/202301010nwe.htm,1,05:39,,,MIA 34,7,0,Timeout #2 by MIA at 05:39.,-0.520,0.000
2022,17,January 1,home,Miami Dolphins,https://www.pro-football-reference.com/boxscores/202301010nwe.htm,1,05:39,4,1,MIA 34,7,0,"(5:39) (Run formation) PENALTY on MIA-68-R.Hunt, False Start, 5 yards, enforced at MIA 34 - No Play.",-0.520,-0.687
2022,17,January 1,home,Miami Dolphins,https://www.pro-football-reference.com/boxscores/202301010nwe.htm,1,05:39,4,6,MIA 29,7,0,"(5:39) 4-T.Morstead punts 40 yards to NE 31, Center-44-B.Ferguson, out of bounds. PENALTY on NE-41-B.Schooler, Running Into the Kicker, 5 yards, enforced at MIA 29 - No Play.",-1.207,0.687
2022,17,January 1,home,Miami Dolphins,https://www.pro-football-reference.com/boxscores/202301010nwe.htm,1,05:32,4,1,MIA 34,7,0,(5:32) 23-J.Wilson up the middle to MIA 36 for 2 yards (91-D.Wise).,-0.520,2.156
2022,17,January 1,home,Miami Dolphins,https://www.pro-football-reference.com/boxscores/202301010nwe.htm,1,04:50,1,10,MIA 36,7,0,(4:50) 23-J.Wilson right end pushed ob at MIA 38 for 2 yards (31-Jo.Jones).,1.636,-0.491
2022,17,January 1,home,Miami Dolphins,https://www.pro-football-reference.com/boxscores/202301010nwe.htm,1,04:07,2,8,MIA 38,7,0,(4:07) 23-J.Wilson right guard to MIA 40 for 2 yards (23-K.Dugger; 92-D.Godchaux).,1.145,-0.491
2022,17,January 1,home,Miami Dolphins,https://www.pro-football-reference.com/boxscores/202301010nwe.htm,1,03:22,3,6,MIA 40,7,0,(3:22) (Shotgun) 5-T.Bridgewater pass short middle to 23-J.Wilson to NE 47 for 13 yards (48-J.Tavai).,0.654,2.253
2022,17,January 1,home,Miami Dolphins,https://www.pro-football-reference.com/boxscores/202301010nwe.htm,1,02:45,1,10,NE 47,7,0,"(2:45) 23-J.Wilson right tackle to NE 43 for 4 yards (8-J.Bentley, 23-K.Dugger).",2.907,-0.378
2022,17,January 1,home,Miami Dolphins,https://www.pro-football-reference.com/boxscores/202301010nwe.htm,1,02:04,2,6,NE 43,7,0,(2:04) 5-T.Bridgewater pass deep left to 10-T.Hill ran ob at NE 24 for 19 yards.,2.529,1.763
2022,17,January 1,home,Miami Dolphins,https://www.pro-football-reference.com/boxscores/202301010nwe.htm,1,01:35,1,10,NE 24,7,0,(1:35) 23-J.Wilson left tackle to NE 19 for 5 yards (91-D.Wise; 48-J.Tavai).,4.292,0.044
2022,17,January 1,home,Miami Dolphins,https://www.pro-football-reference.com/boxscores/202301010nwe.htm,1,00:51,2,5,NE 19,7,0,(:51) (Shotgun) 5-T.Bridgewater pass short right to 88-M.Gesicki to NE 5 for 14 yards (32-D.McCourty).,4.336,1.345
2022,17,January 1,home,Miami Dolphins,https://www.pro-football-reference.com/boxscores/202301010nwe.htm,1,00:11,1,5,NE 5,7,0,(:11) (Shotgun) 31-R.Mostert right guard to NE 2 for 3 yards (93-L.Guy).,5.680,0.114
2022,17,January 1,home,Miami Dolphins,https://www.pro-football-reference.com/boxscores/202301010nwe.htm,2,15:00,2,2,NE 2,7,6,"(15:00) 10-T.Hill left end for 2 yards, TOUCHDOWN.",5.794,1.206
2022,17,January 1,home,Miami Dolphins,https://www.pro-football-reference.com/boxscores/202301010nwe.htm,2,14:55,,,NE 15,7,7,"7-J.Sanders extra point is GOOD, Center-44-B.Ferguson, Holder-4-T.Morstead.",0.932,0.068
2022,17,January 1,home,Miami Dolphins,https://www.pro-football-reference.com/boxscores/202301010nwe.htm,2,14:55,,,MIA 35,7,7,"7-J.Sanders kicks 65 yards from MIA 35 to end zone, Touchback.",1.371,0.000
2022,17,January 1,home,Miami Dolphins,https://www.pro-football-reference.com/boxscores/202301010nwe.htm,2,14:55,1,10,NE 25,7,7,(14:55) 10-M.Jones pass short middle to 37-D.Harris to NE 30 for 5 yards (52-E.Roberts).,1.371,-0.181
2022,17,January 1,home,Miami Dolphins,https://www.pro-football-reference.com/boxscores/202301010nwe.htm,2,14:21,2,5,NE 30,7,7,(14:21) (Shotgun) 10-M.Jones pass short left to 16-J.Meyers to NE 29 for -1 yards (28-K.Kohou).,1.190,-0.858
2022,17,January 1,home,Miami Dolphins,https://www.pro-football-reference.com/boxscores/202301010nwe.htm,2,13:45,3,6,NE 29,7,7,(13:45) (Shotgun) 10-M.Jones pass deep right to 85-H.Henry to MIA 42 for 29 yards (8-J.Holland). MIA-8-J.Holland was injured during the play.,0.332,2.903
2022,17,January 1,home,Miami Dolphins,https://www.pro-football-reference.com/boxscores/202301010nwe.htm,2,13:26,1,10,MIA 42,7,7,(13:26) (Shotgun) 10-M.Jones sacked at NE 49 for -9 yards (94-C.Wilkins).,3.235,-1.431
2022,17,January 1,home,Miami Dolphins,https://www.pro-football-reference.com/boxscores/202301010nwe.htm,2,12:48,2,19,NE 49,7,7,(12:48) 38-R.Stevenson right tackle to MIA 33 for 18 yards (21-E.Rowe).,1.805,1.454
2022,17,January 1,home,Miami Dolphins,https://www.pro-football-reference.com/boxscores/202301010nwe.htm,2,12:03,3,1,MIA 33,7,7,(12:03) 10-M.Jones sacked at MIA 45 for -12 yards (52-E.Roberts).,3.259,-3.259
2022,17,January 1,home,Miami Dolphins,https://www.pro-football-reference.com/boxscores/202301010nwe.htm,2,11:28,4,13,MIA 45,7,7,"(11:28) 17-M.Palardy punts 45 yards to end zone, Center-46-T.Addington, Touchback.",-0.000,-0.860
2022,17,January 1,home,Miami Dolphins,https://www.pro-football-reference.com/boxscores/202301010nwe.htm,2,11:19,1,10,MIA 20,7,7,(11:19) 31-R.Mostert left end to MIA 24 for 4 yards (27-M.Bryant).,0.860,-0.179
2022,17,January 1,home,Miami Dolphins,https://www.pro-football-reference.com/boxscores/202301010nwe.htm,2,10:37,2,6,MIA 24,7,7,(10:37) (Shotgun) 5-T.Bridgewater pass short right to 31-R.Mostert to MIA 32 for 8 yards (50-R.McMillan).,0.681,0.893
2022,17,January 1,home,Miami Dolphins,https://www.pro-football-reference.com/boxscores/202301010nwe.htm,2,10:02,1,10,MIA 32,7,7,(10:02) 31-R.Mostert left guard to MIA 38 for 6 yards (92-D.Godchaux).,1.574,0.157
2022,17,January 1,home,Miami Dolphins,https://www.pro-football-reference.com/boxscores/202301010nwe.htm,2,09:25,2,4,MIA 38,7,7,(9:25) (Shotgun) 31-R.Mostert up the middle to MIA 39 for 1 yard (93-L.Guy).,1.731,-0.588
2022,17,January 1,home,Miami Dolphins,https://www.pro-football-reference.com/boxscores/202301010nwe.htm,2,08:41,3,3,MIA 39,7,7,(8:41) (Shotgun) 5-T.Bridgewater pass short right to 31-R.Mostert to NE 36 for 25 yards (55-J.Uche).,1.143,2.635
2022,17,January 1,home,Miami Dolphins,https://www.pro-football-reference.com/boxscores/202301010nwe.htm,2,07:50,,,NE 36,7,7,Timeout #3 by MIA at 07:50.,3.778,0.000
2022,17,January 1,home,Miami Dolphins,https://www.pro-football-reference.com/boxscores/202301010nwe.htm,2,07:50,1,10,NE 36,7,7,(7:50) (Shotgun) 23-J.Wilson right guard to NE 34 for 2 yards (8-J.Bentley).,3.778,-0.491
2022,17,January 1,home,Miami Dolphins,https://www.pro-football-reference.com/boxscores/202301010nwe.htm,2,07:09,2,8,NE 34,7,7,(7:09) 23-J.Wilson right guard to NE 33 for 1 yard (50-R.McMillan).,3.286,-0.369
2022,17,January 1,home,Miami Dolphins,https://www.pro-football-reference.com/boxscores/202301010nwe.htm,2,06:30,3,7,NE 33,7,7,(6:30) (Shotgun) 5-T.Bridgewater pass incomplete short right to 17-J.Waddle.,2.917,-1.885
2022,17,January 1,home,Miami Dolphins,https://www.pro-football-reference.com/boxscores/202301010nwe.htm,2,06:26,4,7,NE 33,7,7,"(6:26) 7-J.Sanders 51 yard field goal is No Good, Wide Right, Center-44-B.Ferguson, Holder-4-T.Morstead.",1.031,-2.317
2022,17,January 1,home,Miami Dolphins,https://www.pro-football-reference.com/boxscores/202301010nwe.htm,2,06:21,1,10,NE 41,7,7,"(6:21) (Shotgun) PENALTY on NE-77-T.Brown, False Start, 5 yards, enforced at NE 41 - No Play.",1.286,-0.364
2022,17,January 1,home,Miami Dolphins,https://www.pro-football-reference.com/boxscores/202301010nwe.htm,2,06:21,1,15,NE 36,7,7,(6:21) 38-R.Stevenson up the middle to NE 39 for 3 yards (15-J.Phillips).,0.922,-0.526
2022,17,January 1,home,Miami Dolphins,https://www.pro-football-reference.com/boxscores/202301010nwe.htm,2,05:46,2,12,NE 39,7,7,(5:46) (Shotgun) 10-M.Jones pass incomplete short right.,0.395,-0.785
2022,17,January 1,home,Miami Dolphins,https://www.pro-football-reference.com/boxscores/202301010nwe.htm,2,05:42,3,12,NE 39,7,7,(5:42) (Shotgun) 10-M.Jones pass incomplete short left to 38-R.Stevenson.,-0.390,-0.742
2022,17,January 1,home,Miami Dolphins,https://www.pro-football-reference.com/boxscores/202301010nwe.htm,2,05:38,4,12,NE 39,7,7,"(5:38) 17-M.Palardy punts 37 yards to MIA 24, Center-46-T.Addington. 11-C.Wilson to MIA 32 for 8 yards (21-A.Phillips). PENALTY on MIA-22-E.Campbell, Offensive Holding, 10 yards, enforced at MIA 24.",-1.132,0.585
2022,17,January 1,home,Miami Dolphins,https://www.pro-football-reference.com/boxscores/202301010nwe.htm,2,05:28,1,10,MIA 14,7,7,(5:28) 31-R.Mostert right guard to MIA 18 for 4 yards (21-A.Phillips).,0.547,-0.098
2022,17,January 1,home,Miami Dolphins,https://www.pro-football-reference.com/boxscores/202301010nwe.htm,2,04:51,2,6,MIA 18,7,7,"(4:51) (Shotgun) 5-T.Bridgewater pass short right to 81-D.Smythe to MIA 27 for 9 yards (8-J.Bentley, 9-M.Judon).",0.450,0.767
2022,17,January 1,home,Miami Dolphins,https://www.pro-football-reference.com/boxscores/202301010nwe.htm,2,04:09,1,10,MIA 27,7,7,(4:09) (Shotgun) 5-T.Bridgewater pass short left to 23-J.Wilson to MIA 36 for 9 yards (27-M.Bryant).,1.217,0.505
2022,17,January 1,home,Miami Dolphins,https://www.pro-football-reference.com/boxscores/202301010nwe.htm,2,03:28,2,1,MIA 36,7,7,"(3:28) 23-J.Wilson up the middle to MIA 47 for 11 yards (23-K.Dugger, 48-J.Tavai).",1.721,0.912
2022,17,January 1,home,Miami Dolphins,https://www.pro-football-reference.com/boxscores/202301010nwe.htm,2,02:48,1,10,MIA 47,7,7,(2:48) 23-J.Wilson right tackle to MIA 47 for no gain (8-J.Bentley; 21-A.Phillips).,2.633,-0.580
2022,17,January 1,home,Miami Dolphins,https://www.pro-football-reference.com/boxscores/202301010nwe.htm,2,02:06,2,10,MIA 47,7,7,(2:06) (Shotgun) 5-T.Bridgewater sacked at MIA 35 for -12 yards (98-Ca.Davis).,2.053,-1.411
2022,17,January 1,home,Miami Dolphins,https://www.pro-football-reference.com/boxscores/202301010nwe.htm,2,02:00,3,22,MIA 35,7,7,(2:00) (Shotgun) 5-T.Bridgewater pass short middle to 17-J.Waddle pushed ob at NE 48 for 17 yards (31-Jo.Jones).,0.642,0.211
2022,17,January 1,home,Miami Dolphins,https://www.pro-football-reference.com/boxscores/202301010nwe.htm,2,01:52,4,5,NE 48,7,7,"(1:52) 4-T.Morstead punts 46 yards to NE 2, Center-44-B.Ferguson, out of bounds.",0.854,-0.677
2022,17,January 1,home,Miami Dolphins,https://www.pro-football-reference.com/boxscores/202301010nwe.htm,2,01:45,1,10,NE 2,7,7,(1:45) 37-D.Harris up the middle to NE 13 for 11 yards (8-J.Holland).,-0.177,0.321
2022,17,January 1,home,Miami Dolphins,https://www.pro-football-reference.com/boxscores/202301010nwe.htm,2,01:13,1,10,NE 13,7,7,(1:13) (Shotgun) 10-M.Jones pass short middle to 37-D.Harris to NE 22 for 9 yards (55-J.Baker; 43-A.Van Ginkel).,0.145,0.116
2022,17,January 1,home,Miami Dolphins,https://www.pro-football-reference.com/boxscores/202301010nwe.htm,2,00:51,2,1,NE 22,7,7,"(:51) (No Huddle, Shotgun) 10-M.Jones pass incomplete deep left to 11-T.Thornton.",0.261,-0.180
2022,17,January 1,home,Miami Dolphins,https://www.pro-football-reference.com/boxscores/202301010nwe.htm,2,00:45,3,1,NE 22,7,7,(:45) (Shotgun) 37-D.Harris up the middle to NE 22 for no gain (52-E.Roberts; 98-R.Davis).,0.081,-0.081
2022,17,January 1,home,Miami Dolphins,https://www.pro-football-reference.com/boxscores/202301010nwe.htm,3,15:00,,,MIA 35,7,7,"7-J.Sanders kicks 65 yards from MIA 35 to end zone, Touchback.",1.474,0.000
2022,17,January 1,home,Miami Dolphins,https://www.pro-football-reference.com/boxscores/202301010nwe.htm,3,15:00,1,10,NE 25,7,7,(15:00) (Shotgun) 10-M.Jones pass incomplete short middle to 16-J.Meyers (55-J.Baker).,1.474,-0.679
2022,17,January 1,home,Miami Dolphins,https://www.pro-football-reference.com/boxscores/202301010nwe.htm,3,14:56,2,10,NE 25,7,7,(14:56) (Shotgun) 10-M.Jones pass short right to 37-D.Harris to NE 29 for 4 yards (94-C.Wilkins).,0.796,-0.189
2022,17,January 1,home,Miami Dolphins,https://www.pro-football-reference.com/boxscores/202301010nwe.htm,3,14:18,3,6,NE 29,7,7,(14:18) (Shotgun) 10-M.Jones pass incomplete deep right to 15-N.Agholor.,0.607,-1.483
2022,17,January 1,home,Miami Dolphins,https://www.pro-football-reference.com/boxscores/202301010nwe.htm,3,14:13,4,6,NE 29,7,7,"(14:13) 17-M.Palardy punts 34 yards to MIA 37, Center-46-T.Addington. 11-C.Wilson to MIA 40 for 3 yards (41-B.Schooler). MIA-11-C.Wilson was injured during the play.",-0.876,-0.877
2022,17,January 1,home,Miami Dolphins,https://www.pro-football-reference.com/boxscores/202301010nwe.htm,3,14:05,1,10,MIA 40,7,7,(14:05) 23-J.Wilson right tackle to MIA 41 for 1 yard (3-J.Peppers).,1.753,-0.417
2022,17,January 1,home,Miami Dolphins,https://www.pro-football-reference.com/boxscores/202301010nwe.htm,3,13:26,2,9,MIA 41,7,7,(13:26) (Shotgun) 5-T.Bridgewater pass incomplete deep right to 10-T.Hill.,1.336,-0.845
2022,17,January 1,home,Miami Dolphins,https://www.pro-football-reference.com/boxscores/202301010nwe.htm,3,13:19,3,9,MIA 41,7,7,(13:19) (Shotgun) 5-T.Bridgewater pass incomplete short left to 14-T.Sherfield (27-M.Bryant).,0.491,-1.532
2022,17,January 1,home,Miami Dolphins,https://www.pro-football-reference.com/boxscores/202301010nwe.htm,3,13:12,4,9,MIA 41,7,7,"(13:12) 4-T.Morstead punts 51 yards to NE 8, Center-44-B.Ferguson. 27-M.Bryant to NE 10 for 2 yards (52-E.Roberts).",-1.041,0.664
2022,17,January 1,home,Miami Dolphins,https://www.pro-football-reference.com/boxscores/202301010nwe.htm,3,13:01,1,10,NE 10,7,7,(13:01) 10-M.Jones pass incomplete short left to 85-H.Henry.,0.377,-0.565
2022,17,January 1,home,Miami Dolphins,https://www.pro-football-reference.com/boxscores/202301010nwe.htm,3,12:56,2,10,NE 10,7,7,"(12:56) 38-R.Stevenson left guard to NE 13 for 3 yards (52-E.Roberts, 55-J.Baker).",-0.188,-0.620
2022,17,January 1,home,Miami Dolphins,https://www.pro-football-reference.com/boxscores/202301010nwe.htm,3,12:18,3,7,NE 13,7,7,(12:18) (Shotgun) 10-M.Jones pass incomplete short middle to 38-R.Stevenson.,-0.808,-1.314
2022,17,January 1,home,Miami Dolphins,https://www.pro-football-reference.com/boxscores/202301010nwe.htm,3,12:12,4,7,NE 13,7,7,"(12:12) 17-M.Palardy punts 38 yards to MIA 49, Center-46-T.Addington. 11-C.Wilson to NE 41 for 10 yards (18-M.Slater). NE-8-J.Bentley was injured during the play.",-2.122,-1.096
2022,17,January 1,home,Miami Dolphins,https://www.pro-football-reference.com/boxscores/202301010nwe.htm,3,12:02,1,10,NE 41,7,7,(12:02) 5-T.Bridgewater pass short middle to 17-J.Waddle to NE 18 for 23 yards (27-M.Bryant).,3.219,1.523
2022,17,January 1,home,Miami Dolphins,https://www.pro-football-reference.com/boxscores/202301010nwe.htm,3,11:28,1,10,NE 18,7,7,"(11:28) (Shotgun) 31-R.Mostert up the middle to NE 15 for 3 yards (91-D.Wise, 50-R.McMillan).",4.741,-0.342
2022,17,January 1,home,Miami Dolphins,https://www.pro-football-reference.com/boxscores/202301010nwe.htm,3,10:44,,,NE 15,7,7,Timeout #1 by MIA at 10:44.,4.399,0.000
2022,17,January 1,home,Miami Dolphins,https://www.pro-football-reference.com/boxscores/202301010nwe.htm,3,10:44,2,7,NE 15,7,7,"(10:44) (Shotgun) 23-J.Wilson right end to NE 6 for 9 yards (31-Jo.Jones, 90-C.Barmore).",4.399,1.100
2022,17,January 1,home,Miami Dolphins,https://www.pro-football-reference.com/boxscores/202301010nwe.htm,3,09:58,1,6,NE 6,7,7,(9:58) (Shotgun) 31-R.Mostert left guard to NE 2 for 4 yards (48-J.Tavai).,5.499,0.263
2022,17,January 1,home,Miami Dolphins,https://www.pro-football-reference.com/boxscores/202301010nwe.htm,3,09:22,2,2,NE 2,7,13,"(9:22) (Shotgun) 5-T.Bridgewater pass short middle to 31-R.Mostert for 2 yards, TOUCHDOWN [90-C.Barmore].",5.762,1.238
2022,17,January 1,home,Miami Dolphins,https://www.pro-football-reference.com/boxscores/202301010nwe.htm,3,09:17,,,NE 15,7,14,"7-J.Sanders extra point is GOOD, Center-44-B.Ferguson, Holder-4-T.Morstead.",0.932,0.068
2022,17,January 1,home,Miami Dolphins,https://www.pro-football-reference.com/boxscores/202301010nwe.htm,3,09:17,,,MIA 35,7,14,7-J.Sanders kicks 68 yards from MIA 35 to NE -3. 35-P.Strong to NE 18 for 21 yards (42-C.Fejedelem).,1.711,-0.551
2022,17,January 1,home,Miami Dolphins,https://www.pro-football-reference.com/boxscores/202301010nwe.htm,3,09:13,1,10,NE 18,7,14,(9:13) 37-D.Harris up the middle to NE 19 for 1 yard (52-E.Roberts; 94-C.Wilkins).,1.160,-0.568
2022,17,January 1,home,Miami Dolphins,https://www.pro-football-reference.com/boxscores/202301010nwe.htm,3,08:33,2,9,NE 19,7,14,(8:33) (Shotgun) 10-M.Jones pass short right to 85-H.Henry to NE 30 for 11 yards (8-J.Holland).,0.591,1.446
2022,17,January 1,home,Miami Dolphins,https://www.pro-football-reference.com/boxscores/202301010nwe.htm,3,07:55,1,10,NE 30,7,14,"(7:55) 37-D.Harris up the middle to NE 30 for no gain (6-M.Ingram, 52-E.Roberts).",2.037,-0.516
2022,17,January 1,home,Miami Dolphins,https://www.pro-football-reference.com/boxscores/202301010nwe.htm,3,07:20,2,10,NE 30,7,14,(7:20) (Shotgun) 10-M.Jones pass short right to 16-J.Meyers to NE 35 for 5 yards (55-J.Baker).,1.521,-0.361
2022,17,January 1,home,Miami Dolphins,https://www.pro-football-reference.com/boxscores/202301010nwe.htm,3,06:41,3,5,NE 35,7,14,(6:41) (Shotgun) 10-M.Jones pass deep left to 11-T.Thornton to MIA 36 for 29 yards (8-J.Holland).,1.160,2.799
2022,17,January 1,home,Miami Dolphins,https://www.pro-football-reference.com/boxscores/202301010nwe.htm,3,05:54,1,10,MIA 36,7,14,(5:54) (Shotgun) 10-M.Jones pass incomplete deep right to 11-T.Thornton.,3.959,-0.489
2022,17,January 1,home,Miami Dolphins,https://www.pro-football-reference.com/boxscores/202301010nwe.htm,3,05:49,2,10,MIA 36,7,14,(5:49) (Shotgun) 10-M.Jones pass short right to 38-R.Stevenson to MIA 32 for 4 yards (15-J.Phillips).,3.470,-0.339
2022,17,January 1,home,Miami Dolphins,https://www.pro-football-reference.com/boxscores/202301010nwe.htm,3,05:15,3,6,MIA 32,7,14,"(5:15) (Shotgun) PENALTY on NE-84-K.Bourne, False Start, 5 yards, enforced at MIA 32 - No Play.",3.131,-0.961
2022,17,January 1,home,Miami Dolphins,https://www.pro-football-reference.com/boxscores/202301010nwe.htm,3,04:52,3,11,MIA 37,7,14,"(4:52) (Shotgun) 10-M.Jones pass short middle to 85-H.Henry to MIA 31 for 6 yards (8-J.Holland, 21-E.Rowe).",2.171,-0.957
2022,17,January 1,home,Miami Dolphins,https://www.pro-football-reference.com/boxscores/202301010nwe.htm,3,04:08,4,5,MIA 31,10,14,"(4:08) 6-N.Folk 49 yard field goal is GOOD, Center-46-T.Addington, Holder-17-M.Palardy.",1.214,1.786
2022,17,January 1,home,Miami Dolphins,https://www.pro-football-reference.com/boxscores/202301010nwe.htm,3,04:03,,,NE 35,10,14,6-N.Folk kicks 63 yards from NE 35 to MIA 2. 31-R.Mostert pushed ob at MIA 29 for 27 yards (3-J.Peppers).,0.470,0.288
2022,17,January 1,home,Miami Dolphins,https://www.pro-football-reference.com/boxscores/202301010nwe.htm,3,03:56,1,10,MIA 29,10,14,(3:56) 5-T.Bridgewater pass incomplete short left to 17-J.Waddle [55-J.Uche].,0.758,-0.530
2022,17,January 1,home,Miami Dolphins,https://www.pro-football-reference.com/boxscores/202301010nwe.htm,3,03:51,2,10,MIA 29,10,14,(3:51) (Shotgun) 23-J.Wilson up the middle to MIA 29 for no gain (90-C.Barmore).,0.228,-0.799
2022,17,January 1,home,Miami Dolphins,https://www.pro-football-reference.com/boxscores/202301010nwe.htm,3,03:09,3,10,MIA 29,10,14,"(3:09) (Shotgun) PENALTY on MIA-71-B.Shell, False Start, 5 yards, enforced at MIA 29 - No Play.",-0.572,-0.840
2022,17,January 1,home,Miami Dolphins,https://www.pro-football-reference.com/boxscores/202301010nwe.htm,3,03:03,3,15,MIA 24,16,14,"(3:03) (Shotgun) 5-T.Bridgewater pass short right intended for 14-T.Sherfield INTERCEPTED by 23-K.Dugger at MIA 39. 23-K.Dugger for 39 yards, TOUCHDOWN. MIA-5-T.Bridgewater was injured during the play.  NE 23-Dugger 3rd def. TD of season, 1st Patriot to do that since 1970. Patriots 7th defensive TD of season, new franchise record. Patriots defensive TD in 4 straight games, new franchise record (first NFL occurence since TB 2002).",-1.412,-5.588
2022,17,January 1,home,Miami Dolphins,https://www.pro-football-reference.com/boxscores/202301010nwe.htm,3,02:51,,,MIA 15,16,14,"6-N.Folk extra point is No Good, Hit Right Upright, Center-46-T.Addington, Holder-17-M.Palardy.",0.932,-0.932
2022,17,January 1,home,Miami Dolphins,https://www.pro-football-reference.com/boxscores/202301010nwe.htm,3,02:51,,,NE 35,16,14,"6-N.Folk kicks 65 yards from NE 35 to end zone, Touchback.",0.457,0.000
2022,17,January 1,home,Miami Dolphins,https://www.pro-football-reference.com/boxscores/202301010nwe.htm,3,02:51,1,10,MIA 25,16,14,(2:51) MIA 19-Thompson now at QB 19-S.Thompson pass short right to 31-R.Mostert to MIA 21 for -4 yards (8-J.Bentley).,0.457,-1.157
2022,17,January 1,home,Miami Dolphins,https://www.pro-football-reference.com/boxscores/202301010nwe.htm,3,02:09,2,14,MIA 21,16,14,(2:09) (Shotgun) 19-S.Thompson pass short right to 31-R.Mostert to MIA 25 for 4 yards (23-K.Dugger).,-0.700,-0.126
2022,17,January 1,home,Miami Dolphins,https://www.pro-football-reference.com/boxscores/202301010nwe.htm,3,01:26,3,10,MIA 25,16,14,"(1:26) (Shotgun) PENALTY on NE-55-J.Uche, Neutral Zone Infraction, 5 yards, enforced at MIA 25 - No Play.",-0.825,0.611
2022,17,January 1,home,Miami Dolphins,https://www.pro-football-reference.com/boxscores/202301010nwe.htm,3,01:06,3,5,MIA 30,16,14,"(1:06) (Shotgun) 19-S.Thompson pass short left to 31-R.Mostert to MIA 47 for 17 yards (3-J.Peppers, 27-M.Bryant). PENALTY on NE-8-J.Bentley, Roughing the Passer, 15 yards, enforced at MIA 47.",-0.214,3.312
2022,17,January 1,home,Miami Dolphins,https://www.pro-football-reference.com/boxscores/202301010nwe.htm,3,00:39,1,10,NE 38,16,14,(:39) 23-J.Wilson left end to NE 37 for 1 yard (58-A.Jennings).,3.098,-0.514
2022,17,January 1,home,Miami Dolphins,https://www.pro-football-reference.com/boxscores/202301010nwe.htm,4,15:00,2,9,NE 37,16,14,(15:00) (Shotgun) 19-S.Thompson pass incomplete short left to 14-T.Sherfield (31-Jo.Jones).,2.584,-0.853
2022,17,January 1,home,Miami Dolphins,https://www.pro-football-reference.com/boxscores/202301010nwe.htm,4,14:55,3,9,NE 37,16,14,"(14:55) (Shotgun) 19-S.Thompson scrambles up the middle ran ob at NE 26 for 11 yards (27-M.Bryant). PENALTY on MIA-10-T.Hill, Illegal Shift, 5 yards, enforced at NE 37 - No Play.",1.731,-0.977
2022,17,January 1,home,Miami Dolphins,https://www.pro-football-reference.com/boxscores/202301010nwe.htm,4,14:24,3,14,NE 42,16,14,(14:24) (Shotgun) 19-S.Thompson pass short left intended for 10-T.Hill INTERCEPTED by 31-Jo.Jones at NE 35. 31-Jo.Jones pushed ob at NE 37 for 2 yards (10-T.Hill).,0.754,-2.915
2022,17,January 1,home,Miami Dolphins,https://www.pro-football-reference.com/boxscores/202301010nwe.htm,4,14:18,1,10,NE 37,16,14,(14:18) (Shotgun) 10-M.Jones pass short left to 16-J.Meyers to NE 38 for 1 yard (28-K.Kohou).,2.161,-0.478
2022,17,January 1,home,Miami Dolphins,https://www.pro-football-reference.com/boxscores/202301010nwe.htm,4,13:42,2,9,NE 38,16,14,(13:42) (Shotgun) 37-D.Harris left guard to NE 42 for 4 yards (92-Z.Sieler; 98-R.Davis).,1.683,-0.338
2022,17,January 1,home,Miami Dolphins,https://www.pro-football-reference.com/boxscores/202301010nwe.htm,4,13:02,3,5,NE 42,16,14,(13:02) (Shotgun) 10-M.Jones pass incomplete deep left to 11-T.Thornton.,1.345,-1.429
2022,17,January 1,home,Miami Dolphins,https://www.pro-football-reference.com/boxscores/202301010nwe.htm,4,12:57,4,5,NE 42,16,14,"(12:57) 17-M.Palardy punts 58 yards to end zone, Center-46-T.Addington, Touchback.",-0.084,-0.246
2022,17,January 1,home,Miami Dolphins,https://www.pro-football-reference.com/boxscores/202301010nwe.htm,4,12:47,1,10,MIA 20,16,14,(12:47) (Shotgun) 19-S.Thompson scrambles left end to MIA 24 for 4 yards (92-D.Godchaux).,0.331,-0.148
2022,17,January 1,home,Miami Dolphins,https://www.pro-football-reference.com/boxscores/202301010nwe.htm,4,12:02,2,6,MIA 24,16,14,(12:02) (Shotgun) 19-S.Thompson pass incomplete short left to 23-J.Wilson.,0.182,-0.739
2022,17,January 1,home,Miami Dolphins,https://www.pro-football-reference.com/boxscores/202301010nwe.htm,4,11:58,3,6,MIA 24,16,14,(11:58) (Shotgun) 19-S.Thompson pass short right to 17-J.Waddle to MIA 36 for 12 yards (3-J.Peppers).,-0.556,1.979
2022,17,January 1,home,Miami Dolphins,https://www.pro-football-reference.com/boxscores/202301010nwe.htm,4,11:13,1,10,MIA 36,16,14,(11:13) 23-J.Wilson right tackle to MIA 38 for 2 yards (8-J.Bentley; 48-J.Tavai).,1.423,-0.505
2022,17,January 1,home,Miami Dolphins,https://www.pro-football-reference.com/boxscores/202301010nwe.htm,4,10:29,2,8,MIA 38,16,14,(10:29) 19-S.Thompson pass incomplete short left to 30-A.Ingold.,0.918,-0.772
2022,17,January 1,home,Miami Dolphins,https://www.pro-football-reference.com/boxscores/202301010nwe.htm,4,10:23,3,8,MIA 38,16,14,(10:23) (Shotgun) 19-S.Thompson pass short left to 10-T.Hill to MIA 42 for 4 yards (27-M.Bryant) [90-C.Barmore].,0.146,-0.750
2022,17,January 1,home,Miami Dolphins,https://www.pro-football-reference.com/boxscores/202301010nwe.htm,4,09:51,4,4,MIA 42,16,14,"(9:51) 4-T.Morstead punts 47 yards to NE 11, Center-44-B.Ferguson, fair catch by 27-M.Bryant.",-0.604,0.132
2022,17,January 1,home,Miami Dolphins,https://www.pro-football-reference.com/boxscores/202301010nwe.htm,4,09:43,1,10,NE 11,16,14,(9:43) (Shotgun) 10-M.Jones pass short right to 84-K.Bourne to NE 27 for 16 yards (94-C.Wilkins).,0.471,0.956
2022,17,January 1,home,Miami Dolphins,https://www.pro-football-reference.com/boxscores/202301010nwe.htm,4,09:06,1,10,NE 27,16,14,(9:06) (Shotgun) 10-M.Jones pass incomplete short right to 84-K.Bourne (94-C.Wilkins).,1.427,-0.487
2022,17,January 1,home,Miami Dolphins,https://www.pro-football-reference.com/boxscores/202301010nwe.htm,4,09:02,2,10,NE 27,16,14,(9:02) (Shotgun) 10-M.Jones pass short right to 38-R.Stevenson pushed ob at NE 32 for 5 yards (15-J.Phillips).,0.940,-0.184
2022,17,January 1,home,Miami Dolphins,https://www.pro-football-reference.com/boxscores/202301010nwe.htm,4,08:21,3,5,NE 32,16,14,(8:21) (Shotgun) 10-M.Jones pass deep right to 16-J.Meyers pushed ob at MIA 43 for 25 yards (8-J.Holland).,0.757,2.308
2022,17,January 1,home,Miami Dolphins,https://www.pro-football-reference.com/boxscores/202301010nwe.htm,4,07:46,1,10,MIA 43,16,14,(7:46) 38-R.Stevenson up the middle to MIA 35 for 8 yards (77-J.Jenkins).,3.065,0.549
2022,17,January 1,home,Miami Dolphins,https://www.pro-football-reference.com/boxscores/202301010nwe.htm,4,07:16,2,2,MIA 35,16,14,(7:16) 10-M.Jones up the middle to MIA 32 for 3 yards (92-Z.Sieler).,3.614,0.115
2022,17,January 1,home,Miami Dolphins,https://www.pro-football-reference.com/boxscores/202301010nwe.htm,4,06:44,1,10,MIA 32,16,14,(6:44) (Shotgun) 10-M.Jones pass short left to 85-H.Henry pushed ob at MIA 28 for 4 yards (55-J.Baker).,3.729,-0.080
2022,17,January 1,home,Miami Dolphins,https://www.pro-football-reference.com/boxscores/202301010nwe.htm,4,06:11,2,6,MIA 28,16,14,(6:11) 38-R.Stevenson left guard to MIA 27 for 1 yard (98-R.Davis; 94-C.Wilkins).,3.649,-0.381
2022,17,January 1,home,Miami Dolphins,https://www.pro-football-reference.com/boxscores/202301010nwe.htm,4,05:33,3,5,MIA 27,16,14,"(5:33) (Shotgun) 10-M.Jones pass incomplete deep right to 16-J.Meyers. PENALTY on MIA-27-K.Crossen, Defensive Pass Interference, 22 yards, enforced at MIA 27 - No Play.",3.268,2.402
2022,17,January 1,home,Miami Dolphins,https://www.pro-football-reference.com/boxscores/202301010nwe.htm,4,05:27,1,5,MIA 5,16,14,(5:27) 10-M.Jones pass incomplete short right to 11-T.Thornton.,5.669,-0.430
2022,17,January 1,home,Miami Dolphins,https://www.pro-football-reference.com/boxscores/202301010nwe.htm,4,05:21,2,5,MIA 5,16,14,(5:21) 65-J.Ferentz reported in as eligible.  37-D.Harris right guard to MIA 2 for 3 yards (52-E.Roberts).,5.239,-0.337
2022,17,January 1,home,Miami Dolphins,https://www.pro-football-reference.com/boxscores/202301010nwe.htm,4,04:40,,,MIA 2,16,14,Timeout #1 by NE at 04:40.,4.903,0.000
2022,17,January 1,home,Miami Dolphins,https://www.pro-football-reference.com/boxscores/202301010nwe.htm,4,04:40,3,2,MIA 2,22,14,"(4:40) (Shotgun) 10-M.Jones pass short left to 16-J.Meyers for 2 yards, TOUCHDOWN. NE-16-J.Meyers was injured during the play.",4.903,2.097
2022,17,January 1,home,Miami Dolphins,https://www.pro-football-reference.com/boxscores/202301010nwe.htm,4,04:37,,,MIA 15,23,14,"6-N.Folk extra point is GOOD, Center-46-T.Addington, Holder-17-M.Palardy.",0.932,0.068
2022,17,January 1,home,Miami Dolphins,https://www.pro-football-reference.com/boxscores/202301010nwe.htm,4,04:37,,,NE 35,23,14,6-N.Folk kicks 64 yards from NE 35 to MIA 1. 31-R.Mostert pushed ob at MIA 32 for 31 yards (18-M.Slater).,0.750,0.499
2022,17,January 1,home,Miami Dolphins,https://www.pro-football-reference.com/boxscores/202301010nwe.htm,4,04:29,1,10,MIA 32,23,14,(4:29) (Shotgun) 19-S.Thompson pass incomplete short left to 23-J.Wilson [91-D.Wise].,1.249,-0.431
2022,17,January 1,home,Miami Dolphins,https://www.pro-football-reference.com/boxscores/202301010nwe.htm,4,04:23,2,10,MIA 32,23,14,(4:23) (Shotgun) 19-S.Thompson pass incomplete deep right to 14-T.Sherfield (23-K.Dugger).,0.819,-0.566
2022,17,January 1,home,Miami Dolphins,https://www.pro-football-reference.com/boxscores/202301010nwe.htm,4,04:16,3,10,MIA 32,23,14,(4:16) (Shotgun) 19-S.Thompson sacked at MIA 26 for -6 yards (90-C.Barmore).,0.252,-1.393
2022,17,January 1,home,Miami Dolphins,https://www.pro-football-reference.com/boxscores/202301010nwe.htm,4,03:31,4,16,MIA 26,23,14,(3:31) (Shotgun) 19-S.Thompson pass short left to 23-J.Wilson pushed ob at MIA 35 for 9 yards (39-T.Hayes).,-1.141,-1.912
2022,17,January 1,home,Miami Dolphins,https://www.pro-football-reference.com/boxscores/202301010nwe.htm,4,03:23,1,10,MIA 35,23,14,(3:23) 65-J.Ferentz reported in as eligible.  37-D.Harris up the middle to MIA 35 for no gain (92-Z.Sieler; 77-J.Jenkins).,3.053,-0.508
2022,17,January 1,home,Miami Dolphins,https://www.pro-football-reference.com/boxscores/202301010nwe.htm,4,02:45,2,10,MIA 35,23,14,(2:45) 65-J.Ferentz reported in as eligible.  37-D.Harris up the middle to MIA 31 for 4 yards (92-Z.Sieler).,2.545,-0.404
2022,17,January 1,home,Miami Dolphins,https://www.pro-football-reference.com/boxscores/202301010nwe.htm,4,02:39,,,MIA 31,23,14,Timeout #2 by MIA at 02:39.,2.142,0.000
2022,17,January 1,home,Miami Dolphins,https://www.pro-football-reference.com/boxscores/202301010nwe.htm,4,02:39,3,6,MIA 31,23,14,(2:39) 84-K.Bourne right end to MIA 29 for 2 yards (52-E.Roberts).,2.142,-1.098
2022,17,January 1,home,Miami Dolphins,https://www.pro-football-reference.com/boxscores/202301010nwe.htm,4,02:34,,,MIA 29,23,14,Timeout #3 by MIA at 02:34.,1.044,0.000
2022,17,January 1,home,Miami Dolphins,https://www.pro-football-reference.com/boxscores/202301010nwe.htm,4,02:34,4,4,MIA 29,23,14,(2:34) (Shotgun) 10-M.Jones sacked at MIA 39 for -10 yards (92-Z.Sieler).,1.044,-3.253
2022,17,January 1,home,Miami Dolphins,https://www.pro-football-reference.com/boxscores/202301010nwe.htm,4,02:32,1,10,MIA 39,23,14,(2:32) (Shotgun) 19-S.Thompson pass short left to 31-R.Mostert pushed ob at MIA 43 for 4 yards (50-R.McMillan).,2.209,-0.260
2022,17,January 1,home,Miami Dolphins,https://www.pro-football-reference.com/boxscores/202301010nwe.htm,4,02:25,2,6,MIA 43,23,14,(2:25) (Shotgun) 19-S.Thompson pass short right to 31-R.Mostert pushed ob at MIA 49 for 6 yards (39-T.Hayes).,1.949,0.750
2022,17,January 1,home,Miami Dolphins,https://www.pro-football-reference.com/boxscores/202301010nwe.htm,4,02:18,1,10,MIA 49,23,14,(2:18) (Shotgun) 19-S.Thompson pass short left to 26-S.Ahmed pushed ob at NE 43 for 8 yards (3-J.Peppers; 27-M.Bryant) [90-C.Barmore].,2.699,0.171
2022,17,January 1,home,Miami Dolphins,https://www.pro-football-reference.com/boxscores/202301010nwe.htm,4,02:10,2,2,NE 43,23,14,(2:10) (Shotgun) 19-S.Thompson pass incomplete short right to 23-J.Wilson.,2.870,-0.361
2022,17,January 1,home,Miami Dolphins,https://www.pro-football-reference.com/boxscores/202301010nwe.htm,4,02:06,3,2,NE 43,23,14,"(2:06) (Shotgun) PENALTY on MIA, Delay of Game, 5 yards, enforced at NE 43 - No Play.",2.509,-0.490
2022,17,January 1,home,Miami Dolphins,https://www.pro-football-reference.com/boxscores/202301010nwe.htm,4,02:06,3,7,NE 48,23,14,(2:06) (Shotgun) 19-S.Thompson pass incomplete short left to 88-M.Gesicki.,2.019,-1.240
2022,17,January 1,home,Miami Dolphins,https://www.pro-football-reference.com/boxscores/202301010nwe.htm,4,02:00,4,7,NE 48,23,14,(2:00) (Shotgun) 19-S.Thompson pass short middle to 10-T.Hill to NE 31 for 17 yards (23-K.Dugger).,0.779,2.739
2022,17,January 1,home,Miami Dolphins,https://www.pro-football-reference.com/boxscores/202301010nwe.htm,4,01:34,1,10,NE 31,23,14,"(1:34) (No Huddle, Shotgun) 19-S.Thompson pass incomplete short middle to 88-M.Gesicki.",3.518,-0.402
2022,17,January 1,home,Miami Dolphins,https://www.pro-football-reference.com/boxscores/202301010nwe.htm,4,01:30,2,10,NE 31,23,14,"(1:30) (Shotgun) 19-S.Thompson pass short right to 14-T.Sherfield to NE 8 for 23 yards (3-J.Peppers, 31-Jo.Jones). NE-31-Jo.Jones was injured during the play.",3.116,1.728
2022,17,January 1,home,Miami Dolphins,https://www.pro-football-reference.com/boxscores/202301010nwe.htm,4,01:16,,,NE 8,23,14,Timeout #2 by NE at 01:16. injury in last 2:00,4.843,0.000
2022,17,January 1,home,Miami Dolphins,https://www.pro-football-reference.com/boxscores/202301010nwe.htm,4,01:16,1,8,NE 8,23,14,"(1:16) (Shotgun) 19-S.Thompson pass incomplete short right to 88-M.Gesicki [9-M.Judon]. PENALTY on NE-39-T.Hayes, Defensive Holding, 4 yards, enforced at NE 8 - No Play.",4.843,0.560
2022,17,January 1,home,Miami Dolphins,https://www.pro-football-reference.com/boxscores/202301010nwe.htm,4,01:11,1,4,NE 4,23,20,"(1:11) (Shotgun) 19-S.Thompson pass short right to 88-M.Gesicki for 4 yards, TOUCHDOWN.",5.404,1.596
2022,17,January 1,home,Miami Dolphins,https://www.pro-football-reference.com/boxscores/202301010nwe.htm,4,01:04,,,NE 15,23,21,"7-J.Sanders extra point is GOOD, Center-44-B.Ferguson, Holder-4-T.Morstead.",0.932,0.068
2022,17,January 1,home,Miami Dolphins,https://www.pro-football-reference.com/boxscores/202301010nwe.htm,4,01:04,,,MIA 35,23,21,Timeout #3 by NE at 01:04.,0.437,0.000
2022,17,January 1,home,Miami Dolphins,https://www.pro-football-reference.com/boxscores/202301010nwe.htm,4,01:04,,,MIA 35,23,21,7-J.Sanders kicks onside 10 yards from MIA 35 to MIA 45. 85-H.Henry (didn't try to advance) to MIA 45 for no gain.,0.437,1.085
2022,17,January 1,home,Miami Dolphins,https://www.pro-football-reference.com/boxscores/202301010nwe.htm,4,01:03,1,10,MIA 45,23,21,(1:03) 10-M.Jones kneels to MIA 46 for -1 yards.,1.522,-0.578
2022,17,January 1,home,Miami Dolphins,https://www.pro-football-reference.com/boxscores/202301010nwe.htm,4,00:28,2,11,MIA 46,23,21,"(:28) 10-M.Jones kneels to MIA 47 for -1 yards. Belichick 329th career win (including postseason), 2nd all-time (Shula 347). Belichick 262nd career win with Patriots, 2nd all-time wins with one team (Halas 318).",0.944,-0.944
2022,18,January 8,away,Buffalo Bills,https://www.pro-football-reference.com/boxscores/202301080buf.htm,1,15:00,,,NE 35,0,6,"6-N.Folk kicks 61 yards from NE 35 to BUF 4. 20-N.Hines for 96 yards, TOUCHDOWN.",1.474,5.526
2022,18,January 8,away,Buffalo Bills,https://www.pro-football-reference.com/boxscores/202301080buf.htm,1,14:46,,,NE 15,0,7,"2-T.Bass extra point is GOOD, Center-69-R.Ferguson, Holder-8-S.Martin.",0.932,0.068
2022,18,January 8,away,Buffalo Bills,https://www.pro-football-reference.com/boxscores/202301080buf.htm,1,14:46,,,BUF 35,0,7,2-T.Bass kicks 56 yards from BUF 35 to NE 9. 25-Ma.Jones pushed ob at NE 26 for 17 yards (4-J.Johnson).,0.824,0.026
2022,18,January 8,away,Buffalo Bills,https://www.pro-football-reference.com/boxscores/202301080buf.htm,1,14:41,1,10,NE 26,0,7,(14:41) (Shotgun) 10-M.Jones pass incomplete short right to 37-D.Harris. Thrown under pressure by S.Lawson.,0.850,-0.602
2022,18,January 8,away,Buffalo Bills,https://www.pro-football-reference.com/boxscores/202301080buf.htm,1,14:36,2,10,NE 26,0,7,(14:36) (Shotgun) 37-D.Harris right end to NE 28 for 2 yards (50-G.Rousseau).,0.248,-0.659
2022,18,January 8,away,Buffalo Bills,https://www.pro-football-reference.com/boxscores/202301080buf.htm,1,13:56,3,8,NE 28,0,7,(13:56) (Shotgun) 10-M.Jones sacked at NE 19 for -9 yards (50-G.Rousseau).,-0.411,-2.055
2022,18,January 8,away,Buffalo Bills,https://www.pro-football-reference.com/boxscores/202301080buf.htm,1,13:17,4,17,NE 19,0,7,"(13:17) 17-M.Palardy punts 49 yards to BUF 32, Center-46-T.Addington, fair catch by 20-N.Hines.",-2.466,0.414
2022,18,January 8,away,Buffalo Bills,https://www.pro-football-reference.com/boxscores/202301080buf.htm,1,13:09,1,10,BUF 32,0,7,(13:09) (Shotgun) 17-J.Allen pass short left to 14-S.Diggs to BUF 37 for 5 yards (25-Ma.Jones).,2.052,-0.109
2022,18,January 8,away,Buffalo Bills,https://www.pro-football-reference.com/boxscores/202301080buf.htm,1,12:31,2,5,BUF 37,0,7,(12:31) (Shotgun) 17-J.Allen pass short right to 14-S.Diggs pushed ob at BUF 43 for 6 yards (31-Jo.Jones).,1.943,0.701
2022,18,January 8,away,Buffalo Bills,https://www.pro-football-reference.com/boxscores/202301080buf.htm,1,12:07,1,10,BUF 43,0,7,(12:07) (Shotgun) 17-J.Allen pass incomplete short left to 13-G.Davis.,2.644,-0.493
2022,18,January 8,away,Buffalo Bills,https://www.pro-football-reference.com/boxscores/202301080buf.htm,1,12:03,2,10,BUF 43,0,7,(12:03) (Shotgun) 17-J.Allen pass short middle to 26-D.Singletary to BUF 46 for 3 yards (48-J.Tavai).,2.151,-0.647
2022,18,January 8,away,Buffalo Bills,https://www.pro-football-reference.com/boxscores/202301080buf.htm,1,11:20,3,7,BUF 46,0,7,(11:20) (Shotgun) 17-J.Allen sacked at BUF 33 for -13 yards (91-D.Wise).,1.503,-2.317
2022,18,January 8,away,Buffalo Bills,https://www.pro-football-reference.com/boxscores/202301080buf.htm,1,10:37,4,20,BUF 33,0,7,"(10:37) 8-S.Martin punts 41 yards to NE 26, Center-69-R.Ferguson. 25-Ma.Jones to NE 26 for no gain (25-T.Jones).",-0.813,-0.082
2022,18,January 8,away,Buffalo Bills,https://www.pro-football-reference.com/boxscores/202301080buf.htm,1,10:29,1,10,NE 26,0,7,(10:29) 38-R.Stevenson left tackle to NE 29 for 3 yards (99-T.Settle).,0.896,-0.234
2022,18,January 8,away,Buffalo Bills,https://www.pro-football-reference.com/boxscores/202301080buf.htm,1,09:51,2,7,NE 29,0,7,(9:51) 10-M.Jones pass short left to 38-R.Stevenson pushed ob at NE 35 for 6 yards (58-M.Milano).,0.661,0.425
2022,18,January 8,away,Buffalo Bills,https://www.pro-football-reference.com/boxscores/202301080buf.htm,1,09:18,3,1,NE 35,0,7,(9:18) 10-M.Jones pass short right to 16-J.Meyers pushed ob at BUF 45 for 20 yards (49-T.Edmunds).,1.086,1.794
2022,18,January 8,away,Buffalo Bills,https://www.pro-football-reference.com/boxscores/202301080buf.htm,1,08:44,1,10,BUF 45,0,7,"(8:44) 10-M.Jones pass deep middle to 1-D.Parker to BUF 28 for 17 yards (30-D.Jackson). Penalty on BUF-27-T.White, Defensive Holding, declined.",2.880,1.188
2022,18,January 8,away,Buffalo Bills,https://www.pro-football-reference.com/boxscores/202301080buf.htm,1,08:24,1,10,BUF 28,0,7,(8:24) 10-M.Jones pass short right to 38-R.Stevenson to BUF 23 for 5 yards (49-T.Edmunds).,4.068,0.144
2022,18,January 8,away,Buffalo Bills,https://www.pro-football-reference.com/boxscores/202301080buf.htm,1,07:45,2,5,BUF 23,0,7,(7:45) (Shotgun) 37-D.Harris up the middle to BUF 17 for 6 yards (7-T.Johnson).,4.213,0.564
2022,18,January 8,away,Buffalo Bills,https://www.pro-football-reference.com/boxscores/202301080buf.htm,1,07:04,1,10,BUF 17,0,7,(7:04) (Shotgun) 10-M.Jones pass short left to 1-D.Parker ran ob at BUF 6 for 11 yards.,4.777,0.825
2022,18,January 8,away,Buffalo Bills,https://www.pro-football-reference.com/boxscores/202301080buf.htm,1,06:29,1,6,BUF 6,0,7,(6:29) (Shotgun) 10-M.Jones left guard to BUF 2 for 4 yards (90-S.Lawson).,5.602,0.228
2022,18,January 8,away,Buffalo Bills,https://www.pro-football-reference.com/boxscores/202301080buf.htm,1,05:50,2,2,BUF 2,6,7,"(5:50) (Shotgun) 10-M.Jones pass short left to 16-J.Meyers for 2 yards, TOUCHDOWN. The Replay Official reviewed the pass completion ruling, and the play was Upheld. The ruling on the field stands.",5.829,1.171
2022,18,January 8,away,Buffalo Bills,https://www.pro-football-reference.com/boxscores/202301080buf.htm,1,05:45,,,BUF 15,7,7,"6-N.Folk extra point is GOOD, Center-46-T.Addington, Holder-17-M.Palardy.",0.932,0.068
2022,18,January 8,away,Buffalo Bills,https://www.pro-football-reference.com/boxscores/202301080buf.htm,1,05:45,,,NE 35,7,7,6-N.Folk kicks 60 yards from NE 35 to BUF 5. 20-N.Hines to BUF 25 for 20 yards (27-M.Bryant; 18-M.Slater). NE-3-J.Peppers was injured during the play. His return is Questionable.  J.Peppers walks off.,1.405,-0.000
2022,18,January 8,away,Buffalo Bills,https://www.pro-football-reference.com/boxscores/202301080buf.htm,1,05:38,1,10,BUF 25,7,7,(5:38) 26-D.Singletary left guard to BUF 31 for 6 yards (91-D.Wise; 23-K.Dugger).,1.405,0.222
2022,18,January 8,away,Buffalo Bills,https://www.pro-football-reference.com/boxscores/202301080buf.htm,1,04:54,2,4,BUF 31,7,7,(4:54) 17-J.Allen scrambles left end ran ob at BUF 33 for 2 yards (48-J.Tavai).,1.627,-0.385
2022,18,January 8,away,Buffalo Bills,https://www.pro-football-reference.com/boxscores/202301080buf.htm,1,04:16,3,2,BUF 33,7,7,(4:16) (Shotgun) 17-J.Allen pass deep right to 14-S.Diggs pushed ob at BUF 49 for 16 yards (27-M.Bryant).,1.242,1.675
2022,18,January 8,away,Buffalo Bills,https://www.pro-football-reference.com/boxscores/202301080buf.htm,1,03:36,1,10,BUF 49,7,7,(3:36) (Shotgun) 17-J.Allen pass incomplete short left to 13-G.Davis.,2.917,-0.510
2022,18,January 8,away,Buffalo Bills,https://www.pro-football-reference.com/boxscores/202301080buf.htm,1,03:32,2,10,BUF 49,7,7,(3:32) (Shotgun) 17-J.Allen pass short right to 13-G.Davis to NE 42 for 9 yards (31-Jo.Jones).,2.407,0.550
2022,18,January 8,away,Buffalo Bills,https://www.pro-football-reference.com/boxscores/202301080buf.htm,1,02:45,3,1,NE 42,7,7,(2:45) 68-B.Hart reported in as eligible.  26-D.Singletary left tackle to NE 40 for 2 yards (25-Ma.Jones).,2.958,0.581
2022,18,January 8,away,Buffalo Bills,https://www.pro-football-reference.com/boxscores/202301080buf.htm,1,02:04,1,10,NE 40,7,7,(2:04) (Shotgun) 17-J.Allen pass incomplete deep middle to 13-G.Davis (48-J.Tavai). Pass tipped in coverage between QB and receiver.,3.539,-0.545
2022,18,January 8,away,Buffalo Bills,https://www.pro-football-reference.com/boxscores/202301080buf.htm,1,01:58,2,10,NE 40,7,7,(1:58) (Shotgun) 17-J.Allen pass short left to 14-S.Diggs pushed ob at NE 24 for 16 yards (25-Ma.Jones).,2.994,1.665
2022,18,January 8,away,Buffalo Bills,https://www.pro-football-reference.com/boxscores/202301080buf.htm,1,01:25,1,10,NE 24,7,7,(1:25) 68-B.Hart reported in as eligible.  28-J.Cook right end to NE 21 for 3 yards (8-J.Bentley).,4.659,-0.332
2022,18,January 8,away,Buffalo Bills,https://www.pro-football-reference.com/boxscores/202301080buf.htm,1,00:44,2,7,NE 21,7,7,(:44) 17-J.Allen pass incomplete deep left to 10-K.Shakir (32-D.McCourty).,4.326,-0.634
2022,18,January 8,away,Buffalo Bills,https://www.pro-football-reference.com/boxscores/202301080buf.htm,1,00:39,3,7,NE 21,7,7,"(:39) (Shotgun) 17-J.Allen pass deep middle to 13-G.Davis to NE 2 for 19 yards (27-M.Bryant, 25-Ma.Jones). Thrown under pressure by J.Uche.",3.692,2.650
2022,18,January 8,away,Buffalo Bills,https://www.pro-football-reference.com/boxscores/202301080buf.htm,2,15:00,1,2,NE 2,7,7,"(15:00) 26-D.Singletary left guard to NE 4 for -2 yards (92-D.Godchaux, 58-A.Jennings).",6.343,-0.746
2022,18,January 8,away,Buffalo Bills,https://www.pro-football-reference.com/boxscores/202301080buf.htm,2,14:23,2,4,NE 4,7,13,"(14:23) (Shotgun) 17-J.Allen pass short middle to 88-D.Knox for 4 yards, TOUCHDOWN.",5.597,1.403
2022,18,January 8,away,Buffalo Bills,https://www.pro-football-reference.com/boxscores/202301080buf.htm,2,14:15,,,NE 15,7,14,"2-T.Bass extra point is GOOD, Center-69-R.Ferguson, Holder-8-S.Martin.",0.932,0.068
2022,18,January 8,away,Buffalo Bills,https://www.pro-football-reference.com/boxscores/202301080buf.htm,2,14:15,,,BUF 35,7,14,"2-T.Bass kicks 65 yards from BUF 35 to end zone, Touchback. Kick through end zone.",0.921,0.000
2022,18,January 8,away,Buffalo Bills,https://www.pro-football-reference.com/boxscores/202301080buf.htm,2,14:15,1,10,NE 25,7,14,"(14:15) (Shotgun) 37-D.Harris up the middle to NE 19 for -6 yards (92-D.Jones, 90-S.Lawson).",0.921,-1.402
2022,18,January 8,away,Buffalo Bills,https://www.pro-football-reference.com/boxscores/202301080buf.htm,2,13:40,2,16,NE 19,7,14,(13:40) (Shotgun) 10-M.Jones pass short right to 1-D.Parker ran ob at NE 28 for 9 yards.,-0.481,0.380
2022,18,January 8,away,Buffalo Bills,https://www.pro-football-reference.com/boxscores/202301080buf.htm,2,13:01,3,7,NE 28,7,14,"(13:01) (Shotgun) 10-M.Jones pass incomplete short left [49-T.Edmunds]. Thrown away, under pressure.",-0.101,-1.270
2022,18,January 8,away,Buffalo Bills,https://www.pro-football-reference.com/boxscores/202301080buf.htm,2,12:56,4,7,NE 28,7,14,"(12:56) 17-M.Palardy punts 44 yards to BUF 28, Center-46-T.Addington. 20-N.Hines to BUF 34 for 6 yards (97-D.Mitchell).",-1.371,-0.386
2022,18,January 8,away,Buffalo Bills,https://www.pro-football-reference.com/boxscores/202301080buf.htm,2,12:44,1,10,BUF 34,7,14,(12:44) (Shotgun) 17-J.Allen pass short right to 28-J.Cook to BUF 36 for 2 yards (23-K.Dugger; 39-T.Hayes).,1.757,-0.336
2022,18,January 8,away,Buffalo Bills,https://www.pro-football-reference.com/boxscores/202301080buf.htm,2,12:05,2,8,BUF 36,7,14,(12:05) (Shotgun) 28-J.Cook right tackle to BUF 41 for 5 yards (95-D.Ekuale; 8-J.Bentley). NE-9-M.Judon was injured during the play. His return is Questionable.  M.Judon walks off.,1.421,-0.075
2022,18,January 8,away,Buffalo Bills,https://www.pro-football-reference.com/boxscores/202301080buf.htm,2,11:36,3,3,BUF 41,7,14,(11:36) (Shotgun) 17-J.Allen pass short middle to 6-I.McKenzie to BUF 47 for 6 yards (27-M.Bryant). Pressure on QB: C.Barmore.,1.346,1.270
2022,18,January 8,away,Buffalo Bills,https://www.pro-football-reference.com/boxscores/202301080buf.htm,2,10:54,1,10,BUF 47,7,14,(10:54) (Shotgun) 17-J.Allen pass incomplete short left to 14-S.Diggs.,2.616,-0.499
2022,18,January 8,away,Buffalo Bills,https://www.pro-football-reference.com/boxscores/202301080buf.htm,2,10:50,2,10,BUF 47,7,14,(10:50) (Shotgun) 17-J.Allen pass short left to 28-J.Cook to NE 49 for 4 yards (31-Jo.Jones).,2.117,-0.593
2022,18,January 8,away,Buffalo Bills,https://www.pro-football-reference.com/boxscores/202301080buf.htm,2,10:05,3,6,NE 49,7,14,(10:05) (Shotgun) 17-J.Allen sacked at BUF 47 for -4 yards (95-D.Ekuale).,1.524,-1.746
2022,18,January 8,away,Buffalo Bills,https://www.pro-football-reference.com/boxscores/202301080buf.htm,2,09:28,4,10,BUF 47,7,14,"(9:28) 8-S.Martin punts 39 yards to NE 14, Center-69-R.Ferguson. 25-Ma.Jones to NE 26 for 12 yards (69-R.Ferguson, 85-Q.Morris).",-0.222,-0.806
2022,18,January 8,away,Buffalo Bills,https://www.pro-football-reference.com/boxscores/202301080buf.htm,2,09:16,1,10,NE 26,7,14,(9:16) (Shotgun) 10-M.Jones pass short left to 84-K.Bourne pushed ob at NE 30 for 4 yards (7-T.Johnson).,1.027,-0.103
2022,18,January 8,away,Buffalo Bills,https://www.pro-football-reference.com/boxscores/202301080buf.htm,2,08:38,2,6,NE 30,7,14,(8:38) 38-R.Stevenson left guard to NE 48 for 18 yards (21-J.Poyer).,0.925,1.487
2022,18,January 8,away,Buffalo Bills,https://www.pro-football-reference.com/boxscores/202301080buf.htm,2,08:01,1,10,NE 48,7,14,(8:01) 10-M.Jones pass short left to 38-R.Stevenson to BUF 44 for 8 yards (58-M.Milano).,2.411,0.619
2022,18,January 8,away,Buffalo Bills,https://www.pro-football-reference.com/boxscores/202301080buf.htm,2,07:16,2,2,BUF 44,7,14,(7:16) 10-M.Jones pass deep middle to 84-K.Bourne to BUF 24 for 20 yards (21-J.Poyer).,3.030,1.200
2022,18,January 8,away,Buffalo Bills,https://www.pro-football-reference.com/boxscores/202301080buf.htm,2,06:31,1,10,BUF 24,7,14,"(6:31) (Shotgun) 38-R.Stevenson right end to BUF 20 for 4 yards (21-J.Poyer, 24-K.Elam).",4.230,-0.198
2022,18,January 8,away,Buffalo Bills,https://www.pro-football-reference.com/boxscores/202301080buf.htm,2,05:46,2,6,BUF 20,7,14,(5:46) (Shotgun) 37-D.Harris up the middle to BUF 17 for 3 yards (58-M.Milano).,4.032,-0.054
2022,18,January 8,away,Buffalo Bills,https://www.pro-football-reference.com/boxscores/202301080buf.htm,2,05:09,3,3,BUF 17,7,14,(5:09) (Shotgun) 10-M.Jones pass short left to 84-K.Bourne to BUF 7 for 10 yards (24-K.Elam).,3.978,1.327
2022,18,January 8,away,Buffalo Bills,https://www.pro-football-reference.com/boxscores/202301080buf.htm,2,04:29,1,7,BUF 7,7,14,"(4:29) (Shotgun) 10-M.Jones pass short middle to 38-R.Stevenson to BUF 2 for 5 yards (31-D.Marlowe, 21-J.Poyer). NE-75-C.McDermott was injured during the play.  C.McDermott walks off.",5.305,0.471
2022,18,January 8,away,Buffalo Bills,https://www.pro-football-reference.com/boxscores/202301080buf.htm,2,03:51,2,2,BUF 2,13,14,"(3:51) (Shotgun) 10-M.Jones pass short right to 1-D.Parker for 2 yards, TOUCHDOWN.",5.777,1.223
2022,18,January 8,away,Buffalo Bills,https://www.pro-football-reference.com/boxscores/202301080buf.htm,2,03:45,,,BUF 15,14,14,"6-N.Folk extra point is GOOD, Center-46-T.Addington, Holder-17-M.Palardy.",0.932,0.068
2022,18,January 8,away,Buffalo Bills,https://www.pro-football-reference.com/boxscores/202301080buf.htm,2,03:45,,,NE 35,14,14,"6-N.Folk kicks 55 yards from NE 35 to BUF 10. 20-N.Hines to BUF 28 for 18 yards (30-M.Wilson, 23-K.Dugger).",0.828,0.104
2022,18,January 8,away,Buffalo Bills,https://www.pro-football-reference.com/boxscores/202301080buf.htm,2,03:38,1,10,BUF 28,14,14,(3:38) (Shotgun) 28-J.Cook up the middle to BUF 33 for 5 yards (92-D.Godchaux; 50-R.McMillan).,0.932,0.213
2022,18,January 8,away,Buffalo Bills,https://www.pro-football-reference.com/boxscores/202301080buf.htm,2,03:00,2,5,BUF 33,14,14,(3:00) (Shotgun) 26-D.Singletary left guard to NE 49 for 18 yards (32-D.McCourty).,1.144,1.279
2022,18,January 8,away,Buffalo Bills,https://www.pro-football-reference.com/boxscores/202301080buf.htm,2,02:18,1,10,NE 49,14,14,"(2:18) 28-J.Cook left guard to NE 39 for 10 yards (23-K.Dugger, 21-A.Phillips).",2.423,0.598
2022,18,January 8,away,Buffalo Bills,https://www.pro-football-reference.com/boxscores/202301080buf.htm,2,02:00,1,10,NE 39,14,14,(2:00) (Shotgun) 17-J.Allen pass short right to 14-S.Diggs pushed ob at NE 33 for 6 yards (27-M.Bryant).,3.022,0.276
2022,18,January 8,away,Buffalo Bills,https://www.pro-football-reference.com/boxscores/202301080buf.htm,2,01:54,2,4,NE 33,14,14,"(1:54) (No Huddle, Shotgun) 28-J.Cook left tackle to NE 30 for 3 yards (92-D.Godchaux, 8-J.Bentley).",3.298,0.010
2022,18,January 8,away,Buffalo Bills,https://www.pro-football-reference.com/boxscores/202301080buf.htm,2,01:17,,,NE 30,14,14,Timeout #1 by NE at 01:17.,3.307,0.000
2022,18,January 8,away,Buffalo Bills,https://www.pro-football-reference.com/boxscores/202301080buf.htm,2,01:17,3,1,NE 30,14,14,(1:17) 68-B.Hart reported in as eligible.  17-J.Allen up the middle to NE 28 for 2 yards (8-J.Bentley).,3.307,0.148
2022,18,January 8,away,Buffalo Bills,https://www.pro-football-reference.com/boxscores/202301080buf.htm,2,00:52,1,10,NE 28,14,14,"(:52) (No Huddle, Shotgun) 17-J.Allen scrambles right tackle ran ob at NE 22 for 6 yards (25-Ma.Jones).",3.456,0.477
2022,18,January 8,away,Buffalo Bills,https://www.pro-football-reference.com/boxscores/202301080buf.htm,2,00:44,2,4,NE 22,14,14,"(:44) (Shotgun) 17-J.Allen scrambles left guard to NE 15 for 7 yards (8-J.Bentley, 90-C.Barmore).",3.933,0.422
2022,18,January 8,away,Buffalo Bills,https://www.pro-football-reference.com/boxscores/202301080buf.htm,2,00:38,,,NE 15,14,14,Timeout #1 by BUF at 00:38.,4.354,0.000
2022,18,January 8,away,Buffalo Bills,https://www.pro-football-reference.com/boxscores/202301080buf.htm,2,00:38,1,10,NE 15,14,14,(:38) (Shotgun) 17-J.Allen pass incomplete short middle to 13-G.Davis.,4.354,-0.385
2022,18,January 8,away,Buffalo Bills,https://www.pro-football-reference.com/boxscores/202301080buf.htm,2,00:33,2,10,NE 15,14,14,(:33) (Shotgun) 17-J.Allen pass incomplete short left to 14-S.Diggs.,3.969,-0.608
2022,18,January 8,away,Buffalo Bills,https://www.pro-football-reference.com/boxscores/202301080buf.htm,2,00:26,3,10,NE 15,14,14,(:26) (Shotgun) 17-J.Allen pass short middle intended for 13-G.Davis INTERCEPTED by 32-D.McCourty (90-C.Barmore) [9-M.Judon] at NE 3. 32-D.McCourty to NE 33 for 30 yards (88-D.Knox).,3.361,-3.517
2022,18,January 8,away,Buffalo Bills,https://www.pro-football-reference.com/boxscores/202301080buf.htm,2,00:16,,,NE 33,14,14,Timeout #2 by NE at 00:16.,0.157,0.000
2022,18,January 8,away,Buffalo Bills,https://www.pro-football-reference.com/boxscores/202301080buf.htm,2,00:16,1,10,NE 33,14,14,(:16) (Shotgun) 10-M.Jones pass incomplete deep middle to 16-J.Meyers (49-T.Edmunds).,0.157,-0.157
2022,18,January 8,away,Buffalo Bills,https://www.pro-football-reference.com/boxscores/202301080buf.htm,2,00:10,2,10,NE 33,14,14,(:10) 10-M.Jones kneels to NE 29 for -4 yards.,0.000,0.000
2022,18,January 8,away,Buffalo Bills,https://www.pro-football-reference.com/boxscores/202301080buf.htm,3,15:00,,,BUF 35,14,14,2-T.Bass kicks 59 yards from BUF 35 to NE 6. 25-Ma.Jones to NE 19 for 13 yards (43-T.Bernard).,0.770,-0.486
2022,18,January 8,away,Buffalo Bills,https://www.pro-football-reference.com/boxscores/202301080buf.htm,3,14:54,1,10,NE 19,14,14,(14:54) (Shotgun) 10-M.Jones pass short right to 84-K.Bourne to NE 30 for 11 yards (7-T.Johnson; 90-S.Lawson).,0.284,0.834
2022,18,January 8,away,Buffalo Bills,https://www.pro-football-reference.com/boxscores/202301080buf.htm,3,14:11,1,10,NE 30,14,14,(14:11) 37-D.Harris right guard to NE 31 for 1 yard (50-G.Rousseau).,1.118,-0.496
2022,18,January 8,away,Buffalo Bills,https://www.pro-football-reference.com/boxscores/202301080buf.htm,3,13:34,2,9,NE 31,14,14,(13:34) (Shotgun) 10-M.Jones pass short left to 85-H.Henry to NE 36 for 5 yards (7-T.Johnson).,0.622,0.004
2022,18,January 8,away,Buffalo Bills,https://www.pro-football-reference.com/boxscores/202301080buf.htm,3,12:56,3,4,NE 36,14,14,(12:56) (Shotgun) 10-M.Jones pass short middle to 85-H.Henry to NE 49 for 13 yards (58-M.Milano).,0.625,1.865
2022,18,January 8,away,Buffalo Bills,https://www.pro-football-reference.com/boxscores/202301080buf.htm,3,12:17,1,10,NE 49,14,14,(12:17) (Shotgun) 37-D.Harris left guard to BUF 45 for 6 yards (49-T.Edmunds).,2.491,0.271
2022,18,January 8,away,Buffalo Bills,https://www.pro-football-reference.com/boxscores/202301080buf.htm,3,11:38,2,4,BUF 45,14,14,(11:38) 37-D.Harris up the middle to BUF 42 for 3 yards (91-E.Oliver).,2.761,-0.201
2022,18,January 8,away,Buffalo Bills,https://www.pro-football-reference.com/boxscores/202301080buf.htm,3,10:58,3,1,BUF 42,14,14,(10:58) (Shotgun) 10-M.Jones pass incomplete short right to 16-J.Meyers (49-T.Edmunds).,2.561,-1.721
2022,18,January 8,away,Buffalo Bills,https://www.pro-football-reference.com/boxscores/202301080buf.htm,3,10:55,4,1,BUF 42,14,14,(10:55) (Shotgun) 10-M.Jones pass short right to 85-H.Henry to BUF 37 for 5 yards (49-T.Edmunds).,0.840,2.564
2022,18,January 8,away,Buffalo Bills,https://www.pro-football-reference.com/boxscores/202301080buf.htm,3,10:16,1,10,BUF 37,14,14,(10:16) 38-R.Stevenson left guard to BUF 21 for 16 yards (21-J.Poyer).,3.404,1.097
2022,18,January 8,away,Buffalo Bills,https://www.pro-football-reference.com/boxscores/202301080buf.htm,3,09:32,1,10,BUF 21,14,14,(9:32) (Shotgun) 10-M.Jones pass deep left intended for 15-N.Agholor INTERCEPTED by 27-T.White at BUF 2. 27-T.White to BUF 2 for no gain (15-N.Agholor).,4.501,-4.478
2022,18,January 8,away,Buffalo Bills,https://www.pro-football-reference.com/boxscores/202301080buf.htm,3,09:26,1,10,BUF 2,14,14,(9:26) 26-D.Singletary left end to BUF 7 for 5 yards (9-M.Judon).,-0.023,-0.110
2022,18,January 8,away,Buffalo Bills,https://www.pro-football-reference.com/boxscores/202301080buf.htm,3,08:43,2,5,BUF 7,14,14,"(8:43) 26-D.Singletary right tackle to BUF 9 for 2 yards (31-Jo.Jones). FUMBLES (31-Jo.Jones), RECOVERED by NE-32-D.McCourty at BUF 11.",-0.133,-4.859
2022,18,January 8,away,Buffalo Bills,https://www.pro-football-reference.com/boxscores/202301080buf.htm,3,08:34,1,10,BUF 11,14,14,(8:34) (Shotgun) 37-D.Harris up the middle to BUF 9 for 2 yards (50-G.Rousseau).,4.992,-0.438
2022,18,January 8,away,Buffalo Bills,https://www.pro-football-reference.com/boxscores/202301080buf.htm,3,08:00,2,8,BUF 9,14,14,(8:00) (Shotgun) 10-M.Jones pass incomplete short left to 37-D.Harris (58-M.Milano).,4.555,-0.751
2022,18,January 8,away,Buffalo Bills,https://www.pro-football-reference.com/boxscores/202301080buf.htm,3,07:55,3,8,BUF 9,14,14,(7:55) (Shotgun) 10-M.Jones scrambles up the middle to BUF 6 for 3 yards (58-M.Milano).,3.803,-0.862
2022,18,January 8,away,Buffalo Bills,https://www.pro-football-reference.com/boxscores/202301080buf.htm,3,07:09,4,5,BUF 6,17,14,"(7:09) 6-N.Folk 24 yard field goal is GOOD, Center-46-T.Addington, Holder-17-M.Palardy.",2.941,0.059
2022,18,January 8,away,Buffalo Bills,https://www.pro-football-reference.com/boxscores/202301080buf.htm,3,07:06,,,NE 35,17,20,"6-N.Folk kicks 66 yards from NE 35 to BUF -1. 20-N.Hines for 101 yards, TOUCHDOWN.",1.408,5.592
2022,18,January 8,away,Buffalo Bills,https://www.pro-football-reference.com/boxscores/202301080buf.htm,3,06:53,,,NE 15,17,21,"2-T.Bass extra point is GOOD, Center-69-R.Ferguson, Holder-8-S.Martin.",0.932,0.068
2022,18,January 8,away,Buffalo Bills,https://www.pro-football-reference.com/boxscores/202301080buf.htm,3,06:53,,,BUF 35,17,21,2-T.Bass kicks 62 yards from BUF 35 to NE 3. 25-Ma.Jones pushed ob at NE 39 for 36 yards (2-T.Bass).,0.869,0.889
2022,18,January 8,away,Buffalo Bills,https://www.pro-football-reference.com/boxscores/202301080buf.htm,3,06:45,1,10,NE 39,17,21,"(6:45) (Shotgun) 10-M.Jones pass short right to 85-H.Henry to NE 48 for 9 yards (49-T.Edmunds, 58-M.Milano).",1.758,0.904
2022,18,January 8,away,Buffalo Bills,https://www.pro-football-reference.com/boxscores/202301080buf.htm,3,06:10,2,1,NE 48,17,21,(6:10) 10-M.Jones up the middle to 50 for 2 yards (49-T.Edmunds).,2.662,-0.111
2022,18,January 8,away,Buffalo Bills,https://www.pro-football-reference.com/boxscores/202301080buf.htm,3,05:35,1,10,MID 50,17,21,(5:35) 38-R.Stevenson left guard to BUF 47 for 3 yards (55-C.Basham).,2.551,-0.262
2022,18,January 8,away,Buffalo Bills,https://www.pro-football-reference.com/boxscores/202301080buf.htm,3,04:57,2,7,BUF 47,17,21,(4:57) (Shotgun) 10-M.Jones pass incomplete short right to 38-R.Stevenson [57-A.Epenesa].,2.289,-0.868
2022,18,January 8,away,Buffalo Bills,https://www.pro-football-reference.com/boxscores/202301080buf.htm,3,04:51,3,7,BUF 47,17,21,(4:51) (Shotgun) 10-M.Jones pass incomplete short middle to 11-T.Thornton.,1.421,-1.719
2022,18,January 8,away,Buffalo Bills,https://www.pro-football-reference.com/boxscores/202301080buf.htm,3,04:45,4,7,BUF 47,17,21,"(4:45) 17-M.Palardy punts 28 yards to BUF 19, Center-46-T.Addington, fair catch by 20-N.Hines.",-0.298,-0.558
2022,18,January 8,away,Buffalo Bills,https://www.pro-football-reference.com/boxscores/202301080buf.htm,3,04:37,1,10,BUF 19,17,21,(4:37) 17-J.Allen pass incomplete short right to 13-G.Davis.,0.856,-0.594
2022,18,January 8,away,Buffalo Bills,https://www.pro-football-reference.com/boxscores/202301080buf.htm,3,04:35,2,10,BUF 19,17,21,(4:35) (Shotgun) 17-J.Allen pass short left to 88-D.Knox pushed ob at BUF 28 for 9 yards (21-A.Phillips).,0.262,0.953
2022,18,January 8,away,Buffalo Bills,https://www.pro-football-reference.com/boxscores/202301080buf.htm,3,03:55,3,1,BUF 28,17,21,(3:55) 17-J.Allen left guard to BUF 31 for 3 yards (48-J.Tavai; 9-M.Judon).,1.215,0.528
2022,18,January 8,away,Buffalo Bills,https://www.pro-football-reference.com/boxscores/202301080buf.htm,3,03:13,1,10,BUF 31,17,21,"(3:13) (Shotgun) 17-J.Allen left end to BUF 30 for -1 yards (9-M.Judon, 23-K.Dugger). NE-23-K.Dugger was injured during the play.  K.Dugger walks off.",1.743,-0.792
2022,18,January 8,away,Buffalo Bills,https://www.pro-football-reference.com/boxscores/202301080buf.htm,3,02:35,2,11,BUF 30,17,21,(2:35) (Shotgun) 17-J.Allen pass short middle to 10-K.Shakir to NE 42 for 28 yards (27-M.Bryant; 32-D.McCourty).,0.951,2.417
2022,18,January 8,away,Buffalo Bills,https://www.pro-football-reference.com/boxscores/202301080buf.htm,3,01:48,1,10,NE 42,17,21,(1:48) (Shotgun) 17-J.Allen pass incomplete short left to 6-I.McKenzie.,3.367,-0.530
2022,18,January 8,away,Buffalo Bills,https://www.pro-football-reference.com/boxscores/202301080buf.htm,3,01:43,2,10,NE 42,17,27,"(1:43) (Shotgun) 17-J.Allen pass deep right to 16-J.Brown for 42 yards, TOUCHDOWN.",2.837,4.163
2022,18,January 8,away,Buffalo Bills,https://www.pro-football-reference.com/boxscores/202301080buf.htm,3,01:35,,,NE 15,17,28,"2-T.Bass extra point is GOOD, Center-69-R.Ferguson, Holder-8-S.Martin.",0.932,0.068
2022,18,January 8,away,Buffalo Bills,https://www.pro-football-reference.com/boxscores/202301080buf.htm,3,01:35,,,BUF 35,17,28,2-T.Bass kicks 66 yards from BUF 35 to NE -1. 25-Ma.Jones pushed ob at NE 15 for 16 yards (39-C.Lewis).,0.903,-0.727
2022,18,January 8,away,Buffalo Bills,https://www.pro-football-reference.com/boxscores/202301080buf.htm,3,01:30,1,10,NE 15,17,28,(1:30) (Shotgun) 10-M.Jones pass short left to 1-D.Parker to NE 29 for 14 yards (31-D.Marlowe).,0.176,1.032
2022,18,January 8,away,Buffalo Bills,https://www.pro-football-reference.com/boxscores/202301080buf.htm,3,00:52,1,10,NE 29,17,28,"(:52) 37-D.Harris up the middle to NE 48 for 19 yards (31-D.Marlowe, 27-T.White).",1.208,1.213
2022,18,January 8,away,Buffalo Bills,https://www.pro-football-reference.com/boxscores/202301080buf.htm,3,00:07,1,10,NE 48,17,28,(:07) 37-D.Harris left guard to 50 for 2 yards (49-T.Edmunds; 7-T.Johnson).,2.420,-0.445
2022,18,January 8,away,Buffalo Bills,https://www.pro-football-reference.com/boxscores/202301080buf.htm,4,15:00,2,8,MID 50,17,28,"(15:00) (Shotgun) 10-M.Jones pass short left to 37-D.Harris to BUF 45 for 5 yards (31-D.Marlowe) [50-G.Rousseau]. PENALTY on BUF-24-K.Elam, Defensive Holding, 5 yards, enforced at 50 - No Play.",1.975,0.840
2022,18,January 8,away,Buffalo Bills,https://www.pro-football-reference.com/boxscores/202301080buf.htm,4,14:31,1,10,BUF 45,17,28,"(14:31) (Shotgun) 10-M.Jones pass incomplete deep right to 16-J.Meyers [92-D.Jones]. NE-71-M.Onwenu was injured during the play.  PENALTY on NE-60-D.Andrews, Offensive Holding, 10 yards, enforced at BUF 45 - No Play. M.Onwenu walks off.",2.816,-0.905
2022,18,January 8,away,Buffalo Bills,https://www.pro-football-reference.com/boxscores/202301080buf.htm,4,14:26,1,20,NE 45,17,28,(14:26) (Shotgun) 10-M.Jones pass short left to 38-R.Stevenson pushed ob at NE 49 for 4 yards (58-M.Milano).,1.911,-0.340
2022,18,January 8,away,Buffalo Bills,https://www.pro-football-reference.com/boxscores/202301080buf.htm,4,13:47,2,16,NE 49,17,28,"(13:47) (Shotgun) 38-R.Stevenson up the middle to BUF 41 for 10 yards (7-T.Johnson, 21-J.Poyer). FUMBLES (21-J.Poyer), recovered by NE-60-D.Andrews at BUF 41.",1.571,0.271
2022,18,January 8,away,Buffalo Bills,https://www.pro-football-reference.com/boxscores/202301080buf.htm,4,13:05,3,6,BUF 41,17,28,(13:05) (Shotgun) 10-M.Jones pass short right to 85-H.Henry to BUF 36 for 5 yards (21-J.Poyer).,1.842,-0.213
2022,18,January 8,away,Buffalo Bills,https://www.pro-football-reference.com/boxscores/202301080buf.htm,4,12:20,4,1,BUF 36,17,28,(12:20) 10-M.Jones pass short right to 16-J.Meyers pushed ob at BUF 26 for 10 yards (27-T.White).,1.628,2.509
2022,18,January 8,away,Buffalo Bills,https://www.pro-football-reference.com/boxscores/202301080buf.htm,4,11:43,1,10,BUF 26,23,28,"(11:43) (Shotgun) 10-M.Jones pass deep left to 1-D.Parker for 26 yards, TOUCHDOWN.",4.137,2.863
2022,18,January 8,away,Buffalo Bills,https://www.pro-football-reference.com/boxscores/202301080buf.htm,4,11:37,,,BUF 2,23,28,TWO-POINT CONVERSION ATTEMPT. 10-M.Jones pass to 38-R.Stevenson is incomplete. ATTEMPT FAILS.,0.947,-0.947
2022,18,January 8,away,Buffalo Bills,https://www.pro-football-reference.com/boxscores/202301080buf.htm,4,11:37,,,NE 35,23,28,"6-N.Folk kicks 50 yards from NE 35 to BUF 15, out of bounds.",1.241,0.904
2022,18,January 8,away,Buffalo Bills,https://www.pro-football-reference.com/boxscores/202301080buf.htm,4,11:37,1,10,BUF 40,23,28,"(11:37) (Shotgun) 17-J.Allen pass short left to 13-G.Davis to NE 49 for 11 yards (32-D.McCourty, 31-Jo.Jones).",2.144,0.659
2022,18,January 8,away,Buffalo Bills,https://www.pro-football-reference.com/boxscores/202301080buf.htm,4,10:53,1,10,NE 49,23,28,(10:53) (Shotgun) 28-J.Cook left guard to NE 47 for 2 yards (8-J.Bentley; 32-D.McCourty).,2.803,-0.453
2022,18,January 8,away,Buffalo Bills,https://www.pro-football-reference.com/boxscores/202301080buf.htm,4,10:13,2,8,NE 47,23,28,"(10:13) (Shotgun) 17-J.Allen pass short right to 88-D.Knox to NE 40 for 7 yards (8-J.Bentley). PENALTY on BUF-28-J.Cook, Chop Block, 15 yards, enforced at NE 47 - No Play.",2.350,-1.241
2022,18,January 8,away,Buffalo Bills,https://www.pro-football-reference.com/boxscores/202301080buf.htm,4,09:46,2,23,BUF 38,23,28,(9:46) (Shotgun) 17-J.Allen pass short right to 6-I.McKenzie to NE 49 for 13 yards (32-D.McCourty).,1.108,0.359
2022,18,January 8,away,Buffalo Bills,https://www.pro-football-reference.com/boxscores/202301080buf.htm,4,08:59,3,10,NE 49,23,34,"(8:59) (Shotgun) 17-J.Allen pass deep left to 14-S.Diggs for 49 yards, TOUCHDOWN.",1.467,5.533
2022,18,January 8,away,Buffalo Bills,https://www.pro-football-reference.com/boxscores/202301080buf.htm,4,08:51,,,NE 15,23,35,"2-T.Bass extra point is GOOD, Center-69-R.Ferguson, Holder-8-S.Martin.",0.932,0.068
2022,18,January 8,away,Buffalo Bills,https://www.pro-football-reference.com/boxscores/202301080buf.htm,4,08:51,,,BUF 35,23,35,"2-T.Bass kicks 65 yards from BUF 35 to end zone, Touchback. Kick through Endzone",1.053,0.000
2022,18,January 8,away,Buffalo Bills,https://www.pro-football-reference.com/boxscores/202301080buf.htm,4,08:51,1,10,NE 25,23,35,(8:51) (Shotgun) 10-M.Jones pass incomplete short right to 16-J.Meyers.,1.053,-0.524
2022,18,January 8,away,Buffalo Bills,https://www.pro-football-reference.com/boxscores/202301080buf.htm,4,08:47,2,10,NE 25,23,35,(8:47) (Shotgun) 10-M.Jones pass incomplete short left to 16-J.Meyers (7-T.Johnson).,0.529,-0.636
2022,18,January 8,away,Buffalo Bills,https://www.pro-football-reference.com/boxscores/202301080buf.htm,4,08:42,3,10,NE 25,23,35,(8:42) (Shotgun) 10-M.Jones pass incomplete deep middle to 1-D.Parker.,-0.107,-1.218
2022,18,January 8,away,Buffalo Bills,https://www.pro-football-reference.com/boxscores/202301080buf.htm,4,08:34,4,10,NE 25,23,35,"(8:34) 17-M.Palardy punts 40 yards to BUF 35, Center-46-T.Addington. 25-T.Jones MUFFS catch, RECOVERED by NE-8-J.Bentley at BUF 35. Penalty on BUF-33-S.Neal, Illegal Block Above the Waist, declined.",-1.325,4.831
2022,18,January 8,away,Buffalo Bills,https://www.pro-football-reference.com/boxscores/202301080buf.htm,4,08:22,1,10,BUF 35,23,35,"(8:22) (Shotgun) 37-D.Harris up the middle to BUF 39 for -4 yards (7-T.Johnson, 50-G.Rousseau).",3.506,-1.121
2022,18,January 8,away,Buffalo Bills,https://www.pro-football-reference.com/boxscores/202301080buf.htm,4,07:41,2,14,BUF 39,23,35,(7:41) (Shotgun) 10-M.Jones pass short right to 11-T.Thornton to BUF 26 for 13 yards (58-M.Milano).,2.384,1.333
2022,18,January 8,away,Buffalo Bills,https://www.pro-football-reference.com/boxscores/202301080buf.htm,4,06:52,3,1,BUF 26,23,35,"(6:52) 37-D.Harris up the middle to BUF 13 for 13 yards (21-J.Poyer, 27-T.White).",3.717,1.160
2022,18,January 8,away,Buffalo Bills,https://www.pro-football-reference.com/boxscores/202301080buf.htm,4,06:14,1,10,BUF 13,23,35,"(6:14) (Shotgun) 10-M.Jones pass short left to 16-J.Meyers to BUF 7 for 6 yards (30-D.Jackson). PENALTY on NE-85-H.Henry, Offensive Pass Interference, 10 yards, enforced at BUF 13 - No Play.",4.877,-1.198
2022,18,January 8,away,Buffalo Bills,https://www.pro-football-reference.com/boxscores/202301080buf.htm,4,05:50,1,20,BUF 23,23,35,(5:50) (Shotgun) 10-M.Jones pass incomplete short left to 84-K.Bourne.,3.679,-0.402
2022,18,January 8,away,Buffalo Bills,https://www.pro-football-reference.com/boxscores/202301080buf.htm,4,05:46,2,20,BUF 23,23,35,(5:46) (Shotgun) 37-D.Harris left guard to BUF 22 for 1 yard (7-T.Johnson).,3.277,-0.449
2022,18,January 8,away,Buffalo Bills,https://www.pro-football-reference.com/boxscores/202301080buf.htm,4,05:06,3,19,BUF 22,23,35,(5:06) (Shotgun) 10-M.Jones pass deep middle intended for 85-H.Henry INTERCEPTED by 58-M.Milano at BUF -2. 58-M.Milano to BUF 39 for 41 yards (11-T.Thornton).,2.828,-4.564
2022,18,January 8,away,Buffalo Bills,https://www.pro-football-reference.com/boxscores/202301080buf.htm,4,04:52,1,10,BUF 39,23,35,(4:52) (Shotgun) 17-J.Allen pass short right to 14-S.Diggs ran ob at BUF 45 for 6 yards (25-Ma.Jones).,1.736,0.205
2022,18,January 8,away,Buffalo Bills,https://www.pro-football-reference.com/boxscores/202301080buf.htm,4,04:46,2,4,BUF 45,23,35,(4:46) (Shotgun) 28-J.Cook up the middle to NE 49 for 6 yards (91-D.Wise).,1.941,0.559
2022,18,January 8,away,Buffalo Bills,https://www.pro-football-reference.com/boxscores/202301080buf.htm,4,04:05,1,10,NE 49,23,35,(4:05) 26-D.Singletary right guard to BUF 49 for -2 yards (58-A.Jennings).,2.500,-0.827
2022,18,January 8,away,Buffalo Bills,https://www.pro-football-reference.com/boxscores/202301080buf.htm,4,03:56,,,BUF 49,23,35,Timeout #1 by NE at 03:56.,1.673,0.000
2022,18,January 8,away,Buffalo Bills,https://www.pro-football-reference.com/boxscores/202301080buf.htm,4,03:56,2,12,BUF 49,23,35,(3:56) (Shotgun) 17-J.Allen pass incomplete deep right to 14-S.Diggs.,1.673,-0.847
2022,18,January 8,away,Buffalo Bills,https://www.pro-football-reference.com/boxscores/202301080buf.htm,4,03:47,,,BUF 49,23,35,Timeout #1 by BUF at 03:47.,0.826,0.000
2022,18,January 8,away,Buffalo Bills,https://www.pro-football-reference.com/boxscores/202301080buf.htm,4,03:47,3,12,BUF 49,23,35,(3:47) (Shotgun) 17-J.Allen pass incomplete deep right to 13-G.Davis.,0.826,-1.119
2022,18,January 8,away,Buffalo Bills,https://www.pro-football-reference.com/boxscores/202301080buf.htm,4,03:37,4,12,BUF 49,23,35,"(3:37) 8-S.Martin punts 45 yards to NE 6, Center-69-R.Ferguson. 25-Ma.Jones to NE 19 for 13 yards (41-R.Gilliam).",-0.293,-0.264
2022,18,January 8,away,Buffalo Bills,https://www.pro-football-reference.com/boxscores/202301080buf.htm,4,03:25,1,10,NE 19,23,35,(3:25) (Shotgun) 10-M.Jones pass short right to 85-H.Henry pushed ob at NE 24 for 5 yards (27-T.White).,0.557,-0.102
2022,18,January 8,away,Buffalo Bills,https://www.pro-football-reference.com/boxscores/202301080buf.htm,4,03:19,2,5,NE 24,23,35,(3:19) (Shotgun) 10-M.Jones pass short middle to 37-D.Harris to NE 28 for 4 yards (21-J.Poyer).,0.455,0.163
2022,18,January 8,away,Buffalo Bills,https://www.pro-football-reference.com/boxscores/202301080buf.htm,4,02:50,3,1,NE 28,23,35,"(2:50) (No Huddle, Shotgun) 10-M.Jones pass short middle intended for 37-D.Harris INTERCEPTED by 49-T.Edmunds [50-G.Rousseau] at NE 35. 49-T.Edmunds to NE 31 for 4 yards (85-H.Henry).",0.617,-3.883
2022,18,January 8,away,Buffalo Bills,https://www.pro-football-reference.com/boxscores/202301080buf.htm,4,02:42,1,10,NE 31,23,35,(2:42) 28-J.Cook left guard to NE 27 for 4 yards (8-J.Bentley).,3.265,-0.468
2022,18,January 8,away,Buffalo Bills,https://www.pro-football-reference.com/boxscores/202301080buf.htm,4,02:35,,,NE 27,23,35,Timeout #2 by NE at 02:35.,2.798,0.000
2022,18,January 8,away,Buffalo Bills,https://www.pro-football-reference.com/boxscores/202301080buf.htm,4,02:35,2,6,NE 27,23,35,"(2:35) 28-J.Cook left guard to NE 20 for 7 yards (31-Jo.Jones, 23-K.Dugger).",2.798,1.045
2022,18,January 8,away,Buffalo Bills,https://www.pro-football-reference.com/boxscores/202301080buf.htm,4,02:00,1,10,NE 20,23,35,(2:00) 17-J.Allen kneels to NE 21 for -1 yards.,3.843,-0.642
2022,18,January 8,away,Buffalo Bills,https://www.pro-football-reference.com/boxscores/202301080buf.htm,4,01:18,2,11,NE 21,23,35,(1:18) 17-J.Allen kneels to NE 22 for -1 yards.,3.201,-0.393
2022,18,January 8,away,Buffalo Bills,https://www.pro-football-reference.com/boxscores/202301080buf.htm,4,00:39,3,12,NE 22,23,35,(:39) 17-J.Allen kneels to NE 23 for -1 yards.,2.807,-2.807
