season,week,game_date,game_site,opponent,boxscore_url,quarter,time,down,yds_to_go,location,patriots_score,opponent_score,detail,epb,epa,play_type,two_point_attempt,passer,rusher,receiver,interceptor,sacker,punter,kicker,returner,blocker,tackler_1,tackler_2,forced_fumble_player,fumble_recovery_player,penalized_player
2023,1,September 10,home,Philadelphia Eagles,https://www.pro-football-reference.com/boxscores/202309100nwe.htm,1,15:00,,,NE 35,0,0,"37-C.Ryland kicks 65 yards from NE 35 to end zone, Touchback.",0.770,0.000,kickoff,,,,,,,,C.Ryland,,,,,,,
2023,1,September 10,home,Philadelphia Eagles,https://www.pro-football-reference.com/boxscores/202309100nwe.htm,1,15:00,1,10,PHI 25,0,0,(15:00) (Shotgun) 1-J.Hurts pass short left to 14-K.Gainwell to PHI 31 for 6 yards (5-J.Peppers; 48-Ja.Tavai).,0.770,0.273,pass,,J.Hurts,,K.Gainwell,,,,,,,J.Peppers,Ja.Tavai,,,
2023,1,September 10,home,Philadelphia Eagles,https://www.pro-football-reference.com/boxscores/202309100nwe.htm,1,14:21,2,4,PHI 31,0,0,"(14:21) (Shotgun) 1-J.Hurts FUMBLES (Aborted) at PHI 24, and recovers at PHI 20.
PENALTY on NE-91-D.Wise, Defensive Offside, 5 yards, enforced at PHI 31 - No Play.",1.044,0.549,no_play,,,,,,,,,,,,,,,D.Wise
2023,1,September 10,home,Philadelphia Eagles,https://www.pro-football-reference.com/boxscores/202309100nwe.htm,1,13:58,1,10,PHI 36,0,0,(13:58) (Shotgun) 14-K.Gainwell left guard to NE 48 for 16 yards (30-M.Mapu).,1.592,1.037,run,,,K.Gainwell,,,,,,,,M.Mapu,,,,
2023,1,September 10,home,Philadelphia Eagles,https://www.pro-football-reference.com/boxscores/202309100nwe.htm,1,13:18,1,10,NE 48,0,0,(13:18) (Shotgun) 1-J.Hurts pass short middle to 14-K.Gainwell to NE 40 for 8 yards (8-J.Bentley; 30-M.Mapu).,2.629,0.622,pass,,J.Hurts,,K.Gainwell,,,,,,,J.Bentley,M.Mapu,,,
2023,1,September 10,home,Philadelphia Eagles,https://www.pro-football-reference.com/boxscores/202309100nwe.htm,1,12:31,2,2,NE 40,0,0,(12:31) (Shotgun) 14-K.Gainwell right tackle to NE 39 for 1 yard (8-J.Bentley).,3.252,-0.459,run,,,K.Gainwell,,,,,,,,J.Bentley,,,,
2023,1,September 10,home,Philadelphia Eagles,https://www.pro-football-reference.com/boxscores/202309100nwe.htm,1,12:04,3,1,NE 39,0,0,"(12:04) (No Huddle, Shotgun) 14-K.Gainwell up the middle to NE 34 for 5 yards (91-D.Wise).",2.793,0.749,run,,,K.Gainwell,,,,,,,,D.Wise,,,,
2023,1,September 10,home,Philadelphia Eagles,https://www.pro-football-reference.com/boxscores/202309100nwe.htm,1,11:35,1,10,NE 34,0,0,"(11:35) (No Huddle, Shotgun) 1-J.Hurts pass short left to 16-Q.Watkins pushed ob at NE 26 for 8 yards (27-M.Bryant).",3.542,0.656,pass,,J.Hurts,,Q.Watkins,,,,,,,M.Bryant,,,,
2023,1,September 10,home,Philadelphia Eagles,https://www.pro-football-reference.com/boxscores/202309100nwe.htm,1,11:29,2,2,NE 26,0,0,"(11:29) (No Huddle, Shotgun) 14-K.Gainwell left guard to NE 22 for 4 yards (95-D.Ekuale).",4.198,0.289,run,,,K.Gainwell,,,,,,,,D.Ekuale,,,,
2023,1,September 10,home,Philadelphia Eagles,https://www.pro-football-reference.com/boxscores/202309100nwe.htm,1,10:53,1,10,NE 22,0,0,(10:53) (Shotgun) 1-J.Hurts left end to NE 23 for -1 yards (8-J.Bentley).,4.487,-0.807,run,,,J.Hurts,,,,,,,,J.Bentley,,,,
2023,1,September 10,home,Philadelphia Eagles,https://www.pro-football-reference.com/boxscores/202309100nwe.htm,1,10:11,2,11,NE 23,0,0,(10:11) (Shotgun) 1-J.Hurts pass incomplete deep left. Thrown away from outside the pocket.,3.680,-0.541,pass,,J.Hurts,,,,,,,,,,,,,
2023,1,September 10,home,Philadelphia Eagles,https://www.pro-football-reference.com/boxscores/202309100nwe.htm,1,10:03,3,11,NE 23,0,0,(10:03) (Shotgun) 1-J.Hurts left guard pushed ob at NE 9 for 14 yards (2-J.Mills).,3.138,2.140,run,,,J.Hurts,,,,,,,,J.Mills,,,,
2023,1,September 10,home,Philadelphia Eagles,https://www.pro-football-reference.com/boxscores/202309100nwe.htm,1,09:41,,,NE 9,0,0,Timeout #1 by NE at 09:41.,5.278,0.000,no_play,,,,,,,,,,,,,,,
2023,1,September 10,home,Philadelphia Eagles,https://www.pro-football-reference.com/boxscores/202309100nwe.htm,1,09:41,1,9,NE 9,0,0,(9:41) (Shotgun) 14-K.Gainwell right guard to NE 8 for 1 yard (8-J.Bentley).,5.278,-0.378,run,,,K.Gainwell,,,,,,,,J.Bentley,,,,
2023,1,September 10,home,Philadelphia Eagles,https://www.pro-football-reference.com/boxscores/202309100nwe.htm,1,09:13,2,8,NE 8,0,0,"(9:13) (No Huddle, Shotgun) 14-K.Gainwell right guard to NE 6 for 2 yards (93-L.Guy, 48-Ja.Tavai).",4.900,-0.657,run,,,K.Gainwell,,,,,,,,Ja.Tavai,,,,
2023,1,September 10,home,Philadelphia Eagles,https://www.pro-football-reference.com/boxscores/202309100nwe.htm,1,08:28,3,6,NE 6,0,0,(8:28) (Shotgun) 1-J.Hurts sacked at NE 14 for -8 yards (9-M.Judon).,4.244,-1.471,pass,,J.Hurts,,,,M.Judon,,,,,M.Judon,,,,
2023,1,September 10,home,Philadelphia Eagles,https://www.pro-football-reference.com/boxscores/202309100nwe.htm,1,07:46,4,14,NE 14,0,3,"(7:46) 4-J.Elliott 32 yard field goal is GOOD, Center-45-R.Lovato, Holder-10-A.Siposs.",2.773,0.227,field_goal,,,,,,,,J.Elliott,,,,,,,
2023,1,September 10,home,Philadelphia Eagles,https://www.pro-football-reference.com/boxscores/202309100nwe.htm,1,07:42,,,PHI 35,0,3,4-J.Elliott kicks 60 yards from PHI 35 to NE 5. 14-T.Montgomery to NE 24 for 19 yards (3-N.Smith).,1.105,-0.232,kickoff,,,,,,,,J.Elliott,T.Montgomery,,N.Smith,,,,
2023,1,September 10,home,Philadelphia Eagles,https://www.pro-football-reference.com/boxscores/202309100nwe.htm,1,07:36,1,10,NE 24,0,3,(7:36) (Shotgun) 38-R.Stevenson left guard to NE 26 for 2 yards (93-M.Williams; 7-H.Reddick).,0.874,-0.315,run,,,R.Stevenson,,,,,,,,M.Williams,H.Reddick,,,
2023,1,September 10,home,Philadelphia Eagles,https://www.pro-football-reference.com/boxscores/202309100nwe.htm,1,07:04,2,8,NE 26,0,3,(7:04) (Shotgun) 10-M.Jones pass short middle to 85-H.Henry to NE 35 for 9 yards (30-J.Evans; 29-A.Maddox).,0.559,1.149,pass,,M.Jones,,H.Henry,,,,,,,J.Evans,A.Maddox,,,
2023,1,September 10,home,Philadelphia Eagles,https://www.pro-football-reference.com/boxscores/202309100nwe.htm,1,06:40,1,10,NE 35,0,3,"(6:40) (No Huddle, Shotgun) 14-T.Montgomery right tackle to NE 42 for 7 yards (32-R.Blankenship; 2-D.Slay).",1.708,0.396,run,,,T.Montgomery,,,,,,,,R.Blankenship,D.Slay,,,
2023,1,September 10,home,Philadelphia Eagles,https://www.pro-football-reference.com/boxscores/202309100nwe.htm,1,06:11,2,3,NE 42,0,3,(6:11) (Shotgun) 15-E.Elliott right end pushed ob at PHI 47 for 11 yards (32-R.Blankenship).,2.104,0.915,run,,,E.Elliott,,,,,,,,R.Blankenship,,,,
2023,1,September 10,home,Philadelphia Eagles,https://www.pro-football-reference.com/boxscores/202309100nwe.htm,1,05:42,1,10,PHI 47,0,3,(5:42) (Shotgun) 10-M.Jones pass short left to 81-D.Douglas to PHI 42 for 5 yards (29-A.Maddox).,3.019,-0.050,pass,,M.Jones,,D.Douglas,,,,,,,A.Maddox,,,,
2023,1,September 10,home,Philadelphia Eagles,https://www.pro-football-reference.com/boxscores/202309100nwe.htm,1,05:16,2,5,PHI 42,0,3,"(5:16) (No Huddle, Shotgun) 10-M.Jones pass incomplete short middle to 81-D.Douglas.",2.968,-0.843,pass,,M.Jones,,D.Douglas,,,,,,,,,,,
2023,1,September 10,home,Philadelphia Eagles,https://www.pro-football-reference.com/boxscores/202309100nwe.htm,1,05:12,3,5,PHI 42,0,9,"(5:12) (Shotgun) 10-M.Jones pass short right intended for 84-K.Bourne INTERCEPTED by 2-D.Slay at PHI 30. 2-D.Slay for 70 yards, TOUCHDOWN.",2.125,-9.125,pass,,M.Jones,,K.Bourne,D.Slay,,,,,,,,,,
2023,1,September 10,home,Philadelphia Eagles,https://www.pro-football-reference.com/boxscores/202309100nwe.htm,1,04:56,,,NE 15,0,10,"4-J.Elliott extra point is GOOD, Center-45-R.Lovato, Holder-10-A.Siposs.",0.932,0.068,extra_point,,,,,,,,J.Elliott,,,,,,,
2023,1,September 10,home,Philadelphia Eagles,https://www.pro-football-reference.com/boxscores/202309100nwe.htm,1,04:56,,,PHI 35,0,10,"4-J.Elliott kicks 65 yards from PHI 35 to end zone, Touchback.",1.123,0.000,kickoff,,,,,,,,J.Elliott,,,,,,,
2023,1,September 10,home,Philadelphia Eagles,https://www.pro-football-reference.com/boxscores/202309100nwe.htm,1,04:56,1,10,NE 25,0,10,"(4:56) (Shotgun) 10-M.Jones pass short left to 15-E.Elliott to NE 25 for no gain (90-J.Davis). FUMBLES (90-J.Davis), RECOVERED by PHI-52-Z.Cunningham at NE 26.",1.123,-5.511,pass,,M.Jones,,E.Elliott,,,,,,,J.Davis,,J.Davis,Z.Cunningham,
2023,1,September 10,home,Philadelphia Eagles,https://www.pro-football-reference.com/boxscores/202309100nwe.htm,1,04:48,1,10,NE 26,0,10,(4:48) (Shotgun) 14-K.Gainwell up the middle to NE 21 for 5 yards (91-D.Wise; 25-Ma.Jones).,4.388,0.033,run,,,K.Gainwell,,,,,,,,D.Wise,Ma.Jones,,,
2023,1,September 10,home,Philadelphia Eagles,https://www.pro-football-reference.com/boxscores/202309100nwe.htm,1,04:09,2,5,NE 21,0,10,(4:09) (Shotgun) 1-J.Hurts pass short left to 11-A.Brown ran ob at NE 12 for 9 yards.,4.421,0.711,pass,,J.Hurts,,A.Brown,,,,,,,,,,,
2023,1,September 10,home,Philadelphia Eagles,https://www.pro-football-reference.com/boxscores/202309100nwe.htm,1,03:46,1,10,NE 12,0,10,"(3:46) (No Huddle, Shotgun) 14-K.Gainwell up the middle to NE 10 for 2 yards (92-D.Godchaux; 8-J.Bentley).",5.132,-0.458,run,,,K.Gainwell,,,,,,,,D.Godchaux,J.Bentley,,,
2023,1,September 10,home,Philadelphia Eagles,https://www.pro-football-reference.com/boxscores/202309100nwe.htm,1,03:06,2,8,NE 10,0,10,"(3:06) (Shotgun) 1-J.Hurts sacked at NE 14 for -4 yards (91-D.Wise).
PENALTY on NE-23-K.Dugger, Defensive Holding, 5 yards, enforced at NE 10 - No Play.",4.674,1.160,no_play,,,,,,,,,,,,,,,K.Dugger
2023,1,September 10,home,Philadelphia Eagles,https://www.pro-football-reference.com/boxscores/202309100nwe.htm,1,02:47,1,5,NE 5,0,16,"(2:47) (Shotgun) 1-J.Hurts pass short right to 6-D.Smith for 5 yards, TOUCHDOWN.",5.835,1.165,pass,,J.Hurts,,D.Smith,,,,,,,,,,,
2023,1,September 10,home,Philadelphia Eagles,https://www.pro-football-reference.com/boxscores/202309100nwe.htm,1,02:39,,,NE 15,0,16,"4-J.Elliott extra point is No Good, Wide Right, Center-45-R.Lovato, Holder-10-A.Siposs.",0.932,-0.932,extra_point,,,,,,,,J.Elliott,,,,,,,
2023,1,September 10,home,Philadelphia Eagles,https://www.pro-football-reference.com/boxscores/202309100nwe.htm,1,02:39,,,PHI 35,0,16,4-J.Elliott kicks 64 yards from PHI 35 to NE 1. 14-T.Montgomery pushed ob at NE 44 for 43 yards (22-K.Ringo).,1.081,1.294,kickoff,,,,,,,,J.Elliott,T.Montgomery,,K.Ringo,,,,
2023,1,September 10,home,Philadelphia Eagles,https://www.pro-football-reference.com/boxscores/202309100nwe.htm,1,02:32,1,10,NE 44,0,16,(2:32) 38-R.Stevenson left tackle to NE 45 for 1 yard (96-D.Barnett; 93-M.Williams).,2.376,-0.504,run,,,R.Stevenson,,,,,,,,D.Barnett,M.Williams,,,
2023,1,September 10,home,Philadelphia Eagles,https://www.pro-football-reference.com/boxscores/202309100nwe.htm,1,02:08,2,9,NE 45,0,16,"(2:08) (No Huddle, Shotgun) 10-M.Jones pass incomplete short left to 7-J.Smith-Schuster (24-J.Bradberry).",1.871,-0.893,pass,,M.Jones,,J.Smith-Schuster,,,,,,,,,,,
2023,1,September 10,home,Philadelphia Eagles,https://www.pro-football-reference.com/boxscores/202309100nwe.htm,1,02:03,3,9,NE 45,0,16,(2:03) (Shotgun) 10-M.Jones pass incomplete short left to 84-K.Bourne (32-R.Blankenship).,0.978,-1.507,pass,,M.Jones,,K.Bourne,,,,,,,,,,,
2023,1,September 10,home,Philadelphia Eagles,https://www.pro-football-reference.com/boxscores/202309100nwe.htm,1,01:56,4,9,NE 45,0,16,"(1:56) 17-B.Baringer punts 39 yards to PHI 16, Center-49-J.Cardona, out of bounds.",-0.529,-0.093,punt,,,,,,,B.Baringer,,,,,,,,
2023,1,September 10,home,Philadelphia Eagles,https://www.pro-football-reference.com/boxscores/202309100nwe.htm,1,01:49,1,10,PHI 16,0,16,(1:49) (Shotgun) 1-J.Hurts pass short right to 0-D.Swift to PHI 16 for no gain (5-J.Peppers).,0.623,-0.641,pass,,J.Hurts,,D.Swift,,,,,,,J.Peppers,,,,
2023,1,September 10,home,Philadelphia Eagles,https://www.pro-football-reference.com/boxscores/202309100nwe.htm,1,01:09,2,10,PHI 16,0,16,(1:09) (Shotgun) 1-J.Hurts sacked ob at PHI 16 for 0 yards (55-J.Uche).,-0.019,-0.765,pass,,J.Hurts,,,,J.Uche,,,,,J.Uche,,,,
2023,1,September 10,home,Philadelphia Eagles,https://www.pro-football-reference.com/boxscores/202309100nwe.htm,1,00:26,3,10,PHI 16,0,16,(:26) (Shotgun) 1-J.Hurts pass short middle to 11-A.Brown to PHI 18 for 2 yards (27-M.Bryant).,-0.784,-1.159,pass,,J.Hurts,,A.Brown,,,,,,,M.Bryant,,,,
2023,1,September 10,home,Philadelphia Eagles,https://www.pro-football-reference.com/boxscores/202309100nwe.htm,2,15:00,4,8,PHI 18,0,16,"(15:00) 10-A.Siposs punts 50 yards to NE 32, Center-45-R.Lovato. 25-Ma.Jones pushed ob at PHI 47 for 21 yards (32-R.Blankenship).",-1.942,-0.800,punt,,,,,,,A.Siposs,,Ma.Jones,,R.Blankenship,,,,
2023,1,September 10,home,Philadelphia Eagles,https://www.pro-football-reference.com/boxscores/202309100nwe.htm,2,14:48,1,10,PHI 47,0,16,(14:48) (Shotgun) 10-M.Jones pass short left to 15-E.Elliott to PHI 43 for 4 yards (24-J.Bradberry).,2.743,-0.281,pass,,M.Jones,,E.Elliott,,,,,,,J.Bradberry,,,,
2023,1,September 10,home,Philadelphia Eagles,https://www.pro-football-reference.com/boxscores/202309100nwe.htm,2,14:08,2,6,PHI 43,0,16,"(14:08) (Shotgun) 38-R.Stevenson left guard to PHI 44 for -1 yards (90-J.Davis, 17-N.Dean).",2.462,-0.867,run,,,R.Stevenson,,,,,,,,N.Dean,,,,
2023,1,September 10,home,Philadelphia Eagles,https://www.pro-football-reference.com/boxscores/202309100nwe.htm,2,13:33,3,7,PHI 44,0,16,(13:33) (Shotgun) 10-M.Jones pass incomplete short left to 84-K.Bourne (29-A.Maddox).,1.595,-1.420,pass,,M.Jones,,K.Bourne,,,,,,,,,,,
2023,1,September 10,home,Philadelphia Eagles,https://www.pro-football-reference.com/boxscores/202309100nwe.htm,2,13:29,,,PHI 44,0,16,Timeout #1 by PHI at 13:29.,0.175,0.000,no_play,,,,,,,,,,,,,,,
2023,1,September 10,home,Philadelphia Eagles,https://www.pro-football-reference.com/boxscores/202309100nwe.htm,2,13:29,4,7,PHI 44,0,16,"(13:29) 17-B.Baringer punts 36 yards to PHI 8, Center-49-J.Cardona, fair catch by 18-B.Covey.",0.175,0.121,punt,,,,,,,B.Baringer,,B.Covey,,,,,,
2023,1,September 10,home,Philadelphia Eagles,https://www.pro-football-reference.com/boxscores/202309100nwe.htm,2,13:22,1,10,PHI 8,0,16,"(13:22) (Shotgun) 14-K.Gainwell up the middle to PHI 9 for 1 yard (21-A.Phillips, 93-L.Guy).",-0.296,-0.433,run,,,K.Gainwell,,,,,,,,L.Guy,,,,
2023,1,September 10,home,Philadelphia Eagles,https://www.pro-football-reference.com/boxscores/202309100nwe.htm,2,12:41,2,9,PHI 9,0,16,(12:41) (Shotgun) 1-J.Hurts pass incomplete deep right. thrown away from outside the pocket,-0.729,-0.680,pass,,J.Hurts,,,,,,,,,,,,,
2023,1,September 10,home,Philadelphia Eagles,https://www.pro-football-reference.com/boxscores/202309100nwe.htm,2,12:33,3,9,PHI 9,0,16,(12:33) (Shotgun) 1-J.Hurts pass short right to 6-D.Smith to PHI 11 for 2 yards (9-M.Judon).,-1.410,-0.812,pass,,J.Hurts,,D.Smith,,,,,,,M.Judon,,,,
2023,1,September 10,home,Philadelphia Eagles,https://www.pro-football-reference.com/boxscores/202309100nwe.htm,2,11:58,4,7,PHI 11,0,16,"(11:58) 10-A.Siposs punts 46 yards to NE 43, Center-45-R.Lovato. 25-Ma.Jones to NE 43 for no gain (21-S.Brown).",-2.222,-0.082,punt,,,,,,,A.Siposs,,Ma.Jones,,S.Brown,,,,
2023,1,September 10,home,Philadelphia Eagles,https://www.pro-football-reference.com/boxscores/202309100nwe.htm,2,11:49,1,10,NE 43,0,16,(11:49) (Shotgun) 15-E.Elliott left end to NE 42 for -1 yards (96-D.Barnett).,2.304,-0.755,run,,,E.Elliott,,,,,,,,D.Barnett,,,,
2023,1,September 10,home,Philadelphia Eagles,https://www.pro-football-reference.com/boxscores/202309100nwe.htm,2,11:19,2,11,NE 42,0,16,(11:19) (Shotgun) 10-M.Jones pass short middle to 84-K.Bourne to NE 48 for 6 yards (32-R.Blankenship).,1.549,-0.033,pass,,M.Jones,,K.Bourne,,,,,,,R.Blankenship,,,,
2023,1,September 10,home,Philadelphia Eagles,https://www.pro-football-reference.com/boxscores/202309100nwe.htm,2,10:47,3,5,NE 48,0,16,(10:47) (Shotgun) 10-M.Jones pass incomplete short right to 7-J.Smith-Schuster.,1.515,-1.456,pass,,M.Jones,,J.Smith-Schuster,,,,,,,,,,,
2023,1,September 10,home,Philadelphia Eagles,https://www.pro-football-reference.com/boxscores/202309100nwe.htm,2,10:42,4,5,NE 48,0,16,"(10:42) 17-B.Baringer punts 43 yards to PHI 9, Center-49-J.Cardona. 18-B.Covey to PHI 14 for 5 yards (3-M.Wilson).",0.059,-0.258,punt,,,,,,,B.Baringer,,B.Covey,,M.Wilson,,,,
2023,1,September 10,home,Philadelphia Eagles,https://www.pro-football-reference.com/boxscores/202309100nwe.htm,2,10:30,1,10,PHI 14,0,16,(10:30) (Shotgun) 1-J.Hurts pass incomplete short right. thrown away from outside the pocket,0.199,-0.518,pass,,J.Hurts,,,,,,,,,,,,,
2023,1,September 10,home,Philadelphia Eagles,https://www.pro-football-reference.com/boxscores/202309100nwe.htm,2,10:23,2,10,PHI 14,0,16,(10:23) (Shotgun) 1-J.Hurts right end to PHI 14 for no gain (9-M.Judon).,-0.320,-0.655,run,,,J.Hurts,,,,,,,,M.Judon,,,,
2023,1,September 10,home,Philadelphia Eagles,https://www.pro-football-reference.com/boxscores/202309100nwe.htm,2,09:42,3,10,PHI 14,0,16,"(9:42) (Shotgun) 35-B.Scott up the middle to PHI 17 for 3 yards (8-J.Bentley; 90-C.Barmore).
Penalty on PHI-68-J.Mailata, Illegal Formation, declined.",-0.975,-0.731,run,,,B.Scott,,,,,,,,J.Bentley,C.Barmore,,,
2023,1,September 10,home,Philadelphia Eagles,https://www.pro-football-reference.com/boxscores/202309100nwe.htm,2,09:30,4,7,PHI 17,0,16,"(9:30) 10-A.Siposs punts 54 yards to NE 29, Center-45-R.Lovato. 25-Ma.Jones to NE 29 for no gain (28-J.Jobe). FUMBLES (28-J.Jobe), ball out of bounds at NE 29.",-1.707,0.405,punt,,,,,,,A.Siposs,,Ma.Jones,,J.Jobe,,J.Jobe,,
2023,1,September 10,home,Philadelphia Eagles,https://www.pro-football-reference.com/boxscores/202309100nwe.htm,2,09:22,1,10,NE 29,0,16,(9:22) 38-R.Stevenson up the middle to NE 32 for 3 yards (17-N.Dean).,1.301,-0.280,run,,,R.Stevenson,,,,,,,,N.Dean,,,,
2023,1,September 10,home,Philadelphia Eagles,https://www.pro-football-reference.com/boxscores/202309100nwe.htm,2,08:46,2,7,NE 32,0,16,(8:46) (Shotgun) 10-M.Jones pass short right to 84-K.Bourne to NE 33 for 1 yard (17-N.Dean; 30-J.Evans).,1.021,-0.486,pass,,M.Jones,,K.Bourne,,,,,,,N.Dean,J.Evans,,,
2023,1,September 10,home,Philadelphia Eagles,https://www.pro-football-reference.com/boxscores/202309100nwe.htm,2,08:09,3,6,NE 33,0,16,(8:09) (Shotgun) 10-M.Jones pass short left to 88-M.Gesicki to NE 42 for 9 yards (17-N.Dean).,0.535,1.582,pass,,M.Jones,,M.Gesicki,,,,,,,N.Dean,,,,
2023,1,September 10,home,Philadelphia Eagles,https://www.pro-football-reference.com/boxscores/202309100nwe.htm,2,07:38,1,10,NE 42,0,16,(7:38) (Shotgun) 10-M.Jones pass incomplete deep right to 84-K.Bourne (2-D.Slay).,2.117,-0.432,pass,,M.Jones,,K.Bourne,,,,,,,,,,,
2023,1,September 10,home,Philadelphia Eagles,https://www.pro-football-reference.com/boxscores/202309100nwe.htm,2,07:31,2,10,NE 42,0,16,(7:31) (Shotgun) 10-M.Jones pass short middle to 15-E.Elliott to NE 42 for no gain (52-Z.Cunningham).,1.685,-0.777,pass,,M.Jones,,E.Elliott,,,,,,,Z.Cunningham,,,,
2023,1,September 10,home,Philadelphia Eagles,https://www.pro-football-reference.com/boxscores/202309100nwe.htm,2,06:52,3,10,NE 42,0,16,(6:52) (Shotgun) 10-M.Jones pass short middle to 7-J.Smith-Schuster to PHI 43 for 15 yards (32-R.Blankenship). PHI-32-R.Blankenship was injured during the play.,0.908,1.962,pass,,M.Jones,,J.Smith-Schuster,,,,,,,R.Blankenship,,,,
2023,1,September 10,home,Philadelphia Eagles,https://www.pro-football-reference.com/boxscores/202309100nwe.htm,2,06:20,1,10,PHI 43,0,16,(6:20) (Shotgun) 10-M.Jones pass deep right to 81-D.Douglas ran ob at PHI 20 for 23 yards.,2.870,1.464,pass,,M.Jones,,D.Douglas,,,,,,,,,,,
2023,1,September 10,home,Philadelphia Eagles,https://www.pro-football-reference.com/boxscores/202309100nwe.htm,2,05:47,1,10,PHI 20,0,16,"(5:47) (No Huddle, Shotgun) 10-M.Jones pass short middle to 14-T.Montgomery to PHI 9 for 11 yards (52-Z.Cunningham).",4.334,0.628,pass,,M.Jones,,T.Montgomery,,,,,,,Z.Cunningham,,,,
2023,1,September 10,home,Philadelphia Eagles,https://www.pro-football-reference.com/boxscores/202309100nwe.htm,2,05:17,1,9,PHI 9,0,16,"(5:17) (No Huddle, Shotgun) 38-R.Stevenson up the middle to PHI 9 for no gain (93-M.Williams).",4.962,-0.560,run,,,R.Stevenson,,,,,,,,M.Williams,,,,
2023,1,September 10,home,Philadelphia Eagles,https://www.pro-football-reference.com/boxscores/202309100nwe.htm,2,04:39,2,9,PHI 9,6,16,"(4:39) (Shotgun) 10-M.Jones pass short left to 85-H.Henry for 9 yards, TOUCHDOWN.",4.402,2.598,pass,,M.Jones,,H.Henry,,,,,,,,,,,
2023,1,September 10,home,Philadelphia Eagles,https://www.pro-football-reference.com/boxscores/202309100nwe.htm,2,04:34,,,PHI 15,7,16,"37-C.Ryland extra point is GOOD, Center-49-J.Cardona, Holder-17-B.Baringer.",0.932,0.068,extra_point,,,,,,,,C.Ryland,,,,,,,
2023,1,September 10,home,Philadelphia Eagles,https://www.pro-football-reference.com/boxscores/202309100nwe.htm,2,04:34,,,NE 35,7,16,"37-C.Ryland kicks 65 yards from NE 35 to end zone, Touchback.",0.748,0.000,kickoff,,,,,,,,C.Ryland,,,,,,,
2023,1,September 10,home,Philadelphia Eagles,https://www.pro-football-reference.com/boxscores/202309100nwe.htm,2,04:34,1,10,PHI 25,7,16,(4:34) (Shotgun) 1-J.Hurts right tackle to PHI 28 for 3 yards (5-J.Peppers; 6-C.Gonzalez).,0.748,-0.300,run,,,J.Hurts,,,,,,,,J.Peppers,C.Gonzalez,,,
2023,1,September 10,home,Philadelphia Eagles,https://www.pro-football-reference.com/boxscores/202309100nwe.htm,2,03:56,2,7,PHI 28,7,16,"(3:56) (No Huddle, Shotgun) 1-J.Hurts pass short middle to 11-A.Brown to PHI 40 for 12 yards (6-C.Gonzalez).
PENALTY on PHI-89-J.Stoll, Chop Block, 14 yards, enforced at PHI 28 - No Play.",0.449,-0.876,no_play,,,,,,,,,,,,,,,J.Stoll
2023,1,September 10,home,Philadelphia Eagles,https://www.pro-football-reference.com/boxscores/202309100nwe.htm,2,03:33,2,21,PHI 14,7,16,(3:33) (Shotgun) 1-J.Hurts pass short right to 11-A.Brown to PHI 21 for 7 yards (6-C.Gonzalez).,-0.428,0.014,pass,,J.Hurts,,A.Brown,,,,,,,C.Gonzalez,,,,
2023,1,September 10,home,Philadelphia Eagles,https://www.pro-football-reference.com/boxscores/202309100nwe.htm,2,02:52,3,14,PHI 21,7,16,(2:52) (Shotgun) 1-J.Hurts pass incomplete short middle to 0-D.Swift [55-J.Uche].,-0.414,-0.686,pass,,J.Hurts,,D.Swift,,,,,,,,,,,
2023,1,September 10,home,Philadelphia Eagles,https://www.pro-football-reference.com/boxscores/202309100nwe.htm,2,02:47,4,14,PHI 21,7,16,"(2:47) 10-A.Siposs punts 52 yards to NE 27, Center-45-R.Lovato, fair catch by 25-Ma.Jones.
PENALTY on PHI-48-P.Johnson, Ineligible Downfield Kick, 5 yards, enforced at PHI 21 - No Play.",-1.100,-0.166,no_play,,,,,,,,,,,,,,,P.Johnson
2023,1,September 10,home,Philadelphia Eagles,https://www.pro-football-reference.com/boxscores/202309100nwe.htm,2,02:39,4,19,PHI 16,7,16,"(2:39) 10-A.Siposs punts 47 yards to NE 37, Center-45-R.Lovato, fair catch by 25-Ma.Jones.",-1.266,-0.201,punt,,,,,,,A.Siposs,,Ma.Jones,,,,,,
2023,1,September 10,home,Philadelphia Eagles,https://www.pro-football-reference.com/boxscores/202309100nwe.htm,2,02:33,1,10,NE 37,7,16,(2:33) (Shotgun) 10-M.Jones pass short right to 14-T.Montgomery pushed ob at NE 35 for -2 yards (55-B.Graham).,1.467,-0.654,pass,,M.Jones,,T.Montgomery,,,,,,,B.Graham,,,,
2023,1,September 10,home,Philadelphia Eagles,https://www.pro-football-reference.com/boxscores/202309100nwe.htm,2,02:00,2,12,NE 35,7,16,(2:00) (Shotgun) 10-M.Jones pass short middle to 85-H.Henry to NE 48 for 13 yards (30-J.Evans).,0.813,1.251,pass,,M.Jones,,H.Henry,,,,,,,J.Evans,,,,
2023,1,September 10,home,Philadelphia Eagles,https://www.pro-football-reference.com/boxscores/202309100nwe.htm,2,01:25,1,10,NE 48,7,16,(1:25) (Shotgun) 10-M.Jones pass short middle to 85-H.Henry to PHI 39 for 13 yards (30-J.Evans).,2.063,0.557,pass,,M.Jones,,H.Henry,,,,,,,J.Evans,,,,
2023,1,September 10,home,Philadelphia Eagles,https://www.pro-football-reference.com/boxscores/202309100nwe.htm,2,01:02,1,10,PHI 39,7,16,"(1:02) (No Huddle, Shotgun) PENALTY on PHI-94-J.Sweat, Neutral Zone Infraction, 5 yards, enforced at PHI 39 - No Play.",2.620,0.601,no_play,,,,,,,,,,,,,,,J.Sweat
2023,1,September 10,home,Philadelphia Eagles,https://www.pro-football-reference.com/boxscores/202309100nwe.htm,2,01:02,1,5,PHI 34,7,16,(1:02) (Shotgun) 10-M.Jones scrambles left end to PHI 26 for 8 yards (32-R.Blankenship).,3.222,0.224,run,,,M.Jones,,,,,,,,R.Blankenship,,,,
2023,1,September 10,home,Philadelphia Eagles,https://www.pro-football-reference.com/boxscores/202309100nwe.htm,2,00:38,1,10,PHI 26,7,16,"(:38) (No Huddle, Shotgun) 10-M.Jones pass short right to 7-J.Smith-Schuster pushed ob at PHI 19 for 7 yards (29-A.Maddox).",3.445,0.556,pass,,M.Jones,,J.Smith-Schuster,,,,,,,A.Maddox,,,,
2023,1,September 10,home,Philadelphia Eagles,https://www.pro-football-reference.com/boxscores/202309100nwe.htm,2,00:30,2,3,PHI 19,13,16,"(:30) (Shotgun) 10-M.Jones pass deep middle to 84-K.Bourne for 19 yards, TOUCHDOWN.",4.001,2.999,pass,,M.Jones,,K.Bourne,,,,,,,,,,,
2023,1,September 10,home,Philadelphia Eagles,https://www.pro-football-reference.com/boxscores/202309100nwe.htm,2,00:25,,,PHI 15,14,16,"37-C.Ryland extra point is GOOD, Center-49-J.Cardona, Holder-17-B.Baringer.",0.932,0.068,extra_point,,,,,,,,C.Ryland,,,,,,,
2023,1,September 10,home,Philadelphia Eagles,https://www.pro-football-reference.com/boxscores/202309100nwe.htm,2,00:25,,,NE 35,14,16,"37-C.Ryland kicks 65 yards from NE 35 to end zone, Touchback.",0.214,0.000,kickoff,,,,,,,,C.Ryland,,,,,,,
2023,1,September 10,home,Philadelphia Eagles,https://www.pro-football-reference.com/boxscores/202309100nwe.htm,2,00:25,1,10,PHI 25,14,16,(:25) (Shotgun) 14-K.Gainwell up the middle to PHI 28 for 3 yards (23-K.Dugger; 95-D.Ekuale).,0.214,-0.214,run,,,K.Gainwell,,,,,,,,K.Dugger,D.Ekuale,,,
2023,1,September 10,home,Philadelphia Eagles,https://www.pro-football-reference.com/boxscores/202309100nwe.htm,3,15:00,,,PHI 35,14,16,"4-J.Elliott kicks 65 yards from PHI 35 to end zone, Touchback.",1.474,0.000,kickoff,,,,,,,,J.Elliott,,,,,,,
2023,1,September 10,home,Philadelphia Eagles,https://www.pro-football-reference.com/boxscores/202309100nwe.htm,3,15:00,1,10,NE 25,14,16,"(15:00) (Shotgun) 38-R.Stevenson up the middle to NE 26 for 1 yard (17-N.Dean, 90-J.Davis).",1.474,-0.555,run,,,R.Stevenson,,,,,,,,J.Davis,,,,
2023,1,September 10,home,Philadelphia Eagles,https://www.pro-football-reference.com/boxscores/202309100nwe.htm,3,14:40,2,9,NE 26,14,16,"(14:40) (No Huddle, Shotgun) 10-M.Jones pass short middle to 38-R.Stevenson to NE 31 for 5 yards (24-J.Bradberry; 52-Z.Cunningham).",0.919,-0.041,pass,,M.Jones,,R.Stevenson,,,,,,,J.Bradberry,Z.Cunningham,,,
2023,1,September 10,home,Philadelphia Eagles,https://www.pro-football-reference.com/boxscores/202309100nwe.htm,3,14:04,3,4,NE 31,14,16,(14:04) (Shotgun) 10-M.Jones pass incomplete deep left to 80-K.Boutte.,0.878,-1.573,pass,,M.Jones,,K.Boutte,,,,,,,,,,,
2023,1,September 10,home,Philadelphia Eagles,https://www.pro-football-reference.com/boxscores/202309100nwe.htm,3,13:58,4,4,NE 31,14,16,"(13:58) 17-B.Baringer punts 65 yards to PHI 4, Center-49-J.Cardona. 18-B.Covey to PHI 29 for 25 yards (41-B.Schooler; 23-K.Dugger).",-0.695,-0.438,punt,,,,,,,B.Baringer,,B.Covey,,B.Schooler,K.Dugger,,,
2023,1,September 10,home,Philadelphia Eagles,https://www.pro-football-reference.com/boxscores/202309100nwe.htm,3,13:43,1,10,PHI 29,14,16,(13:43) (Shotgun) 1-J.Hurts pass short middle to 11-A.Brown to PHI 44 for 15 yards (5-J.Peppers).,1.133,0.973,pass,,J.Hurts,,A.Brown,,,,,,,J.Peppers,,,,
2023,1,September 10,home,Philadelphia Eagles,https://www.pro-football-reference.com/boxscores/202309100nwe.htm,3,13:16,1,10,PHI 44,14,16,"(13:16) (No Huddle, Shotgun) 1-J.Hurts scrambles right end ran ob at PHI 49 for 5 yards (27-M.Bryant).",2.106,0.127,run,,,J.Hurts,,,,,,,,M.Bryant,,,,
2023,1,September 10,home,Philadelphia Eagles,https://www.pro-football-reference.com/boxscores/202309100nwe.htm,3,12:33,2,5,PHI 49,14,16,(12:33) (Shotgun) 1-J.Hurts pass short right to 6-D.Smith to NE 49 for 2 yards (21-A.Phillips).,2.233,-0.558,pass,,J.Hurts,,D.Smith,,,,,,,A.Phillips,,,,
2023,1,September 10,home,Philadelphia Eagles,https://www.pro-football-reference.com/boxscores/202309100nwe.htm,3,11:53,3,3,NE 49,14,16,(11:53) (Shotgun) 14-K.Gainwell up the middle to NE 42 for 7 yards (48-Ja.Tavai; 91-D.Wise).,1.675,1.370,run,,,K.Gainwell,,,,,,,,Ja.Tavai,D.Wise,,,
2023,1,September 10,home,Philadelphia Eagles,https://www.pro-football-reference.com/boxscores/202309100nwe.htm,3,11:27,1,10,NE 42,14,16,"(11:27) (No Huddle, Shotgun) 1-J.Hurts pass short right to 14-K.Gainwell to NE 40 for 2 yards (48-Ja.Tavai).",3.045,-0.414,pass,,J.Hurts,,K.Gainwell,,,,,,,Ja.Tavai,,,,
2023,1,September 10,home,Philadelphia Eagles,https://www.pro-football-reference.com/boxscores/202309100nwe.htm,3,10:43,2,8,NE 40,14,16,(10:43) (Shotgun) 1-J.Hurts pass short right to 16-Q.Watkins ran ob at NE 31 for 9 yards (23-K.Dugger; 6-C.Gonzalez).,2.631,1.188,pass,,J.Hurts,,Q.Watkins,,,,,,,K.Dugger,C.Gonzalez,,,
2023,1,September 10,home,Philadelphia Eagles,https://www.pro-football-reference.com/boxscores/202309100nwe.htm,3,10:20,1,10,NE 31,14,16,"(10:20) (No Huddle, Shotgun) 1-J.Hurts scrambles left end to NE 26 for 5 yards (31-Jo.Jones).
PENALTY on PHI-68-J.Mailata, Offensive Holding, 10 yards, enforced at NE 31 - No Play.",3.819,-1.049,no_play,,,,,,,,,,,,,,,J.Mailata
2023,1,September 10,home,Philadelphia Eagles,https://www.pro-football-reference.com/boxscores/202309100nwe.htm,3,09:50,1,20,NE 41,14,16,(9:50) (Shotgun) 1-J.Hurts pass incomplete deep left to 6-D.Smith (5-J.Peppers).,2.770,-0.679,pass,,J.Hurts,,D.Smith,,,,,,,,,,,
2023,1,September 10,home,Philadelphia Eagles,https://www.pro-football-reference.com/boxscores/202309100nwe.htm,3,09:44,2,20,NE 41,14,16,(9:44) (Shotgun) 1-J.Hurts pass incomplete short right to 11-A.Brown (99-K.White).,2.092,-0.955,pass,,J.Hurts,,A.Brown,,,,,,,,,,,
2023,1,September 10,home,Philadelphia Eagles,https://www.pro-football-reference.com/boxscores/202309100nwe.htm,3,09:39,3,20,NE 41,14,16,(9:39) (Shotgun) 14-K.Gainwell right end to NE 38 for 3 yards (6-C.Gonzalez).,1.137,-0.565,run,,,K.Gainwell,,,,,,,,C.Gonzalez,,,,
2023,1,September 10,home,Philadelphia Eagles,https://www.pro-football-reference.com/boxscores/202309100nwe.htm,3,08:52,,,NE 38,14,16,Timeout #1 by PHI at 08:52.,0.572,0.000,no_play,,,,,,,,,,,,,,,
2023,1,September 10,home,Philadelphia Eagles,https://www.pro-football-reference.com/boxscores/202309100nwe.htm,3,08:52,4,17,NE 38,14,19,"(8:52) 4-J.Elliott 56 yard field goal is GOOD, Center-45-R.Lovato, Holder-10-A.Siposs.",0.572,2.428,field_goal,,,,,,,,J.Elliott,,,,,,,
2023,1,September 10,home,Philadelphia Eagles,https://www.pro-football-reference.com/boxscores/202309100nwe.htm,3,08:48,,,PHI 35,14,19,"4-J.Elliott kicks 65 yards from PHI 35 to end zone, Touchback.",1.713,0.000,kickoff,,,,,,,,J.Elliott,,,,,,,
2023,1,September 10,home,Philadelphia Eagles,https://www.pro-football-reference.com/boxscores/202309100nwe.htm,3,08:48,1,10,NE 25,14,19,(8:48) 15-E.Elliott left end to NE 32 for 7 yards (32-R.Blankenship).,1.713,0.404,run,,,E.Elliott,,,,,,,,R.Blankenship,,,,
2023,1,September 10,home,Philadelphia Eagles,https://www.pro-football-reference.com/boxscores/202309100nwe.htm,3,08:14,2,3,NE 32,14,19,(8:14) 15-E.Elliott left tackle to NE 36 for 4 yards (94-J.Sweat; 91-F.Cox).,2.117,0.357,run,,,E.Elliott,,,,,,,,J.Sweat,F.Cox,,,
2023,1,September 10,home,Philadelphia Eagles,https://www.pro-football-reference.com/boxscores/202309100nwe.htm,3,07:36,1,10,NE 36,14,19,(7:36) (Shotgun) 10-M.Jones pass short right to 7-J.Smith-Schuster to NE 42 for 6 yards (2-D.Slay; 17-N.Dean).,2.474,0.151,pass,,M.Jones,,J.Smith-Schuster,,,,,,,D.Slay,N.Dean,,,
2023,1,September 10,home,Philadelphia Eagles,https://www.pro-football-reference.com/boxscores/202309100nwe.htm,3,07:03,2,4,NE 42,14,19,"(7:03) (No Huddle, Shotgun) 10-M.Jones pass incomplete short middle to 7-J.Smith-Schuster [55-B.Graham].",2.625,-0.814,pass,,M.Jones,,J.Smith-Schuster,,,,,,,,,,,
2023,1,September 10,home,Philadelphia Eagles,https://www.pro-football-reference.com/boxscores/202309100nwe.htm,3,06:59,3,4,NE 42,14,19,(6:59) (Shotgun) 10-M.Jones pass short left to 84-K.Bourne to PHI 40 for 18 yards (32-R.Blankenship).,1.812,1.951,pass,,M.Jones,,K.Bourne,,,,,,,R.Blankenship,,,,
2023,1,September 10,home,Philadelphia Eagles,https://www.pro-football-reference.com/boxscores/202309100nwe.htm,3,06:34,1,10,PHI 40,14,19,"(6:34) (No Huddle, Shotgun) 38-R.Stevenson left tackle to PHI 35 for 5 yards (95-M.Tuipulotu).",3.763,-0.039,run,,,R.Stevenson,,,,,,,,M.Tuipulotu,,,,
2023,1,September 10,home,Philadelphia Eagles,https://www.pro-football-reference.com/boxscores/202309100nwe.htm,3,06:03,2,5,PHI 35,14,19,"(6:03) (Shotgun) 10-M.Jones pass short left to 15-E.Elliott to PHI 31 for 4 yards (95-M.Tuipulotu, 32-R.Blankenship).",3.724,0.060,pass,,M.Jones,,E.Elliott,,,,,,,R.Blankenship,,,,
2023,1,September 10,home,Philadelphia Eagles,https://www.pro-football-reference.com/boxscores/202309100nwe.htm,3,05:32,3,1,PHI 31,14,19,(5:32) 15-E.Elliott up the middle to PHI 28 for 3 yards (53-C.Elliss).,3.784,0.645,run,,,E.Elliott,,,,,,,,C.Elliss,,,,
2023,1,September 10,home,Philadelphia Eagles,https://www.pro-football-reference.com/boxscores/202309100nwe.htm,3,05:05,1,10,PHI 28,14,19,"(5:05) (No Huddle, Shotgun) 38-R.Stevenson up the middle to PHI 27 for 1 yard (17-N.Dean, 95-M.Tuipulotu).",4.429,-0.428,run,,,R.Stevenson,,,,,,,,M.Tuipulotu,,,,
2023,1,September 10,home,Philadelphia Eagles,https://www.pro-football-reference.com/boxscores/202309100nwe.htm,3,04:26,2,9,PHI 27,14,19,"(4:26) 38-R.Stevenson up the middle to PHI 17 for 10 yards (30-J.Evans).
PENALTY on NE-85-H.Henry, Offensive Holding, 10 yards, enforced at PHI 25.",4.001,-1.107,run,,,R.Stevenson,,,,,,,,J.Evans,,,,H.Henry
2023,1,September 10,home,Philadelphia Eagles,https://www.pro-football-reference.com/boxscores/202309100nwe.htm,3,04:08,2,17,PHI 35,14,19,(4:08) (Shotgun) 10-M.Jones pass incomplete deep left to 80-K.Boutte (32-R.Blankenship).,2.894,-0.739,pass,,M.Jones,,K.Boutte,,,,,,,,,,,
2023,1,September 10,home,Philadelphia Eagles,https://www.pro-football-reference.com/boxscores/202309100nwe.htm,3,04:00,3,17,PHI 35,14,19,"(4:00) (Shotgun) 10-M.Jones pass short left to 15-E.Elliott to PHI 29 for 6 yards (32-R.Blankenship; 24-J.Bradberry).
PENALTY on NE-68-A.Mafi, Offensive Holding, 10 yards, enforced at PHI 29.",2.155,-0.353,pass,,M.Jones,,E.Elliott,,,,,,,R.Blankenship,J.Bradberry,,,A.Mafi
2023,1,September 10,home,Philadelphia Eagles,https://www.pro-football-reference.com/boxscores/202309100nwe.htm,3,03:37,3,21,PHI 39,14,19,(3:37) (Shotgun) 10-M.Jones pass short right to 81-D.Douglas to PHI 43 for -4 yards (29-A.Maddox).,1.802,-1.467,pass,,M.Jones,,D.Douglas,,,,,,,A.Maddox,,,,
2023,1,September 10,home,Philadelphia Eagles,https://www.pro-football-reference.com/boxscores/202309100nwe.htm,3,02:51,4,25,PHI 43,14,19,"(2:51) 17-B.Baringer punts 43 yards to end zone, Center-49-J.Cardona, Touchback.",0.335,-0.448,punt,,,,,,,B.Baringer,,,,,,,,
2023,1,September 10,home,Philadelphia Eagles,https://www.pro-football-reference.com/boxscores/202309100nwe.htm,3,02:43,1,10,PHI 20,14,19,(2:43) (Shotgun) 1-J.Hurts pass short left to 6-D.Smith to PHI 23 for 3 yards (27-M.Bryant).,0.113,-0.317,pass,,J.Hurts,,D.Smith,,,,,,,M.Bryant,,,,
2023,1,September 10,home,Philadelphia Eagles,https://www.pro-football-reference.com/boxscores/202309100nwe.htm,3,02:02,2,7,PHI 23,14,19,(2:02) (Shotgun) 1-J.Hurts pass short right to 14-K.Gainwell to PHI 27 for 4 yards (27-M.Bryant; 8-J.Bentley).,-0.204,-0.001,pass,,J.Hurts,,K.Gainwell,,,,,,,M.Bryant,J.Bentley,,,
2023,1,September 10,home,Philadelphia Eagles,https://www.pro-football-reference.com/boxscores/202309100nwe.htm,3,01:22,3,3,PHI 27,14,19,(1:22) (Shotgun) 1-J.Hurts scrambles right end to PHI 32 for 5 yards (27-M.Bryant).,-0.205,1.260,run,,,J.Hurts,,,,,,,,M.Bryant,,,,
2023,1,September 10,home,Philadelphia Eagles,https://www.pro-football-reference.com/boxscores/202309100nwe.htm,3,00:41,1,10,PHI 32,14,19,(:41) (Shotgun) 1-J.Hurts pass short right to 6-D.Smith ran ob at PHI 41 for 9 yards.,1.055,0.764,pass,,J.Hurts,,D.Smith,,,,,,,,,,,
2023,1,September 10,home,Philadelphia Eagles,https://www.pro-football-reference.com/boxscores/202309100nwe.htm,3,00:15,2,1,PHI 41,14,19,"(:15) (No Huddle, Shotgun) 1-J.Hurts pass short right to 6-D.Smith to NE 46 for 13 yards (30-M.Mapu, 8-J.Bentley).",1.819,0.705,pass,,J.Hurts,,D.Smith,,,,,,,J.Bentley,,,,
2023,1,September 10,home,Philadelphia Eagles,https://www.pro-football-reference.com/boxscores/202309100nwe.htm,4,15:00,1,10,NE 46,14,19,(15:00) (Shotgun) 1-J.Hurts pass incomplete deep right to 11-A.Brown.,2.524,-0.543,pass,,J.Hurts,,A.Brown,,,,,,,,,,,
2023,1,September 10,home,Philadelphia Eagles,https://www.pro-football-reference.com/boxscores/202309100nwe.htm,4,14:53,2,10,NE 46,14,19,(14:53) (Shotgun) 1-J.Hurts pass short right to 6-D.Smith to NE 33 for 13 yards (23-K.Dugger).,1.981,1.459,pass,,J.Hurts,,D.Smith,,,,,,,K.Dugger,,,,
2023,1,September 10,home,Philadelphia Eagles,https://www.pro-football-reference.com/boxscores/202309100nwe.htm,4,14:22,1,10,NE 33,14,19,"(14:22) (No Huddle, Shotgun) 1-J.Hurts pass incomplete deep right to 6-D.Smith.",3.440,-0.433,pass,,J.Hurts,,D.Smith,,,,,,,,,,,
2023,1,September 10,home,Philadelphia Eagles,https://www.pro-football-reference.com/boxscores/202309100nwe.htm,4,14:14,2,10,NE 33,14,19,(14:14) (Shotgun) 0-D.Swift left tackle to NE 30 for 3 yards (91-D.Wise).,3.008,-0.436,run,,,D.Swift,,,,,,,,D.Wise,,,,
2023,1,September 10,home,Philadelphia Eagles,https://www.pro-football-reference.com/boxscores/202309100nwe.htm,4,13:31,3,7,NE 30,14,19,(13:31) (Shotgun) 1-J.Hurts pass incomplete short left to 88-D.Goedert.,2.571,-0.868,pass,,J.Hurts,,D.Goedert,,,,,,,,,,,
2023,1,September 10,home,Philadelphia Eagles,https://www.pro-football-reference.com/boxscores/202309100nwe.htm,4,13:26,4,7,NE 30,14,22,"(13:26) 4-J.Elliott 48 yard field goal is GOOD, Center-45-R.Lovato, Holder-10-A.Siposs. Kick deflected in off left upright.",1.703,1.297,field_goal,,,,,,,,J.Elliott,,,,,,,
2023,1,September 10,home,Philadelphia Eagles,https://www.pro-football-reference.com/boxscores/202309100nwe.htm,4,13:21,,,PHI 35,14,22,"4-J.Elliott kicks 65 yards from PHI 35 to end zone, Touchback.",1.438,0.000,kickoff,,,,,,,,J.Elliott,,,,,,,
2023,1,September 10,home,Philadelphia Eagles,https://www.pro-football-reference.com/boxscores/202309100nwe.htm,4,13:21,1,10,NE 25,14,22,(13:21) (Shotgun) 10-M.Jones pass short left to 88-M.Gesicki pushed ob at NE 35 for 10 yards (24-J.Bradberry).,1.438,0.524,pass,,M.Jones,,M.Gesicki,,,,,,,J.Bradberry,,,,
2023,1,September 10,home,Philadelphia Eagles,https://www.pro-football-reference.com/boxscores/202309100nwe.htm,4,12:49,1,10,NE 35,14,22,"(12:49) (Shotgun) 10-M.Jones pass short middle to 38-R.Stevenson to NE 47 for 12 yards (53-C.Elliss).
PENALTY on PHI-93-M.Williams, Roughing the Passer, 15 yards, enforced at NE 47.",1.962,1.620,pass,,M.Jones,,R.Stevenson,,,,,,,C.Elliss,,,,M.Williams
2023,1,September 10,home,Philadelphia Eagles,https://www.pro-football-reference.com/boxscores/202309100nwe.htm,4,12:34,1,10,PHI 38,14,22,(12:34) 10-M.Jones pass incomplete deep right to 14-T.Montgomery [91-F.Cox].,3.582,-0.543,pass,,M.Jones,,T.Montgomery,,,,,,,,,,,
2023,1,September 10,home,Philadelphia Eagles,https://www.pro-football-reference.com/boxscores/202309100nwe.htm,4,12:26,2,10,PHI 38,14,22,(12:26) 10-M.Jones pass incomplete short left to 15-E.Elliott (94-J.Sweat).,3.039,-0.819,pass,,M.Jones,,E.Elliott,,,,,,,,,,,
2023,1,September 10,home,Philadelphia Eagles,https://www.pro-football-reference.com/boxscores/202309100nwe.htm,4,12:23,3,10,PHI 38,14,22,(12:23) (Shotgun) 10-M.Jones pass short left to 38-R.Stevenson to PHI 36 for 2 yards (32-R.Blankenship).,2.220,-1.203,pass,,M.Jones,,R.Stevenson,,,,,,,R.Blankenship,,,,
2023,1,September 10,home,Philadelphia Eagles,https://www.pro-football-reference.com/boxscores/202309100nwe.htm,4,11:44,4,8,PHI 36,14,22,(11:44) (Shotgun) 10-M.Jones pass short middle to 85-H.Henry to PHI 24 for 12 yards (53-C.Elliss).,1.017,3.428,pass,,M.Jones,,H.Henry,,,,,,,C.Elliss,,,,
2023,1,September 10,home,Philadelphia Eagles,https://www.pro-football-reference.com/boxscores/202309100nwe.htm,4,11:18,1,10,PHI 24,14,22,"(11:18) (No Huddle, Shotgun) 10-M.Jones pass short right to 7-J.Smith-Schuster to PHI 19 for 5 yards (2-D.Slay).",4.445,0.022,pass,,M.Jones,,J.Smith-Schuster,,,,,,,D.Slay,,,,
2023,1,September 10,home,Philadelphia Eagles,https://www.pro-football-reference.com/boxscores/202309100nwe.htm,4,10:52,2,5,PHI 19,14,22,"(10:52) (No Huddle, Shotgun) 38-R.Stevenson right guard to PHI 17 for 2 yards (93-M.Williams).",4.467,-0.371,run,,,R.Stevenson,,,,,,,,M.Williams,,,,
2023,1,September 10,home,Philadelphia Eagles,https://www.pro-football-reference.com/boxscores/202309100nwe.htm,4,10:13,3,3,PHI 17,14,22,(10:13) (Shotgun) 15-E.Elliott right guard to PHI 17 for no gain (91-F.Cox).,4.096,-1.347,run,,,E.Elliott,,,,,,,,F.Cox,,,,
2023,1,September 10,home,Philadelphia Eagles,https://www.pro-football-reference.com/boxscores/202309100nwe.htm,4,09:39,4,3,PHI 17,14,22,(9:39) (Shotgun) 10-M.Jones pass incomplete short right to 15-E.Elliott [7-H.Reddick].,2.749,-2.957,pass,,M.Jones,,E.Elliott,,,,,,,,,,,
2023,1,September 10,home,Philadelphia Eagles,https://www.pro-football-reference.com/boxscores/202309100nwe.htm,4,09:32,1,10,PHI 17,14,22,"(9:32) (Shotgun) 1-J.Hurts pass deep right to 11-A.Brown pushed ob at NE 35 for 48 yards (31-Jo.Jones).
New England challenged the pass completion ruling, and the play was REVERSED.
(Shotgun) 1-J.Hurts pass incomplete deep right to 11-A.Brown (31-Jo.Jones).",0.208,-0.504,pass,,J.Hurts,,A.Brown,,,,,,,,,,,
2023,1,September 10,home,Philadelphia Eagles,https://www.pro-football-reference.com/boxscores/202309100nwe.htm,4,09:24,2,10,PHI 17,14,22,(9:24) (Shotgun) 1-J.Hurts pass short left to 11-A.Brown pushed ob at PHI 40 for 23 yards (6-C.Gonzalez).,-0.296,1.847,pass,,J.Hurts,,A.Brown,,,,,,,C.Gonzalez,,,,
2023,1,September 10,home,Philadelphia Eagles,https://www.pro-football-reference.com/boxscores/202309100nwe.htm,4,08:41,1,10,PHI 40,14,22,(8:41) (Shotgun) 1-J.Hurts pass short middle to 11-A.Brown to NE 45 for 15 yards (23-K.Dugger).,1.551,1.015,pass,,J.Hurts,,A.Brown,,,,,,,K.Dugger,,,,
2023,1,September 10,home,Philadelphia Eagles,https://www.pro-football-reference.com/boxscores/202309100nwe.htm,4,08:05,1,10,NE 45,14,22,"(8:05) (No Huddle, Shotgun) 1-J.Hurts pass short right to 11-A.Brown to NE 43 for 2 yards (23-K.Dugger, 91-D.Wise).
PENALTY on NE-91-D.Wise, Defensive Holding, 5 yards, enforced at NE 45 - No Play.",2.567,0.427,no_play,,,,,,,,,,,,,,,D.Wise
2023,1,September 10,home,Philadelphia Eagles,https://www.pro-football-reference.com/boxscores/202309100nwe.htm,4,07:46,1,10,NE 40,14,22,(7:46) (Shotgun) 1-J.Hurts sacked at NE 48 for -8 yards (6-C.Gonzalez).,2.994,-1.422,pass,,J.Hurts,,,,C.Gonzalez,,,,,C.Gonzalez,,,,
2023,1,September 10,home,Philadelphia Eagles,https://www.pro-football-reference.com/boxscores/202309100nwe.htm,4,06:59,,,NE 48,14,22,Timeout #2 by PHI at 06:59.,1.572,0.000,no_play,,,,,,,,,,,,,,,
2023,1,September 10,home,Philadelphia Eagles,https://www.pro-football-reference.com/boxscores/202309100nwe.htm,4,06:59,2,18,NE 48,14,22,"(6:59) (Shotgun) 1-J.Hurts pass short left to 35-B.Scott to NE 41 for 7 yards (31-Jo.Jones, 21-A.Phillips).",1.572,-0.145,pass,,J.Hurts,,B.Scott,,,,,,,A.Phillips,,,,
2023,1,September 10,home,Philadelphia Eagles,https://www.pro-football-reference.com/boxscores/202309100nwe.htm,4,06:17,3,11,NE 41,14,22,(6:17) (Shotgun) 1-J.Hurts pass short middle to 11-A.Brown to NE 33 for 8 yards (6-C.Gonzalez).,1.426,-0.167,pass,,J.Hurts,,A.Brown,,,,,,,C.Gonzalez,,,,
2023,1,September 10,home,Philadelphia Eagles,https://www.pro-football-reference.com/boxscores/202309100nwe.htm,4,05:38,4,3,NE 33,14,25,"(5:38) 4-J.Elliott 51 yard field goal is GOOD, Center-45-R.Lovato, Holder-10-A.Siposs.",1.260,1.740,field_goal,,,,,,,,J.Elliott,,,,,,,
2023,1,September 10,home,Philadelphia Eagles,https://www.pro-football-reference.com/boxscores/202309100nwe.htm,4,05:33,,,PHI 35,14,25,"4-J.Elliott kicks 65 yards from PHI 35 to end zone, Touchback.",0.984,0.000,kickoff,,,,,,,,J.Elliott,,,,,,,
2023,1,September 10,home,Philadelphia Eagles,https://www.pro-football-reference.com/boxscores/202309100nwe.htm,4,05:33,1,10,NE 25,14,25,(5:33) (Shotgun) 10-M.Jones pass incomplete deep right to 81-D.Douglas.,0.984,-0.479,pass,,M.Jones,,D.Douglas,,,,,,,,,,,
2023,1,September 10,home,Philadelphia Eagles,https://www.pro-football-reference.com/boxscores/202309100nwe.htm,4,05:27,2,10,NE 25,14,25,(5:27) (Shotgun) 10-M.Jones pass short left to 38-R.Stevenson to PHI 43 for 32 yards (30-J.Evans; 29-A.Maddox).,0.505,2.257,pass,,M.Jones,,R.Stevenson,,,,,,,J.Evans,A.Maddox,,,
2023,1,September 10,home,Philadelphia Eagles,https://www.pro-football-reference.com/boxscores/202309100nwe.htm,4,04:57,1,10,PHI 43,14,25,"(4:57) (No Huddle, Shotgun) 38-R.Stevenson up the middle to PHI 38 for 5 yards (90-J.Davis).",2.761,0.093,run,,,R.Stevenson,,,,,,,,J.Davis,,,,
2023,1,September 10,home,Philadelphia Eagles,https://www.pro-football-reference.com/boxscores/202309100nwe.htm,4,04:35,2,5,PHI 38,14,25,"(4:35) (No Huddle, Shotgun) 10-M.Jones pass deep middle to 81-D.Douglas to PHI 22 for 16 yards (52-Z.Cunningham).",2.854,1.134,pass,,M.Jones,,D.Douglas,,,,,,,Z.Cunningham,,,,
2023,1,September 10,home,Philadelphia Eagles,https://www.pro-football-reference.com/boxscores/202309100nwe.htm,4,04:10,1,10,PHI 22,14,25,"(4:10) (No Huddle, Shotgun) 10-M.Jones pass short middle to 38-R.Stevenson to PHI 11 for 11 yards (29-A.Maddox).",3.988,0.693,pass,,M.Jones,,R.Stevenson,,,,,,,A.Maddox,,,,
2023,1,September 10,home,Philadelphia Eagles,https://www.pro-football-reference.com/boxscores/202309100nwe.htm,4,03:43,1,10,PHI 11,20,25,"(3:43) (No Huddle, Shotgun) 10-M.Jones pass short right to 84-K.Bourne for 11 yards, TOUCHDOWN.",4.681,2.319,pass,,M.Jones,,K.Bourne,,,,,,,,,,,
2023,1,September 10,home,Philadelphia Eagles,https://www.pro-football-reference.com/boxscores/202309100nwe.htm,4,03:37,,,PHI 2,20,25,"TWO-POINT CONVERSION ATTEMPT. 10-M.Jones rushes left end. ATTEMPT SUCCEEDS.
PENALTY on NE-76-C.Anderson, Offensive Holding, 10 yards, enforced at PHI 2 - No Play.",0.947,0.000,no_play,,,,,,,,,,,,,,,C.Anderson
2023,1,September 10,home,Philadelphia Eagles,https://www.pro-football-reference.com/boxscores/202309100nwe.htm,4,03:37,,,PHI 12,20,25,TWO-POINT CONVERSION ATTEMPT. 10-M.Jones pass to 88-M.Gesicki is incomplete. ATTEMPT FAILS.,0.947,-0.947,pass,1,M.Jones,,M.Gesicki,,,,,,,,,,,
2023,1,September 10,home,Philadelphia Eagles,https://www.pro-football-reference.com/boxscores/202309100nwe.htm,4,03:37,,,NE 35,20,25,37-C.Ryland kicks 49 yards from NE 35 to PHI 16. 16-Q.Watkins ran ob at PHI 27 for 11 yards (21-A.Phillips).,0.796,0.107,kickoff,,,,,,,,C.Ryland,Q.Watkins,,A.Phillips,,,,
2023,1,September 10,home,Philadelphia Eagles,https://www.pro-football-reference.com/boxscores/202309100nwe.htm,4,03:35,1,10,PHI 27,20,25,"(3:35) (Shotgun) 1-J.Hurts left tackle to PHI 35 for 8 yards (5-J.Peppers). FUMBLES (5-J.Peppers), RECOVERED by NE-25-Ma.Jones at PHI 41.",0.903,-3.424,run,,,J.Hurts,,,,,,,,J.Peppers,,J.Peppers,Ma.Jones,
2023,1,September 10,home,Philadelphia Eagles,https://www.pro-football-reference.com/boxscores/202309100nwe.htm,4,03:28,1,10,PHI 41,20,25,(3:28) (Shotgun) 15-E.Elliott left guard to PHI 36 for 5 yards (90-J.Davis; 91-F.Cox). PHI-91-F.Cox was injured during the play.,2.521,-0.068,run,,,E.Elliott,,,,,,,,J.Davis,F.Cox,,,
2023,1,September 10,home,Philadelphia Eagles,https://www.pro-football-reference.com/boxscores/202309100nwe.htm,4,02:59,2,5,PHI 36,20,25,(2:59) (Shotgun) 10-M.Jones sacked at PHI 43 for -7 yards (sack split by 90-J.Davis and 94-J.Sweat).,2.453,-1.392,pass,,M.Jones,,,,J.Davis,,,,,J.Davis,J.Sweat,,,
2023,1,September 10,home,Philadelphia Eagles,https://www.pro-football-reference.com/boxscores/202309100nwe.htm,4,02:29,3,12,PHI 43,20,25,(2:29) (Shotgun) 10-M.Jones pass incomplete deep middle to 84-K.Bourne (2-D.Slay) [93-M.Williams].,1.061,-0.956,pass,,M.Jones,,K.Bourne,,,,,,,,,,,
2023,1,September 10,home,Philadelphia Eagles,https://www.pro-football-reference.com/boxscores/202309100nwe.htm,4,02:24,4,12,PHI 43,20,25,"(2:24) (Shotgun) PENALTY on NE, Delay of Game, 5 yards, enforced at PHI 43 - No Play.",0.105,-0.561,no_play,,,,,,,,,,,,,,,
2023,1,September 10,home,Philadelphia Eagles,https://www.pro-football-reference.com/boxscores/202309100nwe.htm,4,02:24,,,PHI 48,20,25,Timeout #3 by PHI at 02:24.,-0.456,0.000,no_play,,,,,,,,,,,,,,,
2023,1,September 10,home,Philadelphia Eagles,https://www.pro-football-reference.com/boxscores/202309100nwe.htm,4,02:24,4,17,PHI 48,20,25,(2:24) (Shotgun) 10-M.Jones pass incomplete short right to 85-H.Henry.,-0.456,-2.057,pass,,M.Jones,,H.Henry,,,,,,,,,,,
2023,1,September 10,home,Philadelphia Eagles,https://www.pro-football-reference.com/boxscores/202309100nwe.htm,4,02:20,1,10,PHI 48,20,25,(2:20) 14-K.Gainwell left end to NE 49 for 3 yards (5-J.Peppers; 8-J.Bentley).,2.513,-0.142,run,,,K.Gainwell,,,,,,,,J.Peppers,J.Bentley,,,
2023,1,September 10,home,Philadelphia Eagles,https://www.pro-football-reference.com/boxscores/202309100nwe.htm,4,02:15,,,NE 49,20,25,Timeout #1 by NE at 02:15.,2.372,0.000,no_play,,,,,,,,,,,,,,,
2023,1,September 10,home,Philadelphia Eagles,https://www.pro-football-reference.com/boxscores/202309100nwe.htm,4,02:15,2,7,NE 49,20,25,"(2:15) 14-K.Gainwell right guard to NE 48 for 1 yard (93-L.Guy, 3-M.Wilson).",2.372,-0.846,run,,,K.Gainwell,,,,,,,,M.Wilson,,,,
2023,1,September 10,home,Philadelphia Eagles,https://www.pro-football-reference.com/boxscores/202309100nwe.htm,4,02:09,,,NE 48,20,25,Timeout #2 by NE at 02:09.,1.525,0.000,no_play,,,,,,,,,,,,,,,
2023,1,September 10,home,Philadelphia Eagles,https://www.pro-football-reference.com/boxscores/202309100nwe.htm,4,02:09,3,6,NE 48,20,25,(2:09) (Shotgun) 1-J.Hurts left tackle to NE 44 for 4 yards (90-C.Barmore).,1.525,-0.583,run,,,J.Hurts,,,,,,,,C.Barmore,,,,
2023,1,September 10,home,Philadelphia Eagles,https://www.pro-football-reference.com/boxscores/202309100nwe.htm,4,02:00,4,2,NE 44,20,25,(2:00) (Shotgun) 1-J.Hurts pass incomplete short middle to 6-D.Smith (6-C.Gonzalez) [9-M.Judon].,0.942,-1.975,pass,,J.Hurts,,D.Smith,,,,,,,,,,,
2023,1,September 10,home,Philadelphia Eagles,https://www.pro-football-reference.com/boxscores/202309100nwe.htm,4,01:57,1,10,NE 44,20,25,(1:57) (Shotgun) 10-M.Jones pass short left to 84-K.Bourne to PHI 47 for 9 yards (26-T.Edmunds; 24-J.Bradberry). PHI-24-J.Bradberry was injured during the play.,1.033,0.205,pass,,M.Jones,,K.Bourne,,,,,,,T.Edmunds,J.Bradberry,,,
2023,1,September 10,home,Philadelphia Eagles,https://www.pro-football-reference.com/boxscores/202309100nwe.htm,4,01:43,,,PHI 47,20,25,Timeout #4 by PHI at 01:43.,1.238,0.000,no_play,,,,,,,,,,,,,,,
2023,1,September 10,home,Philadelphia Eagles,https://www.pro-football-reference.com/boxscores/202309100nwe.htm,4,01:39,2,1,PHI 47,20,25,(1:39) (Shotgun) 10-M.Jones pass incomplete short right to 81-D.Douglas (29-A.Maddox).,1.238,-0.302,pass,,M.Jones,,D.Douglas,,,,,,,,,,,
2023,1,September 10,home,Philadelphia Eagles,https://www.pro-football-reference.com/boxscores/202309100nwe.htm,4,01:35,3,1,PHI 47,20,25,(1:35) (Shotgun) 38-R.Stevenson up the middle to PHI 43 for 4 yards (30-J.Evans).,0.936,0.470,run,,,R.Stevenson,,,,,,,,J.Evans,,,,
2023,1,September 10,home,Philadelphia Eagles,https://www.pro-football-reference.com/boxscores/202309100nwe.htm,4,01:17,1,10,PHI 43,20,25,"(1:17) (No Huddle, Shotgun) 10-M.Jones scrambles left end pushed ob at PHI 36 for 7 yards (26-T.Edmunds).",1.406,0.133,run,,,M.Jones,,,,,,,,T.Edmunds,,,,
2023,1,September 10,home,Philadelphia Eagles,https://www.pro-football-reference.com/boxscores/202309100nwe.htm,4,01:10,2,3,PHI 36,20,25,(1:10) (Shotgun) 10-M.Jones pass short right to 88-M.Gesicki ran ob at PHI 19 for 17 yards (26-T.Edmunds). NE 10-Mac Jones 5th career 300-yard game.,1.538,1.593,pass,,M.Jones,,M.Gesicki,,,,,,,T.Edmunds,,,,
2023,1,September 10,home,Philadelphia Eagles,https://www.pro-football-reference.com/boxscores/202309100nwe.htm,4,01:02,1,10,PHI 19,20,25,(1:02) (Shotgun) 10-M.Jones pass incomplete deep left to 80-K.Boutte.,3.131,-0.351,pass,,M.Jones,,K.Boutte,,,,,,,,,,,
2023,1,September 10,home,Philadelphia Eagles,https://www.pro-football-reference.com/boxscores/202309100nwe.htm,4,00:58,2,10,PHI 19,20,25,(:58) (Shotgun) 10-M.Jones sacked at PHI 22 for -3 yards (98-J.Carter).,2.780,-0.671,pass,,M.Jones,,,,J.Carter,,,,,J.Carter,,,,
2023,1,September 10,home,Philadelphia Eagles,https://www.pro-football-reference.com/boxscores/202309100nwe.htm,4,00:51,,,PHI 22,20,25,Timeout #3 by NE at 00:51.,2.109,0.000,no_play,,,,,,,,,,,,,,,
2023,1,September 10,home,Philadelphia Eagles,https://www.pro-football-reference.com/boxscores/202309100nwe.htm,4,00:51,3,13,PHI 22,20,25,(:51) (Shotgun) 10-M.Jones pass short left to 38-R.Stevenson to PHI 20 for 2 yards (53-C.Elliss; 32-R.Blankenship).,2.109,-0.031,pass,,M.Jones,,R.Stevenson,,,,,,,C.Elliss,R.Blankenship,,,
2023,1,September 10,home,Philadelphia Eagles,https://www.pro-football-reference.com/boxscores/202309100nwe.htm,4,00:29,4,11,PHI 20,20,25,"(:29) (No Huddle, Shotgun) 10-M.Jones pass short left to 80-K.Boutte pushed ob at PHI 8 for 12 yards (28-J.Jobe).
The Replay Official reviewed the pass completion ruling, and the play was REVERSED.
(No Huddle, Shotgun) 10-M.Jones pass incomplete short left to 80-K.Boutte (28-J.Jobe).",2.078,-2.078,pass,,M.Jones,,K.Boutte,,,,,,,,,,,
2023,1,September 10,home,Philadelphia Eagles,https://www.pro-football-reference.com/boxscores/202309100nwe.htm,4,00:25,1,10,PHI 20,20,25,(:25) 1-J.Hurts kneels to PHI 19 for -1 yards.,0.000,0.000,qb_kneel,,,J.Hurts,,,,,,,,,,,,
2023,2,September 17,home,Miami Dolphins,https://www.pro-football-reference.com/boxscores/202309170nwe.htm,1,15:00,,,MIA 35,0,0,"7-J.Sanders kicks 65 yards from MIA 35 to end zone, Touchback.",1.474,0.000,kickoff,,,,,,,,J.Sanders,,,,,,,
2023,2,September 17,home,Miami Dolphins,https://www.pro-football-reference.com/boxscores/202309170nwe.htm,1,15:00,1,10,NE 25,0,0,(15:00) (Shotgun) 10-M.Jones pass short middle to 88-M.Gesicki to NE 30 for 5 yards (55-J.Baker; 43-A.Van Ginkel).,1.474,0.043,pass,,M.Jones,,M.Gesicki,,,,,,,J.Baker,A.Van Ginkel,,,
2023,2,September 17,home,Miami Dolphins,https://www.pro-football-reference.com/boxscores/202309170nwe.htm,1,14:24,2,5,NE 30,0,0,"(14:24) (Shotgun) 10-M.Jones pass short right to 1-D.Parker to NE 34 for 4 yards (25-X.Howard, 55-J.Baker).",1.517,0.327,pass,,M.Jones,,D.Parker,,,,,,,J.Baker,,,,
2023,2,September 17,home,Miami Dolphins,https://www.pro-football-reference.com/boxscores/202309170nwe.htm,1,13:54,3,1,NE 34,0,0,(13:54) 38-R.Stevenson right end pushed ob at NE 40 for 6 yards (21-D.Elliott).,1.844,0.629,run,,,R.Stevenson,,,,,,,,D.Elliott,,,,
2023,2,September 17,home,Miami Dolphins,https://www.pro-football-reference.com/boxscores/202309170nwe.htm,1,13:25,1,10,NE 40,0,0,(13:25) (Shotgun) 38-R.Stevenson up the middle to NE 48 for 8 yards (43-A.Van Ginkel; 21-D.Elliott).,2.473,0.606,run,,,R.Stevenson,,,,,,,,A.Van Ginkel,D.Elliott,,,
2023,2,September 17,home,Miami Dolphins,https://www.pro-football-reference.com/boxscores/202309170nwe.htm,1,12:50,2,2,NE 48,0,0,(12:50) (Shotgun) 10-M.Jones pass short left to 81-D.Douglas to MIA 43 for 9 yards (21-D.Elliott).,3.080,0.292,pass,,M.Jones,,D.Douglas,,,,,,,D.Elliott,,,,
2023,2,September 17,home,Miami Dolphins,https://www.pro-football-reference.com/boxscores/202309170nwe.htm,1,12:09,1,10,MIA 43,0,0,(12:09) 38-R.Stevenson up the middle to MIA 45 for -2 yards (2-B.Chubb).,3.371,-0.902,run,,,R.Stevenson,,,,,,,,B.Chubb,,,,
2023,2,September 17,home,Miami Dolphins,https://www.pro-football-reference.com/boxscores/202309170nwe.htm,1,11:36,2,12,MIA 45,0,0,(11:36) (Shotgun) 10-M.Jones sacked at NE 46 for -9 yards (51-D.Long).,2.469,-1.510,pass,,M.Jones,,,,D.Long,,,,,D.Long,,,,
2023,2,September 17,home,Miami Dolphins,https://www.pro-football-reference.com/boxscores/202309170nwe.htm,1,11:01,3,21,NE 46,0,0,(11:01) (Shotgun) 10-M.Jones pass short left to 38-R.Stevenson to NE 46 for no gain (92-Z.Sieler).,0.959,-1.177,pass,,M.Jones,,R.Stevenson,,,,,,,Z.Sieler,,,,
2023,2,September 17,home,Miami Dolphins,https://www.pro-football-reference.com/boxscores/202309170nwe.htm,1,10:21,4,21,NE 46,0,0,"(10:21) 17-B.Baringer punts 39 yards to MIA 15, Center-49-J.Cardona, fair catch by 0-B.Berrios.",-0.218,0.098,punt,,,,,,,B.Baringer,,B.Berrios,,,,,,
2023,2,September 17,home,Miami Dolphins,https://www.pro-football-reference.com/boxscores/202309170nwe.htm,1,10:13,1,10,MIA 15,0,0,(10:13) (Shotgun) 31-R.Mostert left end to MIA 18 for 3 yards (5-J.Peppers; 48-Ja.Tavai).,0.119,-0.367,run,,,R.Mostert,,,,,,,,J.Peppers,Ja.Tavai,,,
2023,2,September 17,home,Miami Dolphins,https://www.pro-football-reference.com/boxscores/202309170nwe.htm,1,09:35,2,7,MIA 18,0,0,(9:35) 1-T.Tagovailoa scrambles up the middle to MIA 22 for 4 yards (90-C.Barmore).,-0.248,-0.173,run,,,T.Tagovailoa,,,,,,,,C.Barmore,,,,
2023,2,September 17,home,Miami Dolphins,https://www.pro-football-reference.com/boxscores/202309170nwe.htm,1,08:48,3,3,MIA 22,0,0,(8:48) (Shotgun) 1-T.Tagovailoa pass short left to 0-B.Berrios to MIA 32 for 10 yards (48-Ja.Tavai).,-0.421,1.784,pass,,T.Tagovailoa,,B.Berrios,,,,,,,Ja.Tavai,,,,
2023,2,September 17,home,Miami Dolphins,https://www.pro-football-reference.com/boxscores/202309170nwe.htm,1,08:07,1,10,MIA 32,0,0,"(8:07) (Shotgun) 1-T.Tagovailoa pass short left to 17-J.Waddle to MIA 43 for 11 yards (25-Ma.Jones, 5-J.Peppers).",1.363,0.692,pass,,T.Tagovailoa,,J.Waddle,,,,,,,J.Peppers,,,,
2023,2,September 17,home,Miami Dolphins,https://www.pro-football-reference.com/boxscores/202309170nwe.htm,1,07:34,1,10,MIA 43,0,0,(7:34) 31-R.Mostert left end pushed ob at MIA 46 for 3 yards (25-Ma.Jones). NE-25-Ma.Jones was injured during the play.,2.055,-0.217,run,,,R.Mostert,,,,,,,,Ma.Jones,,,,
2023,2,September 17,home,Miami Dolphins,https://www.pro-football-reference.com/boxscores/202309170nwe.htm,1,06:59,2,7,MIA 46,0,0,(6:59) 31-R.Mostert left end to NE 44 for 10 yards (5-J.Peppers).,1.839,1.047,run,,,R.Mostert,,,,,,,,J.Peppers,,,,
2023,2,September 17,home,Miami Dolphins,https://www.pro-football-reference.com/boxscores/202309170nwe.htm,1,06:18,1,10,NE 44,0,0,(6:18) (Shotgun) 1-T.Tagovailoa pass short right to 31-R.Mostert to NE 38 for 6 yards (25-Ma.Jones).,2.885,0.268,pass,,T.Tagovailoa,,R.Mostert,,,,,,,Ma.Jones,,,,
2023,2,September 17,home,Miami Dolphins,https://www.pro-football-reference.com/boxscores/202309170nwe.htm,1,05:42,2,4,NE 38,0,0,(5:42) (Shotgun) 1-T.Tagovailoa pass short right to 10-T.Hill to NE 23 for 15 yards (27-M.Bryant).,3.154,1.236,pass,,T.Tagovailoa,,T.Hill,,,,,,,M.Bryant,,,,
2023,2,September 17,home,Miami Dolphins,https://www.pro-football-reference.com/boxscores/202309170nwe.htm,1,05:04,1,10,NE 23,0,0,(5:04) (Shotgun) 1-T.Tagovailoa pass short middle to 26-S.Ahmed to NE 4 for 19 yards (6-C.Gonzalez).,4.390,1.510,pass,,T.Tagovailoa,,S.Ahmed,,,,,,,C.Gonzalez,,,,
2023,2,September 17,home,Miami Dolphins,https://www.pro-football-reference.com/boxscores/202309170nwe.htm,1,04:34,1,4,NE 4,0,0,(4:34) 31-R.Mostert up the middle to NE 3 for 1 yard (93-L.Guy; 30-M.Mapu).,5.899,-0.239,run,,,R.Mostert,,,,,,,,L.Guy,M.Mapu,,,
2023,2,September 17,home,Miami Dolphins,https://www.pro-football-reference.com/boxscores/202309170nwe.htm,1,03:52,2,3,NE 3,0,0,"(3:52) (Shotgun) 18-E.Ezukanma left tackle to NE 4 for -1 yards (27-M.Bryant, 48-Ja.Tavai).",5.661,-1.194,run,,,E.Ezukanma,,,,,,,,Ja.Tavai,,,,
2023,2,September 17,home,Miami Dolphins,https://www.pro-football-reference.com/boxscores/202309170nwe.htm,1,03:08,3,4,NE 4,0,0,(3:08) (Shotgun) 1-T.Tagovailoa pass incomplete short right.,4.467,-1.510,pass,,T.Tagovailoa,,,,,,,,,,,,,
2023,2,September 17,home,Miami Dolphins,https://www.pro-football-reference.com/boxscores/202309170nwe.htm,1,03:04,4,4,NE 4,0,3,"(3:04) 7-J.Sanders 23 yard field goal is GOOD, Center-44-B.Ferguson, Holder-16-J.Bailey.",2.957,0.043,field_goal,,,,,,,,J.Sanders,,,,,,,
2023,2,September 17,home,Miami Dolphins,https://www.pro-football-reference.com/boxscores/202309170nwe.htm,1,03:00,,,MIA 35,0,3,"7-J.Sanders kicks 65 yards from MIA 35 to end zone, Touchback.",1.373,0.000,kickoff,,,,,,,,J.Sanders,,,,,,,
2023,2,September 17,home,Miami Dolphins,https://www.pro-football-reference.com/boxscores/202309170nwe.htm,1,03:00,1,10,NE 25,0,3,(3:00) 15-E.Elliott left end to NE 27 for 2 yards (94-C.Wilkins).,1.373,-0.455,run,,,E.Elliott,,,,,,,,C.Wilkins,,,,
2023,2,September 17,home,Miami Dolphins,https://www.pro-football-reference.com/boxscores/202309170nwe.htm,1,02:27,2,8,NE 27,0,3,(2:27) (Shotgun) 10-M.Jones pass short left to 84-K.Bourne pushed ob at NE 32 for 5 yards (33-E.Apple).,0.918,0.058,pass,,M.Jones,,K.Bourne,,,,,,,E.Apple,,,,
2023,2,September 17,home,Miami Dolphins,https://www.pro-football-reference.com/boxscores/202309170nwe.htm,1,01:57,3,3,NE 32,0,3,"(1:57) (Shotgun) 10-M.Jones pass short left to 1-D.Parker to NE 43 for 11 yards (33-E.Apple).
Penalty on MIA-33-E.Apple, Defensive Holding, declined.",0.976,1.536,pass,,M.Jones,,D.Parker,,,,,,,E.Apple,,,,
2023,2,September 17,home,Miami Dolphins,https://www.pro-football-reference.com/boxscores/202309170nwe.htm,1,01:38,1,10,NE 43,0,3,(1:38) (Shotgun) 10-M.Jones pass short right to 85-H.Henry to MIA 48 for 9 yards (8-J.Holland).,2.512,0.711,pass,,M.Jones,,H.Henry,,,,,,,J.Holland,,,,
2023,2,September 17,home,Miami Dolphins,https://www.pro-football-reference.com/boxscores/202309170nwe.htm,1,01:14,2,1,MIA 48,0,3,"(1:14) (No Huddle, Shotgun) 15-E.Elliott right guard to MIA 41 for 7 yards (55-J.Baker, 98-R.Davis).",3.222,0.182,run,,,E.Elliott,,,,,,,,R.Davis,,,,
2023,2,September 17,home,Miami Dolphins,https://www.pro-football-reference.com/boxscores/202309170nwe.htm,1,00:52,1,10,MIA 41,0,3,"(:52) (No Huddle, Shotgun) 15-E.Elliott up the middle to MIA 39 for 2 yards (51-D.Long, 92-Z.Sieler).",3.404,-0.525,run,,,E.Elliott,,,,,,,,Z.Sieler,,,,
2023,2,September 17,home,Miami Dolphins,https://www.pro-football-reference.com/boxscores/202309170nwe.htm,1,00:16,2,8,MIA 39,0,3,(:16) (Shotgun) 10-M.Jones pass incomplete deep left to 84-K.Bourne (33-E.Apple).,2.879,-0.814,pass,,M.Jones,,K.Bourne,,,,,,,,,,,
2023,2,September 17,home,Miami Dolphins,https://www.pro-football-reference.com/boxscores/202309170nwe.htm,1,00:10,3,8,MIA 39,0,3,"(:10) (Shotgun) 10-M.Jones pass short middle to 81-D.Douglas to MIA 29 for 10 yards (2-B.Chubb). FUMBLES (2-B.Chubb), RECOVERED by MIA-21-D.Elliott at MIA 27.",2.065,-3.067,pass,,M.Jones,,D.Douglas,,,,,,,B.Chubb,,B.Chubb,D.Elliott,
2023,2,September 17,home,Miami Dolphins,https://www.pro-football-reference.com/boxscores/202309170nwe.htm,2,15:00,1,10,MIA 27,0,3,(15:00) (Shotgun) 31-R.Mostert left end to MIA 30 for 3 yards (91-D.Wise; 21-A.Phillips).,1.002,-0.308,run,,,R.Mostert,,,,,,,,D.Wise,A.Phillips,,,
2023,2,September 17,home,Miami Dolphins,https://www.pro-football-reference.com/boxscores/202309170nwe.htm,2,14:32,2,7,MIA 30,0,3,"(14:32) (No Huddle, Shotgun) 1-T.Tagovailoa pass incomplete short left to 0-B.Berrios.",0.694,-0.715,pass,,T.Tagovailoa,,B.Berrios,,,,,,,,,,,
2023,2,September 17,home,Miami Dolphins,https://www.pro-football-reference.com/boxscores/202309170nwe.htm,2,14:28,3,7,MIA 30,0,3,(14:28) (Shotgun) 1-T.Tagovailoa pass short right to 10-T.Hill to MIA 38 for 8 yards (6-C.Gonzalez).,-0.021,1.688,pass,,T.Tagovailoa,,T.Hill,,,,,,,C.Gonzalez,,,,
2023,2,September 17,home,Miami Dolphins,https://www.pro-football-reference.com/boxscores/202309170nwe.htm,2,13:48,1,10,MIA 38,0,3,(13:48) (Shotgun) 31-R.Mostert up the middle to MIA 41 for 3 yards (8-J.Bentley; 92-D.Godchaux).,1.667,-0.236,run,,,R.Mostert,,,,,,,,J.Bentley,D.Godchaux,,,
2023,2,September 17,home,Miami Dolphins,https://www.pro-football-reference.com/boxscores/202309170nwe.htm,2,13:10,2,7,MIA 41,0,3,(13:10) (Shotgun) 26-S.Ahmed left end to NE 49 for 10 yards (8-J.Bentley).,1.431,1.116,run,,,S.Ahmed,,,,,,,,J.Bentley,,,,
2023,2,September 17,home,Miami Dolphins,https://www.pro-football-reference.com/boxscores/202309170nwe.htm,2,12:28,1,10,NE 49,0,3,(12:28) (Shotgun) 1-T.Tagovailoa pass short left to 17-J.Waddle to NE 34 for 15 yards (6-C.Gonzalez).,2.547,0.947,pass,,T.Tagovailoa,,J.Waddle,,,,,,,C.Gonzalez,,,,
2023,2,September 17,home,Miami Dolphins,https://www.pro-football-reference.com/boxscores/202309170nwe.htm,2,11:44,1,10,NE 34,0,3,"(11:44) (Shotgun) 26-S.Ahmed left end to NE 31 for 3 yards (23-K.Dugger).
PENALTY on MIA-77-I.Wynn, Illegal Block Above the Waist, 10 yards, enforced at NE 33.",3.495,-1.029,run,,,S.Ahmed,,,,,,,,K.Dugger,,,,I.Wynn
2023,2,September 17,home,Miami Dolphins,https://www.pro-football-reference.com/boxscores/202309170nwe.htm,2,11:20,1,19,NE 43,0,3,(11:20) (Shotgun) 1-T.Tagovailoa pass incomplete deep left to 10-T.Hill.,2.466,-0.590,pass,,T.Tagovailoa,,T.Hill,,,,,,,,,,,
2023,2,September 17,home,Miami Dolphins,https://www.pro-football-reference.com/boxscores/202309170nwe.htm,2,11:15,2,19,NE 43,0,3,(11:15) (Shotgun) 1-T.Tagovailoa pass short right to 17-J.Waddle to NE 15 for 28 yards (25-Ma.Jones). NE-25-Ma.Jones was injured during the play.,1.876,2.961,pass,,T.Tagovailoa,,J.Waddle,,,,,,,Ma.Jones,,,,
2023,2,September 17,home,Miami Dolphins,https://www.pro-football-reference.com/boxscores/202309170nwe.htm,2,10:42,1,10,NE 15,0,3,"(10:42) (Shotgun) PENALTY on NE-27-M.Bryant, Neutral Zone Infraction, 5 yards, enforced at NE 15 - No Play.",4.836,0.275,no_play,,,,,,,,,,,,,,,M.Bryant
2023,2,September 17,home,Miami Dolphins,https://www.pro-football-reference.com/boxscores/202309170nwe.htm,2,10:22,1,5,NE 10,0,3,(10:22) (Shotgun) 26-S.Ahmed left tackle to NE 8 for 2 yards (5-J.Peppers).,5.111,0.077,run,,,S.Ahmed,,,,,,,,J.Peppers,,,,
2023,2,September 17,home,Miami Dolphins,https://www.pro-football-reference.com/boxscores/202309170nwe.htm,2,09:43,2,3,NE 8,0,9,"(9:43) (Shotgun) 31-R.Mostert left end for 8 yards, TOUCHDOWN.",5.188,1.812,run,,,R.Mostert,,,,,,,,,,,,
2023,2,September 17,home,Miami Dolphins,https://www.pro-football-reference.com/boxscores/202309170nwe.htm,2,09:39,,,NE 15,0,10,"7-J.Sanders extra point is GOOD, Center-44-B.Ferguson, Holder-16-J.Bailey.",0.932,0.068,extra_point,,,,,,,,J.Sanders,,,,,,,
2023,2,September 17,home,Miami Dolphins,https://www.pro-football-reference.com/boxscores/202309170nwe.htm,2,09:39,,,MIA 35,0,10,"16-J.Bailey kicks 65 yards from MIA 35 to end zone, Touchback.",1.198,0.000,kickoff,,,,,,,,J.Bailey,,,,,,,
2023,2,September 17,home,Miami Dolphins,https://www.pro-football-reference.com/boxscores/202309170nwe.htm,2,09:39,1,10,NE 25,0,10,(9:39) (Shotgun) 15-E.Elliott left guard to NE 28 for 3 yards (55-J.Baker).,1.198,-0.382,run,,,E.Elliott,,,,,,,,J.Baker,,,,
2023,2,September 17,home,Miami Dolphins,https://www.pro-football-reference.com/boxscores/202309170nwe.htm,2,09:04,2,7,NE 28,0,10,(9:04) (Shotgun) 10-M.Jones pass short right to 7-J.Smith-Schuster to NE 34 for 6 yards (25-X.Howard).,0.816,0.567,pass,,M.Jones,,J.Smith-Schuster,,,,,,,X.Howard,,,,
2023,2,September 17,home,Miami Dolphins,https://www.pro-football-reference.com/boxscores/202309170nwe.htm,2,08:28,3,1,NE 34,0,10,(8:28) (Shotgun) 38-R.Stevenson up the middle to NE 35 for 1 yard (43-A.Van Ginkel; 51-D.Long).,1.384,0.359,run,,,R.Stevenson,,,,,,,,A.Van Ginkel,D.Long,,,
2023,2,September 17,home,Miami Dolphins,https://www.pro-football-reference.com/boxscores/202309170nwe.htm,2,07:44,1,10,NE 35,0,10,(7:44) (Shotgun) 10-M.Jones pass incomplete deep left to 84-K.Bourne [51-D.Long].,1.742,-0.455,pass,,M.Jones,,K.Bourne,,,,,,,,,,,
2023,2,September 17,home,Miami Dolphins,https://www.pro-football-reference.com/boxscores/202309170nwe.htm,2,07:39,2,10,NE 35,0,10,"(7:39) (Shotgun) 10-M.Jones pass short left to 7-J.Smith-Schuster to NE 35 for no gain (43-A.Van Ginkel, 4-K.Kohou).",1.288,-0.590,pass,,M.Jones,,J.Smith-Schuster,,,,,,,K.Kohou,,,,
2023,2,September 17,home,Miami Dolphins,https://www.pro-football-reference.com/boxscores/202309170nwe.htm,2,06:57,3,10,NE 35,0,10,"(6:57) (Shotgun) 10-M.Jones pass incomplete short middle to 14-T.Montgomery (43-A.Van Ginkel) [43-A.Van Ginkel].
Miami challenged the incomplete pass ruling, and the play was Upheld. The ruling on the field stands. (Timeout #1.)",0.698,-1.314,pass,,M.Jones,,T.Montgomery,,,,,,,,,,,
2023,2,September 17,home,Miami Dolphins,https://www.pro-football-reference.com/boxscores/202309170nwe.htm,2,06:54,4,10,NE 35,0,10,"(6:54) 17-B.Baringer punts 58 yards to MIA 7, Center-49-J.Cardona. 0-B.Berrios to MIA 16 for 9 yards (41-B.Schooler).",-0.616,0.509,punt,,,,,,,B.Baringer,,B.Berrios,,B.Schooler,,,,
2023,2,September 17,home,Miami Dolphins,https://www.pro-football-reference.com/boxscores/202309170nwe.htm,2,06:42,1,10,MIA 16,0,10,"(6:42) 31-R.Mostert left end to MIA 19 for 3 yards (48-Ja.Tavai, 30-M.Mapu).",0.107,-0.196,run,,,R.Mostert,,,,,,,,M.Mapu,,,,
2023,2,September 17,home,Miami Dolphins,https://www.pro-football-reference.com/boxscores/202309170nwe.htm,2,06:00,2,7,MIA 19,0,10,(6:00) (Shotgun) 1-T.Tagovailoa pass incomplete short right to 10-T.Hill.,-0.089,-0.541,pass,,T.Tagovailoa,,T.Hill,,,,,,,,,,,
2023,2,September 17,home,Miami Dolphins,https://www.pro-football-reference.com/boxscores/202309170nwe.htm,2,05:56,3,7,MIA 19,0,10,(5:56) (Shotgun) 1-T.Tagovailoa pass incomplete deep left to 17-J.Waddle (27-M.Bryant).,-0.629,-0.939,pass,,T.Tagovailoa,,J.Waddle,,,,,,,,,,,
2023,2,September 17,home,Miami Dolphins,https://www.pro-football-reference.com/boxscores/202309170nwe.htm,2,05:51,4,7,MIA 19,0,10,"(5:51) 16-J.Bailey punts 37 yards to NE 44, Center-44-B.Ferguson, fair catch by 81-D.Douglas.
PENALTY on NE-5-J.Peppers, Offensive Holding, 10 yards, enforced at NE 44.",-1.568,0.036,punt,,,,,,,J.Bailey,,D.Douglas,,,,,,J.Peppers
2023,2,September 17,home,Miami Dolphins,https://www.pro-football-reference.com/boxscores/202309170nwe.htm,2,05:44,1,10,NE 34,0,10,(5:44) (Shotgun) 10-M.Jones pass short right to 88-M.Gesicki to NE 43 for 9 yards (25-X.Howard).,1.532,0.809,pass,,M.Jones,,M.Gesicki,,,,,,,X.Howard,,,,
2023,2,September 17,home,Miami Dolphins,https://www.pro-football-reference.com/boxscores/202309170nwe.htm,2,05:17,2,1,NE 43,0,10,"(5:17) (No Huddle, Shotgun) 38-R.Stevenson up the middle to NE 45 for 2 yards (98-R.Davis).",2.341,-0.206,run,,,R.Stevenson,,,,,,,,R.Davis,,,,
2023,2,September 17,home,Miami Dolphins,https://www.pro-football-reference.com/boxscores/202309170nwe.htm,2,04:49,1,10,NE 45,0,10,"(4:49) (No Huddle, Shotgun) 10-M.Jones pass short left to 85-H.Henry to MIA 47 for 8 yards (2-B.Chubb).",2.134,0.680,pass,,M.Jones,,H.Henry,,,,,,,B.Chubb,,,,
2023,2,September 17,home,Miami Dolphins,https://www.pro-football-reference.com/boxscores/202309170nwe.htm,2,04:27,2,2,MIA 47,0,10,"(4:27) (No Huddle, Shotgun) 38-R.Stevenson up the middle to MIA 46 for 1 yard (98-R.Davis; 8-J.Holland).",2.814,-0.421,run,,,R.Stevenson,,,,,,,,R.Davis,J.Holland,,,
2023,2,September 17,home,Miami Dolphins,https://www.pro-football-reference.com/boxscores/202309170nwe.htm,2,04:03,3,1,MIA 46,0,10,(4:03) (No Huddle) 10-M.Jones up the middle to MIA 44 for 2 yards (94-C.Wilkins; 2-B.Chubb).,2.393,0.322,run,,,M.Jones,,,,,,,,C.Wilkins,B.Chubb,,,
2023,2,September 17,home,Miami Dolphins,https://www.pro-football-reference.com/boxscores/202309170nwe.htm,2,03:25,1,10,MIA 44,0,10,"(3:25) (No Huddle, Shotgun) 10-M.Jones pass short left to 1-D.Parker to MIA 32 for 12 yards (51-D.Long).",2.715,0.670,pass,,M.Jones,,D.Parker,,,,,,,D.Long,,,,
2023,2,September 17,home,Miami Dolphins,https://www.pro-football-reference.com/boxscores/202309170nwe.htm,2,02:54,1,10,MIA 32,0,10,"(2:54) (No Huddle, Shotgun) 10-M.Jones scrambles up the middle to MIA 27 for 5 yards (8-J.Holland).
PENALTY on NE-69-C.Strange, Offensive Holding, 10 yards, enforced at MIA 32 - No Play.",3.385,-1.020,no_play,,,,,,,,,,,,,,,C.Strange
2023,2,September 17,home,Miami Dolphins,https://www.pro-football-reference.com/boxscores/202309170nwe.htm,2,02:36,1,20,MIA 42,0,10,(2:36) (Shotgun) 10-M.Jones pass short left to 1-D.Parker to MIA 35 for 7 yards (98-R.Davis).,2.365,0.093,pass,,M.Jones,,D.Parker,,,,,,,R.Davis,,,,
2023,2,September 17,home,Miami Dolphins,https://www.pro-football-reference.com/boxscores/202309170nwe.htm,2,02:10,2,13,MIA 35,0,10,"(2:10) (No Huddle, Shotgun) PENALTY on MIA-2-B.Chubb, Neutral Zone Infraction, 5 yards, enforced at MIA 35 - No Play.",2.458,0.640,no_play,,,,,,,,,,,,,,,B.Chubb
2023,2,September 17,home,Miami Dolphins,https://www.pro-football-reference.com/boxscores/202309170nwe.htm,2,02:00,2,8,MIA 30,0,10,(2:00) (Shotgun) 15-E.Elliott left tackle to MIA 31 for -1 yards (98-R.Davis).,3.099,-0.887,run,,,E.Elliott,,,,,,,,R.Davis,,,,
2023,2,September 17,home,Miami Dolphins,https://www.pro-football-reference.com/boxscores/202309170nwe.htm,2,01:57,,,MIA 31,0,10,Timeout #2 by MIA at 01:57.,2.212,0.000,no_play,,,,,,,,,,,,,,,
2023,2,September 17,home,Miami Dolphins,https://www.pro-football-reference.com/boxscores/202309170nwe.htm,2,01:57,3,9,MIA 31,0,10,(1:57) (Shotgun) 10-M.Jones pass incomplete short middle to 1-D.Parker (21-D.Elliott).,2.212,-0.584,pass,,M.Jones,,D.Parker,,,,,,,,,,,
2023,2,September 17,home,Miami Dolphins,https://www.pro-football-reference.com/boxscores/202309170nwe.htm,2,01:53,4,9,MIA 31,3,10,"(1:53) 37-C.Ryland 49 yard field goal is GOOD, Center-49-J.Cardona, Holder-17-B.Baringer.",1.628,1.372,field_goal,,,,,,,,C.Ryland,,,,,,,
2023,2,September 17,home,Miami Dolphins,https://www.pro-football-reference.com/boxscores/202309170nwe.htm,2,01:49,,,NE 35,3,10,"37-C.Ryland kicks 65 yards from NE 35 to end zone, Touchback.",0.724,0.000,kickoff,,,,,,,,C.Ryland,,,,,,,
2023,2,September 17,home,Miami Dolphins,https://www.pro-football-reference.com/boxscores/202309170nwe.htm,2,01:49,1,10,MIA 25,3,10,(1:49) (Shotgun) 1-T.Tagovailoa pass short left to 26-S.Ahmed pushed ob at MIA 30 for 5 yards (2-J.Mills).,0.724,0.130,pass,,T.Tagovailoa,,S.Ahmed,,,,,,,J.Mills,,,,
2023,2,September 17,home,Miami Dolphins,https://www.pro-football-reference.com/boxscores/202309170nwe.htm,2,01:44,2,5,MIA 30,3,10,(1:44) (Shotgun) 1-T.Tagovailoa pass short left to 26-S.Ahmed pushed ob at MIA 34 for 4 yards (27-M.Bryant).,0.854,0.191,pass,,T.Tagovailoa,,S.Ahmed,,,,,,,M.Bryant,,,,
2023,2,September 17,home,Miami Dolphins,https://www.pro-football-reference.com/boxscores/202309170nwe.htm,2,01:40,3,1,MIA 34,3,10,(1:40) (Shotgun) 31-R.Mostert left end to MIA 40 for 6 yards (8-J.Bentley; 5-J.Peppers).,1.045,0.364,run,,,R.Mostert,,,,,,,,J.Bentley,J.Peppers,,,
2023,2,September 17,home,Miami Dolphins,https://www.pro-football-reference.com/boxscores/202309170nwe.htm,2,01:17,1,10,MIA 40,3,10,"(1:17) (No Huddle, Shotgun) 1-T.Tagovailoa pass short left to 85-R.Cracraft to NE 38 for 22 yards (2-J.Mills).",1.409,1.280,pass,,T.Tagovailoa,,R.Cracraft,,,,,,,J.Mills,,,,
2023,2,September 17,home,Miami Dolphins,https://www.pro-football-reference.com/boxscores/202309170nwe.htm,2,00:57,1,10,NE 38,3,10,"(:57) (No Huddle, Shotgun) 1-T.Tagovailoa pass short right to 81-D.Smythe to NE 32 for 6 yards (26-S.Wade).",2.689,0.309,pass,,T.Tagovailoa,,D.Smythe,,,,,,,S.Wade,,,,
2023,2,September 17,home,Miami Dolphins,https://www.pro-football-reference.com/boxscores/202309170nwe.htm,2,00:38,2,4,NE 32,3,10,"(:38) (No Huddle, Shotgun) 1-T.Tagovailoa pass short left to 85-R.Cracraft to NE 20 for 12 yards (27-M.Bryant).",2.998,0.659,pass,,T.Tagovailoa,,R.Cracraft,,,,,,,M.Bryant,,,,
2023,2,September 17,home,Miami Dolphins,https://www.pro-football-reference.com/boxscores/202309170nwe.htm,2,00:31,,,NE 20,3,10,Timeout #3 by MIA at 00:31.,3.657,0.000,no_play,,,,,,,,,,,,,,,
2023,2,September 17,home,Miami Dolphins,https://www.pro-football-reference.com/boxscores/202309170nwe.htm,2,00:31,1,10,NE 20,3,10,"(:31) (Shotgun) 1-T.Tagovailoa pass short right to 0-B.Berrios pushed ob at NE 2 for 18 yards (26-S.Wade).
The Replay Official reviewed the runner was out of bounds ruling, and the play was REVERSED.
(Shotgun) 1-T.Tagovailoa pass short right to 0-B.Berrios to NE 2 for 18 yards (26-S.Wade).",3.657,1.558,pass,,T.Tagovailoa,,B.Berrios,,,,,,,S.Wade,,,,
2023,2,September 17,home,Miami Dolphins,https://www.pro-football-reference.com/boxscores/202309170nwe.htm,2,00:15,1,2,NE 2,3,16,"(:15) (Shotgun) 1-T.Tagovailoa pass short right to 10-T.Hill for 2 yards, TOUCHDOWN.",5.215,1.785,pass,,T.Tagovailoa,,T.Hill,,,,,,,,,,,
2023,2,September 17,home,Miami Dolphins,https://www.pro-football-reference.com/boxscores/202309170nwe.htm,2,00:11,,,NE 15,3,17,"7-J.Sanders extra point is GOOD, Center-44-B.Ferguson, Holder-16-J.Bailey.",0.932,0.068,extra_point,,,,,,,,J.Sanders,,,,,,,
2023,2,September 17,home,Miami Dolphins,https://www.pro-football-reference.com/boxscores/202309170nwe.htm,2,00:11,,,MIA 35,3,17,"7-J.Sanders kicks 65 yards from MIA 35 to end zone, Touchback.",0.033,-0.033,kickoff,,,,,,,,J.Sanders,,,,,,,
2023,2,September 17,home,Miami Dolphins,https://www.pro-football-reference.com/boxscores/202309170nwe.htm,2,00:11,1,10,NE 25,3,17,(:11) 10-M.Jones kneels to NE 24 for -1 yards.,0.000,0.000,qb_kneel,,,M.Jones,,,,,,,,,,,,
2023,2,September 17,home,Miami Dolphins,https://www.pro-football-reference.com/boxscores/202309170nwe.htm,3,15:00,,,NE 35,3,17,"37-C.Ryland kicks 65 yards from NE 35 to end zone, Touchback.",0.770,0.000,kickoff,,,,,,,,C.Ryland,,,,,,,
2023,2,September 17,home,Miami Dolphins,https://www.pro-football-reference.com/boxscores/202309170nwe.htm,3,15:00,1,10,MIA 25,3,17,(15:00) (Shotgun) 31-R.Mostert right guard to MIA 28 for 3 yards (48-Ja.Tavai).,0.770,-0.363,run,,,R.Mostert,,,,,,,,Ja.Tavai,,,,
2023,2,September 17,home,Miami Dolphins,https://www.pro-football-reference.com/boxscores/202309170nwe.htm,3,14:17,2,7,MIA 28,3,17,(14:17) (Shotgun) 17-J.Waddle left end to MIA 26 for -2 yards (23-K.Dugger).,0.408,-0.868,run,,,J.Waddle,,,,,,,,K.Dugger,,,,
2023,2,September 17,home,Miami Dolphins,https://www.pro-football-reference.com/boxscores/202309170nwe.htm,3,13:33,3,9,MIA 26,3,17,(13:33) (Shotgun) 1-T.Tagovailoa sacked at MIA 21 for -5 yards (9-M.Judon).,-0.460,-1.941,pass,,T.Tagovailoa,,,,M.Judon,,,,,M.Judon,,,,
2023,2,September 17,home,Miami Dolphins,https://www.pro-football-reference.com/boxscores/202309170nwe.htm,3,13:02,4,14,MIA 21,3,17,"(13:02) 16-J.Bailey punts 55 yards to NE 24, Center-44-B.Ferguson. 81-D.Douglas ran ob at NE 36 for 12 yards (81-D.Smythe).",-2.401,0.093,punt,,,,,,,J.Bailey,,D.Douglas,,D.Smythe,,,,
2023,2,September 17,home,Miami Dolphins,https://www.pro-football-reference.com/boxscores/202309170nwe.htm,3,12:52,1,10,NE 36,3,17,(12:52) 38-R.Stevenson left end to NE 45 for 9 yards (21-D.Elliott).,2.307,0.692,run,,,R.Stevenson,,,,,,,,D.Elliott,,,,
2023,2,September 17,home,Miami Dolphins,https://www.pro-football-reference.com/boxscores/202309170nwe.htm,3,12:23,2,1,NE 45,3,17,(12:23) 10-M.Jones up the middle to NE 49 for 4 yards (94-C.Wilkins; 92-Z.Sieler).,2.999,0.008,run,,,M.Jones,,,,,,,,C.Wilkins,Z.Sieler,,,
2023,2,September 17,home,Miami Dolphins,https://www.pro-football-reference.com/boxscores/202309170nwe.htm,3,11:53,1,10,NE 49,3,17,(11:53) 10-M.Jones pass short left to 1-D.Parker pushed ob at MIA 42 for 9 yards (8-J.Holland).,3.007,0.623,pass,,M.Jones,,D.Parker,,,,,,,J.Holland,,,,
2023,2,September 17,home,Miami Dolphins,https://www.pro-football-reference.com/boxscores/202309170nwe.htm,3,11:27,2,1,MIA 42,3,17,(11:27) 38-R.Stevenson up the middle to MIA 42 for no gain (2-B.Chubb; 8-J.Holland).,3.630,-0.596,run,,,R.Stevenson,,,,,,,,B.Chubb,J.Holland,,,
2023,2,September 17,home,Miami Dolphins,https://www.pro-football-reference.com/boxscores/202309170nwe.htm,3,10:46,3,1,MIA 42,3,17,(10:46) 38-R.Stevenson right tackle to MIA 46 for -4 yards (8-J.Holland).,3.035,-2.593,run,,,R.Stevenson,,,,,,,,J.Holland,,,,
2023,2,September 17,home,Miami Dolphins,https://www.pro-football-reference.com/boxscores/202309170nwe.htm,3,10:02,4,5,MIA 46,3,17,"(10:02) 17-B.Baringer punts 38 yards to MIA 8, Center-49-J.Cardona, fair catch by 0-B.Berrios.",0.441,-0.080,punt,,,,,,,B.Baringer,,B.Berrios,,,,,,
2023,2,September 17,home,Miami Dolphins,https://www.pro-football-reference.com/boxscores/202309170nwe.htm,3,09:55,1,10,MIA 8,3,17,(9:55) (Shotgun) 1-T.Tagovailoa pass short right to 81-D.Smythe to MIA 17 for 9 yards (6-C.Gonzalez).,-0.361,0.760,pass,,T.Tagovailoa,,D.Smythe,,,,,,,C.Gonzalez,,,,
2023,2,September 17,home,Miami Dolphins,https://www.pro-football-reference.com/boxscores/202309170nwe.htm,3,09:33,2,1,MIA 17,3,17,"(9:33) (No Huddle, Shotgun) 1-T.Tagovailoa pass short right to 10-T.Hill to MIA 26 for 9 yards (6-C.Gonzalez).",0.399,0.496,pass,,T.Tagovailoa,,T.Hill,,,,,,,C.Gonzalez,,,,
2023,2,September 17,home,Miami Dolphins,https://www.pro-football-reference.com/boxscores/202309170nwe.htm,3,08:50,1,10,MIA 26,3,17,(8:50) 31-R.Mostert left tackle to MIA 26 for no gain (8-J.Bentley).,0.895,-0.559,run,,,R.Mostert,,,,,,,,J.Bentley,,,,
2023,2,September 17,home,Miami Dolphins,https://www.pro-football-reference.com/boxscores/202309170nwe.htm,3,08:07,2,10,MIA 26,3,17,(8:07) (Shotgun) 18-E.Ezukanma right end pushed ob at MIA 33 for 7 yards (9-M.Judon).,0.337,0.159,run,,,E.Ezukanma,,,,,,,,M.Judon,,,,
2023,2,September 17,home,Miami Dolphins,https://www.pro-football-reference.com/boxscores/202309170nwe.htm,3,07:21,3,3,MIA 33,3,17,(7:21) (Shotgun) 1-T.Tagovailoa pass short right to 10-T.Hill to MIA 39 for 6 yards (9-M.Judon).,0.495,1.273,pass,,T.Tagovailoa,,T.Hill,,,,,,,M.Judon,,,,
2023,2,September 17,home,Miami Dolphins,https://www.pro-football-reference.com/boxscores/202309170nwe.htm,3,06:41,1,10,MIA 39,3,17,(6:41) 18-E.Ezukanma left end to MIA 38 for -1 yards (27-M.Bryant).,1.769,-0.827,run,,,E.Ezukanma,,,,,,,,M.Bryant,,,,
2023,2,September 17,home,Miami Dolphins,https://www.pro-football-reference.com/boxscores/202309170nwe.htm,3,05:57,2,11,MIA 38,3,17,(5:57) (Shotgun) 1-T.Tagovailoa pass deep left to 17-J.Waddle to NE 30 for 32 yards (27-M.Bryant).,0.941,2.921,pass,,T.Tagovailoa,,J.Waddle,,,,,,,M.Bryant,,,,
2023,2,September 17,home,Miami Dolphins,https://www.pro-football-reference.com/boxscores/202309170nwe.htm,3,05:13,1,10,NE 30,3,17,(5:13) 28-D.Achane left tackle to NE 25 for 5 yards (21-A.Phillips).,3.863,0.136,run,,,D.Achane,,,,,,,,A.Phillips,,,,
2023,2,September 17,home,Miami Dolphins,https://www.pro-football-reference.com/boxscores/202309170nwe.htm,3,04:50,2,5,NE 25,3,17,"(4:50) (Shotgun) 28-D.Achane right tackle to NE 19 for 6 yards (23-K.Dugger).
PENALTY on MIA-73-A.Jackson, Offensive Holding, 10 yards, enforced at NE 25 - No Play.",3.998,-1.371,no_play,,,,,,,,,,,,,,,A.Jackson
2023,2,September 17,home,Miami Dolphins,https://www.pro-football-reference.com/boxscores/202309170nwe.htm,3,04:27,2,15,NE 35,3,17,(4:27) (Shotgun) 1-T.Tagovailoa pass short right to 28-D.Achane to NE 31 for 4 yards (8-J.Bentley).,2.628,-0.233,pass,,T.Tagovailoa,,D.Achane,,,,,,,J.Bentley,,,,
2023,2,September 17,home,Miami Dolphins,https://www.pro-football-reference.com/boxscores/202309170nwe.htm,3,03:42,3,11,NE 31,3,17,(3:42) (Shotgun) 1-T.Tagovailoa pass incomplete short middle to 18-E.Ezukanma (23-K.Dugger).,2.394,-0.913,pass,,T.Tagovailoa,,E.Ezukanma,,,,,,,,,,,
2023,2,September 17,home,Miami Dolphins,https://www.pro-football-reference.com/boxscores/202309170nwe.htm,3,03:39,4,11,NE 31,3,17,"(3:39) 7-J.Sanders 49 yard field goal is BLOCKED (41-B.Schooler), Center-44-B.Ferguson, Holder-16-J.Bailey, RECOVERED by NE-23-K.Dugger at NE 47. 23-K.Dugger to MIA 49 for 4 yards (94-C.Wilkins).",1.482,-4.487,field_goal,,,,,,,,J.Sanders,,B.Schooler,C.Wilkins,,,,
2023,2,September 17,home,Miami Dolphins,https://www.pro-football-reference.com/boxscores/202309170nwe.htm,3,03:32,1,10,MIA 49,3,17,"(3:32) (Shotgun) 10-M.Jones pass short left to 85-H.Henry to MIA 40 for 9 yards (51-D.Long, 33-E.Apple).",3.006,0.655,pass,,M.Jones,,H.Henry,,,,,,,E.Apple,,,,
2023,2,September 17,home,Miami Dolphins,https://www.pro-football-reference.com/boxscores/202309170nwe.htm,3,03:05,2,1,MIA 40,3,17,"(3:05) (No Huddle, Shotgun) 10-M.Jones pass incomplete short right to 84-K.Bourne.",3.661,-0.586,pass,,M.Jones,,K.Bourne,,,,,,,,,,,
2023,2,September 17,home,Miami Dolphins,https://www.pro-football-reference.com/boxscores/202309170nwe.htm,3,03:01,3,1,MIA 40,3,17,(3:01) 10-M.Jones pass short right to 38-R.Stevenson pushed ob at MIA 33 for 7 yards (25-X.Howard).,3.075,0.863,pass,,M.Jones,,R.Stevenson,,,,,,,X.Howard,,,,
2023,2,September 17,home,Miami Dolphins,https://www.pro-football-reference.com/boxscores/202309170nwe.htm,3,02:24,1,10,MIA 33,3,17,"(2:24) (No Huddle, Shotgun) 10-M.Jones pass incomplete deep right to 84-K.Bourne.",3.938,-0.428,pass,,M.Jones,,K.Bourne,,,,,,,,,,,
2023,2,September 17,home,Miami Dolphins,https://www.pro-football-reference.com/boxscores/202309170nwe.htm,3,02:18,2,10,MIA 33,3,17,(2:18) (Shotgun) 10-M.Jones pass short right to 84-K.Bourne pushed ob at MIA 25 for 8 yards (25-X.Howard).,3.510,0.244,pass,,M.Jones,,K.Bourne,,,,,,,X.Howard,,,,
2023,2,September 17,home,Miami Dolphins,https://www.pro-football-reference.com/boxscores/202309170nwe.htm,3,01:46,3,2,MIA 25,3,17,"(1:46) 38-R.Stevenson up the middle to MIA 24 for 1 yard (2-B.Chubb).
New England challenged the short of the line to gain ruling, and the play was Upheld. The ruling on the field stands. (Timeout #1.)",3.754,-0.635,run,,,R.Stevenson,,,,,,,,B.Chubb,,,,
2023,2,September 17,home,Miami Dolphins,https://www.pro-football-reference.com/boxscores/202309170nwe.htm,3,01:26,4,1,MIA 24,3,17,(1:26) 10-M.Jones up the middle to MIA 22 for 2 yards (94-C.Wilkins).,3.118,1.501,run,,,M.Jones,,,,,,,,C.Wilkins,,,,
2023,2,September 17,home,Miami Dolphins,https://www.pro-football-reference.com/boxscores/202309170nwe.htm,3,00:57,1,10,MIA 22,3,17,"(:57) (No Huddle, Shotgun) 10-M.Jones pass deep right intended for 1-D.Parker INTERCEPTED by 25-X.Howard at MIA 3. 25-X.Howard pushed ob at MIA 3 for no gain (1-D.Parker).",4.619,-4.416,pass,,M.Jones,,D.Parker,X.Howard,,,,,,D.Parker,,,,
2023,2,September 17,home,Miami Dolphins,https://www.pro-football-reference.com/boxscores/202309170nwe.htm,3,00:52,1,10,MIA 3,3,17,(:52) (Shotgun) 1-T.Tagovailoa pass incomplete short left to 17-J.Waddle.,-0.203,-0.555,pass,,T.Tagovailoa,,J.Waddle,,,,,,,,,,,
2023,2,September 17,home,Miami Dolphins,https://www.pro-football-reference.com/boxscores/202309170nwe.htm,3,00:48,2,10,MIA 3,3,17,(:48) (Shotgun) 31-R.Mostert up the middle to MIA 6 for 3 yards (91-D.Wise; 8-J.Bentley).,-0.758,-0.468,run,,,R.Mostert,,,,,,,,D.Wise,J.Bentley,,,
2023,2,September 17,home,Miami Dolphins,https://www.pro-football-reference.com/boxscores/202309170nwe.htm,3,00:02,3,7,MIA 6,3,17,(:02) (Shotgun) 1-T.Tagovailoa pass incomplete deep right to 10-T.Hill.,-1.226,-1.155,pass,,T.Tagovailoa,,T.Hill,,,,,,,,,,,
2023,2,September 17,home,Miami Dolphins,https://www.pro-football-reference.com/boxscores/202309170nwe.htm,4,15:00,4,7,MIA 6,3,17,"(15:00) 16-J.Bailey punts 52 yards to NE 42, Center-44-B.Ferguson. 81-D.Douglas to NE 42 for no gain (51-D.Long).",-2.380,0.407,punt,,,,,,,J.Bailey,,D.Douglas,,D.Long,,,,
2023,2,September 17,home,Miami Dolphins,https://www.pro-football-reference.com/boxscores/202309170nwe.htm,4,14:47,1,10,NE 42,3,17,(14:47) (Shotgun) 38-R.Stevenson up the middle to NE 45 for 3 yards (4-K.Kohou).,1.973,-0.218,run,,,R.Stevenson,,,,,,,,K.Kohou,,,,
2023,2,September 17,home,Miami Dolphins,https://www.pro-football-reference.com/boxscores/202309170nwe.htm,4,14:28,2,7,NE 45,3,17,"(14:28) (No Huddle, Shotgun) 10-M.Jones pass short middle to 85-H.Henry to MIA 42 for 13 yards (8-J.Holland; 51-D.Long).",1.755,1.255,pass,,M.Jones,,H.Henry,,,,,,,J.Holland,D.Long,,,
2023,2,September 17,home,Miami Dolphins,https://www.pro-football-reference.com/boxscores/202309170nwe.htm,4,14:00,1,10,MIA 42,3,17,"(14:00) (No Huddle, Shotgun) 10-M.Jones pass short left to 7-J.Smith-Schuster pushed ob at MIA 30 for 12 yards (33-E.Apple).",3.010,0.833,pass,,M.Jones,,J.Smith-Schuster,,,,,,,E.Apple,,,,
2023,2,September 17,home,Miami Dolphins,https://www.pro-football-reference.com/boxscores/202309170nwe.htm,4,13:29,1,10,MIA 30,3,17,"(13:29) (No Huddle, Shotgun) 10-M.Jones sacked at MIA 34 for -4 yards (94-C.Wilkins).",3.843,-1.184,pass,,M.Jones,,,,C.Wilkins,,,,,C.Wilkins,,,,
2023,2,September 17,home,Miami Dolphins,https://www.pro-football-reference.com/boxscores/202309170nwe.htm,4,13:05,2,14,MIA 34,3,17,"(13:05) (No Huddle, Shotgun) 10-M.Jones pass short right to 7-J.Smith-Schuster to MIA 35 for -1 yards (4-K.Kohou).",2.660,-0.893,pass,,M.Jones,,J.Smith-Schuster,,,,,,,K.Kohou,,,,
2023,2,September 17,home,Miami Dolphins,https://www.pro-football-reference.com/boxscores/202309170nwe.htm,4,12:24,3,15,MIA 35,3,17,"(12:24) (Shotgun) 10-M.Jones scrambles right end ran ob at MIA 17 for 18 yards (8-J.Holland).
PENALTY on MIA-25-X.Howard, Defensive Holding, 5 yards, enforced at MIA 17.",1.766,3.225,run,,,M.Jones,,,,,,,,J.Holland,,,,X.Howard
2023,2,September 17,home,Miami Dolphins,https://www.pro-football-reference.com/boxscores/202309170nwe.htm,4,12:00,1,10,MIA 12,3,17,"(12:00) (Shotgun) 38-R.Stevenson right end to MIA 6 for 6 yards (8-J.Holland, 51-D.Long).",4.992,0.319,run,,,R.Stevenson,,,,,,,,D.Long,,,,
2023,2,September 17,home,Miami Dolphins,https://www.pro-football-reference.com/boxscores/202309170nwe.htm,4,11:27,2,4,MIA 6,9,17,"(11:27) (Shotgun) 10-M.Jones pass short right to 85-H.Henry for 6 yards, TOUCHDOWN.",5.311,1.689,pass,,M.Jones,,H.Henry,,,,,,,,,,,
2023,2,September 17,home,Miami Dolphins,https://www.pro-football-reference.com/boxscores/202309170nwe.htm,4,11:21,,,MIA 15,10,17,"37-C.Ryland extra point is GOOD, Center-49-J.Cardona, Holder-17-B.Baringer.",0.932,0.068,extra_point,,,,,,,,C.Ryland,,,,,,,
2023,2,September 17,home,Miami Dolphins,https://www.pro-football-reference.com/boxscores/202309170nwe.htm,4,11:21,,,NE 35,10,17,"37-C.Ryland kicks 65 yards from NE 35 to end zone, Touchback.
PENALTY on NE-45-C.Board, Illegal Formation, 5 yards, enforced at MIA 25.",1.220,0.269,kickoff,,,,,,,,C.Ryland,,,,,,,C.Board
2023,2,September 17,home,Miami Dolphins,https://www.pro-football-reference.com/boxscores/202309170nwe.htm,4,11:21,1,10,MIA 30,10,17,(11:21) (Shotgun) 31-R.Mostert right end to MIA 37 for 7 yards (48-Ja.Tavai).,1.490,0.417,run,,,R.Mostert,,,,,,,,Ja.Tavai,,,,
2023,2,September 17,home,Miami Dolphins,https://www.pro-football-reference.com/boxscores/202309170nwe.htm,4,10:38,2,3,MIA 37,10,17,(10:38) (Shotgun) 1-T.Tagovailoa pass short right to 81-D.Smythe pushed ob at MIA 45 for 8 yards (6-C.Gonzalez).,1.906,0.525,pass,,T.Tagovailoa,,D.Smythe,,,,,,,C.Gonzalez,,,,
2023,2,September 17,home,Miami Dolphins,https://www.pro-football-reference.com/boxscores/202309170nwe.htm,4,10:04,1,10,MIA 45,10,17,(10:04) (Shotgun) 1-T.Tagovailoa pass deep left intended for 10-T.Hill INTERCEPTED by 6-C.Gonzalez [9-M.Judon] at NE 14. 6-C.Gonzalez to NE 14 for no gain (10-T.Hill).,2.432,-2.619,pass,,T.Tagovailoa,,T.Hill,C.Gonzalez,,,,,,T.Hill,,,,
2023,2,September 17,home,Miami Dolphins,https://www.pro-football-reference.com/boxscores/202309170nwe.htm,4,09:56,1,10,NE 14,10,17,(9:56) (Shotgun) 10-M.Jones pass incomplete short left to 7-J.Smith-Schuster (33-E.Apple).,0.187,-0.500,pass,,M.Jones,,J.Smith-Schuster,,,,,,,,,,,
2023,2,September 17,home,Miami Dolphins,https://www.pro-football-reference.com/boxscores/202309170nwe.htm,4,09:53,2,10,NE 14,10,17,(9:53) (Shotgun) 10-M.Jones sacked at NE 4 for -10 yards (43-A.Van Ginkel).,-0.313,-1.819,pass,,M.Jones,,,,A.Van Ginkel,,,,,A.Van Ginkel,,,,
2023,2,September 17,home,Miami Dolphins,https://www.pro-football-reference.com/boxscores/202309170nwe.htm,4,09:11,3,20,NE 4,10,17,(9:11) (Shotgun) 10-M.Jones pass incomplete deep left to 88-M.Gesicki.,-2.132,-0.631,pass,,M.Jones,,M.Gesicki,,,,,,,,,,,
2023,2,September 17,home,Miami Dolphins,https://www.pro-football-reference.com/boxscores/202309170nwe.htm,4,09:03,4,20,NE 4,10,17,"(9:03) 17-B.Baringer punts 57 yards to MIA 39, Center-49-J.Cardona. 0-B.Berrios pushed ob at NE 43 for 18 yards (45-C.Board).",-2.763,-0.253,punt,,,,,,,B.Baringer,,B.Berrios,,C.Board,,,,
2023,2,September 17,home,Miami Dolphins,https://www.pro-football-reference.com/boxscores/202309170nwe.htm,4,08:51,1,10,NE 43,10,23,"(8:51) (Shotgun) 31-R.Mostert left guard for 43 yards, TOUCHDOWN.",3.017,3.983,run,,,R.Mostert,,,,,,,,,,,,
2023,2,September 17,home,Miami Dolphins,https://www.pro-football-reference.com/boxscores/202309170nwe.htm,4,08:45,,,NE 15,10,24,"7-J.Sanders extra point is GOOD, Center-44-B.Ferguson, Holder-16-J.Bailey.",0.932,0.068,extra_point,,,,,,,,J.Sanders,,,,,,,
2023,2,September 17,home,Miami Dolphins,https://www.pro-football-reference.com/boxscores/202309170nwe.htm,4,08:45,,,MIA 35,10,24,"7-J.Sanders kicks 65 yards from MIA 35 to end zone, Touchback.",0.947,0.000,kickoff,,,,,,,,J.Sanders,,,,,,,
2023,2,September 17,home,Miami Dolphins,https://www.pro-football-reference.com/boxscores/202309170nwe.htm,4,08:45,1,10,NE 25,10,24,"(8:45) (Shotgun) 10-M.Jones pass short left to 1-D.Parker to NE 33 for 8 yards (33-E.Apple).
PENALTY on MIA-33-E.Apple, Defensive Pass Interference, 8 yards, enforced at NE 25 - No Play.",0.947,0.369,no_play,,,,,,,,,,,,,,,E.Apple
2023,2,September 17,home,Miami Dolphins,https://www.pro-football-reference.com/boxscores/202309170nwe.htm,4,08:36,1,10,NE 33,10,24,"(8:36) (No Huddle, Shotgun) 10-M.Jones pass short left to 88-M.Gesicki to NE 38 for 5 yards (8-J.Holland).",1.316,0.081,pass,,M.Jones,,M.Gesicki,,,,,,,J.Holland,,,,
2023,2,September 17,home,Miami Dolphins,https://www.pro-football-reference.com/boxscores/202309170nwe.htm,4,08:14,2,5,NE 38,10,24,"(8:14) (No Huddle, Shotgun) 10-M.Jones pass incomplete short left to 1-D.Parker [43-A.Van Ginkel].
PENALTY on MIA-33-E.Apple, Defensive Pass Interference, 8 yards, enforced at NE 38 - No Play.",1.397,0.799,no_play,,,,,,,,,,,,,,,E.Apple
2023,2,September 17,home,Miami Dolphins,https://www.pro-football-reference.com/boxscores/202309170nwe.htm,4,08:10,1,10,NE 46,10,24,(8:10) (Shotgun) 10-M.Jones pass short left to 38-R.Stevenson to NE 49 for 3 yards (92-Z.Sieler; 55-J.Baker).,2.195,-0.205,pass,,M.Jones,,R.Stevenson,,,,,,,Z.Sieler,J.Baker,,,
2023,2,September 17,home,Miami Dolphins,https://www.pro-football-reference.com/boxscores/202309170nwe.htm,4,07:46,2,7,NE 49,10,24,"(7:46) (No Huddle, Shotgun) 10-M.Jones pass incomplete deep right to 84-K.Bourne.",1.990,-0.731,pass,,M.Jones,,K.Bourne,,,,,,,,,,,
2023,2,September 17,home,Miami Dolphins,https://www.pro-football-reference.com/boxscores/202309170nwe.htm,4,07:39,3,7,NE 49,10,24,(7:39) (Shotgun) 10-M.Jones pass short middle to 1-D.Parker to MIA 37 for 14 yards (33-E.Apple) [43-A.Van Ginkel].,1.259,2.044,pass,,M.Jones,,D.Parker,,,,,,,E.Apple,,,,
2023,2,September 17,home,Miami Dolphins,https://www.pro-football-reference.com/boxscores/202309170nwe.htm,4,07:17,1,10,MIA 37,10,24,"(7:17) (No Huddle, Shotgun) 10-M.Jones pass short right to 85-H.Henry to MIA 30 for 7 yards (20-J.Bethel).",3.304,0.345,pass,,M.Jones,,H.Henry,,,,,,,J.Bethel,,,,
2023,2,September 17,home,Miami Dolphins,https://www.pro-football-reference.com/boxscores/202309170nwe.htm,4,06:54,2,3,MIA 30,10,24,"(6:54) (No Huddle, Shotgun) 38-R.Stevenson up the middle to MIA 18 for 12 yards (20-J.Bethel).",3.648,0.898,run,,,R.Stevenson,,,,,,,,J.Bethel,,,,
2023,2,September 17,home,Miami Dolphins,https://www.pro-football-reference.com/boxscores/202309170nwe.htm,4,06:30,1,10,MIA 18,10,24,"(6:30) (No Huddle, Shotgun) 38-R.Stevenson up the middle to MIA 13 for 5 yards (94-C.Wilkins).",4.546,0.175,run,,,R.Stevenson,,,,,,,,C.Wilkins,,,,
2023,2,September 17,home,Miami Dolphins,https://www.pro-football-reference.com/boxscores/202309170nwe.htm,4,05:55,2,5,MIA 13,10,24,"(5:55) (No Huddle, Shotgun) 10-M.Jones pass short right to 7-J.Smith-Schuster to MIA 2 for 11 yards (25-X.Howard).",4.721,1.440,pass,,M.Jones,,J.Smith-Schuster,,,,,,,X.Howard,,,,
2023,2,September 17,home,Miami Dolphins,https://www.pro-football-reference.com/boxscores/202309170nwe.htm,4,05:29,1,2,MIA 2,16,24,"(5:29) (No Huddle, Shotgun) 38-R.Stevenson right guard for 2 yards, TOUCHDOWN.",6.161,0.839,run,,,R.Stevenson,,,,,,,,,,,,
2023,2,September 17,home,Miami Dolphins,https://www.pro-football-reference.com/boxscores/202309170nwe.htm,4,05:25,,,MIA 15,17,24,"37-C.Ryland extra point is GOOD, Center-49-J.Cardona, Holder-17-B.Baringer.",0.932,0.068,extra_point,,,,,,,,C.Ryland,,,,,,,
2023,2,September 17,home,Miami Dolphins,https://www.pro-football-reference.com/boxscores/202309170nwe.htm,4,05:25,,,NE 35,17,24,"37-C.Ryland kicks 65 yards from NE 35 to end zone, Touchback.",1.018,-0.247,kickoff,,,,,,,,C.Ryland,,,,,,,
2023,2,September 17,home,Miami Dolphins,https://www.pro-football-reference.com/boxscores/202309170nwe.htm,4,05:25,,,MIA 25,17,24,Timeout #1 by MIA at 05:25.,0.771,0.000,no_play,,,,,,,,,,,,,,,
2023,2,September 17,home,Miami Dolphins,https://www.pro-football-reference.com/boxscores/202309170nwe.htm,4,05:25,1,10,MIA 25,17,24,(5:25) (Shotgun) 31-R.Mostert up the middle to MIA 30 for 5 yards (92-D.Godchaux).,0.771,0.062,run,,,R.Mostert,,,,,,,,D.Godchaux,,,,
2023,2,September 17,home,Miami Dolphins,https://www.pro-football-reference.com/boxscores/202309170nwe.htm,4,04:42,2,5,MIA 30,17,24,"(4:42) (Shotgun) 1-T.Tagovailoa pass incomplete deep right to 17-J.Waddle (9-M.Judon). MIA-17-J.Waddle was injured during the play. 
PENALTY on NE-30-M.Mapu, Unnecessary Roughness, 15 yards, enforced at MIA 30 - No Play.",0.833,1.171,no_play,,,,,,,,,,,,,,,M.Mapu
2023,2,September 17,home,Miami Dolphins,https://www.pro-football-reference.com/boxscores/202309170nwe.htm,4,04:37,1,10,MIA 45,17,24,"(4:37) 31-R.Mostert right tackle to NE 44 for 11 yards (48-Ja.Tavai, 23-K.Dugger).",2.005,0.628,run,,,R.Mostert,,,,,,,,K.Dugger,,,,
2023,2,September 17,home,Miami Dolphins,https://www.pro-football-reference.com/boxscores/202309170nwe.htm,4,03:51,1,10,NE 44,17,24,(3:51) 31-R.Mostert left tackle to NE 42 for 2 yards (5-J.Peppers).,2.633,-0.496,run,,,R.Mostert,,,,,,,,J.Peppers,,,,
2023,2,September 17,home,Miami Dolphins,https://www.pro-football-reference.com/boxscores/202309170nwe.htm,4,03:07,2,8,NE 42,17,24,(3:07) (Shotgun) 31-R.Mostert left guard to NE 35 for 7 yards (91-D.Wise; 92-D.Godchaux).,2.137,0.573,run,,,R.Mostert,,,,,,,,D.Wise,D.Godchaux,,,
2023,2,September 17,home,Miami Dolphins,https://www.pro-football-reference.com/boxscores/202309170nwe.htm,4,02:22,3,1,NE 35,17,24,"(2:22) 1-T.Tagovailoa FUMBLES (Aborted) at NE 35, and recovers at NE 37. 1-T.Tagovailoa to NE 37 for no gain (9-M.Judon).",2.710,-1.788,run,,,T.Tagovailoa,,,,,,,,M.Judon,,,T.Tagovailoa,
2023,2,September 17,home,Miami Dolphins,https://www.pro-football-reference.com/boxscores/202309170nwe.htm,4,02:19,,,NE 37,17,24,Timeout #2 by NE at 02:19.,0.922,0.000,no_play,,,,,,,,,,,,,,,
2023,2,September 17,home,Miami Dolphins,https://www.pro-football-reference.com/boxscores/202309170nwe.htm,4,02:19,4,3,NE 37,17,24,"(2:19) 7-J.Sanders 55 yard field goal is No Good, Wide Left, Center-44-B.Ferguson, Holder-16-J.Bailey.",0.922,-2.969,field_goal,,,,,,,,J.Sanders,,,,,,,
2023,2,September 17,home,Miami Dolphins,https://www.pro-football-reference.com/boxscores/202309170nwe.htm,4,02:14,1,10,NE 45,17,24,(2:14) (Shotgun) 10-M.Jones pass short middle to 84-K.Bourne to NE 48 for 3 yards (55-J.Baker).,2.047,-0.210,pass,,M.Jones,,K.Bourne,,,,,,,J.Baker,,,,
2023,2,September 17,home,Miami Dolphins,https://www.pro-football-reference.com/boxscores/202309170nwe.htm,4,02:00,2,7,NE 48,17,24,"(2:00) (Shotgun) 10-M.Jones pass short middle to 84-K.Bourne to MIA 39 for 13 yards (33-E.Apple, 8-J.Holland).",1.837,0.973,pass,,M.Jones,,K.Bourne,,,,,,,J.Holland,,,,
2023,2,September 17,home,Miami Dolphins,https://www.pro-football-reference.com/boxscores/202309170nwe.htm,4,01:39,1,10,MIA 39,17,24,"(1:39) (No Huddle, Shotgun) 10-M.Jones sacked at MIA 47 for -8 yards (2-B.Chubb).",2.810,-1.073,pass,,M.Jones,,,,B.Chubb,,,,,B.Chubb,,,,
2023,2,September 17,home,Miami Dolphins,https://www.pro-football-reference.com/boxscores/202309170nwe.htm,4,01:10,2,18,MIA 47,17,24,"(1:10) (No Huddle, Shotgun) 10-M.Jones pass incomplete short right to 85-H.Henry (8-J.Holland).",1.737,-0.382,pass,,M.Jones,,H.Henry,,,,,,,,,,,
2023,2,September 17,home,Miami Dolphins,https://www.pro-football-reference.com/boxscores/202309170nwe.htm,4,01:06,3,18,MIA 47,17,24,(1:06) (Shotgun) 10-M.Jones pass short middle to 88-M.Gesicki to MIA 33 for 14 yards (4-K.Kohou).,1.354,0.215,pass,,M.Jones,,M.Gesicki,,,,,,,K.Kohou,,,,
2023,2,September 17,home,Miami Dolphins,https://www.pro-football-reference.com/boxscores/202309170nwe.htm,4,01:00,,,MIA 33,17,24,Timeout #3 by NE at 01:00.,1.569,0.000,no_play,,,,,,,,,,,,,,,
2023,2,September 17,home,Miami Dolphins,https://www.pro-football-reference.com/boxscores/202309170nwe.htm,4,01:00,4,4,MIA 33,17,24,"(1:00) (Shotgun) 10-M.Jones pass short left to 88-M.Gesicki to MIA 34 for -1 yards [2-B.Chubb]. Lateral to 69-C.Strange to MIA 29 for 5 yards (8-J.Holland; 43-A.Van Ginkel).
The Replay Official reviewed the first down ruling, and the play was REVERSED.
(Shotgun) 10-M.Jones pass short left to 88-M.Gesicki to MIA 34 for -1 yards [2-B.Chubb]. Lateral to 69-C.Strange to MIA 30 for 4 yards (8-J.Holland; 43-A.Van Ginkel).",1.569,-1.983,pass,,M.Jones,,M.Gesicki,,,,,,,J.Holland,A.Van Ginkel,,,
2023,2,September 17,home,Miami Dolphins,https://www.pro-football-reference.com/boxscores/202309170nwe.htm,4,00:51,1,10,MIA 30,17,24,"(:51) 1-T.Tagovailoa FUMBLES (Aborted) at MIA 28, and recovers at MIA 28.",0.414,-0.414,run,,,T.Tagovailoa,,,,,,,,,,,T.Tagovailoa,
2023,2,September 17,home,Miami Dolphins,https://www.pro-football-reference.com/boxscores/202309170nwe.htm,4,00:31,2,12,MIA 28,17,24,(:31) 1-T.Tagovailoa kneels to MIA 27 for -1 yards.,0.000,0.000,qb_kneel,,,T.Tagovailoa,,,,,,,,,,,,
2023,3,September 24,away,New York Jets,https://www.pro-football-reference.com/boxscores/202309240nyj.htm,1,15:00,,,NE 35,0,0,"37-C.Ryland kicks 65 yards from NE 35 to end zone, Touchback.",1.474,0.000,kickoff,,,,,,,,C.Ryland,,,,,,,
2023,3,September 24,away,New York Jets,https://www.pro-football-reference.com/boxscores/202309240nyj.htm,1,15:00,1,10,NYJ 25,0,0,(15:00) (Shotgun) 2-Z.Wilson pass short right to 17-G.Wilson to NYJ 26 for 1 yard (33-A.Jennings).,1.474,-0.556,pass,,Z.Wilson,,G.Wilson,,,,,,,A.Jennings,,,,
2023,3,September 24,away,New York Jets,https://www.pro-football-reference.com/boxscores/202309240nyj.htm,1,14:14,2,9,NYJ 26,0,0,(14:14) 20-Bre.Hall right end to NYJ 20 for -6 yards (33-A.Jennings).,0.918,-1.738,run,,,Bre.Hall,,,,,,,,A.Jennings,,,,
2023,3,September 24,away,New York Jets,https://www.pro-football-reference.com/boxscores/202309240nyj.htm,1,13:33,3,15,NYJ 20,0,0,(13:33) (Shotgun) 2-Z.Wilson pass incomplete short left [8-J.Bentley].,-0.820,-1.078,pass,,Z.Wilson,,,,,,,,,,,,,
2023,3,September 24,away,New York Jets,https://www.pro-football-reference.com/boxscores/202309240nyj.htm,1,13:24,4,15,NYJ 20,0,0,"(13:24) 5-T.Morstead punts 38 yards to NE 42, Center-42-T.Hennessy, fair catch by 81-D.Douglas.",-1.898,-0.048,punt,,,,,,,T.Morstead,,D.Douglas,,,,,,
2023,3,September 24,away,New York Jets,https://www.pro-football-reference.com/boxscores/202309240nyj.htm,1,13:18,1,10,NE 42,0,0,(13:18) (Shotgun) 10-M.Jones pass incomplete short middle.,1.946,-0.497,pass,,M.Jones,,,,,,,,,,,,,
2023,3,September 24,away,New York Jets,https://www.pro-football-reference.com/boxscores/202309240nyj.htm,1,13:15,2,10,NE 42,0,0,(13:15) (Shotgun) 38-R.Stevenson right end to NE 46 for 4 yards (3-J.Whitehead).,1.450,-0.422,run,,,R.Stevenson,,,,,,,,J.Whitehead,,,,
2023,3,September 24,away,New York Jets,https://www.pro-football-reference.com/boxscores/202309240nyj.htm,1,12:41,3,6,NE 46,0,0,(12:41) (Shotgun) 10-M.Jones pass short left to 88-M.Gesicki pushed ob at NYJ 36 for 18 yards (0-A.Amos) [95-Q.Williams].,1.028,2.505,pass,,M.Jones,,M.Gesicki,,,,,,,A.Amos,,,,
2023,3,September 24,away,New York Jets,https://www.pro-football-reference.com/boxscores/202309240nyj.htm,1,12:08,1,10,NYJ 36,0,0,"(12:08) 38-R.Stevenson up the middle to NYJ 37 for -1 yards (56-Qu.Williams, 44-J.Sherwood).",3.533,-0.975,run,,,R.Stevenson,,,,,,,,J.Sherwood,,,,
2023,3,September 24,away,New York Jets,https://www.pro-football-reference.com/boxscores/202309240nyj.htm,1,11:30,2,11,NYJ 37,0,0,(11:30) (Shotgun) 10-M.Jones pass short left to 85-H.Henry to NYJ 29 for 8 yards (57-C.Mosley; 56-Qu.Williams).,2.558,0.670,pass,,M.Jones,,H.Henry,,,,,,,C.Mosley,Qu.Williams,,,
2023,3,September 24,away,New York Jets,https://www.pro-football-reference.com/boxscores/202309240nyj.htm,1,10:51,3,3,NYJ 29,0,0,(10:51) (Shotgun) 10-M.Jones pass incomplete deep right to 1-D.Parker.,3.228,-1.513,pass,,M.Jones,,D.Parker,,,,,,,,,,,
2023,3,September 24,away,New York Jets,https://www.pro-football-reference.com/boxscores/202309240nyj.htm,1,10:46,4,3,NYJ 29,3,0,"(10:46) 37-C.Ryland 48 yard field goal is GOOD, Center-49-J.Cardona, Holder-17-B.Baringer.",1.715,1.285,field_goal,,,,,,,,C.Ryland,,,,,,,
2023,3,September 24,away,New York Jets,https://www.pro-football-reference.com/boxscores/202309240nyj.htm,1,10:41,,,NE 35,3,0,"37-C.Ryland kicks 65 yards from NE 35 to end zone, Touchback.",1.431,0.000,kickoff,,,,,,,,C.Ryland,,,,,,,
2023,3,September 24,away,New York Jets,https://www.pro-football-reference.com/boxscores/202309240nyj.htm,1,10:41,1,10,NYJ 25,3,0,(10:41) (Shotgun) 20-Bre.Hall up the middle to NYJ 28 for 3 yards (33-A.Jennings).,1.431,-0.385,run,,,Bre.Hall,,,,,,,,A.Jennings,,,,
2023,3,September 24,away,New York Jets,https://www.pro-football-reference.com/boxscores/202309240nyj.htm,1,10:04,2,7,NYJ 28,3,0,(10:04) (Shotgun) 2-Z.Wilson pass incomplete short left to 17-G.Wilson (8-J.Bentley).,1.046,-0.783,pass,,Z.Wilson,,G.Wilson,,,,,,,,,,,
2023,3,September 24,away,New York Jets,https://www.pro-football-reference.com/boxscores/202309240nyj.htm,1,09:59,3,7,NYJ 28,3,0,(9:59) (Shotgun) 2-Z.Wilson pass short left to 10-A.Lazard pushed ob at NYJ 40 for 12 yards (26-S.Wade).,0.263,2.078,pass,,Z.Wilson,,A.Lazard,,,,,,,S.Wade,,,,
2023,3,September 24,away,New York Jets,https://www.pro-football-reference.com/boxscores/202309240nyj.htm,1,09:24,1,10,NYJ 40,3,0,"(9:24) (Shotgun) 33-D.Cook right guard to NYJ 43 for 3 yards (33-A.Jennings, 96-S.Roberts).",2.342,-0.183,run,,,D.Cook,,,,,,,,S.Roberts,,,,
2023,3,September 24,away,New York Jets,https://www.pro-football-reference.com/boxscores/202309240nyj.htm,1,08:45,2,7,NYJ 43,3,0,(8:45) 33-D.Cook left tackle to NYJ 42 for -1 yards (5-J.Peppers).,2.159,-1.032,run,,,D.Cook,,,,,,,,J.Peppers,,,,
2023,3,September 24,away,New York Jets,https://www.pro-football-reference.com/boxscores/202309240nyj.htm,1,08:05,3,8,NYJ 42,3,0,(8:05) (Shotgun) 2-Z.Wilson sacked at NYJ 35 for -7 yards (9-M.Judon).,1.127,-1.972,pass,,Z.Wilson,,,,M.Judon,,,,,M.Judon,,,,
2023,3,September 24,away,New York Jets,https://www.pro-football-reference.com/boxscores/202309240nyj.htm,1,07:23,4,15,NYJ 35,3,0,"(7:23) (Punt formation) PENALTY on NYJ-48-N.Bawden, False Start, 5 yards, enforced at NYJ 35 - No Play.",-0.845,-0.168,no_play,,,,,,,,,,,,,,,N.Bawden
2023,3,September 24,away,New York Jets,https://www.pro-football-reference.com/boxscores/202309240nyj.htm,1,07:15,4,20,NYJ 30,3,0,"(7:15) 5-T.Morstead punts 52 yards to NE 18, Center-42-T.Hennessy. 5-J.Peppers ran ob at NE 36 for 18 yards (21-A.Davis).",-1.013,-0.605,punt,,,,,,,T.Morstead,,J.Peppers,,A.Davis,,,,
2023,3,September 24,away,New York Jets,https://www.pro-football-reference.com/boxscores/202309240nyj.htm,1,07:05,1,10,NE 36,3,0,"(7:05) 15-E.Elliott left end to NE 48 for 12 yards (56-Qu.Williams, 0-A.Amos).",1.619,0.808,run,,,E.Elliott,,,,,,,,A.Amos,,,,
2023,3,September 24,away,New York Jets,https://www.pro-football-reference.com/boxscores/202309240nyj.htm,1,06:30,1,10,NE 48,3,0,(6:30) 10-M.Jones pass short right to 84-K.Bourne to NYJ 44 for 8 yards (1-A.Gardner).,2.427,0.490,pass,,M.Jones,,K.Bourne,,,,,,,A.Gardner,,,,
2023,3,September 24,away,New York Jets,https://www.pro-football-reference.com/boxscores/202309240nyj.htm,1,05:56,2,2,NYJ 44,3,0,(5:56) (Shotgun) 15-E.Elliott up the middle to NYJ 45 for -1 yards (94-S.Thomas).,2.917,-0.918,run,,,E.Elliott,,,,,,,,S.Thomas,,,,
2023,3,September 24,away,New York Jets,https://www.pro-football-reference.com/boxscores/202309240nyj.htm,1,05:18,3,3,NYJ 45,3,0,(5:18) (Shotgun) 10-M.Jones pass incomplete short right to 38-R.Stevenson.,1.999,-1.873,pass,,M.Jones,,R.Stevenson,,,,,,,,,,,
2023,3,September 24,away,New York Jets,https://www.pro-football-reference.com/boxscores/202309240nyj.htm,1,05:13,4,3,NYJ 45,3,0,"(5:13) 17-B.Baringer punts 39 yards to NYJ 6, Center-49-J.Cardona, downed by NE-86-P.Brown.",0.127,-0.420,punt,,,,,,,B.Baringer,,,,,,,,
2023,3,September 24,away,New York Jets,https://www.pro-football-reference.com/boxscores/202309240nyj.htm,1,05:00,1,10,NYJ 6,3,0,"(5:00) 20-Bre.Hall right guard to NYJ 6 for no gain (95-D.Ekuale). FUMBLES (95-D.Ekuale), and recovers at NYJ 7.",0.293,-0.654,run,,,Bre.Hall,,,,,,,,D.Ekuale,,D.Ekuale,Bre.Hall,
2023,3,September 24,away,New York Jets,https://www.pro-football-reference.com/boxscores/202309240nyj.htm,1,04:20,2,9,NYJ 7,3,0,(4:20) (Shotgun) 20-Bre.Hall left end to NYJ 9 for 2 yards (23-K.Dugger; 9-M.Judon).,-0.360,-0.529,run,,,Bre.Hall,,,,,,,,K.Dugger,M.Judon,,,
2023,3,September 24,away,New York Jets,https://www.pro-football-reference.com/boxscores/202309240nyj.htm,1,03:41,3,7,NYJ 9,3,0,(3:41) (Shotgun) 2-Z.Wilson pass short middle to 32-Mi.Carter pushed ob at NYJ 12 for 3 yards (9-M.Judon; 6-C.Gonzalez).,-0.890,-1.086,pass,,Z.Wilson,,Mi.Carter,,,,,,,M.Judon,C.Gonzalez,,,
2023,3,September 24,away,New York Jets,https://www.pro-football-reference.com/boxscores/202309240nyj.htm,1,03:13,4,4,NYJ 12,3,0,"(3:13) 5-T.Morstead punts 52 yards to NE 36, Center-42-T.Hennessy. 5-J.Peppers to NE 43 for 7 yards (21-A.Davis).",-1.976,-0.064,punt,,,,,,,T.Morstead,,J.Peppers,,A.Davis,,,,
2023,3,September 24,away,New York Jets,https://www.pro-football-reference.com/boxscores/202309240nyj.htm,1,03:02,1,10,NE 43,3,0,(3:02) (Shotgun) 38-R.Stevenson up the middle to NYJ 47 for 10 yards (57-C.Mosley).,2.040,0.715,run,,,R.Stevenson,,,,,,,,C.Mosley,,,,
2023,3,September 24,away,New York Jets,https://www.pro-football-reference.com/boxscores/202309240nyj.htm,1,02:29,1,10,NYJ 47,3,0,(2:29) 38-R.Stevenson up the middle to NYJ 42 for 5 yards (56-Qu.Williams).,2.755,-0.035,run,,,R.Stevenson,,,,,,,,Qu.Williams,,,,
2023,3,September 24,away,New York Jets,https://www.pro-football-reference.com/boxscores/202309240nyj.htm,1,01:55,2,5,NYJ 42,3,0,(1:55) 10-M.Jones pass incomplete short right to 38-R.Stevenson [91-J.Franklin-Myers].,2.721,-0.845,pass,,M.Jones,,R.Stevenson,,,,,,,,,,,
2023,3,September 24,away,New York Jets,https://www.pro-football-reference.com/boxscores/202309240nyj.htm,1,01:51,3,5,NYJ 42,3,0,"(1:51) (Shotgun) 10-M.Jones pass short middle to 84-K.Bourne to NYJ 24 for 18 yards (3-J.Whitehead, 56-Qu.Williams).",1.876,2.470,pass,,M.Jones,,K.Bourne,,,,,,,Qu.Williams,,,,
2023,3,September 24,away,New York Jets,https://www.pro-football-reference.com/boxscores/202309240nyj.htm,1,01:09,1,10,NYJ 24,3,0,(1:09) 38-R.Stevenson up the middle to NYJ 20 for 4 yards (72-M.Clemons).,4.345,-0.224,run,,,R.Stevenson,,,,,,,,M.Clemons,,,,
2023,3,September 24,away,New York Jets,https://www.pro-football-reference.com/boxscores/202309240nyj.htm,1,00:30,2,6,NYJ 20,3,0,"(:30) 38-R.Stevenson up the middle to NYJ 17 for 3 yards (72-M.Clemons; 58-C.Lawson).
PENALTY on NE-69-C.Strange, Offensive Holding, 10 yards, enforced at NYJ 20 - No Play.",4.121,-1.130,no_play,,,,,,,,,,,,,,,C.Strange
2023,3,September 24,away,New York Jets,https://www.pro-football-reference.com/boxscores/202309240nyj.htm,1,00:11,2,16,NYJ 30,3,0,(:11) 38-R.Stevenson left guard to NYJ 30 for no gain (11-J.Johnson).,2.991,-0.696,run,,,R.Stevenson,,,,,,,,J.Johnson,,,,
2023,3,September 24,away,New York Jets,https://www.pro-football-reference.com/boxscores/202309240nyj.htm,2,15:00,3,16,NYJ 30,3,0,(15:00) (Shotgun) 10-M.Jones pass incomplete short right to 38-R.Stevenson (95-Q.Williams).,2.295,-0.681,pass,,M.Jones,,R.Stevenson,,,,,,,,,,,
2023,3,September 24,away,New York Jets,https://www.pro-football-reference.com/boxscores/202309240nyj.htm,2,14:56,4,16,NYJ 30,3,0,"(14:56) 37-C.Ryland 48 yard field goal is No Good, Wide Right, Center-49-J.Cardona, Holder-17-B.Baringer.",1.614,-3.591,field_goal,,,,,,,,C.Ryland,,,,,,,
2023,3,September 24,away,New York Jets,https://www.pro-football-reference.com/boxscores/202309240nyj.htm,2,14:51,1,10,NYJ 38,3,0,(14:51) (Shotgun) 2-Z.Wilson sacked at NYJ 26 for -12 yards (90-C.Barmore).,1.977,-1.689,pass,,Z.Wilson,,,,C.Barmore,,,,,C.Barmore,,,,
2023,3,September 24,away,New York Jets,https://www.pro-football-reference.com/boxscores/202309240nyj.htm,2,14:06,2,22,NYJ 26,3,0,(14:06) (Shotgun) 2-Z.Wilson pass incomplete short left to 83-T.Conklin.,0.288,-0.805,pass,,Z.Wilson,,T.Conklin,,,,,,,,,,,
2023,3,September 24,away,New York Jets,https://www.pro-football-reference.com/boxscores/202309240nyj.htm,2,14:02,3,22,NYJ 26,3,0,(14:02) (Shotgun) 2-Z.Wilson pass incomplete short middle.,-0.517,-0.974,pass,,Z.Wilson,,,,,,,,,,,,,
2023,3,September 24,away,New York Jets,https://www.pro-football-reference.com/boxscores/202309240nyj.htm,2,13:58,4,22,NYJ 26,3,0,"(13:58) 5-T.Morstead punts 58 yards to NE 16, Center-42-T.Hennessy. 81-D.Douglas to NE 22 for 6 yards (34-J.Hardee).",-1.491,0.922,punt,,,,,,,T.Morstead,,D.Douglas,,J.Hardee,,,,
2023,3,September 24,away,New York Jets,https://www.pro-football-reference.com/boxscores/202309240nyj.htm,2,13:47,1,10,NE 22,3,0,(13:47) 15-E.Elliott up the middle to NE 23 for 1 yard (96-A.Woods).,0.569,-0.452,run,,,E.Elliott,,,,,,,,A.Woods,,,,
2023,3,September 24,away,New York Jets,https://www.pro-football-reference.com/boxscores/202309240nyj.htm,2,13:12,2,9,NE 23,3,0,(13:12) 15-E.Elliott left end to NE 27 for 4 yards (94-S.Thomas).,0.117,-0.087,run,,,E.Elliott,,,,,,,,S.Thomas,,,,
2023,3,September 24,away,New York Jets,https://www.pro-football-reference.com/boxscores/202309240nyj.htm,2,12:27,3,5,NE 27,3,0,(12:27) (Shotgun) 10-M.Jones pass short right to 81-D.Douglas to NE 42 for 15 yards (3-J.Whitehead) [95-Q.Williams].,0.030,1.968,pass,,M.Jones,,D.Douglas,,,,,,,J.Whitehead,,,,
2023,3,September 24,away,New York Jets,https://www.pro-football-reference.com/boxscores/202309240nyj.htm,2,11:49,1,10,NE 42,9,0,"(11:49) 10-M.Jones pass deep right to 86-P.Brown for 58 yards, TOUCHDOWN.",1.998,5.002,pass,,M.Jones,,P.Brown,,,,,,,,,,,
2023,3,September 24,away,New York Jets,https://www.pro-football-reference.com/boxscores/202309240nyj.htm,2,11:38,,,NYJ 15,10,0,"37-C.Ryland extra point is GOOD, Center-49-J.Cardona, Holder-17-B.Baringer.",0.932,0.068,extra_point,,,,,,,,C.Ryland,,,,,,,
2023,3,September 24,away,New York Jets,https://www.pro-football-reference.com/boxscores/202309240nyj.htm,2,11:38,,,NE 35,10,0,37-C.Ryland kicks 64 yards from NE 35 to NYJ 1. 82-X.Gipson to NYJ 31 for 30 yards (21-A.Phillips; 3-M.Wilson).,1.241,0.330,kickoff,,,,,,,,C.Ryland,X.Gipson,,A.Phillips,M.Wilson,,,
2023,3,September 24,away,New York Jets,https://www.pro-football-reference.com/boxscores/202309240nyj.htm,2,11:32,1,10,NYJ 31,10,0,(11:32) 20-Bre.Hall left end to NYJ 29 for -2 yards (8-J.Bentley).,1.571,-0.817,run,,,Bre.Hall,,,,,,,,J.Bentley,,,,
2023,3,September 24,away,New York Jets,https://www.pro-football-reference.com/boxscores/202309240nyj.htm,2,10:57,2,12,NYJ 29,10,0,(10:57) (Shotgun) 2-Z.Wilson pass short left to 20-Bre.Hall to NYJ 38 for 9 yards (21-A.Phillips).,0.754,0.361,pass,,Z.Wilson,,Bre.Hall,,,,,,,A.Phillips,,,,
2023,3,September 24,away,New York Jets,https://www.pro-football-reference.com/boxscores/202309240nyj.htm,2,10:10,3,3,NYJ 38,10,0,(10:10) (Shotgun) 2-Z.Wilson pass incomplete deep left.,1.114,-1.509,pass,,Z.Wilson,,,,,,,,,,,,,
2023,3,September 24,away,New York Jets,https://www.pro-football-reference.com/boxscores/202309240nyj.htm,2,10:03,4,3,NYJ 38,10,0,"(10:03) 5-T.Morstead punts 54 yards to NE 8, Center-42-T.Hennessy, fair catch by 5-J.Peppers.",-0.395,0.464,punt,,,,,,,T.Morstead,,J.Peppers,,,,,,
2023,3,September 24,away,New York Jets,https://www.pro-football-reference.com/boxscores/202309240nyj.htm,2,09:56,1,10,NE 8,10,0,(9:56) (Shotgun) 38-R.Stevenson right guard to NE 12 for 4 yards (57-C.Mosley).,-0.070,-0.154,run,,,R.Stevenson,,,,,,,,C.Mosley,,,,
2023,3,September 24,away,New York Jets,https://www.pro-football-reference.com/boxscores/202309240nyj.htm,2,09:30,2,6,NE 12,10,0,(9:30) (Shotgun) 10-M.Jones pass short left to 1-D.Parker to NE 15 for 3 yards (4-D.Reed).,-0.224,-0.281,pass,,M.Jones,,D.Parker,,,,,,,D.Reed,,,,
2023,3,September 24,away,New York Jets,https://www.pro-football-reference.com/boxscores/202309240nyj.htm,2,08:51,3,3,NE 15,10,0,(8:51) (Shotgun) 10-M.Jones pass short right to 7-J.Smith-Schuster to NE 20 for 5 yards (57-C.Mosley).,-0.504,1.275,pass,,M.Jones,,J.Smith-Schuster,,,,,,,C.Mosley,,,,
2023,3,September 24,away,New York Jets,https://www.pro-football-reference.com/boxscores/202309240nyj.htm,2,08:13,1,10,NE 20,10,0,(8:13) 38-R.Stevenson up the middle to NE 25 for 5 yards (11-J.Johnson).,0.770,0.131,run,,,R.Stevenson,,,,,,,,J.Johnson,,,,
2023,3,September 24,away,New York Jets,https://www.pro-football-reference.com/boxscores/202309240nyj.htm,2,07:49,2,5,NE 25,10,0,(7:49) (No Huddle) 10-M.Jones pass incomplete short right [70-Q.Jefferson].,0.902,-0.668,pass,,M.Jones,,,,,,,,,,,,,
2023,3,September 24,away,New York Jets,https://www.pro-football-reference.com/boxscores/202309240nyj.htm,2,07:42,3,5,NE 25,10,0,(7:42) (Shotgun) 10-M.Jones pass incomplete deep right to 84-K.Bourne.,0.234,-1.362,pass,,M.Jones,,K.Bourne,,,,,,,,,,,
2023,3,September 24,away,New York Jets,https://www.pro-football-reference.com/boxscores/202309240nyj.htm,2,07:38,4,5,NE 25,10,0,"(7:38) 17-B.Baringer punts 42 yards to NYJ 33, Center-49-J.Cardona. 82-X.Gipson to NYJ 33 for no gain (41-B.Schooler).",-1.128,-0.574,punt,,,,,,,B.Baringer,,X.Gipson,,B.Schooler,,,,
2023,3,September 24,away,New York Jets,https://www.pro-football-reference.com/boxscores/202309240nyj.htm,2,07:29,1,10,NYJ 33,10,0,"(7:29) (Shotgun) 20-Bre.Hall right tackle to NYJ 40 for 7 yards (23-K.Dugger, 5-J.Peppers).",1.703,0.252,run,,,Bre.Hall,,,,,,,,J.Peppers,,,,
2023,3,September 24,away,New York Jets,https://www.pro-football-reference.com/boxscores/202309240nyj.htm,2,06:52,2,3,NYJ 40,10,0,"(6:52) 20-Bre.Hall left guard to NYJ 43 for 3 yards (3-M.Wilson, 92-D.Godchaux).",1.954,0.262,run,,,Bre.Hall,,,,,,,,D.Godchaux,,,,
2023,3,September 24,away,New York Jets,https://www.pro-football-reference.com/boxscores/202309240nyj.htm,2,06:03,1,10,NYJ 43,10,0,(6:03) 33-D.Cook left guard to NYJ 46 for 3 yards (8-J.Bentley).,2.216,-0.349,run,,,D.Cook,,,,,,,,J.Bentley,,,,
2023,3,September 24,away,New York Jets,https://www.pro-football-reference.com/boxscores/202309240nyj.htm,2,05:24,2,7,NYJ 46,10,0,"(5:24) (Shotgun) 33-D.Cook up the middle to NE 49 for 5 yards (5-J.Peppers, 33-A.Jennings).",1.867,0.082,run,,,D.Cook,,,,,,,,A.Jennings,,,,
2023,3,September 24,away,New York Jets,https://www.pro-football-reference.com/boxscores/202309240nyj.htm,2,04:42,3,2,NE 49,10,0,"(4:42) (Shotgun) 20-Bre.Hall left end to NE 48 for 1 yard (48-Ja.Tavai, 91-D.Wise).",1.949,-1.296,run,,,Bre.Hall,,,,,,,,D.Wise,,,,
2023,3,September 24,away,New York Jets,https://www.pro-football-reference.com/boxscores/202309240nyj.htm,2,04:11,4,1,NE 48,10,0,(4:11) (Shotgun) 20-Bre.Hall up the middle to NE 42 for 6 yards (5-J.Peppers).,0.653,2.170,run,,,Bre.Hall,,,,,,,,J.Peppers,,,,
2023,3,September 24,away,New York Jets,https://www.pro-football-reference.com/boxscores/202309240nyj.htm,2,03:30,1,10,NE 42,10,0,(3:30) 33-D.Cook right tackle to NE 40 for 2 yards (48-Ja.Tavai; 23-K.Dugger).,2.823,-0.502,run,,,D.Cook,,,,,,,,Ja.Tavai,K.Dugger,,,
2023,3,September 24,away,New York Jets,https://www.pro-football-reference.com/boxscores/202309240nyj.htm,2,02:46,2,8,NE 40,10,0,(2:46) (Shotgun) 33-D.Cook right tackle to NE 38 for 2 yards (91-D.Wise).,2.321,-0.069,run,,,D.Cook,,,,,,,,D.Wise,,,,
2023,3,September 24,away,New York Jets,https://www.pro-football-reference.com/boxscores/202309240nyj.htm,2,02:00,3,6,NE 38,10,0,(2:00) (Shotgun) 2-Z.Wilson pass short right to 17-G.Wilson to NE 34 for 4 yards (6-C.Gonzalez).,2.251,-0.994,pass,,Z.Wilson,,G.Wilson,,,,,,,C.Gonzalez,,,,
2023,3,September 24,away,New York Jets,https://www.pro-football-reference.com/boxscores/202309240nyj.htm,2,01:25,,,,10,0,Timeout #1 by NYJ at 01:25.,1.257,0.000,no_play,,,,,,,,,,,,,,,
2023,3,September 24,away,New York Jets,https://www.pro-football-reference.com/boxscores/202309240nyj.htm,2,01:25,,,NE 34,10,0,Timeout #1 by NE at 01:25.,1.257,0.000,no_play,,,,,,,,,,,,,,,
2023,3,September 24,away,New York Jets,https://www.pro-football-reference.com/boxscores/202309240nyj.htm,2,01:25,4,2,NE 34,10,3,"(1:25) 9-G.Zuerlein 52 yard field goal is GOOD, Center-42-T.Hennessy, Holder-5-T.Morstead.",1.257,1.743,field_goal,,,,,,,,G.Zuerlein,,,,,,,
2023,3,September 24,away,New York Jets,https://www.pro-football-reference.com/boxscores/202309240nyj.htm,2,01:21,,,NYJ 35,10,3,"5-T.Morstead kicks 65 yards from NYJ 35 to end zone, Touchback.",0.651,0.000,kickoff,,,,,,,,T.Morstead,,,,,,,
2023,3,September 24,away,New York Jets,https://www.pro-football-reference.com/boxscores/202309240nyj.htm,2,01:21,1,10,NE 25,10,3,(1:21) (Shotgun) 15-E.Elliott right tackle to NE 39 for 14 yards (30-M.Carter).,0.651,0.667,run,,,E.Elliott,,,,,,,,M.Carter,,,,
2023,3,September 24,away,New York Jets,https://www.pro-football-reference.com/boxscores/202309240nyj.htm,2,01:03,1,10,NE 39,10,3,"(1:03) (No Huddle, Shotgun) 10-M.Jones pass incomplete short right to 85-H.Henry (3-J.Whitehead) [95-Q.Williams].",1.317,-0.268,pass,,M.Jones,,H.Henry,,,,,,,,,,,
2023,3,September 24,away,New York Jets,https://www.pro-football-reference.com/boxscores/202309240nyj.htm,2,01:00,2,10,NE 39,10,3,(1:00) (Shotgun) 15-E.Elliott up the middle to NE 41 for 2 yards (47-B.Huff).,1.050,-0.448,run,,,E.Elliott,,,,,,,,B.Huff,,,,
2023,3,September 24,away,New York Jets,https://www.pro-football-reference.com/boxscores/202309240nyj.htm,2,00:27,3,8,NE 41,10,3,(:27) (Shotgun) 10-M.Jones pass short right to 85-H.Henry pushed ob at 50 for 9 yards (3-J.Whitehead).,0.602,0.613,pass,,M.Jones,,H.Henry,,,,,,,J.Whitehead,,,,
2023,3,September 24,away,New York Jets,https://www.pro-football-reference.com/boxscores/202309240nyj.htm,2,00:21,1,10,MID 50,10,3,(:21) (Shotgun) 10-M.Jones scrambles up the middle to NYJ 42 for 8 yards (57-C.Mosley).,1.215,0.154,run,,,M.Jones,,,,,,,,C.Mosley,,,,
2023,3,September 24,away,New York Jets,https://www.pro-football-reference.com/boxscores/202309240nyj.htm,2,00:14,,,NYJ 42,10,3,Timeout #2 by NE at 00:14.,1.368,0.000,no_play,,,,,,,,,,,,,,,
2023,3,September 24,away,New York Jets,https://www.pro-football-reference.com/boxscores/202309240nyj.htm,2,00:14,2,2,NYJ 42,10,3,(:14) (Shotgun) 10-M.Jones pass incomplete deep left to 81-D.Douglas (30-M.Carter).,1.368,-0.490,pass,,M.Jones,,D.Douglas,,,,,,,,,,,
2023,3,September 24,away,New York Jets,https://www.pro-football-reference.com/boxscores/202309240nyj.htm,2,00:08,,,NYJ 42,10,3,Timeout #2 by NYJ at 00:08.,0.878,0.000,no_play,,,,,,,,,,,,,,,
2023,3,September 24,away,New York Jets,https://www.pro-football-reference.com/boxscores/202309240nyj.htm,2,00:08,3,2,NYJ 42,10,3,(:08) 10-M.Jones up the middle to NYJ 39 for 3 yards (57-C.Mosley).,0.878,0.575,run,,,M.Jones,,,,,,,,C.Mosley,,,,
2023,3,September 24,away,New York Jets,https://www.pro-football-reference.com/boxscores/202309240nyj.htm,2,00:05,,,,10,3,Timeout #3 by NE at 00:05.,1.453,0.000,no_play,,,,,,,,,,,,,,,
2023,3,September 24,away,New York Jets,https://www.pro-football-reference.com/boxscores/202309240nyj.htm,2,00:05,,,NYJ 39,10,3,Timeout #3 by NYJ at 00:05.,1.453,0.000,no_play,,,,,,,,,,,,,,,
2023,3,September 24,away,New York Jets,https://www.pro-football-reference.com/boxscores/202309240nyj.htm,2,00:05,1,10,NYJ 39,10,3,"(:05) 37-C.Ryland 57 yard field goal is No Good, Wide Left, Center-49-J.Cardona, Holder-17-B.Baringer.",1.453,-1.453,field_goal,,,,,,,,C.Ryland,,,,,,,
2023,3,September 24,away,New York Jets,https://www.pro-football-reference.com/boxscores/202309240nyj.htm,3,15:00,,,NYJ 35,10,3,"5-T.Morstead kicks 65 yards from NYJ 35 to end zone, Touchback.",0.770,0.000,kickoff,,,,,,,,T.Morstead,,,,,,,
2023,3,September 24,away,New York Jets,https://www.pro-football-reference.com/boxscores/202309240nyj.htm,3,15:00,1,10,NE 25,10,3,(15:00) (Shotgun) 15-E.Elliott up the middle to NE 31 for 6 yards (91-J.Franklin-Myers; 70-Q.Jefferson).,0.770,0.274,run,,,E.Elliott,,,,,,,,J.Franklin-Myers,Q.Jefferson,,,
2023,3,September 24,away,New York Jets,https://www.pro-football-reference.com/boxscores/202309240nyj.htm,3,14:25,2,4,NE 31,10,3,(14:25) (Shotgun) 38-R.Stevenson up the middle to NE 34 for 3 yards (0-A.Amos).,1.044,0.041,run,,,R.Stevenson,,,,,,,,A.Amos,,,,
2023,3,September 24,away,New York Jets,https://www.pro-football-reference.com/boxscores/202309240nyj.htm,3,14:06,3,1,NE 34,10,3,(14:06) (No Huddle) 10-M.Jones up the middle to NE 36 for 2 yards (95-Q.Williams).,1.085,0.537,run,,,M.Jones,,,,,,,,Q.Williams,,,,
2023,3,September 24,away,New York Jets,https://www.pro-football-reference.com/boxscores/202309240nyj.htm,3,13:26,1,10,NE 36,10,3,(13:26) 10-M.Jones pass short middle to 86-P.Brown to NE 49 for 13 yards (1-A.Gardner; 57-C.Mosley).,1.622,0.866,pass,,M.Jones,,P.Brown,,,,,,,A.Gardner,C.Mosley,,,
2023,3,September 24,away,New York Jets,https://www.pro-football-reference.com/boxscores/202309240nyj.htm,3,12:54,1,10,NE 49,10,3,(12:54) 38-R.Stevenson right tackle to NYJ 45 for 6 yards (57-C.Mosley).,2.488,0.283,run,,,R.Stevenson,,,,,,,,C.Mosley,,,,
2023,3,September 24,away,New York Jets,https://www.pro-football-reference.com/boxscores/202309240nyj.htm,3,12:18,2,4,NYJ 45,10,3,(12:18) 38-R.Stevenson right end to NYJ 37 for 8 yards (3-J.Whitehead).,2.771,0.665,run,,,R.Stevenson,,,,,,,,J.Whitehead,,,,
2023,3,September 24,away,New York Jets,https://www.pro-football-reference.com/boxscores/202309240nyj.htm,3,11:39,1,10,NYJ 37,10,3,(11:39) (Shotgun) 38-R.Stevenson up the middle to NYJ 36 for 1 yard (0-A.Amos).,3.436,-0.534,run,,,R.Stevenson,,,,,,,,A.Amos,,,,
2023,3,September 24,away,New York Jets,https://www.pro-football-reference.com/boxscores/202309240nyj.htm,3,11:12,2,9,NYJ 36,10,3,"(11:12) (No Huddle, Shotgun) 10-M.Jones pass short right to 38-R.Stevenson pushed ob at NYJ 33 for 3 yards (56-Qu.Williams).",2.902,-0.280,pass,,M.Jones,,R.Stevenson,,,,,,,Qu.Williams,,,,
2023,3,September 24,away,New York Jets,https://www.pro-football-reference.com/boxscores/202309240nyj.htm,3,10:36,3,6,NYJ 33,10,3,(10:36) (Shotgun) 10-M.Jones pass incomplete deep left to 81-D.Douglas.,2.622,-1.402,pass,,M.Jones,,D.Douglas,,,,,,,,,,,
2023,3,September 24,away,New York Jets,https://www.pro-football-reference.com/boxscores/202309240nyj.htm,3,10:31,4,6,NYJ 33,13,3,"(10:31) 37-C.Ryland 51 yard field goal is GOOD, Center-49-J.Cardona, Holder-17-B.Baringer.",1.220,1.780,field_goal,,,,,,,,C.Ryland,,,,,,,
2023,3,September 24,away,New York Jets,https://www.pro-football-reference.com/boxscores/202309240nyj.htm,3,10:26,,,NE 35,13,3,37-C.Ryland kicks 63 yards from NE 35 to NYJ 2. 82-X.Gipson to NYJ 27 for 25 yards (28-A.Speed).,1.432,0.115,kickoff,,,,,,,,C.Ryland,X.Gipson,,A.Speed,,,,
2023,3,September 24,away,New York Jets,https://www.pro-football-reference.com/boxscores/202309240nyj.htm,3,10:20,1,10,NYJ 27,13,3,(10:20) 20-Bre.Hall right guard to NYJ 29 for 2 yards (48-Ja.Tavai; 8-J.Bentley).,1.547,-0.389,run,,,Bre.Hall,,,,,,,,Ja.Tavai,J.Bentley,,,
2023,3,September 24,away,New York Jets,https://www.pro-football-reference.com/boxscores/202309240nyj.htm,3,09:44,2,8,NYJ 29,13,3,(9:44) 2-Z.Wilson pass short left to 87-C.Uzomah to NYJ 38 for 9 yards (27-M.Bryant).,1.158,1.072,pass,,Z.Wilson,,C.Uzomah,,,,,,,M.Bryant,,,,
2023,3,September 24,away,New York Jets,https://www.pro-football-reference.com/boxscores/202309240nyj.htm,3,09:05,1,10,NYJ 38,13,3,(9:05) 20-Bre.Hall up the middle to NYJ 42 for 4 yards (96-S.Roberts).,2.230,-0.110,run,,,Bre.Hall,,,,,,,,S.Roberts,,,,
2023,3,September 24,away,New York Jets,https://www.pro-football-reference.com/boxscores/202309240nyj.htm,3,08:22,2,6,NYJ 42,13,3,(8:22) (Shotgun) 2-Z.Wilson pass short right to 33-D.Cook to NYJ 45 for 3 yards (5-J.Peppers).,2.120,-0.337,pass,,Z.Wilson,,D.Cook,,,,,,,J.Peppers,,,,
2023,3,September 24,away,New York Jets,https://www.pro-football-reference.com/boxscores/202309240nyj.htm,3,07:42,3,3,NYJ 45,13,3,(7:42) (Shotgun) 2-Z.Wilson pass incomplete short right.,1.783,-1.769,pass,,Z.Wilson,,,,,,,,,,,,,
2023,3,September 24,away,New York Jets,https://www.pro-football-reference.com/boxscores/202309240nyj.htm,3,07:35,4,3,NYJ 45,13,3,"(7:35) 5-T.Morstead punts 55 yards to end zone, Center-42-T.Hennessy, Touchback.",0.014,-0.457,punt,,,,,,,T.Morstead,,,,,,,,
2023,3,September 24,away,New York Jets,https://www.pro-football-reference.com/boxscores/202309240nyj.htm,3,07:26,1,10,NE 20,13,3,"(7:26) 10-M.Jones pass short right to 88-M.Gesicki to NE 20 for no gain (56-Qu.Williams).
PENALTY on NE-7-J.Smith-Schuster, Illegal Blindside Block, 10 yards, enforced at NE 20 - No Play.",0.443,-1.023,no_play,,,,,,,,,,,,,,,J.Smith-Schuster
2023,3,September 24,away,New York Jets,https://www.pro-football-reference.com/boxscores/202309240nyj.htm,3,07:05,1,20,NE 10,13,3,(7:05) (Shotgun) 15-E.Elliott up the middle to NE 10 for no gain (57-C.Mosley).,-0.580,-0.575,run,,,E.Elliott,,,,,,,,C.Mosley,,,,
2023,3,September 24,away,New York Jets,https://www.pro-football-reference.com/boxscores/202309240nyj.htm,3,06:26,2,20,NE 10,13,3,(6:26) (Shotgun) 10-M.Jones pass short right to 15-E.Elliott pushed ob at NE 17 for 7 yards (56-Qu.Williams).,-1.155,-0.271,pass,,M.Jones,,E.Elliott,,,,,,,Qu.Williams,,,,
2023,3,September 24,away,New York Jets,https://www.pro-football-reference.com/boxscores/202309240nyj.htm,3,05:48,3,13,NE 17,13,3,"(5:48) (Shotgun) PENALTY on NE-77-T.Brown, False Start, 5 yards, enforced at NE 17 - No Play.",-1.426,-0.304,no_play,,,,,,,,,,,,,,,T.Brown
2023,3,September 24,away,New York Jets,https://www.pro-football-reference.com/boxscores/202309240nyj.htm,3,05:36,3,18,NE 12,13,3,"(5:36) (Shotgun) PENALTY on NE-71-M.Onwenu, False Start, 5 yards, enforced at NE 12 - No Play.",-1.730,-0.562,no_play,,,,,,,,,,,,,,,M.Onwenu
2023,3,September 24,away,New York Jets,https://www.pro-football-reference.com/boxscores/202309240nyj.htm,3,05:21,3,23,NE 7,13,3,"(5:21) (Shotgun) 15-E.Elliott left tackle to NE 12 for 5 yards (30-M.Carter, 11-J.Johnson).",-2.292,-0.346,run,,,E.Elliott,,,,,,,,J.Johnson,,,,
2023,3,September 24,away,New York Jets,https://www.pro-football-reference.com/boxscores/202309240nyj.htm,3,04:48,4,18,NE 12,13,3,"(4:48) 17-B.Baringer punts 48 yards to NYJ 40, Center-49-J.Cardona. 82-X.Gipson pushed ob at NYJ 49 for 9 yards (14-T.Montgomery).",-2.638,-0.295,punt,,,,,,,B.Baringer,,X.Gipson,,T.Montgomery,,,,
2023,3,September 24,away,New York Jets,https://www.pro-football-reference.com/boxscores/202309240nyj.htm,3,04:34,1,10,NYJ 49,13,3,(4:34) (Shotgun) 20-Bre.Hall left end to NYJ 46 for -3 yards (23-K.Dugger).,2.933,-0.991,run,,,Bre.Hall,,,,,,,,K.Dugger,,,,
2023,3,September 24,away,New York Jets,https://www.pro-football-reference.com/boxscores/202309240nyj.htm,3,03:54,2,13,NYJ 46,13,3,(3:54) (Shotgun) 2-Z.Wilson pass incomplete short left to 10-A.Lazard (6-C.Gonzalez).,1.941,-1.015,pass,,Z.Wilson,,A.Lazard,,,,,,,,,,,
2023,3,September 24,away,New York Jets,https://www.pro-football-reference.com/boxscores/202309240nyj.htm,3,03:49,3,13,NYJ 46,13,3,(3:49) (Shotgun) 2-Z.Wilson pass short right to 83-T.Conklin pushed ob at NE 48 for 6 yards (23-K.Dugger).,0.926,-0.835,pass,,Z.Wilson,,T.Conklin,,,,,,,K.Dugger,,,,
2023,3,September 24,away,New York Jets,https://www.pro-football-reference.com/boxscores/202309240nyj.htm,3,03:06,4,7,NE 48,13,3,"(3:06) 5-T.Morstead punts 48 yards to end zone, Center-42-T.Hennessy, Touchback.",0.091,-0.540,punt,,,,,,,T.Morstead,,,,,,,,
2023,3,September 24,away,New York Jets,https://www.pro-football-reference.com/boxscores/202309240nyj.htm,3,02:57,1,10,NE 20,13,3,(2:57) (Shotgun) 38-R.Stevenson right tackle to NE 20 for no gain (3-J.Whitehead).,0.448,-0.576,run,,,R.Stevenson,,,,,,,,J.Whitehead,,,,
2023,3,September 24,away,New York Jets,https://www.pro-football-reference.com/boxscores/202309240nyj.htm,3,02:31,2,10,NE 20,13,3,"(2:31) (Shotgun) PENALTY on NE, Offensive Too Many Men on Field, 5 yards, enforced at NE 20 - No Play.",-0.128,-0.676,no_play,,,,,,,,,,,,,,,
2023,3,September 24,away,New York Jets,https://www.pro-football-reference.com/boxscores/202309240nyj.htm,3,02:16,2,15,NE 15,13,3,(2:16) (Shotgun) 10-M.Jones pass incomplete short right to 85-H.Henry.,-0.804,-0.746,pass,,M.Jones,,H.Henry,,,,,,,,,,,
2023,3,September 24,away,New York Jets,https://www.pro-football-reference.com/boxscores/202309240nyj.htm,3,02:12,3,15,NE 15,13,3,(2:12) (Shotgun) 10-M.Jones pass deep left to 1-D.Parker ran ob at NE 31 for 16 yards.,-1.550,2.756,pass,,M.Jones,,D.Parker,,,,,,,,,,,
2023,3,September 24,away,New York Jets,https://www.pro-football-reference.com/boxscores/202309240nyj.htm,3,01:38,1,10,NE 31,13,3,"(1:38) 38-R.Stevenson up the middle to NE 31 for no gain (56-Qu.Williams, 58-C.Lawson).",1.207,-0.468,run,,,R.Stevenson,,,,,,,,C.Lawson,,,,
2023,3,September 24,away,New York Jets,https://www.pro-football-reference.com/boxscores/202309240nyj.htm,3,01:05,2,10,NE 31,13,3,(1:05) 38-R.Stevenson left end to NE 32 for 1 yard (30-M.Carter).,0.738,-0.636,run,,,R.Stevenson,,,,,,,,M.Carter,,,,
2023,3,September 24,away,New York Jets,https://www.pro-football-reference.com/boxscores/202309240nyj.htm,3,00:20,3,9,NE 32,13,3,(:20) (Shotgun) 10-M.Jones pass incomplete short left to 85-H.Henry (0-A.Amos).,0.102,-1.289,pass,,M.Jones,,H.Henry,,,,,,,,,,,
2023,3,September 24,away,New York Jets,https://www.pro-football-reference.com/boxscores/202309240nyj.htm,3,00:16,4,9,NE 32,13,3,"(:16) 17-B.Baringer punts 49 yards to NYJ 19, Center-49-J.Cardona. 82-X.Gipson ran ob at NYJ 31 for 12 yards (45-C.Board).",-1.187,-0.413,punt,,,,,,,B.Baringer,,X.Gipson,,C.Board,,,,
2023,3,September 24,away,New York Jets,https://www.pro-football-reference.com/boxscores/202309240nyj.htm,3,00:07,1,10,NYJ 31,13,3,(:07) (Shotgun) 2-Z.Wilson pass short left to 33-D.Cook pushed ob at NYJ 31 for no gain (5-J.Peppers).,1.599,-0.516,pass,,Z.Wilson,,D.Cook,,,,,,,J.Peppers,,,,
2023,3,September 24,away,New York Jets,https://www.pro-football-reference.com/boxscores/202309240nyj.htm,4,15:00,2,10,NYJ 31,13,3,(15:00) (Shotgun) 2-Z.Wilson pass incomplete short right to 18-R.Cobb.,1.084,-0.761,pass,,Z.Wilson,,R.Cobb,,,,,,,,,,,
2023,3,September 24,away,New York Jets,https://www.pro-football-reference.com/boxscores/202309240nyj.htm,4,14:58,3,10,NYJ 31,13,3,(14:58) (Shotgun) 2-Z.Wilson scrambles right end to NYJ 32 for 1 yard (55-J.Uche).,0.323,-1.319,run,,,Z.Wilson,,,,,,,,J.Uche,,,,
2023,3,September 24,away,New York Jets,https://www.pro-football-reference.com/boxscores/202309240nyj.htm,4,14:24,4,9,NYJ 32,13,3,"(14:24) 5-T.Morstead punts 53 yards to NE 15, Center-42-T.Hennessy. 81-D.Douglas pushed ob at NE 23 for 8 yards (87-C.Uzomah).",-0.996,0.356,punt,,,,,,,T.Morstead,,D.Douglas,,C.Uzomah,,,,
2023,3,September 24,away,New York Jets,https://www.pro-football-reference.com/boxscores/202309240nyj.htm,4,14:13,1,10,NE 23,13,3,(14:13) (Shotgun) 15-E.Elliott left end to NE 36 for 13 yards (4-D.Reed).,0.639,0.995,run,,,E.Elliott,,,,,,,,D.Reed,,,,
2023,3,September 24,away,New York Jets,https://www.pro-football-reference.com/boxscores/202309240nyj.htm,4,13:37,1,10,NE 36,13,3,(13:37) (Shotgun) 15-E.Elliott up the middle to NE 40 for 4 yards (3-J.Whitehead).,1.635,-0.134,run,,,E.Elliott,,,,,,,,J.Whitehead,,,,
2023,3,September 24,away,New York Jets,https://www.pro-football-reference.com/boxscores/202309240nyj.htm,4,12:58,2,6,NE 40,13,3,(12:58) 15-E.Elliott up the middle to NE 46 for 6 yards (4-D.Reed).,1.500,0.811,run,,,E.Elliott,,,,,,,,D.Reed,,,,
2023,3,September 24,away,New York Jets,https://www.pro-football-reference.com/boxscores/202309240nyj.htm,4,12:20,1,10,NE 46,13,3,(12:20) (Shotgun) 15-E.Elliott right guard to NE 49 for 3 yards (96-A.Woods).,2.311,-0.252,run,,,E.Elliott,,,,,,,,A.Woods,,,,
2023,3,September 24,away,New York Jets,https://www.pro-football-reference.com/boxscores/202309240nyj.htm,4,11:40,2,7,NE 49,13,3,(11:40) 15-E.Elliott up the middle to NYJ 45 for 6 yards (1-A.Gardner; 3-J.Whitehead).,2.060,0.414,run,,,E.Elliott,,,,,,,,A.Gardner,J.Whitehead,,,
2023,3,September 24,away,New York Jets,https://www.pro-football-reference.com/boxscores/202309240nyj.htm,4,11:20,3,1,NYJ 45,13,3,(11:20) (No Huddle) 10-M.Jones up the middle to NYJ 45 for no gain (3-J.Whitehead).,2.474,-1.849,run,,,M.Jones,,,,,,,,J.Whitehead,,,,
2023,3,September 24,away,New York Jets,https://www.pro-football-reference.com/boxscores/202309240nyj.htm,4,10:52,,,NYJ 45,13,3,Timeout #1 by NE at 10:52.,0.625,0.000,no_play,,,,,,,,,,,,,,,
2023,3,September 24,away,New York Jets,https://www.pro-football-reference.com/boxscores/202309240nyj.htm,4,10:52,4,1,NYJ 45,13,3,"(10:52) 17-B.Baringer punts 32 yards to NYJ 13, Center-49-J.Cardona, fair catch by 82-X.Gipson.",0.625,-1.246,punt,,,,,,,B.Baringer,,X.Gipson,,,,,,
2023,3,September 24,away,New York Jets,https://www.pro-football-reference.com/boxscores/202309240nyj.htm,4,10:46,1,10,NYJ 13,13,3,(10:46) (Shotgun) 2-Z.Wilson pass short right to 17-G.Wilson to NYJ 18 for 5 yards (48-Ja.Tavai).,0.621,0.001,pass,,Z.Wilson,,G.Wilson,,,,,,,Ja.Tavai,,,,
2023,3,September 24,away,New York Jets,https://www.pro-football-reference.com/boxscores/202309240nyj.htm,4,10:09,2,5,NYJ 18,13,3,(10:09) 2-Z.Wilson pass incomplete deep left to 10-A.Lazard (27-M.Bryant).,0.621,-0.723,pass,,Z.Wilson,,A.Lazard,,,,,,,,,,,
2023,3,September 24,away,New York Jets,https://www.pro-football-reference.com/boxscores/202309240nyj.htm,4,10:04,3,5,NYJ 18,13,3,(10:04) (Shotgun) 2-Z.Wilson pass deep left to 83-T.Conklin to NYJ 36 for 18 yards (5-J.Peppers). NE-5-J.Peppers was injured during the play.,-0.102,2.103,pass,,Z.Wilson,,T.Conklin,,,,,,,J.Peppers,,,,
2023,3,September 24,away,New York Jets,https://www.pro-football-reference.com/boxscores/202309240nyj.htm,4,09:25,1,10,NYJ 36,13,3,(9:25) 2-Z.Wilson pass short middle to 33-D.Cook to NYJ 44 for 8 yards (8-J.Bentley; 48-Ja.Tavai) [9-M.Judon].,2.001,0.526,pass,,Z.Wilson,,D.Cook,,,,,,,J.Bentley,Ja.Tavai,,,
2023,3,September 24,away,New York Jets,https://www.pro-football-reference.com/boxscores/202309240nyj.htm,4,08:46,2,2,NYJ 44,13,3,"(8:46) (Shotgun) 33-D.Cook left tackle to NYJ 47 for 3 yards (8-J.Bentley, 27-M.Bryant).",2.527,0.026,run,,,D.Cook,,,,,,,,M.Bryant,,,,
2023,3,September 24,away,New York Jets,https://www.pro-football-reference.com/boxscores/202309240nyj.htm,4,08:25,1,10,NYJ 47,13,3,"(8:25) (No Huddle, Shotgun) 2-Z.Wilson pass short right to 17-G.Wilson pushed ob at NE 44 for 9 yards (27-M.Bryant).",2.553,0.689,pass,,Z.Wilson,,G.Wilson,,,,,,,M.Bryant,,,,
2023,3,September 24,away,New York Jets,https://www.pro-football-reference.com/boxscores/202309240nyj.htm,4,07:54,2,1,NE 44,13,3,(7:54) (Shotgun) 33-D.Cook up the middle to NE 43 for 1 yard (90-C.Barmore; 9-M.Judon).,3.242,-0.200,run,,,D.Cook,,,,,,,,C.Barmore,M.Judon,,,
2023,3,September 24,away,New York Jets,https://www.pro-football-reference.com/boxscores/202309240nyj.htm,4,07:19,1,10,NE 43,13,3,"(7:19) (No Huddle, Shotgun) 2-Z.Wilson pass deep right to 10-A.Lazard to NE 22 for 21 yards (23-K.Dugger).",3.042,1.387,pass,,Z.Wilson,,A.Lazard,,,,,,,K.Dugger,,,,
2023,3,September 24,away,New York Jets,https://www.pro-football-reference.com/boxscores/202309240nyj.htm,4,06:46,1,10,NE 22,13,3,"(6:46) (No Huddle, Shotgun) 2-Z.Wilson pass short right to 10-A.Lazard to NE 16 for 6 yards (6-C.Gonzalez).",4.429,0.197,pass,,Z.Wilson,,A.Lazard,,,,,,,C.Gonzalez,,,,
2023,3,September 24,away,New York Jets,https://www.pro-football-reference.com/boxscores/202309240nyj.htm,4,06:15,2,4,NE 16,13,3,"(6:15) (No Huddle, Shotgun) 2-Z.Wilson pass short left to 18-R.Cobb to NE 4 for 12 yards (27-M.Bryant).",4.626,1.202,pass,,Z.Wilson,,R.Cobb,,,,,,,M.Bryant,,,,
2023,3,September 24,away,New York Jets,https://www.pro-football-reference.com/boxscores/202309240nyj.htm,4,05:46,1,4,NE 4,13,3,"(5:46) (No Huddle, Shotgun) PENALTY on NYJ-75-A.Vera-Tucker, False Start, 5 yards, enforced at NE 4 - No Play.",5.828,-0.773,no_play,,,,,,,,,,,,,,,A.Vera-Tucker
2023,3,September 24,away,New York Jets,https://www.pro-football-reference.com/boxscores/202309240nyj.htm,4,05:46,1,9,NE 9,13,3,(5:46) 2-Z.Wilson pass incomplete short left to 17-G.Wilson (90-C.Barmore).,5.055,-0.550,pass,,Z.Wilson,,G.Wilson,,,,,,,,,,,
2023,3,September 24,away,New York Jets,https://www.pro-football-reference.com/boxscores/202309240nyj.htm,4,05:39,2,9,NE 9,13,3,(5:39) (Shotgun) 2-Z.Wilson pass incomplete short left to 17-G.Wilson [33-A.Jennings].,4.505,-0.713,pass,,Z.Wilson,,G.Wilson,,,,,,,,,,,
2023,3,September 24,away,New York Jets,https://www.pro-football-reference.com/boxscores/202309240nyj.htm,4,05:36,3,9,NE 9,13,3,"(5:36) 2-Z.Wilson pass incomplete short right to 18-R.Cobb.
PENALTY on NE-27-M.Bryant, Defensive Pass Interference, 8 yards, enforced at NE 9 - No Play.",3.791,2.589,no_play,,,,,,,,,,,,,,,M.Bryant
2023,3,September 24,away,New York Jets,https://www.pro-football-reference.com/boxscores/202309240nyj.htm,4,05:29,1,1,NE 1,13,9,"(5:29) 48-N.Bawden up the middle for 1 yard, TOUCHDOWN.",6.380,0.620,run,,,N.Bawden,,,,,,,,,,,,
2023,3,September 24,away,New York Jets,https://www.pro-football-reference.com/boxscores/202309240nyj.htm,4,05:24,,,NE 15,13,10,"9-G.Zuerlein extra point is GOOD, Center-42-T.Hennessy, Holder-5-T.Morstead.",0.932,0.068,extra_point,,,,,,,,G.Zuerlein,,,,,,,
2023,3,September 24,away,New York Jets,https://www.pro-football-reference.com/boxscores/202309240nyj.htm,4,05:24,,,NYJ 35,13,10,"5-T.Morstead kicks 59 yards from NYJ 35 to NE 6, fair catch by 23-K.Dugger.",0.653,0.000,kickoff,,,,,,,,T.Morstead,K.Dugger,,,,,,
2023,3,September 24,away,New York Jets,https://www.pro-football-reference.com/boxscores/202309240nyj.htm,4,05:24,1,10,NE 25,13,10,(5:24) (Shotgun) 15-E.Elliott up the middle to NE 28 for 3 yards (91-J.Franklin-Myers). NE-85-H.Henry was injured during the play.,0.653,-0.415,run,,,E.Elliott,,,,,,,,J.Franklin-Myers,,,,
2023,3,September 24,away,New York Jets,https://www.pro-football-reference.com/boxscores/202309240nyj.htm,4,04:58,2,7,NE 28,13,10,(4:58) (Shotgun) 10-M.Jones pass short right to 84-K.Bourne to NE 46 for 18 yards (0-A.Amos).,0.238,1.679,pass,,M.Jones,,K.Bourne,,,,,,,A.Amos,,,,
2023,3,September 24,away,New York Jets,https://www.pro-football-reference.com/boxscores/202309240nyj.htm,4,04:14,1,10,NE 46,13,10,(4:14) (Shotgun) 38-R.Stevenson right tackle to NE 48 for 2 yards (3-J.Whitehead).,1.916,-0.567,run,,,R.Stevenson,,,,,,,,J.Whitehead,,,,
2023,3,September 24,away,New York Jets,https://www.pro-football-reference.com/boxscores/202309240nyj.htm,4,03:39,2,8,NE 48,13,10,(3:39) (Shotgun) 10-M.Jones pass short middle to 84-K.Bourne to 50 for 2 yards (56-Qu.Williams).,1.349,-0.116,pass,,M.Jones,,K.Bourne,,,,,,,Qu.Williams,,,,
2023,3,September 24,away,New York Jets,https://www.pro-football-reference.com/boxscores/202309240nyj.htm,4,02:56,3,6,MID 50,13,10,(2:56) (Shotgun) 10-M.Jones pass incomplete deep left to 7-J.Smith-Schuster.,1.234,-1.309,pass,,M.Jones,,J.Smith-Schuster,,,,,,,,,,,
2023,3,September 24,away,New York Jets,https://www.pro-football-reference.com/boxscores/202309240nyj.htm,4,02:51,4,6,MID 50,13,10,"(2:51) 17-B.Baringer punts 40 yards to NYJ 10, Center-49-J.Cardona, fair catch by 82-X.Gipson.",-0.075,-0.311,punt,,,,,,,B.Baringer,,X.Gipson,,,,,,
2023,3,September 24,away,New York Jets,https://www.pro-football-reference.com/boxscores/202309240nyj.htm,4,02:44,1,10,NYJ 10,13,10,(2:44) (Shotgun) 2-Z.Wilson pass incomplete short left.,0.386,-0.418,pass,,Z.Wilson,,,,,,,,,,,,,
2023,3,September 24,away,New York Jets,https://www.pro-football-reference.com/boxscores/202309240nyj.htm,4,02:38,2,10,NYJ 10,13,10,(2:38) (Shotgun) 2-Z.Wilson pass incomplete short right to 20-Bre.Hall.,-0.032,-0.534,pass,,Z.Wilson,,Bre.Hall,,,,,,,,,,,
2023,3,September 24,away,New York Jets,https://www.pro-football-reference.com/boxscores/202309240nyj.htm,4,02:35,3,10,NYJ 10,13,10,"(2:35) (Shotgun) 2-Z.Wilson scrambles right end ran ob at NYJ 21 for 11 yards (23-K.Dugger).
PENALTY on NYJ-66-J.Tippmann, Offensive Holding, 5 yards, enforced at NYJ 10 - No Play.",-0.566,-0.372,no_play,,,,,,,,,,,,,,,J.Tippmann
2023,3,September 24,away,New York Jets,https://www.pro-football-reference.com/boxscores/202309240nyj.htm,4,02:27,3,15,NYJ 5,15,10,"(2:27) (Shotgun) 2-Z.Wilson sacked in End Zone for -5 yards, SAFETY (9-M.Judon).",-0.939,-1.061,pass,,Z.Wilson,,,,M.Judon,,,,,M.Judon,,,,
2023,3,September 24,away,New York Jets,https://www.pro-football-reference.com/boxscores/202309240nyj.htm,4,02:19,,,NYJ 20,15,10,5-T.Morstead kicks 75 yards from NYJ 20 to NE 5. 27-M.Bryant to NE 16 for 11 yards (82-X.Gipson).,0.803,-0.447,kickoff,,,,,,,,T.Morstead,M.Bryant,,X.Gipson,,,,
2023,3,September 24,away,New York Jets,https://www.pro-football-reference.com/boxscores/202309240nyj.htm,4,02:15,1,10,NE 16,15,10,"(2:15) 15-E.Elliott left tackle to NE 18 for 2 yards (4-D.Reed, 57-C.Mosley).",0.356,-0.248,run,,,E.Elliott,,,,,,,,C.Mosley,,,,
2023,3,September 24,away,New York Jets,https://www.pro-football-reference.com/boxscores/202309240nyj.htm,4,02:09,,,NE 18,15,10,Timeout #1 by NYJ at 02:09.,0.108,0.000,no_play,,,,,,,,,,,,,,,
2023,3,September 24,away,New York Jets,https://www.pro-football-reference.com/boxscores/202309240nyj.htm,4,02:09,2,8,NE 18,15,10,(2:09) 81-D.Douglas left end to NE 23 for 5 yards (44-J.Sherwood).,0.108,0.007,run,,,D.Douglas,,,,,,,,J.Sherwood,,,,
2023,3,September 24,away,New York Jets,https://www.pro-football-reference.com/boxscores/202309240nyj.htm,4,02:00,3,3,NE 23,15,10,(2:00) (Shotgun) 10-M.Jones pass incomplete short right to 7-J.Smith-Schuster.,0.115,-0.966,pass,,M.Jones,,J.Smith-Schuster,,,,,,,,,,,
2023,3,September 24,away,New York Jets,https://www.pro-football-reference.com/boxscores/202309240nyj.htm,4,01:56,4,3,NE 23,15,10,"(1:56) 17-B.Baringer punts 50 yards to NYJ 27, Center-49-J.Cardona. 82-X.Gipson ran ob at NYJ 45 for 18 yards (14-T.Montgomery).",-0.851,-0.918,punt,,,,,,,B.Baringer,,X.Gipson,,T.Montgomery,,,,
2023,3,September 24,away,New York Jets,https://www.pro-football-reference.com/boxscores/202309240nyj.htm,4,01:43,1,10,NYJ 45,15,10,(1:43) (Shotgun) 2-Z.Wilson pass incomplete short left.,1.769,-0.256,pass,,Z.Wilson,,,,,,,,,,,,,
2023,3,September 24,away,New York Jets,https://www.pro-football-reference.com/boxscores/202309240nyj.htm,4,01:35,2,10,NYJ 45,15,10,(1:35) (Shotgun) 2-Z.Wilson pass incomplete short left to 83-T.Conklin.,1.513,-0.390,pass,,Z.Wilson,,T.Conklin,,,,,,,,,,,
2023,3,September 24,away,New York Jets,https://www.pro-football-reference.com/boxscores/202309240nyj.htm,4,01:31,3,10,NYJ 45,15,10,(1:31) (Shotgun) 2-Z.Wilson pass incomplete short left to 17-G.Wilson [8-J.Bentley].,1.123,-0.875,pass,,Z.Wilson,,G.Wilson,,,,,,,,,,,
2023,3,September 24,away,New York Jets,https://www.pro-football-reference.com/boxscores/202309240nyj.htm,4,01:26,4,10,NYJ 45,15,10,(1:26) (Shotgun) 2-Z.Wilson pass short right to 83-T.Conklin to NYJ 47 for 2 yards (23-K.Dugger).,0.248,-2.667,pass,,Z.Wilson,,T.Conklin,,,,,,,K.Dugger,,,,
2023,3,September 24,away,New York Jets,https://www.pro-football-reference.com/boxscores/202309240nyj.htm,4,01:19,1,10,NYJ 46,15,10,(1:19) 38-R.Stevenson left end to NYJ 42 for 4 yards (0-A.Amos).,2.419,-0.533,run,,,R.Stevenson,,,,,,,,A.Amos,,,,
2023,3,September 24,away,New York Jets,https://www.pro-football-reference.com/boxscores/202309240nyj.htm,4,01:13,,,NYJ 42,15,10,Timeout #2 by NYJ at 01:13.,1.885,0.000,no_play,,,,,,,,,,,,,,,
2023,3,September 24,away,New York Jets,https://www.pro-football-reference.com/boxscores/202309240nyj.htm,4,01:13,2,6,NYJ 42,15,10,(1:13) 38-R.Stevenson up the middle to NYJ 40 for 2 yards (0-A.Amos).,1.885,-0.922,run,,,R.Stevenson,,,,,,,,A.Amos,,,,
2023,3,September 24,away,New York Jets,https://www.pro-football-reference.com/boxscores/202309240nyj.htm,4,01:08,,,NYJ 40,15,10,Timeout #3 by NYJ at 01:08.,0.963,0.000,no_play,,,,,,,,,,,,,,,
2023,3,September 24,away,New York Jets,https://www.pro-football-reference.com/boxscores/202309240nyj.htm,4,01:08,3,4,NYJ 40,15,10,(1:08) 38-R.Stevenson up the middle to NYJ 39 for 1 yard (72-M.Clemons).,0.963,-0.530,run,,,R.Stevenson,,,,,,,,M.Clemons,,,,
2023,3,September 24,away,New York Jets,https://www.pro-football-reference.com/boxscores/202309240nyj.htm,4,00:22,,,NYJ 39,15,10,Timeout #2 by NE at 00:22.,0.434,0.000,no_play,,,,,,,,,,,,,,,
2023,3,September 24,away,New York Jets,https://www.pro-football-reference.com/boxscores/202309240nyj.htm,4,00:22,4,3,NYJ 39,15,10,"(:22) 17-B.Baringer punts 22 yards to NYJ 17, Center-49-J.Cardona, out of bounds.",0.434,-0.431,punt,,,,,,,B.Baringer,,,,,,,,
2023,3,September 24,away,New York Jets,https://www.pro-football-reference.com/boxscores/202309240nyj.htm,4,00:16,1,10,NYJ 17,15,10,(:16) (Shotgun) 2-Z.Wilson pass deep left to 17-G.Wilson to NYJ 46 for 29 yards (21-A.Phillips).,-0.003,0.171,pass,,Z.Wilson,,G.Wilson,,,,,,,A.Phillips,,,,
2023,3,September 24,away,New York Jets,https://www.pro-football-reference.com/boxscores/202309240nyj.htm,4,00:02,1,10,NYJ 46,15,10,(:02) 2-Z.Wilson spiked the ball to stop the clock.,0.169,-0.010,qb_spike,,Z.Wilson,,,,,,,,,,,,,
2023,3,September 24,away,New York Jets,https://www.pro-football-reference.com/boxscores/202309240nyj.htm,4,00:01,,,NYJ 46,15,10,Timeout #3 by NE at 00:01.,0.158,0.000,no_play,,,,,,,,,,,,,,,
2023,3,September 24,away,New York Jets,https://www.pro-football-reference.com/boxscores/202309240nyj.htm,4,00:01,2,10,NYJ 46,15,10,(:01) (Shotgun) 2-Z.Wilson pass incomplete deep middle (23-K.Dugger).,0.158,-0.158,pass,,Z.Wilson,,,,,,,,,,,,,
2023,4,October 1,away,Dallas Cowboys,https://www.pro-football-reference.com/boxscores/202310010dal.htm,1,15:00,,,NE 35,0,0,"37-C.Ryland kicks 65 yards from NE 35 to end zone, Touchback.",1.593,0.000,kickoff,,,,,,,,C.Ryland,,,,,,,
2023,4,October 1,away,Dallas Cowboys,https://www.pro-football-reference.com/boxscores/202310010dal.htm,1,15:00,1,10,DAL 25,0,0,(15:00) 4-D.Prescott pass short right to 20-T.Pollard to DAL 31 for 6 yards (27-M.Bryant; 23-K.Dugger).,1.593,0.205,pass,,D.Prescott,,T.Pollard,,,,,,,M.Bryant,K.Dugger,,,
2023,4,October 1,away,Dallas Cowboys,https://www.pro-football-reference.com/boxscores/202310010dal.htm,1,14:26,2,4,DAL 31,0,0,(14:26) (Shotgun) 4-D.Prescott pass short left to 13-M.Gallup pushed ob at NE 40 for 29 yards (5-J.Peppers).,1.798,1.910,pass,,D.Prescott,,M.Gallup,,,,,,,J.Peppers,,,,
2023,4,October 1,away,Dallas Cowboys,https://www.pro-football-reference.com/boxscores/202310010dal.htm,1,13:52,1,10,NE 40,0,0,(13:52) (Shotgun) 4-D.Prescott pass short right to 18-J.Tolbert pushed ob at NE 22 for 18 yards (23-K.Dugger).,3.708,1.266,pass,,D.Prescott,,J.Tolbert,,,,,,,K.Dugger,,,,
2023,4,October 1,away,Dallas Cowboys,https://www.pro-football-reference.com/boxscores/202310010dal.htm,1,13:20,1,10,NE 22,0,0,(13:20) 20-T.Pollard left guard to NE 18 for 4 yards (93-L.Guy; 23-K.Dugger).,4.974,-0.144,run,,,T.Pollard,,,,,,,,L.Guy,K.Dugger,,,
2023,4,October 1,away,Dallas Cowboys,https://www.pro-football-reference.com/boxscores/202310010dal.htm,1,12:46,2,6,NE 18,0,0,(12:46) 4-D.Prescott pass incomplete deep middle to 86-L.Schoonmaker.,4.829,-0.741,pass,,D.Prescott,,L.Schoonmaker,,,,,,,,,,,
2023,4,October 1,away,Dallas Cowboys,https://www.pro-football-reference.com/boxscores/202310010dal.htm,1,12:41,3,6,NE 18,0,0,"(12:41) (Shotgun) 4-D.Prescott pass short right to 87-J.Ferguson to NE 4 for 14 yards (23-K.Dugger, 27-M.Bryant).",4.088,2.061,pass,,D.Prescott,,J.Ferguson,,,,,,,M.Bryant,,,,
2023,4,October 1,away,Dallas Cowboys,https://www.pro-football-reference.com/boxscores/202310010dal.htm,1,12:16,1,4,NE 4,0,0,"(12:16) (No Huddle, Shotgun) 4-D.Prescott pass incomplete short right to 88-C.Lamb.",6.150,-0.396,pass,,D.Prescott,,C.Lamb,,,,,,,,,,,
2023,4,October 1,away,Dallas Cowboys,https://www.pro-football-reference.com/boxscores/202310010dal.htm,1,12:13,2,4,NE 4,0,0,(12:13) (Shotgun) 4-D.Prescott pass short middle to 87-J.Ferguson to NE 1 for 3 yards (2-J.Mills; 23-K.Dugger) [55-J.Uche].,5.754,0.237,pass,,D.Prescott,,J.Ferguson,,,,,,,J.Mills,K.Dugger,,,
2023,4,October 1,away,Dallas Cowboys,https://www.pro-football-reference.com/boxscores/202310010dal.htm,1,11:37,,,NE 1,0,0,Timeout #1 by NE at 11:37.,5.991,0.000,no_play,,,,,,,,,,,,,,,
2023,4,October 1,away,Dallas Cowboys,https://www.pro-football-reference.com/boxscores/202310010dal.htm,1,11:37,3,1,NE 1,0,0,(11:37) 20-T.Pollard right end to NE 5 for -4 yards (23-K.Dugger).,5.991,-3.061,run,,,T.Pollard,,,,,,,,K.Dugger,,,,
2023,4,October 1,away,Dallas Cowboys,https://www.pro-football-reference.com/boxscores/202310010dal.htm,1,10:54,4,5,NE 5,0,3,"(10:54) 17-B.Aubrey 23 yard field goal is GOOD, Center-44-T.Sieg, Holder-5-B.Anger.",2.930,0.070,field_goal,,,,,,,,B.Aubrey,,,,,,,
2023,4,October 1,away,Dallas Cowboys,https://www.pro-football-reference.com/boxscores/202310010dal.htm,1,10:52,,,DAL 35,0,3,"17-B.Aubrey kicks 65 yards from DAL 35 to end zone, Touchback.",0.773,0.000,kickoff,,,,,,,,B.Aubrey,,,,,,,
2023,4,October 1,away,Dallas Cowboys,https://www.pro-football-reference.com/boxscores/202310010dal.htm,1,10:52,1,10,NE 25,0,3,(10:52) 10-M.Jones pass short middle to 85-H.Henry to NE 39 for 14 yards (28-M.Hooker).,0.773,0.838,pass,,M.Jones,,H.Henry,,,,,,,M.Hooker,,,,
2023,4,October 1,away,Dallas Cowboys,https://www.pro-football-reference.com/boxscores/202310010dal.htm,1,10:12,1,10,NE 39,0,3,(10:12) (Shotgun) 38-R.Stevenson left end to NE 36 for -3 yards (11-M.Parsons).,1.611,-1.027,run,,,R.Stevenson,,,,,,,,M.Parsons,,,,
2023,4,October 1,away,Dallas Cowboys,https://www.pro-football-reference.com/boxscores/202310010dal.htm,1,09:34,2,13,NE 36,0,3,"(9:34) 10-M.Jones pass short middle to 38-R.Stevenson to NE 43 for 7 yards (33-D.Clark, 2-J.Lewis).",0.584,0.034,pass,,M.Jones,,R.Stevenson,,,,,,,J.Lewis,,,,
2023,4,October 1,away,Dallas Cowboys,https://www.pro-football-reference.com/boxscores/202310010dal.htm,1,08:49,3,6,NE 43,0,3,(8:49) (Shotgun) 10-M.Jones pass deep left to 81-D.Douglas ran ob at DAL 15 for 42 yards (55-L.Vander Esch).,0.618,4.409,pass,,M.Jones,,D.Douglas,,,,,,,L.Vander Esch,,,,
2023,4,October 1,away,Dallas Cowboys,https://www.pro-football-reference.com/boxscores/202310010dal.htm,1,08:09,1,10,DAL 15,0,3,(8:09) 38-R.Stevenson right guard to DAL 9 for 6 yards (33-D.Clark).,5.027,0.077,run,,,R.Stevenson,,,,,,,,D.Clark,,,,
2023,4,October 1,away,Dallas Cowboys,https://www.pro-football-reference.com/boxscores/202310010dal.htm,1,07:23,2,4,DAL 9,0,3,(7:23) (Shotgun) 38-R.Stevenson up the middle to DAL 6 for 3 yards (95-J.Hankins).,5.104,0.191,run,,,R.Stevenson,,,,,,,,J.Hankins,,,,
2023,4,October 1,away,Dallas Cowboys,https://www.pro-football-reference.com/boxscores/202310010dal.htm,1,06:49,3,1,DAL 6,0,3,(6:49) 10-M.Jones pass incomplete short left to 88-M.Gesicki.,5.295,-1.377,pass,,M.Jones,,M.Gesicki,,,,,,,,,,,
2023,4,October 1,away,Dallas Cowboys,https://www.pro-football-reference.com/boxscores/202310010dal.htm,1,06:44,4,1,DAL 6,0,3,"(6:44) (Field Goal formation) PENALTY on NE, Delay of Game, 5 yards, enforced at DAL 6 - No Play.",3.918,-1.060,no_play,,,,,,,,,,,,,,,
2023,4,October 1,away,Dallas Cowboys,https://www.pro-football-reference.com/boxscores/202310010dal.htm,1,06:44,4,6,DAL 11,3,3,"(6:44) 37-C.Ryland 29 yard field goal is GOOD, Center-49-J.Cardona, Holder-17-B.Baringer.",2.857,0.143,field_goal,,,,,,,,C.Ryland,,,,,,,
2023,4,October 1,away,Dallas Cowboys,https://www.pro-football-reference.com/boxscores/202310010dal.htm,1,06:41,,,NE 35,3,3,"37-C.Ryland kicks 65 yards from NE 35 to end zone, Touchback.",1.610,0.000,kickoff,,,,,,,,C.Ryland,,,,,,,
2023,4,October 1,away,Dallas Cowboys,https://www.pro-football-reference.com/boxscores/202310010dal.htm,1,06:41,1,10,DAL 25,3,3,(6:41) 20-T.Pollard up the middle to DAL 27 for 2 yards (9-M.Judon).,1.610,-0.456,run,,,T.Pollard,,,,,,,,M.Judon,,,,
2023,4,October 1,away,Dallas Cowboys,https://www.pro-football-reference.com/boxscores/202310010dal.htm,1,06:04,2,8,DAL 27,3,3,(6:04) (Shotgun) 4-D.Prescott pass short left to 3-B.Cooks to DAL 38 for 11 yards (26-S.Wade).,1.154,1.234,pass,,D.Prescott,,B.Cooks,,,,,,,S.Wade,,,,
2023,4,October 1,away,Dallas Cowboys,https://www.pro-football-reference.com/boxscores/202310010dal.htm,1,05:32,1,10,DAL 38,3,3,(5:32) 88-C.Lamb right end pushed ob at 50 for 12 yards (23-K.Dugger).,2.389,0.745,run,,,C.Lamb,,,,,,,,K.Dugger,,,,
2023,4,October 1,away,Dallas Cowboys,https://www.pro-football-reference.com/boxscores/202310010dal.htm,1,04:59,1,10,MID 50,3,3,(4:59) 4-D.Prescott pass short left to 23-R.Dowdle to NE 42 for 8 yards (48-Ja.Tavai; 27-M.Bryant).,3.133,0.403,pass,,D.Prescott,,R.Dowdle,,,,,,,Ja.Tavai,M.Bryant,,,
2023,4,October 1,away,Dallas Cowboys,https://www.pro-football-reference.com/boxscores/202310010dal.htm,1,04:25,2,2,NE 42,3,3,(4:25) 23-R.Dowdle left guard to NE 38 for 4 yards (48-Ja.Tavai).,3.537,0.231,run,,,R.Dowdle,,,,,,,,Ja.Tavai,,,,
2023,4,October 1,away,Dallas Cowboys,https://www.pro-football-reference.com/boxscores/202310010dal.htm,1,03:53,1,10,NE 38,3,3,(3:53) (Shotgun) 4-D.Prescott pass short left to 13-M.Gallup to NE 29 for 9 yards (5-J.Peppers).,3.768,0.677,pass,,D.Prescott,,M.Gallup,,,,,,,J.Peppers,,,,
2023,4,October 1,away,Dallas Cowboys,https://www.pro-football-reference.com/boxscores/202310010dal.htm,1,03:17,2,1,NE 29,3,3,(3:17) 20-T.Pollard right end to NE 29 for no gain (26-S.Wade).,4.445,-0.568,run,,,T.Pollard,,,,,,,,S.Wade,,,,
2023,4,October 1,away,Dallas Cowboys,https://www.pro-football-reference.com/boxscores/202310010dal.htm,1,02:44,3,1,NE 29,3,3,(2:44) 4-D.Prescott pass short middle to 20-T.Pollard to NE 25 for 4 yards (8-J.Bentley).,3.876,0.688,pass,,D.Prescott,,T.Pollard,,,,,,,J.Bentley,,,,
2023,4,October 1,away,Dallas Cowboys,https://www.pro-football-reference.com/boxscores/202310010dal.htm,1,02:09,1,10,NE 25,3,3,(2:09) (Shotgun) 20-T.Pollard right end to NE 20 for 5 yards (6-C.Gonzalez). NE-6-C.Gonzalez was injured during the play.,4.565,0.047,run,,,T.Pollard,,,,,,,,C.Gonzalez,,,,
2023,4,October 1,away,Dallas Cowboys,https://www.pro-football-reference.com/boxscores/202310010dal.htm,1,01:34,2,5,NE 20,3,9,"(1:34) (Shotgun) 4-D.Prescott pass deep left to 88-C.Lamb for 20 yards, TOUCHDOWN.",4.612,2.388,pass,,D.Prescott,,C.Lamb,,,,,,,,,,,
2023,4,October 1,away,Dallas Cowboys,https://www.pro-football-reference.com/boxscores/202310010dal.htm,1,01:30,,,NE 15,3,10,"17-B.Aubrey extra point is GOOD, Center-44-T.Sieg, Holder-5-B.Anger.",0.931,0.069,extra_point,,,,,,,,B.Aubrey,,,,,,,
2023,4,October 1,away,Dallas Cowboys,https://www.pro-football-reference.com/boxscores/202310010dal.htm,1,01:30,,,DAL 35,3,10,"17-B.Aubrey kicks 65 yards from DAL 35 to end zone, Touchback.",0.861,0.000,kickoff,,,,,,,,B.Aubrey,,,,,,,
2023,4,October 1,away,Dallas Cowboys,https://www.pro-football-reference.com/boxscores/202310010dal.htm,1,01:30,1,10,NE 25,3,10,(1:30) 15-E.Elliott up the middle to NE 34 for 9 yards (55-L.Vander Esch).,0.861,0.822,run,,,E.Elliott,,,,,,,,L.Vander Esch,,,,
2023,4,October 1,away,Dallas Cowboys,https://www.pro-football-reference.com/boxscores/202310010dal.htm,1,00:53,2,1,NE 34,3,10,"(:53) 15-E.Elliott right tackle to NE 38 for 4 yards (97-O.Odighizuwa, 6-D.Wilson).",1.683,-0.030,run,,,E.Elliott,,,,,,,,D.Wilson,,,,
2023,4,October 1,away,Dallas Cowboys,https://www.pro-football-reference.com/boxscores/202310010dal.htm,1,00:11,1,10,NE 38,3,10,(:11) (Shotgun) 10-M.Jones pass short middle to 88-M.Gesicki to 50 for 12 yards (1-J.Kearse).,1.652,0.849,pass,,M.Jones,,M.Gesicki,,,,,,,J.Kearse,,,,
2023,4,October 1,away,Dallas Cowboys,https://www.pro-football-reference.com/boxscores/202310010dal.htm,2,15:00,1,10,MID 50,3,10,(15:00) 15-E.Elliott up the middle to 50 for no gain (99-C.Golston; 92-D.Armstrong).,2.501,-0.571,run,,,E.Elliott,,,,,,,,C.Golston,D.Armstrong,,,
2023,4,October 1,away,Dallas Cowboys,https://www.pro-football-reference.com/boxscores/202310010dal.htm,2,14:21,2,10,MID 50,3,10,(14:21) (Shotgun) 10-M.Jones pass incomplete short left to 7-J.Smith-Schuster.,1.930,-0.924,pass,,M.Jones,,J.Smith-Schuster,,,,,,,,,,,
2023,4,October 1,away,Dallas Cowboys,https://www.pro-football-reference.com/boxscores/202310010dal.htm,2,14:19,3,10,MID 50,3,10,"(14:19) (Shotgun) PENALTY on NE-71-M.Onwenu, False Start, 5 yards, enforced at 50 - No Play.",1.005,-0.780,no_play,,,,,,,,,,,,,,,M.Onwenu
2023,4,October 1,away,Dallas Cowboys,https://www.pro-football-reference.com/boxscores/202310010dal.htm,2,14:19,3,15,NE 45,3,10,(14:19) (Shotgun) 10-M.Jones pass short left to 7-J.Smith-Schuster to DAL 41 for 14 yards (2-J.Lewis).,0.225,0.725,pass,,M.Jones,,J.Smith-Schuster,,,,,,,J.Lewis,,,,
2023,4,October 1,away,Dallas Cowboys,https://www.pro-football-reference.com/boxscores/202310010dal.htm,2,13:49,4,1,DAL 41,3,10,(13:49) 10-M.Jones up the middle to DAL 41 for no gain (33-D.Clark; 55-L.Vander Esch).,0.950,-3.340,run,,,M.Jones,,,,,,,,D.Clark,L.Vander Esch,,,
2023,4,October 1,away,Dallas Cowboys,https://www.pro-football-reference.com/boxscores/202310010dal.htm,2,13:43,1,10,DAL 41,3,10,(13:43) (Shotgun) 4-D.Prescott pass short left to 13-M.Gallup to DAL 41 for no gain (5-J.Peppers; 30-M.Mapu).,2.390,-0.463,pass,,D.Prescott,,M.Gallup,,,,,,,J.Peppers,M.Mapu,,,
2023,4,October 1,away,Dallas Cowboys,https://www.pro-football-reference.com/boxscores/202310010dal.htm,2,13:21,2,10,DAL 41,3,10,"(13:21) (No Huddle, Shotgun) 4-D.Prescott pass short left to 42-D.Vaughn to DAL 43 for 2 yards (26-S.Wade).",1.927,-0.676,pass,,D.Prescott,,D.Vaughn,,,,,,,S.Wade,,,,
2023,4,October 1,away,Dallas Cowboys,https://www.pro-football-reference.com/boxscores/202310010dal.htm,2,12:50,3,8,DAL 43,3,10,(12:50) (Shotgun) 4-D.Prescott sacked at DAL 33 for -10 yards (55-J.Uche).,1.251,-2.151,pass,,D.Prescott,,,,J.Uche,,,,,J.Uche,,,,
2023,4,October 1,away,Dallas Cowboys,https://www.pro-football-reference.com/boxscores/202310010dal.htm,2,12:05,4,18,DAL 33,3,10,"(12:05) 5-B.Anger punts 55 yards to NE 12, Center-44-T.Sieg. 81-D.Douglas to NE 10 for -2 yards (18-J.Tolbert).",-0.901,0.895,punt,,,,,,,B.Anger,,D.Douglas,,J.Tolbert,,,,
2023,4,October 1,away,Dallas Cowboys,https://www.pro-football-reference.com/boxscores/202310010dal.htm,2,11:54,1,10,NE 10,3,10,"(11:54) PENALTY on NE-71-M.Onwenu, False Start, 5 yards, enforced at NE 10 - No Play.",0.005,-0.852,no_play,,,,,,,,,,,,,,,M.Onwenu
2023,4,October 1,away,Dallas Cowboys,https://www.pro-football-reference.com/boxscores/202310010dal.htm,2,11:54,1,15,NE 5,3,10,"(11:54) 38-R.Stevenson left guard to NE 8 for 3 yards (6-D.Wilson, 26-D.Bland).",-0.847,-0.352,run,,,R.Stevenson,,,,,,,,D.Bland,,,,
2023,4,October 1,away,Dallas Cowboys,https://www.pro-football-reference.com/boxscores/202310010dal.htm,2,11:17,2,12,NE 8,3,16,"(11:17) 10-M.Jones sacked at NE 6 for -2 yards (56-D.Fowler). FUMBLES (56-D.Fowler) [56-D.Fowler], RECOVERED by DAL-55-L.Vander Esch at NE 11. 55-L.Vander Esch for 11 yards, TOUCHDOWN.",-1.199,-5.801,pass,,M.Jones,,,,D.Fowler,,,,,D.Fowler,,D.Fowler,L.Vander Esch,
2023,4,October 1,away,Dallas Cowboys,https://www.pro-football-reference.com/boxscores/202310010dal.htm,2,11:09,,,NE 15,3,18,(Kick formation) TWO-POINT CONVERSION ATTEMPT. 5-B.Anger pass to 99-C.Golston is complete. ATTEMPT SUCCEEDS.,0.947,1.053,pass,1,B.Anger,,C.Golston,,,,,,,,,,,
2023,4,October 1,away,Dallas Cowboys,https://www.pro-football-reference.com/boxscores/202310010dal.htm,2,11:09,,,DAL 35,3,18,"17-B.Aubrey kicks 65 yards from DAL 35 to end zone, Touchback.",1.081,0.000,kickoff,,,,,,,,B.Aubrey,,,,,,,
2023,4,October 1,away,Dallas Cowboys,https://www.pro-football-reference.com/boxscores/202310010dal.htm,2,11:09,1,10,NE 25,3,18,(11:09) (Shotgun) 10-M.Jones pass short left to 38-R.Stevenson to NE 28 for 3 yards (2-J.Lewis).,1.081,-0.381,pass,,M.Jones,,R.Stevenson,,,,,,,J.Lewis,,,,
2023,4,October 1,away,Dallas Cowboys,https://www.pro-football-reference.com/boxscores/202310010dal.htm,2,10:30,2,7,NE 28,3,18,(10:30) 15-E.Elliott left guard to NE 29 for 1 yard (14-M.Bell; 90-D.Lawrence).,0.700,-0.530,run,,,E.Elliott,,,,,,,,M.Bell,D.Lawrence,,,
2023,4,October 1,away,Dallas Cowboys,https://www.pro-football-reference.com/boxscores/202310010dal.htm,2,09:48,3,6,NE 29,3,18,(9:48) (Shotgun) 10-M.Jones pass incomplete short right to 1-D.Parker (26-D.Bland).,0.170,-1.248,pass,,M.Jones,,D.Parker,,,,,,,,,,,
2023,4,October 1,away,Dallas Cowboys,https://www.pro-football-reference.com/boxscores/202310010dal.htm,2,09:43,4,6,NE 29,3,18,"(9:43) 17-B.Baringer punts 50 yards to DAL 21, Center-49-J.Cardona. 9-K.Turpin ran ob at DAL 22 for 1 yard (18-M.Slater).",-1.078,-0.115,punt,,,,,,,B.Baringer,,K.Turpin,,M.Slater,,,,
2023,4,October 1,away,Dallas Cowboys,https://www.pro-football-reference.com/boxscores/202310010dal.htm,2,09:36,1,10,DAL 22,3,18,(9:36) (Shotgun) 4-D.Prescott pass short left to 88-C.Lamb to DAL 23 for 1 yard (2-J.Mills).,1.192,-0.502,pass,,D.Prescott,,C.Lamb,,,,,,,J.Mills,,,,
2023,4,October 1,away,Dallas Cowboys,https://www.pro-football-reference.com/boxscores/202310010dal.htm,2,09:09,2,9,DAL 23,3,18,(9:09) (Shotgun) 4-D.Prescott pass deep left to 87-J.Ferguson to DAL 44 for 21 yards (23-K.Dugger).,0.690,1.816,pass,,D.Prescott,,J.Ferguson,,,,,,,K.Dugger,,,,
2023,4,October 1,away,Dallas Cowboys,https://www.pro-football-reference.com/boxscores/202310010dal.htm,2,08:32,1,10,DAL 44,3,18,(8:32) 4-D.Prescott pass short right to 88-C.Lamb to NE 44 for 12 yards (27-M.Bryant).,2.506,0.631,pass,,D.Prescott,,C.Lamb,,,,,,,M.Bryant,,,,
2023,4,October 1,away,Dallas Cowboys,https://www.pro-football-reference.com/boxscores/202310010dal.htm,2,07:57,1,10,NE 44,3,18,(7:57) (Shotgun) 20-T.Pollard left guard to NE 28 for 16 yards (23-K.Dugger).,3.136,1.005,run,,,T.Pollard,,,,,,,,K.Dugger,,,,
2023,4,October 1,away,Dallas Cowboys,https://www.pro-football-reference.com/boxscores/202310010dal.htm,2,07:17,1,10,NE 28,3,18,(7:17) 23-R.Dowdle left guard to NE 19 for 9 yards (23-K.Dugger).,4.141,0.720,run,,,R.Dowdle,,,,,,,,K.Dugger,,,,
2023,4,October 1,away,Dallas Cowboys,https://www.pro-football-reference.com/boxscores/202310010dal.htm,2,06:38,2,1,NE 19,3,18,"(6:38) 23-R.Dowdle left end to NE 23 for -4 yards (48-Ja.Tavai, 91-D.Wise).",4.861,-1.106,run,,,R.Dowdle,,,,,,,,D.Wise,,,,
2023,4,October 1,away,Dallas Cowboys,https://www.pro-football-reference.com/boxscores/202310010dal.htm,2,05:57,3,5,NE 23,3,18,(5:57) (Shotgun) 4-D.Prescott pass short middle to 87-J.Ferguson to NE 11 for 12 yards (23-K.Dugger).,3.755,1.327,pass,,D.Prescott,,J.Ferguson,,,,,,,K.Dugger,,,,
2023,4,October 1,away,Dallas Cowboys,https://www.pro-football-reference.com/boxscores/202310010dal.htm,2,05:25,1,10,NE 11,3,18,(5:25) (Shotgun) 20-T.Pollard up the middle to NE 8 for 3 yards (91-D.Wise; 92-D.Godchaux).,5.081,-0.160,run,,,T.Pollard,,,,,,,,D.Wise,D.Godchaux,,,
2023,4,October 1,away,Dallas Cowboys,https://www.pro-football-reference.com/boxscores/202310010dal.htm,2,04:49,2,7,NE 8,3,18,(4:49) (Shotgun) 4-D.Prescott pass incomplete short middle to 86-L.Schoonmaker (8-J.Bentley).,4.921,-0.786,pass,,D.Prescott,,L.Schoonmaker,,,,,,,,,,,
2023,4,October 1,away,Dallas Cowboys,https://www.pro-football-reference.com/boxscores/202310010dal.htm,2,04:45,3,7,NE 8,3,18,(4:45) 4-D.Prescott pass short right to 88-C.Lamb pushed ob at NE 5 for 3 yards (2-J.Mills) [9-M.Judon].,4.135,-1.198,pass,,D.Prescott,,C.Lamb,,,,,,,J.Mills,,,,
2023,4,October 1,away,Dallas Cowboys,https://www.pro-football-reference.com/boxscores/202310010dal.htm,2,04:06,4,4,NE 5,3,21,"(4:06) 17-B.Aubrey 23 yard field goal is GOOD, Center-44-T.Sieg, Holder-5-B.Anger.",2.937,0.063,field_goal,,,,,,,,B.Aubrey,,,,,,,
2023,4,October 1,away,Dallas Cowboys,https://www.pro-football-reference.com/boxscores/202310010dal.htm,2,04:03,,,DAL 35,3,21,"17-B.Aubrey kicks 65 yards from DAL 35 to end zone, Touchback.",0.896,0.000,kickoff,,,,,,,,B.Aubrey,,,,,,,
2023,4,October 1,away,Dallas Cowboys,https://www.pro-football-reference.com/boxscores/202310010dal.htm,2,04:03,1,10,NE 25,3,21,(4:03) 10-M.Jones pass incomplete short right to 38-R.Stevenson.,0.896,-0.520,pass,,M.Jones,,R.Stevenson,,,,,,,,,,,
2023,4,October 1,away,Dallas Cowboys,https://www.pro-football-reference.com/boxscores/202310010dal.htm,2,03:58,2,10,NE 25,3,21,"(3:58) 38-R.Stevenson left guard to NE 37 for 12 yards (30-J.Thomas, 28-M.Hooker).
PENALTY on NE-71-M.Onwenu, Offensive Holding, 10 yards, enforced at NE 29.",0.376,-0.529,run,,,R.Stevenson,,,,,,,,M.Hooker,,,,M.Onwenu
2023,4,October 1,away,Dallas Cowboys,https://www.pro-football-reference.com/boxscores/202310010dal.htm,2,03:41,2,16,NE 19,3,21,(3:41) (Shotgun) 10-M.Jones pass short left to 84-K.Bourne to NE 35 for 16 yards (26-D.Bland).,-0.153,1.831,pass,,M.Jones,,K.Bourne,,,,,,,D.Bland,,,,
2023,4,October 1,away,Dallas Cowboys,https://www.pro-football-reference.com/boxscores/202310010dal.htm,2,03:02,1,10,NE 35,3,21,(3:02) 38-R.Stevenson left tackle to NE 37 for 2 yards (55-L.Vander Esch; 33-D.Clark).,1.678,-0.480,run,,,R.Stevenson,,,,,,,,L.Vander Esch,D.Clark,,,
2023,4,October 1,away,Dallas Cowboys,https://www.pro-football-reference.com/boxscores/202310010dal.htm,2,02:24,2,8,NE 37,3,21,(2:24) 10-M.Jones scrambles up the middle to NE 40 for 3 yards (55-L.Vander Esch).,1.198,-0.173,run,,,M.Jones,,,,,,,,L.Vander Esch,,,,
2023,4,October 1,away,Dallas Cowboys,https://www.pro-football-reference.com/boxscores/202310010dal.htm,2,02:00,3,5,NE 40,3,21,(2:00) (Shotgun) 10-M.Jones pass short middle to 85-H.Henry to DAL 48 for 12 yards (6-D.Wilson; 55-L.Vander Esch).,1.025,1.607,pass,,M.Jones,,H.Henry,,,,,,,D.Wilson,L.Vander Esch,,,
2023,4,October 1,away,Dallas Cowboys,https://www.pro-football-reference.com/boxscores/202310010dal.htm,2,01:30,1,10,DAL 48,3,21,"(1:30) (No Huddle, Shotgun) 38-R.Stevenson up the middle to DAL 48 for no gain (92-D.Armstrong).",2.632,-0.449,run,,,R.Stevenson,,,,,,,,D.Armstrong,,,,
2023,4,October 1,away,Dallas Cowboys,https://www.pro-football-reference.com/boxscores/202310010dal.htm,2,01:07,2,10,DAL 48,3,27,"(1:07) (No Huddle, Shotgun) 10-M.Jones pass short left intended for 84-K.Bourne INTERCEPTED by 26-D.Bland at DAL 46. 26-D.Bland for 54 yards, TOUCHDOWN.",2.183,-9.183,pass,,M.Jones,,K.Bourne,D.Bland,,,,,,,,,,
2023,4,October 1,away,Dallas Cowboys,https://www.pro-football-reference.com/boxscores/202310010dal.htm,2,00:54,,,NE 15,3,28,"17-B.Aubrey extra point is GOOD, Center-44-T.Sieg, Holder-5-B.Anger.",0.931,0.069,extra_point,,,,,,,,B.Aubrey,,,,,,,
2023,4,October 1,away,Dallas Cowboys,https://www.pro-football-reference.com/boxscores/202310010dal.htm,2,00:54,,,DAL 35,3,28,"17-B.Aubrey kicks 65 yards from DAL 35 to end zone, Touchback.",0.744,0.000,kickoff,,,,,,,,B.Aubrey,,,,,,,
2023,4,October 1,away,Dallas Cowboys,https://www.pro-football-reference.com/boxscores/202310010dal.htm,2,00:54,1,10,NE 25,3,28,"(:54) (Shotgun) 10-M.Jones pass short right to 15-E.Elliott to NE 27 for 2 yards (97-O.Odighizuwa, 33-D.Clark).",0.744,-0.268,pass,,M.Jones,,E.Elliott,,,,,,,D.Clark,,,,
2023,4,October 1,away,Dallas Cowboys,https://www.pro-football-reference.com/boxscores/202310010dal.htm,2,00:35,2,8,NE 27,3,28,"(:35) (No Huddle, Shotgun) 10-M.Jones pass incomplete short left to 85-H.Henry.",0.476,-0.263,pass,,M.Jones,,H.Henry,,,,,,,,,,,
2023,4,October 1,away,Dallas Cowboys,https://www.pro-football-reference.com/boxscores/202310010dal.htm,2,00:30,3,8,NE 27,3,28,(:30) (Shotgun) 10-M.Jones pass incomplete short right to 15-E.Elliott (1-J.Kearse).,0.212,-0.282,pass,,M.Jones,,E.Elliott,,,,,,,,,,,
2023,4,October 1,away,Dallas Cowboys,https://www.pro-football-reference.com/boxscores/202310010dal.htm,2,00:23,4,8,NE 27,3,28,"(:23) 17-B.Baringer punts 44 yards to DAL 29, Center-49-J.Cardona, fair catch by 9-K.Turpin.",-0.070,-0.113,punt,,,,,,,B.Baringer,,K.Turpin,,,,,,
2023,4,October 1,away,Dallas Cowboys,https://www.pro-football-reference.com/boxscores/202310010dal.htm,2,00:16,1,10,DAL 29,3,28,(:16) (Shotgun) 4-D.Prescott pass short left to 87-J.Ferguson pushed ob at DAL 41 for 12 yards (23-K.Dugger).,0.184,0.270,pass,,D.Prescott,,J.Ferguson,,,,,,,K.Dugger,,,,
2023,4,October 1,away,Dallas Cowboys,https://www.pro-football-reference.com/boxscores/202310010dal.htm,2,00:10,,,DAL 41,3,28,Timeout #1 by DAL at 00:10.,0.453,0.000,no_play,,,,,,,,,,,,,,,
2023,4,October 1,away,Dallas Cowboys,https://www.pro-football-reference.com/boxscores/202310010dal.htm,2,00:10,1,10,DAL 41,3,28,(:10) (Shotgun) 4-D.Prescott pass short middle to 87-J.Ferguson to NE 48 for 11 yards (23-K.Dugger).,0.453,0.144,pass,,D.Prescott,,J.Ferguson,,,,,,,K.Dugger,,,,
2023,4,October 1,away,Dallas Cowboys,https://www.pro-football-reference.com/boxscores/202310010dal.htm,2,00:03,,,,3,28,Timeout #2 by DAL at 00:03.,0.597,0.000,no_play,,,,,,,,,,,,,,,
2023,4,October 1,away,Dallas Cowboys,https://www.pro-football-reference.com/boxscores/202310010dal.htm,2,00:03,,,NE 48,3,28,Timeout #2 by NE at 00:03.,0.597,0.000,no_play,,,,,,,,,,,,,,,
2023,4,October 1,away,Dallas Cowboys,https://www.pro-football-reference.com/boxscores/202310010dal.htm,2,00:03,1,10,NE 48,3,28,"(:03) (Field Goal formation) PENALTY on DAL-71-C.Edoga, False Start, 5 yards, enforced at NE 48 - No Play.",0.597,-0.221,no_play,,,,,,,,,,,,,,,C.Edoga
2023,4,October 1,away,Dallas Cowboys,https://www.pro-football-reference.com/boxscores/202310010dal.htm,2,00:03,1,15,DAL 47,3,28,"(:03) (Shotgun) PENALTY on DAL, Delay of Game, 5 yards, enforced at DAL 47 - No Play.",0.377,-0.377,no_play,,,,,,,,,,,,,,,
2023,4,October 1,away,Dallas Cowboys,https://www.pro-football-reference.com/boxscores/202310010dal.htm,2,00:03,1,20,DAL 42,3,28,(:03) 4-D.Prescott kneels to DAL 41 for -1 yards.,0.000,0.000,qb_kneel,,,D.Prescott,,,,,,,,,,,,
2023,4,October 1,away,Dallas Cowboys,https://www.pro-football-reference.com/boxscores/202310010dal.htm,3,15:00,,,DAL 35,3,28,"17-B.Aubrey kicks 65 yards from DAL 35 to end zone, Touchback.",0.931,0.000,kickoff,,,,,,,,B.Aubrey,,,,,,,
2023,4,October 1,away,Dallas Cowboys,https://www.pro-football-reference.com/boxscores/202310010dal.htm,3,15:00,1,10,NE 25,3,28,(15:00) 38-R.Stevenson left guard to NE 33 for 8 yards (21-S.Gilmore).,0.931,0.593,run,,,R.Stevenson,,,,,,,,S.Gilmore,,,,
2023,4,October 1,away,Dallas Cowboys,https://www.pro-football-reference.com/boxscores/202310010dal.htm,3,14:30,2,2,NE 33,3,28,(14:30) 38-R.Stevenson left end to NE 31 for -2 yards (33-D.Clark).,1.524,-1.221,run,,,R.Stevenson,,,,,,,,D.Clark,,,,
2023,4,October 1,away,Dallas Cowboys,https://www.pro-football-reference.com/boxscores/202310010dal.htm,3,13:57,3,4,NE 31,3,28,"(13:57) 10-M.Jones pass deep right to 85-H.Henry to DAL 48 for 21 yards (1-J.Kearse).
Penalty on DAL-21-S.Gilmore, Defensive Holding, declined.
Penalty on DAL-1-J.Kearse, Illegal Contact, declined.",0.303,2.370,pass,,M.Jones,,H.Henry,,,,,,,J.Kearse,,,,
2023,4,October 1,away,Dallas Cowboys,https://www.pro-football-reference.com/boxscores/202310010dal.htm,3,13:43,1,10,DAL 48,3,28,(13:43) (Shotgun) 10-M.Jones pass short right to 81-D.Douglas to DAL 45 for 3 yards (14-M.Bell).,2.672,-0.178,pass,,M.Jones,,D.Douglas,,,,,,,M.Bell,,,,
2023,4,October 1,away,Dallas Cowboys,https://www.pro-football-reference.com/boxscores/202310010dal.htm,3,13:09,2,7,DAL 45,3,28,(13:09) 38-R.Stevenson up the middle to DAL 44 for 1 yard (2-J.Lewis).,2.494,-0.818,run,,,R.Stevenson,,,,,,,,J.Lewis,,,,
2023,4,October 1,away,Dallas Cowboys,https://www.pro-football-reference.com/boxscores/202310010dal.htm,3,12:29,3,6,DAL 44,3,28,(12:29) (Shotgun) 10-M.Jones scrambles up the middle to DAL 40 for 4 yards (6-D.Wilson).,1.676,-0.992,run,,,M.Jones,,,,,,,,D.Wilson,,,,
2023,4,October 1,away,Dallas Cowboys,https://www.pro-football-reference.com/boxscores/202310010dal.htm,3,11:49,,,DAL 40,3,28,Timeout #1 by DAL at 11:49.,0.684,0.000,no_play,,,,,,,,,,,,,,,
2023,4,October 1,away,Dallas Cowboys,https://www.pro-football-reference.com/boxscores/202310010dal.htm,3,11:49,4,2,DAL 40,3,28,(11:49) (Shotgun) 10-M.Jones pass short right intended for 7-J.Smith-Schuster INTERCEPTED by 26-D.Bland at DAL 38. 26-D.Bland to DAL 48 for 10 yards (7-J.Smith-Schuster).,0.684,-3.557,pass,,M.Jones,,J.Smith-Schuster,D.Bland,,,,,,J.Smith-Schuster,,,,
2023,4,October 1,away,Dallas Cowboys,https://www.pro-football-reference.com/boxscores/202310010dal.htm,3,11:43,1,10,DAL 48,3,28,"(11:43) 4-D.Prescott pass incomplete deep right to 88-C.Lamb [9-M.Judon].
Penalty on DAL, Illegal Formation, declined.",2.873,-0.553,pass,,D.Prescott,,C.Lamb,,,,,,,,,,,
2023,4,October 1,away,Dallas Cowboys,https://www.pro-football-reference.com/boxscores/202310010dal.htm,3,11:37,2,10,DAL 48,3,28,"(11:37) (Shotgun) 4-D.Prescott pass short left to 3-B.Cooks to NE 45 for 7 yards (27-M.Bryant). FUMBLES (27-M.Bryant), ball out of bounds at NE 45.",2.319,0.022,pass,,D.Prescott,,B.Cooks,,,,,,,M.Bryant,,M.Bryant,,
2023,4,October 1,away,Dallas Cowboys,https://www.pro-football-reference.com/boxscores/202310010dal.htm,3,11:14,3,3,NE 45,3,28,(11:14) (Shotgun) 20-T.Pollard up the middle to NE 37 for 8 yards (55-J.Uche; 8-J.Bentley).,2.342,1.465,run,,,T.Pollard,,,,,,,,J.Uche,J.Bentley,,,
2023,4,October 1,away,Dallas Cowboys,https://www.pro-football-reference.com/boxscores/202310010dal.htm,3,10:55,1,10,NE 37,3,28,(10:55) (No Huddle) 4-D.Prescott pass short right to 87-J.Ferguson to NE 33 for 4 yards (23-K.Dugger).,3.807,-0.124,pass,,D.Prescott,,J.Ferguson,,,,,,,K.Dugger,,,,
2023,4,October 1,away,Dallas Cowboys,https://www.pro-football-reference.com/boxscores/202310010dal.htm,3,10:20,2,6,NE 33,3,28,(10:20) (Shotgun) 4-D.Prescott pass incomplete short right to 86-L.Schoonmaker (48-Ja.Tavai).,3.683,-0.743,pass,,D.Prescott,,L.Schoonmaker,,,,,,,,,,,
2023,4,October 1,away,Dallas Cowboys,https://www.pro-football-reference.com/boxscores/202310010dal.htm,3,10:17,3,6,NE 33,3,28,(10:17) (Shotgun) 4-D.Prescott pass short right to 13-M.Gallup pushed ob at NE 14 for 19 yards (26-S.Wade) [23-K.Dugger].,2.939,2.405,pass,,D.Prescott,,M.Gallup,,,,,,,S.Wade,,,,
2023,4,October 1,away,Dallas Cowboys,https://www.pro-football-reference.com/boxscores/202310010dal.htm,3,09:41,1,10,NE 14,3,28,(9:41) (Shotgun) 20-T.Pollard left guard to NE 9 for 5 yards (91-D.Wise).,5.344,-0.063,run,,,T.Pollard,,,,,,,,D.Wise,,,,
2023,4,October 1,away,Dallas Cowboys,https://www.pro-football-reference.com/boxscores/202310010dal.htm,3,09:05,2,5,NE 9,3,28,(9:05) (Shotgun) 4-D.Prescott pass short right to 20-T.Pollard to NE 6 for 3 yards (8-J.Bentley).,5.281,-0.148,pass,,D.Prescott,,T.Pollard,,,,,,,J.Bentley,,,,
2023,4,October 1,away,Dallas Cowboys,https://www.pro-football-reference.com/boxscores/202310010dal.htm,3,08:25,3,2,NE 6,3,28,(8:25) 4-D.Prescott sacked at NE 15 for -9 yards (48-Ja.Tavai).,5.133,-2.417,pass,,D.Prescott,,,,Ja.Tavai,,,,,Ja.Tavai,,,,
2023,4,October 1,away,Dallas Cowboys,https://www.pro-football-reference.com/boxscores/202310010dal.htm,3,07:45,4,11,NE 15,3,31,"(7:45) 17-B.Aubrey 33 yard field goal is GOOD, Center-44-T.Sieg, Holder-5-B.Anger.",2.716,0.284,field_goal,,,,,,,,B.Aubrey,,,,,,,
2023,4,October 1,away,Dallas Cowboys,https://www.pro-football-reference.com/boxscores/202310010dal.htm,3,07:42,,,DAL 35,3,31,"17-B.Aubrey kicks 65 yards from DAL 35 to end zone, Touchback.",1.091,0.000,kickoff,,,,,,,,B.Aubrey,,,,,,,
2023,4,October 1,away,Dallas Cowboys,https://www.pro-football-reference.com/boxscores/202310010dal.htm,3,07:42,1,10,NE 25,3,31,(7:42) (Shotgun) 10-M.Jones pass short left to 15-E.Elliott to NE 29 for 4 yards (6-D.Wilson).,1.091,-0.028,pass,,M.Jones,,E.Elliott,,,,,,,D.Wilson,,,,
2023,4,October 1,away,Dallas Cowboys,https://www.pro-football-reference.com/boxscores/202310010dal.htm,3,07:02,2,6,NE 29,3,31,(7:02) (Shotgun) 15-E.Elliott right guard to NE 29 for no gain (96-N.Gallimore).,1.063,-0.798,run,,,E.Elliott,,,,,,,,N.Gallimore,,,,
2023,4,October 1,away,Dallas Cowboys,https://www.pro-football-reference.com/boxscores/202310010dal.htm,3,06:24,3,6,NE 29,3,31,(6:24) (Shotgun) 10-M.Jones pass incomplete short left to 1-D.Parker.,0.265,-1.491,pass,,M.Jones,,D.Parker,,,,,,,,,,,
2023,4,October 1,away,Dallas Cowboys,https://www.pro-football-reference.com/boxscores/202310010dal.htm,3,06:19,4,6,NE 29,3,31,"(6:19) 17-B.Baringer punts 46 yards to DAL 25, Center-49-J.Cardona. 9-K.Turpin to DAL 37 for 12 yards (41-B.Schooler).
PENALTY on NE-49-J.Cardona, Offensive Holding, 10 yards, enforced at DAL 37.",-1.226,-1.593,punt,,,,,,,B.Baringer,,K.Turpin,,B.Schooler,,,,J.Cardona
2023,4,October 1,away,Dallas Cowboys,https://www.pro-football-reference.com/boxscores/202310010dal.htm,3,06:08,1,10,DAL 47,3,31,(6:08) (Shotgun) 4-D.Prescott pass short left to 3-B.Cooks to NE 48 for 5 yards (27-M.Bryant).,2.819,-0.080,pass,,D.Prescott,,B.Cooks,,,,,,,M.Bryant,,,,
2023,4,October 1,away,Dallas Cowboys,https://www.pro-football-reference.com/boxscores/202310010dal.htm,3,05:34,2,5,NE 48,3,31,"(5:34) 20-T.Pollard right tackle to NE 44 for 4 yards (90-C.Barmore, 2-J.Mills).
PENALTY on NE-90-C.Barmore, Face Mask, 15 yards, enforced at NE 44.",2.740,1.564,run,,,T.Pollard,,,,,,,,J.Mills,,,,C.Barmore
2023,4,October 1,away,Dallas Cowboys,https://www.pro-football-reference.com/boxscores/202310010dal.htm,3,05:08,1,10,NE 29,3,31,"(5:08) (Shotgun) 4-D.Prescott pass short left to 13-M.Gallup to NE 26 for 3 yards (26-S.Wade, 27-M.Bryant).",4.303,-0.170,pass,,D.Prescott,,M.Gallup,,,,,,,M.Bryant,,,,
2023,4,October 1,away,Dallas Cowboys,https://www.pro-football-reference.com/boxscores/202310010dal.htm,3,04:24,2,7,NE 26,3,31,(4:24) 20-T.Pollard up the middle to NE 22 for 4 yards (55-J.Uche).,4.134,-0.020,run,,,T.Pollard,,,,,,,,J.Uche,,,,
2023,4,October 1,away,Dallas Cowboys,https://www.pro-football-reference.com/boxscores/202310010dal.htm,3,03:49,3,3,NE 22,3,31,"(3:49) (Shotgun) 4-D.Prescott pass incomplete short right to 13-M.Gallup.
Penalty on DAL-78-T.Steele, Illegal Use of Hands, declined.",4.114,-1.476,pass,,D.Prescott,,M.Gallup,,,,,,,,,,,
2023,4,October 1,away,Dallas Cowboys,https://www.pro-football-reference.com/boxscores/202310010dal.htm,3,03:46,4,3,NE 22,3,31,(3:46) (Shotgun) 4-D.Prescott sacked at NE 31 for -9 yards (91-D.Wise).,2.637,-4.098,pass,,D.Prescott,,,,D.Wise,,,,,D.Wise,,,,
2023,4,October 1,away,Dallas Cowboys,https://www.pro-football-reference.com/boxscores/202310010dal.htm,3,03:41,1,10,NE 31,3,31,"(3:41) 38-R.Stevenson up the middle to NE 29 for -2 yards (96-N.Gallimore, 97-O.Odighizuwa).",1.460,-0.851,run,,,R.Stevenson,,,,,,,,O.Odighizuwa,,,,
2023,4,October 1,away,Dallas Cowboys,https://www.pro-football-reference.com/boxscores/202310010dal.htm,3,03:04,2,12,NE 29,3,31,(3:04) (Shotgun) 4-B.Zappe pass short middle to 1-D.Parker to NE 40 for 11 yards (26-D.Bland).,0.610,1.168,pass,,B.Zappe,,D.Parker,,,,,,,D.Bland,,,,
2023,4,October 1,away,Dallas Cowboys,https://www.pro-football-reference.com/boxscores/202310010dal.htm,3,02:25,3,1,NE 40,3,31,(2:25) 38-R.Stevenson up the middle to NE 43 for 3 yards (2-J.Lewis).,1.777,0.562,run,,,R.Stevenson,,,,,,,,J.Lewis,,,,
2023,4,October 1,away,Dallas Cowboys,https://www.pro-football-reference.com/boxscores/202310010dal.htm,3,01:51,1,10,NE 43,3,31,(1:51) 38-R.Stevenson right tackle to NE 43 for no gain (30-J.Thomas).,2.339,-0.487,run,,,R.Stevenson,,,,,,,,J.Thomas,,,,
2023,4,October 1,away,Dallas Cowboys,https://www.pro-football-reference.com/boxscores/202310010dal.htm,3,01:09,2,10,NE 43,3,31,"(1:09) (Shotgun) 4-B.Zappe pass incomplete deep right to 88-M.Gesicki (1-J.Kearse).
Penalty on NE-68-A.Mafi, Illegal Blindside Block, declined.",1.852,-0.868,pass,,B.Zappe,,M.Gesicki,,,,,,,,,,,
2023,4,October 1,away,Dallas Cowboys,https://www.pro-football-reference.com/boxscores/202310010dal.htm,3,01:04,3,10,NE 43,3,31,(1:04) (Shotgun) 4-B.Zappe pass incomplete deep left to 7-J.Smith-Schuster.,0.985,-1.563,pass,,B.Zappe,,J.Smith-Schuster,,,,,,,,,,,
2023,4,October 1,away,Dallas Cowboys,https://www.pro-football-reference.com/boxscores/202310010dal.htm,3,00:58,4,10,NE 43,3,31,"(:58) 17-B.Baringer punts 43 yards to DAL 14, Center-49-J.Cardona, fair catch by 9-K.Turpin.",-0.578,0.031,punt,,,,,,,B.Baringer,,K.Turpin,,,,,,
2023,4,October 1,away,Dallas Cowboys,https://www.pro-football-reference.com/boxscores/202310010dal.htm,3,00:50,1,10,DAL 14,3,31,"(:50) (Shotgun) 42-D.Vaughn left tackle to DAL 16 for 2 yards (5-J.Peppers).
PENALTY on DAL-73-Tyl.Smith, Offensive Holding, 7 yards, enforced at DAL 15.",0.548,-1.025,run,,,D.Vaughn,,,,,,,,J.Peppers,,,,Tyl.Smith
2023,4,October 1,away,Dallas Cowboys,https://www.pro-football-reference.com/boxscores/202310010dal.htm,3,00:26,1,16,DAL 8,3,31,(:26) 42-D.Vaughn up the middle to DAL 11 for 3 yards (8-J.Bentley; 96-S.Roberts).,-0.477,-0.189,run,,,D.Vaughn,,,,,,,,J.Bentley,S.Roberts,,,
2023,4,October 1,away,Dallas Cowboys,https://www.pro-football-reference.com/boxscores/202310010dal.htm,4,15:00,2,13,DAL 11,3,31,(15:00) (Shotgun) 4-D.Prescott pass short right to 18-J.Tolbert to DAL 26 for 15 yards (27-M.Bryant).,-0.666,1.978,pass,,D.Prescott,,J.Tolbert,,,,,,,M.Bryant,,,,
2023,4,October 1,away,Dallas Cowboys,https://www.pro-football-reference.com/boxscores/202310010dal.htm,4,14:22,1,10,DAL 26,3,31,(14:22) 42-D.Vaughn right end to DAL 25 for -1 yards (5-J.Peppers).,1.312,-0.770,run,,,D.Vaughn,,,,,,,,J.Peppers,,,,
2023,4,October 1,away,Dallas Cowboys,https://www.pro-football-reference.com/boxscores/202310010dal.htm,4,13:45,2,11,DAL 25,3,31,(13:45) 42-D.Vaughn left end to DAL 24 for -1 yards (8-J.Bentley; 2-J.Mills). NE-9-M.Judon was injured during the play. His return is Doubtful.,0.542,-1.167,run,,,D.Vaughn,,,,,,,,J.Bentley,J.Mills,,,
2023,4,October 1,away,Dallas Cowboys,https://www.pro-football-reference.com/boxscores/202310010dal.htm,4,13:19,3,12,DAL 24,3,31,(13:19) (Shotgun) 4-D.Prescott pass short right to 3-B.Cooks to DAL 28 for 4 yards (5-J.Peppers).,-0.625,-0.645,pass,,D.Prescott,,B.Cooks,,,,,,,J.Peppers,,,,
2023,4,October 1,away,Dallas Cowboys,https://www.pro-football-reference.com/boxscores/202310010dal.htm,4,12:37,4,8,DAL 28,3,31,"(12:37) 5-B.Anger punts 57 yards to NE 15, Center-44-T.Sieg, fair catch by 81-D.Douglas.",-1.270,0.718,punt,,,,,,,B.Anger,,D.Douglas,,,,,,
2023,4,October 1,away,Dallas Cowboys,https://www.pro-football-reference.com/boxscores/202310010dal.htm,4,12:30,1,10,NE 15,3,31,(12:30) (Shotgun) 4-B.Zappe pass short right to 85-H.Henry to NE 19 for 4 yards (55-L.Vander Esch).,0.552,-0.124,pass,,B.Zappe,,H.Henry,,,,,,,L.Vander Esch,,,,
2023,4,October 1,away,Dallas Cowboys,https://www.pro-football-reference.com/boxscores/202310010dal.htm,4,11:51,2,6,NE 19,3,31,(11:51) 15-E.Elliott right guard to NE 21 for 2 yards (6-D.Wilson; 11-M.Parsons).,0.428,-0.395,run,,,E.Elliott,,,,,,,,D.Wilson,M.Parsons,,,
2023,4,October 1,away,Dallas Cowboys,https://www.pro-football-reference.com/boxscores/202310010dal.htm,4,11:11,3,4,NE 21,3,31,"(11:11) (Shotgun) 4-B.Zappe pass incomplete short right to 81-D.Douglas.
Penalty on NE-60-D.Andrews, Offensive Holding, declined.",0.033,-1.597,pass,,B.Zappe,,D.Douglas,,,,,,,,,,,
2023,4,October 1,away,Dallas Cowboys,https://www.pro-football-reference.com/boxscores/202310010dal.htm,4,11:06,4,4,NE 21,3,31,"(11:06) 17-B.Baringer punts 42 yards to DAL 37, Center-49-J.Cardona, fair catch by 9-K.Turpin.",-1.564,-0.522,punt,,,,,,,B.Baringer,,K.Turpin,,,,,,
2023,4,October 1,away,Dallas Cowboys,https://www.pro-football-reference.com/boxscores/202310010dal.htm,4,10:59,1,10,DAL 37,3,31,"(10:59) PENALTY on DAL-87-J.Ferguson, False Start, 5 yards, enforced at DAL 37 - No Play.",2.085,-0.525,no_play,,,,,,,,,,,,,,,J.Ferguson
2023,4,October 1,away,Dallas Cowboys,https://www.pro-football-reference.com/boxscores/202310010dal.htm,4,10:59,1,15,DAL 32,3,31,"(10:59) 9-K.Turpin right end to NE 22 for 46 yards (27-M.Bryant). FUMBLES (27-M.Bryant), recovered by DAL-84-S.McKeon at NE 14.",1.560,3.534,run,,,K.Turpin,,,,,,,,M.Bryant,,M.Bryant,S.McKeon,
2023,4,October 1,away,Dallas Cowboys,https://www.pro-football-reference.com/boxscores/202310010dal.htm,4,10:06,1,10,NE 14,3,31,(10:06) 42-D.Vaughn left guard to NE 11 for 3 yards (48-Ja.Tavai).,5.094,-0.314,run,,,D.Vaughn,,,,,,,,Ja.Tavai,,,,
2023,4,October 1,away,Dallas Cowboys,https://www.pro-football-reference.com/boxscores/202310010dal.htm,4,09:23,2,7,NE 11,3,31,(9:23) 42-D.Vaughn right tackle to NE 9 for 2 yards (99-K.White).,4.780,-0.503,run,,,D.Vaughn,,,,,,,,K.White,,,,
2023,4,October 1,away,Dallas Cowboys,https://www.pro-football-reference.com/boxscores/202310010dal.htm,4,08:42,3,5,NE 9,3,31,(8:42) (Shotgun) 4-D.Prescott pass short left to 9-K.Turpin pushed ob at NE 4 for 5 yards (26-S.Wade).,4.278,1.640,pass,,D.Prescott,,K.Turpin,,,,,,,S.Wade,,,,
2023,4,October 1,away,Dallas Cowboys,https://www.pro-football-reference.com/boxscores/202310010dal.htm,4,08:07,1,4,NE 4,3,31,"(8:07) (Shotgun) 40-H.Luepke up the middle to NE 3 for 1 yard (23-K.Dugger, 5-J.Peppers).",5.917,-0.236,run,,,H.Luepke,,,,,,,,J.Peppers,,,,
2023,4,October 1,away,Dallas Cowboys,https://www.pro-football-reference.com/boxscores/202310010dal.htm,4,07:22,2,3,NE 3,3,31,(7:22) 42-D.Vaughn up the middle to NE 3 for no gain (48-Ja.Tavai; 5-J.Peppers).,5.681,-0.980,run,,,D.Vaughn,,,,,,,,Ja.Tavai,J.Peppers,,,
2023,4,October 1,away,Dallas Cowboys,https://www.pro-football-reference.com/boxscores/202310010dal.htm,4,06:41,3,3,NE 3,3,37,"(6:41) (Shotgun) 40-H.Luepke right guard for 3 yards, TOUCHDOWN.",4.701,2.299,run,,,H.Luepke,,,,,,,,,,,,
2023,4,October 1,away,Dallas Cowboys,https://www.pro-football-reference.com/boxscores/202310010dal.htm,4,06:38,,,NE 15,3,38,"17-B.Aubrey extra point is GOOD, Center-44-T.Sieg, Holder-5-B.Anger.",0.931,0.069,extra_point,,,,,,,,B.Aubrey,,,,,,,
2023,4,October 1,away,Dallas Cowboys,https://www.pro-football-reference.com/boxscores/202310010dal.htm,4,06:38,,,DAL 35,3,38,"17-B.Aubrey kicks 65 yards from DAL 35 to end zone, Touchback.",1.216,0.000,kickoff,,,,,,,,B.Aubrey,,,,,,,
2023,4,October 1,away,Dallas Cowboys,https://www.pro-football-reference.com/boxscores/202310010dal.htm,4,06:38,1,10,NE 25,3,38,(6:38) (Shotgun) 4-B.Zappe pass short middle to 84-K.Bourne to NE 45 for 20 yards (26-D.Bland).,1.216,1.352,pass,,B.Zappe,,K.Bourne,,,,,,,D.Bland,,,,
2023,4,October 1,away,Dallas Cowboys,https://www.pro-football-reference.com/boxscores/202310010dal.htm,4,06:11,1,10,NE 45,3,38,"(6:11) (No Huddle, Shotgun) 4-B.Zappe pass incomplete short right to 7-J.Smith-Schuster.",2.568,-0.480,pass,,B.Zappe,,J.Smith-Schuster,,,,,,,,,,,
2023,4,October 1,away,Dallas Cowboys,https://www.pro-football-reference.com/boxscores/202310010dal.htm,4,06:07,2,10,NE 45,3,38,(6:07) (Shotgun) 4-B.Zappe pass deep left to 1-D.Parker ran ob at DAL 33 for 22 yards.,2.088,1.827,pass,,B.Zappe,,D.Parker,,,,,,,,,,,
2023,4,October 1,away,Dallas Cowboys,https://www.pro-football-reference.com/boxscores/202310010dal.htm,4,05:40,1,10,DAL 33,3,38,(5:40) 38-R.Stevenson left end pushed ob at DAL 26 for 7 yards (21-S.Gilmore).,3.915,0.343,run,,,R.Stevenson,,,,,,,,S.Gilmore,,,,
2023,4,October 1,away,Dallas Cowboys,https://www.pro-football-reference.com/boxscores/202310010dal.htm,4,04:58,2,3,DAL 26,3,38,(4:58) (Shotgun) 4-B.Zappe sacked at DAL 33 for -7 yards (54-S.Williams).,4.257,-1.459,pass,,B.Zappe,,,,S.Williams,,,,,S.Williams,,,,
2023,4,October 1,away,Dallas Cowboys,https://www.pro-football-reference.com/boxscores/202310010dal.htm,4,04:12,3,10,DAL 33,3,38,(4:12) (Shotgun) 4-B.Zappe pass incomplete short right.,2.798,-1.252,pass,,B.Zappe,,,,,,,,,,,,,
2023,4,October 1,away,Dallas Cowboys,https://www.pro-football-reference.com/boxscores/202310010dal.htm,4,04:08,4,10,DAL 33,3,38,"(4:08) 37-C.Ryland 52 yard field goal is No Good, Wide Right, Center-49-J.Cardona, Holder-17-B.Baringer.",1.547,-3.470,field_goal,,,,,,,,C.Ryland,,,,,,,
2023,4,October 1,away,Dallas Cowboys,https://www.pro-football-reference.com/boxscores/202310010dal.htm,4,04:03,1,10,DAL 42,3,38,"(4:03) 42-D.Vaughn left tackle to DAL 45 for 3 yards (90-C.Barmore; 99-K.White).
PENALTY on DAL-67-B.Hoffman, Offensive Holding, 10 yards, enforced at DAL 42 - No Play.",1.923,-0.683,no_play,,,,,,,,,,,,,,,B.Hoffman
2023,4,October 1,away,Dallas Cowboys,https://www.pro-football-reference.com/boxscores/202310010dal.htm,4,03:58,1,20,DAL 32,3,38,(3:58) (Shotgun) 10-C.Rush pass short middle to 18-J.Tolbert to DAL 45 for 13 yards (30-M.Mapu).,1.240,0.327,pass,,C.Rush,,J.Tolbert,,,,,,,M.Mapu,,,,
2023,4,October 1,away,Dallas Cowboys,https://www.pro-football-reference.com/boxscores/202310010dal.htm,4,03:12,2,7,DAL 45,3,38,(3:12) 42-D.Vaughn right tackle to DAL 47 for 2 yards (93-L.Guy).,1.567,0.116,run,,,D.Vaughn,,,,,,,,L.Guy,,,,
2023,4,October 1,away,Dallas Cowboys,https://www.pro-football-reference.com/boxscores/202310010dal.htm,4,02:27,,,DAL 47,3,38,Timeout #2 by DAL at 02:27.,1.682,0.000,no_play,,,,,,,,,,,,,,,
2023,4,October 1,away,Dallas Cowboys,https://www.pro-football-reference.com/boxscores/202310010dal.htm,4,02:27,3,5,DAL 47,3,38,(2:27) (Shotgun) 10-C.Rush pass short right to 18-J.Tolbert to NE 46 for 7 yards (27-M.Bryant).,1.682,1.250,pass,,C.Rush,,J.Tolbert,,,,,,,M.Bryant,,,,
2023,4,October 1,away,Dallas Cowboys,https://www.pro-football-reference.com/boxscores/202310010dal.htm,4,02:00,1,10,NE 46,3,38,(2:00) 10-C.Rush kneels to NE 46 for no gain.,2.932,-0.563,qb_kneel,,,C.Rush,,,,,,,,,,,,
2023,4,October 1,away,Dallas Cowboys,https://www.pro-football-reference.com/boxscores/202310010dal.htm,4,01:20,2,10,NE 46,3,38,(1:20) 10-C.Rush kneels to NE 47 for -1 yards.,2.369,-0.822,qb_kneel,,,C.Rush,,,,,,,,,,,,
2023,4,October 1,away,Dallas Cowboys,https://www.pro-football-reference.com/boxscores/202310010dal.htm,4,00:40,3,11,NE 47,3,38,(:40) 10-C.Rush kneels to NE 48 for -1 yards.,1.548,-1.548,qb_kneel,,,C.Rush,,,,,,,,,,,,
2023,5,October 8,home,New Orleans Saints,https://www.pro-football-reference.com/boxscores/202310080nwe.htm,1,15:00,,,NE 35,0,0,37-C.Ryland kicks 61 yards from NE 35 to NO 4. 22-R.Shaheed to NO 22 for 18 yards (5-J.Peppers).,0.770,-0.374,kickoff,,,,,,,,C.Ryland,R.Shaheed,,J.Peppers,,,,
2023,5,October 8,home,New Orleans Saints,https://www.pro-football-reference.com/boxscores/202310080nwe.htm,1,14:55,1,10,NO 22,0,0,(14:55) (Shotgun) 41-A.Kamara up the middle to NO 25 for 3 yards (8-J.Bentley).,0.396,-0.104,run,,,A.Kamara,,,,,,,,J.Bentley,,,,
2023,5,October 8,home,New Orleans Saints,https://www.pro-football-reference.com/boxscores/202310080nwe.htm,1,14:30,2,7,NO 25,0,0,(14:30) (Shotgun) 4-D.Carr pass short middle to 41-A.Kamara to NO 28 for 3 yards (8-J.Bentley).,0.292,-0.321,pass,,D.Carr,,A.Kamara,,,,,,,J.Bentley,,,,
2023,5,October 8,home,New Orleans Saints,https://www.pro-football-reference.com/boxscores/202310080nwe.htm,1,13:53,3,4,NO 28,0,0,(13:53) (Shotgun) 4-D.Carr pass short right to 13-M.Thomas pushed ob at NO 42 for 14 yards (27-M.Bryant).,-0.029,1.975,pass,,D.Carr,,M.Thomas,,,,,,,M.Bryant,,,,
2023,5,October 8,home,New Orleans Saints,https://www.pro-football-reference.com/boxscores/202310080nwe.htm,1,13:19,1,10,NO 42,0,0,(13:19) 73-M.Garcia reported in as eligible.  4-D.Carr scrambles left tackle to NO 47 for 5 yards (8-J.Bentley).,1.946,0.189,run,,,D.Carr,,,,,,,,J.Bentley,,,,
2023,5,October 8,home,New Orleans Saints,https://www.pro-football-reference.com/boxscores/202310080nwe.htm,1,12:42,2,5,NO 47,0,0,(12:42) 41-A.Kamara right tackle to NE 45 for 8 yards (91-D.Wise).,2.135,0.769,run,,,A.Kamara,,,,,,,,D.Wise,,,,
2023,5,October 8,home,New Orleans Saints,https://www.pro-football-reference.com/boxscores/202310080nwe.htm,1,12:03,1,10,NE 45,0,0,(12:03) 73-M.Garcia reported in as eligible.  4-D.Carr pass incomplete deep left to 12-C.Olave.,2.904,-0.530,pass,,D.Carr,,C.Olave,,,,,,,,,,,
2023,5,October 8,home,New Orleans Saints,https://www.pro-football-reference.com/boxscores/202310080nwe.htm,1,11:58,2,10,NE 45,0,0,"(11:58) NO 7-Hill now at QB. (Shotgun) 41-A.Kamara left tackle to NE 34 for 11 yards (8-J.Bentley; 23-K.Dugger).
Penalty on NE-90-C.Barmore, Defensive Holding, offsetting, enforced at NE 45 - No Play.
Penalty on NO-46-A.Prentice, Offensive Holding, offsetting.",2.373,-0.009,no_play,,,,,,,,,,,,,,,
2023,5,October 8,home,New Orleans Saints,https://www.pro-football-reference.com/boxscores/202310080nwe.htm,1,11:29,2,10,NE 45,0,0,(11:29) NO 4-Carr now at QB. (Shotgun) 4-D.Carr pass incomplete deep left to 13-M.Thomas (26-S.Wade).,2.364,-0.872,pass,,D.Carr,,M.Thomas,,,,,,,,,,,
2023,5,October 8,home,New Orleans Saints,https://www.pro-football-reference.com/boxscores/202310080nwe.htm,1,11:23,3,10,NE 45,0,0,(11:23) (Shotgun) 4-D.Carr sacked at NO 46 for -9 yards (8-J.Bentley).,1.492,-2.375,pass,,D.Carr,,,,J.Bentley,,,,,J.Bentley,,,,
2023,5,October 8,home,New Orleans Saints,https://www.pro-football-reference.com/boxscores/202310080nwe.htm,1,10:39,4,19,NO 46,0,0,"(10:39) 39-L.Hedley punts 46 yards to NE 8, Center-49-Z.Wood, downed by NO-27-I.Yiadom.
PENALTY on NO, Illegal Formation, 5 yards, enforced at NO 46 - No Play.",-0.882,-0.055,no_play,,,,,,,,,,,,,,,
2023,5,October 8,home,New Orleans Saints,https://www.pro-football-reference.com/boxscores/202310080nwe.htm,1,10:28,4,24,NO 41,0,0,"(10:28) 39-L.Hedley punts 53 yards to NE 6, Center-49-Z.Wood, fair catch by 5-J.Peppers.",-0.937,0.676,punt,,,,,,,L.Hedley,,J.Peppers,,,,,,
2023,5,October 8,home,New Orleans Saints,https://www.pro-football-reference.com/boxscores/202310080nwe.htm,1,10:21,1,10,NE 6,0,0,(10:21) 38-R.Stevenson right guard to NE 14 for 8 yards (1-A.Taylor; 56-D.Davis).,0.261,0.335,run,,,R.Stevenson,,,,,,,,A.Taylor,D.Davis,,,
2023,5,October 8,home,New Orleans Saints,https://www.pro-football-reference.com/boxscores/202310080nwe.htm,1,09:41,2,2,NE 14,0,0,(9:41) 10-M.Jones pass incomplete deep right to 84-K.Bourne.,0.596,-0.778,pass,,M.Jones,,K.Bourne,,,,,,,,,,,
2023,5,October 8,home,New Orleans Saints,https://www.pro-football-reference.com/boxscores/202310080nwe.htm,1,09:37,3,2,NE 14,0,0,(9:37) (Shotgun) 10-M.Jones pass incomplete deep left to 85-H.Henry.,-0.182,-1.610,pass,,M.Jones,,H.Henry,,,,,,,,,,,
2023,5,October 8,home,New Orleans Saints,https://www.pro-football-reference.com/boxscores/202310080nwe.htm,1,09:32,4,2,NE 14,0,0,"(9:32) 17-B.Baringer punts 26 yards to NE 40, Center-49-J.Cardona, out of bounds.",-1.791,-1.453,punt,,,,,,,B.Baringer,,,,,,,,
2023,5,October 8,home,New Orleans Saints,https://www.pro-football-reference.com/boxscores/202310080nwe.htm,1,09:25,1,10,NE 40,0,0,(9:25) 41-A.Kamara right end to NE 36 for 4 yards (91-D.Wise).,3.244,-0.181,run,,,A.Kamara,,,,,,,,D.Wise,,,,
2023,5,October 8,home,New Orleans Saints,https://www.pro-football-reference.com/boxscores/202310080nwe.htm,1,08:56,2,6,NE 36,0,0,(8:56) (Shotgun) 4-D.Carr pass short right to 41-A.Kamara ran ob at NE 34 for 2 yards (29-J.Jackson).,3.064,-0.405,pass,,D.Carr,,A.Kamara,,,,,,,J.Jackson,,,,
2023,5,October 8,home,New Orleans Saints,https://www.pro-football-reference.com/boxscores/202310080nwe.htm,1,08:23,3,4,NE 34,0,0,"(8:23) (Shotgun) PENALTY on NO-12-C.Olave, False Start, 5 yards, enforced at NE 34 - No Play.",2.659,-0.835,no_play,,,,,,,,,,,,,,,C.Olave
2023,5,October 8,home,New Orleans Saints,https://www.pro-football-reference.com/boxscores/202310080nwe.htm,1,08:02,3,9,NE 39,0,0,(8:02) (Shotgun) 4-D.Carr pass incomplete short left to 80-J.Graham.,1.824,-1.904,pass,,D.Carr,,J.Graham,,,,,,,,,,,
2023,5,October 8,home,New Orleans Saints,https://www.pro-football-reference.com/boxscores/202310080nwe.htm,1,07:58,4,9,NE 39,0,0,"(7:58) 39-L.Hedley punts 39 yards to end zone, Center-49-Z.Wood, Touchback.",-0.080,-0.860,punt,,,,,,,L.Hedley,,,,,,,,
2023,5,October 8,home,New Orleans Saints,https://www.pro-football-reference.com/boxscores/202310080nwe.htm,1,07:49,1,10,NE 20,0,0,(7:49) 38-R.Stevenson up the middle to NE 24 for 4 yards (96-C.Granderson; 93-N.Shepherd).,0.940,-0.242,run,,,R.Stevenson,,,,,,,,C.Granderson,N.Shepherd,,,
2023,5,October 8,home,New Orleans Saints,https://www.pro-football-reference.com/boxscores/202310080nwe.htm,1,07:16,2,6,NE 24,0,0,(7:16) 10-M.Jones pass incomplete short middle to 38-R.Stevenson.,0.698,-0.796,pass,,M.Jones,,R.Stevenson,,,,,,,,,,,
2023,5,October 8,home,New Orleans Saints,https://www.pro-football-reference.com/boxscores/202310080nwe.htm,1,07:11,3,6,NE 24,0,6,"(7:11) (Shotgun) 10-M.Jones pass short middle intended for 38-R.Stevenson INTERCEPTED by 32-T.Mathieu [96-C.Granderson] at NE 27. 32-T.Mathieu for 27 yards, TOUCHDOWN.",-0.098,-6.902,pass,,M.Jones,,R.Stevenson,T.Mathieu,,,,,,,,,,
2023,5,October 8,home,New Orleans Saints,https://www.pro-football-reference.com/boxscores/202310080nwe.htm,1,07:02,,,NE 15,0,7,"19-B.Grupe extra point is GOOD, Center-49-Z.Wood, Holder-39-L.Hedley.",0.932,0.068,extra_point,,,,,,,,B.Grupe,,,,,,,
2023,5,October 8,home,New Orleans Saints,https://www.pro-football-reference.com/boxscores/202310080nwe.htm,1,07:02,,,NO 35,0,7,"19-B.Grupe kicks 67 yards from NO 35 to NE -2. 14-T.Montgomery to NE 21 for 23 yards (42-T.Summers, 52-D.Jackson).",1.406,-0.461,kickoff,,,,,,,,B.Grupe,T.Montgomery,,D.Jackson,,,,
2023,5,October 8,home,New Orleans Saints,https://www.pro-football-reference.com/boxscores/202310080nwe.htm,1,06:57,1,10,NE 21,0,7,(6:57) (Shotgun) 10-M.Jones pass short right to 15-E.Elliott pushed ob at NE 24 for 3 yards (1-A.Taylor).,0.945,-0.339,pass,,M.Jones,,E.Elliott,,,,,,,A.Taylor,,,,
2023,5,October 8,home,New Orleans Saints,https://www.pro-football-reference.com/boxscores/202310080nwe.htm,1,06:29,2,7,NE 24,0,7,(6:29) 14-T.Montgomery right end ran ob at NE 24 for no gain (92-T.Kpassagnon).,0.606,-0.404,run,,,T.Montgomery,,,,,,,,T.Kpassagnon,,,,
2023,5,October 8,home,New Orleans Saints,https://www.pro-football-reference.com/boxscores/202310080nwe.htm,1,05:47,3,7,NE 24,0,7,"(5:47) (Shotgun) 10-M.Jones pass deep left to 81-D.Douglas to NE 48 for 24 yards (23-M.Lattimore).
PENALTY on NO-23-M.Lattimore, Unnecessary Roughness, 15 yards, enforced at NE 48.
New Orleans challenged the pass completion ruling, and the play was Upheld. The ruling on the field stands. (Timeout #1.)",0.202,3.714,pass,,M.Jones,,D.Douglas,,,,,,,M.Lattimore,,,,M.Lattimore
2023,5,October 8,home,New Orleans Saints,https://www.pro-football-reference.com/boxscores/202310080nwe.htm,1,05:36,1,10,NO 37,0,7,(5:36) (Shotgun) 15-E.Elliott left guard to NO 34 for 3 yards (93-N.Shepherd).,3.916,-0.346,run,,,E.Elliott,,,,,,,,N.Shepherd,,,,
2023,5,October 8,home,New Orleans Saints,https://www.pro-football-reference.com/boxscores/202310080nwe.htm,1,05:01,2,7,NO 34,0,7,(5:01) (Shotgun) 15-E.Elliott left end to NO 38 for -4 yards (96-C.Granderson).,3.570,-1.529,run,,,E.Elliott,,,,,,,,C.Granderson,,,,
2023,5,October 8,home,New Orleans Saints,https://www.pro-football-reference.com/boxscores/202310080nwe.htm,1,04:21,3,11,NO 38,0,7,(4:21) (Shotgun) 10-M.Jones pass short left to 88-M.Gesicki pushed ob at NO 30 for 8 yards (24-J.Abram).,2.041,-0.682,pass,,M.Jones,,M.Gesicki,,,,,,,J.Abram,,,,
2023,5,October 8,home,New Orleans Saints,https://www.pro-football-reference.com/boxscores/202310080nwe.htm,1,03:45,4,3,NO 30,0,7,"(3:45) 37-C.Ryland 48 yard field goal is No Good, Wide Left, Center-49-J.Cardona, Holder-17-B.Baringer.",1.358,-2.624,field_goal,,,,,,,,C.Ryland,,,,,,,
2023,5,October 8,home,New Orleans Saints,https://www.pro-football-reference.com/boxscores/202310080nwe.htm,1,03:39,1,10,NO 38,0,7,"(3:39) 25-K.Miller right guard to NO 41 for 3 yards (92-D.Godchaux, 91-D.Wise).",1.265,-0.228,run,,,K.Miller,,,,,,,,D.Wise,,,,
2023,5,October 8,home,New Orleans Saints,https://www.pro-football-reference.com/boxscores/202310080nwe.htm,1,02:57,2,7,NO 41,0,7,"(2:57) NO 7-Hill now at QB. (Shotgun) 
PENALTY on NO-87-F.Moreau, False Start, 5 yards, enforced at NO 41 - No Play.",1.037,-0.249,no_play,,,,,,,,,,,,,,,F.Moreau
2023,5,October 8,home,New Orleans Saints,https://www.pro-football-reference.com/boxscores/202310080nwe.htm,1,02:43,,,NO 36,0,7,Timeout #1 by NE at 02:43.,0.788,0.000,no_play,,,,,,,,,,,,,,,
2023,5,October 8,home,New Orleans Saints,https://www.pro-football-reference.com/boxscores/202310080nwe.htm,1,02:43,2,12,NO 36,0,7,(2:43) NO 4-Carr now at QB. 4-D.Carr pass short right to 7-T.Hill to NO 37 for 1 yard (23-K.Dugger).,0.788,-0.747,pass,,D.Carr,,T.Hill,,,,,,,K.Dugger,,,,
2023,5,October 8,home,New Orleans Saints,https://www.pro-football-reference.com/boxscores/202310080nwe.htm,1,02:03,3,11,NO 37,0,7,(2:03) (Shotgun) 4-D.Carr pass deep middle to 13-M.Thomas to NE 37 for 26 yards (2-J.Mills).,0.041,3.366,pass,,D.Carr,,M.Thomas,,,,,,,J.Mills,,,,
2023,5,October 8,home,New Orleans Saints,https://www.pro-football-reference.com/boxscores/202310080nwe.htm,1,01:29,1,10,NE 37,0,7,(1:29) 41-A.Kamara up the middle to NE 33 for 4 yards (33-A.Jennings; 8-J.Bentley).,3.407,-0.101,run,,,A.Kamara,,,,,,,,A.Jennings,J.Bentley,,,
2023,5,October 8,home,New Orleans Saints,https://www.pro-football-reference.com/boxscores/202310080nwe.htm,1,01:00,2,6,NE 33,0,7,(1:00) (Shotgun) 4-D.Carr pass deep left to 22-R.Shaheed to NE 8 for 25 yards (5-J.Peppers).,3.306,2.006,pass,,D.Carr,,R.Shaheed,,,,,,,J.Peppers,,,,
2023,5,October 8,home,New Orleans Saints,https://www.pro-football-reference.com/boxscores/202310080nwe.htm,1,00:24,1,8,NE 8,0,7,(:24) (Shotgun) 41-A.Kamara up the middle to NE 5 for 3 yards (91-D.Wise; 21-A.Phillips).,5.313,-0.043,run,,,A.Kamara,,,,,,,,D.Wise,A.Phillips,,,
2023,5,October 8,home,New Orleans Saints,https://www.pro-football-reference.com/boxscores/202310080nwe.htm,2,15:00,2,5,NE 5,0,7,(15:00) NO 7-Hill now at QB. (Shotgun) 41-A.Kamara up the middle to NE 2 for 3 yards (48-Ja.Tavai).,5.269,-0.303,run,,,A.Kamara,,,,,,,,Ja.Tavai,,,,
2023,5,October 8,home,New Orleans Saints,https://www.pro-football-reference.com/boxscores/202310080nwe.htm,2,14:27,3,2,NE 2,0,13,"(14:27) NO 4-Carr now at QB. 73-M.Garcia reported in as eligible.  41-A.Kamara right guard for 2 yards, TOUCHDOWN.",4.966,2.034,run,,,A.Kamara,,,,,,,,,,,,
2023,5,October 8,home,New Orleans Saints,https://www.pro-football-reference.com/boxscores/202310080nwe.htm,2,14:23,,,NE 15,0,14,"19-B.Grupe extra point is GOOD, Center-49-Z.Wood, Holder-39-L.Hedley.",0.932,0.068,extra_point,,,,,,,,B.Grupe,,,,,,,
2023,5,October 8,home,New Orleans Saints,https://www.pro-football-reference.com/boxscores/202310080nwe.htm,2,14:23,,,NO 35,0,14,19-B.Grupe kicks 67 yards from NO 35 to NE -2. 14-T.Montgomery to NE 17 for 19 yards (52-D.Jackson).,1.149,-0.494,kickoff,,,,,,,,B.Grupe,T.Montgomery,,D.Jackson,,,,
2023,5,October 8,home,New Orleans Saints,https://www.pro-football-reference.com/boxscores/202310080nwe.htm,2,14:18,1,10,NE 17,0,14,(14:18) (Shotgun) 10-M.Jones pass incomplete short right to 81-D.Douglas.,0.656,-0.550,pass,,M.Jones,,D.Douglas,,,,,,,,,,,
2023,5,October 8,home,New Orleans Saints,https://www.pro-football-reference.com/boxscores/202310080nwe.htm,2,14:14,2,10,NE 17,0,14,(14:14) 38-R.Stevenson right tackle to NE 21 for 4 yards (97-M.Roach; 56-D.Davis).,0.105,-0.407,run,,,R.Stevenson,,,,,,,,M.Roach,D.Davis,,,
2023,5,October 8,home,New Orleans Saints,https://www.pro-football-reference.com/boxscores/202310080nwe.htm,2,13:35,3,6,NE 21,0,14,(13:35) (Shotgun) 10-M.Jones pass incomplete deep right to 1-D.Parker (29-P.Adebo).,-0.301,-1.241,pass,,M.Jones,,D.Parker,,,,,,,,,,,
2023,5,October 8,home,New Orleans Saints,https://www.pro-football-reference.com/boxscores/202310080nwe.htm,2,13:30,4,6,NE 21,0,14,"(13:30) 17-B.Baringer punts 43 yards to NO 36, Center-49-J.Cardona, out of bounds.
PENALTY on NE-18-M.Slater, Illegal Touch Kick, 5 yards, enforced at NO 36.",-1.543,-0.335,punt,,,,,,,B.Baringer,,,,,,,,M.Slater
2023,5,October 8,home,New Orleans Saints,https://www.pro-football-reference.com/boxscores/202310080nwe.htm,2,13:22,1,10,NO 41,0,14,(13:22) 4-D.Carr pass short right to 25-K.Miller to NE 26 for 33 yards (21-A.Phillips).,1.878,2.272,pass,,D.Carr,,K.Miller,,,,,,,A.Phillips,,,,
2023,5,October 8,home,New Orleans Saints,https://www.pro-football-reference.com/boxscores/202310080nwe.htm,2,12:43,1,10,NE 26,0,14,(12:43) 41-A.Kamara right guard to NE 19 for 7 yards (8-J.Bentley; 23-K.Dugger).,4.150,0.293,run,,,A.Kamara,,,,,,,,J.Bentley,K.Dugger,,,
2023,5,October 8,home,New Orleans Saints,https://www.pro-football-reference.com/boxscores/202310080nwe.htm,2,12:06,2,3,NE 19,0,14,(12:06) NO 7-Hill now at QB. (Shotgun) 7-T.Hill scrambles right end pushed ob at NE 7 for 12 yards (55-J.Uche).,4.444,0.892,run,,,T.Hill,,,,,,,,J.Uche,,,,
2023,5,October 8,home,New Orleans Saints,https://www.pro-football-reference.com/boxscores/202310080nwe.htm,2,11:28,1,7,NE 7,0,14,(11:28) NO 4-Carr now at QB. 41-A.Kamara right guard to NE 5 for 2 yards (93-L.Guy).,5.336,-0.123,run,,,A.Kamara,,,,,,,,L.Guy,,,,
2023,5,October 8,home,New Orleans Saints,https://www.pro-football-reference.com/boxscores/202310080nwe.htm,2,10:53,2,5,NE 5,0,20,"(10:53) 4-D.Carr pass short middle to 12-C.Olave for 5 yards, TOUCHDOWN.",5.213,1.787,pass,,D.Carr,,C.Olave,,,,,,,,,,,
2023,5,October 8,home,New Orleans Saints,https://www.pro-football-reference.com/boxscores/202310080nwe.htm,2,10:47,,,NE 15,0,21,"19-B.Grupe extra point is GOOD, Center-49-Z.Wood, Holder-39-L.Hedley.",0.932,0.068,extra_point,,,,,,,,B.Grupe,,,,,,,
2023,5,October 8,home,New Orleans Saints,https://www.pro-football-reference.com/boxscores/202310080nwe.htm,2,10:47,,,NO 35,0,21,"19-B.Grupe kicks 65 yards from NO 35 to end zone, Touchback.",1.168,0.000,kickoff,,,,,,,,B.Grupe,,,,,,,
2023,5,October 8,home,New Orleans Saints,https://www.pro-football-reference.com/boxscores/202310080nwe.htm,2,10:47,1,10,NE 25,0,21,(10:47) 15-E.Elliott left tackle to NE 33 for 8 yards (23-M.Lattimore).,1.168,0.425,run,,,E.Elliott,,,,,,,,M.Lattimore,,,,
2023,5,October 8,home,New Orleans Saints,https://www.pro-football-reference.com/boxscores/202310080nwe.htm,2,10:18,2,2,NE 33,0,21,"(10:18) (Shotgun) 15-E.Elliott right tackle to NE 35 for 2 yards (23-M.Lattimore, 99-K.Saunders).",1.593,-0.039,run,,,E.Elliott,,,,,,,,K.Saunders,,,,
2023,5,October 8,home,New Orleans Saints,https://www.pro-football-reference.com/boxscores/202310080nwe.htm,2,09:40,1,10,NE 35,0,21,(9:40) (Shotgun) 10-M.Jones pass short right to 15-E.Elliott to NE 37 for 2 yards (56-D.Davis).,1.555,-0.252,pass,,M.Jones,,E.Elliott,,,,,,,D.Davis,,,,
2023,5,October 8,home,New Orleans Saints,https://www.pro-football-reference.com/boxscores/202310080nwe.htm,2,08:59,2,8,NE 37,0,21,"(8:59) PENALTY on NE-84-K.Bourne, False Start, 5 yards, enforced at NE 37 - No Play.",1.303,-0.603,no_play,,,,,,,,,,,,,,,K.Bourne
2023,5,October 8,home,New Orleans Saints,https://www.pro-football-reference.com/boxscores/202310080nwe.htm,2,08:43,2,13,NE 32,0,21,"(8:43) (Shotgun) 10-M.Jones pass short right to 15-E.Elliott to NE 37 for 5 yards (29-P.Adebo).
PENALTY on NO-90-B.Bresee, Illegal Use of Hands, 5 yards, enforced at NE 32 - No Play.",0.700,1.079,no_play,,,,,,,,,,,,,,,B.Bresee
2023,5,October 8,home,New Orleans Saints,https://www.pro-football-reference.com/boxscores/202310080nwe.htm,2,08:15,1,10,NE 37,0,21,(8:15) (Shotgun) 10-M.Jones pass short right to 7-J.Smith-Schuster pushed ob at NE 39 for 2 yards (31-J.Howden).,1.780,-0.314,pass,,M.Jones,,J.Smith-Schuster,,,,,,,J.Howden,,,,
2023,5,October 8,home,New Orleans Saints,https://www.pro-football-reference.com/boxscores/202310080nwe.htm,2,07:40,2,8,NE 39,0,21,"(7:40) 38-R.Stevenson right end to NE 39 for no gain (29-P.Adebo, 23-M.Lattimore).",1.465,-0.744,run,,,R.Stevenson,,,,,,,,M.Lattimore,,,,
2023,5,October 8,home,New Orleans Saints,https://www.pro-football-reference.com/boxscores/202310080nwe.htm,2,06:58,3,8,NE 39,0,21,(6:58) (Shotgun) 10-M.Jones pass incomplete deep right to 1-D.Parker (29-P.Adebo).,0.722,-1.234,pass,,M.Jones,,D.Parker,,,,,,,,,,,
2023,5,October 8,home,New Orleans Saints,https://www.pro-football-reference.com/boxscores/202310080nwe.htm,2,06:52,4,8,NE 39,0,21,"(6:52) 17-B.Baringer punts 45 yards to NO 16, Center-49-J.Cardona, fair catch by 22-R.Shaheed.",-0.512,0.223,punt,,,,,,,B.Baringer,,R.Shaheed,,,,,,
2023,5,October 8,home,New Orleans Saints,https://www.pro-football-reference.com/boxscores/202310080nwe.htm,2,06:44,1,10,NO 16,0,21,(6:44) 25-K.Miller right end pushed ob at NO 18 for 2 yards (31-Jo.Jones; 8-J.Bentley).,0.290,-0.357,run,,,K.Miller,,,,,,,,Jo.Jones,J.Bentley,,,
2023,5,October 8,home,New Orleans Saints,https://www.pro-football-reference.com/boxscores/202310080nwe.htm,2,06:05,2,8,NO 18,0,21,"(6:05) (Shotgun) 4-D.Carr pass short right to 25-K.Miller to NO 29 for 11 yards (31-Jo.Jones, 23-K.Dugger).",-0.067,1.143,pass,,D.Carr,,K.Miller,,,,,,,K.Dugger,,,,
2023,5,October 8,home,New Orleans Saints,https://www.pro-football-reference.com/boxscores/202310080nwe.htm,2,05:26,1,10,NO 29,0,21,"(5:26) 25-K.Miller right end to NO 33 for 4 yards (48-Ja.Tavai, 8-J.Bentley).",1.076,-0.178,run,,,K.Miller,,,,,,,,J.Bentley,,,,
2023,5,October 8,home,New Orleans Saints,https://www.pro-football-reference.com/boxscores/202310080nwe.htm,2,04:48,2,6,NO 33,0,21,(4:48) (Shotgun) 4-D.Carr pass short right to 13-M.Thomas to NO 45 for 12 yards (26-S.Wade).,0.898,1.014,pass,,D.Carr,,M.Thomas,,,,,,,S.Wade,,,,
2023,5,October 8,home,New Orleans Saints,https://www.pro-football-reference.com/boxscores/202310080nwe.htm,2,04:13,1,10,NO 45,0,21,"(4:13) NO 7-Hill now at QB. (Shotgun) 7-T.Hill right guard to NE 49 for 6 yards (31-Jo.Jones, 48-Ja.Tavai).",1.913,0.176,run,,,T.Hill,,,,,,,,Ja.Tavai,,,,
2023,5,October 8,home,New Orleans Saints,https://www.pro-football-reference.com/boxscores/202310080nwe.htm,2,03:32,2,4,NE 49,0,21,(3:32) NO 4-Carr now at QB. 41-A.Kamara right tackle to NE 43 for 6 yards (90-C.Barmore).,2.088,0.384,run,,,A.Kamara,,,,,,,,C.Barmore,,,,
2023,5,October 8,home,New Orleans Saints,https://www.pro-football-reference.com/boxscores/202310080nwe.htm,2,02:49,1,10,NE 43,0,21,"(2:49) 73-M.Garcia reported in as eligible.  PENALTY on NO-87-F.Moreau, False Start, 5 yards, enforced at NE 43 - No Play.",2.472,-0.361,no_play,,,,,,,,,,,,,,,F.Moreau
2023,5,October 8,home,New Orleans Saints,https://www.pro-football-reference.com/boxscores/202310080nwe.htm,2,02:36,1,15,NE 48,0,21,(2:36) 4-D.Carr pass short right to 12-C.Olave ran ob at NE 41 for 7 yards.,2.111,0.108,pass,,D.Carr,,C.Olave,,,,,,,,,,,
2023,5,October 8,home,New Orleans Saints,https://www.pro-football-reference.com/boxscores/202310080nwe.htm,2,02:00,2,8,NE 41,0,21,(2:00) (Shotgun) 41-A.Kamara right tackle to NE 41 for no gain (33-A.Jennings).,2.219,-0.428,run,,,A.Kamara,,,,,,,,A.Jennings,,,,
2023,5,October 8,home,New Orleans Saints,https://www.pro-football-reference.com/boxscores/202310080nwe.htm,2,01:17,3,8,NE 41,0,21,(1:17) (Shotgun) 4-D.Carr pass incomplete deep left to 12-C.Olave.,1.790,-1.317,pass,,D.Carr,,C.Olave,,,,,,,,,,,
2023,5,October 8,home,New Orleans Saints,https://www.pro-football-reference.com/boxscores/202310080nwe.htm,2,01:11,4,8,NE 41,0,21,"(1:11) 39-L.Hedley punts 22 yards to NE 19, Center-49-Z.Wood. 5-J.Peppers MUFFS catch, touched at NE 18, ball out of bounds at NE 18.",0.473,-0.955,punt,,,,,,,L.Hedley,,J.Peppers,,,,,,
2023,5,October 8,home,New Orleans Saints,https://www.pro-football-reference.com/boxscores/202310080nwe.htm,2,01:03,1,10,NE 18,0,21,"(1:03) (Shotgun) 10-M.Jones pass incomplete short right to 1-D.Parker.
The Replay Official reviewed the incomplete pass ruling, and the play was REVERSED.
(Shotgun) 10-M.Jones pass short right to 1-D.Parker ran ob at NE 32 for 14 yards.",0.482,0.358,pass,,M.Jones,,D.Parker,,,,,,,,,,,
2023,5,October 8,home,New Orleans Saints,https://www.pro-football-reference.com/boxscores/202310080nwe.htm,2,00:59,1,10,NE 32,0,21,(:59) (Shotgun) 10-M.Jones pass short middle to 84-K.Bourne to NE 47 for 15 yards (56-D.Davis).,0.839,0.691,pass,,M.Jones,,K.Bourne,,,,,,,D.Davis,,,,
2023,5,October 8,home,New Orleans Saints,https://www.pro-football-reference.com/boxscores/202310080nwe.htm,2,00:42,1,10,NE 47,0,21,"(:42) (No Huddle, Shotgun) 10-M.Jones pass short right to 84-K.Bourne ran ob at NO 42 for 11 yards.
PENALTY on NO-29-P.Adebo, Defensive Pass Interference, 12 yards, enforced at NE 47 - No Play.",1.531,0.735,no_play,,,,,,,,,,,,,,,P.Adebo
2023,5,October 8,home,New Orleans Saints,https://www.pro-football-reference.com/boxscores/202310080nwe.htm,2,00:37,1,10,NO 41,0,21,(:37) (Shotgun) 10-M.Jones sacked at NO 49 for -8 yards (sack split by 92-T.Kpassagnon and 94-C.Jordan).,2.266,-0.980,pass,,M.Jones,,,,T.Kpassagnon,,,,,T.Kpassagnon,C.Jordan,,,
2023,5,October 8,home,New Orleans Saints,https://www.pro-football-reference.com/boxscores/202310080nwe.htm,2,00:34,,,NO 49,0,21,Timeout #2 by NE at 00:34.,1.286,0.000,no_play,,,,,,,,,,,,,,,
2023,5,October 8,home,New Orleans Saints,https://www.pro-football-reference.com/boxscores/202310080nwe.htm,2,00:34,2,18,NO 49,0,21,(:34) (Shotgun) 10-M.Jones pass short left to 15-E.Elliott to NO 45 for 4 yards (1-A.Taylor).,1.286,-0.056,pass,,M.Jones,,E.Elliott,,,,,,,A.Taylor,,,,
2023,5,October 8,home,New Orleans Saints,https://www.pro-football-reference.com/boxscores/202310080nwe.htm,2,00:23,3,14,NO 45,0,21,"(:23) (No Huddle, Shotgun) 10-M.Jones sacked at NE 42 for -13 yards (96-C.Granderson).",1.230,-1.156,pass,,M.Jones,,,,C.Granderson,,,,,C.Granderson,,,,
2023,5,October 8,home,New Orleans Saints,https://www.pro-football-reference.com/boxscores/202310080nwe.htm,2,00:15,,,NE 42,0,21,Timeout #2 by NO at 00:15.,0.074,0.000,no_play,,,,,,,,,,,,,,,
2023,5,October 8,home,New Orleans Saints,https://www.pro-football-reference.com/boxscores/202310080nwe.htm,2,00:15,4,27,NE 42,0,21,"(:15) 17-B.Baringer punts 54 yards to NO 4, Center-49-J.Cardona. 22-R.Shaheed ran ob at NO 14 for 10 yards (18-M.Slater).",0.074,-0.074,punt,,,,,,,B.Baringer,,R.Shaheed,,M.Slater,,,,
2023,5,October 8,home,New Orleans Saints,https://www.pro-football-reference.com/boxscores/202310080nwe.htm,2,00:05,1,10,NO 14,0,21,(:05) 4-D.Carr kneels to NO 13 for -1 yards.,0.000,0.000,qb_kneel,,,D.Carr,,,,,,,,,,,,
2023,5,October 8,home,New Orleans Saints,https://www.pro-football-reference.com/boxscores/202310080nwe.htm,3,15:00,,,NO 35,0,21,"19-B.Grupe kicks 65 yards from NO 35 to end zone, Touchback.",1.474,0.000,kickoff,,,,,,,,B.Grupe,,,,,,,
2023,5,October 8,home,New Orleans Saints,https://www.pro-football-reference.com/boxscores/202310080nwe.htm,3,15:00,1,10,NE 25,0,21,(15:00) 10-M.Jones pass short left to 7-J.Smith-Schuster to NE 26 for 1 yard (1-A.Taylor).,1.474,-0.556,pass,,M.Jones,,J.Smith-Schuster,,,,,,,A.Taylor,,,,
2023,5,October 8,home,New Orleans Saints,https://www.pro-football-reference.com/boxscores/202310080nwe.htm,3,14:29,2,9,NE 26,0,21,(14:29) 38-R.Stevenson left guard to NE 34 for 8 yards (20-P.Werner).,0.918,0.909,run,,,R.Stevenson,,,,,,,,P.Werner,,,,
2023,5,October 8,home,New Orleans Saints,https://www.pro-football-reference.com/boxscores/202310080nwe.htm,3,14:04,3,1,NE 34,0,21,"(14:04) 10-M.Jones FUMBLES (Aborted) at NE 29, RECOVERED by NO-94-C.Jordan at NE 29.",1.827,-5.830,run,,,M.Jones,,,,,,,,,,,C.Jordan,
2023,5,October 8,home,New Orleans Saints,https://www.pro-football-reference.com/boxscores/202310080nwe.htm,3,14:00,1,10,NE 29,0,21,"(14:00) 4-D.Carr pass short right to 18-K.Kirkwood to NE 28 for 1 yard (48-Ja.Tavai, 33-A.Jennings).",4.003,-0.366,pass,,D.Carr,,K.Kirkwood,,,,,,,A.Jennings,,,,
2023,5,October 8,home,New Orleans Saints,https://www.pro-football-reference.com/boxscores/202310080nwe.htm,3,13:25,2,9,NE 28,0,21,(13:25) (Shotgun) 41-A.Kamara right tackle to NE 24 for 4 yards (91-D.Wise).,3.636,0.015,run,,,A.Kamara,,,,,,,,D.Wise,,,,
2023,5,October 8,home,New Orleans Saints,https://www.pro-football-reference.com/boxscores/202310080nwe.htm,3,12:45,3,5,NE 24,0,21,"(12:45) (Shotgun) PENALTY on NO-22-R.Shaheed, False Start, 5 yards, enforced at NE 24 - No Play.",3.651,-0.739,no_play,,,,,,,,,,,,,,,R.Shaheed
2023,5,October 8,home,New Orleans Saints,https://www.pro-football-reference.com/boxscores/202310080nwe.htm,3,12:21,3,10,NE 29,0,21,(12:21) (Shotgun) 4-D.Carr sacked at NE 35 for -6 yards (27-M.Bryant).,2.912,-2.000,pass,,D.Carr,,,,M.Bryant,,,,,M.Bryant,,,,
2023,5,October 8,home,New Orleans Saints,https://www.pro-football-reference.com/boxscores/202310080nwe.htm,3,11:40,4,16,NE 35,0,24,"(11:40) 19-B.Grupe 54 yard field goal is GOOD, Center-49-Z.Wood, Holder-39-L.Hedley.",0.912,2.088,field_goal,,,,,,,,B.Grupe,,,,,,,
2023,5,October 8,home,New Orleans Saints,https://www.pro-football-reference.com/boxscores/202310080nwe.htm,3,11:34,,,NO 35,0,24,"19-B.Grupe kicks 65 yards from NO 35 to end zone, Touchback.",1.436,0.000,kickoff,,,,,,,,B.Grupe,,,,,,,
2023,5,October 8,home,New Orleans Saints,https://www.pro-football-reference.com/boxscores/202310080nwe.htm,3,11:34,1,10,NE 25,0,24,(11:34) 10-M.Jones pass deep left to 84-K.Bourne to NO 47 for 28 yards (29-P.Adebo).,1.436,1.773,pass,,M.Jones,,K.Bourne,,,,,,,P.Adebo,,,,
2023,5,October 8,home,New Orleans Saints,https://www.pro-football-reference.com/boxscores/202310080nwe.htm,3,11:02,1,10,NO 47,0,24,"(11:02) 15-E.Elliott left guard to NO 46 for 1 yard (20-P.Werner, 97-M.Roach).",3.209,-0.525,run,,,E.Elliott,,,,,,,,M.Roach,,,,
2023,5,October 8,home,New Orleans Saints,https://www.pro-football-reference.com/boxscores/202310080nwe.htm,3,10:34,2,9,NO 46,0,24,(10:34) (Shotgun) 10-M.Jones pass short left to 1-D.Parker to NO 40 for 6 yards (23-M.Lattimore).,2.684,0.007,pass,,M.Jones,,D.Parker,,,,,,,M.Lattimore,,,,
2023,5,October 8,home,New Orleans Saints,https://www.pro-football-reference.com/boxscores/202310080nwe.htm,3,09:59,3,3,NO 40,0,24,(9:59) (Shotgun) 10-M.Jones pass incomplete short middle to 7-J.Smith-Schuster (97-M.Roach).,2.692,-1.914,pass,,M.Jones,,J.Smith-Schuster,,,,,,,,,,,
2023,5,October 8,home,New Orleans Saints,https://www.pro-football-reference.com/boxscores/202310080nwe.htm,3,09:55,4,3,NO 40,0,24,"(9:55) 17-B.Baringer punts 27 yards to NO 13, Center-49-J.Cardona, fair catch by 22-R.Shaheed.",0.778,-0.747,punt,,,,,,,B.Baringer,,R.Shaheed,,,,,,
2023,5,October 8,home,New Orleans Saints,https://www.pro-football-reference.com/boxscores/202310080nwe.htm,3,09:48,1,10,NO 13,0,24,(9:48) 41-A.Kamara left guard to NO 16 for 3 yards (92-D.Godchaux).,-0.030,-0.277,run,,,A.Kamara,,,,,,,,D.Godchaux,,,,
2023,5,October 8,home,New Orleans Saints,https://www.pro-football-reference.com/boxscores/202310080nwe.htm,3,09:12,2,7,NO 16,0,24,(9:12) (Shotgun) 4-D.Carr pass short right to 22-R.Shaheed ran ob at NO 19 for 3 yards (27-M.Bryant).,-0.307,-0.338,pass,,D.Carr,,R.Shaheed,,,,,,,M.Bryant,,,,
2023,5,October 8,home,New Orleans Saints,https://www.pro-football-reference.com/boxscores/202310080nwe.htm,3,08:41,3,4,NO 19,0,24,(8:41) (Shotgun) 41-A.Kamara left end to NO 21 for 2 yards (31-Jo.Jones; 27-M.Bryant).,-0.644,-1.218,run,,,A.Kamara,,,,,,,,Jo.Jones,M.Bryant,,,
2023,5,October 8,home,New Orleans Saints,https://www.pro-football-reference.com/boxscores/202310080nwe.htm,3,07:59,4,2,NO 21,0,24,"(7:59) 39-L.Hedley punts 44 yards to NE 35, Center-49-Z.Wood, fair catch by 5-J.Peppers.",-1.862,-0.122,punt,,,,,,,L.Hedley,,J.Peppers,,,,,,
2023,5,October 8,home,New Orleans Saints,https://www.pro-football-reference.com/boxscores/202310080nwe.htm,3,07:52,1,10,NE 35,0,24,(7:52) 38-R.Stevenson left end to NE 30 for -5 yards (96-C.Granderson).,1.984,-1.137,run,,,R.Stevenson,,,,,,,,C.Granderson,,,,
2023,5,October 8,home,New Orleans Saints,https://www.pro-football-reference.com/boxscores/202310080nwe.htm,3,07:18,2,15,NE 30,0,24,(7:18) (Shotgun) 10-M.Jones pass short left to 7-J.Smith-Schuster to NE 33 for 3 yards (56-D.Davis; 24-J.Abram). NE-7-J.Smith-Schuster was injured during the play.,0.847,-0.587,pass,,M.Jones,,J.Smith-Schuster,,,,,,,D.Davis,J.Abram,,,
2023,5,October 8,home,New Orleans Saints,https://www.pro-football-reference.com/boxscores/202310080nwe.htm,3,06:57,3,12,NE 33,0,24,(6:57) (Shotgun) 10-M.Jones pass incomplete short middle to 88-M.Gesicki (56-D.Davis).,0.260,-1.177,pass,,M.Jones,,M.Gesicki,,,,,,,,,,,
2023,5,October 8,home,New Orleans Saints,https://www.pro-football-reference.com/boxscores/202310080nwe.htm,3,06:51,4,12,NE 33,0,24,"(6:51) 17-B.Baringer punts 57 yards to NO 10, Center-49-J.Cardona. 22-R.Shaheed to NO 26 for 16 yards (21-A.Phillips).
PENALTY on NO-1-A.Taylor, Offensive Holding, 5 yards, enforced at NO 10.",-0.918,1.230,punt,,,,,,,B.Baringer,,R.Shaheed,,A.Phillips,,,,A.Taylor
2023,5,October 8,home,New Orleans Saints,https://www.pro-football-reference.com/boxscores/202310080nwe.htm,3,06:39,1,10,NO 5,0,24,(6:39) 73-M.Garcia reported in as eligible.  4-D.Carr pass incomplete deep left to 13-M.Thomas.,-0.312,-0.594,pass,,D.Carr,,M.Thomas,,,,,,,,,,,
2023,5,October 8,home,New Orleans Saints,https://www.pro-football-reference.com/boxscores/202310080nwe.htm,3,06:34,2,10,NO 5,0,24,(6:34) 41-A.Kamara up the middle to NO 7 for 2 yards (8-J.Bentley; 5-J.Peppers). NE-5-J.Peppers was injured during the play.,-0.906,-0.664,run,,,A.Kamara,,,,,,,,J.Bentley,J.Peppers,,,
2023,5,October 8,home,New Orleans Saints,https://www.pro-football-reference.com/boxscores/202310080nwe.htm,3,06:01,3,8,NO 7,0,24,"(6:01) (Shotgun) 41-A.Kamara right guard to NO 17 for 10 yards (8-J.Bentley, 23-K.Dugger).",-1.570,1.852,run,,,A.Kamara,,,,,,,,K.Dugger,,,,
2023,5,October 8,home,New Orleans Saints,https://www.pro-football-reference.com/boxscores/202310080nwe.htm,3,05:32,1,10,NO 17,0,24,"(5:32) (Shotgun) 41-A.Kamara up the middle to NO 18 for 1 yard (33-A.Jennings, 93-L.Guy).",0.282,-0.577,run,,,A.Kamara,,,,,,,,L.Guy,,,,
2023,5,October 8,home,New Orleans Saints,https://www.pro-football-reference.com/boxscores/202310080nwe.htm,3,04:47,2,9,NO 18,0,24,(4:47) NO 7-Hill now at QB. (Shotgun) 41-A.Kamara up the middle to NO 20 for 2 yards (48-Ja.Tavai; 92-D.Godchaux).,-0.295,-0.499,run,,,A.Kamara,,,,,,,,Ja.Tavai,D.Godchaux,,,
2023,5,October 8,home,New Orleans Saints,https://www.pro-football-reference.com/boxscores/202310080nwe.htm,3,04:04,3,7,NO 20,0,24,(4:04) NO 4-Carr now at QB. (Shotgun) 4-D.Carr pass short right to 13-M.Thomas to NO 33 for 13 yards (27-M.Bryant).,-0.794,2.156,pass,,D.Carr,,M.Thomas,,,,,,,M.Bryant,,,,
2023,5,October 8,home,New Orleans Saints,https://www.pro-football-reference.com/boxscores/202310080nwe.htm,3,03:25,1,10,NO 33,0,24,"(3:25) 41-A.Kamara right guard to NO 42 for 9 yards (48-Ja.Tavai, 23-K.Dugger).",1.363,0.810,run,,,A.Kamara,,,,,,,,K.Dugger,,,,
2023,5,October 8,home,New Orleans Saints,https://www.pro-football-reference.com/boxscores/202310080nwe.htm,3,02:49,2,1,NO 42,0,24,(2:49) (Shotgun) 41-A.Kamara up the middle to NO 45 for 3 yards (91-D.Wise; 8-J.Bentley).,2.173,-0.009,run,,,A.Kamara,,,,,,,,D.Wise,J.Bentley,,,
2023,5,October 8,home,New Orleans Saints,https://www.pro-football-reference.com/boxscores/202310080nwe.htm,3,02:14,1,10,NO 45,0,24,(2:14) (Shotgun) 41-A.Kamara up the middle to NO 47 for 2 yards (92-D.Godchaux; 93-L.Guy).,2.164,-0.371,run,,,A.Kamara,,,,,,,,D.Godchaux,L.Guy,,,
2023,5,October 8,home,New Orleans Saints,https://www.pro-football-reference.com/boxscores/202310080nwe.htm,3,01:38,2,8,NO 47,0,24,(1:38) (Shotgun) 4-D.Carr pass incomplete short right. Thrown away from outside the pocket,1.793,-0.862,pass,,D.Carr,,,,,,,,,,,,,
2023,5,October 8,home,New Orleans Saints,https://www.pro-football-reference.com/boxscores/202310080nwe.htm,3,01:31,3,8,NO 47,0,24,(1:31) (Shotgun) 4-D.Carr pass incomplete deep right to 13-M.Thomas.,0.931,-1.473,pass,,D.Carr,,M.Thomas,,,,,,,,,,,
2023,5,October 8,home,New Orleans Saints,https://www.pro-football-reference.com/boxscores/202310080nwe.htm,3,01:21,4,8,NO 47,0,24,"(1:21) 39-L.Hedley punts 43 yards to NE 10, Center-49-Z.Wood, fair catch by 27-M.Bryant.",-0.542,0.259,punt,,,,,,,L.Hedley,,M.Bryant,,,,,,
2023,5,October 8,home,New Orleans Saints,https://www.pro-football-reference.com/boxscores/202310080nwe.htm,3,01:13,1,10,NE 10,0,24,(1:13) 10-M.Jones pass deep right intended for 14-T.Montgomery INTERCEPTED by 20-P.Werner (31-J.Howden) at NE 31. 20-P.Werner to NE 31 for no gain (14-T.Montgomery).,0.283,-4.096,pass,,M.Jones,,T.Montgomery,P.Werner,,,,,,T.Montgomery,,,,
2023,5,October 8,home,New Orleans Saints,https://www.pro-football-reference.com/boxscores/202310080nwe.htm,3,01:07,1,10,NE 31,0,24,(1:07) 25-K.Miller left tackle to NE 26 for 5 yards (91-D.Wise).,3.813,0.146,run,,,K.Miller,,,,,,,,D.Wise,,,,
2023,5,October 8,home,New Orleans Saints,https://www.pro-football-reference.com/boxscores/202310080nwe.htm,3,00:32,2,5,NE 26,0,24,(:32) (Shotgun) 4-D.Carr pass short left to 25-K.Miller to NE 19 for 7 yards (3-M.Wilson).,3.958,0.616,pass,,D.Carr,,K.Miller,,,,,,,M.Wilson,,,,
2023,5,October 8,home,New Orleans Saints,https://www.pro-football-reference.com/boxscores/202310080nwe.htm,4,15:00,1,10,NE 19,0,24,"(15:00) 41-A.Kamara right guard to NE 19 for no gain (93-L.Guy, 92-D.Godchaux).",4.574,-0.505,run,,,A.Kamara,,,,,,,,D.Godchaux,,,,
2023,5,October 8,home,New Orleans Saints,https://www.pro-football-reference.com/boxscores/202310080nwe.htm,4,14:27,2,10,NE 19,0,24,"(14:27) (No Huddle, Shotgun) 4-D.Carr pass short right to 41-A.Kamara to NE 7 for 12 yards (48-Ja.Tavai).",4.069,1.326,pass,,D.Carr,,A.Kamara,,,,,,,Ja.Tavai,,,,
2023,5,October 8,home,New Orleans Saints,https://www.pro-football-reference.com/boxscores/202310080nwe.htm,4,13:46,1,7,NE 7,0,24,"(13:46) NO 7-Hill now at QB. (Shotgun) 7-T.Hill left tackle to NE 6 for 1 yard (48-Ja.Tavai, 23-K.Dugger).",5.395,-0.385,run,,,T.Hill,,,,,,,,K.Dugger,,,,
2023,5,October 8,home,New Orleans Saints,https://www.pro-football-reference.com/boxscores/202310080nwe.htm,4,13:10,2,6,NE 6,0,30,"(13:10) NO 4-Carr now at QB. (Shotgun) 4-D.Carr pass short middle to 87-F.Moreau for 6 yards, TOUCHDOWN.",5.010,1.990,pass,,D.Carr,,F.Moreau,,,,,,,,,,,
2023,5,October 8,home,New Orleans Saints,https://www.pro-football-reference.com/boxscores/202310080nwe.htm,4,13:03,,,NE 15,0,31,"19-B.Grupe extra point is GOOD, Center-49-Z.Wood, Holder-39-L.Hedley.",0.932,0.068,extra_point,,,,,,,,B.Grupe,,,,,,,
2023,5,October 8,home,New Orleans Saints,https://www.pro-football-reference.com/boxscores/202310080nwe.htm,4,13:03,,,NO 35,0,31,"19-B.Grupe kicks 65 yards from NO 35 to end zone, Touchback.",1.251,0.000,kickoff,,,,,,,,B.Grupe,,,,,,,
2023,5,October 8,home,New Orleans Saints,https://www.pro-football-reference.com/boxscores/202310080nwe.htm,4,13:03,1,10,NE 25,0,31,(13:03) NE 4-Zappe now at QB. (Shotgun) 15-E.Elliott left guard to NE 28 for 3 yards (20-P.Werner; 94-C.Jordan).,1.251,-0.371,run,,,E.Elliott,,,,,,,,P.Werner,C.Jordan,,,
2023,5,October 8,home,New Orleans Saints,https://www.pro-football-reference.com/boxscores/202310080nwe.htm,4,12:28,2,7,NE 28,0,31,"(12:28) 15-E.Elliott up the middle to NE 31 for 3 yards (99-K.Saunders, 55-I.Foskey).",0.880,-0.241,run,,,E.Elliott,,,,,,,,I.Foskey,,,,
2023,5,October 8,home,New Orleans Saints,https://www.pro-football-reference.com/boxscores/202310080nwe.htm,4,11:48,3,4,NE 31,0,31,(11:48) (Shotgun) 4-B.Zappe pass incomplete deep left to 85-H.Henry.,0.639,-1.467,pass,,B.Zappe,,H.Henry,,,,,,,,,,,
2023,5,October 8,home,New Orleans Saints,https://www.pro-football-reference.com/boxscores/202310080nwe.htm,4,11:44,4,4,NE 31,0,31,"(11:44) 17-B.Baringer punts 51 yards to NO 18, Center-49-J.Cardona, fair catch by 22-R.Shaheed.",-0.828,0.359,punt,,,,,,,B.Baringer,,R.Shaheed,,,,,,
2023,5,October 8,home,New Orleans Saints,https://www.pro-football-reference.com/boxscores/202310080nwe.htm,4,11:36,1,10,NO 18,0,31,"(11:36) 25-K.Miller up the middle to NO 23 for 5 yards (26-S.Wade).
PENALTY on NO-70-T.Penning, Offensive Holding, 9 yards, enforced at NO 18 - No Play.",0.468,-0.891,no_play,,,,,,,,,,,,,,,T.Penning
2023,5,October 8,home,New Orleans Saints,https://www.pro-football-reference.com/boxscores/202310080nwe.htm,4,11:16,1,19,NO 9,0,31,(11:16) 25-K.Miller right tackle to NO 17 for 8 yards (99-K.White; 3-M.Wilson).,-0.423,0.135,run,,,K.Miller,,,,,,,,K.White,M.Wilson,,,
2023,5,October 8,home,New Orleans Saints,https://www.pro-football-reference.com/boxscores/202310080nwe.htm,4,10:31,2,11,NO 17,0,31,(10:31) 25-K.Miller left tackle to NO 19 for 2 yards (90-C.Barmore).,-0.288,-0.330,run,,,K.Miller,,,,,,,,C.Barmore,,,,
2023,5,October 8,home,New Orleans Saints,https://www.pro-football-reference.com/boxscores/202310080nwe.htm,4,09:51,3,9,NO 19,0,31,(9:51) (Shotgun) 4-D.Carr pass short right to 25-K.Miller to NO 21 for 2 yards (26-S.Wade).,-0.618,-0.961,pass,,D.Carr,,K.Miller,,,,,,,S.Wade,,,,
2023,5,October 8,home,New Orleans Saints,https://www.pro-football-reference.com/boxscores/202310080nwe.htm,4,09:11,4,7,NO 21,0,31,"(9:11) 39-L.Hedley punts 55 yards to NE 24, Center-49-Z.Wood, downed by NO-42-T.Summers.",-1.579,0.614,punt,,,,,,,L.Hedley,,,,,,,,
2023,5,October 8,home,New Orleans Saints,https://www.pro-football-reference.com/boxscores/202310080nwe.htm,4,08:59,1,10,NE 24,0,31,(8:59) (Shotgun) 4-B.Zappe pass short left to 14-T.Montgomery to NE 29 for 5 yards (1-A.Taylor).,0.966,0.141,pass,,B.Zappe,,T.Montgomery,,,,,,,A.Taylor,,,,
2023,5,October 8,home,New Orleans Saints,https://www.pro-football-reference.com/boxscores/202310080nwe.htm,4,08:27,2,5,NE 29,0,31,"(8:27) 38-R.Stevenson up the middle to NE 36 for 7 yards (29-P.Adebo).
PENALTY on NE-14-T.Montgomery, Illegal Shift, 5 yards, enforced at NE 29 - No Play.",1.106,-0.567,no_play,,,,,,,,,,,,,,,T.Montgomery
2023,5,October 8,home,New Orleans Saints,https://www.pro-football-reference.com/boxscores/202310080nwe.htm,4,08:07,2,10,NE 24,0,31,(8:07) (Shotgun) 4-B.Zappe pass short right to 88-M.Gesicki to NE 33 for 9 yards (1-A.Taylor; 32-T.Mathieu).,0.539,0.928,pass,,B.Zappe,,M.Gesicki,,,,,,,A.Taylor,T.Mathieu,,,
2023,5,October 8,home,New Orleans Saints,https://www.pro-football-reference.com/boxscores/202310080nwe.htm,4,07:28,3,1,NE 33,0,31,(7:28) 4-B.Zappe pass incomplete deep right to 84-K.Bourne.,1.467,-1.801,pass,,B.Zappe,,K.Bourne,,,,,,,,,,,
2023,5,October 8,home,New Orleans Saints,https://www.pro-football-reference.com/boxscores/202310080nwe.htm,4,07:22,4,1,NE 33,0,31,(7:22) 38-R.Stevenson up the middle to NE 33 for no gain (56-D.Davis).,-0.333,-3.288,run,,,R.Stevenson,,,,,,,,D.Davis,,,,
2023,5,October 8,home,New Orleans Saints,https://www.pro-football-reference.com/boxscores/202310080nwe.htm,4,07:15,1,10,NE 33,0,31,(7:15) 25-K.Miller left guard to NE 31 for 2 yards (96-S.Roberts).,3.621,-0.357,run,,,K.Miller,,,,,,,,S.Roberts,,,,
2023,5,October 8,home,New Orleans Saints,https://www.pro-football-reference.com/boxscores/202310080nwe.htm,4,06:34,2,8,NE 31,0,31,(6:34) 25-K.Miller up the middle to NE 30 for 1 yard (70-J.Pharms; 90-C.Barmore).,3.265,-0.462,run,,,K.Miller,,,,,,,,J.Pharms,C.Barmore,,,
2023,5,October 8,home,New Orleans Saints,https://www.pro-football-reference.com/boxscores/202310080nwe.htm,4,05:53,3,7,NE 30,0,31,(5:53) (Shotgun) 4-D.Carr pass incomplete deep left to 12-C.Olave.,2.803,-1.249,pass,,D.Carr,,C.Olave,,,,,,,,,,,
2023,5,October 8,home,New Orleans Saints,https://www.pro-football-reference.com/boxscores/202310080nwe.htm,4,05:47,4,7,NE 30,0,31,"(5:47) (Shotgun) PENALTY on NO, Delay of Game, 5 yards, enforced at NE 30 - No Play.",1.554,-0.657,no_play,,,,,,,,,,,,,,,
2023,5,October 8,home,New Orleans Saints,https://www.pro-football-reference.com/boxscores/202310080nwe.htm,4,05:47,4,12,NE 35,0,34,"(5:47) 19-B.Grupe 53 yard field goal is GOOD, Center-49-Z.Wood, Holder-39-L.Hedley.",0.898,2.102,field_goal,,,,,,,,B.Grupe,,,,,,,
2023,5,October 8,home,New Orleans Saints,https://www.pro-football-reference.com/boxscores/202310080nwe.htm,4,05:43,,,NO 35,0,34,"19-B.Grupe kicks 65 yards from NO 35 to end zone, Touchback.",0.845,0.000,kickoff,,,,,,,,B.Grupe,,,,,,,
2023,5,October 8,home,New Orleans Saints,https://www.pro-football-reference.com/boxscores/202310080nwe.htm,4,05:43,1,10,NE 25,0,34,"(5:43) (Shotgun) PENALTY on NE-84-K.Bourne, False Start, 5 yards, enforced at NE 25 - No Play.",0.845,-0.652,no_play,,,,,,,,,,,,,,,K.Bourne
2023,5,October 8,home,New Orleans Saints,https://www.pro-football-reference.com/boxscores/202310080nwe.htm,4,05:43,1,15,NE 20,0,34,(5:43) (Shotgun) 4-B.Zappe pass incomplete deep middle to 14-T.Montgomery.,0.193,-0.441,pass,,B.Zappe,,T.Montgomery,,,,,,,,,,,
2023,5,October 8,home,New Orleans Saints,https://www.pro-football-reference.com/boxscores/202310080nwe.htm,4,05:39,2,15,NE 20,0,34,(5:39) 15-E.Elliott up the middle to NE 25 for 5 yards (29-P.Adebo).,-0.248,-0.010,run,,,E.Elliott,,,,,,,,P.Adebo,,,,
2023,5,October 8,home,New Orleans Saints,https://www.pro-football-reference.com/boxscores/202310080nwe.htm,4,05:04,3,10,NE 25,0,34,(5:04) (Shotgun) 4-B.Zappe pass short right to 15-E.Elliott to NE 33 for 8 yards (45-N.Sewell).,-0.258,-0.333,pass,,B.Zappe,,E.Elliott,,,,,,,N.Sewell,,,,
2023,5,October 8,home,New Orleans Saints,https://www.pro-football-reference.com/boxscores/202310080nwe.htm,4,04:16,4,2,NE 33,0,34,"(4:16) 17-B.Baringer punts 50 yards to NO 17, Center-49-J.Cardona. 22-R.Shaheed pushed ob at NO 29 for 12 yards (45-C.Board).",-0.591,-0.596,punt,,,,,,,B.Baringer,,R.Shaheed,,C.Board,,,,
2023,5,October 8,home,New Orleans Saints,https://www.pro-football-reference.com/boxscores/202310080nwe.htm,4,04:07,1,10,NO 29,0,34,(4:07) NO 2-Winston now at QB. 64-N.Saldiveri reported in as eligible.  25-K.Miller right end to NO 35 for 6 yards (3-M.Wilson).,1.186,0.102,run,,,K.Miller,,,,,,,,M.Wilson,,,,
2023,5,October 8,home,New Orleans Saints,https://www.pro-football-reference.com/boxscores/202310080nwe.htm,4,03:22,2,4,NO 35,0,34,(3:22) 25-K.Miller left end to NO 37 for 2 yards (28-A.Speed).,1.289,-0.292,run,,,K.Miller,,,,,,,,A.Speed,,,,
2023,5,October 8,home,New Orleans Saints,https://www.pro-football-reference.com/boxscores/202310080nwe.htm,4,02:35,3,2,NO 37,0,34,"(2:35) 64-N.Saldiveri reported in as eligible.  25-K.Miller left end to NO 45 for 8 yards (28-A.Speed).
PENALTY on NO-70-T.Penning, Offensive Holding, 10 yards, enforced at NO 38.",0.996,-1.067,run,,,K.Miller,,,,,,,,A.Speed,,,,T.Penning
2023,5,October 8,home,New Orleans Saints,https://www.pro-football-reference.com/boxscores/202310080nwe.htm,4,02:30,3,11,NO 28,0,34,(2:30) (Shotgun) 25-K.Miller right guard to NO 29 for 1 yard (33-A.Jennings).,-0.071,-0.631,run,,,K.Miller,,,,,,,,A.Jennings,,,,
2023,5,October 8,home,New Orleans Saints,https://www.pro-football-reference.com/boxscores/202310080nwe.htm,4,02:26,,,NO 29,0,34,Timeout #1 by NE at 02:26.,-0.702,0.000,no_play,,,,,,,,,,,,,,,
2023,5,October 8,home,New Orleans Saints,https://www.pro-football-reference.com/boxscores/202310080nwe.htm,4,02:26,4,10,NO 29,0,34,"(2:26) 39-L.Hedley punts 50 yards to NE 21, Center-49-Z.Wood. 5-J.Peppers to NE 27 for 6 yards (27-I.Yiadom).
PENALTY on NE-18-M.Slater, Illegal Block Above the Waist, 10 yards, enforced at NE 22.",-0.702,0.338,punt,,,,,,,L.Hedley,,J.Peppers,,I.Yiadom,,,,M.Slater
2023,5,October 8,home,New Orleans Saints,https://www.pro-football-reference.com/boxscores/202310080nwe.htm,4,02:16,1,10,NE 12,0,34,(2:16) (Shotgun) 4-B.Zappe pass incomplete deep right to 84-K.Bourne.,0.364,-0.396,pass,,B.Zappe,,K.Bourne,,,,,,,,,,,
2023,5,October 8,home,New Orleans Saints,https://www.pro-football-reference.com/boxscores/202310080nwe.htm,4,02:10,2,10,NE 12,0,34,(2:10) (Shotgun) 38-R.Stevenson up the middle to NE 17 for 5 yards (24-J.Abram).,-0.032,-0.239,run,,,R.Stevenson,,,,,,,,J.Abram,,,,
2023,5,October 8,home,New Orleans Saints,https://www.pro-football-reference.com/boxscores/202310080nwe.htm,4,02:00,3,5,NE 17,0,34,(2:00) (Shotgun) 4-B.Zappe pass incomplete short left to 88-M.Gesicki (31-J.Howden).,-0.271,-0.905,pass,,B.Zappe,,M.Gesicki,,,,,,,,,,,
2023,5,October 8,home,New Orleans Saints,https://www.pro-football-reference.com/boxscores/202310080nwe.htm,4,01:55,4,5,NE 17,0,34,(1:55) (Shotgun) 4-B.Zappe pass incomplete short right to 14-T.Montgomery.,-1.177,-3.294,pass,,B.Zappe,,T.Montgomery,,,,,,,,,,,
2023,5,October 8,home,New Orleans Saints,https://www.pro-football-reference.com/boxscores/202310080nwe.htm,4,01:50,1,10,NE 17,0,34,(1:50) 2-J.Winston kneels to NE 18 for -1 yards.,4.470,-0.666,qb_kneel,,,J.Winston,,,,,,,,,,,,
2023,5,October 8,home,New Orleans Saints,https://www.pro-football-reference.com/boxscores/202310080nwe.htm,4,01:08,2,11,NE 18,0,34,(1:08) 2-J.Winston kneels to NE 20 for -2 yards.,3.805,-0.783,qb_kneel,,,J.Winston,,,,,,,,,,,,
2023,5,October 8,home,New Orleans Saints,https://www.pro-football-reference.com/boxscores/202310080nwe.htm,4,00:36,3,13,NE 20,0,34,"(:36) 2-J.Winston kneels to NE 21 for -1 yards. NE 1st time shut out at home since October 2, 2016 vs Buffalo (16-0). NE worst home shutout loss in franchise history (previous was Sept. 21, 1969 vs KC, 31-0).",3.022,-3.022,qb_kneel,,,J.Winston,,,,,,,,,,,,
2023,6,October 15,away,Las Vegas Raiders,https://www.pro-football-reference.com/boxscores/202310150rai.htm,1,15:00,,,NE 35,0,0,"37-C.Ryland kicks 65 yards from NE 35 to end zone, Touchback.",1.841,0.000,kickoff,,,,,,,,C.Ryland,,,,,,,
2023,6,October 15,away,Las Vegas Raiders,https://www.pro-football-reference.com/boxscores/202310150rai.htm,1,15:00,1,10,LV 25,0,0,(15:00) 8-J.Jacobs up the middle to LV 29 for 4 yards (99-K.White; 92-D.Godchaux).,1.841,-0.107,run,,,J.Jacobs,,,,,,,,K.White,D.Godchaux,,,
2023,6,October 15,away,Las Vegas Raiders,https://www.pro-football-reference.com/boxscores/202310150rai.htm,1,14:23,2,6,LV 29,0,0,(14:23) 77-T.Munford reported in as eligible.  10-J.Garoppolo pass short left to 87-M.Mayer to LV 33 for 4 yards (5-J.Peppers).,1.734,-0.116,pass,,J.Garoppolo,,M.Mayer,,,,,,,J.Peppers,,,,
2023,6,October 15,away,Las Vegas Raiders,https://www.pro-football-reference.com/boxscores/202310150rai.htm,1,13:41,3,2,LV 33,0,0,"(13:41) (Shotgun) 10-J.Garoppolo pass short middle to 87-M.Mayer to LV 46 for 13 yards (8-J.Bentley, 33-A.Jennings).",1.618,1.526,pass,,J.Garoppolo,,M.Mayer,,,,,,,A.Jennings,,,,
2023,6,October 15,away,Las Vegas Raiders,https://www.pro-football-reference.com/boxscores/202310150rai.htm,1,13:00,1,10,LV 46,0,0,(13:00) 10-J.Garoppolo pass incomplete short middle to 8-J.Jacobs (90-C.Barmore).,3.144,-0.551,pass,,J.Garoppolo,,J.Jacobs,,,,,,,,,,,
2023,6,October 15,away,Las Vegas Raiders,https://www.pro-football-reference.com/boxscores/202310150rai.htm,1,12:54,2,10,LV 46,0,0,(12:54) 8-J.Jacobs right tackle to LV 49 for 3 yards (90-C.Barmore).,2.592,-0.787,run,,,J.Jacobs,,,,,,,,C.Barmore,,,,
2023,6,October 15,away,Las Vegas Raiders,https://www.pro-football-reference.com/boxscores/202310150rai.htm,1,12:17,3,7,LV 49,0,0,"(12:17) (Shotgun) 10-J.Garoppolo pass short middle to 87-M.Mayer to NE 33 for 18 yards (91-D.Wise, 23-K.Dugger).",1.805,2.395,pass,,J.Garoppolo,,M.Mayer,,,,,,,K.Dugger,,,,
2023,6,October 15,away,Las Vegas Raiders,https://www.pro-football-reference.com/boxscores/202310150rai.htm,1,11:28,1,10,NE 33,0,0,(11:28) (Shotgun) 10-J.Garoppolo pass incomplete deep left to 17-D.Adams.,4.201,-0.443,pass,,J.Garoppolo,,D.Adams,,,,,,,,,,,
2023,6,October 15,away,Las Vegas Raiders,https://www.pro-football-reference.com/boxscores/202310150rai.htm,1,11:24,2,10,NE 33,0,0,(11:24) 8-J.Jacobs left end pushed ob at NE 24 for 9 yards (29-J.Jackson).,3.757,0.758,run,,,J.Jacobs,,,,,,,,J.Jackson,,,,
2023,6,October 15,away,Las Vegas Raiders,https://www.pro-football-reference.com/boxscores/202310150rai.htm,1,10:52,3,1,NE 24,0,0,(10:52) 10-J.Garoppolo up the middle to NE 22 for 2 yards (93-L.Guy).,4.515,0.458,run,,,J.Garoppolo,,,,,,,,L.Guy,,,,
2023,6,October 15,away,Las Vegas Raiders,https://www.pro-football-reference.com/boxscores/202310150rai.htm,1,10:15,1,10,NE 22,0,0,(10:15) 8-J.Jacobs left guard to NE 22 for no gain (99-K.White; 23-K.Dugger). NE-99-K.White was injured during the play.,4.972,-0.479,run,,,J.Jacobs,,,,,,,,K.White,K.Dugger,,,
2023,6,October 15,away,Las Vegas Raiders,https://www.pro-football-reference.com/boxscores/202310150rai.htm,1,09:37,2,10,NE 22,0,0,"(9:37) (Shotgun) 10-J.Garoppolo pass incomplete deep right to 16-J.Meyers.
PENALTY on NE-91-D.Wise, Defensive Offside, 5 yards, enforced at NE 22 - No Play.",4.494,0.549,no_play,,,,,,,,,,,,,,,D.Wise
2023,6,October 15,away,Las Vegas Raiders,https://www.pro-football-reference.com/boxscores/202310150rai.htm,1,09:33,2,5,NE 17,0,0,(9:33) 11-T.Tucker left end pushed ob at NE 13 for 4 yards (29-J.Jackson; 48-Ja.Tavai).,5.043,0.079,run,,,T.Tucker,,,,,,,,J.Jackson,Ja.Tavai,,,
2023,6,October 15,away,Las Vegas Raiders,https://www.pro-football-reference.com/boxscores/202310150rai.htm,1,09:01,3,1,NE 13,0,0,"(9:01) 8-J.Jacobs left tackle to NE 6 for 7 yards (23-K.Dugger).
PENALTY on LV-66-D.Parham, Offensive Holding, 10 yards, enforced at NE 13 - No Play.",5.121,-1.603,no_play,,,,,,,,,,,,,,,D.Parham
2023,6,October 15,away,Las Vegas Raiders,https://www.pro-football-reference.com/boxscores/202310150rai.htm,1,08:37,3,11,NE 23,0,0,(8:37) (Shotgun) 10-J.Garoppolo pass incomplete short middle to 3-D.Carter.,3.518,-0.891,pass,,J.Garoppolo,,D.Carter,,,,,,,,,,,
2023,6,October 15,away,Las Vegas Raiders,https://www.pro-football-reference.com/boxscores/202310150rai.htm,1,08:33,4,11,NE 23,0,0,"(8:33) 2-D.Carlson 42 yard field goal is GOOD, NULLIFIED by Penalty, Center-50-J.Bobenmoyer, Holder-6-A.Cole.
PENALTY on NE-96-S.Roberts, Leverage, 12 yards, enforced at NE 23 - No Play.",2.627,2.793,no_play,,,,,,,,,,,,,,,S.Roberts
2023,6,October 15,away,Las Vegas Raiders,https://www.pro-football-reference.com/boxscores/202310150rai.htm,1,08:29,1,10,NE 11,0,0,(8:29) 8-J.Jacobs right guard to NE 8 for 3 yards (90-C.Barmore).,5.420,-0.192,run,,,J.Jacobs,,,,,,,,C.Barmore,,,,
2023,6,October 15,away,Las Vegas Raiders,https://www.pro-football-reference.com/boxscores/202310150rai.htm,1,07:46,2,7,NE 8,0,0,(7:46) 8-J.Jacobs right tackle to NE 6 for 2 yards (33-A.Jennings).,5.228,-0.587,run,,,J.Jacobs,,,,,,,,A.Jennings,,,,
2023,6,October 15,away,Las Vegas Raiders,https://www.pro-football-reference.com/boxscores/202310150rai.htm,1,07:04,3,5,NE 6,0,0,(7:04) (Shotgun) 10-J.Garoppolo pass incomplete short left [8-J.Bentley].,4.641,-1.677,pass,,J.Garoppolo,,,,,,,,,,,,,
2023,6,October 15,away,Las Vegas Raiders,https://www.pro-football-reference.com/boxscores/202310150rai.htm,1,06:57,4,5,NE 6,0,3,"(6:57) 2-D.Carlson 25 yard field goal is GOOD, Center-50-J.Bobenmoyer, Holder-6-A.Cole.",2.965,0.035,field_goal,,,,,,,,D.Carlson,,,,,,,
2023,6,October 15,away,Las Vegas Raiders,https://www.pro-football-reference.com/boxscores/202310150rai.htm,1,06:54,,,LV 35,0,3,"2-D.Carlson kicks 65 yards from LV 35 to end zone, Touchback.",1.068,0.000,kickoff,,,,,,,,D.Carlson,,,,,,,
2023,6,October 15,away,Las Vegas Raiders,https://www.pro-football-reference.com/boxscores/202310150rai.htm,1,06:54,1,10,NE 25,0,3,"(6:54) PENALTY on NE-59-V.Lowe, False Start, 5 yards, enforced at NE 25 - No Play.",1.068,-0.764,no_play,,,,,,,,,,,,,,,V.Lowe
2023,6,October 15,away,Las Vegas Raiders,https://www.pro-football-reference.com/boxscores/202310150rai.htm,1,06:54,1,15,NE 20,0,3,"(6:54) 10-M.Jones pass incomplete short left.
Penalty on NE-77-T.Brown, Ineligible Downfield Pass, declined.",0.304,-0.643,pass,,M.Jones,,,,,,,,,,,,,
2023,6,October 15,away,Las Vegas Raiders,https://www.pro-football-reference.com/boxscores/202310150rai.htm,1,06:50,2,15,NE 20,0,3,(6:50) (Shotgun) 10-M.Jones pass incomplete short right to 38-R.Stevenson.,-0.339,-0.807,pass,,M.Jones,,R.Stevenson,,,,,,,,,,,
2023,6,October 15,away,Las Vegas Raiders,https://www.pro-football-reference.com/boxscores/202310150rai.htm,1,06:46,3,15,NE 20,0,3,(6:46) (Shotgun) 38-R.Stevenson left tackle to NE 26 for 6 yards (41-R.Spillane).,-1.146,-0.598,run,,,R.Stevenson,,,,,,,,R.Spillane,,,,
2023,6,October 15,away,Las Vegas Raiders,https://www.pro-football-reference.com/boxscores/202310150rai.htm,1,06:05,4,9,NE 26,0,3,"(6:05) 17-B.Baringer punts 34 yards to LV 40, Center-49-J.Cardona, out of bounds.",-1.744,-0.749,punt,,,,,,,B.Baringer,,,,,,,,
2023,6,October 15,away,Las Vegas Raiders,https://www.pro-football-reference.com/boxscores/202310150rai.htm,1,05:58,1,10,LV 40,0,3,(5:58) 8-J.Jacobs up the middle to LV 41 for 1 yard (5-J.Peppers).,2.492,-0.484,run,,,J.Jacobs,,,,,,,,J.Peppers,,,,
2023,6,October 15,away,Las Vegas Raiders,https://www.pro-football-reference.com/boxscores/202310150rai.htm,1,05:25,2,9,LV 41,0,3,(5:25) 10-J.Garoppolo pass short left to 16-J.Meyers ran ob at NE 46 for 13 yards (31-Jo.Jones).,2.008,1.339,pass,,J.Garoppolo,,J.Meyers,,,,,,,Jo.Jones,,,,
2023,6,October 15,away,Las Vegas Raiders,https://www.pro-football-reference.com/boxscores/202310150rai.htm,1,04:48,1,10,NE 46,0,3,"(4:48) (Shotgun) 10-J.Garoppolo pass short middle to 8-J.Jacobs to NE 34 for 12 yards (48-Ja.Tavai).
PENALTY on NE-48-Ja.Tavai, Unnecessary Roughness, 15 yards, enforced at NE 34.",3.347,1.683,pass,,J.Garoppolo,,J.Jacobs,,,,,,,Ja.Tavai,,,,Ja.Tavai
2023,6,October 15,away,Las Vegas Raiders,https://www.pro-football-reference.com/boxscores/202310150rai.htm,1,04:26,1,10,NE 19,0,3,(4:26) 8-J.Jacobs right end to NE 18 for 1 yard (33-A.Jennings).,5.030,-0.385,run,,,J.Jacobs,,,,,,,,A.Jennings,,,,
2023,6,October 15,away,Las Vegas Raiders,https://www.pro-football-reference.com/boxscores/202310150rai.htm,1,03:43,2,9,NE 18,0,3,(3:43) (Shotgun) 10-J.Garoppolo pass short middle intended for 17-D.Adams INTERCEPTED by 48-Ja.Tavai (5-J.Peppers) at NE 14. 48-Ja.Tavai to NE 14 for no gain (68-A.James). LV-17-D.Adams was injured during the play.,4.645,-4.924,pass,,J.Garoppolo,,D.Adams,Ja.Tavai,,,,,,A.James,,,,
2023,6,October 15,away,Las Vegas Raiders,https://www.pro-football-reference.com/boxscores/202310150rai.htm,1,03:34,1,10,NE 14,0,3,"(3:34) (Shotgun) 38-R.Stevenson up the middle to NE 16 for 2 yards (95-J.Jenkins, 91-B.Nichols).",0.279,-0.427,run,,,R.Stevenson,,,,,,,,B.Nichols,,,,
2023,6,October 15,away,Las Vegas Raiders,https://www.pro-football-reference.com/boxscores/202310150rai.htm,1,03:01,2,8,NE 16,0,3,(3:01) (Shotgun) 38-R.Stevenson up the middle to NE 17 for 1 yard (9-T.Wilson).,-0.148,-0.581,run,,,R.Stevenson,,,,,,,,T.Wilson,,,,
2023,6,October 15,away,Las Vegas Raiders,https://www.pro-football-reference.com/boxscores/202310150rai.htm,1,02:20,3,7,NE 17,0,3,(2:20) (Shotgun) 10-M.Jones sacked at NE 6 for -11 yards (69-A.Butler).,-0.729,-2.333,pass,,M.Jones,,,,A.Butler,,,,,A.Butler,,,,
2023,6,October 15,away,Las Vegas Raiders,https://www.pro-football-reference.com/boxscores/202310150rai.htm,1,01:45,4,18,NE 6,0,3,"(1:45) 17-B.Baringer punts 53 yards to LV 41, Center-49-J.Cardona, out of bounds.",-3.062,0.532,punt,,,,,,,B.Baringer,,,,,,,,
2023,6,October 15,away,Las Vegas Raiders,https://www.pro-football-reference.com/boxscores/202310150rai.htm,1,01:36,1,10,LV 41,0,3,(1:36) (Shotgun) 10-J.Garoppolo pass short middle to 35-Z.White to LV 44 for 3 yards (48-Ja.Tavai).,2.530,-0.319,pass,,J.Garoppolo,,Z.White,,,,,,,Ja.Tavai,,,,
2023,6,October 15,away,Las Vegas Raiders,https://www.pro-football-reference.com/boxscores/202310150rai.htm,1,00:58,2,7,LV 44,0,3,(:58) 35-Z.White up the middle to LV 45 for 1 yard (8-J.Bentley).,2.211,-0.806,run,,,Z.White,,,,,,,,J.Bentley,,,,
2023,6,October 15,away,Las Vegas Raiders,https://www.pro-football-reference.com/boxscores/202310150rai.htm,1,00:14,3,6,LV 45,0,3,(:14) (Shotgun) 10-J.Garoppolo pass deep left to 87-M.Mayer to NE 23 for 32 yards (31-Jo.Jones).,1.405,3.347,pass,,J.Garoppolo,,M.Mayer,,,,,,,Jo.Jones,,,,
2023,6,October 15,away,Las Vegas Raiders,https://www.pro-football-reference.com/boxscores/202310150rai.htm,2,15:00,1,10,NE 23,0,3,(15:00) 77-T.Munford reported in as eligible.  8-J.Jacobs right guard to NE 25 for -2 yards (33-A.Jennings).,4.752,-1.037,run,,,J.Jacobs,,,,,,,,A.Jennings,,,,
2023,6,October 15,away,Las Vegas Raiders,https://www.pro-football-reference.com/boxscores/202310150rai.htm,2,14:24,2,12,NE 25,0,3,(14:24) 10-J.Garoppolo pass short left to 81-A.Hooper to NE 18 for 7 yards (5-J.Peppers).,3.715,0.412,pass,,J.Garoppolo,,A.Hooper,,,,,,,J.Peppers,,,,
2023,6,October 15,away,Las Vegas Raiders,https://www.pro-football-reference.com/boxscores/202310150rai.htm,2,13:47,3,5,NE 18,0,3,(13:47) (Shotgun) 10-J.Garoppolo pass short left to 16-J.Meyers to NE 12 for 6 yards (29-J.Jackson).,4.127,1.125,pass,,J.Garoppolo,,J.Meyers,,,,,,,J.Jackson,,,,
2023,6,October 15,away,Las Vegas Raiders,https://www.pro-football-reference.com/boxscores/202310150rai.htm,2,13:07,1,10,NE 12,0,3,(13:07) 8-J.Jacobs left tackle to NE 12 for no gain (48-Ja.Tavai).,5.252,-0.499,run,,,J.Jacobs,,,,,,,,Ja.Tavai,,,,
2023,6,October 15,away,Las Vegas Raiders,https://www.pro-football-reference.com/boxscores/202310150rai.htm,2,12:27,2,10,NE 12,0,9,"(12:27) (Shotgun) 10-J.Garoppolo pass short middle to 16-J.Meyers for 12 yards, TOUCHDOWN.",4.753,2.247,pass,,J.Garoppolo,,J.Meyers,,,,,,,,,,,
2023,6,October 15,away,Las Vegas Raiders,https://www.pro-football-reference.com/boxscores/202310150rai.htm,2,12:22,,,NE 15,0,10,"2-D.Carlson extra point is GOOD, Center-50-J.Bobenmoyer, Holder-6-A.Cole.",0.949,0.051,extra_point,,,,,,,,D.Carlson,,,,,,,
2023,6,October 15,away,Las Vegas Raiders,https://www.pro-football-reference.com/boxscores/202310150rai.htm,2,12:22,,,LV 35,0,10,2-D.Carlson kicks 69 yards from LV 35 to NE -4. 14-T.Montgomery to NE 19 for 23 yards (22-A.Abdullah).,1.251,-0.449,kickoff,,,,,,,,D.Carlson,T.Montgomery,,A.Abdullah,,,,
2023,6,October 15,away,Las Vegas Raiders,https://www.pro-football-reference.com/boxscores/202310150rai.htm,2,12:18,1,10,NE 19,0,10,(12:18) (Shotgun) 10-M.Jones pass short middle to 1-D.Parker to NE 26 for 7 yards (0-J.Bennett).,0.802,0.367,pass,,M.Jones,,D.Parker,,,,,,,J.Bennett,,,,
2023,6,October 15,away,Las Vegas Raiders,https://www.pro-football-reference.com/boxscores/202310150rai.htm,2,11:44,2,3,NE 26,0,10,(11:44) 15-E.Elliott right guard to NE 26 for no gain (98-M.Crosby).,1.170,-0.925,run,,,E.Elliott,,,,,,,,M.Crosby,,,,
2023,6,October 15,away,Las Vegas Raiders,https://www.pro-football-reference.com/boxscores/202310150rai.htm,2,11:03,,,NE 26,0,10,Timeout #1 by NE at 11:03.,0.245,0.000,no_play,,,,,,,,,,,,,,,
2023,6,October 15,away,Las Vegas Raiders,https://www.pro-football-reference.com/boxscores/202310150rai.htm,2,11:03,3,3,NE 26,0,10,"(11:03) (Shotgun) 10-M.Jones pass short right to 15-E.Elliott for 74 yards, TOUCHDOWN NULLIFIED by Penalty.
PENALTY on NE-85-H.Henry, Offensive Holding, 10 yards, enforced at NE 41.",0.245,1.144,pass,,M.Jones,,E.Elliott,,,,,,,,,,,H.Henry
2023,6,October 15,away,Las Vegas Raiders,https://www.pro-football-reference.com/boxscores/202310150rai.htm,2,10:50,1,10,NE 31,0,10,(10:50) (Shotgun) 10-M.Jones pass short right to 38-R.Stevenson pushed ob at NE 35 for 4 yards (24-M.Peters; 59-L.Masterson).,1.389,-0.236,pass,,M.Jones,,R.Stevenson,,,,,,,M.Peters,L.Masterson,,,
2023,6,October 15,away,Las Vegas Raiders,https://www.pro-football-reference.com/boxscores/202310150rai.htm,2,10:20,2,6,NE 35,0,10,"(10:20) (Shotgun) 10-M.Jones pass short middle to 84-K.Bourne to LV 29 for 36 yards (37-T.Hall, 1-M.Epps).
Penalty on LV-9-T.Wilson, Illegal Use of Hands, declined.",1.153,2.869,pass,,M.Jones,,K.Bourne,,,,,,,M.Epps,,,,
2023,6,October 15,away,Las Vegas Raiders,https://www.pro-football-reference.com/boxscores/202310150rai.htm,2,09:53,1,10,LV 29,0,10,(9:53) (Shotgun) 10-M.Jones pass short middle to 38-R.Stevenson to LV 25 for 4 yards (59-L.Masterson).,4.022,-0.150,pass,,M.Jones,,R.Stevenson,,,,,,,L.Masterson,,,,
2023,6,October 15,away,Las Vegas Raiders,https://www.pro-football-reference.com/boxscores/202310150rai.htm,2,09:20,2,6,LV 25,0,10,(9:20) 38-R.Stevenson right tackle to LV 24 for 1 yard (96-I.Rochell).,3.872,-0.277,run,,,R.Stevenson,,,,,,,,I.Rochell,,,,
2023,6,October 15,away,Las Vegas Raiders,https://www.pro-football-reference.com/boxscores/202310150rai.htm,2,08:45,3,5,LV 24,0,10,(8:45) (Shotgun) 10-M.Jones pass incomplete short left to 1-D.Parker.,3.595,-1.453,pass,,M.Jones,,D.Parker,,,,,,,,,,,
2023,6,October 15,away,Las Vegas Raiders,https://www.pro-football-reference.com/boxscores/202310150rai.htm,2,08:42,4,5,LV 24,3,10,"(8:42) 37-C.Ryland 43 yard field goal is GOOD, Center-49-J.Cardona, Holder-17-B.Baringer.",2.142,0.858,field_goal,,,,,,,,C.Ryland,,,,,,,
2023,6,October 15,away,Las Vegas Raiders,https://www.pro-football-reference.com/boxscores/202310150rai.htm,2,08:38,,,NE 35,3,10,"37-C.Ryland kicks 65 yards from NE 35 to end zone, Touchback.",1.613,0.000,kickoff,,,,,,,,C.Ryland,,,,,,,
2023,6,October 15,away,Las Vegas Raiders,https://www.pro-football-reference.com/boxscores/202310150rai.htm,2,08:38,1,10,LV 25,3,10,(8:38) (Shotgun) 10-J.Garoppolo pass short middle to 35-Z.White to LV 29 for 4 yards (23-K.Dugger; 8-J.Bentley).,1.613,-0.174,pass,,J.Garoppolo,,Z.White,,,,,,,K.Dugger,J.Bentley,,,
2023,6,October 15,away,Las Vegas Raiders,https://www.pro-football-reference.com/boxscores/202310150rai.htm,2,07:59,2,6,LV 29,3,10,"(7:59) 35-Z.White left tackle to LV 30 for 1 yard (48-Ja.Tavai, 93-L.Guy).",1.439,-0.645,run,,,Z.White,,,,,,,,L.Guy,,,,
2023,6,October 15,away,Las Vegas Raiders,https://www.pro-football-reference.com/boxscores/202310150rai.htm,2,07:14,3,5,LV 30,3,10,(7:14) (Shotgun) 10-J.Garoppolo pass incomplete short right to 22-A.Abdullah [8-J.Bentley].,0.794,-1.573,pass,,J.Garoppolo,,A.Abdullah,,,,,,,,,,,
2023,6,October 15,away,Las Vegas Raiders,https://www.pro-football-reference.com/boxscores/202310150rai.htm,2,07:09,4,5,LV 30,3,10,"(7:09) 6-A.Cole punts 57 yards to NE 13, Center-50-J.Bobenmoyer. 27-M.Bryant to NE 27 for 14 yards (22-A.Abdullah).",-0.779,-0.444,punt,,,,,,,A.Cole,,M.Bryant,,A.Abdullah,,,,
2023,6,October 15,away,Las Vegas Raiders,https://www.pro-football-reference.com/boxscores/202310150rai.htm,2,06:58,1,10,NE 27,3,10,(6:58) (Shotgun) 10-M.Jones pass incomplete short right to 84-K.Bourne (98-M.Crosby).,1.222,-0.581,pass,,M.Jones,,K.Bourne,,,,,,,,,,,
2023,6,October 15,away,Las Vegas Raiders,https://www.pro-football-reference.com/boxscores/202310150rai.htm,2,06:55,2,10,NE 27,3,10,(6:55) (Shotgun) 10-M.Jones pass short left to 84-K.Bourne to NE 36 for 9 yards (21-A.Robertson).,0.642,0.864,pass,,M.Jones,,K.Bourne,,,,,,,A.Robertson,,,,
2023,6,October 15,away,Las Vegas Raiders,https://www.pro-football-reference.com/boxscores/202310150rai.htm,2,06:21,3,1,NE 36,3,10,(6:21) 15-E.Elliott left end to NE 43 for 7 yards (5-D.Deablo).,1.505,0.603,run,,,E.Elliott,,,,,,,,D.Deablo,,,,
2023,6,October 15,away,Las Vegas Raiders,https://www.pro-football-reference.com/boxscores/202310150rai.htm,2,05:42,1,10,NE 43,3,10,(5:42) (Shotgun) 10-M.Jones pass incomplete short left.,2.108,-0.529,pass,,M.Jones,,,,,,,,,,,,,
2023,6,October 15,away,Las Vegas Raiders,https://www.pro-football-reference.com/boxscores/202310150rai.htm,2,05:38,2,10,NE 43,3,10,"(5:38) (Shotgun) 10-M.Jones pass short right to 85-H.Henry to 50 for 7 yards (25-T.Moehrig, 5-D.Deablo).",1.579,0.115,pass,,M.Jones,,H.Henry,,,,,,,D.Deablo,,,,
2023,6,October 15,away,Las Vegas Raiders,https://www.pro-football-reference.com/boxscores/202310150rai.htm,2,04:52,3,3,MID 50,3,10,(4:52) (Shotgun) 10-M.Jones pass short left to 88-M.Gesicki to LV 35 for 15 yards (37-T.Hall).,1.694,1.759,pass,,M.Jones,,M.Gesicki,,,,,,,T.Hall,,,,
2023,6,October 15,away,Las Vegas Raiders,https://www.pro-football-reference.com/boxscores/202310150rai.htm,2,04:29,1,10,LV 35,3,10,"(4:29) (No Huddle, Shotgun) 38-R.Stevenson up the middle to LV 30 for 5 yards (98-M.Crosby).",3.453,0.086,run,,,R.Stevenson,,,,,,,,M.Crosby,,,,
2023,6,October 15,away,Las Vegas Raiders,https://www.pro-football-reference.com/boxscores/202310150rai.htm,2,03:48,2,5,LV 30,3,10,(3:48) (Shotgun) 10-M.Jones pass deep right intended for 85-H.Henry INTERCEPTED by 25-T.Moehrig at LV 9. 25-T.Moehrig to LV 34 for 25 yards (1-D.Parker). LV-25-T.Moehrig was injured during the play.,3.540,-5.193,pass,,M.Jones,,H.Henry,T.Moehrig,,,,,,D.Parker,,,,
2023,6,October 15,away,Las Vegas Raiders,https://www.pro-football-reference.com/boxscores/202310150rai.htm,2,03:36,1,10,LV 34,3,10,(3:36) 8-J.Jacobs left end to LV 40 for 6 yards (23-K.Dugger).,1.653,0.094,run,,,J.Jacobs,,,,,,,,K.Dugger,,,,
2023,6,October 15,away,Las Vegas Raiders,https://www.pro-football-reference.com/boxscores/202310150rai.htm,2,02:56,2,4,LV 40,3,10,(2:56) 8-J.Jacobs up the middle to LV 47 for 7 yards (5-J.Peppers). NE-5-J.Peppers was injured during the play.,1.747,0.656,run,,,J.Jacobs,,,,,,,,J.Peppers,,,,
2023,6,October 15,away,Las Vegas Raiders,https://www.pro-football-reference.com/boxscores/202310150rai.htm,2,02:17,1,10,LV 47,3,10,(2:17) 10-J.Garoppolo pass short left to 17-D.Adams to NE 45 for 8 yards (31-Jo.Jones).,2.403,0.413,pass,,J.Garoppolo,,D.Adams,,,,,,,Jo.Jones,,,,
2023,6,October 15,away,Las Vegas Raiders,https://www.pro-football-reference.com/boxscores/202310150rai.htm,2,02:00,2,2,NE 45,3,10,(2:00) 77-T.Munford reported in as eligible.  8-J.Jacobs left guard to NE 41 for 4 yards (92-D.Godchaux).,2.817,0.164,run,,,J.Jacobs,,,,,,,,D.Godchaux,,,,
2023,6,October 15,away,Las Vegas Raiders,https://www.pro-football-reference.com/boxscores/202310150rai.htm,2,01:18,1,10,NE 41,3,10,(1:18) (Shotgun) 10-J.Garoppolo scrambles up the middle to NE 39 for 2 yards (33-A.Jennings).,2.981,-0.360,run,,,J.Garoppolo,,,,,,,,A.Jennings,,,,
2023,6,October 15,away,Las Vegas Raiders,https://www.pro-football-reference.com/boxscores/202310150rai.htm,2,00:41,2,8,NE 39,3,10,(:41) (Shotgun) 10-J.Garoppolo pass short middle to 16-J.Meyers to NE 25 for 14 yards (8-J.Bentley) [48-Ja.Tavai].,2.621,1.144,pass,,J.Garoppolo,,J.Meyers,,,,,,,J.Bentley,,,,
2023,6,October 15,away,Las Vegas Raiders,https://www.pro-football-reference.com/boxscores/202310150rai.htm,2,00:35,,,NE 25,3,10,Timeout #1 by LV at 00:35.,3.765,0.000,no_play,,,,,,,,,,,,,,,
2023,6,October 15,away,Las Vegas Raiders,https://www.pro-football-reference.com/boxscores/202310150rai.htm,2,00:35,1,10,NE 25,3,10,"(:35) (Shotgun) 10-J.Garoppolo pass incomplete deep left to 16-J.Meyers.
PENALTY on LV-16-J.Meyers, Offensive Pass Interference, 10 yards, enforced at NE 25 - No Play.",3.765,-1.254,no_play,,,,,,,,,,,,,,,J.Meyers
2023,6,October 15,away,Las Vegas Raiders,https://www.pro-football-reference.com/boxscores/202310150rai.htm,2,00:30,,,NE 35,3,10,Timeout #2 by NE at 00:30.,2.511,0.000,no_play,,,,,,,,,,,,,,,
2023,6,October 15,away,Las Vegas Raiders,https://www.pro-football-reference.com/boxscores/202310150rai.htm,2,00:30,1,20,NE 35,3,10,(:30) (Shotgun) 10-J.Garoppolo pass incomplete short middle to 8-J.Jacobs (90-C.Barmore).,2.511,-0.245,pass,,J.Garoppolo,,J.Jacobs,,,,,,,,,,,
2023,6,October 15,away,Las Vegas Raiders,https://www.pro-football-reference.com/boxscores/202310150rai.htm,2,00:27,2,20,NE 35,3,10,(:27) (Shotgun) 10-J.Garoppolo pass incomplete short right to 8-J.Jacobs.,2.266,-0.294,pass,,J.Garoppolo,,J.Jacobs,,,,,,,,,,,
2023,6,October 15,away,Las Vegas Raiders,https://www.pro-football-reference.com/boxscores/202310150rai.htm,2,00:20,3,20,NE 35,3,10,(:20) (Shotgun) 10-J.Garoppolo pass deep middle to 16-J.Meyers to NE 19 for 16 yards (31-Jo.Jones).,1.972,0.707,pass,,J.Garoppolo,,J.Meyers,,,,,,,Jo.Jones,,,,
2023,6,October 15,away,Las Vegas Raiders,https://www.pro-football-reference.com/boxscores/202310150rai.htm,2,00:14,,,NE 19,3,10,Timeout #2 by LV at 00:14.,2.679,0.000,no_play,,,,,,,,,,,,,,,
2023,6,October 15,away,Las Vegas Raiders,https://www.pro-football-reference.com/boxscores/202310150rai.htm,2,00:14,4,4,NE 19,3,13,"(:14) 2-D.Carlson 37 yard field goal is GOOD, Center-50-J.Bobenmoyer, Holder-6-A.Cole.",2.679,0.321,field_goal,,,,,,,,D.Carlson,,,,,,,
2023,6,October 15,away,Las Vegas Raiders,https://www.pro-football-reference.com/boxscores/202310150rai.htm,2,00:10,,,LV 35,3,13,"2-D.Carlson kicks 65 yards from LV 35 to end zone, Touchback.",0.191,-0.191,kickoff,,,,,,,,D.Carlson,,,,,,,
2023,6,October 15,away,Las Vegas Raiders,https://www.pro-football-reference.com/boxscores/202310150rai.htm,2,00:10,1,10,NE 25,3,13,(:10) 10-M.Jones kneels to NE 24 for -1 yards.,0.000,0.000,qb_kneel,,,M.Jones,,,,,,,,,,,,
2023,6,October 15,away,Las Vegas Raiders,https://www.pro-football-reference.com/boxscores/202310150rai.htm,3,15:00,,,LV 35,3,13,"2-D.Carlson kicks 65 yards from LV 35 to end zone, Touchback.",1.008,0.000,kickoff,,,,,,,,D.Carlson,,,,,,,
2023,6,October 15,away,Las Vegas Raiders,https://www.pro-football-reference.com/boxscores/202310150rai.htm,3,15:00,1,10,NE 25,3,13,(15:00) (Shotgun) 38-R.Stevenson left guard to NE 40 for 15 yards (98-M.Crosby). NE-38-R.Stevenson was injured during the play.,1.008,0.915,run,,,R.Stevenson,,,,,,,,M.Crosby,,,,
2023,6,October 15,away,Las Vegas Raiders,https://www.pro-football-reference.com/boxscores/202310150rai.htm,3,14:34,1,10,NE 40,3,13,(14:34) (Shotgun) 15-E.Elliott left guard to NE 48 for 8 yards (5-D.Deablo; 98-M.Crosby).,1.924,0.699,run,,,E.Elliott,,,,,,,,D.Deablo,M.Crosby,,,
2023,6,October 15,away,Las Vegas Raiders,https://www.pro-football-reference.com/boxscores/202310150rai.htm,3,13:53,2,2,NE 48,3,13,(13:53) (Shotgun) 10-M.Jones pass short left to 86-P.Brown to LV 37 for 15 yards (1-M.Epps; 41-R.Spillane).,2.623,1.000,pass,,M.Jones,,P.Brown,,,,,,,M.Epps,R.Spillane,,,
2023,6,October 15,away,Las Vegas Raiders,https://www.pro-football-reference.com/boxscores/202310150rai.htm,3,13:11,1,10,LV 37,3,13,(13:11) (Shotgun) 15-E.Elliott left guard to LV 31 for 6 yards (91-B.Nichols).,3.623,0.309,run,,,E.Elliott,,,,,,,,B.Nichols,,,,
2023,6,October 15,away,Las Vegas Raiders,https://www.pro-football-reference.com/boxscores/202310150rai.htm,3,12:30,2,4,LV 31,3,13,(12:30) 10-M.Jones pass short left to 88-M.Gesicki pushed ob at LV 26 for 5 yards (21-A.Robertson).,3.932,0.514,pass,,M.Jones,,M.Gesicki,,,,,,,A.Robertson,,,,
2023,6,October 15,away,Las Vegas Raiders,https://www.pro-football-reference.com/boxscores/202310150rai.htm,3,11:49,1,10,LV 26,3,13,"(11:49) (Shotgun) 15-E.Elliott right tackle to LV 26 for no gain (95-J.Jenkins, 41-R.Spillane).
PENALTY on LV-98-M.Crosby, Defensive Offside, 5 yards, enforced at LV 26 - No Play.",4.446,0.403,no_play,,,,,,,,,,,,,,,M.Crosby
2023,6,October 15,away,Las Vegas Raiders,https://www.pro-football-reference.com/boxscores/202310150rai.htm,3,11:23,1,5,LV 21,3,13,(11:23) (Shotgun) 15-E.Elliott left tackle pushed ob at LV 14 for 7 yards (21-A.Robertson).,4.849,0.299,run,,,E.Elliott,,,,,,,,A.Robertson,,,,
2023,6,October 15,away,Las Vegas Raiders,https://www.pro-football-reference.com/boxscores/202310150rai.htm,3,10:50,1,10,LV 14,3,13,(10:50) 10-M.Jones pass short left to 88-M.Gesicki pushed ob at LV 6 for 8 yards (5-D.Deablo).,5.148,0.475,pass,,M.Jones,,M.Gesicki,,,,,,,D.Deablo,,,,
2023,6,October 15,away,Las Vegas Raiders,https://www.pro-football-reference.com/boxscores/202310150rai.htm,3,10:17,2,2,LV 6,3,13,(10:17) 15-E.Elliott up the middle to LV 2 for 4 yards (9-T.Wilson).,5.622,0.694,run,,,E.Elliott,,,,,,,,T.Wilson,,,,
2023,6,October 15,away,Las Vegas Raiders,https://www.pro-football-reference.com/boxscores/202310150rai.htm,3,09:38,1,2,LV 2,3,13,(9:38) (Shotgun) 10-M.Jones pass short middle to 84-K.Bourne to LV 2 for no gain (25-T.Moehrig).,6.317,-0.377,pass,,M.Jones,,K.Bourne,,,,,,,T.Moehrig,,,,
2023,6,October 15,away,Las Vegas Raiders,https://www.pro-football-reference.com/boxscores/202310150rai.htm,3,08:59,2,2,LV 2,9,13,"(8:59) (Shotgun) Direct snap to 15-E.Elliott.  15-E.Elliott up the middle for 2 yards, TOUCHDOWN.",5.940,1.060,run,,,E.Elliott,,,,,,,,,,,,
2023,6,October 15,away,Las Vegas Raiders,https://www.pro-football-reference.com/boxscores/202310150rai.htm,3,08:56,,,LV 15,10,13,"37-C.Ryland extra point is GOOD, Center-49-J.Cardona, Holder-17-B.Baringer.",0.949,0.051,extra_point,,,,,,,,C.Ryland,,,,,,,
2023,6,October 15,away,Las Vegas Raiders,https://www.pro-football-reference.com/boxscores/202310150rai.htm,3,08:56,,,NE 35,10,13,"37-C.Ryland kicks 65 yards from NE 35 to end zone, Touchback.",1.683,0.000,kickoff,,,,,,,,C.Ryland,,,,,,,
2023,6,October 15,away,Las Vegas Raiders,https://www.pro-football-reference.com/boxscores/202310150rai.htm,3,08:56,1,10,LV 25,10,13,(8:56) 77-T.Munford reported in as eligible.  7-B.Hoyer pass short middle to 8-J.Jacobs to LV 29 for 4 yards (23-K.Dugger).,1.683,-0.097,pass,,B.Hoyer,,J.Jacobs,,,,,,,K.Dugger,,,,
2023,6,October 15,away,Las Vegas Raiders,https://www.pro-football-reference.com/boxscores/202310150rai.htm,3,08:21,2,6,LV 29,10,13,(8:21) 8-J.Jacobs up the middle to LV 31 for 2 yards (48-Ja.Tavai; 92-D.Godchaux).,1.586,-0.581,run,,,J.Jacobs,,,,,,,,Ja.Tavai,D.Godchaux,,,
2023,6,October 15,away,Las Vegas Raiders,https://www.pro-football-reference.com/boxscores/202310150rai.htm,3,07:39,3,4,LV 31,10,13,(7:39) (Shotgun) 7-B.Hoyer pass deep middle to 11-T.Tucker to NE 21 for 48 yards (31-Jo.Jones). NE-31-Jo.Jones was injured during the play.,1.004,3.979,pass,,B.Hoyer,,T.Tucker,,,,,,,Jo.Jones,,,,
2023,6,October 15,away,Las Vegas Raiders,https://www.pro-football-reference.com/boxscores/202310150rai.htm,3,07:12,1,10,NE 21,10,13,(7:12) 8-J.Jacobs left tackle to NE 19 for 2 yards (93-L.Guy).,4.983,-0.458,run,,,J.Jacobs,,,,,,,,L.Guy,,,,
2023,6,October 15,away,Las Vegas Raiders,https://www.pro-football-reference.com/boxscores/202310150rai.htm,3,06:31,2,8,NE 19,10,13,(6:31) (Shotgun) 8-J.Jacobs up the middle to NE 19 for no gain (5-J.Peppers).,4.525,-0.708,run,,,J.Jacobs,,,,,,,,J.Peppers,,,,
2023,6,October 15,away,Las Vegas Raiders,https://www.pro-football-reference.com/boxscores/202310150rai.htm,3,05:53,3,8,NE 19,10,13,(5:53) (Shotgun) 7-B.Hoyer pass short middle to 87-M.Mayer to NE 11 for 8 yards (5-J.Peppers).,3.817,1.585,pass,,B.Hoyer,,M.Mayer,,,,,,,J.Peppers,,,,
2023,6,October 15,away,Las Vegas Raiders,https://www.pro-football-reference.com/boxscores/202310150rai.htm,3,05:10,1,10,NE 11,10,13,"(5:10) 8-J.Jacobs left tackle to NE 8 for 3 yards (8-J.Bentley; 5-J.Peppers).
PENALTY on LV-77-T.Munford, Offensive Holding, 10 yards, enforced at NE 11 - No Play.",5.402,-1.086,no_play,,,,,,,,,,,,,,,T.Munford
2023,6,October 15,away,Las Vegas Raiders,https://www.pro-football-reference.com/boxscores/202310150rai.htm,3,04:51,1,20,NE 21,10,13,(4:51) (Shotgun) 7-B.Hoyer pass incomplete deep right to 16-J.Meyers.,4.316,-0.546,pass,,B.Hoyer,,J.Meyers,,,,,,,,,,,
2023,6,October 15,away,Las Vegas Raiders,https://www.pro-football-reference.com/boxscores/202310150rai.htm,3,04:46,2,20,NE 21,10,13,(4:46) (Shotgun) 7-B.Hoyer pass short left to 11-T.Tucker to NE 12 for 9 yards (26-S.Wade).,3.770,0.054,pass,,B.Hoyer,,T.Tucker,,,,,,,S.Wade,,,,
2023,6,October 15,away,Las Vegas Raiders,https://www.pro-football-reference.com/boxscores/202310150rai.htm,3,04:02,3,11,NE 12,10,13,(4:02) (Shotgun) 7-B.Hoyer pass incomplete short right to 87-M.Mayer.,3.824,-0.950,pass,,B.Hoyer,,M.Mayer,,,,,,,,,,,
2023,6,October 15,away,Las Vegas Raiders,https://www.pro-football-reference.com/boxscores/202310150rai.htm,3,03:58,4,11,NE 12,10,16,"(3:58) 2-D.Carlson 30 yard field goal is GOOD, Center-50-J.Bobenmoyer, Holder-6-A.Cole.",2.873,0.127,field_goal,,,,,,,,D.Carlson,,,,,,,
2023,6,October 15,away,Las Vegas Raiders,https://www.pro-football-reference.com/boxscores/202310150rai.htm,3,03:55,,,LV 35,10,16,"2-D.Carlson kicks 65 yards from LV 35 to end zone, Touchback.",1.090,0.000,kickoff,,,,,,,,D.Carlson,,,,,,,
2023,6,October 15,away,Las Vegas Raiders,https://www.pro-football-reference.com/boxscores/202310150rai.htm,3,03:55,1,10,NE 25,10,16,(3:55) (Shotgun) 10-M.Jones sacked at NE 21 for -4 yards (95-J.Jenkins).,1.090,-1.391,pass,,M.Jones,,,,J.Jenkins,,,,,J.Jenkins,,,,
2023,6,October 15,away,Las Vegas Raiders,https://www.pro-football-reference.com/boxscores/202310150rai.htm,3,03:21,2,14,NE 21,10,16,(3:21) (Shotgun) 10-M.Jones pass short left to 11-T.Thornton to NE 27 for 6 yards (0-J.Bennett).,-0.301,0.104,pass,,M.Jones,,T.Thornton,,,,,,,J.Bennett,,,,
2023,6,October 15,away,Las Vegas Raiders,https://www.pro-football-reference.com/boxscores/202310150rai.htm,3,02:43,3,8,NE 27,10,16,(2:43) (Shotgun) 10-M.Jones pass incomplete short left to 85-H.Henry.,-0.198,-1.392,pass,,M.Jones,,H.Henry,,,,,,,,,,,
2023,6,October 15,away,Las Vegas Raiders,https://www.pro-football-reference.com/boxscores/202310150rai.htm,3,02:39,4,8,NE 27,10,16,"(2:39) 17-B.Baringer punts 51 yards to LV 22, Center-49-J.Cardona. 3-D.Carter to LV 35 for 13 yards (49-J.Cardona). LV-37-T.Hall was injured during the play.",-1.590,-0.587,punt,,,,,,,B.Baringer,,D.Carter,,J.Cardona,,,,
2023,6,October 15,away,Las Vegas Raiders,https://www.pro-football-reference.com/boxscores/202310150rai.htm,3,02:27,1,10,LV 35,10,16,(2:27) 77-T.Munford reported in as eligible.  7-B.Hoyer pass deep left to 17-D.Adams to NE 44 for 21 yards (2-J.Mills; 29-J.Jackson).,2.176,1.225,pass,,B.Hoyer,,D.Adams,,,,,,,J.Mills,J.Jackson,,,
2023,6,October 15,away,Las Vegas Raiders,https://www.pro-football-reference.com/boxscores/202310150rai.htm,3,01:50,1,10,NE 44,10,16,(1:50) 8-J.Jacobs left end pushed ob at NE 26 for 18 yards (21-A.Phillips).,3.401,1.230,run,,,J.Jacobs,,,,,,,,A.Phillips,,,,
2023,6,October 15,away,Las Vegas Raiders,https://www.pro-football-reference.com/boxscores/202310150rai.htm,3,01:15,1,10,NE 26,10,16,(1:15) 8-J.Jacobs left guard to NE 23 for 3 yards (91-D.Wise; 92-D.Godchaux).,4.631,-0.239,run,,,J.Jacobs,,,,,,,,D.Wise,D.Godchaux,,,
2023,6,October 15,away,Las Vegas Raiders,https://www.pro-football-reference.com/boxscores/202310150rai.htm,3,00:28,2,7,NE 23,10,16,"(:28) 8-J.Jacobs up the middle to NE 21 for 2 yards (33-A.Jennings, 21-A.Phillips).",4.392,-0.435,run,,,J.Jacobs,,,,,,,,A.Phillips,,,,
2023,6,October 15,away,Las Vegas Raiders,https://www.pro-football-reference.com/boxscores/202310150rai.htm,4,15:00,3,5,NE 21,10,16,(15:00) (Shotgun) 7-B.Hoyer pass short middle to 81-A.Hooper to NE 9 for 12 yards (27-M.Bryant).,3.957,1.442,pass,,B.Hoyer,,A.Hooper,,,,,,,M.Bryant,,,,
2023,6,October 15,away,Las Vegas Raiders,https://www.pro-football-reference.com/boxscores/202310150rai.htm,4,14:25,1,9,NE 9,10,16,"(14:25) 8-J.Jacobs right end to NE 7 for 2 yards (48-Ja.Tavai, 3-M.Wilson). LV-70-G.Van Roten was injured during the play.",5.399,-0.249,run,,,J.Jacobs,,,,,,,,M.Wilson,,,,
2023,6,October 15,away,Las Vegas Raiders,https://www.pro-football-reference.com/boxscores/202310150rai.htm,4,13:52,2,7,NE 7,10,16,(13:52) 8-J.Jacobs up the middle to NE 6 for 1 yard (93-L.Guy).,5.150,-0.832,run,,,J.Jacobs,,,,,,,,L.Guy,,,,
2023,6,October 15,away,Las Vegas Raiders,https://www.pro-football-reference.com/boxscores/202310150rai.htm,4,13:09,3,6,NE 6,10,16,(13:09) (Shotgun) 7-B.Hoyer pass incomplete short right to 17-D.Adams.,4.318,-1.352,pass,,B.Hoyer,,D.Adams,,,,,,,,,,,
2023,6,October 15,away,Las Vegas Raiders,https://www.pro-football-reference.com/boxscores/202310150rai.htm,4,13:06,4,6,NE 6,10,19,"(13:06) 2-D.Carlson 24 yard field goal is GOOD, Center-50-J.Bobenmoyer, Holder-6-A.Cole.",2.966,0.034,field_goal,,,,,,,,D.Carlson,,,,,,,
2023,6,October 15,away,Las Vegas Raiders,https://www.pro-football-reference.com/boxscores/202310150rai.htm,4,13:03,,,LV 35,10,19,"2-D.Carlson kicks 65 yards from LV 35 to end zone, Touchback.",1.236,0.000,kickoff,,,,,,,,D.Carlson,,,,,,,
2023,6,October 15,away,Las Vegas Raiders,https://www.pro-football-reference.com/boxscores/202310150rai.htm,4,13:03,1,10,NE 25,10,19,(13:03) 10-M.Jones pass short right to 84-K.Bourne to NE 31 for 6 yards (37-T.Hall).,1.236,0.127,pass,,M.Jones,,K.Bourne,,,,,,,T.Hall,,,,
2023,6,October 15,away,Las Vegas Raiders,https://www.pro-football-reference.com/boxscores/202310150rai.htm,4,12:24,2,4,NE 31,10,19,(12:24) 38-R.Stevenson right guard to NE 34 for 3 yards (98-M.Crosby). NE-85-H.Henry was injured during the play.,1.363,-0.037,run,,,R.Stevenson,,,,,,,,M.Crosby,,,,
2023,6,October 15,away,Las Vegas Raiders,https://www.pro-football-reference.com/boxscores/202310150rai.htm,4,12:07,3,1,NE 34,10,19,"(12:07) 84-K.Bourne left end to NE 38 for 4 yards (37-T.Hall, 5-D.Deablo).",1.326,0.639,run,,,K.Bourne,,,,,,,,D.Deablo,,,,
2023,6,October 15,away,Las Vegas Raiders,https://www.pro-football-reference.com/boxscores/202310150rai.htm,4,11:25,1,10,NE 38,10,19,(11:25) (Shotgun) 10-M.Jones pass short right to 84-K.Bourne pushed ob at NE 39 for 1 yard (25-T.Moehrig).,1.965,-0.469,pass,,M.Jones,,K.Bourne,,,,,,,T.Moehrig,,,,
2023,6,October 15,away,Las Vegas Raiders,https://www.pro-football-reference.com/boxscores/202310150rai.htm,4,10:42,2,9,NE 39,10,19,(10:42) (Shotgun) 10-M.Jones pass short right to 84-K.Bourne to NE 47 for 8 yards (41-R.Spillane).,1.496,0.663,pass,,M.Jones,,K.Bourne,,,,,,,R.Spillane,,,,
2023,6,October 15,away,Las Vegas Raiders,https://www.pro-football-reference.com/boxscores/202310150rai.htm,4,10:05,3,1,NE 47,10,19,(10:05) 38-R.Stevenson left tackle to LV 46 for 7 yards (37-T.Hall; 98-M.Crosby). LV-37-T.Hall was injured during the play.,2.160,0.816,run,,,R.Stevenson,,,,,,,,T.Hall,M.Crosby,,,
2023,6,October 15,away,Las Vegas Raiders,https://www.pro-football-reference.com/boxscores/202310150rai.htm,4,09:26,1,10,LV 46,10,19,(9:26) 10-M.Jones pass incomplete deep right to 11-T.Thornton.,2.975,-0.472,pass,,M.Jones,,T.Thornton,,,,,,,,,,,
2023,6,October 15,away,Las Vegas Raiders,https://www.pro-football-reference.com/boxscores/202310150rai.htm,4,09:19,2,10,LV 46,10,19,(9:19) 10-M.Jones pass short right to 38-R.Stevenson to LV 42 for 4 yards (69-A.Butler).,2.503,-0.519,pass,,M.Jones,,R.Stevenson,,,,,,,A.Butler,,,,
2023,6,October 15,away,Las Vegas Raiders,https://www.pro-football-reference.com/boxscores/202310150rai.htm,4,08:33,3,6,LV 42,10,19,"(8:33) (Shotgun) 10-M.Jones pass incomplete deep left to 88-M.Gesicki.
PENALTY on LV-21-A.Robertson, Defensive Holding, 5 yards, enforced at LV 42 - No Play.",1.984,1.597,no_play,,,,,,,,,,,,,,,A.Robertson
2023,6,October 15,away,Las Vegas Raiders,https://www.pro-football-reference.com/boxscores/202310150rai.htm,4,08:27,1,10,LV 37,10,19,(8:27) (Shotgun) 16-M.Cunningham sacked at LV 42 for -5 yards (21-A.Robertson).,3.581,-1.285,pass,,M.Cunningham,,,,A.Robertson,,,,,A.Robertson,,,,
2023,6,October 15,away,Las Vegas Raiders,https://www.pro-football-reference.com/boxscores/202310150rai.htm,4,07:43,2,15,LV 42,10,19,(7:43) (Shotgun) 10-M.Jones pass short middle to 84-K.Bourne to LV 36 for 6 yards (5-D.Deablo).,2.296,0.058,pass,,M.Jones,,K.Bourne,,,,,,,D.Deablo,,,,
2023,6,October 15,away,Las Vegas Raiders,https://www.pro-football-reference.com/boxscores/202310150rai.htm,4,07:02,3,9,LV 36,10,19,(7:02) (Shotgun) 10-M.Jones pass short left to 84-K.Bourne to LV 21 for 15 yards (0-J.Bennett).,2.354,2.184,pass,,M.Jones,,K.Bourne,,,,,,,J.Bennett,,,,
2023,6,October 15,away,Las Vegas Raiders,https://www.pro-football-reference.com/boxscores/202310150rai.htm,4,06:22,1,10,LV 21,10,19,(6:22) (Shotgun) 10-M.Jones pass short right to 84-K.Bourne to LV 17 for 4 yards (41-R.Spillane; 24-M.Peters).,4.538,-0.108,pass,,M.Jones,,K.Bourne,,,,,,,R.Spillane,M.Peters,,,
2023,6,October 15,away,Las Vegas Raiders,https://www.pro-football-reference.com/boxscores/202310150rai.htm,4,05:47,2,6,LV 17,10,19,(5:47) (Shotgun) 10-M.Jones pass short middle to 14-T.Montgomery to LV 8 for 9 yards (93-B.Young). LV-21-A.Robertson was injured during the play.,4.429,0.908,pass,,M.Jones,,T.Montgomery,,,,,,,B.Young,,,,
2023,6,October 15,away,Las Vegas Raiders,https://www.pro-football-reference.com/boxscores/202310150rai.htm,4,05:10,1,8,LV 8,10,19,"(5:10) (Shotgun) 38-R.Stevenson right guard to LV 3 for 5 yards (91-B.Nichols, 95-J.Jenkins).",5.337,0.352,run,,,R.Stevenson,,,,,,,,J.Jenkins,,,,
2023,6,October 15,away,Las Vegas Raiders,https://www.pro-football-reference.com/boxscores/202310150rai.htm,4,04:32,2,3,LV 3,10,19,"(4:32) PENALTY on NE-62-S.Sow, False Start, 5 yards, enforced at LV 3 - No Play.",5.689,-0.967,no_play,,,,,,,,,,,,,,,S.Sow
2023,6,October 15,away,Las Vegas Raiders,https://www.pro-football-reference.com/boxscores/202310150rai.htm,4,04:32,2,8,LV 8,10,19,"(4:32) (Shotgun) 10-M.Jones pass incomplete short right to 84-K.Bourne.
PENALTY on NE, Illegal Shift, 5 yards, enforced at LV 8 - No Play.",4.722,-0.508,no_play,,,,,,,,,,,,,,,
2023,6,October 15,away,Las Vegas Raiders,https://www.pro-football-reference.com/boxscores/202310150rai.htm,4,04:28,,,LV 13,10,19,Timeout #1 by LV at 04:28.,4.215,0.000,no_play,,,,,,,,,,,,,,,
2023,6,October 15,away,Las Vegas Raiders,https://www.pro-football-reference.com/boxscores/202310150rai.htm,4,04:28,2,13,LV 13,10,19,(4:28) (Shotgun) 10-M.Jones pass short middle to 38-R.Stevenson to LV 7 for 6 yards (5-D.Deablo; 41-R.Spillane).,4.215,-0.091,pass,,M.Jones,,R.Stevenson,,,,,,,D.Deablo,R.Spillane,,,
2023,6,October 15,away,Las Vegas Raiders,https://www.pro-football-reference.com/boxscores/202310150rai.htm,4,03:43,3,7,LV 7,10,19,"(3:43) (Shotgun) 10-M.Jones pass short left to 84-K.Bourne to LV 3 for 4 yards (37-T.Hall, 41-R.Spillane).
PENALTY on LV-98-M.Crosby, Roughing the Passer, 2 yards, enforced at LV 3.",4.123,2.339,pass,,M.Jones,,K.Bourne,,,,,,,R.Spillane,,,,M.Crosby
2023,6,October 15,away,Las Vegas Raiders,https://www.pro-football-reference.com/boxscores/202310150rai.htm,4,03:36,1,1,LV 1,16,19,"(3:36) 38-R.Stevenson left tackle for 1 yard, TOUCHDOWN.",6.463,0.537,run,,,R.Stevenson,,,,,,,,,,,,
2023,6,October 15,away,Las Vegas Raiders,https://www.pro-football-reference.com/boxscores/202310150rai.htm,4,03:33,,,LV 15,17,19,"37-C.Ryland extra point is GOOD, Center-49-J.Cardona, Holder-17-B.Baringer.",0.949,0.051,extra_point,,,,,,,,C.Ryland,,,,,,,
2023,6,October 15,away,Las Vegas Raiders,https://www.pro-football-reference.com/boxscores/202310150rai.htm,4,03:33,,,NE 35,17,19,"37-C.Ryland kicks 65 yards from NE 35 to end zone, Touchback.",0.962,0.000,kickoff,,,,,,,,C.Ryland,,,,,,,
2023,6,October 15,away,Las Vegas Raiders,https://www.pro-football-reference.com/boxscores/202310150rai.htm,4,03:33,1,10,LV 25,17,19,(3:33) 7-B.Hoyer pass incomplete short right to 16-J.Meyers (5-J.Peppers).,0.962,-0.587,pass,,B.Hoyer,,J.Meyers,,,,,,,,,,,
2023,6,October 15,away,Las Vegas Raiders,https://www.pro-football-reference.com/boxscores/202310150rai.htm,4,03:29,2,10,LV 25,17,19,(3:29) 8-J.Jacobs left tackle to LV 27 for 2 yards (3-M.Wilson; 90-C.Barmore).,0.376,-0.316,run,,,J.Jacobs,,,,,,,,M.Wilson,C.Barmore,,,
2023,6,October 15,away,Las Vegas Raiders,https://www.pro-football-reference.com/boxscores/202310150rai.htm,4,02:48,3,8,LV 27,17,19,"(2:48) (Shotgun) 7-B.Hoyer pass incomplete short left to 11-T.Tucker.
PENALTY on NE-29-J.Jackson, Defensive Pass Interference, 11 yards, enforced at LV 27 - No Play.",0.059,1.709,no_play,,,,,,,,,,,,,,,J.Jackson
2023,6,October 15,away,Las Vegas Raiders,https://www.pro-football-reference.com/boxscores/202310150rai.htm,4,02:44,1,10,LV 38,17,19,(2:44) 77-T.Munford reported in as eligible.  8-J.Jacobs left tackle to LV 43 for 5 yards (90-C.Barmore).,1.768,-0.022,run,,,J.Jacobs,,,,,,,,C.Barmore,,,,
2023,6,October 15,away,Las Vegas Raiders,https://www.pro-football-reference.com/boxscores/202310150rai.htm,4,02:39,,,LV 43,17,19,Timeout #1 by NE at 02:39.,1.746,0.000,no_play,,,,,,,,,,,,,,,
2023,6,October 15,away,Las Vegas Raiders,https://www.pro-football-reference.com/boxscores/202310150rai.htm,4,02:39,2,5,LV 43,17,19,(2:39) 8-J.Jacobs up the middle to LV 46 for 3 yards (5-J.Peppers).,1.746,-0.521,run,,,J.Jacobs,,,,,,,,J.Peppers,,,,
2023,6,October 15,away,Las Vegas Raiders,https://www.pro-football-reference.com/boxscores/202310150rai.htm,4,02:35,,,LV 46,17,19,Timeout #2 by NE at 02:35.,1.225,0.000,no_play,,,,,,,,,,,,,,,
2023,6,October 15,away,Las Vegas Raiders,https://www.pro-football-reference.com/boxscores/202310150rai.htm,4,02:35,3,2,LV 46,17,19,"(2:35) 8-J.Jacobs up the middle to LV 45 for -1 yards (90-C.Barmore, 3-M.Wilson).",1.225,-1.865,run,,,J.Jacobs,,,,,,,,M.Wilson,,,,
2023,6,October 15,away,Las Vegas Raiders,https://www.pro-football-reference.com/boxscores/202310150rai.htm,4,02:31,,,LV 45,17,19,Timeout #3 by NE at 02:31.,-0.640,0.000,no_play,,,,,,,,,,,,,,,
2023,6,October 15,away,Las Vegas Raiders,https://www.pro-football-reference.com/boxscores/202310150rai.htm,4,02:31,4,3,LV 45,17,19,"(2:31) 6-A.Cole punts 46 yards to NE 9, Center-50-J.Bobenmoyer, fair catch by 27-M.Bryant.",-0.640,-0.454,punt,,,,,,,A.Cole,,M.Bryant,,,,,,
2023,6,October 15,away,Las Vegas Raiders,https://www.pro-football-reference.com/boxscores/202310150rai.htm,4,02:23,1,10,NE 9,17,19,(2:23) (Shotgun) 10-M.Jones pass short middle to 38-R.Stevenson to NE 15 for 6 yards (41-R.Spillane).,1.095,-0.085,pass,,M.Jones,,R.Stevenson,,,,,,,R.Spillane,,,,
2023,6,October 15,away,Las Vegas Raiders,https://www.pro-football-reference.com/boxscores/202310150rai.htm,4,02:05,2,4,NE 15,17,19,"(2:05) (No Huddle, Shotgun) 38-R.Stevenson left guard to NE 20 for 5 yards (5-D.Deablo, 41-R.Spillane).
PENALTY on NE-68-A.Mafi, Offensive Holding, 7 yards, enforced at NE 15 - No Play.",1.009,-0.885,no_play,,,,,,,,,,,,,,,A.Mafi
2023,6,October 15,away,Las Vegas Raiders,https://www.pro-football-reference.com/boxscores/202310150rai.htm,4,01:59,2,11,NE 8,17,19,(1:59) (Shotgun) 10-M.Jones pass incomplete deep left to 1-D.Parker (1-M.Epps).,0.124,-0.426,pass,,M.Jones,,D.Parker,,,,,,,,,,,
2023,6,October 15,away,Las Vegas Raiders,https://www.pro-football-reference.com/boxscores/202310150rai.htm,4,01:52,3,11,NE 8,17,19,"(1:52) (Shotgun) PENALTY on NE, Delay of Game, 4 yards, enforced at NE 8 - No Play.",-0.301,-0.278,no_play,,,,,,,,,,,,,,,
2023,6,October 15,away,Las Vegas Raiders,https://www.pro-football-reference.com/boxscores/202310150rai.htm,4,01:52,3,15,NE 4,17,21,"(1:52) (Shotgun) 10-M.Jones sacked in End Zone for -4 yards, SAFETY (sack split by 91-B.Nichols and 98-M.Crosby).",-0.579,-1.421,pass,,M.Jones,,,,B.Nichols,,,,,B.Nichols,M.Crosby,,,
2023,6,October 15,away,Las Vegas Raiders,https://www.pro-football-reference.com/boxscores/202310150rai.htm,4,01:47,,,NE 20,17,21,"17-B.Baringer kicks onside 16 yards from NE 20 to NE 36, fair catch by 13-H.Renfrow.",0.590,1.225,kickoff,,,,,,,,B.Baringer,H.Renfrow,,,,,,
2023,6,October 15,away,Las Vegas Raiders,https://www.pro-football-reference.com/boxscores/202310150rai.htm,4,01:47,1,10,NE 36,17,21,(1:47) 7-B.Hoyer kneels to NE 37 for -1 yards.,1.815,-0.362,qb_kneel,,,B.Hoyer,,,,,,,,,,,,
2023,6,October 15,away,Las Vegas Raiders,https://www.pro-football-reference.com/boxscores/202310150rai.htm,4,01:06,2,11,NE 37,17,21,(1:06) 7-B.Hoyer kneels to NE 38 for -1 yards.,1.454,-0.125,qb_kneel,,,B.Hoyer,,,,,,,,,,,,
2023,6,October 15,away,Las Vegas Raiders,https://www.pro-football-reference.com/boxscores/202310150rai.htm,4,00:33,3,12,NE 38,17,21,(:33) 7-B.Hoyer kneels to NE 39 for -1 yards.,1.329,-1.329,qb_kneel,,,B.Hoyer,,,,,,,,,,,,
2023,7,October 22,home,Buffalo Bills,https://www.pro-football-reference.com/boxscores/202310220nwe.htm,1,15:00,,,BUF 35,0,0,"2-T.Bass kicks 65 yards from BUF 35 to end zone, Touchback.",1.474,0.000,kickoff,,,,,,,,T.Bass,,,,,,,
2023,7,October 22,home,Buffalo Bills,https://www.pro-football-reference.com/boxscores/202310220nwe.htm,1,15:00,1,10,NE 25,0,0,(15:00) 10-M.Jones pass short left to 81-D.Douglas to NE 34 for 9 yards (30-D.Jackson).,1.474,0.888,pass,,M.Jones,,D.Douglas,,,,,,,D.Jackson,,,,
2023,7,October 22,home,Buffalo Bills,https://www.pro-football-reference.com/boxscores/202310220nwe.htm,1,14:26,2,1,NE 34,0,0,(14:26) (Shotgun) 10-M.Jones scrambles up the middle to NE 39 for 5 yards (7-Ta.Johnson).,2.362,0.057,run,,,M.Jones,,,,,,,,Ta.Johnson,,,,
2023,7,October 22,home,Buffalo Bills,https://www.pro-football-reference.com/boxscores/202310220nwe.htm,1,13:48,1,10,NE 39,0,0,"(13:48) (Shotgun) 10-M.Jones pass short middle to 11-T.Thornton to NE 41 for 2 yards (42-D.Williams, 21-J.Poyer).",2.419,-0.409,pass,,M.Jones,,T.Thornton,,,,,,,J.Poyer,,,,
2023,7,October 22,home,Buffalo Bills,https://www.pro-football-reference.com/boxscores/202310220nwe.htm,1,13:11,2,8,NE 41,0,0,"(13:11) 38-R.Stevenson right guard to BUF 45 for 14 yards (98-P.Ford, 23-M.Hyde).",2.010,1.318,run,,,R.Stevenson,,,,,,,,M.Hyde,,,,
2023,7,October 22,home,Buffalo Bills,https://www.pro-football-reference.com/boxscores/202310220nwe.htm,1,12:38,1,10,BUF 45,0,0,(12:38) 10-M.Jones pass short right to 86-P.Brown to BUF 20 for 25 yards (42-D.Williams; 43-T.Bernard).,3.328,1.612,pass,,M.Jones,,P.Brown,,,,,,,D.Williams,T.Bernard,,,
2023,7,October 22,home,Buffalo Bills,https://www.pro-football-reference.com/boxscores/202310220nwe.htm,1,11:58,1,10,BUF 20,0,0,(11:58) (Shotgun) 38-R.Stevenson right guard to BUF 15 for 5 yards (42-D.Williams).,4.940,0.096,run,,,R.Stevenson,,,,,,,,D.Williams,,,,
2023,7,October 22,home,Buffalo Bills,https://www.pro-football-reference.com/boxscores/202310220nwe.htm,1,11:22,2,5,BUF 15,0,0,(11:22) 38-R.Stevenson right guard to BUF 14 for 1 yard (57-A.Epenesa; 42-D.Williams).,5.036,-0.672,run,,,R.Stevenson,,,,,,,,A.Epenesa,D.Williams,,,
2023,7,October 22,home,Buffalo Bills,https://www.pro-football-reference.com/boxscores/202310220nwe.htm,1,10:46,3,4,BUF 14,0,0,(10:46) (Shotgun) 38-R.Stevenson right guard to BUF 12 for 2 yards (99-T.Settle).,4.364,-1.543,run,,,R.Stevenson,,,,,,,,T.Settle,,,,
2023,7,October 22,home,Buffalo Bills,https://www.pro-football-reference.com/boxscores/202310220nwe.htm,1,10:05,4,2,BUF 12,3,0,"(10:05) 37-C.Ryland 30 yard field goal is GOOD, Center-49-J.Cardona, Holder-17-B.Baringer.",2.821,0.179,field_goal,,,,,,,,C.Ryland,,,,,,,
2023,7,October 22,home,Buffalo Bills,https://www.pro-football-reference.com/boxscores/202310220nwe.htm,1,10:02,,,NE 35,3,0,37-C.Ryland kicks 65 yards from NE 35 to BUF 0. 26-T.Johnson to BUF 24 for 24 yards (21-A.Phillips; 45-C.Board).,0.871,-0.275,kickoff,,,,,,,,C.Ryland,T.Johnson,,A.Phillips,C.Board,,,
2023,7,October 22,home,Buffalo Bills,https://www.pro-football-reference.com/boxscores/202310220nwe.htm,1,09:55,1,10,BUF 24,3,0,(9:55) 17-J.Allen pass deep right intended for 88-D.Knox INTERCEPTED by 5-J.Peppers at BUF 46. 5-J.Peppers to BUF 45 for 1 yard (86-D.Kincaid).,0.596,-3.883,pass,,J.Allen,,D.Knox,J.Peppers,,,,,,D.Kincaid,,,,
2023,7,October 22,home,Buffalo Bills,https://www.pro-football-reference.com/boxscores/202310220nwe.htm,1,09:47,1,10,BUF 45,3,0,(9:47) 10-M.Jones pass incomplete short left to 15-E.Elliott.,3.287,-0.508,pass,,M.Jones,,E.Elliott,,,,,,,,,,,
2023,7,October 22,home,Buffalo Bills,https://www.pro-football-reference.com/boxscores/202310220nwe.htm,1,09:42,2,10,BUF 45,3,0,(9:42) (Shotgun) 10-M.Jones pass short right to 81-D.Douglas pushed ob at BUF 35 for 10 yards (30-D.Jackson).,2.779,1.099,pass,,M.Jones,,D.Douglas,,,,,,,D.Jackson,,,,
2023,7,October 22,home,Buffalo Bills,https://www.pro-football-reference.com/boxscores/202310220nwe.htm,1,09:11,1,10,BUF 35,3,0,(9:11) (Shotgun) 15-E.Elliott up the middle to BUF 28 for 7 yards (42-D.Williams).,3.878,0.381,run,,,E.Elliott,,,,,,,,D.Williams,,,,
2023,7,October 22,home,Buffalo Bills,https://www.pro-football-reference.com/boxscores/202310220nwe.htm,1,08:33,2,3,BUF 28,3,0,(8:33) 15-E.Elliott up the middle to BUF 26 for 2 yards (43-T.Bernard).,4.259,-0.229,run,,,E.Elliott,,,,,,,,T.Bernard,,,,
2023,7,October 22,home,Buffalo Bills,https://www.pro-football-reference.com/boxscores/202310220nwe.htm,1,07:54,3,1,BUF 26,3,0,"(7:54) 10-M.Jones pass deep right to 81-D.Douglas to BUF 10 for 16 yards (7-Ta.Johnson).
Penalty on BUF-7-Ta.Johnson, Defensive Pass Interference, declined.",4.030,1.242,pass,,M.Jones,,D.Douglas,,,,,,,Ta.Johnson,,,,
2023,7,October 22,home,Buffalo Bills,https://www.pro-football-reference.com/boxscores/202310220nwe.htm,1,07:36,1,10,BUF 10,3,0,(7:36) (Shotgun) 15-E.Elliott up the middle to BUF 2 for 8 yards (43-T.Bernard).,5.272,0.771,run,,,E.Elliott,,,,,,,,T.Bernard,,,,
2023,7,October 22,home,Buffalo Bills,https://www.pro-football-reference.com/boxscores/202310220nwe.htm,1,07:05,2,2,BUF 2,9,0,"(7:05) 15-E.Elliott up the middle for 2 yards, TOUCHDOWN. NE 15-Elliott 70th career rush TD, 34th all-time.",6.043,0.957,run,,,E.Elliott,,,,,,,,,,,,
2023,7,October 22,home,Buffalo Bills,https://www.pro-football-reference.com/boxscores/202310220nwe.htm,1,06:58,,,BUF 15,10,0,"37-C.Ryland extra point is GOOD, Center-49-J.Cardona, Holder-17-B.Baringer.",0.932,0.068,extra_point,,,,,,,,C.Ryland,,,,,,,
2023,7,October 22,home,Buffalo Bills,https://www.pro-football-reference.com/boxscores/202310220nwe.htm,1,06:58,,,NE 35,10,0,"37-C.Ryland kicks 65 yards from NE 35 to end zone, Touchback.",0.869,0.000,kickoff,,,,,,,,C.Ryland,,,,,,,
2023,7,October 22,home,Buffalo Bills,https://www.pro-football-reference.com/boxscores/202310220nwe.htm,1,06:58,1,10,BUF 25,10,0,"(6:58) 4-J.Cook up the middle to BUF 29 for 4 yards (92-D.Godchaux, 91-D.Wise).",0.869,-0.033,run,,,J.Cook,,,,,,,,D.Wise,,,,
2023,7,October 22,home,Buffalo Bills,https://www.pro-football-reference.com/boxscores/202310220nwe.htm,1,06:19,2,6,BUF 29,10,0,(6:19) (Shotgun) 17-J.Allen pass short right to 10-K.Shakir to BUF 34 for 5 yards (27-M.Bryant).,0.836,0.277,pass,,J.Allen,,K.Shakir,,,,,,,M.Bryant,,,,
2023,7,October 22,home,Buffalo Bills,https://www.pro-football-reference.com/boxscores/202310220nwe.htm,1,05:42,3,1,BUF 34,10,0,"(5:42) (Shotgun) 17-J.Allen up the middle to BUF 36 for 2 yards (91-D.Wise).
PENALTY on BUF-64-O.Torrence, Offensive Offside, 4 yards, enforced at BUF 34 - No Play.",1.113,-1.017,no_play,,,,,,,,,,,,,,,O.Torrence
2023,7,October 22,home,Buffalo Bills,https://www.pro-football-reference.com/boxscores/202310220nwe.htm,1,05:15,3,5,BUF 30,10,0,(5:15) (Shotgun) 17-J.Allen pass deep left to 4-J.Cook to NE 42 for 28 yards (23-K.Dugger).,0.096,2.934,pass,,J.Allen,,J.Cook,,,,,,,K.Dugger,,,,
2023,7,October 22,home,Buffalo Bills,https://www.pro-football-reference.com/boxscores/202310220nwe.htm,1,04:27,1,10,NE 42,10,0,"(4:27) (Shotgun) 4-J.Cook up the middle to NE 39 for 3 yards (92-D.Godchaux, 48-Ja.Tavai).",3.030,-0.283,run,,,J.Cook,,,,,,,,Ja.Tavai,,,,
2023,7,October 22,home,Buffalo Bills,https://www.pro-football-reference.com/boxscores/202310220nwe.htm,1,03:44,2,7,NE 39,10,0,(3:44) (Shotgun) 17-J.Allen pass incomplete deep right to 13-G.Davis.,2.747,-0.871,pass,,J.Allen,,G.Davis,,,,,,,,,,,
2023,7,October 22,home,Buffalo Bills,https://www.pro-football-reference.com/boxscores/202310220nwe.htm,1,03:35,3,7,NE 39,10,0,"(3:35) (Shotgun) 17-J.Allen scrambles up the middle to NE 38 for 1 yard (33-A.Jennings).
PENALTY on NE-2-J.Mills, Illegal Contact, 5 yards, enforced at NE 38.",1.876,1.760,run,,,J.Allen,,,,,,,,A.Jennings,,,,J.Mills
2023,7,October 22,home,Buffalo Bills,https://www.pro-football-reference.com/boxscores/202310220nwe.htm,1,03:04,1,10,NE 33,10,0,(3:04) (Shotgun) 17-J.Allen pass short left to 4-J.Cook to NE 23 for 10 yards (91-D.Wise). Measurement.,3.636,0.757,pass,,J.Allen,,J.Cook,,,,,,,D.Wise,,,,
2023,7,October 22,home,Buffalo Bills,https://www.pro-football-reference.com/boxscores/202310220nwe.htm,1,02:21,1,10,NE 23,10,0,(2:21) (Shotgun) 17-J.Allen pass short right to 14-S.Diggs to NE 17 for 6 yards (27-M.Bryant).,4.393,0.285,pass,,J.Allen,,S.Diggs,,,,,,,M.Bryant,,,,
2023,7,October 22,home,Buffalo Bills,https://www.pro-football-reference.com/boxscores/202310220nwe.htm,1,01:35,2,4,NE 17,10,0,(1:35) 76-D.Edwards reported in as eligible.  4-J.Cook left end pushed ob at NE 11 for 6 yards (31-Jo.Jones).,4.678,0.323,run,,,J.Cook,,,,,,,,Jo.Jones,,,,
2023,7,October 22,home,Buffalo Bills,https://www.pro-football-reference.com/boxscores/202310220nwe.htm,1,00:54,1,10,NE 11,10,0,(:54) (Shotgun) 28-L.Murray up the middle to NE 8 for 3 yards (33-A.Jennings; 5-J.Peppers).,5.001,-0.144,run,,,L.Murray,,,,,,,,A.Jennings,J.Peppers,,,
2023,7,October 22,home,Buffalo Bills,https://www.pro-football-reference.com/boxscores/202310220nwe.htm,1,00:14,2,7,NE 8,10,0,(:14) (Shotgun) 17-J.Allen pass incomplete short left to 14-S.Diggs.,4.858,-0.794,pass,,J.Allen,,S.Diggs,,,,,,,,,,,
2023,7,October 22,home,Buffalo Bills,https://www.pro-football-reference.com/boxscores/202310220nwe.htm,1,00:06,3,7,NE 8,10,0,"(:06) (Shotgun) 17-J.Allen pass short middle to 88-D.Knox for 8 yards, TOUCHDOWN NULLIFIED by Penalty.
PENALTY on BUF-28-L.Murray, Offensive Pass Interference, 10 yards, enforced at NE 8 - No Play.",4.064,-1.069,no_play,,,,,,,,,,,,,,,L.Murray
2023,7,October 22,home,Buffalo Bills,https://www.pro-football-reference.com/boxscores/202310220nwe.htm,2,15:00,3,17,NE 18,10,0,(15:00) (Shotgun) 17-J.Allen pass incomplete deep right to 13-G.Davis.,2.995,-0.377,pass,,J.Allen,,G.Davis,,,,,,,,,,,
2023,7,October 22,home,Buffalo Bills,https://www.pro-football-reference.com/boxscores/202310220nwe.htm,2,14:52,4,17,NE 18,10,3,"(14:52) 2-T.Bass 36 yard field goal is GOOD, Center-69-R.Ferguson, Holder-8-S.Martin.",2.618,0.382,field_goal,,,,,,,,T.Bass,,,,,,,
2023,7,October 22,home,Buffalo Bills,https://www.pro-football-reference.com/boxscores/202310220nwe.htm,2,14:49,,,BUF 35,10,3,"2-T.Bass kicks 65 yards from BUF 35 to end zone, Touchback.",1.192,0.000,kickoff,,,,,,,,T.Bass,,,,,,,
2023,7,October 22,home,Buffalo Bills,https://www.pro-football-reference.com/boxscores/202310220nwe.htm,2,14:49,1,10,NE 25,10,3,(14:49) (Shotgun) 10-M.Jones pass incomplete short left to 84-K.Bourne.,1.192,-0.563,pass,,M.Jones,,K.Bourne,,,,,,,,,,,
2023,7,October 22,home,Buffalo Bills,https://www.pro-football-reference.com/boxscores/202310220nwe.htm,2,14:41,2,10,NE 25,10,3,(14:41) 38-R.Stevenson left guard to NE 26 for 1 yard (7-Ta.Johnson).,0.629,-0.706,run,,,R.Stevenson,,,,,,,,Ta.Johnson,,,,
2023,7,October 22,home,Buffalo Bills,https://www.pro-football-reference.com/boxscores/202310220nwe.htm,2,14:04,3,9,NE 26,10,3,"(14:04) (Shotgun) 10-M.Jones pass short middle to 38-R.Stevenson to NE 34 for 8 yards (7-Ta.Johnson, 21-J.Poyer).",-0.077,-0.120,pass,,M.Jones,,R.Stevenson,,,,,,,J.Poyer,,,,
2023,7,October 22,home,Buffalo Bills,https://www.pro-football-reference.com/boxscores/202310220nwe.htm,2,13:14,4,1,NE 34,10,3,"(13:14) (Punt formation) PENALTY on NE-41-B.Schooler, False Start, 4 yards, enforced at NE 34 - No Play.",-0.197,-0.783,no_play,,,,,,,,,,,,,,,B.Schooler
2023,7,October 22,home,Buffalo Bills,https://www.pro-football-reference.com/boxscores/202310220nwe.htm,2,13:08,4,5,NE 30,10,3,"(13:08) 17-B.Baringer punts 64 yards to BUF 6, Center-49-J.Cardona. 11-D.Harty to BUF 13 for 7 yards (41-B.Schooler).",-0.980,0.856,punt,,,,,,,B.Baringer,,D.Harty,,B.Schooler,,,,
2023,7,October 22,home,Buffalo Bills,https://www.pro-football-reference.com/boxscores/202310220nwe.htm,2,12:56,1,10,BUF 13,10,3,(12:56) 17-J.Allen pass short left to 86-D.Kincaid to BUF 21 for 8 yards (29-J.Jackson).,0.124,0.568,pass,,J.Allen,,D.Kincaid,,,,,,,J.Jackson,,,,
2023,7,October 22,home,Buffalo Bills,https://www.pro-football-reference.com/boxscores/202310220nwe.htm,2,12:13,2,2,BUF 21,10,3,(12:13) 4-J.Cook left end to BUF 16 for -5 yards (33-A.Jennings).,0.692,-1.497,run,,,J.Cook,,,,,,,,A.Jennings,,,,
2023,7,October 22,home,Buffalo Bills,https://www.pro-football-reference.com/boxscores/202310220nwe.htm,2,11:27,3,7,BUF 16,10,3,"(11:27) (Shotgun) PENALTY on BUF, Delay of Game, 5 yards, enforced at BUF 16 - No Play.",-0.805,-0.683,no_play,,,,,,,,,,,,,,,
2023,7,October 22,home,Buffalo Bills,https://www.pro-football-reference.com/boxscores/202310220nwe.htm,2,11:01,3,12,BUF 11,10,3,"(11:01) (Shotgun) PENALTY on NE-91-D.Wise, Neutral Zone Infraction, 5 yards, enforced at BUF 11 - No Play.",-1.489,0.716,no_play,,,,,,,,,,,,,,,D.Wise
2023,7,October 22,home,Buffalo Bills,https://www.pro-football-reference.com/boxscores/202310220nwe.htm,2,10:43,3,7,BUF 16,10,3,(10:43) (Shotgun) 17-J.Allen pass incomplete deep right to 14-S.Diggs.,-0.772,-1.200,pass,,J.Allen,,S.Diggs,,,,,,,,,,,
2023,7,October 22,home,Buffalo Bills,https://www.pro-football-reference.com/boxscores/202310220nwe.htm,2,10:36,4,7,BUF 16,10,3,"(10:36) 8-S.Martin punts 55 yards to NE 29, Center-69-R.Ferguson. 81-D.Douglas to BUF 46 for 25 yards (26-T.Johnson).",-1.972,-0.926,punt,,,,,,,S.Martin,,D.Douglas,,T.Johnson,,,,
2023,7,October 22,home,Buffalo Bills,https://www.pro-football-reference.com/boxscores/202310220nwe.htm,2,10:20,1,10,BUF 46,10,3,(10:20) (Shotgun) 10-M.Jones pass short right to 84-K.Bourne pushed ob at BUF 13 for 33 yards (30-D.Jackson).,2.898,2.091,pass,,M.Jones,,K.Bourne,,,,,,,D.Jackson,,,,
2023,7,October 22,home,Buffalo Bills,https://www.pro-football-reference.com/boxscores/202310220nwe.htm,2,09:46,1,10,BUF 13,10,3,"(9:46) 15-E.Elliott left guard to BUF 10 for 3 yards (30-D.Jackson, 57-A.Epenesa).",4.988,-0.327,run,,,E.Elliott,,,,,,,,A.Epenesa,,,,
2023,7,October 22,home,Buffalo Bills,https://www.pro-football-reference.com/boxscores/202310220nwe.htm,2,09:01,2,7,BUF 10,10,3,(9:01) (Shotgun) 15-E.Elliott up the middle to BUF 13 for -3 yards (23-M.Hyde).,4.661,-0.902,run,,,E.Elliott,,,,,,,,M.Hyde,,,,
2023,7,October 22,home,Buffalo Bills,https://www.pro-football-reference.com/boxscores/202310220nwe.htm,2,08:21,3,10,BUF 13,10,3,(8:21) (Shotgun) 10-M.Jones pass short right to 84-K.Bourne to BUF 6 for 7 yards (47-C.Benford).,3.759,-0.826,pass,,M.Jones,,K.Bourne,,,,,,,C.Benford,,,,
2023,7,October 22,home,Buffalo Bills,https://www.pro-football-reference.com/boxscores/202310220nwe.htm,2,07:39,4,3,BUF 6,13,3,"(7:39) 37-C.Ryland 24 yard field goal is GOOD, Center-49-J.Cardona, Holder-17-B.Baringer.",2.934,0.066,field_goal,,,,,,,,C.Ryland,,,,,,,
2023,7,October 22,home,Buffalo Bills,https://www.pro-football-reference.com/boxscores/202310220nwe.htm,2,07:36,,,NE 35,13,3,"37-C.Ryland kicks 65 yards from NE 35 to end zone, Touchback.",1.164,0.000,kickoff,,,,,,,,C.Ryland,,,,,,,
2023,7,October 22,home,Buffalo Bills,https://www.pro-football-reference.com/boxscores/202310220nwe.htm,2,07:36,1,10,BUF 25,13,3,(7:36) (Shotgun) 17-J.Allen pass short middle to 86-D.Kincaid to BUF 32 for 7 yards (13-J.Jones; 5-J.Peppers).,1.164,0.306,pass,,J.Allen,,D.Kincaid,,,,,,,J.Jones,J.Peppers,,,
2023,7,October 22,home,Buffalo Bills,https://www.pro-football-reference.com/boxscores/202310220nwe.htm,2,07:02,2,3,BUF 32,13,3,(7:02) (Shotgun) 4-J.Cook up the middle to BUF 36 for 4 yards (8-J.Bentley; 92-D.Godchaux).,1.470,0.323,run,,,J.Cook,,,,,,,,J.Bentley,D.Godchaux,,,
2023,7,October 22,home,Buffalo Bills,https://www.pro-football-reference.com/boxscores/202310220nwe.htm,2,06:24,1,10,BUF 36,13,3,(6:24) 17-J.Allen pass short middle to 86-D.Kincaid to NE 49 for 15 yards (8-J.Bentley; 13-J.Jones).,1.792,0.894,pass,,J.Allen,,D.Kincaid,,,,,,,J.Bentley,J.Jones,,,
2023,7,October 22,home,Buffalo Bills,https://www.pro-football-reference.com/boxscores/202310220nwe.htm,2,05:40,1,10,NE 49,13,3,(5:40) (Shotgun) 17-J.Allen pass short right to 13-G.Davis to NE 43 for 6 yards (29-J.Jackson).,2.686,0.251,pass,,J.Allen,,G.Davis,,,,,,,J.Jackson,,,,
2023,7,October 22,home,Buffalo Bills,https://www.pro-football-reference.com/boxscores/202310220nwe.htm,2,05:09,2,4,NE 43,13,3,(5:09) (Shotgun) 4-J.Cook right guard to NE 36 for 7 yards (48-Ja.Tavai).,2.937,0.479,run,,,J.Cook,,,,,,,,Ja.Tavai,,,,
2023,7,October 22,home,Buffalo Bills,https://www.pro-football-reference.com/boxscores/202310220nwe.htm,2,04:33,1,10,NE 36,13,3,(4:33) (Shotgun) 4-J.Cook right guard to NE 32 for 4 yards (23-K.Dugger).,3.416,-0.128,run,,,J.Cook,,,,,,,,K.Dugger,,,,
2023,7,October 22,home,Buffalo Bills,https://www.pro-football-reference.com/boxscores/202310220nwe.htm,2,03:55,2,6,NE 32,13,3,(3:55) 17-J.Allen pass incomplete deep left to 13-G.Davis.,3.288,-0.601,pass,,J.Allen,,G.Davis,,,,,,,,,,,
2023,7,October 22,home,Buffalo Bills,https://www.pro-football-reference.com/boxscores/202310220nwe.htm,2,03:48,3,6,NE 32,13,3,(3:48) (Shotgun) 17-J.Allen pass short right to 86-D.Kincaid to NE 18 for 14 yards (23-K.Dugger).,2.686,1.864,pass,,J.Allen,,D.Kincaid,,,,,,,K.Dugger,,,,
2023,7,October 22,home,Buffalo Bills,https://www.pro-football-reference.com/boxscores/202310220nwe.htm,2,03:12,1,10,NE 18,13,3,(3:12) (Shotgun) 4-J.Cook up the middle to NE 17 for 1 yard (8-J.Bentley; 93-L.Guy).,4.550,-0.672,run,,,J.Cook,,,,,,,,J.Bentley,L.Guy,,,
2023,7,October 22,home,Buffalo Bills,https://www.pro-football-reference.com/boxscores/202310220nwe.htm,2,02:38,2,9,NE 17,13,3,(2:38) (Shotgun) 17-J.Allen sacked at NE 24 for -7 yards (90-C.Barmore).,3.878,-1.155,pass,,J.Allen,,,,C.Barmore,,,,,C.Barmore,,,,
2023,7,October 22,home,Buffalo Bills,https://www.pro-football-reference.com/boxscores/202310220nwe.htm,2,02:00,3,16,NE 24,13,3,(2:00) (Shotgun) 17-J.Allen pass incomplete short right [91-D.Wise].,2.723,-0.491,pass,,J.Allen,,,,,,,,,,,,,
2023,7,October 22,home,Buffalo Bills,https://www.pro-football-reference.com/boxscores/202310220nwe.htm,2,01:55,4,16,NE 24,13,3,"(1:55) 2-T.Bass 42 yard field goal is No Good, Wide Right, Center-69-R.Ferguson, Holder-8-S.Martin.",2.232,-3.526,field_goal,,,,,,,,T.Bass,,,,,,,
2023,7,October 22,home,Buffalo Bills,https://www.pro-football-reference.com/boxscores/202310220nwe.htm,2,01:51,1,10,NE 32,13,3,(1:51) (Shotgun) 10-M.Jones pass short right to 84-K.Bourne pushed ob at NE 37 for 5 yards (30-D.Jackson).,1.294,-0.137,pass,,M.Jones,,K.Bourne,,,,,,,D.Jackson,,,,
2023,7,October 22,home,Buffalo Bills,https://www.pro-football-reference.com/boxscores/202310220nwe.htm,2,01:47,2,5,NE 37,13,3,(1:47) (Shotgun) 10-M.Jones pass short right to 88-M.Gesicki to NE 41 for 4 yards (43-T.Bernard).,1.157,0.186,pass,,M.Jones,,M.Gesicki,,,,,,,T.Bernard,,,,
2023,7,October 22,home,Buffalo Bills,https://www.pro-football-reference.com/boxscores/202310220nwe.htm,2,01:17,3,1,NE 41,13,3,(1:17) 10-M.Jones up the middle to NE 43 for 2 yards (43-T.Bernard).,1.343,0.172,run,,,M.Jones,,,,,,,,T.Bernard,,,,
2023,7,October 22,home,Buffalo Bills,https://www.pro-football-reference.com/boxscores/202310220nwe.htm,2,01:14,,,NE 43,13,3,Timeout #1 by NE at 01:14.,1.515,0.000,no_play,,,,,,,,,,,,,,,
2023,7,October 22,home,Buffalo Bills,https://www.pro-football-reference.com/boxscores/202310220nwe.htm,2,01:14,1,10,NE 43,13,3,(1:14) (Shotgun) 10-M.Jones scrambles left guard to NE 47 for 4 yards (50-G.Rousseau).,1.515,-0.031,run,,,M.Jones,,,,,,,,G.Rousseau,,,,
2023,7,October 22,home,Buffalo Bills,https://www.pro-football-reference.com/boxscores/202310220nwe.htm,2,00:50,2,6,NE 47,13,3,"(:50) (No Huddle, Shotgun) 10-M.Jones pass short left to 38-R.Stevenson to BUF 49 for 4 yards (43-T.Bernard).",1.485,-0.143,pass,,M.Jones,,R.Stevenson,,,,,,,T.Bernard,,,,
2023,7,October 22,home,Buffalo Bills,https://www.pro-football-reference.com/boxscores/202310220nwe.htm,2,00:32,3,2,BUF 49,13,3,"(:32) (No Huddle, Shotgun) 10-M.Jones pass incomplete short middle to 81-D.Douglas.",1.341,-1.017,pass,,M.Jones,,D.Douglas,,,,,,,,,,,
2023,7,October 22,home,Buffalo Bills,https://www.pro-football-reference.com/boxscores/202310220nwe.htm,2,00:29,4,2,BUF 49,13,3,"(:29) 17-B.Baringer punts 46 yards to BUF 3, Center-49-J.Cardona, out of bounds.",0.324,-0.288,punt,,,,,,,B.Baringer,,,,,,,,
2023,7,October 22,home,Buffalo Bills,https://www.pro-football-reference.com/boxscores/202310220nwe.htm,2,00:21,1,10,BUF 3,13,3,(:21) 76-D.Edwards reported in as eligible.  28-L.Murray left guard to BUF 5 for 2 yards (5-J.Peppers).,-0.036,0.036,run,,,L.Murray,,,,,,,,J.Peppers,,,,
2023,7,October 22,home,Buffalo Bills,https://www.pro-football-reference.com/boxscores/202310220nwe.htm,3,15:00,,,NE 35,13,3,37-C.Ryland kicks 57 yards from NE 35 to BUF 8. 26-T.Johnson pushed ob at BUF 19 for 11 yards (41-B.Schooler).,0.770,-0.578,kickoff,,,,,,,,C.Ryland,T.Johnson,,B.Schooler,,,,
2023,7,October 22,home,Buffalo Bills,https://www.pro-football-reference.com/boxscores/202310220nwe.htm,3,14:58,1,10,BUF 19,13,3,(14:58) (Shotgun) 17-J.Allen pass short left to 14-S.Diggs to BUF 17 for -2 yards (23-K.Dugger).,0.192,-0.929,pass,,J.Allen,,S.Diggs,,,,,,,K.Dugger,,,,
2023,7,October 22,home,Buffalo Bills,https://www.pro-football-reference.com/boxscores/202310220nwe.htm,3,14:21,2,12,BUF 17,13,3,(14:21) 17-J.Allen pass short middle to 14-S.Diggs to BUF 34 for 17 yards (13-J.Jones; 5-J.Peppers).,-0.737,2.122,pass,,J.Allen,,S.Diggs,,,,,,,J.Jones,J.Peppers,,,
2023,7,October 22,home,Buffalo Bills,https://www.pro-football-reference.com/boxscores/202310220nwe.htm,3,13:42,1,10,BUF 34,13,3,(13:42) (Shotgun) 17-J.Allen pass short right to 86-D.Kincaid to BUF 42 for 8 yards (2-J.Mills).,1.385,0.655,pass,,J.Allen,,D.Kincaid,,,,,,,J.Mills,,,,
2023,7,October 22,home,Buffalo Bills,https://www.pro-football-reference.com/boxscores/202310220nwe.htm,3,13:11,2,2,BUF 42,13,3,"(13:11) (Shotgun) 4-J.Cook up the middle to BUF 49 for 7 yards (91-D.Wise; 8-J.Bentley).
PENALTY on BUF-86-D.Kincaid, Offensive Holding, 10 yards, enforced at BUF 45.",2.040,-1.181,run,,,J.Cook,,,,,,,,D.Wise,J.Bentley,,,D.Kincaid
2023,7,October 22,home,Buffalo Bills,https://www.pro-football-reference.com/boxscores/202310220nwe.htm,3,12:53,2,9,BUF 35,13,3,(12:53) (Shotgun) 17-J.Allen pass short left to 11-D.Harty pushed ob at BUF 45 for 10 yards (31-Jo.Jones).,0.859,1.329,pass,,J.Allen,,D.Harty,,,,,,,Jo.Jones,,,,
2023,7,October 22,home,Buffalo Bills,https://www.pro-football-reference.com/boxscores/202310220nwe.htm,3,12:15,1,10,BUF 45,13,3,"(12:15) (Shotgun) 17-J.Allen pass incomplete short left to 86-D.Kincaid.
PENALTY on NE-13-J.Jones, Roughing the Passer, 15 yards, enforced at BUF 45 - No Play.",2.188,1.091,no_play,,,,,,,,,,,,,,,J.Jones
2023,7,October 22,home,Buffalo Bills,https://www.pro-football-reference.com/boxscores/202310220nwe.htm,3,12:11,1,10,NE 40,13,3,"(12:11) (Shotgun) 4-J.Cook up the middle to NE 20 for 20 yards (23-K.Dugger, 5-J.Peppers).",3.279,1.276,run,,,J.Cook,,,,,,,,J.Peppers,,,,
2023,7,October 22,home,Buffalo Bills,https://www.pro-football-reference.com/boxscores/202310220nwe.htm,3,11:33,1,10,NE 20,13,3,(11:33) (Shotgun) 17-J.Allen pass short left to 88-D.Knox to NE 10 for 10 yards (5-J.Peppers).,4.555,0.456,pass,,J.Allen,,D.Knox,,,,,,,J.Peppers,,,,
2023,7,October 22,home,Buffalo Bills,https://www.pro-football-reference.com/boxscores/202310220nwe.htm,3,10:47,1,10,NE 10,13,3,(10:47) (Shotgun) 28-L.Murray up the middle to NE 8 for 2 yards (92-D.Godchaux).,5.010,-0.278,run,,,L.Murray,,,,,,,,D.Godchaux,,,,
2023,7,October 22,home,Buffalo Bills,https://www.pro-football-reference.com/boxscores/202310220nwe.htm,3,10:04,2,8,NE 8,13,3,(10:04) (Shotgun) 76-D.Edwards reported in as eligible.  17-J.Allen pass incomplete short right to 13-G.Davis [48-Ja.Tavai].,4.732,-0.810,pass,,J.Allen,,G.Davis,,,,,,,,,,,
2023,7,October 22,home,Buffalo Bills,https://www.pro-football-reference.com/boxscores/202310220nwe.htm,3,09:57,3,8,NE 8,13,9,"(9:57) (Shotgun) 17-J.Allen pass short left to 4-J.Cook for 8 yards, TOUCHDOWN.",3.922,3.078,pass,,J.Allen,,J.Cook,,,,,,,,,,,
2023,7,October 22,home,Buffalo Bills,https://www.pro-football-reference.com/boxscores/202310220nwe.htm,3,09:53,,,NE 15,13,10,"2-T.Bass extra point is GOOD, Center-69-R.Ferguson, Holder-8-S.Martin.",0.932,0.068,extra_point,,,,,,,,T.Bass,,,,,,,
2023,7,October 22,home,Buffalo Bills,https://www.pro-football-reference.com/boxscores/202310220nwe.htm,3,09:53,,,BUF 35,13,10,"2-T.Bass kicks 65 yards from BUF 35 to end zone, Touchback.",1.395,0.000,kickoff,,,,,,,,T.Bass,,,,,,,
2023,7,October 22,home,Buffalo Bills,https://www.pro-football-reference.com/boxscores/202310220nwe.htm,3,09:53,1,10,NE 25,13,10,(9:53) (Shotgun) 38-R.Stevenson left end to NE 30 for 5 yards (25-T.Dodson).,1.395,0.017,run,,,R.Stevenson,,,,,,,,T.Dodson,,,,
2023,7,October 22,home,Buffalo Bills,https://www.pro-football-reference.com/boxscores/202310220nwe.htm,3,09:20,2,5,NE 30,13,10,(9:20) 10-M.Jones pass short right to 83-J.Reagor to NE 41 for 11 yards (30-D.Jackson).,1.412,1.001,pass,,M.Jones,,J.Reagor,,,,,,,D.Jackson,,,,
2023,7,October 22,home,Buffalo Bills,https://www.pro-football-reference.com/boxscores/202310220nwe.htm,3,08:43,1,10,NE 41,13,10,(8:43) 10-M.Jones pass short middle to 85-H.Henry to BUF 46 for 13 yards (21-J.Poyer).,2.413,0.804,pass,,M.Jones,,H.Henry,,,,,,,J.Poyer,,,,
2023,7,October 22,home,Buffalo Bills,https://www.pro-football-reference.com/boxscores/202310220nwe.htm,3,08:02,1,10,BUF 46,13,10,(8:02) 38-R.Stevenson right tackle to BUF 46 for no gain (98-P.Ford; 90-S.Lawson).,3.218,-0.507,run,,,R.Stevenson,,,,,,,,P.Ford,S.Lawson,,,
2023,7,October 22,home,Buffalo Bills,https://www.pro-football-reference.com/boxscores/202310220nwe.htm,3,07:23,2,10,BUF 46,13,10,(7:23) 81-D.Douglas left end to BUF 26 for 20 yards (21-J.Poyer).,2.711,1.794,run,,,D.Douglas,,,,,,,,J.Poyer,,,,
2023,7,October 22,home,Buffalo Bills,https://www.pro-football-reference.com/boxscores/202310220nwe.htm,3,06:42,1,10,BUF 26,13,10,(6:42) 38-R.Stevenson right guard to BUF 25 for 1 yard (98-P.Ford).,4.505,-0.483,run,,,R.Stevenson,,,,,,,,P.Ford,,,,
2023,7,October 22,home,Buffalo Bills,https://www.pro-football-reference.com/boxscores/202310220nwe.htm,3,06:02,2,9,BUF 25,13,10,(6:02) 10-M.Jones pass short right to 38-R.Stevenson to BUF 27 for -2 yards (47-C.Benford).,4.022,-1.045,pass,,M.Jones,,R.Stevenson,,,,,,,C.Benford,,,,
2023,7,October 22,home,Buffalo Bills,https://www.pro-football-reference.com/boxscores/202310220nwe.htm,3,05:19,3,11,BUF 27,13,10,(5:19) (Shotgun) 10-M.Jones sacked at BUF 31 for -4 yards (21-J.Poyer).,2.977,-1.587,pass,,M.Jones,,,,J.Poyer,,,,,J.Poyer,,,,
2023,7,October 22,home,Buffalo Bills,https://www.pro-football-reference.com/boxscores/202310220nwe.htm,3,04:34,,,BUF 31,13,10,Timeout #1 by NE at 04:34.,1.390,0.000,no_play,,,,,,,,,,,,,,,
2023,7,October 22,home,Buffalo Bills,https://www.pro-football-reference.com/boxscores/202310220nwe.htm,3,04:34,4,15,BUF 31,16,10,"(4:34) 37-C.Ryland 49 yard field goal is GOOD, Center-49-J.Cardona, Holder-17-B.Baringer.",1.390,1.610,field_goal,,,,,,,,C.Ryland,,,,,,,
2023,7,October 22,home,Buffalo Bills,https://www.pro-football-reference.com/boxscores/202310220nwe.htm,3,04:30,,,NE 35,16,10,"37-C.Ryland kicks 65 yards from NE 35 to end zone, Touchback.",1.236,0.000,kickoff,,,,,,,,C.Ryland,,,,,,,
2023,7,October 22,home,Buffalo Bills,https://www.pro-football-reference.com/boxscores/202310220nwe.htm,3,04:30,1,10,BUF 25,16,10,(4:30) 17-J.Allen pass incomplete deep middle to 14-S.Diggs [92-D.Godchaux].,1.236,-0.581,pass,,J.Allen,,S.Diggs,,,,,,,,,,,
2023,7,October 22,home,Buffalo Bills,https://www.pro-football-reference.com/boxscores/202310220nwe.htm,3,04:23,2,10,BUF 25,16,10,"(4:23) (Shotgun) PENALTY on BUF-73-D.Dawkins, False Start, 5 yards, enforced at BUF 25 - No Play.",0.655,-0.747,no_play,,,,,,,,,,,,,,,D.Dawkins
2023,7,October 22,home,Buffalo Bills,https://www.pro-football-reference.com/boxscores/202310220nwe.htm,3,04:23,2,15,BUF 20,16,10,(4:23) (Shotgun) 17-J.Allen pass incomplete deep right to 14-S.Diggs.,-0.092,-0.821,pass,,J.Allen,,S.Diggs,,,,,,,,,,,
2023,7,October 22,home,Buffalo Bills,https://www.pro-football-reference.com/boxscores/202310220nwe.htm,3,04:19,3,15,BUF 20,16,10,(4:19) (Shotgun) 17-J.Allen pass short right to 28-L.Murray to BUF 37 for 17 yards (2-J.Mills).,-0.913,2.899,pass,,J.Allen,,L.Murray,,,,,,,J.Mills,,,,
2023,7,October 22,home,Buffalo Bills,https://www.pro-football-reference.com/boxscores/202310220nwe.htm,3,03:32,1,10,BUF 37,16,10,(3:32) (Shotgun) 17-J.Allen pass short right to 10-K.Shakir to BUF 43 for 6 yards (29-J.Jackson).,1.986,0.322,pass,,J.Allen,,K.Shakir,,,,,,,J.Jackson,,,,
2023,7,October 22,home,Buffalo Bills,https://www.pro-football-reference.com/boxscores/202310220nwe.htm,3,02:58,2,4,BUF 43,16,10,"(2:58) (Shotgun) 4-J.Cook up the middle to BUF 48 for 5 yards (5-J.Peppers, 92-D.Godchaux).",2.308,0.461,run,,,J.Cook,,,,,,,,D.Godchaux,,,,
2023,7,October 22,home,Buffalo Bills,https://www.pro-football-reference.com/boxscores/202310220nwe.htm,3,02:17,1,10,BUF 48,16,10,(2:17) 28-L.Murray left guard to BUF 49 for 1 yard (33-A.Jennings). NE-33-A.Jennings was injured during the play.,2.769,-0.559,run,,,L.Murray,,,,,,,,A.Jennings,,,,
2023,7,October 22,home,Buffalo Bills,https://www.pro-football-reference.com/boxscores/202310220nwe.htm,3,01:53,2,9,BUF 49,16,10,(1:53) (Shotgun) 17-J.Allen scrambles up the middle to 50 for 1 yard (8-J.Bentley; 90-C.Barmore).,2.210,-0.759,run,,,J.Allen,,,,,,,,J.Bentley,C.Barmore,,,
2023,7,October 22,home,Buffalo Bills,https://www.pro-football-reference.com/boxscores/202310220nwe.htm,3,01:11,3,8,MID 50,16,10,"(1:11) (Shotgun) 17-J.Allen pass short middle to 86-D.Kincaid to NE 43 for 7 yards (33-A.Jennings, 3-M.Wilson).",1.452,-0.348,pass,,J.Allen,,D.Kincaid,,,,,,,M.Wilson,,,,
2023,7,October 22,home,Buffalo Bills,https://www.pro-football-reference.com/boxscores/202310220nwe.htm,3,00:25,4,1,NE 43,16,10,(:25) 17-J.Allen up the middle to NE 41 for 2 yards (5-J.Peppers).,1.104,2.187,run,,,J.Allen,,,,,,,,J.Peppers,,,,
2023,7,October 22,home,Buffalo Bills,https://www.pro-football-reference.com/boxscores/202310220nwe.htm,4,15:00,1,10,NE 41,16,10,(15:00) (Shotgun) 4-J.Cook up the middle to NE 38 for 3 yards (90-C.Barmore).,3.291,-0.349,run,,,J.Cook,,,,,,,,C.Barmore,,,,
2023,7,October 22,home,Buffalo Bills,https://www.pro-football-reference.com/boxscores/202310220nwe.htm,4,14:36,2,7,NE 38,16,10,"(14:36) (No Huddle, Shotgun) 17-J.Allen pass incomplete deep right to 14-S.Diggs (29-J.Jackson).",2.941,-0.852,pass,,J.Allen,,S.Diggs,,,,,,,,,,,
2023,7,October 22,home,Buffalo Bills,https://www.pro-football-reference.com/boxscores/202310220nwe.htm,4,14:27,3,7,NE 38,16,10,(14:27) (Shotgun) 17-J.Allen pass short left to 14-S.Diggs to NE 33 for 5 yards (13-J.Jones).,2.090,-0.441,pass,,J.Allen,,S.Diggs,,,,,,,J.Jones,,,,
2023,7,October 22,home,Buffalo Bills,https://www.pro-football-reference.com/boxscores/202310220nwe.htm,4,13:50,4,2,NE 33,16,10,(13:50) (Shotgun) 17-J.Allen pass incomplete short right to 88-D.Knox (8-J.Bentley).,1.648,-3.111,pass,,J.Allen,,D.Knox,,,,,,,,,,,
2023,7,October 22,home,Buffalo Bills,https://www.pro-football-reference.com/boxscores/202310220nwe.htm,4,13:43,1,10,NE 34,16,10,"(13:43) 10-M.Jones pass deep right to 86-P.Brown to BUF 40 for 26 yards (43-T.Bernard, 21-J.Poyer) [90-S.Lawson].",1.463,1.696,pass,,M.Jones,,P.Brown,,,,,,,J.Poyer,,,,
2023,7,October 22,home,Buffalo Bills,https://www.pro-football-reference.com/boxscores/202310220nwe.htm,4,13:02,1,10,BUF 40,16,10,(13:02) (Shotgun) 10-M.Jones pass short left to 84-K.Bourne to BUF 35 for 5 yards (21-J.Poyer).,3.159,0.071,pass,,M.Jones,,K.Bourne,,,,,,,J.Poyer,,,,
2023,7,October 22,home,Buffalo Bills,https://www.pro-football-reference.com/boxscores/202310220nwe.htm,4,12:24,2,5,BUF 35,16,10,(12:24) (Shotgun) 15-E.Elliott left end to BUF 33 for 2 yards (25-T.Dodson).,3.230,-0.350,run,,,E.Elliott,,,,,,,,T.Dodson,,,,
2023,7,October 22,home,Buffalo Bills,https://www.pro-football-reference.com/boxscores/202310220nwe.htm,4,11:45,3,3,BUF 33,16,10,"(11:45) (Shotgun) 10-M.Jones sacked at BUF 39 for -6 yards (56-L.Floyd). FUMBLES (56-L.Floyd) [56-L.Floyd], recovered by NE-71-M.Onwenu at BUF 40.
PENALTY on BUF-7-Ta.Johnson, Illegal Contact, 5 yards, enforced at BUF 33 - No Play.",2.880,1.073,no_play,,,,,,,,,,,,,,,Ta.Johnson
2023,7,October 22,home,Buffalo Bills,https://www.pro-football-reference.com/boxscores/202310220nwe.htm,4,11:16,1,10,BUF 28,16,10,"(11:16) 15-E.Elliott up the middle to BUF 29 for -1 yards (43-T.Bernard, 98-P.Ford).",3.953,-0.744,run,,,E.Elliott,,,,,,,,P.Ford,,,,
2023,7,October 22,home,Buffalo Bills,https://www.pro-football-reference.com/boxscores/202310220nwe.htm,4,10:36,2,11,BUF 29,16,10,"(10:36) 15-E.Elliott up the middle to BUF 19 for 10 yards (43-T.Bernard, 21-J.Poyer).",3.210,0.990,run,,,E.Elliott,,,,,,,,J.Poyer,,,,
2023,7,October 22,home,Buffalo Bills,https://www.pro-football-reference.com/boxscores/202310220nwe.htm,4,09:49,3,1,BUF 19,16,10,(9:49) 15-E.Elliott right guard to BUF 18 for 1 yard (43-T.Bernard; 47-C.Benford).,4.200,0.454,run,,,E.Elliott,,,,,,,,T.Bernard,C.Benford,,,
2023,7,October 22,home,Buffalo Bills,https://www.pro-football-reference.com/boxscores/202310220nwe.htm,4,09:03,1,10,BUF 18,16,10,"(9:03) PENALTY on NE, Delay of Game, 5 yards, enforced at BUF 18 - No Play.",4.654,-0.684,no_play,,,,,,,,,,,,,,,
2023,7,October 22,home,Buffalo Bills,https://www.pro-football-reference.com/boxscores/202310220nwe.htm,4,09:03,1,15,BUF 23,16,10,(9:03) (Shotgun) 10-M.Jones pass deep middle to 81-D.Douglas to BUF 4 for 19 yards (25-T.Dodson).,3.969,1.867,pass,,M.Jones,,D.Douglas,,,,,,,T.Dodson,,,,
2023,7,October 22,home,Buffalo Bills,https://www.pro-football-reference.com/boxscores/202310220nwe.htm,4,08:23,1,4,BUF 4,16,10,(8:23) 15-E.Elliott up the middle to BUF 4 for no gain (25-T.Dodson; 23-M.Hyde).,5.837,-0.425,run,,,E.Elliott,,,,,,,,T.Dodson,M.Hyde,,,
2023,7,October 22,home,Buffalo Bills,https://www.pro-football-reference.com/boxscores/202310220nwe.htm,4,07:40,2,4,BUF 4,22,10,"(7:40) (Shotgun) 10-M.Jones pass short left to 84-K.Bourne for 4 yards, TOUCHDOWN [21-J.Poyer].",5.412,1.588,pass,,M.Jones,,K.Bourne,,,,,,,,,,,
2023,7,October 22,home,Buffalo Bills,https://www.pro-football-reference.com/boxscores/202310220nwe.htm,4,07:36,,,BUF 2,22,10,"TWO-POINT CONVERSION ATTEMPT. 10-M.Jones pass to 88-M.Gesicki is incomplete. ATTEMPT FAILS.
PENALTY on BUF-47-C.Benford, Defensive Pass Interference, 1 yard, enforced at BUF 2 - No Play.",5.832,0.000,no_play,,,,,,,,,,,,,,,C.Benford
2023,7,October 22,home,Buffalo Bills,https://www.pro-football-reference.com/boxscores/202310220nwe.htm,4,07:36,,,BUF 1,22,10,"(Run formation) PENALTY on BUF-97-J.Phillips, Encroachment, 0 yards, enforced at BUF 1 - No Play.",5.832,-4.885,no_play,,,,,,,,,,,,,,,J.Phillips
2023,7,October 22,home,Buffalo Bills,https://www.pro-football-reference.com/boxscores/202310220nwe.htm,4,07:36,,,BUF 1,22,10,TWO-POINT CONVERSION ATTEMPT. 10-M.Jones rushes left guard. ATTEMPT FAILS.,0.947,-0.947,run,1,,M.Jones,,,,,,,,,,,,
2023,7,October 22,home,Buffalo Bills,https://www.pro-football-reference.com/boxscores/202310220nwe.htm,4,07:36,,,NE 35,22,10,"37-C.Ryland kicks 63 yards from NE 35 to BUF 2. 26-T.Johnson to BUF 25 for 23 yards (48-Ja.Tavai, 5-J.Peppers).",1.298,0.036,kickoff,,,,,,,,C.Ryland,T.Johnson,,J.Peppers,,,,
2023,7,October 22,home,Buffalo Bills,https://www.pro-football-reference.com/boxscores/202310220nwe.htm,4,07:28,1,10,BUF 25,22,10,"(7:28) (Shotgun) 17-J.Allen pass short right to 86-D.Kincaid to BUF 37 for 12 yards (23-K.Dugger, 8-J.Bentley).",1.334,0.637,pass,,J.Allen,,D.Kincaid,,,,,,,J.Bentley,,,,
2023,7,October 22,home,Buffalo Bills,https://www.pro-football-reference.com/boxscores/202310220nwe.htm,4,07:04,1,10,BUF 37,22,10,"(7:04) (No Huddle, Shotgun) 17-J.Allen pass short left to 14-S.Diggs to BUF 44 for 7 yards (8-J.Bentley).",1.971,0.375,pass,,J.Allen,,S.Diggs,,,,,,,J.Bentley,,,,
2023,7,October 22,home,Buffalo Bills,https://www.pro-football-reference.com/boxscores/202310220nwe.htm,4,06:41,2,3,BUF 44,22,10,"(6:41) (No Huddle, Shotgun) 17-J.Allen pass incomplete deep right to 11-D.Harty.
PENALTY on NE-90-C.Barmore, Roughing the Passer, 15 yards, enforced at BUF 44 - No Play.",2.346,0.929,no_play,,,,,,,,,,,,,,,C.Barmore
2023,7,October 22,home,Buffalo Bills,https://www.pro-football-reference.com/boxscores/202310220nwe.htm,4,06:36,1,10,NE 41,22,10,(6:36) (Shotgun) 17-J.Allen pass short left to 16-T.Sherfield to NE 36 for 5 yards (29-J.Jackson).,3.275,0.068,pass,,J.Allen,,T.Sherfield,,,,,,,J.Jackson,,,,
2023,7,October 22,home,Buffalo Bills,https://www.pro-football-reference.com/boxscores/202310220nwe.htm,4,06:11,2,5,NE 36,22,10,"(6:11) (No Huddle, Shotgun) 17-J.Allen pass short right to 10-K.Shakir to NE 25 for 11 yards (27-M.Bryant).",3.343,0.844,pass,,J.Allen,,K.Shakir,,,,,,,M.Bryant,,,,
2023,7,October 22,home,Buffalo Bills,https://www.pro-football-reference.com/boxscores/202310220nwe.htm,4,05:40,1,10,NE 25,22,16,"(5:40) (No Huddle, Shotgun) 17-J.Allen pass deep right to 14-S.Diggs for 25 yards, TOUCHDOWN [5-J.Peppers].",4.187,2.813,pass,,J.Allen,,S.Diggs,,,,,,,,,,,
2023,7,October 22,home,Buffalo Bills,https://www.pro-football-reference.com/boxscores/202310220nwe.htm,4,05:32,,,NE 15,22,17,"2-T.Bass extra point is GOOD, Center-69-R.Ferguson, Holder-8-S.Martin.",0.932,0.068,extra_point,,,,,,,,T.Bass,,,,,,,
2023,7,October 22,home,Buffalo Bills,https://www.pro-football-reference.com/boxscores/202310220nwe.htm,4,05:32,,,BUF 35,22,17,"2-T.Bass kicks 65 yards from BUF 35 to end zone, Touchback.",0.670,0.000,kickoff,,,,,,,,T.Bass,,,,,,,
2023,7,October 22,home,Buffalo Bills,https://www.pro-football-reference.com/boxscores/202310220nwe.htm,4,05:32,1,10,NE 25,22,17,"(5:32) 10-M.Jones pass short right to 86-P.Brown to NE 47 for 22 yards (43-T.Bernard).
PENALTY on NE-59-V.Lowe, Ineligible Downfield Pass, 5 yards, enforced at NE 25 - No Play.",0.670,-0.564,no_play,,,,,,,,,,,,,,,V.Lowe
2023,7,October 22,home,Buffalo Bills,https://www.pro-football-reference.com/boxscores/202310220nwe.htm,4,05:05,1,15,NE 20,22,17,"(5:05) (Shotgun) 10-M.Jones pass incomplete short middle to 85-H.Henry (97-J.Phillips, 7-Ta.Johnson).",0.106,-0.475,pass,,M.Jones,,H.Henry,,,,,,,,,,,
2023,7,October 22,home,Buffalo Bills,https://www.pro-football-reference.com/boxscores/202310220nwe.htm,4,05:02,2,15,NE 20,22,17,"(5:02) (Shotgun) 10-M.Jones pass short middle to 84-K.Bourne to NE 29 for 9 yards (30-D.Jackson, 21-J.Poyer). FUMBLES (21-J.Poyer), RECOVERED by BUF-43-T.Bernard at NE 29. 43-T.Bernard to NE 29 for no gain (84-K.Bourne).",-0.369,-3.520,pass,,M.Jones,,K.Bourne,,,,,,,K.Bourne,,J.Poyer,T.Bernard,
2023,7,October 22,home,Buffalo Bills,https://www.pro-football-reference.com/boxscores/202310220nwe.htm,4,04:56,1,10,NE 29,22,17,(4:56) (Shotgun) 17-J.Allen pass short middle to 10-K.Shakir to NE 16 for 13 yards (27-M.Bryant).,3.890,0.805,pass,,J.Allen,,K.Shakir,,,,,,,M.Bryant,,,,
2023,7,October 22,home,Buffalo Bills,https://www.pro-football-reference.com/boxscores/202310220nwe.htm,4,04:22,1,10,NE 16,22,17,(4:22) (Shotgun) 17-J.Allen scrambles up the middle to NE 9 for 7 yards (33-A.Jennings).,4.695,0.366,run,,,J.Allen,,,,,,,,A.Jennings,,,,
2023,7,October 22,home,Buffalo Bills,https://www.pro-football-reference.com/boxscores/202310220nwe.htm,4,03:35,2,3,NE 9,22,17,"(3:35) (Shotgun) 4-J.Cook up the middle to NE 8 for 1 yard (48-Ja.Tavai, 8-J.Bentley).",5.061,-0.364,run,,,J.Cook,,,,,,,,J.Bentley,,,,
2023,7,October 22,home,Buffalo Bills,https://www.pro-football-reference.com/boxscores/202310220nwe.htm,4,02:55,3,2,NE 8,22,17,(2:55) 76-D.Edwards reported in as eligible.  17-J.Allen pass incomplete short right [13-J.Jones].,4.697,-1.747,pass,,J.Allen,,,,,,,,,,,,,
2023,7,October 22,home,Buffalo Bills,https://www.pro-football-reference.com/boxscores/202310220nwe.htm,4,02:50,,,NE 8,22,17,Timeout #1 by BUF at 02:50.,2.951,0.000,no_play,,,,,,,,,,,,,,,
2023,7,October 22,home,Buffalo Bills,https://www.pro-football-reference.com/boxscores/202310220nwe.htm,4,02:50,4,2,NE 8,22,17,(2:50) (Shotgun) 17-J.Allen pass short left to 86-D.Kincaid to NE 4 for 4 yards (29-J.Jackson).,2.951,2.847,pass,,J.Allen,,D.Kincaid,,,,,,,J.Jackson,,,,
2023,7,October 22,home,Buffalo Bills,https://www.pro-football-reference.com/boxscores/202310220nwe.htm,4,02:14,1,4,NE 4,22,17,"(2:14) (Shotgun) 17-J.Allen pass short right to 28-L.Murray to NE 1 for 3 yards (23-K.Dugger).
Penalty on NE-13-J.Jones, Illegal Contact, declined.",5.798,0.249,pass,,J.Allen,,L.Murray,,,,,,,K.Dugger,,,,
2023,7,October 22,home,Buffalo Bills,https://www.pro-football-reference.com/boxscores/202310220nwe.htm,4,02:07,2,1,NE 1,22,17,(2:07) 17-J.Allen up the middle to NE 1 for no gain (8-J.Bentley).,6.047,-0.391,run,,,J.Allen,,,,,,,,J.Bentley,,,,
2023,7,October 22,home,Buffalo Bills,https://www.pro-football-reference.com/boxscores/202310220nwe.htm,4,02:00,3,1,NE 1,22,23,"(2:00) 17-J.Allen up the middle for 1 yard, TOUCHDOWN.",5.656,1.344,run,,,J.Allen,,,,,,,,,,,,
2023,7,October 22,home,Buffalo Bills,https://www.pro-football-reference.com/boxscores/202310220nwe.htm,4,01:58,,,NE 2,22,25,"TWO-POINT CONVERSION ATTEMPT. 17-J.Allen pass to 88-D.Knox is complete. ATTEMPT SUCCEEDS.
PENALTY on NE-30-M.Mapu, Defensive Holding, 5 yards, enforced between downs.",0.947,1.053,no_play,1,J.Allen,,D.Knox,,,,,,,,,,,M.Mapu
2023,7,October 22,home,Buffalo Bills,https://www.pro-football-reference.com/boxscores/202310220nwe.htm,4,01:58,,,BUF 40,22,25,"2-T.Bass kicks 60 yards from BUF 40 to end zone, Touchback.",0.810,0.000,kickoff,,,,,,,,T.Bass,,,,,,,
2023,7,October 22,home,Buffalo Bills,https://www.pro-football-reference.com/boxscores/202310220nwe.htm,4,01:58,1,10,NE 25,22,25,(1:58) (Shotgun) 10-M.Jones pass short right to 38-R.Stevenson pushed ob at BUF 41 for 34 yards (43-T.Bernard).,0.810,1.709,pass,,M.Jones,,R.Stevenson,,,,,,,T.Bernard,,,,
2023,7,October 22,home,Buffalo Bills,https://www.pro-football-reference.com/boxscores/202310220nwe.htm,4,01:49,1,10,BUF 41,22,25,(1:49) (Shotgun) 38-R.Stevenson up the middle to BUF 36 for 5 yards (21-J.Poyer).,2.519,0.263,run,,,R.Stevenson,,,,,,,,J.Poyer,,,,
2023,7,October 22,home,Buffalo Bills,https://www.pro-football-reference.com/boxscores/202310220nwe.htm,4,01:26,2,5,BUF 36,22,25,"(1:26) (No Huddle, Shotgun) 10-M.Jones pass short left to 38-R.Stevenson to BUF 39 for -3 yards (25-T.Dodson).",2.782,-0.837,pass,,M.Jones,,R.Stevenson,,,,,,,T.Dodson,,,,
2023,7,October 22,home,Buffalo Bills,https://www.pro-football-reference.com/boxscores/202310220nwe.htm,4,00:54,3,8,BUF 39,22,25,"(:54) (No Huddle, Shotgun) 10-M.Jones pass short middle to 85-H.Henry to BUF 25 for 14 yards (20-T.Rapp) [57-A.Epenesa].",1.945,1.652,pass,,M.Jones,,H.Henry,,,,,,,T.Rapp,,,,
2023,7,October 22,home,Buffalo Bills,https://www.pro-football-reference.com/boxscores/202310220nwe.htm,4,00:48,,,BUF 25,22,25,Timeout #2 by NE at 00:48.,3.597,0.000,no_play,,,,,,,,,,,,,,,
2023,7,October 22,home,Buffalo Bills,https://www.pro-football-reference.com/boxscores/202310220nwe.htm,4,00:48,1,10,BUF 25,22,25,"(:48) (Shotgun) 10-M.Jones pass short left to 1-D.Parker to BUF 17 for 8 yards (47-C.Benford, 25-T.Dodson).",3.597,0.414,pass,,M.Jones,,D.Parker,,,,,,,T.Dodson,,,,
2023,7,October 22,home,Buffalo Bills,https://www.pro-football-reference.com/boxscores/202310220nwe.htm,4,00:28,2,2,BUF 17,22,25,"(:28) (No Huddle, Shotgun) 10-M.Jones pass short middle to 38-R.Stevenson to BUF 7 for 10 yards (25-T.Dodson).",4.012,1.003,pass,,M.Jones,,R.Stevenson,,,,,,,T.Dodson,,,,
2023,7,October 22,home,Buffalo Bills,https://www.pro-football-reference.com/boxscores/202310220nwe.htm,4,00:23,,,BUF 7,22,25,Timeout #3 by NE at 00:23.,5.014,0.000,no_play,,,,,,,,,,,,,,,
2023,7,October 22,home,Buffalo Bills,https://www.pro-football-reference.com/boxscores/202310220nwe.htm,4,00:23,1,7,BUF 7,22,25,"(:23) (Shotgun) 10-M.Jones pass short left to 81-D.Douglas to BUF 1 for 6 yards (47-C.Benford).
PENALTY on BUF-47-C.Benford, Defensive Pass Interference, 6 yards, enforced at BUF 7 - No Play.",5.014,0.341,no_play,,,,,,,,,,,,,,,C.Benford
2023,7,October 22,home,Buffalo Bills,https://www.pro-football-reference.com/boxscores/202310220nwe.htm,4,00:18,,,BUF 1,22,25,Timeout #2 by BUF at 00:18.,5.355,0.000,no_play,,,,,,,,,,,,,,,
2023,7,October 22,home,Buffalo Bills,https://www.pro-football-reference.com/boxscores/202310220nwe.htm,4,00:18,1,1,BUF 1,22,25,(:18) (Shotgun) 10-M.Jones pass incomplete short middle to 81-D.Douglas.,5.355,-0.491,pass,,M.Jones,,D.Douglas,,,,,,,,,,,
2023,7,October 22,home,Buffalo Bills,https://www.pro-football-reference.com/boxscores/202310220nwe.htm,4,00:15,2,1,BUF 1,28,25,"(:15) (Shotgun) 10-M.Jones pass short right to 88-M.Gesicki for 1 yard, TOUCHDOWN.",4.864,2.136,pass,,M.Jones,,M.Gesicki,,,,,,,,,,,
2023,7,October 22,home,Buffalo Bills,https://www.pro-football-reference.com/boxscores/202310220nwe.htm,4,00:12,,,BUF 15,29,25,"37-C.Ryland extra point is GOOD, Center-49-J.Cardona, Holder-17-B.Baringer.",0.932,0.068,extra_point,,,,,,,,C.Ryland,,,,,,,
2023,7,October 22,home,Buffalo Bills,https://www.pro-football-reference.com/boxscores/202310220nwe.htm,4,00:12,,,NE 35,29,25,"37-C.Ryland kicks 65 yards from NE 35 to end zone, Touchback.",0.048,0.000,kickoff,,,,,,,,C.Ryland,,,,,,,
2023,7,October 22,home,Buffalo Bills,https://www.pro-football-reference.com/boxscores/202310220nwe.htm,4,00:12,1,10,BUF 25,29,25,(:12) (Shotgun) 17-J.Allen pass incomplete deep middle to 14-S.Diggs.,0.048,-0.043,pass,,J.Allen,,S.Diggs,,,,,,,,,,,
2023,7,October 22,home,Buffalo Bills,https://www.pro-football-reference.com/boxscores/202310220nwe.htm,4,00:05,,,BUF 25,29,25,Timeout #3 by BUF at 00:05.,0.005,0.000,no_play,,,,,,,,,,,,,,,
2023,7,October 22,home,Buffalo Bills,https://www.pro-football-reference.com/boxscores/202310220nwe.htm,4,00:05,2,10,BUF 25,29,25,"(:05) (Shotgun) 17-J.Allen scrambles right end to BUF 32 for 7 yards (3-M.Wilson). FUMBLES (3-M.Wilson), RECOVERED by NE-41-B.Schooler at BUF 30. 41-B.Schooler to BUF 30 for no gain (66-C.McGovern). Belichick 300th career win, 3rd all-time (Shula 328 & Halas 318). Belichick 331st career win (including postseason), 2nd all-time (Shula 347). Belichick 264th career win with Patriots, 2nd all-time wins with one team (Halas 318).",0.005,-0.005,run,,,J.Allen,,,,,,,,M.Wilson,C.McGovern,M.Wilson,B.Schooler,
2023,8,October 29,away,Miami Dolphins,https://www.pro-football-reference.com/boxscores/202310290mia.htm,1,15:00,,,MIA 35,0,0,"7-J.Sanders kicks 65 yards from MIA 35 to end zone, Touchback.",0.770,0.000,kickoff,,,,,,,,J.Sanders,,,,,,,
2023,8,October 29,away,Miami Dolphins,https://www.pro-football-reference.com/boxscores/202310290mia.htm,1,15:00,1,10,NE 25,0,0,(15:00) 10-M.Jones pass short left to 81-D.Douglas to NE 21 for -4 yards (4-K.Kohou).,0.770,-1.330,pass,,M.Jones,,D.Douglas,,,,,,,K.Kohou,,,,
2023,8,October 29,away,Miami Dolphins,https://www.pro-football-reference.com/boxscores/202310290mia.htm,1,14:22,2,14,NE 21,0,0,(14:22) 38-R.Stevenson right guard to NE 23 for 2 yards (15-J.Phillips).,-0.560,-0.624,run,,,R.Stevenson,,,,,,,,J.Phillips,,,,
2023,8,October 29,away,Miami Dolphins,https://www.pro-football-reference.com/boxscores/202310290mia.htm,1,13:43,3,12,NE 23,0,0,"(13:43) (Shotgun) 10-M.Jones pass short left to 85-H.Henry to NE 27 for 4 yards (33-E.Apple, 5-J.Ramsey).",-1.184,-0.589,pass,,M.Jones,,H.Henry,,,,,,,J.Ramsey,,,,
2023,8,October 29,away,Miami Dolphins,https://www.pro-football-reference.com/boxscores/202310290mia.htm,1,13:11,4,8,NE 27,0,0,"(13:11) 17-B.Baringer punts 49 yards to MIA 24, Center-49-J.Cardona. 0-B.Berrios pushed ob at MIA 36 for 12 yards (41-B.Schooler).",-1.773,-0.534,punt,,,,,,,B.Baringer,,B.Berrios,,B.Schooler,,,,
2023,8,October 29,away,Miami Dolphins,https://www.pro-football-reference.com/boxscores/202310290mia.htm,1,13:03,1,10,MIA 36,0,0,(13:03) (Shotgun) 31-R.Mostert up the middle to MIA 42 for 6 yards (5-J.Peppers).,2.308,0.074,run,,,R.Mostert,,,,,,,,J.Peppers,,,,
2023,8,October 29,away,Miami Dolphins,https://www.pro-football-reference.com/boxscores/202310290mia.htm,1,12:32,2,4,MIA 42,0,0,(12:32) (Shotgun) 1-T.Tagovailoa pass incomplete short right to 30-A.Ingold.,2.382,-0.852,pass,,T.Tagovailoa,,A.Ingold,,,,,,,,,,,
2023,8,October 29,away,Miami Dolphins,https://www.pro-football-reference.com/boxscores/202310290mia.htm,1,12:29,3,4,MIA 42,0,0,"(12:29) (Shotgun) 1-T.Tagovailoa pass short right to 0-B.Berrios pushed ob at MIA 45 for 3 yards (31-Jo.Jones, 2-J.Mills).",1.530,-0.963,pass,,T.Tagovailoa,,B.Berrios,,,,,,,J.Mills,,,,
2023,8,October 29,away,Miami Dolphins,https://www.pro-football-reference.com/boxscores/202310290mia.htm,1,12:02,4,1,MIA 45,0,0,"(12:02) (No Huddle, Shotgun) 1-T.Tagovailoa pass short left to 17-J.Waddle to NE 38 for 17 yards (27-M.Bryant).",0.567,3.193,pass,,T.Tagovailoa,,J.Waddle,,,,,,,M.Bryant,,,,
2023,8,October 29,away,Miami Dolphins,https://www.pro-football-reference.com/boxscores/202310290mia.htm,1,11:21,1,10,NE 38,0,0,(11:21) (Shotgun) 31-R.Mostert right tackle to NE 36 for 2 yards (8-J.Bentley; 90-C.Barmore).,3.760,-0.445,run,,,R.Mostert,,,,,,,,J.Bentley,C.Barmore,,,
2023,8,October 29,away,Miami Dolphins,https://www.pro-football-reference.com/boxscores/202310290mia.htm,1,10:43,2,8,NE 36,0,0,(10:43) (Shotgun) 31-R.Mostert right tackle to NE 39 for -3 yards (5-J.Peppers).,3.315,-1.496,run,,,R.Mostert,,,,,,,,J.Peppers,,,,
2023,8,October 29,away,Miami Dolphins,https://www.pro-football-reference.com/boxscores/202310290mia.htm,1,10:05,3,11,NE 39,0,0,(10:05) (Shotgun) 1-T.Tagovailoa pass incomplete deep right to 83-C.Claypool.,1.819,-1.571,pass,,T.Tagovailoa,,C.Claypool,,,,,,,,,,,
2023,8,October 29,away,Miami Dolphins,https://www.pro-football-reference.com/boxscores/202310290mia.htm,1,10:01,4,11,NE 39,0,0,"(10:01) 16-J.Bailey punts 39 yards to end zone, Center-44-B.Ferguson, Touchback.",0.248,-0.676,punt,,,,,,,J.Bailey,,,,,,,,
2023,8,October 29,away,Miami Dolphins,https://www.pro-football-reference.com/boxscores/202310290mia.htm,1,09:55,1,10,NE 20,0,0,(9:55) 10-M.Jones pass short right to 86-P.Brown pushed ob at NE 29 for 9 yards (21-D.Elliott).,0.428,0.955,pass,,M.Jones,,P.Brown,,,,,,,D.Elliott,,,,
2023,8,October 29,away,Miami Dolphins,https://www.pro-football-reference.com/boxscores/202310290mia.htm,1,09:27,2,1,NE 29,0,0,(9:27) 15-E.Elliott up the middle to NE 31 for 2 yards (15-J.Phillips).,1.383,-0.178,run,,,E.Elliott,,,,,,,,J.Phillips,,,,
2023,8,October 29,away,Miami Dolphins,https://www.pro-football-reference.com/boxscores/202310290mia.htm,1,08:48,1,10,NE 31,0,0,(8:48) 81-D.Douglas right end to NE 35 for 4 yards (15-J.Phillips).,1.205,-0.125,run,,,D.Douglas,,,,,,,,J.Phillips,,,,
2023,8,October 29,away,Miami Dolphins,https://www.pro-football-reference.com/boxscores/202310290mia.htm,1,08:06,2,6,NE 35,0,0,(8:06) 15-E.Elliott right guard to NE 38 for 3 yards (92-Z.Sieler).,1.080,-0.312,run,,,E.Elliott,,,,,,,,Z.Sieler,,,,
2023,8,October 29,away,Miami Dolphins,https://www.pro-football-reference.com/boxscores/202310290mia.htm,1,07:26,3,3,NE 38,0,0,(7:26) (Shotgun) 10-M.Jones pass short left to 38-R.Stevenson to NE 40 for 2 yards (29-B.Jones; 55-J.Baker).,0.767,-1.032,pass,,M.Jones,,R.Stevenson,,,,,,,B.Jones,J.Baker,,,
2023,8,October 29,away,Miami Dolphins,https://www.pro-football-reference.com/boxscores/202310290mia.htm,1,06:45,4,1,NE 40,0,0,"(6:45) 17-B.Baringer punts 60 yards to end zone, Center-49-J.Cardona, Touchback.",-0.265,-0.667,punt,,,,,,,B.Baringer,,,,,,,,
2023,8,October 29,away,Miami Dolphins,https://www.pro-football-reference.com/boxscores/202310290mia.htm,1,06:35,1,10,MIA 20,0,0,(6:35) (Shotgun) 1-T.Tagovailoa pass short middle to 81-D.Smythe to MIA 35 for 15 yards (30-M.Mapu).,0.931,1.037,pass,,T.Tagovailoa,,D.Smythe,,,,,,,M.Mapu,,,,
2023,8,October 29,away,Miami Dolphins,https://www.pro-football-reference.com/boxscores/202310290mia.htm,1,05:54,1,10,MIA 35,0,0,"(5:54) (Shotgun) 31-R.Mostert left end to MIA 36 for 1 yard (99-K.White, 8-J.Bentley).",1.968,-0.334,run,,,R.Mostert,,,,,,,,J.Bentley,,,,
2023,8,October 29,away,Miami Dolphins,https://www.pro-football-reference.com/boxscores/202310290mia.htm,1,05:14,2,9,MIA 36,0,0,(5:14) (Shotgun) 1-T.Tagovailoa sacked at MIA 30 for -6 yards (90-C.Barmore).,1.635,-1.650,pass,,T.Tagovailoa,,,,C.Barmore,,,,,C.Barmore,,,,
2023,8,October 29,away,Miami Dolphins,https://www.pro-football-reference.com/boxscores/202310290mia.htm,1,04:37,3,15,MIA 30,0,0,(4:37) (Shotgun) 1-T.Tagovailoa pass short right intended for 10-T.Hill INTERCEPTED by 23-K.Dugger at MIA 45. 23-K.Dugger pushed ob at MIA 30 for 15 yards (10-T.Hill).,-0.015,-3.845,pass,,T.Tagovailoa,,T.Hill,K.Dugger,,,,,,T.Hill,,,,
2023,8,October 29,away,Miami Dolphins,https://www.pro-football-reference.com/boxscores/202310290mia.htm,1,04:26,1,10,MIA 30,0,0,(4:26) 10-M.Jones pass incomplete deep left [92-Z.Sieler].,3.860,-0.455,pass,,M.Jones,,,,,,,,,,,,,
2023,8,October 29,away,Miami Dolphins,https://www.pro-football-reference.com/boxscores/202310290mia.htm,1,04:21,2,10,MIA 30,0,0,(4:21) 38-R.Stevenson up the middle to MIA 24 for 6 yards (21-D.Elliott).,3.405,0.237,run,,,R.Stevenson,,,,,,,,D.Elliott,,,,
2023,8,October 29,away,Miami Dolphins,https://www.pro-football-reference.com/boxscores/202310290mia.htm,1,03:39,3,4,MIA 24,6,0,"(3:39) (Shotgun) 10-M.Jones pass short middle to 84-K.Bourne for 24 yards, TOUCHDOWN.",3.642,3.358,pass,,M.Jones,,K.Bourne,,,,,,,,,,,
2023,8,October 29,away,Miami Dolphins,https://www.pro-football-reference.com/boxscores/202310290mia.htm,1,03:32,,,MIA 15,7,0,"37-C.Ryland extra point is GOOD, Center-49-J.Cardona, Holder-17-B.Baringer.",0.932,0.068,extra_point,,,,,,,,C.Ryland,,,,,,,
2023,8,October 29,away,Miami Dolphins,https://www.pro-football-reference.com/boxscores/202310290mia.htm,1,03:32,,,NE 35,7,0,"37-C.Ryland kicks 65 yards from NE 35 to end zone, Touchback.",1.374,0.000,kickoff,,,,,,,,C.Ryland,,,,,,,
2023,8,October 29,away,Miami Dolphins,https://www.pro-football-reference.com/boxscores/202310290mia.htm,1,03:32,1,10,MIA 25,7,0,(3:32) (Shotgun) 1-T.Tagovailoa pass short middle to 17-J.Waddle pushed ob at MIA 34 for 9 yards (23-K.Dugger).,1.374,0.831,pass,,T.Tagovailoa,,J.Waddle,,,,,,,K.Dugger,,,,
2023,8,October 29,away,Miami Dolphins,https://www.pro-football-reference.com/boxscores/202310290mia.htm,1,02:56,2,1,MIA 34,7,0,(2:56) (Shotgun) 23-J.Wilson right guard to MIA 38 for 4 yards (92-D.Godchaux).,2.205,-0.007,run,,,J.Wilson,,,,,,,,D.Godchaux,,,,
2023,8,October 29,away,Miami Dolphins,https://www.pro-football-reference.com/boxscores/202310290mia.htm,1,02:18,1,10,MIA 38,7,0,(2:18) (Shotgun) 1-T.Tagovailoa pass short left to 30-A.Ingold to MIA 43 for 5 yards (8-J.Bentley).,2.198,0.055,pass,,T.Tagovailoa,,A.Ingold,,,,,,,J.Bentley,,,,
2023,8,October 29,away,Miami Dolphins,https://www.pro-football-reference.com/boxscores/202310290mia.htm,1,01:43,2,5,MIA 43,7,0,"(1:43) (Shotgun) 23-J.Wilson left end pushed ob at NE 46 for 11 yards (8-J.Bentley, 5-J.Peppers).",2.253,0.837,run,,,J.Wilson,,,,,,,,J.Peppers,,,,
2023,8,October 29,away,Miami Dolphins,https://www.pro-football-reference.com/boxscores/202310290mia.htm,1,01:07,1,10,NE 46,7,0,"(1:07) (Shotgun) 23-J.Wilson right end to NE 42 for 4 yards (8-J.Bentley, 48-Ja.Tavai).",3.090,-0.285,run,,,J.Wilson,,,,,,,,Ja.Tavai,,,,
2023,8,October 29,away,Miami Dolphins,https://www.pro-football-reference.com/boxscores/202310290mia.htm,1,00:28,2,6,NE 42,7,6,"(:28) (Shotgun) 1-T.Tagovailoa pass deep left to 10-T.Hill for 42 yards, TOUCHDOWN.",2.805,4.195,pass,,T.Tagovailoa,,T.Hill,,,,,,,,,,,
2023,8,October 29,away,Miami Dolphins,https://www.pro-football-reference.com/boxscores/202310290mia.htm,1,00:22,,,NE 15,7,7,"7-J.Sanders extra point is GOOD, Center-44-B.Ferguson, Holder-16-J.Bailey.",0.932,0.068,extra_point,,,,,,,,J.Sanders,,,,,,,
2023,8,October 29,away,Miami Dolphins,https://www.pro-football-reference.com/boxscores/202310290mia.htm,1,00:22,,,MIA 35,7,7,"7-J.Sanders kicks 65 yards from MIA 35 to end zone, Touchback.",0.922,0.000,kickoff,,,,,,,,J.Sanders,,,,,,,
2023,8,October 29,away,Miami Dolphins,https://www.pro-football-reference.com/boxscores/202310290mia.htm,1,00:22,1,10,NE 25,7,7,(:22) (Shotgun) 10-M.Jones pass short right to 81-D.Douglas to NE 27 for 2 yards (51-D.Long).,0.922,-0.503,pass,,M.Jones,,D.Douglas,,,,,,,D.Long,,,,
2023,8,October 29,away,Miami Dolphins,https://www.pro-football-reference.com/boxscores/202310290mia.htm,2,15:00,2,8,NE 27,7,7,"(15:00) 15-E.Elliott left end to NE 33 for 6 yards (5-J.Ramsey). FUMBLES (5-J.Ramsey), touched at NE 32, ball out of bounds at NE 28.
PENALTY on NE-84-K.Bourne, Offensive Holding, 10 yards, enforced at NE 27 - No Play.",0.419,-1.057,no_play,,,,,,,,,,,,,,,K.Bourne
2023,8,October 29,away,Miami Dolphins,https://www.pro-football-reference.com/boxscores/202310290mia.htm,2,14:31,2,18,NE 17,7,7,(14:31) (Shotgun) 15-E.Elliott right tackle to NE 19 for 2 yards (94-C.Wilkins).,-0.638,-0.612,run,,,E.Elliott,,,,,,,,C.Wilkins,,,,
2023,8,October 29,away,Miami Dolphins,https://www.pro-football-reference.com/boxscores/202310290mia.htm,2,13:49,3,16,NE 19,7,7,(13:49) (Shotgun) 10-M.Jones pass incomplete short left to 38-R.Stevenson [2-B.Chubb].,-1.251,-0.945,pass,,M.Jones,,R.Stevenson,,,,,,,,,,,
2023,8,October 29,away,Miami Dolphins,https://www.pro-football-reference.com/boxscores/202310290mia.htm,2,13:44,4,16,NE 19,7,7,"(13:44) (Punt formation) PENALTY on NE-49-J.Cardona, False Start, 5 yards, enforced at NE 19 - No Play.",-2.195,-0.207,no_play,,,,,,,,,,,,,,,J.Cardona
2023,8,October 29,away,Miami Dolphins,https://www.pro-football-reference.com/boxscores/202310290mia.htm,2,13:44,4,21,NE 14,7,7,"(13:44) 17-B.Baringer punts 44 yards to MIA 42, Center-49-J.Cardona. 0-B.Berrios to MIA 47 for 5 yards (41-B.Schooler).",-2.402,-0.195,punt,,,,,,,B.Baringer,,B.Berrios,,B.Schooler,,,,
2023,8,October 29,away,Miami Dolphins,https://www.pro-football-reference.com/boxscores/202310290mia.htm,2,13:35,1,10,MIA 47,7,7,"(13:35) 31-R.Mostert right tackle to MIA 47 for no gain (93-L.Guy, 48-Ja.Tavai).
PENALTY on NE-92-D.Godchaux, Defensive Holding, 5 yards, enforced at MIA 47 - No Play.",2.597,0.190,no_play,,,,,,,,,,,,,,,D.Godchaux
2023,8,October 29,away,Miami Dolphins,https://www.pro-football-reference.com/boxscores/202310290mia.htm,2,13:10,1,10,NE 48,7,7,(13:10) (Shotgun) 1-T.Tagovailoa pass short left to 89-J.Hill to NE 44 for 4 yards (8-J.Bentley).,2.787,-0.182,pass,,T.Tagovailoa,,J.Hill,,,,,,,J.Bentley,,,,
2023,8,October 29,away,Miami Dolphins,https://www.pro-football-reference.com/boxscores/202310290mia.htm,2,12:32,2,6,NE 44,7,7,(12:32) (Shotgun) 1-T.Tagovailoa pass short middle to 26-S.Ahmed to MIA 48 for -8 yards (99-K.White).,2.605,-1.692,pass,,T.Tagovailoa,,S.Ahmed,,,,,,,K.White,,,,
2023,8,October 29,away,Miami Dolphins,https://www.pro-football-reference.com/boxscores/202310290mia.htm,2,11:53,3,14,MIA 48,7,7,(11:53) (Shotgun) 1-T.Tagovailoa pass short left to 10-T.Hill pushed ob at NE 42 for 10 yards (31-Jo.Jones).,0.913,-0.542,pass,,T.Tagovailoa,,T.Hill,,,,,,,Jo.Jones,,,,
2023,8,October 29,away,Miami Dolphins,https://www.pro-football-reference.com/boxscores/202310290mia.htm,2,11:14,4,4,NE 42,7,7,(11:14) (Shotgun) 1-T.Tagovailoa scrambles up the middle to NE 34 for 8 yards (23-K.Dugger; 48-Ja.Tavai).,0.371,3.289,run,,,T.Tagovailoa,,,,,,,,K.Dugger,Ja.Tavai,,,
2023,8,October 29,away,Miami Dolphins,https://www.pro-football-reference.com/boxscores/202310290mia.htm,2,10:32,1,10,NE 34,7,7,(10:32) 31-R.Mostert left end to NE 31 for 3 yards (90-C.Barmore).,3.660,-0.159,run,,,R.Mostert,,,,,,,,C.Barmore,,,,
2023,8,October 29,away,Miami Dolphins,https://www.pro-football-reference.com/boxscores/202310290mia.htm,2,09:52,2,7,NE 31,7,7,(9:52) (Shotgun) 1-T.Tagovailoa pass short middle to 10-T.Hill to NE 17 for 14 yards (3-M.Wilson).,3.501,1.273,pass,,T.Tagovailoa,,T.Hill,,,,,,,M.Wilson,,,,
2023,8,October 29,away,Miami Dolphins,https://www.pro-football-reference.com/boxscores/202310290mia.htm,2,09:11,1,10,NE 17,7,7,(9:11) (Shotgun) 26-S.Ahmed up the middle to NE 15 for 2 yards (90-C.Barmore; 48-Ja.Tavai).,4.773,-0.386,run,,,S.Ahmed,,,,,,,,C.Barmore,Ja.Tavai,,,
2023,8,October 29,away,Miami Dolphins,https://www.pro-football-reference.com/boxscores/202310290mia.htm,2,08:31,2,8,NE 15,7,7,(8:31) (Shotgun) 1-T.Tagovailoa sacked at NE 21 for -6 yards (23-K.Dugger).,4.387,-1.377,pass,,T.Tagovailoa,,,,K.Dugger,,,,,K.Dugger,,,,
2023,8,October 29,away,Miami Dolphins,https://www.pro-football-reference.com/boxscores/202310290mia.htm,2,07:49,3,14,NE 21,7,7,(7:49) (Shotgun) 1-T.Tagovailoa pass short right to 17-J.Waddle to NE 8 for 13 yards (13-J.Jones). MIA-68-R.Hunt was injured during the play. His return is Probable.,3.010,0.696,pass,,T.Tagovailoa,,J.Waddle,,,,,,,J.Jones,,,,
2023,8,October 29,away,Miami Dolphins,https://www.pro-football-reference.com/boxscores/202310290mia.htm,2,07:31,4,1,NE 8,7,7,(7:31) (Shotgun) 1-T.Tagovailoa pass short left to 10-T.Hill to NE 6 for 2 yards (27-M.Bryant). NE-27-M.Bryant was injured during the play.,3.706,1.843,pass,,T.Tagovailoa,,T.Hill,,,,,,,M.Bryant,,,,
2023,8,October 29,away,Miami Dolphins,https://www.pro-football-reference.com/boxscores/202310290mia.htm,2,07:07,1,6,NE 6,7,7,(7:07) (Shotgun) 1-T.Tagovailoa pass short right to 26-S.Ahmed to NE 6 for no gain (23-K.Dugger).,5.550,-0.560,pass,,T.Tagovailoa,,S.Ahmed,,,,,,,K.Dugger,,,,
2023,8,October 29,away,Miami Dolphins,https://www.pro-football-reference.com/boxscores/202310290mia.htm,2,06:28,2,6,NE 6,7,7,(6:28) (Shotgun) 1-T.Tagovailoa pass incomplete short left to 10-T.Hill (31-Jo.Jones).,4.990,-0.923,pass,,T.Tagovailoa,,T.Hill,,,,,,,,,,,
2023,8,October 29,away,Miami Dolphins,https://www.pro-football-reference.com/boxscores/202310290mia.htm,2,06:22,3,6,NE 6,7,7,"(6:22) (Shotgun) 1-T.Tagovailoa pass incomplete short left to 10-T.Hill [3-M.Wilson].
PENALTY on NE-29-J.Jackson, Defensive Pass Interference, 5 yards, enforced at NE 6 - No Play.",4.066,2.297,no_play,,,,,,,,,,,,,,,J.Jackson
2023,8,October 29,away,Miami Dolphins,https://www.pro-football-reference.com/boxscores/202310290mia.htm,2,06:18,1,1,NE 1,7,7,(6:18) 1-T.Tagovailoa pass incomplete short left to 10-T.Hill (29-J.Jackson).,6.363,-0.248,pass,,T.Tagovailoa,,T.Hill,,,,,,,,,,,
2023,8,October 29,away,Miami Dolphins,https://www.pro-football-reference.com/boxscores/202310290mia.htm,2,06:14,2,1,NE 1,7,13,"(6:14) (Shotgun) 1-T.Tagovailoa pass short middle to 11-C.Wilson for 1 yard, TOUCHDOWN.",6.115,0.885,pass,,T.Tagovailoa,,C.Wilson,,,,,,,,,,,
2023,8,October 29,away,Miami Dolphins,https://www.pro-football-reference.com/boxscores/202310290mia.htm,2,06:10,,,NE 15,7,14,"7-J.Sanders extra point is GOOD, Center-44-B.Ferguson, Holder-16-J.Bailey.",0.932,0.068,extra_point,,,,,,,,J.Sanders,,,,,,,
2023,8,October 29,away,Miami Dolphins,https://www.pro-football-reference.com/boxscores/202310290mia.htm,2,06:10,,,MIA 35,7,14,"7-J.Sanders kicks 65 yards from MIA 35 to end zone, Touchback.",0.996,0.000,kickoff,,,,,,,,J.Sanders,,,,,,,
2023,8,October 29,away,Miami Dolphins,https://www.pro-football-reference.com/boxscores/202310290mia.htm,2,06:10,1,10,NE 25,7,14,(6:10) 10-M.Jones pass short right to 84-K.Bourne to NE 31 for 6 yards (33-E.Apple).,0.996,0.219,pass,,M.Jones,,K.Bourne,,,,,,,E.Apple,,,,
2023,8,October 29,away,Miami Dolphins,https://www.pro-football-reference.com/boxscores/202310290mia.htm,2,05:40,2,4,NE 31,7,14,"(5:40) 38-R.Stevenson up the middle to NE 37 for 6 yards (55-J.Baker, 51-D.Long).",1.215,0.489,run,,,R.Stevenson,,,,,,,,D.Long,,,,
2023,8,October 29,away,Miami Dolphins,https://www.pro-football-reference.com/boxscores/202310290mia.htm,2,05:03,1,10,NE 37,7,14,(5:03) 10-M.Jones pass incomplete short left to 38-R.Stevenson.,1.704,-0.533,pass,,M.Jones,,R.Stevenson,,,,,,,,,,,
2023,8,October 29,away,Miami Dolphins,https://www.pro-football-reference.com/boxscores/202310290mia.htm,2,04:58,2,10,NE 37,7,14,(4:58) (Shotgun) 10-M.Jones pass short middle to 81-D.Douglas to 50 for 13 yards (29-B.Jones).,1.171,1.292,pass,,M.Jones,,D.Douglas,,,,,,,B.Jones,,,,
2023,8,October 29,away,Miami Dolphins,https://www.pro-football-reference.com/boxscores/202310290mia.htm,2,04:13,1,10,MID 50,7,14,(4:13) (Shotgun) 38-R.Stevenson up the middle to MIA 49 for 1 yard (94-C.Wilkins).,2.463,-0.704,run,,,R.Stevenson,,,,,,,,C.Wilkins,,,,
2023,8,October 29,away,Miami Dolphins,https://www.pro-football-reference.com/boxscores/202310290mia.htm,2,03:31,2,9,MIA 49,7,14,(3:31) 38-R.Stevenson right guard to MIA 38 for 11 yards (21-D.Elliott).,1.759,1.304,run,,,R.Stevenson,,,,,,,,D.Elliott,,,,
2023,8,October 29,away,Miami Dolphins,https://www.pro-football-reference.com/boxscores/202310290mia.htm,2,02:58,1,10,MIA 38,7,14,"(2:58) 38-R.Stevenson up the middle to MIA 37 for 1 yard (94-C.Wilkins, 2-B.Chubb).",3.064,-0.543,run,,,R.Stevenson,,,,,,,,B.Chubb,,,,
2023,8,October 29,away,Miami Dolphins,https://www.pro-football-reference.com/boxscores/202310290mia.htm,2,02:21,2,9,MIA 37,7,14,(2:21) (Shotgun) 10-M.Jones pass short right to 1-D.Parker to MIA 23 for 14 yards (29-B.Jones).,2.520,1.528,pass,,M.Jones,,D.Parker,,,,,,,B.Jones,,,,
2023,8,October 29,away,Miami Dolphins,https://www.pro-football-reference.com/boxscores/202310290mia.htm,2,02:00,1,10,MIA 23,7,14,(2:00) (Shotgun) 10-M.Jones pass short left intended for 84-K.Bourne INTERCEPTED by 5-J.Ramsey [43-A.Van Ginkel] at MIA 11. 5-J.Ramsey ran ob at NE 40 for 49 yards (81-D.Douglas).,4.048,-6.824,pass,,M.Jones,,K.Bourne,J.Ramsey,,,,,,D.Douglas,,,,
2023,8,October 29,away,Miami Dolphins,https://www.pro-football-reference.com/boxscores/202310290mia.htm,2,01:48,1,10,NE 40,7,14,(1:48) (Shotgun) 1-T.Tagovailoa pass incomplete short middle to 0-B.Berrios (13-J.Jones).,2.776,-0.329,pass,,T.Tagovailoa,,B.Berrios,,,,,,,,,,,
2023,8,October 29,away,Miami Dolphins,https://www.pro-football-reference.com/boxscores/202310290mia.htm,2,01:44,2,10,NE 40,7,14,(1:44) 1-T.Tagovailoa pass short middle to 17-J.Waddle to NE 29 for 11 yards (21-A.Phillips).,2.447,1.042,pass,,T.Tagovailoa,,J.Waddle,,,,,,,A.Phillips,,,,
2023,8,October 29,away,Miami Dolphins,https://www.pro-football-reference.com/boxscores/202310290mia.htm,2,01:01,1,10,NE 29,7,14,"(1:01) (Shotgun) 31-R.Mostert left end to NE 30 for -1 yards (29-J.Jackson; 99-K.White). MIA-70-K.Lamm was injured during the play. His return is Questionable. 
PENALTY on MIA-81-D.Smythe, Offensive Holding, 10 yards, enforced at NE 29 - No Play.",3.489,-0.979,no_play,,,,,,,,,,,,,,,D.Smythe
2023,8,October 29,away,Miami Dolphins,https://www.pro-football-reference.com/boxscores/202310290mia.htm,2,00:54,,,NE 39,7,14,Timeout #1 by MIA at 00:54.,2.511,0.000,no_play,,,,,,,,,,,,,,,
2023,8,October 29,away,Miami Dolphins,https://www.pro-football-reference.com/boxscores/202310290mia.htm,2,00:54,1,20,NE 39,7,14,(:54) (Shotgun) 1-T.Tagovailoa pass short right to 10-T.Hill pushed ob at NE 33 for 6 yards (13-J.Jones).,2.511,0.137,pass,,T.Tagovailoa,,T.Hill,,,,,,,J.Jones,,,,
2023,8,October 29,away,Miami Dolphins,https://www.pro-football-reference.com/boxscores/202310290mia.htm,2,00:48,2,14,NE 33,7,14,(:48) (Shotgun) 1-T.Tagovailoa pass deep left to 17-J.Waddle to NE 16 for 17 yards (29-J.Jackson).,2.648,1.613,pass,,T.Tagovailoa,,J.Waddle,,,,,,,J.Jackson,,,,
2023,8,October 29,away,Miami Dolphins,https://www.pro-football-reference.com/boxscores/202310290mia.htm,2,00:42,,,NE 16,7,14,Timeout #2 by MIA at 00:42.,4.261,0.000,no_play,,,,,,,,,,,,,,,
2023,8,October 29,away,Miami Dolphins,https://www.pro-football-reference.com/boxscores/202310290mia.htm,2,00:42,1,10,NE 16,7,14,(:42) (Shotgun) 1-T.Tagovailoa pass incomplete short right to 17-J.Waddle.,4.261,-0.374,pass,,T.Tagovailoa,,J.Waddle,,,,,,,,,,,
2023,8,October 29,away,Miami Dolphins,https://www.pro-football-reference.com/boxscores/202310290mia.htm,2,00:40,2,10,NE 16,7,14,"(:40) (Shotgun) 1-T.Tagovailoa pass short right to 26-S.Ahmed to NE 12 for 4 yards (27-M.Bryant, 48-Ja.Tavai).",3.886,-0.288,pass,,T.Tagovailoa,,S.Ahmed,,,,,,,Ja.Tavai,,,,
2023,8,October 29,away,Miami Dolphins,https://www.pro-football-reference.com/boxscores/202310290mia.htm,2,00:34,,,NE 12,7,14,Timeout #3 by MIA at 00:34.,3.599,0.000,no_play,,,,,,,,,,,,,,,
2023,8,October 29,away,Miami Dolphins,https://www.pro-football-reference.com/boxscores/202310290mia.htm,2,00:34,3,6,NE 12,7,14,(:34) (Shotgun) 1-T.Tagovailoa pass incomplete short left to 10-T.Hill.,3.599,-0.738,pass,,T.Tagovailoa,,T.Hill,,,,,,,,,,,
2023,8,October 29,away,Miami Dolphins,https://www.pro-football-reference.com/boxscores/202310290mia.htm,2,00:29,4,6,NE 12,7,17,"(:29) 7-J.Sanders 30 yard field goal is GOOD, Center-44-B.Ferguson, Holder-16-J.Bailey.",2.861,0.139,field_goal,,,,,,,,J.Sanders,,,,,,,
2023,8,October 29,away,Miami Dolphins,https://www.pro-football-reference.com/boxscores/202310290mia.htm,2,00:26,,,MIA 35,7,17,"7-J.Sanders kicks 65 yards from MIA 35 to end zone, Touchback.",0.159,-0.159,kickoff,,,,,,,,J.Sanders,,,,,,,
2023,8,October 29,away,Miami Dolphins,https://www.pro-football-reference.com/boxscores/202310290mia.htm,2,00:26,1,10,NE 25,7,17,(:26) 10-M.Jones kneels to NE 23 for -2 yards.,0.000,0.000,qb_kneel,,,M.Jones,,,,,,,,,,,,
2023,8,October 29,away,Miami Dolphins,https://www.pro-football-reference.com/boxscores/202310290mia.htm,3,15:00,,,NE 35,7,17,"37-C.Ryland kicks 65 yards from NE 35 to end zone, Touchback.",1.474,0.000,kickoff,,,,,,,,C.Ryland,,,,,,,
2023,8,October 29,away,Miami Dolphins,https://www.pro-football-reference.com/boxscores/202310290mia.htm,3,15:00,1,10,MIA 25,7,17,"(15:00) (Shotgun) 1-T.Tagovailoa FUMBLES (Aborted) at MIA 19, touched at MIA 21, RECOVERED by NE-33-A.Jennings at MIA 19.",1.474,-6.113,run,,,T.Tagovailoa,,,,,,,,,,,A.Jennings,
2023,8,October 29,away,Miami Dolphins,https://www.pro-football-reference.com/boxscores/202310290mia.htm,3,14:55,1,10,MIA 19,7,17,"(14:55) (Shotgun) 38-R.Stevenson up the middle to MIA 16 for 3 yards (2-B.Chubb, 92-Z.Sieler).",4.639,-0.157,run,,,R.Stevenson,,,,,,,,Z.Sieler,,,,
2023,8,October 29,away,Miami Dolphins,https://www.pro-football-reference.com/boxscores/202310290mia.htm,3,14:16,2,7,MIA 16,7,17,(14:16) 10-M.Jones pass short left to 81-D.Douglas to MIA 14 for 2 yards (4-K.Kohou).,4.483,-0.417,pass,,M.Jones,,D.Douglas,,,,,,,K.Kohou,,,,
2023,8,October 29,away,Miami Dolphins,https://www.pro-football-reference.com/boxscores/202310290mia.htm,3,13:32,3,5,MIA 14,7,17,(13:32) (Shotgun) 10-M.Jones sacked at MIA 20 for -6 yards (94-C.Wilkins).,4.065,-1.553,pass,,M.Jones,,,,C.Wilkins,,,,,C.Wilkins,,,,
2023,8,October 29,away,Miami Dolphins,https://www.pro-football-reference.com/boxscores/202310290mia.htm,3,12:49,4,11,MIA 20,10,17,"(12:49) 37-C.Ryland 38 yard field goal is GOOD, Center-49-J.Cardona, Holder-17-B.Baringer.",2.512,0.488,field_goal,,,,,,,,C.Ryland,,,,,,,
2023,8,October 29,away,Miami Dolphins,https://www.pro-football-reference.com/boxscores/202310290mia.htm,3,12:45,,,NE 35,10,17,37-C.Ryland kicks 67 yards from NE 35 to MIA -2. 0-B.Berrios to MIA 23 for 25 yards (23-K.Dugger).,1.527,-0.406,kickoff,,,,,,,,C.Ryland,B.Berrios,,K.Dugger,,,,
2023,8,October 29,away,Miami Dolphins,https://www.pro-football-reference.com/boxscores/202310290mia.htm,3,12:40,1,10,MIA 23,10,17,(12:40) (Shotgun) 1-T.Tagovailoa pass deep left to 10-T.Hill to MIA 45 for 22 yards (27-M.Bryant).,1.121,1.635,pass,,T.Tagovailoa,,T.Hill,,,,,,,M.Bryant,,,,
2023,8,October 29,away,Miami Dolphins,https://www.pro-football-reference.com/boxscores/202310290mia.htm,3,12:00,1,10,MIA 45,10,17,"(12:00) (Shotgun) PENALTY on MIA-65-R.Jones, False Start, 5 yards, enforced at MIA 45 - No Play.",2.756,-0.657,no_play,,,,,,,,,,,,,,,R.Jones
2023,8,October 29,away,Miami Dolphins,https://www.pro-football-reference.com/boxscores/202310290mia.htm,3,11:41,1,15,MIA 40,10,17,"(11:41) (Shotgun) 31-R.Mostert up the middle to MIA 46 for 6 yards (3-M.Wilson, 23-K.Dugger).",2.099,0.189,run,,,R.Mostert,,,,,,,,K.Dugger,,,,
2023,8,October 29,away,Miami Dolphins,https://www.pro-football-reference.com/boxscores/202310290mia.htm,3,10:58,2,9,MIA 46,10,17,(10:58) (Shotgun) 1-T.Tagovailoa pass incomplete deep right to 17-J.Waddle (29-J.Jackson).,2.288,-0.891,pass,,T.Tagovailoa,,J.Waddle,,,,,,,,,,,
2023,8,October 29,away,Miami Dolphins,https://www.pro-football-reference.com/boxscores/202310290mia.htm,3,10:52,3,9,MIA 46,10,17,(10:52) (Shotgun) 1-T.Tagovailoa pass deep right to 17-J.Waddle to NE 31 for 23 yards (29-J.Jackson).,1.397,2.735,pass,,T.Tagovailoa,,J.Waddle,,,,,,,J.Jackson,,,,
2023,8,October 29,away,Miami Dolphins,https://www.pro-football-reference.com/boxscores/202310290mia.htm,3,10:11,1,10,NE 31,10,17,(10:11) (Shotgun) 23-J.Wilson up the middle to NE 29 for 2 yards (48-Ja.Tavai).,4.132,-0.347,run,,,J.Wilson,,,,,,,,Ja.Tavai,,,,
2023,8,October 29,away,Miami Dolphins,https://www.pro-football-reference.com/boxscores/202310290mia.htm,3,09:29,2,8,NE 29,10,17,"(9:29) (Shotgun) 1-T.Tagovailoa pass short left to 83-C.Claypool to NE 14 for 15 yards (3-M.Wilson, 31-Jo.Jones).",3.786,1.414,pass,,T.Tagovailoa,,C.Claypool,,,,,,,Jo.Jones,,,,
2023,8,October 29,away,Miami Dolphins,https://www.pro-football-reference.com/boxscores/202310290mia.htm,3,08:46,1,10,NE 14,10,17,(8:46) (Shotgun) 31-R.Mostert up the middle to NE 8 for 6 yards (5-J.Peppers).,5.199,0.185,run,,,R.Mostert,,,,,,,,J.Peppers,,,,
2023,8,October 29,away,Miami Dolphins,https://www.pro-football-reference.com/boxscores/202310290mia.htm,3,08:21,2,4,NE 8,10,17,"(8:21) (No Huddle, Shotgun) 1-T.Tagovailoa pass short right to 81-D.Smythe to NE 1 for 7 yards (23-K.Dugger).",5.384,1.136,pass,,T.Tagovailoa,,D.Smythe,,,,,,,K.Dugger,,,,
2023,8,October 29,away,Miami Dolphins,https://www.pro-football-reference.com/boxscores/202310290mia.htm,3,07:38,1,1,NE 1,10,23,"(7:38) (Shotgun) 31-R.Mostert left tackle for 1 yard, TOUCHDOWN.",6.520,0.480,run,,,R.Mostert,,,,,,,,,,,,
2023,8,October 29,away,Miami Dolphins,https://www.pro-football-reference.com/boxscores/202310290mia.htm,3,07:35,,,NE 15,10,24,"7-J.Sanders extra point is GOOD, Center-44-B.Ferguson, Holder-16-J.Bailey.",0.932,0.068,extra_point,,,,,,,,J.Sanders,,,,,,,
2023,8,October 29,away,Miami Dolphins,https://www.pro-football-reference.com/boxscores/202310290mia.htm,3,07:35,,,MIA 35,10,24,"7-J.Sanders kicks 66 yards from MIA 35 to NE -1. 14-T.Montgomery to NE 23 for 24 yards (20-J.Bethel, 83-C.Claypool).",0.867,-0.304,kickoff,,,,,,,,J.Sanders,T.Montgomery,,C.Claypool,,,,
2023,8,October 29,away,Miami Dolphins,https://www.pro-football-reference.com/boxscores/202310290mia.htm,3,07:30,1,10,NE 23,10,24,(7:30) 10-M.Jones pass deep middle to 86-P.Brown to NE 47 for 24 yards (29-B.Jones). MIA-51-D.Long was injured during the play.,0.563,1.805,pass,,M.Jones,,P.Brown,,,,,,,B.Jones,,,,
2023,8,October 29,away,Miami Dolphins,https://www.pro-football-reference.com/boxscores/202310290mia.htm,3,07:07,1,10,NE 47,10,24,"(7:07) 15-E.Elliott up the middle to NE 47 for no gain (15-J.Phillips, 94-C.Wilkins).",2.368,-0.528,run,,,E.Elliott,,,,,,,,C.Wilkins,,,,
2023,8,October 29,away,Miami Dolphins,https://www.pro-football-reference.com/boxscores/202310290mia.htm,3,06:26,2,10,NE 47,10,24,(6:26) (Shotgun) 10-M.Jones pass incomplete short left to 1-D.Parker (21-D.Elliott). NE-1-D.Parker was injured during the play. His return is Doubtful.,1.840,-0.892,pass,,M.Jones,,D.Parker,,,,,,,,,,,
2023,8,October 29,away,Miami Dolphins,https://www.pro-football-reference.com/boxscores/202310290mia.htm,3,06:21,3,10,NE 47,10,24,(6:21) (Shotgun) 10-M.Jones pass incomplete short middle to 83-J.Reagor.,0.948,-1.575,pass,,M.Jones,,J.Reagor,,,,,,,,,,,
2023,8,October 29,away,Miami Dolphins,https://www.pro-football-reference.com/boxscores/202310290mia.htm,3,06:17,4,10,NE 47,10,24,"(6:17) 17-B.Baringer punts 49 yards to MIA 4, Center-49-J.Cardona, downed by NE-41-B.Schooler.",-0.627,0.468,punt,,,,,,,B.Baringer,,,,,,,,
2023,8,October 29,away,Miami Dolphins,https://www.pro-football-reference.com/boxscores/202310290mia.htm,3,06:06,1,10,MIA 4,10,24,"(6:06) (Shotgun) 23-J.Wilson right tackle to MIA 6 for 2 yards (3-M.Wilson, 99-K.White).",0.160,-0.449,run,,,J.Wilson,,,,,,,,K.White,,,,
2023,8,October 29,away,Miami Dolphins,https://www.pro-football-reference.com/boxscores/202310290mia.htm,3,05:26,2,8,MIA 6,10,24,(5:26) (Shotgun) 1-T.Tagovailoa pass short left to 23-J.Wilson to MIA 13 for 7 yards (23-K.Dugger).,-0.289,0.297,pass,,T.Tagovailoa,,J.Wilson,,,,,,,K.Dugger,,,,
2023,8,October 29,away,Miami Dolphins,https://www.pro-football-reference.com/boxscores/202310290mia.htm,3,04:45,3,1,MIA 13,10,24,(4:45) (Shotgun) 1-T.Tagovailoa pass short right to 10-T.Hill pushed ob at MIA 20 for 7 yards (13-J.Jones; 31-Jo.Jones).,0.008,0.904,pass,,T.Tagovailoa,,T.Hill,,,,,,,J.Jones,Jo.Jones,,,
2023,8,October 29,away,Miami Dolphins,https://www.pro-football-reference.com/boxscores/202310290mia.htm,3,04:09,1,10,MIA 20,10,24,"(4:09) (Shotgun) 1-T.Tagovailoa pass short middle to 81-D.Smythe to MIA 27 for 7 yards (48-Ja.Tavai).
PENALTY on MIA-65-R.Jones, Offensive Holding, 10 yards, enforced at MIA 20 - No Play.",0.912,-1.080,no_play,,,,,,,,,,,,,,,R.Jones
2023,8,October 29,away,Miami Dolphins,https://www.pro-football-reference.com/boxscores/202310290mia.htm,3,03:43,1,20,MIA 10,10,24,(3:43) (Shotgun) 1-T.Tagovailoa pass short right to 23-J.Wilson ran ob at MIA 17 for 7 yards (33-A.Jennings).,-0.168,-0.038,pass,,T.Tagovailoa,,J.Wilson,,,,,,,A.Jennings,,,,
2023,8,October 29,away,Miami Dolphins,https://www.pro-football-reference.com/boxscores/202310290mia.htm,3,03:06,2,13,MIA 17,10,24,(3:06) (Shotgun) 1-T.Tagovailoa pass incomplete short left to 89-J.Hill.,-0.205,-0.822,pass,,T.Tagovailoa,,J.Hill,,,,,,,,,,,
2023,8,October 29,away,Miami Dolphins,https://www.pro-football-reference.com/boxscores/202310290mia.htm,3,03:02,3,13,MIA 17,10,24,(3:02) (Shotgun) 1-T.Tagovailoa pass short right to 26-S.Ahmed to MIA 37 for 20 yards (5-J.Peppers).,-1.027,3.200,pass,,T.Tagovailoa,,S.Ahmed,,,,,,,J.Peppers,,,,
2023,8,October 29,away,Miami Dolphins,https://www.pro-football-reference.com/boxscores/202310290mia.htm,3,02:26,1,10,MIA 37,10,24,"(2:26) PENALTY on NE-13-J.Jones, Neutral Zone Infraction, 5 yards, enforced at MIA 37 - No Play.",2.173,0.519,no_play,,,,,,,,,,,,,,,J.Jones
2023,8,October 29,away,Miami Dolphins,https://www.pro-football-reference.com/boxscores/202310290mia.htm,3,02:07,1,5,MIA 42,10,24,(2:07) 26-S.Ahmed right end to MIA 41 for -1 yards (3-M.Wilson).,2.692,-0.723,run,,,S.Ahmed,,,,,,,,M.Wilson,,,,
2023,8,October 29,away,Miami Dolphins,https://www.pro-football-reference.com/boxscores/202310290mia.htm,3,01:25,2,6,MIA 41,10,24,(1:25) (Shotgun) 1-T.Tagovailoa pass incomplete short left.,1.969,-0.807,pass,,T.Tagovailoa,,,,,,,,,,,,,
2023,8,October 29,away,Miami Dolphins,https://www.pro-football-reference.com/boxscores/202310290mia.htm,3,01:21,3,6,MIA 41,10,24,(1:21) (Shotgun) 1-T.Tagovailoa pass incomplete short left to 17-J.Waddle (48-Ja.Tavai).,1.162,-1.494,pass,,T.Tagovailoa,,J.Waddle,,,,,,,,,,,
2023,8,October 29,away,Miami Dolphins,https://www.pro-football-reference.com/boxscores/202310290mia.htm,3,01:18,4,6,MIA 41,10,24,"(1:18) 16-J.Bailey punts 44 yards to NE 15, Center-44-B.Ferguson, fair catch by 81-D.Douglas.",-0.332,0.139,punt,,,,,,,J.Bailey,,D.Douglas,,,,,,
2023,8,October 29,away,Miami Dolphins,https://www.pro-football-reference.com/boxscores/202310290mia.htm,3,01:11,1,10,NE 15,10,24,(1:11) 10-M.Jones sacked at NE 10 for -5 yards (2-B.Chubb).,0.194,-1.263,pass,,M.Jones,,,,B.Chubb,,,,,B.Chubb,,,,
2023,8,October 29,away,Miami Dolphins,https://www.pro-football-reference.com/boxscores/202310290mia.htm,3,00:29,2,15,NE 10,10,24,(:29) (Shotgun) 10-M.Jones pass short right to 88-M.Gesicki to NE 16 for 6 yards (55-J.Baker).,-1.069,0.055,pass,,M.Jones,,M.Gesicki,,,,,,,J.Baker,,,,
2023,8,October 29,away,Miami Dolphins,https://www.pro-football-reference.com/boxscores/202310290mia.htm,4,15:00,3,9,NE 16,10,24,(15:00) (Shotgun) 10-M.Jones pass short right to 84-K.Bourne pushed ob at NE 22 for 6 yards (33-E.Apple). NE-84-K.Bourne was injured during the play.,-1.014,-0.784,pass,,M.Jones,,K.Bourne,,,,,,,E.Apple,,,,
2023,8,October 29,away,Miami Dolphins,https://www.pro-football-reference.com/boxscores/202310290mia.htm,4,14:46,4,3,NE 22,10,24,"(14:46) 17-B.Baringer punts 63 yards to MIA 15, Center-49-J.Cardona, out of bounds.",-1.798,1.331,punt,,,,,,,B.Baringer,,,,,,,,
2023,8,October 29,away,Miami Dolphins,https://www.pro-football-reference.com/boxscores/202310290mia.htm,4,14:39,1,10,MIA 15,10,24,(14:39) (Shotgun) 1-T.Tagovailoa pass incomplete short right to 10-T.Hill.,0.467,-0.576,pass,,T.Tagovailoa,,T.Hill,,,,,,,,,,,
2023,8,October 29,away,Miami Dolphins,https://www.pro-football-reference.com/boxscores/202310290mia.htm,4,14:36,2,10,MIA 15,10,24,(14:36) (Shotgun) 1-T.Tagovailoa pass incomplete short right to 17-J.Waddle.,-0.109,-0.482,pass,,T.Tagovailoa,,J.Waddle,,,,,,,,,,,
2023,8,October 29,away,Miami Dolphins,https://www.pro-football-reference.com/boxscores/202310290mia.htm,4,14:31,,,MIA 15,10,24,Timeout #1 by NE at 14:31.,-0.591,0.000,no_play,,,,,,,,,,,,,,,
2023,8,October 29,away,Miami Dolphins,https://www.pro-football-reference.com/boxscores/202310290mia.htm,4,14:31,3,10,MIA 15,10,24,(14:31) (Shotgun) 1-T.Tagovailoa scrambles right tackle to MIA 18 for 3 yards (48-Ja.Tavai).,-0.591,-1.041,run,,,T.Tagovailoa,,,,,,,,Ja.Tavai,,,,
2023,8,October 29,away,Miami Dolphins,https://www.pro-football-reference.com/boxscores/202310290mia.htm,4,14:01,4,7,MIA 18,10,24,"(14:01) 16-J.Bailey punts 63 yards to NE 19, Center-44-B.Ferguson, downed by MIA-30-A.Ingold.",-1.632,1.441,punt,,,,,,,J.Bailey,,,,,,,,
2023,8,October 29,away,Miami Dolphins,https://www.pro-football-reference.com/boxscores/202310290mia.htm,4,13:47,1,10,NE 19,10,24,(13:47) 15-E.Elliott right guard to NE 24 for 5 yards (43-A.Van Ginkel; 55-J.Baker).,0.191,0.013,run,,,E.Elliott,,,,,,,,A.Van Ginkel,J.Baker,,,
2023,8,October 29,away,Miami Dolphins,https://www.pro-football-reference.com/boxscores/202310290mia.htm,4,13:16,2,5,NE 24,10,24,(13:16) 15-E.Elliott up the middle to NE 41 for 17 yards (21-D.Elliott; 29-B.Jones).,0.205,1.361,run,,,E.Elliott,,,,,,,,D.Elliott,B.Jones,,,
2023,8,October 29,away,Miami Dolphins,https://www.pro-football-reference.com/boxscores/202310290mia.htm,4,12:42,1,10,NE 41,10,24,"(12:42) 10-M.Jones pass short right to 85-H.Henry to MIA 43 for 16 yards (4-K.Kohou, 29-B.Jones).",1.566,1.035,pass,,M.Jones,,H.Henry,,,,,,,B.Jones,,,,
2023,8,October 29,away,Miami Dolphins,https://www.pro-football-reference.com/boxscores/202310290mia.htm,4,12:19,1,10,MIA 43,10,24,"(12:19) (No Huddle, Shotgun) 10-M.Jones pass short left to 81-D.Douglas to MIA 38 for 5 yards (21-D.Elliott).
PENALTY on NE-68-A.Mafi, Ineligible Downfield Pass, 5 yards, enforced at MIA 43 - No Play.",2.601,-0.516,no_play,,,,,,,,,,,,,,,A.Mafi
2023,8,October 29,away,Miami Dolphins,https://www.pro-football-reference.com/boxscores/202310290mia.htm,4,11:56,1,15,MIA 48,10,24,(11:56) (Shotgun) 10-M.Jones pass short left to 81-D.Douglas to MIA 36 for 12 yards (51-D.Long).,2.085,1.077,pass,,M.Jones,,D.Douglas,,,,,,,D.Long,,,,
2023,8,October 29,away,Miami Dolphins,https://www.pro-football-reference.com/boxscores/202310290mia.htm,4,11:33,2,3,MIA 36,10,24,"(11:33) (No Huddle, Shotgun) 15-E.Elliott left guard to MIA 29 for 7 yards (51-D.Long, 21-D.Elliott).",3.161,0.571,run,,,E.Elliott,,,,,,,,D.Elliott,,,,
2023,8,October 29,away,Miami Dolphins,https://www.pro-football-reference.com/boxscores/202310290mia.htm,4,11:00,1,10,MIA 29,10,24,"(11:00) (No Huddle, Shotgun) 38-R.Stevenson up the middle to MIA 27 for 2 yards (15-J.Phillips).",3.733,-0.259,run,,,R.Stevenson,,,,,,,,J.Phillips,,,,
2023,8,October 29,away,Miami Dolphins,https://www.pro-football-reference.com/boxscores/202310290mia.htm,4,10:35,2,8,MIA 27,10,24,"(10:35) (No Huddle, Shotgun) 10-M.Jones pass short right to 85-H.Henry pushed ob at MIA 19 for 8 yards (29-B.Jones).",3.474,0.952,pass,,M.Jones,,H.Henry,,,,,,,B.Jones,,,,
2023,8,October 29,away,Miami Dolphins,https://www.pro-football-reference.com/boxscores/202310290mia.htm,4,10:14,1,10,MIA 19,10,24,"(10:14) (No Huddle, Shotgun) 10-M.Jones pass short right to 38-R.Stevenson pushed ob at MIA 10 for 9 yards (55-J.Baker).",4.425,0.724,pass,,M.Jones,,R.Stevenson,,,,,,,J.Baker,,,,
2023,8,October 29,away,Miami Dolphins,https://www.pro-football-reference.com/boxscores/202310290mia.htm,4,09:46,2,1,MIA 10,10,24,"(9:46) (No Huddle, Shotgun) 38-R.Stevenson up the middle to MIA 3 for 7 yards (21-D.Elliott, 15-J.Phillips).",5.149,0.769,run,,,R.Stevenson,,,,,,,,J.Phillips,,,,
2023,8,October 29,away,Miami Dolphins,https://www.pro-football-reference.com/boxscores/202310290mia.htm,4,09:17,1,3,MIA 3,10,24,"(9:17) (No Huddle, Shotgun) 10-M.Jones pass incomplete short left to 81-D.Douglas.",5.918,-0.418,pass,,M.Jones,,D.Douglas,,,,,,,,,,,
2023,8,October 29,away,Miami Dolphins,https://www.pro-football-reference.com/boxscores/202310290mia.htm,4,09:12,2,3,MIA 3,10,24,(9:12) 38-R.Stevenson up the middle to MIA 3 for no gain (15-J.Phillips).,5.499,-1.005,run,,,R.Stevenson,,,,,,,,J.Phillips,,,,
2023,8,October 29,away,Miami Dolphins,https://www.pro-football-reference.com/boxscores/202310290mia.htm,4,08:39,3,3,MIA 3,10,24,(8:39) 10-M.Jones pass incomplete short right to 83-J.Reagor (4-K.Kohou).,4.494,-1.594,pass,,M.Jones,,J.Reagor,,,,,,,,,,,
2023,8,October 29,away,Miami Dolphins,https://www.pro-football-reference.com/boxscores/202310290mia.htm,4,08:33,4,3,MIA 3,16,24,"(8:33) (Shotgun) 10-M.Jones pass short right to 7-J.Smith-Schuster for 3 yards, TOUCHDOWN.",2.900,4.100,pass,,M.Jones,,J.Smith-Schuster,,,,,,,,,,,
2023,8,October 29,away,Miami Dolphins,https://www.pro-football-reference.com/boxscores/202310290mia.htm,4,08:30,,,MIA 15,17,24,"37-C.Ryland extra point is GOOD, Center-49-J.Cardona, Holder-17-B.Baringer.",0.932,0.068,extra_point,,,,,,,,C.Ryland,,,,,,,
2023,8,October 29,away,Miami Dolphins,https://www.pro-football-reference.com/boxscores/202310290mia.htm,4,08:30,,,NE 35,17,24,"37-C.Ryland kicks 65 yards from NE 35 to end zone, Touchback.",1.373,0.000,kickoff,,,,,,,,C.Ryland,,,,,,,
2023,8,October 29,away,Miami Dolphins,https://www.pro-football-reference.com/boxscores/202310290mia.htm,4,08:30,1,10,MIA 25,17,24,(8:30) (Shotgun) 1-T.Tagovailoa pass short right to 0-B.Berrios pushed ob at MIA 30 for 5 yards (23-K.Dugger).,1.373,-0.001,pass,,T.Tagovailoa,,B.Berrios,,,,,,,K.Dugger,,,,
2023,8,October 29,away,Miami Dolphins,https://www.pro-football-reference.com/boxscores/202310290mia.htm,4,07:57,2,5,MIA 30,17,24,(7:57) (Shotgun) 31-R.Mostert left end pushed ob at MIA 40 for 10 yards (29-J.Jackson).,1.372,0.789,run,,,R.Mostert,,,,,,,,J.Jackson,,,,
2023,8,October 29,away,Miami Dolphins,https://www.pro-football-reference.com/boxscores/202310290mia.htm,4,07:17,1,10,MIA 40,17,24,(7:17) 31-R.Mostert left tackle to MIA 41 for 1 yard (92-D.Godchaux).,2.160,-0.518,run,,,R.Mostert,,,,,,,,D.Godchaux,,,,
2023,8,October 29,away,Miami Dolphins,https://www.pro-football-reference.com/boxscores/202310290mia.htm,4,06:34,2,9,MIA 41,17,24,(6:34) 1-T.Tagovailoa pass incomplete deep right to 17-J.Waddle.,1.642,-0.640,pass,,T.Tagovailoa,,J.Waddle,,,,,,,,,,,
2023,8,October 29,away,Miami Dolphins,https://www.pro-football-reference.com/boxscores/202310290mia.htm,4,06:29,3,9,MIA 41,17,24,(6:29) (Shotgun) 1-T.Tagovailoa pass short right to 10-T.Hill to 50 for 9 yards (27-M.Bryant).,1.002,1.659,pass,,T.Tagovailoa,,T.Hill,,,,,,,M.Bryant,,,,
2023,8,October 29,away,Miami Dolphins,https://www.pro-football-reference.com/boxscores/202310290mia.htm,4,05:46,1,10,MID 50,17,24,"(5:46) (Shotgun) 31-R.Mostert up the middle to NE 46 for 4 yards (90-C.Barmore, 3-M.Wilson).",2.661,-0.162,run,,,R.Mostert,,,,,,,,M.Wilson,,,,
2023,8,October 29,away,Miami Dolphins,https://www.pro-football-reference.com/boxscores/202310290mia.htm,4,05:03,2,6,NE 46,17,24,(5:03) (Shotgun) 1-T.Tagovailoa pass short left to 81-D.Smythe to NE 40 for 6 yards (33-A.Jennings).,2.499,0.681,pass,,T.Tagovailoa,,D.Smythe,,,,,,,A.Jennings,,,,
2023,8,October 29,away,Miami Dolphins,https://www.pro-football-reference.com/boxscores/202310290mia.htm,4,04:17,1,10,NE 40,17,24,(4:17) (Shotgun) 31-R.Mostert left guard to NE 34 for 6 yards (48-Ja.Tavai).,3.180,0.066,run,,,R.Mostert,,,,,,,,Ja.Tavai,,,,
2023,8,October 29,away,Miami Dolphins,https://www.pro-football-reference.com/boxscores/202310290mia.htm,4,03:36,2,4,NE 34,17,24,"(3:36) (Shotgun) 31-R.Mostert up the middle to NE 31 for 3 yards (92-D.Godchaux, 91-D.Wise).",3.246,-0.253,run,,,R.Mostert,,,,,,,,D.Wise,,,,
2023,8,October 29,away,Miami Dolphins,https://www.pro-football-reference.com/boxscores/202310290mia.htm,4,02:49,,,NE 31,17,24,Timeout #1 by MIA at 02:49.,2.993,0.000,no_play,,,,,,,,,,,,,,,
2023,8,October 29,away,Miami Dolphins,https://www.pro-football-reference.com/boxscores/202310290mia.htm,4,02:49,3,1,NE 31,17,30,"(2:49) (Shotgun) 1-T.Tagovailoa pass deep middle to 17-J.Waddle for 31 yards, TOUCHDOWN.",2.993,4.007,pass,,T.Tagovailoa,,J.Waddle,,,,,,,,,,,
2023,8,October 29,away,Miami Dolphins,https://www.pro-football-reference.com/boxscores/202310290mia.htm,4,02:43,,,NE 15,17,31,"7-J.Sanders extra point is GOOD, Center-44-B.Ferguson, Holder-16-J.Bailey.",0.932,0.068,extra_point,,,,,,,,J.Sanders,,,,,,,
2023,8,October 29,away,Miami Dolphins,https://www.pro-football-reference.com/boxscores/202310290mia.htm,4,02:43,,,MIA 35,17,31,"7-J.Sanders kicks 65 yards from MIA 35 to end zone, Touchback.",0.828,0.000,kickoff,,,,,,,,J.Sanders,,,,,,,
2023,8,October 29,away,Miami Dolphins,https://www.pro-football-reference.com/boxscores/202310290mia.htm,4,02:43,1,10,NE 25,17,31,(2:43) (Shotgun) 10-M.Jones pass incomplete deep middle to 88-M.Gesicki.,0.828,-0.411,pass,,M.Jones,,M.Gesicki,,,,,,,,,,,
2023,8,October 29,away,Miami Dolphins,https://www.pro-football-reference.com/boxscores/202310290mia.htm,4,02:40,2,10,NE 25,17,31,(2:40) (Shotgun) 10-M.Jones pass short left to 88-M.Gesicki to NE 30 for 5 yards (4-K.Kohou).,0.417,0.034,pass,,M.Jones,,M.Gesicki,,,,,,,K.Kohou,,,,
2023,8,October 29,away,Miami Dolphins,https://www.pro-football-reference.com/boxscores/202310290mia.htm,4,02:17,3,5,NE 30,17,31,"(2:17) (No Huddle, Shotgun) 10-M.Jones sacked at NE 21 for -9 yards (15-J.Phillips).",0.452,-1.550,pass,,M.Jones,,,,J.Phillips,,,,,J.Phillips,,,,
2023,8,October 29,away,Miami Dolphins,https://www.pro-football-reference.com/boxscores/202310290mia.htm,4,02:00,4,14,NE 21,17,31,"(2:00) (Shotgun) 10-M.Jones pass incomplete deep middle to 81-D.Douglas (29-B.Jones) [92-Z.Sieler]. MIA-29-B.Jones was injured during the play. His return is Questionable. 
PENALTY on NE-7-J.Smith-Schuster, Unsportsmanlike Conduct, 10 yards, enforced at NE 21.",-1.098,-3.591,pass,,M.Jones,,D.Douglas,,,,,,,,,,,J.Smith-Schuster
2023,8,October 29,away,Miami Dolphins,https://www.pro-football-reference.com/boxscores/202310290mia.htm,4,01:52,1,10,NE 10,17,31,(1:52) 1-T.Tagovailoa kneels to NE 11 for -1 yards.,4.689,-0.645,qb_kneel,,,T.Tagovailoa,,,,,,,,,,,,
2023,8,October 29,away,Miami Dolphins,https://www.pro-football-reference.com/boxscores/202310290mia.htm,4,01:14,2,11,NE 11,17,31,(1:14) 1-T.Tagovailoa kneels to NE 12 for -1 yards.,4.044,-0.623,qb_kneel,,,T.Tagovailoa,,,,,,,,,,,,
2023,8,October 29,away,Miami Dolphins,https://www.pro-football-reference.com/boxscores/202310290mia.htm,4,00:37,3,12,NE 12,17,31,(:37) (No Huddle) 1-T.Tagovailoa kneels to NE 13 for -1 yards.,3.421,-3.421,qb_kneel,,,T.Tagovailoa,,,,,,,,,,,,
2023,9,November 5,home,Washington Commanders,https://www.pro-football-reference.com/boxscores/202311050nwe.htm,1,15:00,,,NE 35,0,0,37-C.Ryland kicks 66 yards from NE 35 to WAS -1. 24-A.Gibson pushed ob at WAS 36 for 37 yards (5-J.Peppers).,0.770,0.770,kickoff,,,,,,,,C.Ryland,A.Gibson,,J.Peppers,,,,
2023,9,November 5,home,Washington Commanders,https://www.pro-football-reference.com/boxscores/202311050nwe.htm,1,14:54,1,10,WAS 36,0,0,(14:54) (Shotgun) 14-S.Howell pass short middle to 8-B.Robinson to WAS 40 for 4 yards (8-J.Bentley).,1.540,-0.122,pass,,S.Howell,,B.Robinson,,,,,,,J.Bentley,,,,
2023,9,November 5,home,Washington Commanders,https://www.pro-football-reference.com/boxscores/202311050nwe.htm,1,14:19,2,6,WAS 40,0,0,(14:19) (Shotgun) 8-B.Robinson right guard to WAS 44 for 4 yards (92-D.Godchaux; 91-D.Wise).,1.419,-0.080,run,,,B.Robinson,,,,,,,,D.Godchaux,D.Wise,,,
2023,9,November 5,home,Washington Commanders,https://www.pro-football-reference.com/boxscores/202311050nwe.htm,1,13:34,3,2,WAS 44,0,0,(13:34) (Shotgun) 14-S.Howell pass incomplete short middle to 1-J.Dotson.,1.339,-1.914,pass,,S.Howell,,J.Dotson,,,,,,,,,,,
2023,9,November 5,home,Washington Commanders,https://www.pro-football-reference.com/boxscores/202311050nwe.htm,1,13:30,4,2,WAS 44,0,0,"(13:30) 5-T.Way punts 40 yards to NE 16, Center-54-C.Cheeseman, fair catch by 81-D.Douglas.",-0.575,-0.285,punt,,,,,,,T.Way,,D.Douglas,,,,,,
2023,9,November 5,home,Washington Commanders,https://www.pro-football-reference.com/boxscores/202311050nwe.htm,1,13:23,1,10,NE 16,0,0,(13:23) (Shotgun) 10-M.Jones pass short middle to 81-D.Douglas to NE 27 for 11 yards (25-B.St-Juste).,0.860,0.790,pass,,M.Jones,,D.Douglas,,,,,,,B.St-Juste,,,,
2023,9,November 5,home,Washington Commanders,https://www.pro-football-reference.com/boxscores/202311050nwe.htm,1,12:50,1,10,NE 27,0,0,(12:50) (Shotgun) 38-R.Stevenson up the middle to NE 28 for 1 yard (96-J.Smith-Williams).,1.650,-0.660,run,,,R.Stevenson,,,,,,,,J.Smith-Williams,,,,
2023,9,November 5,home,Washington Commanders,https://www.pro-football-reference.com/boxscores/202311050nwe.htm,1,12:14,2,9,NE 28,0,0,(12:14) (Shotgun) 10-M.Jones pass incomplete short right to 38-R.Stevenson.,0.990,-0.751,pass,,M.Jones,,R.Stevenson,,,,,,,,,,,
2023,9,November 5,home,Washington Commanders,https://www.pro-football-reference.com/boxscores/202311050nwe.htm,1,12:10,3,9,NE 28,0,0,(12:10) (Shotgun) 10-M.Jones pass short middle to 38-R.Stevenson to NE 41 for 13 yards (52-J.Davis).,0.239,2.227,pass,,M.Jones,,R.Stevenson,,,,,,,J.Davis,,,,
2023,9,November 5,home,Washington Commanders,https://www.pro-football-reference.com/boxscores/202311050nwe.htm,1,11:45,1,10,NE 41,0,0,"(11:45) (No Huddle, Shotgun) 38-R.Stevenson up the middle to NE 43 for 2 yards (91-J.Ridgeway).",2.466,-0.358,run,,,R.Stevenson,,,,,,,,J.Ridgeway,,,,
2023,9,November 5,home,Washington Commanders,https://www.pro-football-reference.com/boxscores/202311050nwe.htm,1,11:14,2,8,NE 43,0,0,(11:14) 38-R.Stevenson left guard to NE 48 for 5 yards (47-K.Hudson).,2.108,-0.098,run,,,R.Stevenson,,,,,,,,K.Hudson,,,,
2023,9,November 5,home,Washington Commanders,https://www.pro-football-reference.com/boxscores/202311050nwe.htm,1,10:38,3,3,NE 48,0,0,(10:38) (Shotgun) 10-M.Jones pass short middle to 85-H.Henry to WAS 46 for 6 yards (31-K.Curl; 52-J.Davis).,2.011,1.216,pass,,M.Jones,,H.Henry,,,,,,,K.Curl,J.Davis,,,
2023,9,November 5,home,Washington Commanders,https://www.pro-football-reference.com/boxscores/202311050nwe.htm,1,10:02,1,10,WAS 46,0,0,(10:02) (Shotgun) 10-M.Jones pass incomplete short middle to 81-D.Douglas (25-B.St-Juste).,3.226,-0.536,pass,,M.Jones,,D.Douglas,,,,,,,,,,,
2023,9,November 5,home,Washington Commanders,https://www.pro-football-reference.com/boxscores/202311050nwe.htm,1,09:59,2,10,WAS 46,0,0,(9:59) (Shotgun) 15-E.Elliott left guard to WAS 46 for no gain (93-J.Allen).,2.691,-0.848,run,,,E.Elliott,,,,,,,,J.Allen,,,,
2023,9,November 5,home,Washington Commanders,https://www.pro-football-reference.com/boxscores/202311050nwe.htm,1,09:21,3,10,WAS 46,0,0,(9:21) (Shotgun) 10-M.Jones pass short right to 11-T.Thornton to WAS 39 for 7 yards (31-K.Curl).,1.843,-0.989,pass,,M.Jones,,T.Thornton,,,,,,,K.Curl,,,,
2023,9,November 5,home,Washington Commanders,https://www.pro-football-reference.com/boxscores/202311050nwe.htm,1,08:39,4,3,WAS 39,0,0,(8:39) (Shotgun) 10-M.Jones pass incomplete deep left to 11-T.Thornton.,0.854,-2.615,pass,,M.Jones,,T.Thornton,,,,,,,,,,,
2023,9,November 5,home,Washington Commanders,https://www.pro-football-reference.com/boxscores/202311050nwe.htm,1,08:34,1,10,WAS 39,0,0,"(8:34) 8-B.Robinson right guard to WAS 44 for 5 yards (48-Ja.Tavai, 93-L.Guy).",1.761,0.115,run,,,B.Robinson,,,,,,,,L.Guy,,,,
2023,9,November 5,home,Washington Commanders,https://www.pro-football-reference.com/boxscores/202311050nwe.htm,1,07:53,2,5,WAS 44,0,0,(7:53) (Shotgun) 14-S.Howell pass short middle to 2-D.Brown to NE 37 for 19 yards (23-K.Dugger; 26-S.Wade).,1.876,1.548,pass,,S.Howell,,D.Brown,,,,,,,K.Dugger,S.Wade,,,
2023,9,November 5,home,Washington Commanders,https://www.pro-football-reference.com/boxscores/202311050nwe.htm,1,07:13,1,10,NE 37,0,0,(7:13) (Shotgun) 14-S.Howell pass short left to 24-A.Gibson to NE 30 for 7 yards (2-J.Mills).,3.424,0.367,pass,,S.Howell,,A.Gibson,,,,,,,J.Mills,,,,
2023,9,November 5,home,Washington Commanders,https://www.pro-football-reference.com/boxscores/202311050nwe.htm,1,06:35,2,3,NE 30,0,0,(6:35) (Shotgun) 14-S.Howell pass short right to 17-T.McLaurin to NE 28 for 2 yards (8-J.Bentley).,3.791,-0.172,pass,,S.Howell,,T.McLaurin,,,,,,,J.Bentley,,,,
2023,9,November 5,home,Washington Commanders,https://www.pro-football-reference.com/boxscores/202311050nwe.htm,1,05:58,3,1,NE 28,0,0,"(5:58) 8-B.Robinson left guard to NE 26 for 2 yards (92-D.Godchaux, 48-Ja.Tavai).",3.619,0.597,run,,,B.Robinson,,,,,,,,Ja.Tavai,,,,
2023,9,November 5,home,Washington Commanders,https://www.pro-football-reference.com/boxscores/202311050nwe.htm,1,05:16,1,10,NE 26,0,0,"(5:16) (Shotgun) 14-S.Howell pass short left to 17-T.McLaurin to NE 24 for 2 yards (8-J.Bentley, 33-A.Jennings).",4.217,-0.312,pass,,S.Howell,,T.McLaurin,,,,,,,A.Jennings,,,,
2023,9,November 5,home,Washington Commanders,https://www.pro-football-reference.com/boxscores/202311050nwe.htm,1,04:34,2,8,NE 24,0,0,(4:34) (Shotgun) 14-S.Howell pass short right to 83-J.Crowder pushed ob at NE 17 for 7 yards (27-M.Bryant).,3.905,0.525,pass,,S.Howell,,J.Crowder,,,,,,,M.Bryant,,,,
2023,9,November 5,home,Washington Commanders,https://www.pro-football-reference.com/boxscores/202311050nwe.htm,1,04:01,3,1,NE 17,0,0,"(4:01) (Shotgun) 14-S.Howell left guard to NE 19 for -2 yards (33-A.Jennings, 91-D.Wise).",4.429,-1.862,run,,,S.Howell,,,,,,,,D.Wise,,,,
2023,9,November 5,home,Washington Commanders,https://www.pro-football-reference.com/boxscores/202311050nwe.htm,1,03:18,4,3,NE 19,0,3,"(3:18) 6-J.Slye 37 yard field goal is GOOD, Center-54-C.Cheeseman, Holder-5-T.Way.",2.567,0.433,field_goal,,,,,,,,J.Slye,,,,,,,
2023,9,November 5,home,Washington Commanders,https://www.pro-football-reference.com/boxscores/202311050nwe.htm,1,03:14,,,WAS 35,0,3,"6-J.Slye kicks 65 yards from WAS 35 to end zone, Touchback.",1.374,0.000,kickoff,,,,,,,,J.Slye,,,,,,,
2023,9,November 5,home,Washington Commanders,https://www.pro-football-reference.com/boxscores/202311050nwe.htm,1,03:14,1,10,NE 25,0,3,(3:14) 10-M.Jones pass incomplete short right.,1.374,-0.573,pass,,M.Jones,,,,,,,,,,,,,
2023,9,November 5,home,Washington Commanders,https://www.pro-football-reference.com/boxscores/202311050nwe.htm,1,03:10,2,10,NE 25,0,3,(3:10) (Shotgun) 10-M.Jones pass short left to 15-E.Elliott pushed ob at NE 30 for 5 yards (52-J.Davis).,0.801,-0.239,pass,,M.Jones,,E.Elliott,,,,,,,J.Davis,,,,
2023,9,November 5,home,Washington Commanders,https://www.pro-football-reference.com/boxscores/202311050nwe.htm,1,02:35,3,5,NE 30,0,3,(2:35) (Shotgun) 10-M.Jones pass incomplete short left to 11-T.Thornton.,0.562,-1.442,pass,,M.Jones,,T.Thornton,,,,,,,,,,,
2023,9,November 5,home,Washington Commanders,https://www.pro-football-reference.com/boxscores/202311050nwe.htm,1,02:31,4,5,NE 30,0,3,"(2:31) 17-B.Baringer punts 56 yards to WAS 14, Center-49-J.Cardona. 83-J.Crowder to WAS 20 for 6 yards (41-B.Schooler).",-0.880,0.381,punt,,,,,,,B.Baringer,,J.Crowder,,B.Schooler,,,,
2023,9,November 5,home,Washington Commanders,https://www.pro-football-reference.com/boxscores/202311050nwe.htm,1,02:21,1,10,WAS 20,0,3,(2:21) (Shotgun) 24-A.Gibson left tackle to WAS 23 for 3 yards (92-D.Godchaux; 21-A.Phillips).,0.499,-0.375,run,,,A.Gibson,,,,,,,,D.Godchaux,A.Phillips,,,
2023,9,November 5,home,Washington Commanders,https://www.pro-football-reference.com/boxscores/202311050nwe.htm,1,01:39,2,7,WAS 23,0,3,(1:39) (Shotgun) 14-S.Howell pass incomplete deep right to 1-J.Dotson (31-Jo.Jones).,0.125,-0.767,pass,,S.Howell,,J.Dotson,,,,,,,,,,,
2023,9,November 5,home,Washington Commanders,https://www.pro-football-reference.com/boxscores/202311050nwe.htm,1,01:33,3,7,WAS 23,0,3,(1:33) (Shotgun) 14-S.Howell pass short left to 3-B.Pringle to WAS 49 for 26 yards (31-Jo.Jones) [55-J.Uche].,-0.642,3.100,pass,,S.Howell,,B.Pringle,,,,,,,Jo.Jones,,,,
2023,9,November 5,home,Washington Commanders,https://www.pro-football-reference.com/boxscores/202311050nwe.htm,1,00:45,1,10,WAS 49,0,3,(:45) (Shotgun) 14-S.Howell pass short left to 24-A.Gibson pushed ob at NE 41 for 10 yards (23-K.Dugger).,2.458,0.682,pass,,S.Howell,,A.Gibson,,,,,,,K.Dugger,,,,
2023,9,November 5,home,Washington Commanders,https://www.pro-football-reference.com/boxscores/202311050nwe.htm,1,00:08,1,10,NE 41,0,3,(:08) (Shotgun) 14-S.Howell pass incomplete deep left to 17-T.McLaurin (5-J.Peppers).,3.140,-0.549,pass,,S.Howell,,T.McLaurin,,,,,,,,,,,
2023,9,November 5,home,Washington Commanders,https://www.pro-football-reference.com/boxscores/202311050nwe.htm,1,00:01,2,10,NE 41,0,3,(:01) (Shotgun) 14-S.Howell pass short right to 1-J.Dotson to NE 32 for 9 yards (30-M.Mapu) [90-C.Barmore].,2.591,0.705,pass,,S.Howell,,J.Dotson,,,,,,,M.Mapu,,,,
2023,9,November 5,home,Washington Commanders,https://www.pro-football-reference.com/boxscores/202311050nwe.htm,2,15:00,3,1,NE 32,0,3,"(15:00) (Shotgun) 24-A.Gibson left end to NE 23 for 9 yards (27-M.Bryant, 93-L.Guy).",3.296,1.070,run,,,A.Gibson,,,,,,,,L.Guy,,,,
2023,9,November 5,home,Washington Commanders,https://www.pro-football-reference.com/boxscores/202311050nwe.htm,2,14:18,1,10,NE 23,0,3,(14:18) 14-S.Howell scrambles left guard to NE 18 for 5 yards (8-J.Bentley).,4.366,0.175,run,,,S.Howell,,,,,,,,J.Bentley,,,,
2023,9,November 5,home,Washington Commanders,https://www.pro-football-reference.com/boxscores/202311050nwe.htm,2,13:36,2,5,NE 18,0,3,(13:36) 8-B.Robinson left guard to NE 12 for 6 yards (23-K.Dugger).,4.541,0.420,run,,,B.Robinson,,,,,,,,K.Dugger,,,,
2023,9,November 5,home,Washington Commanders,https://www.pro-football-reference.com/boxscores/202311050nwe.htm,2,12:50,1,10,NE 12,0,3,(12:50) (Shotgun) 14-S.Howell pass short right to 1-J.Dotson to NE 9 for 3 yards (27-M.Bryant).,4.961,-0.317,pass,,S.Howell,,J.Dotson,,,,,,,M.Bryant,,,,
2023,9,November 5,home,Washington Commanders,https://www.pro-football-reference.com/boxscores/202311050nwe.htm,2,12:10,2,7,NE 9,0,9,"(12:10) 8-B.Robinson right end for 9 yards, TOUCHDOWN.",4.644,2.356,run,,,B.Robinson,,,,,,,,,,,,
2023,9,November 5,home,Washington Commanders,https://www.pro-football-reference.com/boxscores/202311050nwe.htm,2,12:05,,,NE 15,0,10,"6-J.Slye extra point is GOOD, Center-54-C.Cheeseman, Holder-5-T.Way.",0.932,0.068,extra_point,,,,,,,,J.Slye,,,,,,,
2023,9,November 5,home,Washington Commanders,https://www.pro-football-reference.com/boxscores/202311050nwe.htm,2,12:05,,,WAS 35,0,10,"6-J.Slye kicks 65 yards from WAS 35 to end zone, Touchback.",1.244,0.000,kickoff,,,,,,,,J.Slye,,,,,,,
2023,9,November 5,home,Washington Commanders,https://www.pro-football-reference.com/boxscores/202311050nwe.htm,2,12:05,1,10,NE 25,0,10,(12:05) (Shotgun) 10-M.Jones pass incomplete deep right to 85-H.Henry.,1.244,-0.541,pass,,M.Jones,,H.Henry,,,,,,,,,,,
2023,9,November 5,home,Washington Commanders,https://www.pro-football-reference.com/boxscores/202311050nwe.htm,2,12:00,2,10,NE 25,0,10,"(12:00) (No Huddle, Shotgun) 10-M.Jones pass short left to 81-D.Douglas to NE 31 for 6 yards (51-D.Mayo).",0.703,-0.076,pass,,M.Jones,,D.Douglas,,,,,,,D.Mayo,,,,
2023,9,November 5,home,Washington Commanders,https://www.pro-football-reference.com/boxscores/202311050nwe.htm,2,11:28,3,4,NE 31,0,10,"(11:28) (No Huddle, Shotgun) 10-M.Jones pass incomplete short middle to 11-T.Thornton (13-E.Forbes).",0.627,-1.464,pass,,M.Jones,,T.Thornton,,,,,,,,,,,
2023,9,November 5,home,Washington Commanders,https://www.pro-football-reference.com/boxscores/202311050nwe.htm,2,11:24,4,4,NE 31,0,10,"(11:24) 17-B.Baringer punts 52 yards to WAS 17, Center-49-J.Cardona. 83-J.Crowder to WAS 14 for -3 yards (30-M.Mapu).",-0.837,0.622,punt,,,,,,,B.Baringer,,J.Crowder,,M.Mapu,,,,
2023,9,November 5,home,Washington Commanders,https://www.pro-football-reference.com/boxscores/202311050nwe.htm,2,11:12,1,10,WAS 14,0,10,(11:12) 8-B.Robinson left guard to WAS 16 for 2 yards (5-J.Peppers).,0.216,-0.334,run,,,B.Robinson,,,,,,,,J.Peppers,,,,
2023,9,November 5,home,Washington Commanders,https://www.pro-football-reference.com/boxscores/202311050nwe.htm,2,10:32,2,8,WAS 16,0,10,"(10:32) (Shotgun) 8-B.Robinson left guard to WAS 23 for 7 yards (48-Ja.Tavai; 92-D.Godchaux). FUMBLES (48-Ja.Tavai), RECOVERED by NE-92-D.Godchaux at WAS 25.",-0.118,-4.172,run,,,B.Robinson,,,,,,,,Ja.Tavai,D.Godchaux,Ja.Tavai,D.Godchaux,
2023,9,November 5,home,Washington Commanders,https://www.pro-football-reference.com/boxscores/202311050nwe.htm,2,10:25,1,10,WAS 25,0,10,(10:25) (Shotgun) 15-E.Elliott left end to WAS 17 for 8 yards (31-K.Curl).,4.290,0.607,run,,,E.Elliott,,,,,,,,K.Curl,,,,
2023,9,November 5,home,Washington Commanders,https://www.pro-football-reference.com/boxscores/202311050nwe.htm,2,10:01,2,2,WAS 17,0,10,"(10:01) (No Huddle, Shotgun) 15-E.Elliott right guard to WAS 14 for 3 yards (94-D.Payne; 47-K.Hudson).",4.897,0.031,run,,,E.Elliott,,,,,,,,D.Payne,K.Hudson,,,
2023,9,November 5,home,Washington Commanders,https://www.pro-football-reference.com/boxscores/202311050nwe.htm,2,09:31,1,10,WAS 14,6,10,"(9:31) (No Huddle) 10-M.Jones pass short right to 85-H.Henry for 14 yards, TOUCHDOWN.",4.928,2.072,pass,,M.Jones,,H.Henry,,,,,,,,,,,
2023,9,November 5,home,Washington Commanders,https://www.pro-football-reference.com/boxscores/202311050nwe.htm,2,09:26,,,WAS 15,7,10,"37-C.Ryland extra point is GOOD, Center-49-J.Cardona, Holder-17-B.Baringer.",0.932,0.068,extra_point,,,,,,,,C.Ryland,,,,,,,
2023,9,November 5,home,Washington Commanders,https://www.pro-football-reference.com/boxscores/202311050nwe.htm,2,09:26,,,NE 35,7,10,37-C.Ryland kicks 66 yards from NE 35 to WAS -1. 24-A.Gibson to WAS 17 for 18 yards (45-C.Board).,1.029,-0.590,kickoff,,,,,,,,C.Ryland,A.Gibson,,C.Board,,,,
2023,9,November 5,home,Washington Commanders,https://www.pro-football-reference.com/boxscores/202311050nwe.htm,2,09:22,1,10,WAS 17,7,10,(9:22) 8-B.Robinson up the middle to WAS 20 for 3 yards (8-J.Bentley).,0.439,-0.226,run,,,B.Robinson,,,,,,,,J.Bentley,,,,
2023,9,November 5,home,Washington Commanders,https://www.pro-football-reference.com/boxscores/202311050nwe.htm,2,08:45,2,7,WAS 20,7,10,(8:45) 14-S.Howell pass deep left to 1-J.Dotson pushed ob at WAS 44 for 24 yards (31-Jo.Jones).,0.213,1.935,pass,,S.Howell,,J.Dotson,,,,,,,Jo.Jones,,,,
2023,9,November 5,home,Washington Commanders,https://www.pro-football-reference.com/boxscores/202311050nwe.htm,2,08:10,1,10,WAS 44,7,10,(8:10) (Shotgun) 14-S.Howell pass short right to 82-L.Thomas to WAS 47 for 3 yards (23-K.Dugger).,2.148,-0.119,pass,,S.Howell,,L.Thomas,,,,,,,K.Dugger,,,,
2023,9,November 5,home,Washington Commanders,https://www.pro-football-reference.com/boxscores/202311050nwe.htm,2,07:32,2,7,WAS 47,7,10,"(7:32) (Shotgun) 24-A.Gibson left guard to WAS 49 for 2 yards (70-J.Pharms, 91-D.Wise).",2.029,-0.412,run,,,A.Gibson,,,,,,,,D.Wise,,,,
2023,9,November 5,home,Washington Commanders,https://www.pro-football-reference.com/boxscores/202311050nwe.htm,2,06:51,3,5,WAS 49,7,10,(6:51) (Shotgun) 14-S.Howell pass incomplete short right to 83-J.Crowder.,1.617,-1.611,pass,,S.Howell,,J.Crowder,,,,,,,,,,,
2023,9,November 5,home,Washington Commanders,https://www.pro-football-reference.com/boxscores/202311050nwe.htm,2,06:48,4,5,WAS 49,7,10,"(6:48) 5-T.Way punts 35 yards to NE 16, Center-54-C.Cheeseman, fair catch by 81-D.Douglas.",0.007,-0.343,punt,,,,,,,T.Way,,D.Douglas,,,,,,
2023,9,November 5,home,Washington Commanders,https://www.pro-football-reference.com/boxscores/202311050nwe.htm,2,06:41,1,10,NE 16,7,10,(6:41) 10-M.Jones pass short left to 7-J.Smith-Schuster ran ob at NE 36 for 20 yards (25-B.St-Juste).,0.337,1.478,pass,,M.Jones,,J.Smith-Schuster,,,,,,,B.St-Juste,,,,
2023,9,November 5,home,Washington Commanders,https://www.pro-football-reference.com/boxscores/202311050nwe.htm,2,06:16,1,10,NE 36,13,10,"(6:16) (No Huddle, Shotgun) 38-R.Stevenson right guard for 64 yards, TOUCHDOWN.",1.815,5.185,run,,,R.Stevenson,,,,,,,,,,,,
2023,9,November 5,home,Washington Commanders,https://www.pro-football-reference.com/boxscores/202311050nwe.htm,2,06:06,,,WAS 15,14,10,"37-C.Ryland extra point is GOOD, Center-49-J.Cardona, Holder-17-B.Baringer.
PENALTY on WAS, Illegal Formation, 5 yards, enforced between downs.",0.932,0.068,extra_point,,,,,,,,C.Ryland,,,,,,,
2023,9,November 5,home,Washington Commanders,https://www.pro-football-reference.com/boxscores/202311050nwe.htm,2,06:06,,,NE 40,14,10,37-C.Ryland kicks 57 yards from NE 40 to WAS 3. 24-A.Gibson to WAS 20 for 17 yards (14-T.Montgomery).,0.986,-0.386,kickoff,,,,,,,,C.Ryland,A.Gibson,,T.Montgomery,,,,
2023,9,November 5,home,Washington Commanders,https://www.pro-football-reference.com/boxscores/202311050nwe.htm,2,06:01,1,10,WAS 20,14,10,(6:01) (Shotgun) 14-S.Howell pass short left to 83-J.Crowder to WAS 25 for 5 yards (13-Ja.Jones).,0.600,-0.008,pass,,S.Howell,,J.Crowder,,,,,,,Ja.Jones,,,,
2023,9,November 5,home,Washington Commanders,https://www.pro-football-reference.com/boxscores/202311050nwe.htm,2,05:23,2,5,WAS 25,14,10,"(5:23) (Shotgun) 14-S.Howell pass short left to 87-J.Bates to WAS 20 for -5 yards (93-L.Guy, 92-D.Godchaux).",0.592,-1.086,pass,,S.Howell,,J.Bates,,,,,,,D.Godchaux,,,,
2023,9,November 5,home,Washington Commanders,https://www.pro-football-reference.com/boxscores/202311050nwe.htm,2,04:39,3,10,WAS 20,14,10,(4:39) (Shotgun) 14-S.Howell pass short right to 3-B.Pringle to WAS 33 for 13 yards (8-J.Bentley).,-0.493,1.952,pass,,S.Howell,,B.Pringle,,,,,,,J.Bentley,,,,
2023,9,November 5,home,Washington Commanders,https://www.pro-football-reference.com/boxscores/202311050nwe.htm,2,03:56,1,10,WAS 33,14,10,(3:56) 24-A.Gibson left guard to WAS 37 for 4 yards (23-K.Dugger).,1.458,-0.302,run,,,A.Gibson,,,,,,,,K.Dugger,,,,
2023,9,November 5,home,Washington Commanders,https://www.pro-football-reference.com/boxscores/202311050nwe.htm,2,03:16,2,6,WAS 37,14,10,(3:16) (Shotgun) 14-S.Howell pass short left to 24-A.Gibson to WAS 43 for 6 yards (30-M.Mapu).,1.156,0.694,pass,,S.Howell,,A.Gibson,,,,,,,M.Mapu,,,,
2023,9,November 5,home,Washington Commanders,https://www.pro-football-reference.com/boxscores/202311050nwe.htm,2,02:35,1,10,WAS 43,14,10,(2:35) (Shotgun) 14-S.Howell pass incomplete deep left to 3-B.Pringle.,1.850,-0.381,pass,,S.Howell,,B.Pringle,,,,,,,,,,,
2023,9,November 5,home,Washington Commanders,https://www.pro-football-reference.com/boxscores/202311050nwe.htm,2,02:30,2,10,WAS 43,14,10,(2:30) (Shotgun) 14-S.Howell pass short right to 2-D.Brown to NE 43 for 14 yards (27-M.Bryant).,1.469,1.166,pass,,S.Howell,,D.Brown,,,,,,,M.Bryant,,,,
2023,9,November 5,home,Washington Commanders,https://www.pro-football-reference.com/boxscores/202311050nwe.htm,2,02:00,1,10,NE 43,14,10,"(2:00) (Shotgun) 14-S.Howell pass incomplete deep right to 1-J.Dotson.
PENALTY on NE-33-A.Jennings, Defensive Offside, 5 yards, enforced at NE 43 - No Play.",2.636,0.635,no_play,,,,,,,,,,,,,,,A.Jennings
2023,9,November 5,home,Washington Commanders,https://www.pro-football-reference.com/boxscores/202311050nwe.htm,2,01:55,1,5,NE 38,14,10,"(1:55) (Shotgun) PENALTY on WAS-72-C.Leno, False Start, 5 yards, enforced at NE 38 - No Play.",3.270,-0.676,no_play,,,,,,,,,,,,,,,C.Leno
2023,9,November 5,home,Washington Commanders,https://www.pro-football-reference.com/boxscores/202311050nwe.htm,2,01:55,1,10,NE 43,14,10,(1:55) (Shotgun) 14-S.Howell pass incomplete short left to 17-T.McLaurin (90-C.Barmore).,2.595,-0.403,pass,,S.Howell,,T.McLaurin,,,,,,,,,,,
2023,9,November 5,home,Washington Commanders,https://www.pro-football-reference.com/boxscores/202311050nwe.htm,2,01:52,2,10,NE 43,14,10,(1:52) (Shotgun) 14-S.Howell sacked at WAS 44 for -13 yards (91-D.Wise).,2.191,-1.459,pass,,S.Howell,,,,D.Wise,,,,,D.Wise,,,,
2023,9,November 5,home,Washington Commanders,https://www.pro-football-reference.com/boxscores/202311050nwe.htm,2,01:46,,,WAS 44,14,10,Timeout #1 by NE at 01:46.,0.732,0.000,no_play,,,,,,,,,,,,,,,
2023,9,November 5,home,Washington Commanders,https://www.pro-football-reference.com/boxscores/202311050nwe.htm,2,01:46,3,23,WAS 44,14,10,(1:46) (Shotgun) 14-S.Howell scrambles left end pushed ob at NE 32 for 24 yards (13-Ja.Jones).,0.732,2.694,run,,,S.Howell,,,,,,,,Ja.Jones,,,,
2023,9,November 5,home,Washington Commanders,https://www.pro-football-reference.com/boxscores/202311050nwe.htm,2,01:35,1,10,NE 32,14,10,(1:35) (Shotgun) 14-S.Howell pass short middle to 82-L.Thomas to NE 21 for 11 yards (2-J.Mills; 8-J.Bentley).,3.426,0.732,pass,,S.Howell,,L.Thomas,,,,,,,J.Mills,J.Bentley,,,
2023,9,November 5,home,Washington Commanders,https://www.pro-football-reference.com/boxscores/202311050nwe.htm,2,00:59,1,10,NE 21,14,10,(:59) (Shotgun) 14-S.Howell pass incomplete deep right to 2-D.Brown.,4.157,-0.331,pass,,S.Howell,,D.Brown,,,,,,,,,,,
2023,9,November 5,home,Washington Commanders,https://www.pro-football-reference.com/boxscores/202311050nwe.htm,2,00:55,2,10,NE 21,14,10,(:55) (Shotgun) 14-S.Howell pass incomplete deep middle to 87-J.Bates.,3.826,-0.460,pass,,S.Howell,,J.Bates,,,,,,,,,,,
2023,9,November 5,home,Washington Commanders,https://www.pro-football-reference.com/boxscores/202311050nwe.htm,2,00:50,3,10,NE 21,14,10,(:50) (Shotgun) 14-S.Howell pass deep left to 3-B.Pringle to NE 5 for 16 yards (29-J.Jackson).,3.366,2.119,pass,,S.Howell,,B.Pringle,,,,,,,J.Jackson,,,,
2023,9,November 5,home,Washington Commanders,https://www.pro-football-reference.com/boxscores/202311050nwe.htm,2,00:23,1,5,NE 5,14,10,"(:23) (No Huddle, Shotgun) 14-S.Howell pass short right intended for 1-J.Dotson INTERCEPTED by 23-K.Dugger at NE -6. 23-K.Dugger to NE 14 for 20 yards (3-B.Pringle).",5.485,-5.485,pass,,S.Howell,,J.Dotson,K.Dugger,,,,,,B.Pringle,,,,
2023,9,November 5,home,Washington Commanders,https://www.pro-football-reference.com/boxscores/202311050nwe.htm,2,00:09,1,10,NE 14,14,10,(:09) 10-M.Jones kneels to NE 12 for -2 yards.,0.000,0.000,qb_kneel,,,M.Jones,,,,,,,,,,,,
2023,9,November 5,home,Washington Commanders,https://www.pro-football-reference.com/boxscores/202311050nwe.htm,3,15:00,,,WAS 35,14,10,"6-J.Slye kicks 65 yards from WAS 35 to end zone, Touchback.",1.474,0.000,kickoff,,,,,,,,J.Slye,,,,,,,
2023,9,November 5,home,Washington Commanders,https://www.pro-football-reference.com/boxscores/202311050nwe.htm,3,15:00,1,10,NE 25,14,10,(15:00) (Shotgun) 10-M.Jones pass short left to 83-J.Reagor to NE 36 for 11 yards (47-K.Hudson).,1.474,0.797,pass,,M.Jones,,J.Reagor,,,,,,,K.Hudson,,,,
2023,9,November 5,home,Washington Commanders,https://www.pro-football-reference.com/boxscores/202311050nwe.htm,3,14:29,1,10,NE 36,14,10,"(14:29) (No Huddle, Shotgun) 10-M.Jones pass short middle to 81-D.Douglas to NE 45 for 9 yards (25-B.St-Juste).",2.271,0.756,pass,,M.Jones,,D.Douglas,,,,,,,B.St-Juste,,,,
2023,9,November 5,home,Washington Commanders,https://www.pro-football-reference.com/boxscores/202311050nwe.htm,3,14:03,2,1,NE 45,14,10,"(14:03) (No Huddle, Shotgun) 38-R.Stevenson left guard to 50 for 5 yards (47-K.Hudson).",3.027,0.057,run,,,R.Stevenson,,,,,,,,K.Hudson,,,,
2023,9,November 5,home,Washington Commanders,https://www.pro-football-reference.com/boxscores/202311050nwe.htm,3,13:33,1,10,MID 50,14,10,"(13:33) (No Huddle, Shotgun) 10-M.Jones scrambles right end ran ob at WAS 47 for 3 yards (51-D.Mayo).",3.084,-0.245,run,,,M.Jones,,,,,,,,D.Mayo,,,,
2023,9,November 5,home,Washington Commanders,https://www.pro-football-reference.com/boxscores/202311050nwe.htm,3,12:55,2,7,WAS 47,14,10,"(12:55) (No Huddle, Shotgun) 15-E.Elliott right tackle to WAS 44 for 3 yards (52-J.Davis; 95-C.Toohill).",2.840,-0.420,run,,,E.Elliott,,,,,,,,J.Davis,C.Toohill,,,
2023,9,November 5,home,Washington Commanders,https://www.pro-football-reference.com/boxscores/202311050nwe.htm,3,12:22,3,4,WAS 44,14,10,"(12:22) (Shotgun) 10-M.Jones pass short right to 15-E.Elliott to WAS 38 for 6 yards (31-K.Curl, 52-J.Davis).",2.420,1.370,pass,,M.Jones,,E.Elliott,,,,,,,J.Davis,,,,
2023,9,November 5,home,Washington Commanders,https://www.pro-football-reference.com/boxscores/202311050nwe.htm,3,11:57,1,10,WAS 38,14,10,(11:57) (No Huddle) 81-D.Douglas right end to WAS 38 for no gain (13-E.Forbes).,3.790,-0.595,run,,,D.Douglas,,,,,,,,E.Forbes,,,,
2023,9,November 5,home,Washington Commanders,https://www.pro-football-reference.com/boxscores/202311050nwe.htm,3,11:21,2,10,WAS 38,14,10,"(11:21) (No Huddle, Shotgun) 10-M.Jones pass incomplete short right to 83-J.Reagor (50-A.Jones).",3.195,-0.885,pass,,M.Jones,,J.Reagor,,,,,,,,,,,
2023,9,November 5,home,Washington Commanders,https://www.pro-football-reference.com/boxscores/202311050nwe.htm,3,11:18,3,10,WAS 38,14,10,"(11:18) (Shotgun) 10-M.Jones sacked at WAS 47 for -9 yards (55-K.Henry).
PENALTY on WAS-55-K.Henry, Roughing the Passer, 15 yards, enforced at WAS 38 - No Play.",2.310,2.460,no_play,,,,,,,,,,,,,,,K.Henry
2023,9,November 5,home,Washington Commanders,https://www.pro-football-reference.com/boxscores/202311050nwe.htm,3,10:55,1,10,WAS 23,14,10,"(10:55) 38-R.Stevenson left end to WAS 24 for -1 yards (35-P.Butler, 51-D.Mayo).",4.770,-0.770,run,,,R.Stevenson,,,,,,,,D.Mayo,,,,
2023,9,November 5,home,Washington Commanders,https://www.pro-football-reference.com/boxscores/202311050nwe.htm,3,10:27,2,11,WAS 24,14,10,"(10:27) (No Huddle, Shotgun) 10-M.Jones pass incomplete deep left to 83-J.Reagor (13-E.Forbes).",4.000,-0.625,pass,,M.Jones,,J.Reagor,,,,,,,,,,,
2023,9,November 5,home,Washington Commanders,https://www.pro-football-reference.com/boxscores/202311050nwe.htm,3,10:21,3,11,WAS 24,14,10,(10:21) (Shotgun) 10-M.Jones pass incomplete short middle to 88-M.Gesicki (25-B.St-Juste).,3.374,-1.275,pass,,M.Jones,,M.Gesicki,,,,,,,,,,,
2023,9,November 5,home,Washington Commanders,https://www.pro-football-reference.com/boxscores/202311050nwe.htm,3,10:17,4,11,WAS 24,17,10,"(10:17) 37-C.Ryland 43 yard field goal is GOOD, Center-49-J.Cardona, Holder-17-B.Baringer.",2.099,0.901,field_goal,,,,,,,,C.Ryland,,,,,,,
2023,9,November 5,home,Washington Commanders,https://www.pro-football-reference.com/boxscores/202311050nwe.htm,3,10:14,,,NE 35,17,10,"37-C.Ryland kicks 65 yards from NE 35 to end zone, Touchback.",0.836,0.000,kickoff,,,,,,,,C.Ryland,,,,,,,
2023,9,November 5,home,Washington Commanders,https://www.pro-football-reference.com/boxscores/202311050nwe.htm,3,10:14,1,10,WAS 25,17,10,(10:14) (Shotgun) 14-S.Howell pass short middle to 82-L.Thomas to WAS 32 for 7 yards (27-M.Bryant; 48-Ja.Tavai).,0.836,0.435,pass,,S.Howell,,L.Thomas,,,,,,,M.Bryant,Ja.Tavai,,,
2023,9,November 5,home,Washington Commanders,https://www.pro-football-reference.com/boxscores/202311050nwe.htm,3,09:39,2,3,WAS 32,17,10,(9:39) (Shotgun) 14-S.Howell pass short right to 24-A.Gibson to WAS 44 for 12 yards (23-K.Dugger).,1.272,0.825,pass,,S.Howell,,A.Gibson,,,,,,,K.Dugger,,,,
2023,9,November 5,home,Washington Commanders,https://www.pro-football-reference.com/boxscores/202311050nwe.htm,3,08:57,1,10,WAS 44,17,10,(8:57) (Shotgun) 8-B.Robinson up the middle to NE 49 for 7 yards (93-L.Guy; 8-J.Bentley).,2.097,0.441,run,,,B.Robinson,,,,,,,,L.Guy,J.Bentley,,,
2023,9,November 5,home,Washington Commanders,https://www.pro-football-reference.com/boxscores/202311050nwe.htm,3,08:16,2,3,NE 49,17,10,(8:16) (Shotgun) 24-A.Gibson up the middle to NE 45 for 4 yards (92-D.Godchaux).,2.538,0.343,run,,,A.Gibson,,,,,,,,D.Godchaux,,,,
2023,9,November 5,home,Washington Commanders,https://www.pro-football-reference.com/boxscores/202311050nwe.htm,3,07:38,1,10,NE 45,17,10,(7:38) 24-A.Gibson right end pushed ob at NE 33 for 12 yards (13-Ja.Jones).,2.881,0.786,run,,,A.Gibson,,,,,,,,Ja.Jones,,,,
2023,9,November 5,home,Washington Commanders,https://www.pro-football-reference.com/boxscores/202311050nwe.htm,3,07:01,1,10,NE 33,17,10,(7:01) (Shotgun) 14-S.Howell pass incomplete short left to 8-B.Robinson.,3.667,-0.436,pass,,S.Howell,,B.Robinson,,,,,,,,,,,
2023,9,November 5,home,Washington Commanders,https://www.pro-football-reference.com/boxscores/202311050nwe.htm,3,06:58,2,10,NE 33,17,16,"(6:58) (Shotgun) 14-S.Howell pass deep middle to 1-J.Dotson for 33 yards, TOUCHDOWN.",3.231,3.769,pass,,S.Howell,,J.Dotson,,,,,,,,,,,
2023,9,November 5,home,Washington Commanders,https://www.pro-football-reference.com/boxscores/202311050nwe.htm,3,06:51,,,NE 15,17,17,"6-J.Slye extra point is GOOD, Center-54-C.Cheeseman, Holder-5-T.Way.",0.932,0.068,extra_point,,,,,,,,J.Slye,,,,,,,
2023,9,November 5,home,Washington Commanders,https://www.pro-football-reference.com/boxscores/202311050nwe.htm,3,06:51,,,WAS 35,17,17,"6-J.Slye kicks 65 yards from WAS 35 to end zone, Touchback.",1.405,0.000,kickoff,,,,,,,,J.Slye,,,,,,,
2023,9,November 5,home,Washington Commanders,https://www.pro-football-reference.com/boxscores/202311050nwe.htm,3,06:51,1,10,NE 25,17,17,(6:51) (Shotgun) 15-E.Elliott right guard to NE 25 for no gain (52-J.Davis).,1.405,-0.584,run,,,E.Elliott,,,,,,,,J.Davis,,,,
2023,9,November 5,home,Washington Commanders,https://www.pro-football-reference.com/boxscores/202311050nwe.htm,3,06:23,2,10,NE 25,17,17,"(6:23) (No Huddle, Shotgun) 10-M.Jones pass short right to 85-H.Henry pushed ob at NE 36 for 11 yards (35-P.Butler).",0.821,1.352,pass,,M.Jones,,H.Henry,,,,,,,P.Butler,,,,
2023,9,November 5,home,Washington Commanders,https://www.pro-football-reference.com/boxscores/202311050nwe.htm,3,05:59,1,10,NE 36,17,17,"(5:59) (No Huddle, Shotgun) 10-M.Jones pass short left to 7-J.Smith-Schuster to NE 37 for 1 yard (29-K.Fuller).",2.173,-0.521,pass,,M.Jones,,J.Smith-Schuster,,,,,,,K.Fuller,,,,
2023,9,November 5,home,Washington Commanders,https://www.pro-football-reference.com/boxscores/202311050nwe.htm,3,05:32,2,9,NE 37,17,17,"(5:32) (No Huddle, Shotgun) 10-M.Jones pass incomplete short left to 83-J.Reagor (13-E.Forbes).",1.652,-0.818,pass,,M.Jones,,J.Reagor,,,,,,,,,,,
2023,9,November 5,home,Washington Commanders,https://www.pro-football-reference.com/boxscores/202311050nwe.htm,3,05:29,3,9,NE 37,17,17,(5:29) (Shotgun) 10-M.Jones pass short right to 7-J.Smith-Schuster to NE 41 for 4 yards (29-K.Fuller; 97-E.Obada).,0.834,-1.092,pass,,M.Jones,,J.Smith-Schuster,,,,,,,K.Fuller,E.Obada,,,
2023,9,November 5,home,Washington Commanders,https://www.pro-football-reference.com/boxscores/202311050nwe.htm,3,04:50,4,5,NE 41,17,17,"(4:50) 17-B.Baringer punts 49 yards to WAS 10, Center-49-J.Cardona. 83-J.Crowder to WAS 24 for 14 yards (14-T.Montgomery; 41-B.Schooler).",-0.257,-0.379,punt,,,,,,,B.Baringer,,J.Crowder,,T.Montgomery,B.Schooler,,,
2023,9,November 5,home,Washington Commanders,https://www.pro-football-reference.com/boxscores/202311050nwe.htm,3,04:39,1,10,WAS 24,17,17,(4:39) (Shotgun) 14-S.Howell pass incomplete short right to 1-J.Dotson.,0.637,-0.562,pass,,S.Howell,,J.Dotson,,,,,,,,,,,
2023,9,November 5,home,Washington Commanders,https://www.pro-football-reference.com/boxscores/202311050nwe.htm,3,04:35,2,10,WAS 24,17,17,(4:35) 8-B.Robinson left end to WAS 26 for 2 yards (5-J.Peppers).,0.075,-0.494,run,,,B.Robinson,,,,,,,,J.Peppers,,,,
2023,9,November 5,home,Washington Commanders,https://www.pro-football-reference.com/boxscores/202311050nwe.htm,3,03:54,3,8,WAS 26,17,17,(3:54) (Shotgun) 14-S.Howell pass deep left to 17-T.McLaurin to NE 48 for 26 yards [90-C.Barmore].,-0.419,3.016,pass,,S.Howell,,T.McLaurin,,,,,,,,,,,
2023,9,November 5,home,Washington Commanders,https://www.pro-football-reference.com/boxscores/202311050nwe.htm,3,03:29,1,10,NE 48,17,17,"(3:29) (No Huddle, Shotgun) 14-S.Howell pass short middle to 17-T.McLaurin to NE 12 for 36 yards (31-Jo.Jones).",2.597,2.401,pass,,S.Howell,,T.McLaurin,,,,,,,Jo.Jones,,,,
2023,9,November 5,home,Washington Commanders,https://www.pro-football-reference.com/boxscores/202311050nwe.htm,3,02:46,1,10,NE 12,17,17,(2:46) 8-B.Robinson up the middle to NE 11 for 1 yard (8-J.Bentley; 33-A.Jennings).,4.999,-0.496,run,,,B.Robinson,,,,,,,,J.Bentley,A.Jennings,,,
2023,9,November 5,home,Washington Commanders,https://www.pro-football-reference.com/boxscores/202311050nwe.htm,3,02:03,2,9,NE 11,17,17,(2:03) (Shotgun) 14-S.Howell pass incomplete short left to 82-L.Thomas.,4.502,-0.743,pass,,S.Howell,,L.Thomas,,,,,,,,,,,
2023,9,November 5,home,Washington Commanders,https://www.pro-football-reference.com/boxscores/202311050nwe.htm,3,01:57,3,9,NE 11,17,17,(1:57) (Shotgun) 14-S.Howell pass incomplete short left to 83-J.Crowder.,3.760,-0.896,pass,,S.Howell,,J.Crowder,,,,,,,,,,,
2023,9,November 5,home,Washington Commanders,https://www.pro-football-reference.com/boxscores/202311050nwe.htm,3,01:52,4,9,NE 11,17,20,"(1:52) 6-J.Slye 30 yard field goal is GOOD, Center-54-C.Cheeseman, Holder-5-T.Way.",2.864,0.136,field_goal,,,,,,,,J.Slye,,,,,,,
2023,9,November 5,home,Washington Commanders,https://www.pro-football-reference.com/boxscores/202311050nwe.htm,3,01:49,,,WAS 35,17,20,"6-J.Slye kicks 65 yards from WAS 35 to end zone, Touchback.",1.366,0.000,kickoff,,,,,,,,J.Slye,,,,,,,
2023,9,November 5,home,Washington Commanders,https://www.pro-football-reference.com/boxscores/202311050nwe.htm,3,01:49,1,10,NE 25,17,20,(1:49) (Shotgun) 10-M.Jones pass short right to 38-R.Stevenson pushed ob at NE 33 for 8 yards (50-A.Jones).,1.366,0.550,pass,,M.Jones,,R.Stevenson,,,,,,,A.Jones,,,,
2023,9,November 5,home,Washington Commanders,https://www.pro-football-reference.com/boxscores/202311050nwe.htm,3,01:26,2,2,NE 33,17,20,"(1:26) (No Huddle, Shotgun) 38-R.Stevenson up the middle to NE 40 for 7 yards (35-P.Butler, 52-J.Davis).",1.916,0.282,run,,,R.Stevenson,,,,,,,,J.Davis,,,,
2023,9,November 5,home,Washington Commanders,https://www.pro-football-reference.com/boxscores/202311050nwe.htm,3,00:46,1,10,NE 40,17,20,(:46) (No Huddle) 10-M.Jones pass incomplete deep right to 83-J.Reagor.,2.198,-0.488,pass,,M.Jones,,J.Reagor,,,,,,,,,,,
2023,9,November 5,home,Washington Commanders,https://www.pro-football-reference.com/boxscores/202311050nwe.htm,3,00:39,2,10,NE 40,17,20,(:39) (Shotgun) 10-M.Jones pass short left to 7-J.Smith-Schuster to NE 47 for 7 yards (29-K.Fuller).,1.709,0.066,pass,,M.Jones,,J.Smith-Schuster,,,,,,,K.Fuller,,,,
2023,9,November 5,home,Washington Commanders,https://www.pro-football-reference.com/boxscores/202311050nwe.htm,4,15:00,3,3,NE 47,17,20,"(15:00) (Shotgun) 10-M.Jones pass incomplete short left to 15-E.Elliott.
Penalty on NE-85-H.Henry, Offensive Pass Interference, declined.",1.776,-1.721,pass,,M.Jones,,E.Elliott,,,,,,,,,,,
2023,9,November 5,home,Washington Commanders,https://www.pro-football-reference.com/boxscores/202311050nwe.htm,4,14:57,4,3,NE 47,17,20,"(14:57) 17-B.Baringer punts 53 yards to end zone, Center-49-J.Cardona, Touchback.",0.055,-0.557,punt,,,,,,,B.Baringer,,,,,,,,
2023,9,November 5,home,Washington Commanders,https://www.pro-football-reference.com/boxscores/202311050nwe.htm,4,14:48,1,10,WAS 20,17,20,(14:48) (Shotgun) 8-B.Robinson right guard to WAS 24 for 4 yards (93-L.Guy; 91-D.Wise).,0.503,-0.193,run,,,B.Robinson,,,,,,,,L.Guy,D.Wise,,,
2023,9,November 5,home,Washington Commanders,https://www.pro-football-reference.com/boxscores/202311050nwe.htm,4,14:08,2,6,WAS 24,17,20,(14:08) (Shotgun) 14-S.Howell pass short left to 83-J.Crowder to WAS 29 for 5 yards (48-Ja.Tavai).,0.310,0.589,pass,,S.Howell,,J.Crowder,,,,,,,Ja.Tavai,,,,
2023,9,November 5,home,Washington Commanders,https://www.pro-football-reference.com/boxscores/202311050nwe.htm,4,13:29,3,1,WAS 29,17,20,(13:29) (Shotgun) 8-B.Robinson up the middle to WAS 31 for 2 yards (33-A.Jennings).,0.898,0.384,run,,,B.Robinson,,,,,,,,A.Jennings,,,,
2023,9,November 5,home,Washington Commanders,https://www.pro-football-reference.com/boxscores/202311050nwe.htm,4,12:49,1,10,WAS 31,17,20,(12:49) (Shotgun) 14-S.Howell pass incomplete short right. thrown away from outside the pocket,1.282,-0.522,pass,,S.Howell,,,,,,,,,,,,,
2023,9,November 5,home,Washington Commanders,https://www.pro-football-reference.com/boxscores/202311050nwe.htm,4,12:43,2,10,WAS 31,17,20,(12:43) (Shotgun) 14-S.Howell sacked at WAS 30 for -1 yards (8-J.Bentley).,0.760,-1.267,pass,,S.Howell,,,,J.Bentley,,,,,J.Bentley,,,,
2023,9,November 5,home,Washington Commanders,https://www.pro-football-reference.com/boxscores/202311050nwe.htm,4,11:59,,,WAS 30,17,20,Timeout #1 by WAS at 11:59.,-0.507,0.000,no_play,,,,,,,,,,,,,,,
2023,9,November 5,home,Washington Commanders,https://www.pro-football-reference.com/boxscores/202311050nwe.htm,4,11:59,3,11,WAS 30,17,20,(11:59) (Shotgun) 14-S.Howell pass short right to 82-L.Thomas to WAS 40 for 10 yards (8-J.Bentley).,-0.507,0.198,pass,,S.Howell,,L.Thomas,,,,,,,J.Bentley,,,,
2023,9,November 5,home,Washington Commanders,https://www.pro-football-reference.com/boxscores/202311050nwe.htm,4,11:21,4,1,WAS 40,17,20,"(11:21) 5-T.Way punts 53 yards to NE 7, Center-54-C.Cheeseman. 81-D.Douglas to NE 5 for -2 yards (23-C.Rodriguez).",-0.309,0.001,punt,,,,,,,T.Way,,D.Douglas,,C.Rodriguez,,,,
2023,9,November 5,home,Washington Commanders,https://www.pro-football-reference.com/boxscores/202311050nwe.htm,4,11:10,1,10,NE 5,17,20,(11:10) 38-R.Stevenson up the middle to NE 5 for no gain (91-J.Ridgeway).,0.308,-0.500,run,,,R.Stevenson,,,,,,,,J.Ridgeway,,,,
2023,9,November 5,home,Washington Commanders,https://www.pro-football-reference.com/boxscores/202311050nwe.htm,4,10:43,2,10,NE 5,17,20,(10:43) (Shotgun) 10-M.Jones pass short right to 81-D.Douglas to NE 16 for 11 yards (29-K.Fuller).,-0.192,1.034,pass,,M.Jones,,D.Douglas,,,,,,,K.Fuller,,,,
2023,9,November 5,home,Washington Commanders,https://www.pro-football-reference.com/boxscores/202311050nwe.htm,4,10:17,1,10,NE 16,17,20,"(10:17) (No Huddle, Shotgun) 38-R.Stevenson left guard to NE 20 for 4 yards (96-J.Smith-Williams; 52-J.Davis).",0.842,-0.187,run,,,R.Stevenson,,,,,,,,J.Smith-Williams,J.Davis,,,
2023,9,November 5,home,Washington Commanders,https://www.pro-football-reference.com/boxscores/202311050nwe.htm,4,09:42,2,6,NE 20,17,20,"(9:42) (No Huddle, Shotgun) 10-M.Jones pass deep right to 81-D.Douglas to NE 42 for 22 yards (25-B.St-Juste) [96-J.Smith-Williams]. WAS-96-J.Smith-Williams was injured during the play. 
Washington challenged the pass completion ruling, and the play was REVERSED.
(No Huddle, Shotgun) 10-M.Jones pass incomplete deep right to 81-D.Douglas (25-B.St-Juste) [96-J.Smith-Williams]. WAS-96-J.Smith-Williams was injured during the play.",0.654,-0.714,pass,,M.Jones,,D.Douglas,,,,,,,,,,,
2023,9,November 5,home,Washington Commanders,https://www.pro-football-reference.com/boxscores/202311050nwe.htm,4,09:38,3,6,NE 20,17,20,(9:38) (Shotgun) 10-M.Jones pass incomplete deep right to 38-R.Stevenson (52-J.Davis).,-0.060,-1.185,pass,,M.Jones,,R.Stevenson,,,,,,,,,,,
2023,9,November 5,home,Washington Commanders,https://www.pro-football-reference.com/boxscores/202311050nwe.htm,4,09:33,4,6,NE 20,17,20,"(9:33) 17-B.Baringer punts 60 yards to WAS 20, Center-49-J.Cardona. 83-J.Crowder to WAS 34 for 14 yards (41-B.Schooler).",-1.245,0.095,punt,,,,,,,B.Baringer,,J.Crowder,,B.Schooler,,,,
2023,9,November 5,home,Washington Commanders,https://www.pro-football-reference.com/boxscores/202311050nwe.htm,4,09:20,1,10,WAS 34,17,20,(9:20) (Shotgun) 14-S.Howell scrambles up the middle to WAS 35 for 1 yard (91-D.Wise).,1.150,-0.469,run,,,S.Howell,,,,,,,,D.Wise,,,,
2023,9,November 5,home,Washington Commanders,https://www.pro-football-reference.com/boxscores/202311050nwe.htm,4,08:39,2,9,WAS 35,17,20,(8:39) (Shotgun) 8-B.Robinson up the middle to WAS 38 for 3 yards (91-D.Wise).,0.681,-0.141,run,,,B.Robinson,,,,,,,,D.Wise,,,,
2023,9,November 5,home,Washington Commanders,https://www.pro-football-reference.com/boxscores/202311050nwe.htm,4,07:55,3,6,WAS 38,17,20,(7:55) (Shotgun) 14-S.Howell sacked at WAS 35 for -3 yards (8-J.Bentley).,0.540,-1.515,pass,,S.Howell,,,,J.Bentley,,,,,J.Bentley,,,,
2023,9,November 5,home,Washington Commanders,https://www.pro-football-reference.com/boxscores/202311050nwe.htm,4,07:22,4,9,WAS 35,17,20,"(7:22) 5-T.Way punts 47 yards to NE 18, Center-54-C.Cheeseman. 81-D.Douglas to NE 21 for 3 yards (40-A.Armah).
PENALTY on NE-41-B.Schooler, Face Mask, 9 yards, enforced at NE 18.",-0.974,0.726,punt,,,,,,,T.Way,,D.Douglas,,A.Armah,,,,B.Schooler
2023,9,November 5,home,Washington Commanders,https://www.pro-football-reference.com/boxscores/202311050nwe.htm,4,07:10,1,10,NE 9,17,20,(7:10) (Shotgun) 10-M.Jones pass short right to 15-E.Elliott to NE 13 for 4 yards (31-K.Curl; 94-D.Payne).,0.248,-0.295,pass,,M.Jones,,E.Elliott,,,,,,,K.Curl,D.Payne,,,
2023,9,November 5,home,Washington Commanders,https://www.pro-football-reference.com/boxscores/202311050nwe.htm,4,06:32,2,6,NE 13,17,20,"(6:32) (No Huddle, Shotgun) 10-M.Jones pass short right to 81-D.Douglas to NE 31 for 18 yards (52-J.Davis).",-0.047,1.462,pass,,M.Jones,,D.Douglas,,,,,,,J.Davis,,,,
2023,9,November 5,home,Washington Commanders,https://www.pro-football-reference.com/boxscores/202311050nwe.htm,4,05:53,1,10,NE 31,17,20,"(5:53) (No Huddle, Shotgun) 15-E.Elliott up the middle to NE 34 for 3 yards (91-J.Ridgeway).",1.415,-0.292,run,,,E.Elliott,,,,,,,,J.Ridgeway,,,,
2023,9,November 5,home,Washington Commanders,https://www.pro-football-reference.com/boxscores/202311050nwe.htm,4,05:25,2,7,NE 34,17,20,"(5:25) (No Huddle, Shotgun) 10-M.Jones pass incomplete short right to 15-E.Elliott.",1.123,-0.560,pass,,M.Jones,,E.Elliott,,,,,,,,,,,
2023,9,November 5,home,Washington Commanders,https://www.pro-football-reference.com/boxscores/202311050nwe.htm,4,05:21,3,7,NE 34,17,20,(5:21) (Shotgun) 10-M.Jones pass incomplete deep right to 83-J.Reagor.,0.563,-1.264,pass,,M.Jones,,J.Reagor,,,,,,,,,,,
2023,9,November 5,home,Washington Commanders,https://www.pro-football-reference.com/boxscores/202311050nwe.htm,4,05:15,4,7,NE 34,17,20,"(5:15) 17-B.Baringer punts 56 yards to WAS 10, Center-49-J.Cardona. 83-J.Crowder to WAS 21 for 11 yards (86-P.Brown; 30-M.Mapu). NE-18-M.Slater was injured during the play. 
PENALTY on WAS-34-C.Holmes, Offensive Holding, 5 yards, enforced at WAS 10.",-0.702,1.027,punt,,,,,,,B.Baringer,,J.Crowder,,P.Brown,M.Mapu,,,C.Holmes
2023,9,November 5,home,Washington Commanders,https://www.pro-football-reference.com/boxscores/202311050nwe.htm,4,05:04,1,10,WAS 5,17,20,(5:04) 8-B.Robinson up the middle to WAS 5 for no gain (92-D.Godchaux; 91-D.Wise).,-0.325,-0.396,run,,,B.Robinson,,,,,,,,D.Godchaux,D.Wise,,,
2023,9,November 5,home,Washington Commanders,https://www.pro-football-reference.com/boxscores/202311050nwe.htm,4,04:21,2,10,WAS 5,17,20,(4:21) 14-S.Howell pass short right to 24-A.Gibson ran ob at WAS 12 for 7 yards (30-M.Mapu).,-0.721,0.033,pass,,S.Howell,,A.Gibson,,,,,,,M.Mapu,,,,
2023,9,November 5,home,Washington Commanders,https://www.pro-football-reference.com/boxscores/202311050nwe.htm,4,04:15,3,3,WAS 12,17,20,(4:15) (Shotgun) 14-S.Howell pass short left to 17-T.McLaurin to WAS 19 for 7 yards (27-M.Bryant).,-0.688,1.088,pass,,S.Howell,,T.McLaurin,,,,,,,M.Bryant,,,,
2023,9,November 5,home,Washington Commanders,https://www.pro-football-reference.com/boxscores/202311050nwe.htm,4,03:29,1,10,WAS 19,17,20,(3:29) (Shotgun) 8-B.Robinson up the middle to WAS 21 for 2 yards (92-D.Godchaux).,0.400,-0.321,run,,,B.Robinson,,,,,,,,D.Godchaux,,,,
2023,9,November 5,home,Washington Commanders,https://www.pro-football-reference.com/boxscores/202311050nwe.htm,4,03:24,,,WAS 21,17,20,Timeout #1 by NE at 03:24.,0.079,0.000,no_play,,,,,,,,,,,,,,,
2023,9,November 5,home,Washington Commanders,https://www.pro-football-reference.com/boxscores/202311050nwe.htm,4,03:24,2,8,WAS 21,17,20,"(3:24) (Shotgun) 14-S.Howell pass incomplete short right to 17-T.McLaurin (90-C.Barmore, 5-J.Peppers).",0.079,-0.499,pass,,S.Howell,,T.McLaurin,,,,,,,,,,,
2023,9,November 5,home,Washington Commanders,https://www.pro-football-reference.com/boxscores/202311050nwe.htm,4,03:22,3,8,WAS 21,17,20,(3:22) (Shotgun) 14-S.Howell pass short left to 83-J.Crowder to WAS 27 for 6 yards (27-M.Bryant).,-0.419,-0.207,pass,,S.Howell,,J.Crowder,,,,,,,M.Bryant,,,,
2023,9,November 5,home,Washington Commanders,https://www.pro-football-reference.com/boxscores/202311050nwe.htm,4,02:41,4,2,WAS 27,17,20,"(2:41) 5-T.Way punts 49 yards to NE 24, Center-54-C.Cheeseman. 81-D.Douglas ran ob at NE 43 for 19 yards (5-T.Way).
Penalty on NE-14-T.Montgomery, Offensive Holding, declined.
PENALTY on NE-3-M.Wilson, Defensive Offside, 5 yards, enforced at WAS 27 - No Play.",-0.627,1.942,no_play,,,,,,,,,,,,,,,M.Wilson
2023,9,November 5,home,Washington Commanders,https://www.pro-football-reference.com/boxscores/202311050nwe.htm,4,02:29,1,10,WAS 32,17,20,(2:29) 8-B.Robinson left guard to WAS 34 for 2 yards (48-Ja.Tavai; 90-C.Barmore).,1.316,-0.663,run,,,B.Robinson,,,,,,,,Ja.Tavai,C.Barmore,,,
2023,9,November 5,home,Washington Commanders,https://www.pro-football-reference.com/boxscores/202311050nwe.htm,4,02:25,,,WAS 34,17,20,Timeout #2 by NE at 02:25.,0.653,0.000,no_play,,,,,,,,,,,,,,,
2023,9,November 5,home,Washington Commanders,https://www.pro-football-reference.com/boxscores/202311050nwe.htm,4,02:25,2,8,WAS 34,17,20,(2:25) 8-B.Robinson left tackle to WAS 36 for 2 yards (8-J.Bentley).,0.653,-0.646,run,,,B.Robinson,,,,,,,,J.Bentley,,,,
2023,9,November 5,home,Washington Commanders,https://www.pro-football-reference.com/boxscores/202311050nwe.htm,4,02:21,,,WAS 36,17,20,Timeout #3 by NE at 02:21.,0.007,0.000,no_play,,,,,,,,,,,,,,,
2023,9,November 5,home,Washington Commanders,https://www.pro-football-reference.com/boxscores/202311050nwe.htm,4,02:21,3,6,WAS 36,17,20,(2:21) (Shotgun) 14-S.Howell pass incomplete deep right to 2-D.Brown.,0.007,-0.699,pass,,S.Howell,,D.Brown,,,,,,,,,,,
2023,9,November 5,home,Washington Commanders,https://www.pro-football-reference.com/boxscores/202311050nwe.htm,4,02:16,4,6,WAS 36,17,20,"(2:16) 5-T.Way punts 64 yards to end zone, Center-54-C.Cheeseman, Touchback.
PENALTY on NE-41-B.Schooler, Offensive Holding, 11 yards, enforced at NE 20.",-0.692,0.030,punt,,,,,,,T.Way,,,,,,,,B.Schooler
2023,9,November 5,home,Washington Commanders,https://www.pro-football-reference.com/boxscores/202311050nwe.htm,4,02:07,1,10,NE 9,17,20,(2:07) (Shotgun) 10-M.Jones pass short middle to 38-R.Stevenson to NE 24 for 15 yards (51-D.Mayo).,0.662,0.383,pass,,M.Jones,,R.Stevenson,,,,,,,D.Mayo,,,,
2023,9,November 5,home,Washington Commanders,https://www.pro-football-reference.com/boxscores/202311050nwe.htm,4,02:00,1,10,NE 24,17,20,(2:00) (Shotgun) 10-M.Jones pass short right to 85-H.Henry pushed ob at NE 32 for 8 yards (29-K.Fuller).,1.046,0.217,pass,,M.Jones,,H.Henry,,,,,,,K.Fuller,,,,
2023,9,November 5,home,Washington Commanders,https://www.pro-football-reference.com/boxscores/202311050nwe.htm,4,01:55,2,2,NE 32,17,20,(1:55) (Shotgun) 10-M.Jones pass short middle to 7-J.Smith-Schuster to NE 45 for 13 yards (29-K.Fuller).,1.263,0.708,pass,,M.Jones,,J.Smith-Schuster,,,,,,,K.Fuller,,,,
2023,9,November 5,home,Washington Commanders,https://www.pro-football-reference.com/boxscores/202311050nwe.htm,4,01:35,1,10,NE 45,17,20,"(1:35) (No Huddle, Shotgun) 10-M.Jones pass incomplete short left to 85-H.Henry (35-P.Butler).",1.971,-0.431,pass,,M.Jones,,H.Henry,,,,,,,,,,,
2023,9,November 5,home,Washington Commanders,https://www.pro-football-reference.com/boxscores/202311050nwe.htm,4,01:32,2,10,NE 45,17,20,(1:32) (Shotgun) 10-M.Jones pass incomplete deep left to 88-M.Gesicki.,1.540,-0.392,pass,,M.Jones,,M.Gesicki,,,,,,,,,,,
2023,9,November 5,home,Washington Commanders,https://www.pro-football-reference.com/boxscores/202311050nwe.htm,4,01:26,3,10,NE 45,17,20,(1:26) (Shotgun) 10-M.Jones pass short right to 38-R.Stevenson to WAS 49 for 6 yards (13-E.Forbes).,1.147,-0.695,pass,,M.Jones,,R.Stevenson,,,,,,,E.Forbes,,,,
2023,9,November 5,home,Washington Commanders,https://www.pro-football-reference.com/boxscores/202311050nwe.htm,4,01:02,4,4,WAS 49,17,20,"(1:02) (No Huddle, Shotgun) 10-M.Jones pass short middle to 7-J.Smith-Schuster to WAS 43 for 6 yards (13-E.Forbes).",0.453,1.568,pass,,M.Jones,,J.Smith-Schuster,,,,,,,E.Forbes,,,,
2023,9,November 5,home,Washington Commanders,https://www.pro-football-reference.com/boxscores/202311050nwe.htm,4,00:44,1,10,WAS 43,17,20,"(:44) (No Huddle, Shotgun) 10-M.Jones scrambles right end ran ob at WAS 41 for 2 yards (31-K.Curl).",2.020,-0.131,run,,,M.Jones,,,,,,,,K.Curl,,,,
2023,9,November 5,home,Washington Commanders,https://www.pro-football-reference.com/boxscores/202311050nwe.htm,4,00:38,2,8,WAS 41,17,20,(:38) (Shotgun) 10-M.Jones pass short middle intended for 7-J.Smith-Schuster INTERCEPTED by 20-J.Martin at WAS 33. 20-J.Martin to WAS 33 for no gain (7-J.Smith-Schuster).,1.890,-1.890,pass,,M.Jones,,J.Smith-Schuster,J.Martin,,,,,,J.Smith-Schuster,,,,
2023,9,November 5,home,Washington Commanders,https://www.pro-football-reference.com/boxscores/202311050nwe.htm,4,00:30,1,10,WAS 33,17,20,(:30) 14-S.Howell kneels to WAS 32 for -1 yards.,0.000,0.000,qb_kneel,,,S.Howell,,,,,,,,,,,,
2023,10,November 12,neutral,Indianapolis Colts,https://www.pro-football-reference.com/boxscores/202311120nwe.htm,1,15:00,,,IND 35,0,0,7-M.Gay kicks 67 yards from IND 35 to NE -2. 14-T.Montgomery to NE 20 for 22 yards (37-A.Speed).,0.770,-0.490,kickoff,,,,,,,,M.Gay,T.Montgomery,,A.Speed,,,,
2023,10,November 12,neutral,Indianapolis Colts,https://www.pro-football-reference.com/boxscores/202311120nwe.htm,1,14:57,1,10,NE 20,0,0,(14:57) 38-R.Stevenson up the middle to NE 23 for 3 yards (99-D.Buckner).,0.280,-0.290,run,,,R.Stevenson,,,,,,,,D.Buckner,,,,
2023,10,November 12,neutral,Indianapolis Colts,https://www.pro-football-reference.com/boxscores/202311120nwe.htm,1,14:20,2,7,NE 23,0,0,(14:20) (Shotgun) 10-M.Jones pass incomplete short middle to 38-R.Stevenson [99-D.Buckner].,-0.010,-0.788,pass,,M.Jones,,R.Stevenson,,,,,,,,,,,
2023,10,November 12,neutral,Indianapolis Colts,https://www.pro-football-reference.com/boxscores/202311120nwe.htm,1,14:16,3,7,NE 23,0,0,(14:16) (Shotgun) 10-M.Jones pass short middle to 88-M.Gesicki to NE 34 for 11 yards (40-J.Jones).,-0.797,2.181,pass,,M.Jones,,M.Gesicki,,,,,,,J.Jones,,,,
2023,10,November 12,neutral,Indianapolis Colts,https://www.pro-football-reference.com/boxscores/202311120nwe.htm,1,13:49,1,10,NE 34,0,0,(13:49) 38-R.Stevenson right tackle to NE 41 for 7 yards (39-D.Baker).,1.384,0.451,run,,,R.Stevenson,,,,,,,,D.Baker,,,,
2023,10,November 12,neutral,Indianapolis Colts,https://www.pro-football-reference.com/boxscores/202311120nwe.htm,1,13:05,2,3,NE 41,0,0,(13:05) 38-R.Stevenson right end to NE 46 for 5 yards (44-Z.Franklin).,1.835,0.493,run,,,R.Stevenson,,,,,,,,Z.Franklin,,,,
2023,10,November 12,neutral,Indianapolis Colts,https://www.pro-football-reference.com/boxscores/202311120nwe.htm,1,12:31,1,10,NE 46,0,0,(12:31) 10-M.Jones pass short left to 38-R.Stevenson to NE 48 for 2 yards (44-Z.Franklin).,2.328,-0.441,pass,,M.Jones,,R.Stevenson,,,,,,,Z.Franklin,,,,
2023,10,November 12,neutral,Indianapolis Colts,https://www.pro-football-reference.com/boxscores/202311120nwe.htm,1,11:56,2,8,NE 48,0,0,(11:56) (Shotgun) 10-M.Jones pass short left to 15-E.Elliott to IND 33 for 19 yards (40-J.Jones).,1.887,1.779,pass,,M.Jones,,E.Elliott,,,,,,,J.Jones,,,,
2023,10,November 12,neutral,Indianapolis Colts,https://www.pro-football-reference.com/boxscores/202311120nwe.htm,1,11:12,1,10,IND 33,0,0,(11:12) 15-E.Elliott left guard to IND 24 for 9 yards (25-R.Thomas).,3.666,0.833,run,,,E.Elliott,,,,,,,,R.Thomas,,,,
2023,10,November 12,neutral,Indianapolis Colts,https://www.pro-football-reference.com/boxscores/202311120nwe.htm,1,10:34,2,1,IND 24,0,0,(10:34) 15-E.Elliott up the middle to IND 18 for 6 yards (23-K.Moore).,4.498,0.207,run,,,E.Elliott,,,,,,,,K.Moore,,,,
2023,10,November 12,neutral,Indianapolis Colts,https://www.pro-football-reference.com/boxscores/202311120nwe.htm,1,09:53,1,10,IND 18,0,0,"(9:53) 15-E.Elliott left guard to IND 14 for 4 yards (52-S.Ebukam, 53-S.Leonard). IND-51-K.Paye was injured during the play. His return is Questionable.",4.706,-0.132,run,,,E.Elliott,,,,,,,,S.Leonard,,,,
2023,10,November 12,neutral,Indianapolis Colts,https://www.pro-football-reference.com/boxscores/202311120nwe.htm,1,09:35,2,6,IND 14,0,0,(9:35) 38-R.Stevenson left tackle to IND 14 for no gain (99-D.Buckner).,4.574,-0.756,run,,,R.Stevenson,,,,,,,,D.Buckner,,,,
2023,10,November 12,neutral,Indianapolis Colts,https://www.pro-football-reference.com/boxscores/202311120nwe.htm,1,08:57,3,6,IND 14,0,0,(8:57) (Shotgun) 10-M.Jones sacked at IND 19 for -5 yards (54-D.Odeyingbo).,3.817,-1.252,pass,,M.Jones,,,,D.Odeyingbo,,,,,D.Odeyingbo,,,,
2023,10,November 12,neutral,Indianapolis Colts,https://www.pro-football-reference.com/boxscores/202311120nwe.htm,1,08:14,4,11,IND 19,3,0,"(8:14) 37-C.Ryland 37 yard field goal is GOOD, Center-49-J.Cardona, Holder-17-B.Baringer.",2.566,0.434,field_goal,,,,,,,,C.Ryland,,,,,,,
2023,10,November 12,neutral,Indianapolis Colts,https://www.pro-football-reference.com/boxscores/202311120nwe.htm,1,08:11,,,NE 35,3,0,"37-C.Ryland kicks 65 yards from NE 35 to end zone, Touchback.",0.873,0.000,kickoff,,,,,,,,C.Ryland,,,,,,,
2023,10,November 12,neutral,Indianapolis Colts,https://www.pro-football-reference.com/boxscores/202311120nwe.htm,1,08:11,1,10,IND 25,3,0,(8:11) (Shotgun) 10-G.Minshew pass incomplete short left to 81-M.Alie-Cox.,0.873,-0.572,pass,,G.Minshew,,M.Alie-Cox,,,,,,,,,,,
2023,10,November 12,neutral,Indianapolis Colts,https://www.pro-football-reference.com/boxscores/202311120nwe.htm,1,08:07,2,10,IND 25,3,0,(8:07) (Shotgun) 10-G.Minshew pass short right to 6-I.McKenzie to IND 29 for 4 yards (5-J.Peppers).,0.301,-0.261,pass,,G.Minshew,,I.McKenzie,,,,,,,J.Peppers,,,,
2023,10,November 12,neutral,Indianapolis Colts,https://www.pro-football-reference.com/boxscores/202311120nwe.htm,1,07:29,3,6,IND 29,3,0,"(7:29) (No Huddle, Shotgun) 10-G.Minshew pass deep right to 6-I.McKenzie pushed ob at NE 41 for 30 yards (27-M.Bryant).",0.040,3.161,pass,,G.Minshew,,I.McKenzie,,,,,,,M.Bryant,,,,
2023,10,November 12,neutral,Indianapolis Colts,https://www.pro-football-reference.com/boxscores/202311120nwe.htm,1,07:04,1,10,NE 41,3,0,"(7:04) (No Huddle, Shotgun) 28-J.Taylor right guard to NE 31 for 10 yards (2-J.Mills).",3.201,0.630,run,,,J.Taylor,,,,,,,,J.Mills,,,,
2023,10,November 12,neutral,Indianapolis Colts,https://www.pro-football-reference.com/boxscores/202311120nwe.htm,1,06:42,1,10,NE 31,3,0,"(6:42) (No Huddle, Shotgun) 28-J.Taylor right guard to NE 26 for 5 yards (91-D.Wise; 48-Ja.Tavai).",3.831,0.150,run,,,J.Taylor,,,,,,,,D.Wise,Ja.Tavai,,,
2023,10,November 12,neutral,Indianapolis Colts,https://www.pro-football-reference.com/boxscores/202311120nwe.htm,1,06:02,2,5,NE 26,3,0,(6:02) (Shotgun) 28-J.Taylor left tackle to NE 22 for 4 yards (33-A.Jennings; 5-J.Peppers).,3.981,0.088,run,,,J.Taylor,,,,,,,,A.Jennings,J.Peppers,,,
2023,10,November 12,neutral,Indianapolis Colts,https://www.pro-football-reference.com/boxscores/202311120nwe.htm,1,05:34,3,1,NE 22,3,0,"(5:34) (No Huddle, Shotgun) 28-J.Taylor right guard to NE 20 for 2 yards (92-D.Godchaux).",4.069,0.454,run,,,J.Taylor,,,,,,,,D.Godchaux,,,,
2023,10,November 12,neutral,Indianapolis Colts,https://www.pro-football-reference.com/boxscores/202311120nwe.htm,1,04:50,1,10,NE 20,3,0,(4:50) (Shotgun) 28-J.Taylor left end to NE 14 for 6 yards (92-D.Godchaux).,4.523,0.317,run,,,J.Taylor,,,,,,,,D.Godchaux,,,,
2023,10,November 12,neutral,Indianapolis Colts,https://www.pro-football-reference.com/boxscores/202311120nwe.htm,1,04:09,2,4,NE 14,3,0,"(4:09) (Shotgun) 28-J.Taylor right tackle to NE 11 for 3 yards (48-Ja.Tavai, 5-J.Peppers).",4.840,-0.094,run,,,J.Taylor,,,,,,,,J.Peppers,,,,
2023,10,November 12,neutral,Indianapolis Colts,https://www.pro-football-reference.com/boxscores/202311120nwe.htm,1,03:23,3,1,NE 11,3,0,"(3:23) (Shotgun) 28-J.Taylor right guard to NE 10 for 1 yard (33-A.Jennings, 92-D.Godchaux).",4.745,0.276,run,,,J.Taylor,,,,,,,,D.Godchaux,,,,
2023,10,November 12,neutral,Indianapolis Colts,https://www.pro-football-reference.com/boxscores/202311120nwe.htm,1,02:57,1,10,NE 10,3,0,"(2:57) (No Huddle, Shotgun) 28-J.Taylor left tackle to NE 11 for -1 yards (5-J.Peppers).",5.021,-0.774,run,,,J.Taylor,,,,,,,,J.Peppers,,,,
2023,10,November 12,neutral,Indianapolis Colts,https://www.pro-football-reference.com/boxscores/202311120nwe.htm,1,02:17,2,11,NE 11,3,0,(2:17) (Shotgun) 10-G.Minshew pass short left to 11-M.Pittman to NE 1 for 10 yards (48-Ja.Tavai).,4.247,1.436,pass,,G.Minshew,,M.Pittman,,,,,,,Ja.Tavai,,,,
2023,10,November 12,neutral,Indianapolis Colts,https://www.pro-football-reference.com/boxscores/202311120nwe.htm,1,01:46,3,1,NE 1,3,0,(1:46) (No Huddle) 10-G.Minshew up the middle to NE 1 for no gain (33-A.Jennings; 90-C.Barmore).,5.683,-1.219,run,,,G.Minshew,,,,,,,,A.Jennings,C.Barmore,,,
2023,10,November 12,neutral,Indianapolis Colts,https://www.pro-football-reference.com/boxscores/202311120nwe.htm,1,01:02,4,1,NE 1,3,6,"(1:02) 28-J.Taylor right end for 1 yard, TOUCHDOWN.",4.465,2.535,run,,,J.Taylor,,,,,,,,,,,,
2023,10,November 12,neutral,Indianapolis Colts,https://www.pro-football-reference.com/boxscores/202311120nwe.htm,1,00:58,,,NE 15,3,7,"7-M.Gay extra point is GOOD, Center-46-L.Rhodes, Holder-8-R.Sanchez.",0.932,0.068,extra_point,,,,,,,,M.Gay,,,,,,,
2023,10,November 12,neutral,Indianapolis Colts,https://www.pro-football-reference.com/boxscores/202311120nwe.htm,1,00:58,,,IND 35,3,7,"7-M.Gay kicks 65 yards from IND 35 to end zone, Touchback.",0.939,0.000,kickoff,,,,,,,,M.Gay,,,,,,,
2023,10,November 12,neutral,Indianapolis Colts,https://www.pro-football-reference.com/boxscores/202311120nwe.htm,1,00:58,1,10,NE 25,3,7,(:58) (Shotgun) 10-M.Jones pass short right to 38-R.Stevenson to NE 32 for 7 yards (44-Z.Franklin).,0.939,0.387,pass,,M.Jones,,R.Stevenson,,,,,,,Z.Franklin,,,,
2023,10,November 12,neutral,Indianapolis Colts,https://www.pro-football-reference.com/boxscores/202311120nwe.htm,1,00:22,2,3,NE 32,3,7,"(:22) 38-R.Stevenson up the middle to NE 34 for 2 yards (45-E.Speed, 99-D.Buckner).",1.327,-0.180,run,,,R.Stevenson,,,,,,,,D.Buckner,,,,
2023,10,November 12,neutral,Indianapolis Colts,https://www.pro-football-reference.com/boxscores/202311120nwe.htm,2,15:00,3,1,NE 34,3,7,"(15:00) (Shotgun) Direct snap to 38-R.Stevenson.  38-R.Stevenson right guard to NE 37 for 3 yards (45-E.Speed, 99-D.Buckner).",1.147,0.486,run,,,R.Stevenson,,,,,,,,D.Buckner,,,,
2023,10,November 12,neutral,Indianapolis Colts,https://www.pro-football-reference.com/boxscores/202311120nwe.htm,2,14:26,1,10,NE 37,3,7,"(14:26) 10-M.Jones pass short middle to 85-H.Henry to NE 40 for 3 yards (44-Z.Franklin) [99-D.Buckner]. FUMBLES (44-Z.Franklin), recovered by NE-60-D.Andrews at NE 41.",1.633,-0.097,pass,,M.Jones,,H.Henry,,,,,,,Z.Franklin,,Z.Franklin,D.Andrews,
2023,10,November 12,neutral,Indianapolis Colts,https://www.pro-football-reference.com/boxscores/202311120nwe.htm,2,13:43,2,6,NE 41,3,7,(13:43) 15-E.Elliott right guard to NE 43 for 2 yards (23-K.Moore).,1.536,-0.426,run,,,E.Elliott,,,,,,,,K.Moore,,,,
2023,10,November 12,neutral,Indianapolis Colts,https://www.pro-football-reference.com/boxscores/202311120nwe.htm,2,13:08,3,4,NE 43,3,7,(13:08) (Shotgun) 10-M.Jones sacked at NE 38 for -5 yards (54-D.Odeyingbo).,1.111,-2.011,pass,,M.Jones,,,,D.Odeyingbo,,,,,D.Odeyingbo,,,,
2023,10,November 12,neutral,Indianapolis Colts,https://www.pro-football-reference.com/boxscores/202311120nwe.htm,2,12:40,4,9,NE 38,3,7,"(12:40) 17-B.Baringer punts 49 yards to IND 13, Center-49-J.Cardona, fair catch by 6-I.McKenzie.",-0.900,0.782,punt,,,,,,,B.Baringer,,I.McKenzie,,,,,,
2023,10,November 12,neutral,Indianapolis Colts,https://www.pro-football-reference.com/boxscores/202311120nwe.htm,2,12:33,1,10,IND 13,3,7,(12:33) (Shotgun) 10-G.Minshew pass incomplete deep right.,0.118,-0.574,pass,,G.Minshew,,,,,,,,,,,,,
2023,10,November 12,neutral,Indianapolis Colts,https://www.pro-football-reference.com/boxscores/202311120nwe.htm,2,12:25,2,10,IND 13,3,7,(12:25) (Shotgun) 10-G.Minshew pass incomplete short right to 83-K.Granson (93-L.Guy).,-0.456,-0.671,pass,,G.Minshew,,K.Granson,,,,,,,,,,,
2023,10,November 12,neutral,Indianapolis Colts,https://www.pro-football-reference.com/boxscores/202311120nwe.htm,2,12:21,3,10,IND 13,3,7,(12:21) (Shotgun) 10-G.Minshew pass incomplete short left to 86-W.Mallory.,-1.127,-1.119,pass,,G.Minshew,,W.Mallory,,,,,,,,,,,
2023,10,November 12,neutral,Indianapolis Colts,https://www.pro-football-reference.com/boxscores/202311120nwe.htm,2,12:17,4,10,IND 13,3,7,"(12:17) 8-R.Sanchez punts 69 yards to NE 18, Center-46-L.Rhodes, downed by IND-38-T.Brown.",-2.246,1.788,punt,,,,,,,R.Sanchez,,,,,,,,
2023,10,November 12,neutral,Indianapolis Colts,https://www.pro-football-reference.com/boxscores/202311120nwe.htm,2,12:03,1,10,NE 18,3,7,(12:03) 10-M.Jones sacked at NE 13 for -5 yards (54-D.Odeyingbo).,0.458,-1.240,pass,,M.Jones,,,,D.Odeyingbo,,,,,D.Odeyingbo,,,,
2023,10,November 12,neutral,Indianapolis Colts,https://www.pro-football-reference.com/boxscores/202311120nwe.htm,2,11:21,2,15,NE 13,3,7,(11:21) 38-R.Stevenson left guard to NE 14 for 1 yard (44-Z.Franklin).,-0.783,-0.658,run,,,R.Stevenson,,,,,,,,Z.Franklin,,,,
2023,10,November 12,neutral,Indianapolis Colts,https://www.pro-football-reference.com/boxscores/202311120nwe.htm,2,10:47,3,14,NE 14,3,7,(10:47) (Shotgun) 10-M.Jones pass short middle to 88-M.Gesicki to NE 25 for 11 yards (32-J.Blackmon).,-1.441,0.240,pass,,M.Jones,,M.Gesicki,,,,,,,J.Blackmon,,,,
2023,10,November 12,neutral,Indianapolis Colts,https://www.pro-football-reference.com/boxscores/202311120nwe.htm,2,10:21,4,3,NE 25,3,7,"(10:21) 17-B.Baringer punts 57 yards to IND 18, Center-49-J.Cardona. 6-I.McKenzie pushed ob at IND 29 for 11 yards (86-P.Brown).",-1.202,-0.082,punt,,,,,,,B.Baringer,,I.McKenzie,,P.Brown,,,,
2023,10,November 12,neutral,Indianapolis Colts,https://www.pro-football-reference.com/boxscores/202311120nwe.htm,2,10:10,1,10,IND 29,3,7,(10:10) (Shotgun) 28-J.Taylor right tackle to IND 31 for 2 yards (99-K.White).,1.284,-0.569,run,,,J.Taylor,,,,,,,,K.White,,,,
2023,10,November 12,neutral,Indianapolis Colts,https://www.pro-football-reference.com/boxscores/202311120nwe.htm,2,09:29,2,8,IND 31,3,7,(9:29) (Shotgun) 10-G.Minshew pass short right to 86-W.Mallory pushed ob at IND 38 for 7 yards (43-C.Munson).,0.715,0.747,pass,,G.Minshew,,W.Mallory,,,,,,,C.Munson,,,,
2023,10,November 12,neutral,Indianapolis Colts,https://www.pro-football-reference.com/boxscores/202311120nwe.htm,2,09:06,3,1,IND 38,3,7,"(9:06) (No Huddle, Shotgun) 28-J.Taylor right guard to IND 38 for no gain (23-K.Dugger, 33-A.Jennings).",1.462,-1.646,run,,,J.Taylor,,,,,,,,A.Jennings,,,,
2023,10,November 12,neutral,Indianapolis Colts,https://www.pro-football-reference.com/boxscores/202311120nwe.htm,2,08:26,4,1,IND 38,3,7,"(8:26) 8-R.Sanchez punts 42 yards to NE 20, Center-46-L.Rhodes, fair catch by 81-D.Douglas.",-0.184,-0.527,punt,,,,,,,R.Sanchez,,D.Douglas,,,,,,
2023,10,November 12,neutral,Indianapolis Colts,https://www.pro-football-reference.com/boxscores/202311120nwe.htm,2,08:20,1,10,NE 20,3,7,(8:20) 15-E.Elliott left guard to NE 21 for 1 yard (53-S.Leonard; 52-S.Ebukam).,0.711,-0.408,run,,,E.Elliott,,,,,,,,S.Leonard,S.Ebukam,,,
2023,10,November 12,neutral,Indianapolis Colts,https://www.pro-football-reference.com/boxscores/202311120nwe.htm,2,07:44,2,9,NE 21,3,7,(7:44) 10-M.Jones pass short right to 81-D.Douglas to NE 28 for 7 yards (39-D.Baker).,0.303,0.297,pass,,M.Jones,,D.Douglas,,,,,,,D.Baker,,,,
2023,10,November 12,neutral,Indianapolis Colts,https://www.pro-football-reference.com/boxscores/202311120nwe.htm,2,07:07,3,2,NE 28,3,7,(7:07) 10-M.Jones sacked at NE 21 for -7 yards (94-Ty.Lewis).,0.600,-2.146,pass,,M.Jones,,,,Ty.Lewis,,,,,Ty.Lewis,,,,
2023,10,November 12,neutral,Indianapolis Colts,https://www.pro-football-reference.com/boxscores/202311120nwe.htm,2,06:37,4,9,NE 21,3,7,"(6:37) 17-B.Baringer punts 79 yards to end zone, Center-49-J.Cardona, Touchback.",-1.546,0.877,punt,,,,,,,B.Baringer,,,,,,,,
2023,10,November 12,neutral,Indianapolis Colts,https://www.pro-football-reference.com/boxscores/202311120nwe.htm,2,06:28,1,10,IND 20,3,7,(6:28) (Shotgun) 10-G.Minshew pass deep right to 14-A.Pierce pushed ob at IND 41 for 21 yards (13-Ja.Jones).,0.670,1.255,pass,,G.Minshew,,A.Pierce,,,,,,,Ja.Jones,,,,
2023,10,November 12,neutral,Indianapolis Colts,https://www.pro-football-reference.com/boxscores/202311120nwe.htm,2,05:51,1,10,IND 41,3,7,"(5:51) (Shotgun) 28-J.Taylor left tackle to IND 45 for 4 yards (92-D.Godchaux, 48-Ja.Tavai).",1.925,-0.155,run,,,J.Taylor,,,,,,,,Ja.Tavai,,,,
2023,10,November 12,neutral,Indianapolis Colts,https://www.pro-football-reference.com/boxscores/202311120nwe.htm,2,05:14,2,6,IND 45,3,7,(5:14) (Shotgun) 10-G.Minshew pass short right to 11-M.Pittman to NE 46 for 9 yards (13-Ja.Jones).,1.769,1.070,pass,,G.Minshew,,M.Pittman,,,,,,,Ja.Jones,,,,
2023,10,November 12,neutral,Indianapolis Colts,https://www.pro-football-reference.com/boxscores/202311120nwe.htm,2,04:48,1,10,NE 46,3,7,"(4:48) (No Huddle, Shotgun) 10-G.Minshew pass short left to 11-M.Pittman to NE 40 for 6 yards (48-Ja.Tavai).",2.839,0.243,pass,,G.Minshew,,M.Pittman,,,,,,,Ja.Tavai,,,,
2023,10,November 12,neutral,Indianapolis Colts,https://www.pro-football-reference.com/boxscores/202311120nwe.htm,2,04:22,2,4,NE 40,3,7,"(4:22) (No Huddle, Shotgun) 21-Z.Moss left guard to NE 38 for 2 yards (90-C.Barmore).",3.082,-0.448,run,,,Z.Moss,,,,,,,,C.Barmore,,,,
2023,10,November 12,neutral,Indianapolis Colts,https://www.pro-football-reference.com/boxscores/202311120nwe.htm,2,03:59,3,2,NE 38,3,7,"(3:59) (No Huddle, Shotgun) 10-G.Minshew pass incomplete deep right to 6-I.McKenzie (5-J.Peppers).
PENALTY on IND-75-W.Fries, Ineligible Downfield Pass, 5 yards, enforced at NE 38 - No Play.",2.634,-0.911,no_play,,,,,,,,,,,,,,,W.Fries
2023,10,November 12,neutral,Indianapolis Colts,https://www.pro-football-reference.com/boxscores/202311120nwe.htm,2,03:50,3,7,NE 43,3,7,(3:50) (Shotgun) 10-G.Minshew pass incomplete deep middle to 1-J.Downs.,1.723,-1.677,pass,,G.Minshew,,J.Downs,,,,,,,,,,,
2023,10,November 12,neutral,Indianapolis Colts,https://www.pro-football-reference.com/boxscores/202311120nwe.htm,2,03:41,4,7,NE 43,3,7,"(3:41) 8-R.Sanchez punts 30 yards to NE 13, Center-46-L.Rhodes, out of bounds.",0.047,-0.296,punt,,,,,,,R.Sanchez,,,,,,,,
2023,10,November 12,neutral,Indianapolis Colts,https://www.pro-football-reference.com/boxscores/202311120nwe.htm,2,03:34,1,10,NE 13,3,7,(3:34) (Shotgun) 10-M.Jones pass short left to 81-D.Douglas to NE 21 for 8 yards (23-K.Moore).,0.249,0.373,pass,,M.Jones,,D.Douglas,,,,,,,K.Moore,,,,
2023,10,November 12,neutral,Indianapolis Colts,https://www.pro-football-reference.com/boxscores/202311120nwe.htm,2,02:56,2,2,NE 21,3,7,"(2:56) (No Huddle, Shotgun) 10-M.Jones pass short middle to 85-H.Henry to NE 28 for 7 yards (53-S.Leonard; 44-Z.Franklin).",0.623,0.413,pass,,M.Jones,,H.Henry,,,,,,,S.Leonard,Z.Franklin,,,
2023,10,November 12,neutral,Indianapolis Colts,https://www.pro-football-reference.com/boxscores/202311120nwe.htm,2,02:32,1,10,NE 28,3,7,"(2:32) (No Huddle) PENALTY on NE-7-J.Smith-Schuster, False Start, 5 yards, enforced at NE 28 - No Play.",1.035,-0.400,no_play,,,,,,,,,,,,,,,J.Smith-Schuster
2023,10,November 12,neutral,Indianapolis Colts,https://www.pro-football-reference.com/boxscores/202311120nwe.htm,2,02:14,1,15,NE 23,3,7,(2:14) (Shotgun) 10-M.Jones scrambles up the middle to NE 31 for 8 yards (23-K.Moore).,0.635,0.216,run,,,M.Jones,,,,,,,,K.Moore,,,,
2023,10,November 12,neutral,Indianapolis Colts,https://www.pro-football-reference.com/boxscores/202311120nwe.htm,2,02:00,2,7,NE 31,3,7,(2:00) (Shotgun) 38-R.Stevenson left guard to NE 35 for 4 yards (54-D.Odeyingbo).,0.851,-0.086,run,,,R.Stevenson,,,,,,,,D.Odeyingbo,,,,
2023,10,November 12,neutral,Indianapolis Colts,https://www.pro-football-reference.com/boxscores/202311120nwe.htm,2,01:26,3,3,NE 35,3,7,"(1:26) (No Huddle, Shotgun) 10-M.Jones sacked at NE 35 for 0 yards (51-K.Paye).",0.765,-0.776,pass,,M.Jones,,,,K.Paye,,,,,K.Paye,,,,
2023,10,November 12,neutral,Indianapolis Colts,https://www.pro-football-reference.com/boxscores/202311120nwe.htm,2,01:18,,,NE 35,3,7,Timeout #1 by IND at 01:18.,-0.011,0.000,no_play,,,,,,,,,,,,,,,
2023,10,November 12,neutral,Indianapolis Colts,https://www.pro-football-reference.com/boxscores/202311120nwe.htm,2,01:18,4,3,NE 35,3,7,"(1:18) 17-B.Baringer punts 65 yards to end zone, Center-49-J.Cardona, Touchback.",-0.011,-0.447,punt,,,,,,,B.Baringer,,,,,,,,
2023,10,November 12,neutral,Indianapolis Colts,https://www.pro-football-reference.com/boxscores/202311120nwe.htm,2,01:10,1,10,IND 20,3,7,(1:10) (Shotgun) 28-J.Taylor left guard to IND 25 for 5 yards (2-J.Mills; 90-C.Barmore).,0.458,-0.159,run,,,J.Taylor,,,,,,,,J.Mills,C.Barmore,,,
2023,10,November 12,neutral,Indianapolis Colts,https://www.pro-football-reference.com/boxscores/202311120nwe.htm,2,00:46,2,5,IND 25,3,7,"(:46) (No Huddle, Shotgun) 10-G.Minshew pass short left to 11-M.Pittman ran ob at IND 38 for 13 yards (26-S.Wade).",0.299,0.488,pass,,G.Minshew,,M.Pittman,,,,,,,S.Wade,,,,
2023,10,November 12,neutral,Indianapolis Colts,https://www.pro-football-reference.com/boxscores/202311120nwe.htm,2,00:41,1,10,IND 38,3,7,"(:41) (Shotgun) 10-G.Minshew pass incomplete deep left to 83-K.Granson.
PENALTY on NE-26-S.Wade, Defensive Holding, 5 yards, enforced at IND 38 - No Play.",0.787,0.330,no_play,,,,,,,,,,,,,,,S.Wade
2023,10,November 12,neutral,Indianapolis Colts,https://www.pro-football-reference.com/boxscores/202311120nwe.htm,2,00:36,1,10,IND 43,3,7,(:36) (Shotgun) 10-G.Minshew pass incomplete short left to 11-M.Pittman.,1.117,-0.194,pass,,G.Minshew,,M.Pittman,,,,,,,,,,,
2023,10,November 12,neutral,Indianapolis Colts,https://www.pro-football-reference.com/boxscores/202311120nwe.htm,2,00:32,2,10,IND 43,3,7,(:32) (Shotgun) 10-G.Minshew pass incomplete deep left to 11-M.Pittman [90-C.Barmore].,0.923,-0.304,pass,,G.Minshew,,M.Pittman,,,,,,,,,,,
2023,10,November 12,neutral,Indianapolis Colts,https://www.pro-football-reference.com/boxscores/202311120nwe.htm,2,00:27,3,10,IND 43,3,7,(:27) (Shotgun) 10-G.Minshew pass short right to 28-J.Taylor to IND 49 for 6 yards (23-K.Dugger).,0.619,-0.365,pass,,G.Minshew,,J.Taylor,,,,,,,K.Dugger,,,,
2023,10,November 12,neutral,Indianapolis Colts,https://www.pro-football-reference.com/boxscores/202311120nwe.htm,2,00:11,,,,3,7,Timeout #2 by IND at 00:11.,0.254,0.000,no_play,,,,,,,,,,,,,,,
2023,10,November 12,neutral,Indianapolis Colts,https://www.pro-football-reference.com/boxscores/202311120nwe.htm,2,00:11,,,IND 49,3,7,Timeout #1 by NE at 00:11.,0.254,0.000,no_play,,,,,,,,,,,,,,,
2023,10,November 12,neutral,Indianapolis Colts,https://www.pro-football-reference.com/boxscores/202311120nwe.htm,2,00:11,4,4,IND 49,3,7,(:11) (Shotgun) 10-G.Minshew pass short middle to 1-J.Downs to NE 39 for 12 yards (27-M.Bryant).,0.254,1.079,pass,,G.Minshew,,J.Downs,,,,,,,M.Bryant,,,,
2023,10,November 12,neutral,Indianapolis Colts,https://www.pro-football-reference.com/boxscores/202311120nwe.htm,2,00:07,,,NE 39,3,7,Timeout #3 by IND at 00:07.,1.334,0.000,no_play,,,,,,,,,,,,,,,
2023,10,November 12,neutral,Indianapolis Colts,https://www.pro-football-reference.com/boxscores/202311120nwe.htm,2,00:07,1,10,NE 39,3,7,"(:07) 7-M.Gay 57 yard field goal is No Good, Short, Center-46-L.Rhodes, Holder-8-R.Sanchez.",1.334,-1.568,field_goal,,,,,,,,M.Gay,,,,,,,
2023,10,November 12,neutral,Indianapolis Colts,https://www.pro-football-reference.com/boxscores/202311120nwe.htm,2,00:02,1,10,NE 47,3,7,(:02) (Shotgun) 10-M.Jones pass short left to 81-D.Douglas to IND 23 for 30 yards (40-J.Jones; 23-K.Moore).,0.235,-0.235,pass,,M.Jones,,D.Douglas,,,,,,,J.Jones,K.Moore,,,
2023,10,November 12,neutral,Indianapolis Colts,https://www.pro-football-reference.com/boxscores/202311120nwe.htm,3,15:00,,,NE 35,3,7,"37-C.Ryland kicks 65 yards from NE 35 to end zone, Touchback.",0.770,0.000,kickoff,,,,,,,,C.Ryland,,,,,,,
2023,10,November 12,neutral,Indianapolis Colts,https://www.pro-football-reference.com/boxscores/202311120nwe.htm,3,15:00,1,10,IND 25,3,7,"(15:00) (Shotgun) 28-J.Taylor left guard to IND 29 for 4 yards (5-J.Peppers, 92-D.Godchaux).",0.770,-0.001,run,,,J.Taylor,,,,,,,,D.Godchaux,,,,
2023,10,November 12,neutral,Indianapolis Colts,https://www.pro-football-reference.com/boxscores/202311120nwe.htm,3,14:22,2,6,IND 29,3,7,(14:22) (Shotgun) 10-G.Minshew pass short middle to 11-M.Pittman to IND 43 for 14 yards (31-Jo.Jones).,0.769,1.264,pass,,G.Minshew,,M.Pittman,,,,,,,Jo.Jones,,,,
2023,10,November 12,neutral,Indianapolis Colts,https://www.pro-football-reference.com/boxscores/202311120nwe.htm,3,13:47,1,10,IND 43,3,7,"(13:47) (Shotgun) 10-G.Minshew pass deep left to 11-M.Pittman to NE 31 for 26 yards (5-J.Peppers).
PENALTY on IND-11-M.Pittman, Offensive Pass Interference, 10 yards, enforced at IND 43 - No Play.",2.033,-0.852,no_play,,,,,,,,,,,,,,,M.Pittman
2023,10,November 12,neutral,Indianapolis Colts,https://www.pro-football-reference.com/boxscores/202311120nwe.htm,3,13:18,1,20,IND 33,3,7,(13:18) (Shotgun) 10-G.Minshew pass short right to 11-M.Pittman ran ob at IND 42 for 9 yards.,1.181,0.063,pass,,G.Minshew,,M.Pittman,,,,,,,,,,,
2023,10,November 12,neutral,Indianapolis Colts,https://www.pro-football-reference.com/boxscores/202311120nwe.htm,3,12:42,2,11,IND 42,3,7,(12:42) (Shotgun) 10-G.Minshew pass short left intended for 11-M.Pittman INTERCEPTED by 27-M.Bryant (48-Ja.Tavai) at NE 44. 27-M.Bryant to 50 for 6 yards (83-K.Granson).,1.244,-3.822,pass,,G.Minshew,,M.Pittman,M.Bryant,,,,,,K.Granson,,,,
2023,10,November 12,neutral,Indianapolis Colts,https://www.pro-football-reference.com/boxscores/202311120nwe.htm,3,12:35,1,10,MID 50,3,7,"(12:35) (Shotgun) 15-E.Elliott up the middle to IND 42 for 8 yards (93-E.Johnson, 51-K.Paye).",2.578,0.497,run,,,E.Elliott,,,,,,,,K.Paye,,,,
2023,10,November 12,neutral,Indianapolis Colts,https://www.pro-football-reference.com/boxscores/202311120nwe.htm,3,12:04,2,2,IND 42,3,7,(12:04) 15-E.Elliott right guard to IND 36 for 6 yards (44-Z.Franklin).,3.075,0.413,run,,,E.Elliott,,,,,,,,Z.Franklin,,,,
2023,10,November 12,neutral,Indianapolis Colts,https://www.pro-football-reference.com/boxscores/202311120nwe.htm,3,11:34,1,10,IND 36,3,7,"(11:34) (No Huddle, Shotgun) 15-E.Elliott left guard to IND 34 for 2 yards (93-E.Johnson).",3.488,-0.516,run,,,E.Elliott,,,,,,,,E.Johnson,,,,
2023,10,November 12,neutral,Indianapolis Colts,https://www.pro-football-reference.com/boxscores/202311120nwe.htm,3,10:50,2,8,IND 34,3,7,(10:50) 38-R.Stevenson left tackle to IND 24 for 10 yards (39-D.Baker).,2.972,1.376,run,,,R.Stevenson,,,,,,,,D.Baker,,,,
2023,10,November 12,neutral,Indianapolis Colts,https://www.pro-football-reference.com/boxscores/202311120nwe.htm,3,10:17,1,10,IND 24,3,7,"(10:17) 38-R.Stevenson right tackle to IND 22 for 2 yards (32-J.Blackmon, 39-D.Baker).",4.348,-0.380,run,,,R.Stevenson,,,,,,,,D.Baker,,,,
2023,10,November 12,neutral,Indianapolis Colts,https://www.pro-football-reference.com/boxscores/202311120nwe.htm,3,09:38,2,8,IND 22,3,7,"(9:38) 38-R.Stevenson right tackle to IND 17 for 5 yards (44-Z.Franklin, 53-S.Leonard).",3.967,0.060,run,,,R.Stevenson,,,,,,,,S.Leonard,,,,
2023,10,November 12,neutral,Indianapolis Colts,https://www.pro-football-reference.com/boxscores/202311120nwe.htm,3,08:50,3,3,IND 17,3,7,(8:50) (Shotgun) 10-M.Jones pass incomplete short left to 38-R.Stevenson [95-A.Adebawore].,4.027,-1.362,pass,,M.Jones,,R.Stevenson,,,,,,,,,,,
2023,10,November 12,neutral,Indianapolis Colts,https://www.pro-football-reference.com/boxscores/202311120nwe.htm,3,08:41,4,3,IND 17,3,7,"(8:41) 37-C.Ryland 35 yard field goal is No Good, Wide Right, Center-49-J.Cardona, Holder-17-B.Baringer.",2.665,-3.532,field_goal,,,,,,,,C.Ryland,,,,,,,
2023,10,November 12,neutral,Indianapolis Colts,https://www.pro-football-reference.com/boxscores/202311120nwe.htm,3,08:38,1,10,IND 25,3,7,(8:38) (Shotgun) 28-J.Taylor up the middle to IND 26 for 1 yard (91-D.Wise).,0.866,-0.570,run,,,J.Taylor,,,,,,,,D.Wise,,,,
2023,10,November 12,neutral,Indianapolis Colts,https://www.pro-football-reference.com/boxscores/202311120nwe.htm,3,07:57,2,9,IND 26,3,7,"(7:57) (Shotgun) 10-G.Minshew pass short right to 6-I.McKenzie to IND 28 for 2 yards (48-Ja.Tavai).
PENALTY on NE-48-Ja.Tavai, Unnecessary Roughness, 15 yards, enforced at IND 28.",0.297,1.759,pass,,G.Minshew,,I.McKenzie,,,,,,,Ja.Tavai,,,,Ja.Tavai
2023,10,November 12,neutral,Indianapolis Colts,https://www.pro-football-reference.com/boxscores/202311120nwe.htm,3,07:30,1,10,IND 43,3,7,(7:30) 28-J.Taylor right guard to IND 46 for 3 yards (33-A.Jennings).,2.055,-0.220,run,,,J.Taylor,,,,,,,,A.Jennings,,,,
2023,10,November 12,neutral,Indianapolis Colts,https://www.pro-football-reference.com/boxscores/202311120nwe.htm,3,06:48,2,7,IND 46,3,7,(6:48) (Shotgun) 10-G.Minshew pass short right to 83-K.Granson to NE 49 for 5 yards (33-A.Jennings).,1.835,0.001,pass,,G.Minshew,,K.Granson,,,,,,,A.Jennings,,,,
2023,10,November 12,neutral,Indianapolis Colts,https://www.pro-football-reference.com/boxscores/202311120nwe.htm,3,06:04,3,2,NE 49,3,7,(6:04) (Shotgun) 10-G.Minshew pass incomplete short right.,1.836,-1.918,pass,,G.Minshew,,,,,,,,,,,,,
2023,10,November 12,neutral,Indianapolis Colts,https://www.pro-football-reference.com/boxscores/202311120nwe.htm,3,05:57,4,2,NE 49,3,7,"(5:57) 8-R.Sanchez punts 43 yards to NE 6, Center-46-L.Rhodes, downed by IND-38-T.Brown.",-0.083,0.334,punt,,,,,,,R.Sanchez,,,,,,,,
2023,10,November 12,neutral,Indianapolis Colts,https://www.pro-football-reference.com/boxscores/202311120nwe.htm,3,05:48,1,10,NE 6,3,7,(5:48) 38-R.Stevenson right guard to NE 14 for 8 yards (44-Z.Franklin).,-0.252,0.349,run,,,R.Stevenson,,,,,,,,Z.Franklin,,,,
2023,10,November 12,neutral,Indianapolis Colts,https://www.pro-football-reference.com/boxscores/202311120nwe.htm,3,05:16,2,2,NE 14,3,7,(5:16) 38-R.Stevenson up the middle to NE 23 for 9 yards (99-D.Buckner; 53-S.Leonard).,0.097,0.496,run,,,R.Stevenson,,,,,,,,D.Buckner,S.Leonard,,,
2023,10,November 12,neutral,Indianapolis Colts,https://www.pro-football-reference.com/boxscores/202311120nwe.htm,3,04:36,1,10,NE 23,3,7,(4:36) 38-R.Stevenson left end to NE 31 for 8 yards (96-T.Bryan).,0.593,0.690,run,,,R.Stevenson,,,,,,,,T.Bryan,,,,
2023,10,November 12,neutral,Indianapolis Colts,https://www.pro-football-reference.com/boxscores/202311120nwe.htm,3,04:02,2,2,NE 31,3,7,"(4:02) 38-R.Stevenson right guard to NE 32 for 1 yard (52-S.Ebukam, 53-S.Leonard).",1.283,-0.246,run,,,R.Stevenson,,,,,,,,S.Leonard,,,,
2023,10,November 12,neutral,Indianapolis Colts,https://www.pro-football-reference.com/boxscores/202311120nwe.htm,3,03:29,3,1,NE 32,3,7,"(3:29) PENALTY on NE-75-C.McDermott, False Start, 4 yards, enforced at NE 32 - No Play.",1.036,-1.143,no_play,,,,,,,,,,,,,,,C.McDermott
2023,10,November 12,neutral,Indianapolis Colts,https://www.pro-football-reference.com/boxscores/202311120nwe.htm,3,03:10,3,5,NE 28,3,7,(3:10) (Shotgun) 10-M.Jones pass short left to 7-J.Smith-Schuster pushed ob at NE 37 for 9 yards (40-J.Jones).,-0.106,1.740,pass,,M.Jones,,J.Smith-Schuster,,,,,,,J.Jones,,,,
2023,10,November 12,neutral,Indianapolis Colts,https://www.pro-football-reference.com/boxscores/202311120nwe.htm,3,02:53,1,10,NE 37,3,7,"(2:53) (No Huddle, Shotgun) 38-R.Stevenson right guard to NE 45 for 8 yards (25-R.Thomas).",1.634,0.611,run,,,R.Stevenson,,,,,,,,R.Thomas,,,,
2023,10,November 12,neutral,Indianapolis Colts,https://www.pro-football-reference.com/boxscores/202311120nwe.htm,3,02:20,2,2,NE 45,3,7,"(2:20) 15-E.Elliott left guard to 50 for 5 yards (44-Z.Franklin, 53-S.Leonard).",2.245,0.283,run,,,E.Elliott,,,,,,,,S.Leonard,,,,
2023,10,November 12,neutral,Indianapolis Colts,https://www.pro-football-reference.com/boxscores/202311120nwe.htm,3,01:38,1,10,MID 50,3,7,(1:38) 10-M.Jones scrambles left end ran ob at IND 35 for 15 yards (95-A.Adebawore).,2.528,0.990,run,,,M.Jones,,,,,,,,A.Adebawore,,,,
2023,10,November 12,neutral,Indianapolis Colts,https://www.pro-football-reference.com/boxscores/202311120nwe.htm,3,01:00,1,10,IND 35,3,7,(1:00) 15-E.Elliott right guard to IND 26 for 9 yards (32-J.Blackmon).,3.518,0.763,run,,,E.Elliott,,,,,,,,J.Blackmon,,,,
2023,10,November 12,neutral,Indianapolis Colts,https://www.pro-football-reference.com/boxscores/202311120nwe.htm,3,00:27,2,1,IND 26,3,7,(:27) 10-M.Jones right guard to IND 24 for 2 yards (53-S.Leonard).,4.281,0.054,run,,,M.Jones,,,,,,,,S.Leonard,,,,
2023,10,November 12,neutral,Indianapolis Colts,https://www.pro-football-reference.com/boxscores/202311120nwe.htm,4,15:00,1,10,IND 24,3,7,(15:00) 10-M.Jones pass short left to 15-E.Elliott to IND 9 for 15 yards (44-Z.Franklin).,4.336,0.763,pass,,M.Jones,,E.Elliott,,,,,,,Z.Franklin,,,,
2023,10,November 12,neutral,Indianapolis Colts,https://www.pro-football-reference.com/boxscores/202311120nwe.htm,4,14:16,1,9,IND 9,3,7,(14:16) 15-E.Elliott up the middle to IND 5 for 4 yards (45-E.Speed).,5.099,0.155,run,,,E.Elliott,,,,,,,,E.Speed,,,,
2023,10,November 12,neutral,Indianapolis Colts,https://www.pro-football-reference.com/boxscores/202311120nwe.htm,4,13:33,2,5,IND 5,3,7,"(13:33) (Shotgun) 15-E.Elliott right guard to IND 5 for no gain (51-K.Paye, 44-Z.Franklin).",5.254,-0.993,run,,,E.Elliott,,,,,,,,Z.Franklin,,,,
2023,10,November 12,neutral,Indianapolis Colts,https://www.pro-football-reference.com/boxscores/202311120nwe.htm,4,12:52,3,5,IND 5,3,7,(12:52) (Shotgun) 10-M.Jones pass incomplete short right to 85-H.Henry.,4.261,-1.314,pass,,M.Jones,,H.Henry,,,,,,,,,,,
2023,10,November 12,neutral,Indianapolis Colts,https://www.pro-football-reference.com/boxscores/202311120nwe.htm,4,12:47,4,5,IND 5,6,7,"(12:47) 37-C.Ryland 24 yard field goal is GOOD, Center-49-J.Cardona, Holder-17-B.Baringer.",2.948,0.052,field_goal,,,,,,,,C.Ryland,,,,,,,
2023,10,November 12,neutral,Indianapolis Colts,https://www.pro-football-reference.com/boxscores/202311120nwe.htm,4,12:44,,,NE 35,6,7,37-C.Ryland kicks 60 yards from NE 35 to IND 5. 6-I.McKenzie to IND 47 for 42 yards (14-T.Montgomery).,0.988,1.345,kickoff,,,,,,,,C.Ryland,I.McKenzie,,T.Montgomery,,,,
2023,10,November 12,neutral,Indianapolis Colts,https://www.pro-football-reference.com/boxscores/202311120nwe.htm,4,12:37,1,10,IND 47,6,7,(12:37) 28-J.Taylor right guard to NE 48 for 5 yards (92-D.Godchaux).,2.334,0.060,run,,,J.Taylor,,,,,,,,D.Godchaux,,,,
2023,10,November 12,neutral,Indianapolis Colts,https://www.pro-football-reference.com/boxscores/202311120nwe.htm,4,11:57,2,5,NE 48,6,7,(11:57) (Shotgun) 28-J.Taylor right guard to NE 46 for 2 yards (92-D.Godchaux; 93-L.Guy).,2.393,-0.430,run,,,J.Taylor,,,,,,,,D.Godchaux,L.Guy,,,
2023,10,November 12,neutral,Indianapolis Colts,https://www.pro-football-reference.com/boxscores/202311120nwe.htm,4,11:14,3,3,NE 46,6,7,(11:14) (Shotgun) 10-G.Minshew pass short right to 11-M.Pittman to NE 32 for 14 yards (23-K.Dugger).,1.964,1.777,pass,,G.Minshew,,M.Pittman,,,,,,,K.Dugger,,,,
2023,10,November 12,neutral,Indianapolis Colts,https://www.pro-football-reference.com/boxscores/202311120nwe.htm,4,10:28,1,10,NE 32,6,7,(10:28) 28-J.Taylor left tackle to NE 28 for 4 yards (48-Ja.Tavai; 91-D.Wise).,3.740,-0.066,run,,,J.Taylor,,,,,,,,Ja.Tavai,D.Wise,,,
2023,10,November 12,neutral,Indianapolis Colts,https://www.pro-football-reference.com/boxscores/202311120nwe.htm,4,09:48,2,6,NE 28,6,7,(9:48) 10-G.Minshew pass short left to 6-I.McKenzie to NE 33 for -5 yards (26-S.Wade).,3.674,-1.470,pass,,G.Minshew,,I.McKenzie,,,,,,,S.Wade,,,,
2023,10,November 12,neutral,Indianapolis Colts,https://www.pro-football-reference.com/boxscores/202311120nwe.htm,4,09:04,3,11,NE 33,6,7,(9:04) (Shotgun) 10-G.Minshew pass incomplete short left to 11-M.Pittman (91-D.Wise). NE-90-C.Barmore was injured during the play.,2.204,-1.007,pass,,G.Minshew,,M.Pittman,,,,,,,,,,,
2023,10,November 12,neutral,Indianapolis Colts,https://www.pro-football-reference.com/boxscores/202311120nwe.htm,4,08:58,4,11,NE 33,6,10,"(8:58) 7-M.Gay 51 yard field goal is GOOD, Center-46-L.Rhodes, Holder-8-R.Sanchez.",1.197,1.803,field_goal,,,,,,,,M.Gay,,,,,,,
2023,10,November 12,neutral,Indianapolis Colts,https://www.pro-football-reference.com/boxscores/202311120nwe.htm,4,08:54,,,IND 35,6,10,"7-M.Gay kicks 65 yards from IND 35 to end zone, Touchback.",1.050,0.000,kickoff,,,,,,,,M.Gay,,,,,,,
2023,10,November 12,neutral,Indianapolis Colts,https://www.pro-football-reference.com/boxscores/202311120nwe.htm,4,08:54,1,10,NE 25,6,10,"(8:54) 10-M.Jones pass short left to 80-K.Boutte to NE 36 for 11 yards (40-J.Jones).
PENALTY on IND-44-Z.Franklin, Unnecessary Roughness, 15 yards, enforced at NE 36.",1.050,1.494,pass,,M.Jones,,K.Boutte,,,,,,,J.Jones,,,,Z.Franklin
2023,10,November 12,neutral,Indianapolis Colts,https://www.pro-football-reference.com/boxscores/202311120nwe.htm,4,08:31,1,10,IND 49,6,10,"(8:31) 15-E.Elliott right guard to IND 31 for 18 yards (40-J.Jones).
PENALTY on NE-7-J.Smith-Schuster, Illegal Shift, 5 yards, enforced at IND 49 - No Play.",2.544,-0.496,no_play,,,,,,,,,,,,,,,J.Smith-Schuster
2023,10,November 12,neutral,Indianapolis Colts,https://www.pro-football-reference.com/boxscores/202311120nwe.htm,4,08:00,1,15,NE 46,6,10,(8:00) (Shotgun) 10-M.Jones pass incomplete short left to 85-H.Henry (32-J.Blackmon).,2.049,-0.490,pass,,M.Jones,,H.Henry,,,,,,,,,,,
2023,10,November 12,neutral,Indianapolis Colts,https://www.pro-football-reference.com/boxscores/202311120nwe.htm,4,07:56,2,15,NE 46,6,10,(7:56) (Shotgun) 10-M.Jones pass short middle to 81-D.Douglas to IND 45 for 9 yards (99-D.Buckner; 44-Z.Franklin) [94-Ty.Lewis]. NE-75-C.McDermott was injured during the play.,1.559,0.305,pass,,M.Jones,,D.Douglas,,,,,,,D.Buckner,Z.Franklin,,,
2023,10,November 12,neutral,Indianapolis Colts,https://www.pro-football-reference.com/boxscores/202311120nwe.htm,4,07:25,3,6,IND 45,6,10,(7:25) (Shotgun) 10-M.Jones pass short left to 81-D.Douglas pushed ob at IND 24 for 21 yards (23-K.Moore).,1.864,2.398,pass,,M.Jones,,D.Douglas,,,,,,,K.Moore,,,,
2023,10,November 12,neutral,Indianapolis Colts,https://www.pro-football-reference.com/boxscores/202311120nwe.htm,4,06:53,1,10,IND 24,6,10,(6:53) 38-R.Stevenson right guard to IND 17 for 7 yards (53-S.Leonard).,4.262,0.380,run,,,R.Stevenson,,,,,,,,S.Leonard,,,,
2023,10,November 12,neutral,Indianapolis Colts,https://www.pro-football-reference.com/boxscores/202311120nwe.htm,4,06:21,2,3,IND 17,6,10,(6:21) 38-R.Stevenson right tackle to IND 19 for -2 yards (96-T.Bryan).,4.641,-1.020,run,,,R.Stevenson,,,,,,,,T.Bryan,,,,
2023,10,November 12,neutral,Indianapolis Colts,https://www.pro-football-reference.com/boxscores/202311120nwe.htm,4,05:40,3,5,IND 19,6,10,(5:40) (Shotgun) 38-R.Stevenson up the middle to IND 13 for 6 yards (99-D.Buckner).,3.621,1.256,run,,,R.Stevenson,,,,,,,,D.Buckner,,,,
2023,10,November 12,neutral,Indianapolis Colts,https://www.pro-football-reference.com/boxscores/202311120nwe.htm,4,04:59,1,10,IND 13,6,10,(4:59) 15-E.Elliott right guard to IND 15 for -2 yards (99-D.Buckner).,4.877,-0.930,run,,,E.Elliott,,,,,,,,D.Buckner,,,,
2023,10,November 12,neutral,Indianapolis Colts,https://www.pro-football-reference.com/boxscores/202311120nwe.htm,4,04:25,2,12,IND 15,6,10,(4:25) (Shotgun) 10-M.Jones pass short right intended for 88-M.Gesicki INTERCEPTED by 32-J.Blackmon at IND 1. 32-J.Blackmon to IND 5 for 4 yards (69-C.Strange).,3.948,-3.838,pass,,M.Jones,,M.Gesicki,J.Blackmon,,,,,,C.Strange,,,,
2023,10,November 12,neutral,Indianapolis Colts,https://www.pro-football-reference.com/boxscores/202311120nwe.htm,4,04:16,1,10,IND 5,6,10,(4:16) 28-J.Taylor right guard to IND 6 for 1 yard (33-A.Jennings).,-0.109,-0.506,run,,,J.Taylor,,,,,,,,A.Jennings,,,,
2023,10,November 12,neutral,Indianapolis Colts,https://www.pro-football-reference.com/boxscores/202311120nwe.htm,4,03:34,2,9,IND 6,6,10,(3:34) 28-J.Taylor right guard to IND 14 for 8 yards (3-M.Wilson).,-0.615,0.655,run,,,J.Taylor,,,,,,,,M.Wilson,,,,
2023,10,November 12,neutral,Indianapolis Colts,https://www.pro-football-reference.com/boxscores/202311120nwe.htm,4,02:52,3,1,IND 14,6,10,"(2:52) (Shotgun) PENALTY on IND-62-W.French, False Start, 4 yards, enforced at IND 14 - No Play.",0.039,-0.633,no_play,,,,,,,,,,,,,,,W.French
2023,10,November 12,neutral,Indianapolis Colts,https://www.pro-football-reference.com/boxscores/202311120nwe.htm,4,02:52,3,5,IND 10,6,10,(2:52) (Shotgun) 10-G.Minshew pass deep right to 1-J.Downs to IND 38 for 28 yards (2-J.Mills).,-0.594,2.240,pass,,G.Minshew,,J.Downs,,,,,,,J.Mills,,,,
2023,10,November 12,neutral,Indianapolis Colts,https://www.pro-football-reference.com/boxscores/202311120nwe.htm,4,02:38,,,IND 38,6,10,Timeout #1 by NE at 02:38.,1.646,0.000,no_play,,,,,,,,,,,,,,,
2023,10,November 12,neutral,Indianapolis Colts,https://www.pro-football-reference.com/boxscores/202311120nwe.htm,4,02:38,1,10,IND 38,6,10,(2:38) 28-J.Taylor left guard to IND 35 for -3 yards (90-C.Barmore).,1.646,-0.916,run,,,J.Taylor,,,,,,,,C.Barmore,,,,
2023,10,November 12,neutral,Indianapolis Colts,https://www.pro-football-reference.com/boxscores/202311120nwe.htm,4,02:35,,,IND 35,6,10,Timeout #2 by NE at 02:35.,0.731,0.000,no_play,,,,,,,,,,,,,,,
2023,10,November 12,neutral,Indianapolis Colts,https://www.pro-football-reference.com/boxscores/202311120nwe.htm,4,02:35,2,13,IND 35,6,10,(2:35) 28-J.Taylor left tackle to IND 37 for 2 yards (92-D.Godchaux; 23-K.Dugger).,0.731,-0.757,run,,,J.Taylor,,,,,,,,D.Godchaux,K.Dugger,,,
2023,10,November 12,neutral,Indianapolis Colts,https://www.pro-football-reference.com/boxscores/202311120nwe.htm,4,02:30,,,IND 37,6,10,Timeout #3 by NE at 02:30.,-0.027,0.000,no_play,,,,,,,,,,,,,,,
2023,10,November 12,neutral,Indianapolis Colts,https://www.pro-football-reference.com/boxscores/202311120nwe.htm,4,02:30,3,11,IND 37,6,10,(2:30) (Shotgun) 10-G.Minshew pass short left to 11-M.Pittman to IND 46 for 9 yards (26-S.Wade).,-0.027,-0.212,pass,,G.Minshew,,M.Pittman,,,,,,,S.Wade,,,,
2023,10,November 12,neutral,Indianapolis Colts,https://www.pro-football-reference.com/boxscores/202311120nwe.htm,4,02:00,4,2,IND 46,6,10,"(2:00) 8-R.Sanchez punts 40 yards to NE 14, Center-46-L.Rhodes, out of bounds.",-0.238,-0.127,punt,,,,,,,R.Sanchez,,,,,,,,
2023,10,November 12,neutral,Indianapolis Colts,https://www.pro-football-reference.com/boxscores/202311120nwe.htm,4,01:52,1,10,NE 14,6,10,(1:52) 4-B.Zappe in at QB. (Shotgun) 4-B.Zappe pass short left to 38-R.Stevenson pushed ob at NE 19 for 5 yards (44-Z.Franklin).,0.365,0.009,pass,,B.Zappe,,R.Stevenson,,,,,,,Z.Franklin,,,,
2023,10,November 12,neutral,Indianapolis Colts,https://www.pro-football-reference.com/boxscores/202311120nwe.htm,4,01:46,2,5,NE 19,6,10,(1:46) (Shotgun) 4-B.Zappe pass incomplete short middle to 81-D.Douglas.,0.374,-0.251,pass,,B.Zappe,,D.Douglas,,,,,,,,,,,
2023,10,November 12,neutral,Indianapolis Colts,https://www.pro-football-reference.com/boxscores/202311120nwe.htm,4,01:44,3,5,NE 19,6,10,(1:44) (Shotgun) 4-B.Zappe pass short right to 85-H.Henry to NE 30 for 11 yards (44-Z.Franklin).,0.123,0.768,pass,,B.Zappe,,H.Henry,,,,,,,Z.Franklin,,,,
2023,10,November 12,neutral,Indianapolis Colts,https://www.pro-football-reference.com/boxscores/202311120nwe.htm,4,01:25,1,10,NE 30,6,10,"(1:25) (No Huddle, Shotgun) 4-B.Zappe pass incomplete short middle.",0.891,-0.395,pass,,B.Zappe,,,,,,,,,,,,,
2023,10,November 12,neutral,Indianapolis Colts,https://www.pro-football-reference.com/boxscores/202311120nwe.htm,4,01:21,2,10,NE 30,6,10,(1:21) (Shotgun) 4-B.Zappe pass incomplete short right to 81-D.Douglas.,0.495,-0.191,pass,,B.Zappe,,D.Douglas,,,,,,,,,,,
2023,10,November 12,neutral,Indianapolis Colts,https://www.pro-football-reference.com/boxscores/202311120nwe.htm,4,01:18,3,10,NE 30,6,10,(1:18) (Shotgun) 4-B.Zappe pass short middle to 81-D.Douglas to NE 39 for 9 yards (32-J.Blackmon).,0.305,-0.099,pass,,B.Zappe,,D.Douglas,,,,,,,J.Blackmon,,,,
2023,10,November 12,neutral,Indianapolis Colts,https://www.pro-football-reference.com/boxscores/202311120nwe.htm,4,00:58,4,1,NE 39,6,10,"(:58) (No Huddle, Shotgun) 38-R.Stevenson left guard to NE 40 for 1 yard (94-Ty.Lewis).",0.205,0.464,run,,,R.Stevenson,,,,,,,,Ty.Lewis,,,,
2023,10,November 12,neutral,Indianapolis Colts,https://www.pro-football-reference.com/boxscores/202311120nwe.htm,4,00:36,1,10,NE 40,6,10,(:36) (No Huddle) 4-B.Zappe pass deep middle intended for 81-D.Douglas INTERCEPTED by 25-R.Thomas at IND 37. 25-R.Thomas to IND 42 for 5 yards.,0.669,-0.669,pass,,B.Zappe,,D.Douglas,R.Thomas,,,,,,,,,,
2023,10,November 12,neutral,Indianapolis Colts,https://www.pro-football-reference.com/boxscores/202311120nwe.htm,4,00:31,1,10,IND 42,6,10,(:31) 10-G.Minshew kneels to IND 41 for -1 yards.,0.000,0.000,qb_kneel,,,G.Minshew,,,,,,,,,,,,
