season,week,game_date,game_site,opponent,boxscore_url,quarter,time,down,yds_to_go,location,patriots_score,opponent_score,detail,epb,epa
2017,1,September 7,home,Kansas City Chiefs,https://www.pro-football-reference.com/boxscores/201709070nwe.htm,1,15:00,,,KC 35,0,0,"5-C.Santos kicks 64 yards from KC 35 to NE 1. 33-D.Lewis to NE 27 for 26 yards (57-K.Pierre-Louis, 84-D.Harris).",1.457,0.109
2017,1,September 7,home,Kansas City Chiefs,https://www.pro-football-reference.com/boxscores/201709070nwe.htm,1,14:55,1,10,NE 27,0,0,"(14:55) NE 12-Brady 18th season as Patriots QB, new NFL record for most seasons as QB with one team (Marino & Brodie, 17). 12-T.Brady pass incomplete deep left to 83-D.Allen.",1.567,-0.513
2017,1,September 7,home,Kansas City Chiefs,https://www.pro-football-reference.com/boxscores/201709070nwe.htm,1,14:49,2,10,NE 27,0,0,(14:49) 12-T.Brady pass short right to 34-R.Burkhead pushed ob at NE 35 for 8 yards (38-R.Parker).,1.054,0.390
2017,1,September 7,home,Kansas City Chiefs,https://www.pro-football-reference.com/boxscores/201709070nwe.htm,1,14:14,3,2,NE 35,0,0,"(14:14) (Shotgun) 28-J.White left guard to NE 43 for 8 yards (38-R.Parker, 56-D.Johnson).",1.444,1.168
2017,1,September 7,home,Kansas City Chiefs,https://www.pro-football-reference.com/boxscores/201709070nwe.htm,1,13:52,1,10,NE 43,0,0,"(13:52) (No Huddle, Shotgun) 28-J.White up the middle to NE 46 for 3 yards (29-E.Berry).",2.612,-0.156
2017,1,September 7,home,Kansas City Chiefs,https://www.pro-football-reference.com/boxscores/201709070nwe.htm,1,13:26,2,7,NE 46,0,0,"(13:26) (No Huddle, Shotgun) 12-T.Brady pass deep left to 14-B.Cooks to KC 35 for 19 yards (23-P.Gaines).",2.456,1.489
2017,1,September 7,home,Kansas City Chiefs,https://www.pro-football-reference.com/boxscores/201709070nwe.htm,1,13:02,1,10,KC 35,0,0,"(13:02) (No Huddle) 28-J.White left tackle to KC 30 for 5 yards (55-D.Ford, 56-D.Johnson).",3.945,-0.039
2017,1,September 7,home,Kansas City Chiefs,https://www.pro-football-reference.com/boxscores/201709070nwe.htm,1,12:35,2,5,KC 30,0,0,"(12:35) (No Huddle, Shotgun) 12-T.Brady pass short left to 80-D.Amendola pushed ob at KC 14 for 16 yards (23-P.Gaines).",3.905,1.134
2017,1,September 7,home,Kansas City Chiefs,https://www.pro-football-reference.com/boxscores/201709070nwe.htm,1,12:24,1,10,KC 14,0,0,"(12:24) (No Huddle) 12-T.Brady pass incomplete short left to 14-B.Cooks. PENALTY on KC-39-T.Mitchell, Defensive Pass Interference, 12 yards, enforced at KC 14 - No Play.",5.039,1.309
2017,1,September 7,home,Kansas City Chiefs,https://www.pro-football-reference.com/boxscores/201709070nwe.htm,1,12:21,1,2,KC 2,0,0,"(12:21) 77-N.Solder reported in as eligible.  35-M.Gillislee right tackle for 2 yards, TOUCHDOWN NULLIFIED by Penalty. Penalty on NE-77-N.Solder, Offensive Holding, offsetting, enforced at KC 2 - No Play. Penalty on KC-97-A.Bailey, Defensive Holding, offsetting.",6.348,0.001
2017,1,September 7,home,Kansas City Chiefs,https://www.pro-football-reference.com/boxscores/201709070nwe.htm,1,12:17,1,2,KC 2,0,0,(12:17) 77-N.Solder reported in as eligible.  12-T.Brady pass incomplete short right to 87-R.Gronkowski.,6.349,-0.398
2017,1,September 7,home,Kansas City Chiefs,https://www.pro-football-reference.com/boxscores/201709070nwe.htm,1,12:12,2,2,KC 2,6,0,"(12:12) 77-N.Solder reported in as eligible.  35-M.Gillislee up the middle for 2 yards, TOUCHDOWN.",5.951,1.049
2017,1,September 7,home,Kansas City Chiefs,https://www.pro-football-reference.com/boxscores/201709070nwe.htm,1,12:08,,,KC 15,7,0,"3-S.Gostkowski extra point is GOOD, Center-49-J.Cardona, Holder-6-R.Allen.",0.932,0.068
2017,1,September 7,home,Kansas City Chiefs,https://www.pro-football-reference.com/boxscores/201709070nwe.htm,1,12:08,,,NE 35,7,0,"3-S.Gostkowski kicks 65 yards from NE 35 to end zone, Touchback.",0.759,0.000
2017,1,September 7,home,Kansas City Chiefs,https://www.pro-football-reference.com/boxscores/201709070nwe.htm,1,12:08,1,10,KC 25,7,0,"(12:08) (Shotgun) 27-K.Hunt right tackle to KC 32 for 7 yards (37-J.Richards). FUMBLES (37-J.Richards), RECOVERED by NE-32-D.McCourty at KC 32. 32-D.McCourty to KC 32 for no gain (17-C.Conley).",0.759,-4.797
2017,1,September 7,home,Kansas City Chiefs,https://www.pro-football-reference.com/boxscores/201709070nwe.htm,1,12:00,1,10,KC 32,7,0,(12:00) (Shotgun) 12-T.Brady pass incomplete deep left to 87-R.Gronkowski.,4.037,-0.360
2017,1,September 7,home,Kansas City Chiefs,https://www.pro-football-reference.com/boxscores/201709070nwe.htm,1,11:55,2,10,KC 32,7,0,(11:55) (Shotgun) 12-T.Brady pass short left to 28-J.White to KC 29 for 3 yards (38-R.Parker).,3.677,-0.480
2017,1,September 7,home,Kansas City Chiefs,https://www.pro-football-reference.com/boxscores/201709070nwe.htm,1,11:21,3,7,KC 29,7,0,(11:21) (Shotgun) 28-J.White right guard to KC 19 for 10 yards (38-R.Parker).,3.197,1.494
2017,1,September 7,home,Kansas City Chiefs,https://www.pro-football-reference.com/boxscores/201709070nwe.htm,1,10:38,1,10,KC 19,7,0,(10:38) (Shotgun) 12-T.Brady pass incomplete deep left to 87-R.Gronkowski.,4.691,-0.425
2017,1,September 7,home,Kansas City Chiefs,https://www.pro-football-reference.com/boxscores/201709070nwe.htm,1,10:34,2,10,KC 19,7,0,"(10:34) 34-R.Burkhead left guard to KC 20 for -1 yards (29-E.Berry, 96-B.Logan).",4.265,-0.944
2017,1,September 7,home,Kansas City Chiefs,https://www.pro-football-reference.com/boxscores/201709070nwe.htm,1,09:53,3,11,KC 20,7,0,"(9:53) (Shotgun) 12-T.Brady pass deep middle to 87-R.Gronkowski for 20 yards, TOUCHDOWN. Penalty on KC-55-D.Ford, Defensive Offside, declined. The Replay Official reviewed the pass completion ruling, and the play was REVERSED. (Shotgun) 12-T.Brady pass incomplete deep middle to 87-R.Gronkowski. PENALTY on KC-55-D.Ford, Defensive Offside, 5 yards, enforced at KC 20 - No Play.",3.322,0.625
2017,1,September 7,home,Kansas City Chiefs,https://www.pro-football-reference.com/boxscores/201709070nwe.htm,1,09:49,3,6,KC 15,7,0,(9:49) (Shotgun) 12-T.Brady pass short middle to 80-D.Amendola to KC 10 for 5 yards (38-R.Parker). measurement,3.947,-0.086
2017,1,September 7,home,Kansas City Chiefs,https://www.pro-football-reference.com/boxscores/201709070nwe.htm,1,09:34,4,1,KC 10,7,0,"(9:34) 77-N.Solder reported in as eligible.  35-M.Gillislee up the middle to KC 10 for no gain (97-A.Bailey, 96-B.Logan).",3.861,-3.463
2017,1,September 7,home,Kansas City Chiefs,https://www.pro-football-reference.com/boxscores/201709070nwe.htm,1,09:25,1,10,KC 10,7,0,"(9:25) 27-K.Hunt right guard to KC 19 for 9 yards (37-J.Richards, 24-S.Gilmore).",-0.398,0.757
2017,1,September 7,home,Kansas City Chiefs,https://www.pro-football-reference.com/boxscores/201709070nwe.htm,1,08:48,2,1,KC 19,7,0,"(8:48) (Shotgun) Direct snap to 87-T.Kelce.  87-T.Kelce up the middle to KC 23 for 4 yards (37-J.Richards, 90-M.Brown).",0.359,0.111
2017,1,September 7,home,Kansas City Chiefs,https://www.pro-football-reference.com/boxscores/201709070nwe.htm,1,08:05,1,10,KC 23,7,0,(8:05) (Shotgun) 11-A.Smith pass short left to 10-T.Hill ran ob at KC 37 for 14 yards.,0.470,1.020
2017,1,September 7,home,Kansas City Chiefs,https://www.pro-football-reference.com/boxscores/201709070nwe.htm,1,07:38,1,10,KC 37,7,0,(7:38) (Shotgun) 11-A.Smith pass short left to 84-D.Harris pushed ob at KC 45 for 8 yards (32-D.McCourty).,1.491,0.583
2017,1,September 7,home,Kansas City Chiefs,https://www.pro-football-reference.com/boxscores/201709070nwe.htm,1,07:05,2,2,KC 45,7,0,(7:05) (Shotgun) 11-A.Smith pass short left to 27-K.Hunt pushed ob at 50 for 5 yards (21-M.Butler).,2.074,0.370
2017,1,September 7,home,Kansas City Chiefs,https://www.pro-football-reference.com/boxscores/201709070nwe.htm,1,06:34,1,10,MID 50,7,0,(6:34) (Shotgun) 27-K.Hunt right tackle to NE 41 for 9 yards (24-S.Gilmore).,2.444,0.764
2017,1,September 7,home,Kansas City Chiefs,https://www.pro-football-reference.com/boxscores/201709070nwe.htm,1,05:51,2,1,NE 41,7,0,(5:51) (Shotgun) 11-A.Smith pass short middle to 12-A.Wilson to NE 38 for 3 yards (90-M.Brown).,3.208,0.127
2017,1,September 7,home,Kansas City Chiefs,https://www.pro-football-reference.com/boxscores/201709070nwe.htm,1,05:13,1,10,NE 38,7,0,(5:13) (Shotgun) 11-A.Smith pass short middle to 10-T.Hill to NE 27 for 11 yards (23-P.Chung).,3.335,0.714
2017,1,September 7,home,Kansas City Chiefs,https://www.pro-football-reference.com/boxscores/201709070nwe.htm,1,04:31,1,10,NE 27,7,0,(4:31) (Shotgun) 11-A.Smith pass short right to 17-C.Conley pushed ob at NE 9 for 18 yards (53-K.Van Noy).,4.048,1.081
2017,1,September 7,home,Kansas City Chiefs,https://www.pro-football-reference.com/boxscores/201709070nwe.htm,1,03:56,1,9,NE 9,7,0,(3:56) (Shotgun) 11-A.Smith pass incomplete short right. thrown away from outside the pocket,5.129,-0.536
2017,1,September 7,home,Kansas City Chiefs,https://www.pro-football-reference.com/boxscores/201709070nwe.htm,1,03:47,2,9,NE 9,7,0,(3:47) 27-K.Hunt up the middle to NE 7 for 2 yards (53-K.Van Noy).,4.593,-0.481
2017,1,September 7,home,Kansas City Chiefs,https://www.pro-football-reference.com/boxscores/201709070nwe.htm,1,03:10,3,7,NE 7,7,6,"(3:10) (Shotgun) 11-A.Smith pass short right to 84-D.Harris for 7 yards, TOUCHDOWN.",4.112,2.888
2017,1,September 7,home,Kansas City Chiefs,https://www.pro-football-reference.com/boxscores/201709070nwe.htm,1,03:03,,,NE 15,7,7,"5-C.Santos extra point is GOOD, Center-41-J.Winchester, Holder-2-D.Colquitt.",0.932,0.068
2017,1,September 7,home,Kansas City Chiefs,https://www.pro-football-reference.com/boxscores/201709070nwe.htm,1,03:03,,,KC 35,7,7,"5-C.Santos kicks 65 yards from KC 35 to end zone, Touchback.",1.358,0.000
2017,1,September 7,home,Kansas City Chiefs,https://www.pro-football-reference.com/boxscores/201709070nwe.htm,1,03:03,1,10,NE 25,7,7,(3:03) (Shotgun) 35-M.Gillislee left guard to NE 28 for 3 yards (38-R.Parker).,1.358,-0.345
2017,1,September 7,home,Kansas City Chiefs,https://www.pro-football-reference.com/boxscores/201709070nwe.htm,1,02:32,2,7,NE 28,7,7,"(2:32) (Shotgun) 12-T.Brady pass deep middle to 80-D.Amendola to KC 45 for 27 yards (38-R.Parker, 29-E.Berry).",1.014,2.198
2017,1,September 7,home,Kansas City Chiefs,https://www.pro-football-reference.com/boxscores/201709070nwe.htm,1,02:05,1,10,KC 45,7,7,(2:05) (No Huddle) 12-T.Brady pass short middle to 14-B.Cooks ran ob at KC 30 for 15 yards.,3.212,0.842
2017,1,September 7,home,Kansas City Chiefs,https://www.pro-football-reference.com/boxscores/201709070nwe.htm,1,01:36,1,10,KC 30,7,7,(1:36) 15-C.Hogan left end to KC 17 for 13 yards (23-P.Gaines). reverse,4.054,0.812
2017,1,September 7,home,Kansas City Chiefs,https://www.pro-football-reference.com/boxscores/201709070nwe.htm,1,01:10,1,10,KC 17,7,7,"(1:10) (No Huddle) 35-M.Gillislee left end to KC 14 for 3 yards (98-R.Miller). PENALTY on KC-49-D.Sorensen, Defensive 12 On-field, 5 yards, enforced at KC 17 - No Play.",4.866,0.381
2017,1,September 7,home,Kansas City Chiefs,https://www.pro-football-reference.com/boxscores/201709070nwe.htm,1,00:42,1,5,KC 12,7,7,(:42) (Shotgun) 12-T.Brady pass incomplete short right to 34-R.Burkhead (56-D.Johnson).,5.247,-0.279
2017,1,September 7,home,Kansas City Chiefs,https://www.pro-football-reference.com/boxscores/201709070nwe.htm,1,00:37,2,5,KC 12,7,7,(:37) 28-J.White left end pushed ob at KC 8 for 4 yards (39-T.Mitchell).,4.967,0.105
2017,1,September 7,home,Kansas City Chiefs,https://www.pro-football-reference.com/boxscores/201709070nwe.htm,1,00:23,3,1,KC 8,7,7,"(:23) (No Huddle, Shotgun) 28-J.White up the middle to KC 8 for no gain (56-D.Johnson; 38-R.Parker). measurement",5.072,-2.167
2017,1,September 7,home,Kansas City Chiefs,https://www.pro-football-reference.com/boxscores/201709070nwe.htm,2,15:00,4,1,KC 8,10,7,"(15:00) 3-S.Gostkowski 25 yard field goal is GOOD, Center-49-J.Cardona, Holder-6-R.Allen.",2.905,0.095
2017,1,September 7,home,Kansas City Chiefs,https://www.pro-football-reference.com/boxscores/201709070nwe.htm,2,14:56,,,NE 35,10,7,"3-S.Gostkowski kicks 66 yards from NE 35 to KC -1. 13-D.Thomas pushed ob at KC 30 for 31 yards (23-P.Chung). PENALTY on NE-36-B.King, Unnecessary Roughness, 15 yards, enforced at KC 30.",0.739,1.242
2017,1,September 7,home,Kansas City Chiefs,https://www.pro-football-reference.com/boxscores/201709070nwe.htm,2,14:51,1,10,KC 45,10,7,(14:51) 11-A.Smith pass incomplete deep right to 88-R.Travis (32-D.McCourty).,1.981,-0.478
2017,1,September 7,home,Kansas City Chiefs,https://www.pro-football-reference.com/boxscores/201709070nwe.htm,2,14:44,2,10,KC 45,10,7,(14:44) (Shotgun) 10-T.Hill right end to KC 49 for 4 yards (32-D.McCourty).,1.503,-0.382
2017,1,September 7,home,Kansas City Chiefs,https://www.pro-football-reference.com/boxscores/201709070nwe.htm,2,14:07,3,6,KC 49,10,7,(14:07) (Shotgun) 11-A.Smith sacked at KC 46 for -3 yards (98-T.Flowers).,1.121,-1.925
2017,1,September 7,home,Kansas City Chiefs,https://www.pro-football-reference.com/boxscores/201709070nwe.htm,2,13:22,4,9,KC 46,10,7,"(13:22) 2-D.Colquitt punts 36 yards to NE 18, Center-41-J.Winchester, fair catch by 80-D.Amendola.",-0.805,-0.033
2017,1,September 7,home,Kansas City Chiefs,https://www.pro-football-reference.com/boxscores/201709070nwe.htm,2,13:17,1,10,NE 18,10,7,"(13:17) 15-C.Hogan right end to NE 22 for 4 yards (50-J.Houston, 29-E.Berry).",0.837,-0.211
2017,1,September 7,home,Kansas City Chiefs,https://www.pro-football-reference.com/boxscores/201709070nwe.htm,2,12:49,2,6,NE 22,10,7,(12:49) 35-M.Gillislee right end to NE 26 for 4 yards (97-A.Bailey).,0.626,0.229
2017,1,September 7,home,Kansas City Chiefs,https://www.pro-football-reference.com/boxscores/201709070nwe.htm,2,12:09,3,2,NE 26,10,7,(12:09) (Shotgun) 12-T.Brady pass short left to 80-D.Amendola to NE 48 for 22 yards (39-T.Mitchell).,0.855,1.952
2017,1,September 7,home,Kansas City Chiefs,https://www.pro-football-reference.com/boxscores/201709070nwe.htm,2,11:31,1,10,NE 48,10,7,(11:31) (Shotgun) 12-T.Brady pass incomplete deep left to 34-R.Burkhead.,2.807,-0.460
2017,1,September 7,home,Kansas City Chiefs,https://www.pro-football-reference.com/boxscores/201709070nwe.htm,2,11:23,2,10,NE 48,10,7,(11:23) 15-C.Hogan right end to NE 48 for no gain (50-J.Houston).,2.347,-0.846
2017,1,September 7,home,Kansas City Chiefs,https://www.pro-football-reference.com/boxscores/201709070nwe.htm,2,10:44,3,10,NE 48,10,7,(10:44) (Shotgun) 12-T.Brady pass short right to 87-R.Gronkowski to KC 36 for 16 yards (29-E.Berry).,1.501,2.244
2017,1,September 7,home,Kansas City Chiefs,https://www.pro-football-reference.com/boxscores/201709070nwe.htm,2,09:57,1,10,KC 36,10,7,"(9:57) 35-M.Gillislee left tackle to KC 20 for 16 yards (38-R.Parker, 22-M.Peters).",3.745,0.853
2017,1,September 7,home,Kansas City Chiefs,https://www.pro-football-reference.com/boxscores/201709070nwe.htm,2,09:17,1,10,KC 20,10,7,"(9:17) 35-M.Gillislee left end to KC 11 for 9 yards (39-T.Mitchell, 98-R.Miller).",4.598,0.704
2017,1,September 7,home,Kansas City Chiefs,https://www.pro-football-reference.com/boxscores/201709070nwe.htm,2,08:38,2,1,KC 11,10,7,(8:38) 35-M.Gillislee left guard to KC 7 for 4 yards (56-D.Johnson).,5.302,0.153
2017,1,September 7,home,Kansas City Chiefs,https://www.pro-football-reference.com/boxscores/201709070nwe.htm,2,08:15,1,7,KC 7,10,7,"(8:15) 35-M.Gillislee right tackle to KC 5 for 2 yards (55-D.Ford, 96-B.Logan).",5.455,-0.130
2017,1,September 7,home,Kansas City Chiefs,https://www.pro-football-reference.com/boxscores/201709070nwe.htm,2,07:42,2,5,KC 5,10,7,"(7:42) (Shotgun) 12-T.Brady pass incomplete short left to 15-C.Hogan. PENALTY on KC-39-T.Mitchell, Defensive Holding, 3 yards, enforced at KC 5 - No Play.",5.326,0.942
2017,1,September 7,home,Kansas City Chiefs,https://www.pro-football-reference.com/boxscores/201709070nwe.htm,2,07:31,1,2,KC 2,16,7,"(7:31) 77-N.Solder reported in as eligible.  35-M.Gillislee left guard for 2 yards, TOUCHDOWN.",6.267,0.733
2017,1,September 7,home,Kansas City Chiefs,https://www.pro-football-reference.com/boxscores/201709070nwe.htm,2,07:27,,,KC 15,17,7,"3-S.Gostkowski extra point is GOOD, Center-49-J.Cardona, Holder-6-R.Allen.",0.932,0.068
2017,1,September 7,home,Kansas City Chiefs,https://www.pro-football-reference.com/boxscores/201709070nwe.htm,2,07:27,,,NE 35,17,7,3-S.Gostkowski kicks 71 yards from NE 35 to KC -6. 13-D.Thomas to KC 23 for 29 yards (37-J.Richards).,1.178,-0.284
2017,1,September 7,home,Kansas City Chiefs,https://www.pro-football-reference.com/boxscores/201709070nwe.htm,2,07:22,1,10,KC 23,17,7,(7:22) (Shotgun) 27-K.Hunt right end pushed ob at KC 26 for 3 yards (53-K.Van Noy).,0.895,-0.349
2017,1,September 7,home,Kansas City Chiefs,https://www.pro-football-reference.com/boxscores/201709070nwe.htm,2,06:47,2,7,KC 26,17,7,(6:47) (Shotgun) 27-K.Hunt right end pushed ob at KC 36 for 10 yards (53-K.Van Noy). option pitch,0.545,1.218
2017,1,September 7,home,Kansas City Chiefs,https://www.pro-football-reference.com/boxscores/201709070nwe.htm,2,06:11,1,10,KC 36,17,7,"(6:11) 10-T.Hill left guard to KC 37 for 1 yard (97-A.Branch, 98-T.Flowers).",1.764,-0.598
2017,1,September 7,home,Kansas City Chiefs,https://www.pro-football-reference.com/boxscores/201709070nwe.htm,2,05:29,2,9,KC 37,17,7,"(5:29) (Shotgun) 13-D.Thomas right tackle to KC 41 for 4 yards (93-L.Guy, 54-D.Hightower).",1.165,-0.305
2017,1,September 7,home,Kansas City Chiefs,https://www.pro-football-reference.com/boxscores/201709070nwe.htm,2,04:45,3,5,KC 41,17,7,(4:45) (Shotgun) 11-A.Smith sacked at KC 29 for -12 yards (91-D.Wise).,0.860,-2.080
2017,1,September 7,home,Kansas City Chiefs,https://www.pro-football-reference.com/boxscores/201709070nwe.htm,2,03:57,4,17,KC 29,17,7,"(3:57) 2-D.Colquitt punts 46 yards to NE 25, Center-41-J.Winchester, downed by KC. PENALTY on KC-13-D.Thomas, Interference with Opportunity to Catch, 15 yards, enforced at NE 25.",-1.220,-0.578
2017,1,September 7,home,Kansas City Chiefs,https://www.pro-football-reference.com/boxscores/201709070nwe.htm,2,03:44,1,10,NE 40,17,7,(3:44) (Shotgun) 33-D.Lewis up the middle to NE 44 for 4 yards (55-D.Ford).,1.797,-0.142
2017,1,September 7,home,Kansas City Chiefs,https://www.pro-football-reference.com/boxscores/201709070nwe.htm,2,03:06,2,6,NE 44,17,7,(3:06) (Shotgun) 12-T.Brady pass incomplete deep right to 15-C.Hogan.,1.655,-0.582
2017,1,September 7,home,Kansas City Chiefs,https://www.pro-football-reference.com/boxscores/201709070nwe.htm,2,02:59,3,6,NE 44,17,7,(2:59) (Shotgun) 12-T.Brady pass incomplete short left to 14-B.Cooks.,1.073,-1.228
2017,1,September 7,home,Kansas City Chiefs,https://www.pro-football-reference.com/boxscores/201709070nwe.htm,2,02:55,4,6,NE 44,17,7,"(2:55) 6-R.Allen punts 39 yards to KC 17, Center-49-J.Cardona. 13-D.Thomas, dead ball declared at KC 17 for no gain. PENALTY on KC-51-F.Zombo, Offensive Holding, 9 yards, enforced at KC 17.",-0.156,0.104
2017,1,September 7,home,Kansas City Chiefs,https://www.pro-football-reference.com/boxscores/201709070nwe.htm,2,02:47,1,10,KC 8,17,7,"(2:47) (Shotgun) 27-K.Hunt left end pushed ob at KC 22 for 14 yards (37-J.Richards). PENALTY on KC-72-E.Fisher, Offensive Holding, 4 yards, enforced at KC 8 - No Play.",0.052,-0.402
2017,1,September 7,home,Kansas City Chiefs,https://www.pro-football-reference.com/boxscores/201709070nwe.htm,2,02:29,1,14,KC 4,17,7,(2:29) (Shotgun) 27-K.Hunt right end to KC 11 for 7 yards (55-C.Marsh).,-0.351,0.231
2017,1,September 7,home,Kansas City Chiefs,https://www.pro-football-reference.com/boxscores/201709070nwe.htm,2,02:07,,,KC 11,17,7,Timeout #1 by NE at 02:07.,-0.120,0.000
2017,1,September 7,home,Kansas City Chiefs,https://www.pro-football-reference.com/boxscores/201709070nwe.htm,2,02:07,2,7,KC 11,17,7,"(2:07) (Shotgun) 11-A.Smith pass short middle to 12-A.Wilson to KC 20 for 9 yards (70-A.Butler, 55-C.Marsh).",-0.120,0.733
2017,1,September 7,home,Kansas City Chiefs,https://www.pro-football-reference.com/boxscores/201709070nwe.htm,2,02:00,1,10,KC 20,17,7,(2:00) (Shotgun) 11-A.Smith pass short left to 87-T.Kelce to KC 34 for 14 yards (32-D.McCourty).,0.613,0.850
2017,1,September 7,home,Kansas City Chiefs,https://www.pro-football-reference.com/boxscores/201709070nwe.htm,2,01:33,1,10,KC 34,17,7,"(1:33) (No Huddle, Shotgun) 11-A.Smith pass short right to 12-A.Wilson pushed ob at KC 47 for 13 yards (25-E.Rowe).",1.463,0.733
2017,1,September 7,home,Kansas City Chiefs,https://www.pro-football-reference.com/boxscores/201709070nwe.htm,2,01:30,1,10,KC 47,17,7,(1:30) (Shotgun) 11-A.Smith scrambles up the middle to NE 46 for 7 yards (90-M.Brown).,2.195,0.223
2017,1,September 7,home,Kansas City Chiefs,https://www.pro-football-reference.com/boxscores/201709070nwe.htm,2,01:01,2,3,NE 46,17,7,"(1:01) (No Huddle, Shotgun) 11-A.Smith pass incomplete deep right to 17-C.Conley.",2.419,-0.303
2017,1,September 7,home,Kansas City Chiefs,https://www.pro-football-reference.com/boxscores/201709070nwe.htm,2,00:57,3,3,NE 46,17,7,(:57) (Shotgun) 11-A.Smith pass short middle to 10-T.Hill to NE 34 for 12 yards (32-D.McCourty) [91-D.Wise].,2.115,0.845
2017,1,September 7,home,Kansas City Chiefs,https://www.pro-football-reference.com/boxscores/201709070nwe.htm,2,00:49,,,NE 34,17,7,Timeout #1 by KC at 00:49.,2.960,0.000
2017,1,September 7,home,Kansas City Chiefs,https://www.pro-football-reference.com/boxscores/201709070nwe.htm,2,00:49,1,10,NE 34,17,7,(:49) (Shotgun) 11-A.Smith pass short right to 35-C.West pushed ob at NE 30 for 4 yards (54-D.Hightower).,2.960,0.183
2017,1,September 7,home,Kansas City Chiefs,https://www.pro-football-reference.com/boxscores/201709070nwe.htm,2,00:45,2,6,NE 30,17,7,(:45) (Shotgun) 11-A.Smith pass short right to 12-A.Wilson pushed ob at NE 29 for 1 yard (21-M.Butler).,3.143,-0.147
2017,1,September 7,home,Kansas City Chiefs,https://www.pro-football-reference.com/boxscores/201709070nwe.htm,2,00:37,3,5,NE 29,17,7,(:37) (Shotgun) 11-A.Smith pass short right to 10-T.Hill ran ob at NE 21 for 8 yards.,2.996,0.734
2017,1,September 7,home,Kansas City Chiefs,https://www.pro-football-reference.com/boxscores/201709070nwe.htm,2,00:28,1,10,NE 21,17,7,"(:28) (Shotgun) 11-A.Smith pass incomplete deep left to 14-D.Robinson [91-D.Wise]. PENALTY on NE-21-M.Butler, Defensive Pass Interference, 20 yards, enforced at NE 21 - No Play.",3.730,2.311
2017,1,September 7,home,Kansas City Chiefs,https://www.pro-football-reference.com/boxscores/201709070nwe.htm,2,00:23,1,1,NE 1,17,7,(:23) (Shotgun) 11-A.Smith pass short right to 13-D.Thomas to NE 3 for -2 yards (32-D.McCourty).,6.041,-1.111
2017,1,September 7,home,Kansas City Chiefs,https://www.pro-football-reference.com/boxscores/201709070nwe.htm,2,00:17,,,NE 3,17,7,Timeout #2 by KC at 00:17.,4.930,0.000
2017,1,September 7,home,Kansas City Chiefs,https://www.pro-football-reference.com/boxscores/201709070nwe.htm,2,00:17,2,3,NE 3,17,13,"(:17) (Shotgun) 11-A.Smith pass short left to 27-K.Hunt for 3 yards, TOUCHDOWN.",4.930,2.070
2017,1,September 7,home,Kansas City Chiefs,https://www.pro-football-reference.com/boxscores/201709070nwe.htm,2,00:13,,,NE 15,17,14,"5-C.Santos extra point is GOOD, Center-41-J.Winchester, Holder-2-D.Colquitt.",0.932,0.068
2017,1,September 7,home,Kansas City Chiefs,https://www.pro-football-reference.com/boxscores/201709070nwe.htm,2,00:13,,,KC 35,17,14,5-C.Santos kicks 57 yards from KC 35 to NE 8. 33-D.Lewis to NE 18 for 10 yards (49-D.Sorensen).,0.069,-0.069
2017,1,September 7,home,Kansas City Chiefs,https://www.pro-football-reference.com/boxscores/201709070nwe.htm,2,00:08,1,10,NE 18,17,14,(:08) 12-T.Brady kneels to NE 17 for -1 yards.,0.000,0.000
2017,1,September 7,home,Kansas City Chiefs,https://www.pro-football-reference.com/boxscores/201709070nwe.htm,3,15:00,,,NE 35,17,14,"3-S.Gostkowski kicks 65 yards from NE 35 to end zone, Touchback.",0.651,0.000
2017,1,September 7,home,Kansas City Chiefs,https://www.pro-football-reference.com/boxscores/201709070nwe.htm,3,15:00,1,10,KC 25,17,14,(15:00) 27-K.Hunt up the middle to KC 35 for 10 yards (98-T.Flowers).,0.651,0.586
2017,1,September 7,home,Kansas City Chiefs,https://www.pro-football-reference.com/boxscores/201709070nwe.htm,3,14:23,1,10,KC 35,17,14,"(14:23) 27-K.Hunt right end pushed ob at NE 45 for 20 yards (32-D.McCourty). PENALTY on KC-70-B.Witzmann, Offensive Holding, 10 yards, enforced at KC 35 - No Play.",1.237,-0.875
2017,1,September 7,home,Kansas City Chiefs,https://www.pro-football-reference.com/boxscores/201709070nwe.htm,3,13:57,1,20,KC 25,17,14,(13:57) (Shotgun) 11-A.Smith pass short middle to 87-T.Kelce pushed ob at KC 32 for 7 yards (32-D.McCourty).,0.363,-0.008
2017,1,September 7,home,Kansas City Chiefs,https://www.pro-football-reference.com/boxscores/201709070nwe.htm,3,13:21,2,13,KC 32,17,14,"(13:21) 11-A.Smith pass short right to 27-K.Hunt to KC 40 for 8 yards (24-S.Gilmore, 32-D.McCourty).",0.354,0.260
2017,1,September 7,home,Kansas City Chiefs,https://www.pro-football-reference.com/boxscores/201709070nwe.htm,3,12:34,3,5,KC 40,17,14,(12:34) (Shotgun) 11-A.Smith pass short right to 10-T.Hill to KC 44 for 4 yards (21-M.Butler).,0.614,-0.826
2017,1,September 7,home,Kansas City Chiefs,https://www.pro-football-reference.com/boxscores/201709070nwe.htm,3,11:59,4,1,KC 44,17,14,"(11:59) 2-D.Colquitt punts 39 yards to NE 17, Center-41-J.Winchester, fair catch by 80-D.Amendola.",-0.211,-0.604
2017,1,September 7,home,Kansas City Chiefs,https://www.pro-football-reference.com/boxscores/201709070nwe.htm,3,11:53,1,10,NE 17,17,14,(11:53) 12-T.Brady pass incomplete deep left to 83-D.Allen [50-J.Houston].,0.815,-0.563
2017,1,September 7,home,Kansas City Chiefs,https://www.pro-football-reference.com/boxscores/201709070nwe.htm,3,11:46,2,10,NE 17,17,14,"(11:46) (Shotgun) 12-T.Brady pass short left to 80-D.Amendola to NE 25 for 8 yards (55-D.Ford). FUMBLES (55-D.Ford), recovered by NE-60-D.Andrews at NE 28.",0.253,1.324
2017,1,September 7,home,Kansas City Chiefs,https://www.pro-football-reference.com/boxscores/201709070nwe.htm,3,10:53,1,10,NE 28,17,14,(10:53) 35-M.Gillislee left tackle to NE 30 for 2 yards (97-A.Bailey).,1.577,-0.339
2017,1,September 7,home,Kansas City Chiefs,https://www.pro-football-reference.com/boxscores/201709070nwe.htm,3,10:23,2,8,NE 30,17,14,(10:23) 35-M.Gillislee right tackle to NE 26 for -4 yards (56-D.Johnson).,1.238,-1.412
2017,1,September 7,home,Kansas City Chiefs,https://www.pro-football-reference.com/boxscores/201709070nwe.htm,3,09:43,3,12,NE 26,17,14,(9:43) (Shotgun) 12-T.Brady pass incomplete deep left to 15-C.Hogan.,-0.175,-1.185
2017,1,September 7,home,Kansas City Chiefs,https://www.pro-football-reference.com/boxscores/201709070nwe.htm,3,09:37,4,12,NE 26,17,14,"(9:37) 6-R.Allen punts 35 yards to KC 39, Center-49-J.Cardona. 10-T.Hill MUFFS catch, and recovers at KC 40. 10-T.Hill to KC 40 for no gain (37-J.Richards). PENALTY on KC-49-D.Sorensen, Unsportsmanlike Conduct, 15 yards, enforced at KC 40.",-1.359,0.605
2017,1,September 7,home,Kansas City Chiefs,https://www.pro-football-reference.com/boxscores/201709070nwe.htm,3,09:28,1,10,KC 25,17,20,"(9:28) (Shotgun) 11-A.Smith pass deep right to 10-T.Hill for 75 yards, TOUCHDOWN.",0.754,6.246
2017,1,September 7,home,Kansas City Chiefs,https://www.pro-football-reference.com/boxscores/201709070nwe.htm,3,09:19,,,NE 15,17,21,"5-C.Santos extra point is GOOD, Center-41-J.Winchester, Holder-2-D.Colquitt.",0.932,0.068
2017,1,September 7,home,Kansas City Chiefs,https://www.pro-football-reference.com/boxscores/201709070nwe.htm,3,09:19,,,KC 35,17,21,"5-C.Santos kicks 65 yards from KC 35 to end zone, Touchback.",1.438,0.000
2017,1,September 7,home,Kansas City Chiefs,https://www.pro-football-reference.com/boxscores/201709070nwe.htm,3,09:19,1,10,NE 25,17,21,(9:19) (Shotgun) 12-T.Brady pass incomplete deep right to 15-C.Hogan.,1.438,-0.544
2017,1,September 7,home,Kansas City Chiefs,https://www.pro-football-reference.com/boxscores/201709070nwe.htm,3,09:13,2,10,NE 25,17,21,(9:13) 35-M.Gillislee up the middle to NE 29 for 4 yards (96-B.Logan).,0.894,-0.257
2017,1,September 7,home,Kansas City Chiefs,https://www.pro-football-reference.com/boxscores/201709070nwe.htm,3,08:33,3,6,NE 29,17,21,(8:33) (Shotgun) 12-T.Brady pass short left to 87-R.Gronkowski to NE 46 for 17 yards (29-E.Berry).,0.637,2.154
2017,1,September 7,home,Kansas City Chiefs,https://www.pro-football-reference.com/boxscores/201709070nwe.htm,3,08:02,1,10,NE 46,17,21,(8:02) 12-T.Brady pass incomplete short middle to 28-J.White [50-J.Houston]. flea flicker,2.791,-0.466
2017,1,September 7,home,Kansas City Chiefs,https://www.pro-football-reference.com/boxscores/201709070nwe.htm,3,07:55,2,10,NE 46,17,21,(7:55) (Shotgun) 33-D.Lewis up the middle to KC 49 for 5 yards (49-D.Sorensen).,2.325,-0.374
2017,1,September 7,home,Kansas City Chiefs,https://www.pro-football-reference.com/boxscores/201709070nwe.htm,3,07:22,3,5,KC 49,17,21,(7:22) (Shotgun) 12-T.Brady pass incomplete short right to 80-D.Amendola.,1.951,-1.647
2017,1,September 7,home,Kansas City Chiefs,https://www.pro-football-reference.com/boxscores/201709070nwe.htm,3,07:14,4,5,KC 49,17,21,"(7:14) 6-R.Allen punts 35 yards to KC 14, Center-49-J.Cardona, out of bounds.",0.304,-0.163
2017,1,September 7,home,Kansas City Chiefs,https://www.pro-football-reference.com/boxscores/201709070nwe.htm,3,07:08,1,10,KC 14,17,21,"(7:08) 27-K.Hunt up the middle to KC 15 for 1 yard (98-T.Flowers, 45-D.Harris). NE-54-D.Hightower was injured during the play. His return is Questionable.",-0.142,-0.466
2017,1,September 7,home,Kansas City Chiefs,https://www.pro-football-reference.com/boxscores/201709070nwe.htm,3,06:40,2,9,KC 15,17,21,(6:40) (Shotgun) 11-A.Smith pass incomplete deep left to 87-T.Kelce (32-D.McCourty).,-0.608,-0.715
2017,1,September 7,home,Kansas City Chiefs,https://www.pro-football-reference.com/boxscores/201709070nwe.htm,3,06:33,3,9,KC 15,17,21,(6:33) (Shotgun) 11-A.Smith pass incomplete short right to 17-C.Conley (24-S.Gilmore).,-1.323,-1.257
2017,1,September 7,home,Kansas City Chiefs,https://www.pro-football-reference.com/boxscores/201709070nwe.htm,3,06:29,4,9,KC 15,17,21,"(6:29) 2-D.Colquitt punts 39 yards to NE 46, Center-41-J.Winchester, fair catch by 80-D.Amendola.",-2.581,-0.189
2017,1,September 7,home,Kansas City Chiefs,https://www.pro-football-reference.com/boxscores/201709070nwe.htm,3,06:22,1,10,NE 46,17,21,"(6:22) (Shotgun) 12-T.Brady pass incomplete short left to 87-R.Gronkowski. PENALTY on KC-39-T.Mitchell, Defensive Holding, 5 yards, enforced at NE 46 - No Play.",2.770,0.241
2017,1,September 7,home,Kansas City Chiefs,https://www.pro-football-reference.com/boxscores/201709070nwe.htm,3,06:18,1,10,KC 49,17,21,(6:18) (Shotgun) 12-T.Brady pass short left to 80-D.Amendola to KC 27 for 22 yards (23-P.Gaines). NE-80 Amendola 8th career 100-yard game.,3.011,1.268
2017,1,September 7,home,Kansas City Chiefs,https://www.pro-football-reference.com/boxscores/201709070nwe.htm,3,05:40,1,10,KC 27,17,21,"(5:40) (No Huddle, Shotgun) 12-T.Brady pass incomplete deep left to 14-B.Cooks. PENALTY on KC-39-T.Mitchell, Defensive Pass Interference, 26 yards, enforced at KC 27 - No Play.",4.279,2.172
2017,1,September 7,home,Kansas City Chiefs,https://www.pro-football-reference.com/boxscores/201709070nwe.htm,3,05:35,1,1,KC 1,17,21,(5:35) 77-N.Solder reported in as eligible.  35-M.Gillislee right guard to KC 1 for no gain (97-A.Bailey; 98-R.Miller).,6.451,-0.275
2017,1,September 7,home,Kansas City Chiefs,https://www.pro-football-reference.com/boxscores/201709070nwe.htm,3,05:03,2,1,KC 1,23,21,"(5:03) 77-N.Solder reported in as eligible.  35-M.Gillislee right guard for 1 yard, TOUCHDOWN.",6.177,0.823
2017,1,September 7,home,Kansas City Chiefs,https://www.pro-football-reference.com/boxscores/201709070nwe.htm,3,05:01,,,KC 15,24,21,"3-S.Gostkowski extra point is GOOD, Center-49-J.Cardona, Holder-6-R.Allen.",0.932,0.068
2017,1,September 7,home,Kansas City Chiefs,https://www.pro-football-reference.com/boxscores/201709070nwe.htm,3,05:01,,,NE 35,24,21,3-S.Gostkowski kicks 66 yards from NE 35 to KC -1. 13-D.Thomas to KC 13 for 14 yards (31-J.Jones).,0.713,-0.931
2017,1,September 7,home,Kansas City Chiefs,https://www.pro-football-reference.com/boxscores/201709070nwe.htm,3,04:56,1,10,KC 13,24,21,"(4:56) (Shotgun) 11-A.Smith pass short middle to 87-T.Kelce to KC 21 for 8 yards (93-L.Guy). Shovel pass. PENALTY on KC-87-T.Kelce, Unsportsmanlike Conduct, 10 yards, enforced at KC 21.",-0.218,-0.984
2017,1,September 7,home,Kansas City Chiefs,https://www.pro-football-reference.com/boxscores/201709070nwe.htm,3,04:21,2,12,KC 11,24,21,(4:21) (Shotgun) 27-K.Hunt up the middle to KC 12 for 1 yard (90-M.Brown).,-1.202,-0.460
2017,1,September 7,home,Kansas City Chiefs,https://www.pro-football-reference.com/boxscores/201709070nwe.htm,3,03:35,3,11,KC 12,24,21,"(3:35) (Shotgun) 11-A.Smith sacked at KC 11 for -1 yards (98-T.Flowers). Penalty on KC-76-L.Duvernay-Tardif, Offensive Holding, declined.",-1.662,-1.163
2017,1,September 7,home,Kansas City Chiefs,https://www.pro-football-reference.com/boxscores/201709070nwe.htm,3,03:22,4,12,KC 11,24,21,"(3:22) 2-D.Colquitt punts 36 yards to KC 47, Center-41-J.Winchester. 80-D.Amendola to KC 44 for 3 yards (48-T.Smith). PENALTY on NE-38-B.Bolden, Running Into the Kicker, 5 yards, enforced at KC 11 - No Play.",-2.825,0.378
2017,1,September 7,home,Kansas City Chiefs,https://www.pro-football-reference.com/boxscores/201709070nwe.htm,3,03:13,4,7,KC 16,24,21,"(3:13) 2-D.Colquitt punts 49 yards to NE 35, Center-41-J.Winchester. 80-D.Amendola to NE 37 for 2 yards (80-J.Chesson). PENALTY on NE-55-C.Marsh, Running Into the Kicker, 5 yards, enforced at KC 16 - No Play.",-2.447,0.443
2017,1,September 7,home,Kansas City Chiefs,https://www.pro-football-reference.com/boxscores/201709070nwe.htm,3,03:03,4,2,KC 21,24,21,"(3:03) 2-D.Colquitt punts 59 yards to NE 20, Center-41-J.Winchester. 80-D.Amendola ran ob at NE 28 for 8 yards.",-2.004,0.525
2017,1,September 7,home,Kansas City Chiefs,https://www.pro-football-reference.com/boxscores/201709070nwe.htm,3,02:50,1,10,NE 28,24,21,"(2:50) (Shotgun) 12-T.Brady pass deep left to 14-B.Cooks to KC 18 for 54 yards (39-T.Mitchell). Penalty on KC-23-P.Gaines, Defensive Holding, declined.",1.479,3.358
2017,1,September 7,home,Kansas City Chiefs,https://www.pro-football-reference.com/boxscores/201709070nwe.htm,3,02:31,1,10,KC 18,24,21,(2:31) 28-J.White left tackle to KC 11 for 7 yards (49-D.Sorensen).,4.837,0.258
2017,1,September 7,home,Kansas City Chiefs,https://www.pro-football-reference.com/boxscores/201709070nwe.htm,3,02:00,2,3,KC 11,24,21,(2:00) (No Huddle) 28-J.White left guard to KC 7 for 4 yards (56-D.Johnson).,5.095,0.427
2017,1,September 7,home,Kansas City Chiefs,https://www.pro-football-reference.com/boxscores/201709070nwe.htm,3,01:36,1,7,KC 7,24,21,(1:36) (No Huddle) 28-J.White left tackle to KC 4 for 3 yards (97-A.Bailey).,5.522,0.009
2017,1,September 7,home,Kansas City Chiefs,https://www.pro-football-reference.com/boxscores/201709070nwe.htm,3,00:57,2,4,KC 4,24,21,(:57) 28-J.White left end to KC 10 for -6 yards (56-D.Johnson).,5.531,-1.564
2017,1,September 7,home,Kansas City Chiefs,https://www.pro-football-reference.com/boxscores/201709070nwe.htm,3,00:20,3,10,KC 10,24,21,"(:20) (Shotgun) 12-T.Brady scrambles right tackle to KC 9 for 1 yard. 12-T.Brady pass short left to 28-J.White for 9 yards, TOUCHDOWN NULLIFIED by Penalty. PENALTY on NE-12-T.Brady, Illegal Forward Pass, 5 yards, enforced at KC 9.",3.966,-1.200
2017,1,September 7,home,Kansas City Chiefs,https://www.pro-football-reference.com/boxscores/201709070nwe.htm,3,00:12,4,14,KC 14,27,21,"(:12) 3-S.Gostkowski 32 yard field goal is GOOD, Center-49-J.Cardona, Holder-6-R.Allen.",2.766,0.234
2017,1,September 7,home,Kansas City Chiefs,https://www.pro-football-reference.com/boxscores/201709070nwe.htm,3,00:09,,,NE 35,27,21,3-S.Gostkowski kicks 67 yards from NE 35 to KC -2. 13-D.Thomas to KC 10 for 12 yards (29-J.Bademosi).,0.746,-1.110
2017,1,September 7,home,Kansas City Chiefs,https://www.pro-football-reference.com/boxscores/201709070nwe.htm,3,00:04,1,10,KC 10,27,21,"(:04) (Shotgun) PENALTY on KC-70-B.Witzmann, False Start, 5 yards, enforced at KC 10 - No Play.",-0.363,-0.869
2017,1,September 7,home,Kansas City Chiefs,https://www.pro-football-reference.com/boxscores/201709070nwe.htm,3,00:04,1,15,KC 5,27,21,(:04) (Shotgun) 27-K.Hunt up the middle to KC 18 for 13 yards (23-P.Chung).,-1.232,1.445
2017,1,September 7,home,Kansas City Chiefs,https://www.pro-football-reference.com/boxscores/201709070nwe.htm,4,15:00,2,2,KC 18,27,21,(15:00) (Shotgun) 11-A.Smith pass short middle to 87-T.Kelce to KC 22 for 4 yards (90-M.Brown; 37-J.Richards). shovel pass,0.213,0.189
2017,1,September 7,home,Kansas City Chiefs,https://www.pro-football-reference.com/boxscores/201709070nwe.htm,4,14:19,1,10,KC 22,27,27,"(14:19) (Shotgun) 11-A.Smith pass deep right to 27-K.Hunt for 78 yards, TOUCHDOWN.",0.401,6.599
2017,1,September 7,home,Kansas City Chiefs,https://www.pro-football-reference.com/boxscores/201709070nwe.htm,4,14:07,,,NE 15,27,28,"5-C.Santos extra point is GOOD, Center-41-J.Winchester, Holder-2-D.Colquitt.",0.932,0.068
2017,1,September 7,home,Kansas City Chiefs,https://www.pro-football-reference.com/boxscores/201709070nwe.htm,4,14:07,,,KC 35,27,28,"5-C.Santos kicks 65 yards from KC 35 to end zone, Touchback.",1.340,0.000
2017,1,September 7,home,Kansas City Chiefs,https://www.pro-football-reference.com/boxscores/201709070nwe.htm,4,14:07,1,10,NE 25,27,28,(14:07) (Shotgun) 12-T.Brady pass short left to 28-J.White to KC 49 for 26 yards (38-R.Parker).,1.340,1.586
2017,1,September 7,home,Kansas City Chiefs,https://www.pro-football-reference.com/boxscores/201709070nwe.htm,4,13:34,1,10,KC 49,27,28,"(13:34) (Shotgun) 12-T.Brady pass short left to 15-C.Hogan to KC 41 for 8 yards (38-R.Parker, 56-D.Johnson).",2.926,0.472
2017,1,September 7,home,Kansas City Chiefs,https://www.pro-football-reference.com/boxscores/201709070nwe.htm,4,13:02,2,2,KC 41,27,28,(13:02) (Shotgun) 12-T.Brady pass incomplete short left to 14-B.Cooks.,3.398,-0.644
2017,1,September 7,home,Kansas City Chiefs,https://www.pro-football-reference.com/boxscores/201709070nwe.htm,4,12:56,3,2,KC 41,27,28,"(12:56) (Shotgun) 12-T.Brady pass short right to 28-J.White to KC 40 for 1 yard (22-M.Peters, 29-E.Berry). measurement",2.754,-1.290
2017,1,September 7,home,Kansas City Chiefs,https://www.pro-football-reference.com/boxscores/201709070nwe.htm,4,12:29,4,1,KC 40,27,28,(12:29) 77-N.Solder reported in as eligible.  35-M.Gillislee up the middle to KC 40 for no gain (51-F.Zombo; 50-J.Houston).,1.463,-3.135
2017,1,September 7,home,Kansas City Chiefs,https://www.pro-football-reference.com/boxscores/201709070nwe.htm,4,12:21,1,10,KC 40,27,28,(12:21) (Shotgun) 11-A.Smith pass incomplete deep left to 10-T.Hill.,1.672,-0.473
2017,1,September 7,home,Kansas City Chiefs,https://www.pro-football-reference.com/boxscores/201709070nwe.htm,4,12:16,2,10,KC 40,27,28,(12:16) (Shotgun) 11-A.Smith right guard to KC 42 for 2 yards (55-C.Marsh).,1.199,-0.617
2017,1,September 7,home,Kansas City Chiefs,https://www.pro-football-reference.com/boxscores/201709070nwe.htm,4,11:36,3,8,KC 42,27,28,(11:36) (Shotgun) 11-A.Smith pass short left to 87-T.Kelce to KC 49 for 7 yards (32-D.McCourty).,0.582,-0.305
2017,1,September 7,home,Kansas City Chiefs,https://www.pro-football-reference.com/boxscores/201709070nwe.htm,4,10:46,4,1,KC 49,27,28,"(10:46) (Run formation) 73-Z.Fulton reported in as eligible.  PENALTY on KC-11-A.Smith, Delay of Game, 5 yards, enforced at KC 49 - No Play.",0.277,-0.930
2017,1,September 7,home,Kansas City Chiefs,https://www.pro-football-reference.com/boxscores/201709070nwe.htm,4,10:37,4,6,KC 44,27,28,"(10:37) 2-D.Colquitt punts 43 yards to NE 13, Center-41-J.Winchester, fair catch by 23-P.Chung.",-0.653,0.194
2017,1,September 7,home,Kansas City Chiefs,https://www.pro-football-reference.com/boxscores/201709070nwe.htm,4,10:28,1,10,NE 13,27,28,(10:28) 34-R.Burkhead up the middle to NE 15 for 2 yards (96-B.Logan).,0.459,-0.363
2017,1,September 7,home,Kansas City Chiefs,https://www.pro-football-reference.com/boxscores/201709070nwe.htm,4,10:00,2,8,NE 15,27,28,(10:00) 34-R.Burkhead left end to NE 29 for 14 yards (21-E.Murray; 39-T.Mitchell).,0.096,1.488
2017,1,September 7,home,Kansas City Chiefs,https://www.pro-football-reference.com/boxscores/201709070nwe.htm,4,09:26,1,10,NE 29,27,28,(9:26) (Shotgun) 12-T.Brady pass incomplete deep right to 15-C.Hogan.,1.584,-0.495
2017,1,September 7,home,Kansas City Chiefs,https://www.pro-football-reference.com/boxscores/201709070nwe.htm,4,09:20,2,10,NE 29,27,28,(9:20) (Shotgun) 12-T.Brady pass incomplete deep left to 87-R.Gronkowski.,1.088,-0.682
2017,1,September 7,home,Kansas City Chiefs,https://www.pro-football-reference.com/boxscores/201709070nwe.htm,4,09:11,3,10,NE 29,27,28,(9:11) (Shotgun) 12-T.Brady pass incomplete short left to 14-B.Cooks.,0.407,-1.318
2017,1,September 7,home,Kansas City Chiefs,https://www.pro-football-reference.com/boxscores/201709070nwe.htm,4,09:06,4,10,NE 29,27,28,"(9:06) 6-R.Allen punts 38 yards to KC 33, Center-49-J.Cardona. 10-T.Hill ran ob at KC 40 for 7 yards.",-0.911,-0.886
2017,1,September 7,home,Kansas City Chiefs,https://www.pro-football-reference.com/boxscores/201709070nwe.htm,4,08:55,1,10,KC 40,27,28,(8:55) (Shotgun) 11-A.Smith pass short right to 10-T.Hill pushed ob at KC 49 for 9 yards (32-D.McCourty).,1.797,0.810
2017,1,September 7,home,Kansas City Chiefs,https://www.pro-football-reference.com/boxscores/201709070nwe.htm,4,08:20,2,1,KC 49,27,28,(8:20) (Shotgun) 27-K.Hunt right tackle to NE 44 for 7 yards (53-K.Van Noy; 93-L.Guy).,2.607,0.329
2017,1,September 7,home,Kansas City Chiefs,https://www.pro-football-reference.com/boxscores/201709070nwe.htm,4,07:36,1,10,NE 44,27,28,(7:36) (Shotgun) 11-A.Smith pass short right to 27-K.Hunt to NE 40 for 4 yards (24-S.Gilmore).,2.936,0.011
2017,1,September 7,home,Kansas City Chiefs,https://www.pro-football-reference.com/boxscores/201709070nwe.htm,4,06:51,2,6,NE 40,27,28,(6:51) (Shotgun) 11-A.Smith pass deep left to 17-C.Conley pushed ob at NE 15 for 25 yards (21-M.Butler).,2.947,1.798
2017,1,September 7,home,Kansas City Chiefs,https://www.pro-football-reference.com/boxscores/201709070nwe.htm,4,06:14,1,10,NE 15,27,28,(6:14) (Shotgun) 11-A.Smith pass incomplete short right to 87-T.Kelce.,4.745,-0.417
2017,1,September 7,home,Kansas City Chiefs,https://www.pro-football-reference.com/boxscores/201709070nwe.htm,4,06:06,2,10,NE 15,27,28,(6:06) (Shotgun) 11-A.Smith pass short left to 12-A.Wilson to NE 4 for 11 yards (93-L.Guy).,4.328,1.448
2017,1,September 7,home,Kansas City Chiefs,https://www.pro-football-reference.com/boxscores/201709070nwe.htm,4,05:19,,,NE 4,27,28,Timeout #1 by KC at 05:19.,5.775,0.000
2017,1,September 7,home,Kansas City Chiefs,https://www.pro-football-reference.com/boxscores/201709070nwe.htm,4,05:19,1,4,NE 4,27,34,"(5:19) (Shotgun) 27-K.Hunt right end for 4 yards, TOUCHDOWN.",5.775,1.225
2017,1,September 7,home,Kansas City Chiefs,https://www.pro-football-reference.com/boxscores/201709070nwe.htm,4,05:14,,,NE 15,27,35,"5-C.Santos extra point is GOOD, Center-41-J.Winchester, Holder-2-D.Colquitt.",0.932,0.068
2017,1,September 7,home,Kansas City Chiefs,https://www.pro-football-reference.com/boxscores/201709070nwe.htm,4,05:14,,,KC 35,27,35,"5-C.Santos kicks 65 yards from KC 35 to end zone, Touchback.",1.018,0.000
2017,1,September 7,home,Kansas City Chiefs,https://www.pro-football-reference.com/boxscores/201709070nwe.htm,4,05:14,1,10,NE 25,27,35,(5:14) (Shotgun) 12-T.Brady sacked at NE 18 for -7 yards (50-J.Houston). KC-29-E.Berry was injured during the play.,1.018,-1.242
2017,1,September 7,home,Kansas City Chiefs,https://www.pro-football-reference.com/boxscores/201709070nwe.htm,4,04:47,2,17,NE 18,27,35,(4:47) (Shotgun) 12-T.Brady pass incomplete deep middle to 13-P.Dorsett [55-D.Ford].,-0.224,-0.606
2017,1,September 7,home,Kansas City Chiefs,https://www.pro-football-reference.com/boxscores/201709070nwe.htm,4,04:38,3,17,NE 18,27,35,(4:38) (Shotgun) 12-T.Brady pass incomplete deep left to 14-B.Cooks (39-T.Mitchell).,-0.830,-0.703
2017,1,September 7,home,Kansas City Chiefs,https://www.pro-football-reference.com/boxscores/201709070nwe.htm,4,04:31,4,17,NE 18,27,35,"(4:31) 6-R.Allen punts 54 yards to KC 28, Center-49-J.Cardona. 13-D.Thomas to KC 31 for 3 yards (36-B.King; 49-J.Cardona). PENALTY on KC-51-F.Zombo, Illegal Block Above the Waist, 10 yards, enforced at KC 31.",-1.533,0.987
2017,1,September 7,home,Kansas City Chiefs,https://www.pro-football-reference.com/boxscores/201709070nwe.htm,4,04:15,1,10,KC 21,27,35,(4:15) (Shotgun) 27-K.Hunt left end pushed ob at NE 21 for 58 yards (32-D.McCourty).,0.545,3.663
2017,1,September 7,home,Kansas City Chiefs,https://www.pro-football-reference.com/boxscores/201709070nwe.htm,4,04:05,1,10,NE 21,27,41,"(4:05) 35-C.West right guard for 21 yards, TOUCHDOWN.",4.208,2.792
2017,1,September 7,home,Kansas City Chiefs,https://www.pro-football-reference.com/boxscores/201709070nwe.htm,4,04:00,,,NE 15,27,42,"5-C.Santos extra point is GOOD, Center-41-J.Winchester, Holder-2-D.Colquitt.",0.932,0.068
2017,1,September 7,home,Kansas City Chiefs,https://www.pro-football-reference.com/boxscores/201709070nwe.htm,4,04:00,,,KC 35,27,42,5-C.Santos kicks 64 yards from KC 35 to NE 1. 33-D.Lewis to NE 14 for 13 yards (45-U.Eligwe).,0.975,-0.548
2017,1,September 7,home,Kansas City Chiefs,https://www.pro-football-reference.com/boxscores/201709070nwe.htm,4,03:56,1,10,NE 14,27,42,(3:56) (Shotgun) 12-T.Brady sacked at NE 6 for -8 yards (97-A.Bailey).,0.426,-1.145
2017,1,September 7,home,Kansas City Chiefs,https://www.pro-football-reference.com/boxscores/201709070nwe.htm,4,03:30,2,18,NE 6,27,42,"(3:30) (No Huddle, Shotgun) 12-T.Brady sacked at NE 1 for -5 yards (50-J.Houston).",-0.718,-0.833
2017,1,September 7,home,Kansas City Chiefs,https://www.pro-football-reference.com/boxscores/201709070nwe.htm,4,02:58,3,23,NE 1,27,42,(2:58) (Shotgun) 12-T.Brady pass incomplete short right to 28-J.White.,-1.552,-0.482
2017,1,September 7,home,Kansas City Chiefs,https://www.pro-football-reference.com/boxscores/201709070nwe.htm,4,02:54,4,23,NE 1,27,42,"(2:54) 6-R.Allen punts 41 yards to NE 42, Center-49-J.Cardona, out of bounds.",-2.033,-0.517
2017,1,September 7,home,Kansas City Chiefs,https://www.pro-football-reference.com/boxscores/201709070nwe.htm,4,02:44,1,10,NE 42,27,42,(2:44) 27-K.Hunt right tackle to NE 40 for 2 yards (53-K.Van Noy).,2.551,-0.360
2017,1,September 7,home,Kansas City Chiefs,https://www.pro-football-reference.com/boxscores/201709070nwe.htm,4,02:37,,,NE 40,27,42,Timeout #1 by NE at 02:37.,2.191,0.000
2017,1,September 7,home,Kansas City Chiefs,https://www.pro-football-reference.com/boxscores/201709070nwe.htm,4,02:37,2,8,NE 40,27,42,(2:37) 27-K.Hunt right tackle to NE 38 for 2 yards (97-A.Branch).,2.191,-0.403
2017,1,September 7,home,Kansas City Chiefs,https://www.pro-football-reference.com/boxscores/201709070nwe.htm,4,02:32,,,NE 38,27,42,Timeout #2 by NE at 02:32.,1.788,0.000
2017,1,September 7,home,Kansas City Chiefs,https://www.pro-football-reference.com/boxscores/201709070nwe.htm,4,02:32,3,6,NE 38,27,42,"(2:32) PENALTY on NE, Defensive 12 On-field, 5 yards, enforced at NE 38 - No Play.",1.788,0.914
2017,1,September 7,home,Kansas City Chiefs,https://www.pro-football-reference.com/boxscores/201709070nwe.htm,4,02:32,3,1,NE 33,27,42,(2:32) 27-K.Hunt up the middle to NE 30 for 3 yards (90-M.Brown).,2.702,0.554
2017,1,September 7,home,Kansas City Chiefs,https://www.pro-football-reference.com/boxscores/201709070nwe.htm,4,02:00,1,10,NE 30,27,42,(2:00) 11-A.Smith kneels to NE 32 for -2 yards.,3.256,-0.514
2017,1,September 7,home,Kansas City Chiefs,https://www.pro-football-reference.com/boxscores/201709070nwe.htm,4,01:20,2,12,NE 32,27,42,(1:20) 11-A.Smith kneels to NE 35 for -3 yards.,2.743,-0.716
2017,1,September 7,home,Kansas City Chiefs,https://www.pro-football-reference.com/boxscores/201709070nwe.htm,4,00:39,3,15,NE 35,27,42,(:39) 11-A.Smith kneels to NE 36 for -1 yards.,2.027,-2.027
2017,2,September 17,away,New Orleans Saints,https://www.pro-football-reference.com/boxscores/201709170nor.htm,1,15:00,,,NO 35,0,0,"3-W.Lutz kicks 65 yards from NO 35 to end zone, Touchback.",0.840,0.000
2017,2,September 17,away,New Orleans Saints,https://www.pro-football-reference.com/boxscores/201709170nor.htm,1,15:00,1,10,NE 25,0,0,"(15:00) (Shotgun) 12-T.Brady pass short left to 34-R.Burkhead to NE 29 for 4 yards (23-M.Lattimore). Pass 3, YAC 1",0.840,-0.043
2017,2,September 17,away,New Orleans Saints,https://www.pro-football-reference.com/boxscores/201709170nor.htm,1,14:28,2,6,NE 29,0,0,(14:28) 34-R.Burkhead left end to NE 30 for 1 yard (51-M.Te'o).,0.796,-0.729
2017,2,September 17,away,New Orleans Saints,https://www.pro-football-reference.com/boxscores/201709170nor.htm,1,13:54,3,5,NE 30,0,0,"(13:54) (Shotgun) 12-T.Brady pass short left to 28-J.White pushed ob at NE 42 for 12 yards (43-M.Williams). Pass 1, YAC 11",0.068,1.846
2017,2,September 17,away,New Orleans Saints,https://www.pro-football-reference.com/boxscores/201709170nor.htm,1,13:27,1,10,NE 42,0,0,(13:27) (Shotgun) 12-T.Brady pass incomplete short left to 14-B.Cooks (23-M.Lattimore) [57-A.Okafor].,1.914,-0.493
2017,2,September 17,away,New Orleans Saints,https://www.pro-football-reference.com/boxscores/201709170nor.htm,1,13:23,2,10,NE 42,0,0,(13:23) (Shotgun) 12-T.Brady pass short middle to 28-J.White to NE 44 for 2 yards (26-P.Williams).,1.421,-0.707
2017,2,September 17,away,New Orleans Saints,https://www.pro-football-reference.com/boxscores/201709170nor.htm,1,12:46,3,8,NE 44,0,0,"(12:46) (Shotgun) 12-T.Brady pass short middle to 87-R.Gronkowski to NO 44 for 12 yards (32-K.Vaccaro). Pass 9, YAC 3",0.714,2.246
2017,2,September 17,away,New Orleans Saints,https://www.pro-football-reference.com/boxscores/201709170nor.htm,1,12:08,1,10,NO 44,0,0,(12:08) 34-R.Burkhead left end to NO 42 for 2 yards (57-A.Okafor).,2.960,-0.403
2017,2,September 17,away,New Orleans Saints,https://www.pro-football-reference.com/boxscores/201709170nor.htm,1,11:36,2,8,NO 42,0,0,(11:36) 14-B.Cooks left end pushed ob at NO 29 for 13 yards (26-P.Williams).,2.557,1.560
2017,2,September 17,away,New Orleans Saints,https://www.pro-football-reference.com/boxscores/201709170nor.htm,1,11:04,1,10,NO 29,0,0,"(11:04) (Shotgun) 12-T.Brady pass short left to 28-J.White pushed ob at NO 19 for 10 yards (24-S.Moore). Pass 2, YAC 8",4.116,0.534
2017,2,September 17,away,New Orleans Saints,https://www.pro-football-reference.com/boxscores/201709170nor.htm,1,10:37,1,10,NO 19,6,0,"(10:37) (Shotgun) 12-T.Brady pass deep right to 34-R.Burkhead for 19 yards, TOUCHDOWN [91-T.Hendrickson].",4.651,2.349
2017,2,September 17,away,New Orleans Saints,https://www.pro-football-reference.com/boxscores/201709170nor.htm,1,10:31,,,NO 15,6,0,"3-S.Gostkowski extra point is No Good, Hit Left Upright, Center-49-J.Cardona, Holder-6-R.Allen.",0.949,-0.949
2017,2,September 17,away,New Orleans Saints,https://www.pro-football-reference.com/boxscores/201709170nor.htm,1,10:31,,,NE 35,6,0,"3-S.Gostkowski kicks 58 yards from NE 35 to NO 7. 33-T.Edmunds pushed ob at NO 23 for 16 yards (59-M.Flowers). PENALTY on NE-48-H.Langi, Face Mask (15 Yards), 15 yards, enforced at NO 23.",1.740,0.695
2017,2,September 17,away,New Orleans Saints,https://www.pro-football-reference.com/boxscores/201709170nor.htm,1,10:27,1,10,NO 38,6,0,(10:27) 22-M.Ingram left end to NO 44 for 6 yards (53-K.Van Noy).,2.434,0.191
2017,2,September 17,away,New Orleans Saints,https://www.pro-football-reference.com/boxscores/201709170nor.htm,1,09:55,2,4,NO 44,6,0,"(9:55) (Shotgun) 9-D.Brees pass short left to 13-M.Thomas pushed ob at NE 47 for 9 yards (25-E.Rowe). Pass 8, YAC 1",2.625,0.688
2017,2,September 17,away,New Orleans Saints,https://www.pro-football-reference.com/boxscores/201709170nor.htm,1,09:34,1,10,NE 47,6,0,"(9:34) (Shotgun) 9-D.Brees pass short right to 11-T.Lewis pushed ob at NE 31 for 16 yards (52-E.Roberts). Pass 1, YAC 15",3.313,0.918
2017,2,September 17,away,New Orleans Saints,https://www.pro-football-reference.com/boxscores/201709170nor.htm,1,09:10,1,10,NE 31,6,0,(9:10) 22-M.Ingram right end to NE 30 for 1 yard (90-M.Brown; 93-L.Guy).,4.231,-0.393
2017,2,September 17,away,New Orleans Saints,https://www.pro-football-reference.com/boxscores/201709170nor.htm,1,08:33,2,9,NE 30,6,0,(8:33) 28-A.Peterson right tackle to NE 28 for 2 yards (93-L.Guy).,3.838,-0.400
2017,2,September 17,away,New Orleans Saints,https://www.pro-football-reference.com/boxscores/201709170nor.htm,1,07:49,3,7,NE 28,6,0,(7:49) (Shotgun) 9-D.Brees pass incomplete deep left to 11-T.Lewis.,3.438,-1.727
2017,2,September 17,away,New Orleans Saints,https://www.pro-football-reference.com/boxscores/201709170nor.htm,1,07:43,4,7,NE 28,6,3,"(7:43) 3-W.Lutz 46 yard field goal is GOOD, Center-49-Z.Wood, Holder-6-T.Morstead.",1.711,1.289
2017,2,September 17,away,New Orleans Saints,https://www.pro-football-reference.com/boxscores/201709170nor.htm,1,07:38,,,NO 35,6,3,"3-W.Lutz kicks 65 yards from NO 35 to end zone, Touchback.",0.901,0.000
2017,2,September 17,away,New Orleans Saints,https://www.pro-football-reference.com/boxscores/201709170nor.htm,1,07:38,1,10,NE 25,6,3,(7:38) 12-T.Brady pass incomplete short left to 14-B.Cooks (23-M.Lattimore).,0.901,-0.595
2017,2,September 17,away,New Orleans Saints,https://www.pro-football-reference.com/boxscores/201709170nor.htm,1,07:34,2,10,NE 25,6,3,"(7:34) 12-T.Brady pass short right to 34-R.Burkhead to NE 43 for 18 yards (53-A.Klein). Pass -3, YAC 21",0.306,1.702
2017,2,September 17,away,New Orleans Saints,https://www.pro-football-reference.com/boxscores/201709170nor.htm,1,06:54,1,10,NE 43,6,3,(6:54) 35-M.Gillislee left guard to NE 48 for 5 yards (91-T.Hendrickson; 26-P.Williams).,2.008,0.179
2017,2,September 17,away,New Orleans Saints,https://www.pro-football-reference.com/boxscores/201709170nor.htm,1,06:19,2,5,NE 48,6,3,(6:19) 35-M.Gillislee left guard to NE 47 for -1 yards (94-C.Jordan).,2.187,-1.066
2017,2,September 17,away,New Orleans Saints,https://www.pro-football-reference.com/boxscores/201709170nor.htm,1,05:42,3,6,NE 47,12,3,"(5:42) (Shotgun) 12-T.Brady pass deep right to 87-R.Gronkowski for 53 yards, TOUCHDOWN. Pass 17, YAC 36",1.121,5.879
2017,2,September 17,away,New Orleans Saints,https://www.pro-football-reference.com/boxscores/201709170nor.htm,1,05:29,,,NO 15,13,3,"3-S.Gostkowski extra point is GOOD, Center-49-J.Cardona, Holder-6-R.Allen.",0.949,0.051
2017,2,September 17,away,New Orleans Saints,https://www.pro-football-reference.com/boxscores/201709170nor.htm,1,05:29,,,NE 35,13,3,3-S.Gostkowski kicks 64 yards from NE 35 to NO 1. 33-T.Edmunds to NO 28 for 27 yards (25-E.Rowe).,1.690,0.106
2017,2,September 17,away,New Orleans Saints,https://www.pro-football-reference.com/boxscores/201709170nor.htm,1,05:23,1,10,NO 28,13,3,"(5:23) 9-D.Brees pass incomplete short right to 28-A.Peterson. PENALTY on NO-71-R.Ramczyk, Offensive Holding, 10 yards, enforced at NO 28 - No Play.",1.796,-1.186
2017,2,September 17,away,New Orleans Saints,https://www.pro-football-reference.com/boxscores/201709170nor.htm,1,05:15,1,20,NO 18,13,3,(5:15) 9-D.Brees pass incomplete deep right to 13-M.Thomas.,0.611,-0.597
2017,2,September 17,away,New Orleans Saints,https://www.pro-football-reference.com/boxscores/201709170nor.htm,1,05:08,2,20,NO 18,13,3,"(5:08) (Shotgun) 9-D.Brees pass short left to 22-M.Ingram to NO 16 for -2 yards (53-K.Van Noy). Penalty on NO-67-L.Warford, Offensive Holding, declined. Pass -6, YAC 4",0.013,-1.023
2017,2,September 17,away,New Orleans Saints,https://www.pro-football-reference.com/boxscores/201709170nor.htm,1,04:46,3,22,NO 16,13,3,"(4:46) (Shotgun) 9-D.Brees pass short left to 89-J.Hill to NO 29 for 13 yards (23-P.Chung). Pass 4, YAC 9",-1.010,0.154
2017,2,September 17,away,New Orleans Saints,https://www.pro-football-reference.com/boxscores/201709170nor.htm,1,04:17,4,9,NO 29,13,3,"(4:17) 6-T.Morstead punts 38 yards to NE 33, Center-49-Z.Wood, fair catch by 23-P.Chung.",-0.856,-0.498
2017,2,September 17,away,New Orleans Saints,https://www.pro-football-reference.com/boxscores/201709170nor.htm,1,04:09,1,10,NE 33,13,3,(4:09) (Shotgun) 13-P.Dorsett left end ran ob at NE 40 for 7 yards (24-S.Moore).,1.354,0.288
2017,2,September 17,away,New Orleans Saints,https://www.pro-football-reference.com/boxscores/201709170nor.htm,1,03:44,2,3,NE 40,13,3,(3:44) 35-M.Gillislee right end to NE 47 for 7 yards (91-T.Hendrickson; 95-T.Davison).,1.642,0.712
2017,2,September 17,away,New Orleans Saints,https://www.pro-football-reference.com/boxscores/201709170nor.htm,1,03:07,1,10,NE 47,13,3,(3:07) 35-M.Gillislee left end to 50 for 3 yards (91-T.Hendrickson). NO-91-T.Hendrickson was injured during the play. His return is Questionable.,2.354,-0.227
2017,2,September 17,away,New Orleans Saints,https://www.pro-football-reference.com/boxscores/201709170nor.htm,1,02:38,2,7,MID 50,13,3,(2:38) (Shotgun) 12-T.Brady pass incomplete short left to 34-R.Burkhead.,2.127,-0.852
2017,2,September 17,away,New Orleans Saints,https://www.pro-football-reference.com/boxscores/201709170nor.htm,1,02:34,3,7,MID 50,13,3,"(2:34) (Shotgun) 12-T.Brady pass short middle to 87-R.Gronkowski to NO 39 for 11 yards (32-K.Vaccaro). Pass 9, YAC 2",1.275,2.161
2017,2,September 17,away,New Orleans Saints,https://www.pro-football-reference.com/boxscores/201709170nor.htm,1,01:51,1,10,NO 39,13,3,"(1:51) (Shotgun) 12-T.Brady pass deep right to 13-P.Dorsett to NO 16 for 23 yards (24-S.Moore) [94-C.Jordan]. Pass 23, YAC 0",3.436,1.459
2017,2,September 17,away,New Orleans Saints,https://www.pro-football-reference.com/boxscores/201709170nor.htm,1,01:07,1,10,NO 16,13,3,(1:07) 35-M.Gillislee left guard to NO 13 for 3 yards (23-M.Lattimore).,4.895,-0.103
2017,2,September 17,away,New Orleans Saints,https://www.pro-football-reference.com/boxscores/201709170nor.htm,1,00:24,2,7,NO 13,13,3,(:24) (Shotgun) 12-T.Brady pass incomplete short left to 15-C.Hogan (26-P.Williams).,4.792,-0.760
2017,2,September 17,away,New Orleans Saints,https://www.pro-football-reference.com/boxscores/201709170nor.htm,1,00:21,3,7,NO 13,19,3,"(:21) (Shotgun) 12-T.Brady pass short left to 15-C.Hogan for 13 yards, TOUCHDOWN. Pass 11, YAC 2",4.032,2.968
2017,2,September 17,away,New Orleans Saints,https://www.pro-football-reference.com/boxscores/201709170nor.htm,1,00:16,,,NO 15,20,3,"3-S.Gostkowski extra point is GOOD, Center-49-J.Cardona, Holder-6-R.Allen.",0.949,0.051
2017,2,September 17,away,New Orleans Saints,https://www.pro-football-reference.com/boxscores/201709170nor.htm,1,00:16,,,NE 35,20,3,3-S.Gostkowski kicks 60 yards from NE 35 to NO 5. 41-A.Kamara to NO 20 for 15 yards (48-H.Langi).,1.689,-0.412
2017,2,September 17,away,New Orleans Saints,https://www.pro-football-reference.com/boxscores/201709170nor.htm,1,00:12,1,10,NO 20,20,3,(:12) 41-A.Kamara right guard to NO 23 for 3 yards (93-L.Guy).,1.276,-0.430
2017,2,September 17,away,New Orleans Saints,https://www.pro-football-reference.com/boxscores/201709170nor.htm,2,15:00,2,7,NO 23,20,3,"(15:00) (Shotgun) 9-D.Brees pass short left to 19-T.Ginn ran ob at NO 35 for 12 yards (25-E.Rowe). Pass 11, YAC 1",0.846,1.238
2017,2,September 17,away,New Orleans Saints,https://www.pro-football-reference.com/boxscores/201709170nor.htm,2,14:34,1,10,NO 35,20,3,(14:34) 9-D.Brees pass incomplete short left to 41-A.Kamara.,2.084,-0.520
2017,2,September 17,away,New Orleans Saints,https://www.pro-football-reference.com/boxscores/201709170nor.htm,2,14:29,2,10,NO 35,20,3,"(14:29) (Shotgun) PENALTY on NE-98-T.Flowers, Neutral Zone Infraction, 5 yards, enforced at NO 35 - No Play.",1.564,0.548
2017,2,September 17,away,New Orleans Saints,https://www.pro-football-reference.com/boxscores/201709170nor.htm,2,14:29,2,5,NO 40,20,3,"(14:29) (Shotgun) 9-D.Brees pass deep left to 41-A.Kamara to NE 22 for 38 yards (23-P.Chung). Pass 30, YAC 8",2.111,2.650
2017,2,September 17,away,New Orleans Saints,https://www.pro-football-reference.com/boxscores/201709170nor.htm,2,13:50,1,10,NE 22,20,3,(13:50) 28-A.Peterson right guard to NE 17 for 5 yards (32-D.McCourty).,4.762,0.100
2017,2,September 17,away,New Orleans Saints,https://www.pro-football-reference.com/boxscores/201709170nor.htm,2,13:14,2,5,NE 17,20,3,(13:14) 28-A.Peterson right guard to NE 11 for 6 yards (53-K.Van Noy; 32-D.McCourty).,4.862,0.431
2017,2,September 17,away,New Orleans Saints,https://www.pro-football-reference.com/boxscores/201709170nor.htm,2,12:38,1,10,NE 11,20,3,(12:38) (Shotgun) 9-D.Brees pass incomplete short right to 13-M.Thomas.,5.292,-0.441
2017,2,September 17,away,New Orleans Saints,https://www.pro-football-reference.com/boxscores/201709170nor.htm,2,12:35,2,10,NE 11,20,3,"(12:35) 9-D.Brees pass short left to 89-J.Hill to NE 5 for 6 yards (32-D.McCourty). Pass -3, YAC 9",4.852,-0.267
2017,2,September 17,away,New Orleans Saints,https://www.pro-football-reference.com/boxscores/201709170nor.htm,2,11:56,3,4,NE 5,20,9,"(11:56) (Shotgun) 9-D.Brees pass short left to 16-B.Coleman for 5 yards, TOUCHDOWN. Pass 5, YAC 0",4.584,2.416
2017,2,September 17,away,New Orleans Saints,https://www.pro-football-reference.com/boxscores/201709170nor.htm,2,11:52,,,NE 15,20,10,"3-W.Lutz extra point is GOOD, Center-49-Z.Wood, Holder-6-T.Morstead.",0.949,0.051
2017,2,September 17,away,New Orleans Saints,https://www.pro-football-reference.com/boxscores/201709170nor.htm,2,11:52,,,NO 35,20,10,"3-W.Lutz kicks 65 yards from NO 35 to end zone, Touchback.",1.069,0.000
2017,2,September 17,away,New Orleans Saints,https://www.pro-football-reference.com/boxscores/201709170nor.htm,2,11:52,1,10,NE 25,20,10,"(11:52) (Shotgun) 12-T.Brady pass short right to 87-R.Gronkowski to NE 27 for 2 yards (32-K.Vaccaro). Pass 0, YAC 2",1.069,-0.536
2017,2,September 17,away,New Orleans Saints,https://www.pro-football-reference.com/boxscores/201709170nor.htm,2,11:15,2,8,NE 27,20,10,(11:15) 12-T.Brady pass incomplete short left to 87-R.Gronkowski.,0.533,-0.671
2017,2,September 17,away,New Orleans Saints,https://www.pro-football-reference.com/boxscores/201709170nor.htm,2,11:10,,,NE 27,20,10,Timeout #1 by NE at 11:10.,-0.138,0.000
2017,2,September 17,away,New Orleans Saints,https://www.pro-football-reference.com/boxscores/201709170nor.htm,2,11:10,3,8,NE 27,20,10,(11:10) (Shotgun) 12-T.Brady sacked at NE 20 for -7 yards (44-H.Kikaha).,-0.138,-1.851
2017,2,September 17,away,New Orleans Saints,https://www.pro-football-reference.com/boxscores/201709170nor.htm,2,10:40,4,15,NE 20,20,10,"(10:40) 6-R.Allen punts 57 yards to NO 23, Center-49-J.Cardona. 19-T.Ginn pushed ob at NO 39 for 16 yards (49-J.Cardona).",-1.989,-0.404
2017,2,September 17,away,New Orleans Saints,https://www.pro-football-reference.com/boxscores/201709170nor.htm,2,10:31,1,10,NO 39,20,10,(10:31) 22-M.Ingram left end to NO 40 for 1 yard (98-T.Flowers).,2.393,-0.522
2017,2,September 17,away,New Orleans Saints,https://www.pro-football-reference.com/boxscores/201709170nor.htm,2,09:53,2,9,NO 40,20,10,(9:53) (Shotgun) 9-D.Brees pass incomplete deep left to 41-A.Kamara [93-L.Guy].,1.871,-0.727
2017,2,September 17,away,New Orleans Saints,https://www.pro-football-reference.com/boxscores/201709170nor.htm,2,09:47,3,9,NO 40,20,10,"(9:47) (Shotgun) 9-D.Brees pass deep right to 16-B.Coleman pushed ob at NE 18 for 42 yards (30-D.Harmon) [91-D.Wise]. Pass 20, YAC 22",1.144,3.740
2017,2,September 17,away,New Orleans Saints,https://www.pro-football-reference.com/boxscores/201709170nor.htm,2,09:15,1,10,NE 18,20,10,(9:15) 22-M.Ingram right tackle to NE 16 for 2 yards (52-E.Roberts).,4.884,-0.454
2017,2,September 17,away,New Orleans Saints,https://www.pro-football-reference.com/boxscores/201709170nor.htm,2,08:37,2,8,NE 16,20,10,(8:37) (Shotgun) 9-D.Brees pass incomplete short right to 13-M.Thomas [98-T.Flowers].,4.430,-0.790
2017,2,September 17,away,New Orleans Saints,https://www.pro-football-reference.com/boxscores/201709170nor.htm,2,08:33,,,NE 16,20,10,Timeout #1 by NO at 08:33.,3.641,0.000
2017,2,September 17,away,New Orleans Saints,https://www.pro-football-reference.com/boxscores/201709170nor.htm,2,08:33,3,8,NE 16,20,10,(8:33) (Shotgun) 9-D.Brees pass incomplete deep left to 19-T.Ginn (31-J.Jones).,3.641,-0.972
2017,2,September 17,away,New Orleans Saints,https://www.pro-football-reference.com/boxscores/201709170nor.htm,2,08:28,4,8,NE 16,20,10,"(8:28) 3-W.Lutz 35 yard field goal is GOOD, NULLIFIED by Penalty, Center-49-Z.Wood, Holder-6-T.Morstead. PENALTY on NE-31-J.Jones, Defensive Offside, 5 yards, enforced at NE 16 - No Play.",2.668,0.270
2017,2,September 17,away,New Orleans Saints,https://www.pro-football-reference.com/boxscores/201709170nor.htm,2,08:23,4,3,NE 11,20,10,"(8:23) (Run formation) PENALTY on NO-9-D.Brees, Delay of Game, 5 yards, enforced at NE 11 - No Play.",2.938,-0.208
2017,2,September 17,away,New Orleans Saints,https://www.pro-football-reference.com/boxscores/201709170nor.htm,2,08:23,4,8,NE 16,20,13,"(8:23) 3-W.Lutz 35 yard field goal is GOOD, Center-49-Z.Wood, Holder-6-T.Morstead.",2.730,0.270
2017,2,September 17,away,New Orleans Saints,https://www.pro-football-reference.com/boxscores/201709170nor.htm,2,08:18,,,NO 35,20,13,"3-W.Lutz kicks 65 yards from NO 35 to end zone, Touchback.",1.237,0.000
2017,2,September 17,away,New Orleans Saints,https://www.pro-football-reference.com/boxscores/201709170nor.htm,2,08:18,1,10,NE 25,20,13,"(8:18) 12-T.Brady pass short middle to 87-R.Gronkowski to NE 42 for 17 yards (32-K.Vaccaro). Pass 12, YAC 5",1.237,0.939
2017,2,September 17,away,New Orleans Saints,https://www.pro-football-reference.com/boxscores/201709170nor.htm,2,07:32,1,10,NE 42,20,13,(7:32) (Shotgun) 28-J.White right guard to NE 49 for 7 yards (57-A.Okafor).,2.176,0.284
2017,2,September 17,away,New Orleans Saints,https://www.pro-football-reference.com/boxscores/201709170nor.htm,2,06:57,2,3,NE 49,20,13,"(6:57) (Shotgun) 12-T.Brady pass short middle to 15-C.Hogan to NO 24 for 27 yards (43-M.Williams; 47-A.Anzalone). Pass 6, YAC 21",2.460,1.723
2017,2,September 17,away,New Orleans Saints,https://www.pro-football-reference.com/boxscores/201709170nor.htm,2,06:07,1,10,NO 24,20,13,(6:07) 33-D.Lewis right end to NO 24 for no gain (32-K.Vaccaro).,4.183,-0.326
2017,2,September 17,away,New Orleans Saints,https://www.pro-football-reference.com/boxscores/201709170nor.htm,2,05:31,2,10,NO 24,20,13,"(5:31) (Shotgun) 12-T.Brady pass deep middle to 14-B.Cooks to NO 2 for 22 yards (21-D.Harris). Pass 22, YAC 0",3.857,2.331
2017,2,September 17,away,New Orleans Saints,https://www.pro-football-reference.com/boxscores/201709170nor.htm,2,04:52,1,2,NO 2,26,13,"(4:52) 77-N.Solder reported in as eligible.  35-M.Gillislee left guard for 2 yards, TOUCHDOWN.",6.189,0.811
2017,2,September 17,away,New Orleans Saints,https://www.pro-football-reference.com/boxscores/201709170nor.htm,2,04:47,,,NO 15,27,13,"3-S.Gostkowski extra point is GOOD, Center-49-J.Cardona, Holder-6-R.Allen.",0.949,0.051
2017,2,September 17,away,New Orleans Saints,https://www.pro-football-reference.com/boxscores/201709170nor.htm,2,04:47,,,NE 35,27,13,3-S.Gostkowski kicks 58 yards from NE 35 to NO 7. 41-A.Kamara to NO 29 for 22 yards (55-C.Marsh).,1.085,0.278
2017,2,September 17,away,New Orleans Saints,https://www.pro-football-reference.com/boxscores/201709170nor.htm,2,04:42,1,10,NO 29,27,13,"(4:42) (Shotgun) 9-D.Brees to NO 29 for no gain. FUMBLES, and recovers at NO 29. 9-D.Brees pass short left to 22-M.Ingram to NO 35 for 6 yards (23-P.Chung). Pass 6, YAC 0",1.363,0.023
2017,2,September 17,away,New Orleans Saints,https://www.pro-football-reference.com/boxscores/201709170nor.htm,2,04:02,2,4,NO 35,27,13,(4:02) 9-D.Brees pass deep right to 13-M.Thomas pushed ob at NE 32 for 33 yards (24-S.Gilmore) [91-D.Wise].,1.387,2.339
2017,2,September 17,away,New Orleans Saints,https://www.pro-football-reference.com/boxscores/201709170nor.htm,2,03:49,1,10,NE 32,27,13,"(3:49) 9-D.Brees pass short right to 84-M.Hoomanawanui to NE 24 for 8 yards (23-P.Chung). Pass 0, YAC 8",3.726,0.369
2017,2,September 17,away,New Orleans Saints,https://www.pro-football-reference.com/boxscores/201709170nor.htm,2,03:18,2,2,NE 24,27,13,(3:18) 28-A.Peterson left tackle to NE 25 for -1 yards (91-D.Wise).,4.094,-0.748
2017,2,September 17,away,New Orleans Saints,https://www.pro-football-reference.com/boxscores/201709170nor.htm,2,02:33,3,3,NE 25,27,13,(2:33) (Shotgun) 9-D.Brees pass incomplete short left to 16-B.Coleman [91-D.Wise].,3.347,-1.331
2017,2,September 17,away,New Orleans Saints,https://www.pro-football-reference.com/boxscores/201709170nor.htm,2,02:27,,,NE 25,27,13,Timeout #2 by NE at 02:27.,2.016,0.000
2017,2,September 17,away,New Orleans Saints,https://www.pro-football-reference.com/boxscores/201709170nor.htm,2,02:27,4,3,NE 25,27,13,(2:27) (Shotgun) 9-D.Brees pass incomplete deep right to 19-T.Ginn.,2.016,-3.294
2017,2,September 17,away,New Orleans Saints,https://www.pro-football-reference.com/boxscores/201709170nor.htm,2,02:23,1,10,NE 25,27,13,(2:23) 35-M.Gillislee right tackle to NE 34 for 9 yards (26-P.Williams).,1.278,0.268
2017,2,September 17,away,New Orleans Saints,https://www.pro-football-reference.com/boxscores/201709170nor.htm,2,02:00,2,1,NE 34,27,13,(2:00) 12-T.Brady up the middle to NE 36 for 2 yards (95-T.Davison).,1.546,0.070
2017,2,September 17,away,New Orleans Saints,https://www.pro-football-reference.com/boxscores/201709170nor.htm,2,01:38,1,10,NE 36,27,13,"(1:38) (Shotgun) 12-T.Brady pass short left to 28-J.White to NE 44 for 8 yards (23-M.Lattimore). PENALTY on NE-60-D.Andrews, Offensive Holding, 10 yards, enforced at NE 44. Pass -5, YAC 13",1.616,-0.169
2017,2,September 17,away,New Orleans Saints,https://www.pro-football-reference.com/boxscores/201709170nor.htm,2,01:31,1,12,NE 34,27,13,"(1:31) 12-T.Brady pass short right to 28-J.White to NO 43 for 23 yards (21-D.Harris). Pass -3, YAC 26",1.447,1.009
2017,2,September 17,away,New Orleans Saints,https://www.pro-football-reference.com/boxscores/201709170nor.htm,2,01:01,1,10,NO 43,27,13,"(1:01) (Shotgun) 12-T.Brady pass short middle to 15-C.Hogan to NO 18 for 25 yards (21-D.Harris). Pass 10, YAC 15",2.456,1.748
2017,2,September 17,away,New Orleans Saints,https://www.pro-football-reference.com/boxscores/201709170nor.htm,2,00:35,1,10,NO 18,27,13,"(:35) (Shotgun) 12-T.Brady pass short middle to 28-J.White to NO 17 for 1 yard (47-A.Anzalone). Pass -5, YAC 6",4.204,-0.689
2017,2,September 17,away,New Orleans Saints,https://www.pro-football-reference.com/boxscores/201709170nor.htm,2,00:27,,,NO 17,27,13,Timeout #3 by NE at 00:27.,3.516,0.000
2017,2,September 17,away,New Orleans Saints,https://www.pro-football-reference.com/boxscores/201709170nor.htm,2,00:27,2,9,NO 17,27,13,(:27) (Shotgun) 12-T.Brady pass incomplete deep middle to 87-R.Gronkowski.,3.516,-0.527
2017,2,September 17,away,New Orleans Saints,https://www.pro-football-reference.com/boxscores/201709170nor.htm,2,00:21,3,9,NO 17,27,13,(:21) (Shotgun) 12-T.Brady scrambles up the middle to NO 10 for 7 yards (26-P.Williams).,2.989,-0.051
2017,2,September 17,away,New Orleans Saints,https://www.pro-football-reference.com/boxscores/201709170nor.htm,2,00:02,4,2,NO 10,30,13,"(:02) 3-S.Gostkowski 28 yard field goal is GOOD, Center-49-J.Cardona, Holder-6-R.Allen.",2.938,0.062
2017,2,September 17,away,New Orleans Saints,https://www.pro-football-reference.com/boxscores/201709170nor.htm,3,15:00,,,NE 35,30,13,"3-S.Gostkowski kicks 65 yards from NE 35 to end zone, Touchback.",1.809,0.000
2017,2,September 17,away,New Orleans Saints,https://www.pro-football-reference.com/boxscores/201709170nor.htm,3,15:00,1,10,NO 25,30,13,"(15:00) (Shotgun) 9-D.Brees pass short left to 41-A.Kamara to NO 33 for 8 yards (53-K.Van Noy). Pass 5, YAC 3",1.809,0.468
2017,2,September 17,away,New Orleans Saints,https://www.pro-football-reference.com/boxscores/201709170nor.htm,3,14:28,2,2,NO 33,30,13,(14:28) 28-A.Peterson left end pushed ob at NO 39 for 6 yards (25-E.Rowe).,2.276,0.287
2017,2,September 17,away,New Orleans Saints,https://www.pro-football-reference.com/boxscores/201709170nor.htm,3,14:01,1,10,NO 39,30,13,(14:01) 28-A.Peterson left end to NO 42 for 3 yards (32-D.McCourty).,2.563,-0.251
2017,2,September 17,away,New Orleans Saints,https://www.pro-football-reference.com/boxscores/201709170nor.htm,3,13:21,2,7,NO 42,30,13,(13:21) (Shotgun) 9-D.Brees pass incomplete short middle to 41-A.Kamara (32-D.McCourty).,2.312,-0.807
2017,2,September 17,away,New Orleans Saints,https://www.pro-football-reference.com/boxscores/201709170nor.htm,3,13:16,3,7,NO 42,30,13,"(13:16) (Shotgun) 9-D.Brees pass short left to 82-C.Fleener pushed ob at NE 38 for 20 yards (23-P.Chung; 30-D.Harmon). Pass 11, YAC 9",1.506,2.380
2017,2,September 17,away,New Orleans Saints,https://www.pro-football-reference.com/boxscores/201709170nor.htm,3,12:41,1,10,NE 38,30,13,(12:41) (Shotgun) 9-D.Brees pass incomplete short middle to 13-M.Thomas (21-M.Butler).,3.886,-0.514
2017,2,September 17,away,New Orleans Saints,https://www.pro-football-reference.com/boxscores/201709170nor.htm,3,12:35,2,10,NE 38,30,13,(12:35) (Shotgun) 28-A.Peterson right guard to NE 35 for 3 yards (52-E.Roberts).,3.372,-0.351
2017,2,September 17,away,New Orleans Saints,https://www.pro-football-reference.com/boxscores/201709170nor.htm,3,11:56,3,7,NE 35,30,13,(11:56) (Shotgun) 9-D.Brees sacked at NE 43 for -8 yards (91-D.Wise).,3.020,-2.766
2017,2,September 17,away,New Orleans Saints,https://www.pro-football-reference.com/boxscores/201709170nor.htm,3,11:17,4,15,NE 43,30,13,"(11:17) 6-T.Morstead punts 32 yards to NE 11, Center-49-Z.Wood, fair catch by 23-P.Chung.",0.254,-0.132
2017,2,September 17,away,New Orleans Saints,https://www.pro-football-reference.com/boxscores/201709170nor.htm,3,11:09,1,10,NE 11,30,13,"(11:09) (Shotgun) 12-T.Brady pass short right to 33-D.Lewis to NE 22 for 11 yards (26-P.Williams; 53-A.Klein). Pass 6, YAC 5",-0.122,0.709
2017,2,September 17,away,New Orleans Saints,https://www.pro-football-reference.com/boxscores/201709170nor.htm,3,10:34,1,10,NE 22,30,13,"(10:34) (Shotgun) 12-T.Brady pass short left to 47-J.Hollister to NE 27 for 5 yards (23-M.Lattimore). Pass 5, YAC 0",0.587,0.119
2017,2,September 17,away,New Orleans Saints,https://www.pro-football-reference.com/boxscores/201709170nor.htm,3,10:03,2,5,NE 27,30,13,(10:03) 33-D.Lewis left tackle to NE 27 for no gain (94-C.Jordan; 51-M.Te'o).,0.706,-0.782
2017,2,September 17,away,New Orleans Saints,https://www.pro-football-reference.com/boxscores/201709170nor.htm,3,09:36,3,5,NE 27,30,13,"(9:36) 12-T.Brady pass short left intended for 15-C.Hogan INTERCEPTED by 43-M.Williams at NE 42. 43-M.Williams to NE 2 for 40 yards (77-N.Solder). PENALTY on NO-51-M.Te'o, Defensive Too Many Men on Field, 5 yards, enforced at NE 27 - No Play.",-0.076,1.464
2017,2,September 17,away,New Orleans Saints,https://www.pro-football-reference.com/boxscores/201709170nor.htm,3,09:29,1,10,NE 32,30,13,(9:29) 35-M.Gillislee right end ran ob at NE 33 for 1 yard (47-A.Anzalone).,1.388,-0.541
2017,2,September 17,away,New Orleans Saints,https://www.pro-football-reference.com/boxscores/201709170nor.htm,3,08:57,2,9,NE 33,30,13,(8:57) 12-T.Brady pass incomplete short middle to 87-R.Gronkowski.,0.847,-0.794
2017,2,September 17,away,New Orleans Saints,https://www.pro-football-reference.com/boxscores/201709170nor.htm,3,08:52,3,9,NE 33,30,13,"(8:52) (Shotgun) 12-T.Brady pass short middle intended for 87-R.Gronkowski INTERCEPTED by 32-K.Vaccaro at NE 45. 32-K.Vaccaro to NE 43 for 2 yards (87-R.Gronkowski). PENALTY on NO-32-K.Vaccaro, Defensive Holding, 5 yards, enforced at NE 33 - No Play. The penalty was announced as on NO #43 M.Williams.",0.052,1.623
2017,2,September 17,away,New Orleans Saints,https://www.pro-football-reference.com/boxscores/201709170nor.htm,3,08:42,1,10,NE 38,30,13,(8:42) 35-M.Gillislee right end pushed ob at NE 43 for 5 yards (26-P.Williams).,1.675,0.157
2017,2,September 17,away,New Orleans Saints,https://www.pro-football-reference.com/boxscores/201709170nor.htm,3,08:23,2,5,NE 43,30,13,(8:23) 35-M.Gillislee left end to NE 44 for 1 yard (94-C.Jordan).,1.832,-0.746
2017,2,September 17,away,New Orleans Saints,https://www.pro-football-reference.com/boxscores/201709170nor.htm,3,07:49,3,4,NE 44,30,13,(7:49) 12-T.Brady pass incomplete short right to 47-J.Hollister.,1.086,-1.807
2017,2,September 17,away,New Orleans Saints,https://www.pro-football-reference.com/boxscores/201709170nor.htm,3,07:42,4,4,NE 44,30,13,"(7:42) 6-R.Allen punts 27 yards to NO 29, Center-49-J.Cardona, downed by NE-59-M.Flowers. PENALTY on NE-83-D.Allen, Offensive Too Many Men on Field, 5 yards, enforced at NO 29. INJURY UPDATE: NE #25 E.Rowe, groin, questionable.",-0.721,-1.470
2017,2,September 17,away,New Orleans Saints,https://www.pro-football-reference.com/boxscores/201709170nor.htm,3,07:34,1,10,NO 34,30,13,(7:34) 22-M.Ingram right guard to NO 43 for 9 yards (52-E.Roberts).,2.191,0.736
2017,2,September 17,away,New Orleans Saints,https://www.pro-football-reference.com/boxscores/201709170nor.htm,3,07:03,2,1,NO 43,30,13,(7:03) 22-M.Ingram left guard to NO 47 for 4 yards (52-E.Roberts).,2.927,0.041
2017,2,September 17,away,New Orleans Saints,https://www.pro-football-reference.com/boxscores/201709170nor.htm,3,06:28,1,10,NO 47,30,13,"(6:28) 9-D.Brees pass deep left to 13-M.Thomas to NE 32 for 21 yards (23-P.Chung). Pass 18, YAC 3",2.967,1.213
2017,2,September 17,away,New Orleans Saints,https://www.pro-football-reference.com/boxscores/201709170nor.htm,3,05:53,1,10,NE 32,30,13,(5:53) 22-M.Ingram right end to NE 31 for 1 yard (52-E.Roberts; 98-T.Flowers).,4.180,-0.397
2017,2,September 17,away,New Orleans Saints,https://www.pro-football-reference.com/boxscores/201709170nor.htm,3,05:13,2,9,NE 31,30,13,(5:13) (Shotgun) 9-D.Brees pass incomplete deep right to 16-B.Coleman (31-J.Jones).,3.782,-0.652
2017,2,September 17,away,New Orleans Saints,https://www.pro-football-reference.com/boxscores/201709170nor.htm,3,05:06,3,9,NE 31,30,13,(5:06) (Shotgun) 9-D.Brees pass incomplete short right to 41-A.Kamara.,3.130,-1.573
2017,2,September 17,away,New Orleans Saints,https://www.pro-football-reference.com/boxscores/201709170nor.htm,3,05:00,4,9,NE 31,30,13,"(5:00) 3-W.Lutz 49 yard field goal is No Good, Hit Right Upright, Center-49-Z.Wood, Holder-6-T.Morstead.",1.558,-3.289
2017,2,September 17,away,New Orleans Saints,https://www.pro-football-reference.com/boxscores/201709170nor.htm,3,04:55,1,10,NE 39,30,13,"(4:55) (Shotgun) 12-T.Brady pass short middle to 15-C.Hogan to NE 46 for 7 yards (26-P.Williams). Pass 4, YAC 3",1.731,0.428
2017,2,September 17,away,New Orleans Saints,https://www.pro-football-reference.com/boxscores/201709170nor.htm,3,04:19,2,3,NE 46,30,13,(4:19) 28-J.White left guard to 50 for 4 yards (48-V.Bell).,2.159,0.410
2017,2,September 17,away,New Orleans Saints,https://www.pro-football-reference.com/boxscores/201709170nor.htm,3,03:40,1,10,MID 50,30,13,(3:40) 35-M.Gillislee right end ran ob at NO 47 for 3 yards (48-V.Bell).,2.570,-0.213
2017,2,September 17,away,New Orleans Saints,https://www.pro-football-reference.com/boxscores/201709170nor.htm,3,03:13,2,7,NO 47,30,13,"(3:13) 12-T.Brady pass short middle to 87-R.Gronkowski to NO 26 for 21 yards (48-V.Bell; 43-M.Williams). Pass 9, YAC 12",2.357,1.951
2017,2,September 17,away,New Orleans Saints,https://www.pro-football-reference.com/boxscores/201709170nor.htm,3,02:37,1,10,NO 26,30,13,(2:37) 33-D.Lewis left guard to NO 13 for 13 yards (48-V.Bell).,4.308,0.843
2017,2,September 17,away,New Orleans Saints,https://www.pro-football-reference.com/boxscores/201709170nor.htm,3,02:00,1,10,NO 13,30,13,(2:00) (Shotgun) 33-D.Lewis left guard to NO 12 for 1 yard (95-T.Davison).,5.151,-0.466
2017,2,September 17,away,New Orleans Saints,https://www.pro-football-reference.com/boxscores/201709170nor.htm,3,01:18,2,9,NO 12,30,13,(1:18) (Shotgun) 12-T.Brady pass incomplete short left to 83-D.Allen (53-A.Klein).,4.685,-0.750
2017,2,September 17,away,New Orleans Saints,https://www.pro-football-reference.com/boxscores/201709170nor.htm,3,01:14,3,9,NO 12,30,13,"(1:14) 12-T.Brady pass short left to 15-C.Hogan to NO 6 for 6 yards (23-M.Lattimore). Pass -2, YAC 8",3.935,-0.964
2017,2,September 17,away,New Orleans Saints,https://www.pro-football-reference.com/boxscores/201709170nor.htm,3,00:44,4,3,NO 6,33,13,"(:44) 3-S.Gostkowski 24 yard field goal is GOOD, Center-49-J.Cardona, Holder-6-R.Allen.",2.971,0.029
2017,2,September 17,away,New Orleans Saints,https://www.pro-football-reference.com/boxscores/201709170nor.htm,3,00:40,,,NE 35,33,13,3-S.Gostkowski kicks 66 yards from NE 35 to NO -1. 41-A.Kamara to NO 33 for 34 yards (32-D.McCourty).,1.709,0.420
2017,2,September 17,away,New Orleans Saints,https://www.pro-football-reference.com/boxscores/201709170nor.htm,3,00:33,1,10,NO 33,33,13,"(:33) (Shotgun) 9-D.Brees pass short middle to 41-A.Kamara to NO 38 for 5 yards (52-E.Roberts). Pass 4, YAC 1",2.129,-0.048
2017,2,September 17,away,New Orleans Saints,https://www.pro-football-reference.com/boxscores/201709170nor.htm,3,00:07,2,5,NO 38,33,13,"(:07) (Shotgun) 9-D.Brees pass incomplete short right to 41-A.Kamara. PENALTY on NO-75-A.Peat, Illegal Use of Hands, 10 yards, enforced at NO 38 - No Play.",2.081,-1.276
2017,2,September 17,away,New Orleans Saints,https://www.pro-football-reference.com/boxscores/201709170nor.htm,3,00:03,2,15,NO 28,33,13,(:03) (Shotgun) 9-D.Brees pass incomplete short middle to 82-C.Fleener.,0.805,-0.820
2017,2,September 17,away,New Orleans Saints,https://www.pro-football-reference.com/boxscores/201709170nor.htm,4,15:00,3,15,NO 28,33,13,"(15:00) (Shotgun) 9-D.Brees pass short right to 89-J.Hill to NO 38 for 10 yards (31-J.Jones). Pass 4, YAC 6",-0.015,-0.412
2017,2,September 17,away,New Orleans Saints,https://www.pro-football-reference.com/boxscores/201709170nor.htm,4,14:27,4,5,NO 38,33,13,"(14:27) 6-T.Morstead punts 51 yards to NE 11, Center-49-Z.Wood. 23-P.Chung ran ob at NE 11 for no gain.",-0.427,0.474
2017,2,September 17,away,New Orleans Saints,https://www.pro-football-reference.com/boxscores/201709170nor.htm,4,14:19,1,10,NE 11,33,13,"(14:19) (Shotgun) 12-T.Brady pass short left to 28-J.White to NE 16 for 5 yards (23-M.Lattimore). Pass 5, YAC 0",-0.047,0.132
2017,2,September 17,away,New Orleans Saints,https://www.pro-football-reference.com/boxscores/201709170nor.htm,4,13:43,2,5,NE 16,33,13,"(13:43) (Shotgun) 12-T.Brady pass deep right to 28-J.White to NE 40 for 24 yards (43-M.Williams). Pass 17, YAC 7",0.085,1.728
2017,2,September 17,away,New Orleans Saints,https://www.pro-football-reference.com/boxscores/201709170nor.htm,4,13:06,1,10,NE 40,33,13,(13:06) 35-M.Gillislee right guard to NE 44 for 4 yards (26-P.Williams).,1.812,-0.052
2017,2,September 17,away,New Orleans Saints,https://www.pro-football-reference.com/boxscores/201709170nor.htm,4,12:33,2,6,NE 44,33,13,"(12:33) (Shotgun) 12-T.Brady pass short left to 14-B.Cooks to NO 41 for 15 yards (23-M.Lattimore; 48-V.Bell). Pass 6, YAC 9",1.760,1.404
2017,2,September 17,away,New Orleans Saints,https://www.pro-football-reference.com/boxscores/201709170nor.htm,4,11:48,1,10,NO 41,33,13,"(11:48) (Shotgun) 12-T.Brady pass deep left to 13-P.Dorsett to NO 3 for 38 yards (21-D.Harris). Pass 35, YAC 3",3.164,2.981
2017,2,September 17,away,New Orleans Saints,https://www.pro-football-reference.com/boxscores/201709170nor.htm,4,11:17,1,3,NO 3,33,13,"(11:17) 35-M.Gillislee left end for 3 yards, TOUCHDOWN NULLIFIED by Penalty. PENALTY on NE, Illegal Shift, 6 yards, enforced at NO 3 - No Play. New Orleans challenged the score ruling, and the play was Upheld. The ruling on the field stands. (Timeout #1.)",6.145,-0.910
2017,2,September 17,away,New Orleans Saints,https://www.pro-football-reference.com/boxscores/201709170nor.htm,4,11:13,1,9,NO 9,33,13,"(11:13) 35-M.Gillislee right end to NO 7 for 2 yards (43-M.Williams). PENALTY on NE-61-M.Cannon, Offensive Holding, 10 yards, enforced at NO 9 - No Play.",5.236,-1.259
2017,2,September 17,away,New Orleans Saints,https://www.pro-football-reference.com/boxscores/201709170nor.htm,4,10:48,,,NO 19,33,13,Timeout #1 by NE at 10:48.,3.976,0.000
2017,2,September 17,away,New Orleans Saints,https://www.pro-football-reference.com/boxscores/201709170nor.htm,4,10:48,1,19,NO 19,33,13,(10:48) 35-M.Gillislee left guard to NO 12 for 7 yards (25-R.Bush).,3.976,0.294
2017,2,September 17,away,New Orleans Saints,https://www.pro-football-reference.com/boxscores/201709170nor.htm,4,10:15,2,12,NO 12,33,13,"(10:15) (Shotgun) 12-T.Brady pass short left to 13-P.Dorsett to NO 5 for 7 yards (43-M.Williams). Pass -4, YAC 11",4.270,0.006
2017,2,September 17,away,New Orleans Saints,https://www.pro-football-reference.com/boxscores/201709170nor.htm,4,09:36,3,5,NO 5,33,13,(9:36) (Shotgun) 12-T.Brady sacked at NO 9 for -4 yards (47-A.Anzalone).,4.276,-1.338
2017,2,September 17,away,New Orleans Saints,https://www.pro-football-reference.com/boxscores/201709170nor.htm,4,08:54,4,9,NO 9,36,13,"(8:54) 3-S.Gostkowski 27 yard field goal is GOOD, Center-49-J.Cardona, Holder-6-R.Allen. INJURY UPDATE: NE#34 R.Burkhead and NE#87 R.Gronkowski both QUESTIONABLE to return.",2.938,0.062
2017,2,September 17,away,New Orleans Saints,https://www.pro-football-reference.com/boxscores/201709170nor.htm,4,08:49,,,NE 35,36,13,"3-S.Gostkowski kicks 65 yards from NE 35 to end zone, Touchback.",1.528,0.000
2017,2,September 17,away,New Orleans Saints,https://www.pro-football-reference.com/boxscores/201709170nor.htm,4,08:49,1,10,NO 25,36,13,"(8:49) (Shotgun) 9-D.Brees pass short right to 19-T.Ginn ran ob at NO 32 for 7 yards (24-S.Gilmore). Pass 7, YAC 0",1.528,0.208
2017,2,September 17,away,New Orleans Saints,https://www.pro-football-reference.com/boxscores/201709170nor.htm,4,08:35,2,3,NO 32,36,13,"(8:35) (Shotgun) 9-D.Brees pass short left to 13-M.Thomas to NO 49 for 17 yards (30-D.Harmon). Pass 5, YAC 12",1.736,0.997
2017,2,September 17,away,New Orleans Saints,https://www.pro-football-reference.com/boxscores/201709170nor.htm,4,08:02,1,10,NO 49,36,13,"(8:02) (No Huddle, Shotgun) 9-D.Brees pass incomplete short middle to 22-M.Ingram (23-P.Chung) [91-D.Wise].",2.733,-0.423
2017,2,September 17,away,New Orleans Saints,https://www.pro-football-reference.com/boxscores/201709170nor.htm,4,07:57,2,10,NO 49,36,13,(7:57) (Shotgun) 9-D.Brees pass incomplete short right to 19-T.Ginn.,2.311,-0.758
2017,2,September 17,away,New Orleans Saints,https://www.pro-football-reference.com/boxscores/201709170nor.htm,4,07:53,3,10,NO 49,36,13,"(7:53) (Shotgun) 9-D.Brees pass short right to 13-M.Thomas to NE 42 for 9 yards (21-M.Butler). Pass 6, YAC 3",1.552,-0.278
2017,2,September 17,away,New Orleans Saints,https://www.pro-football-reference.com/boxscores/201709170nor.htm,4,07:19,,,NE 42,36,13,Timeout #2 by NE at 07:19.,1.275,0.000
2017,2,September 17,away,New Orleans Saints,https://www.pro-football-reference.com/boxscores/201709170nor.htm,4,07:19,4,1,NE 42,36,13,(7:19) 28-A.Peterson left end pushed ob at NE 40 for 2 yards (52-E.Roberts).,1.275,2.095
2017,2,September 17,away,New Orleans Saints,https://www.pro-football-reference.com/boxscores/201709170nor.htm,4,06:46,1,10,NE 40,36,13,"(6:46) (Shotgun) 9-D.Brees pass deep right to 16-B.Coleman ran ob at NE 15 for 25 yards (32-D.McCourty). Pass 18, YAC 7.  INJURY UPDATE: NO#23 M.LATTIMORE, CONCUSSION PROTOCOL.",3.370,1.484
2017,2,September 17,away,New Orleans Saints,https://www.pro-football-reference.com/boxscores/201709170nor.htm,4,06:23,1,10,NE 15,36,13,"(6:23) (Shotgun) 9-D.Brees pass short right to 22-M.Ingram to NE 9 for 6 yards (23-P.Chung). Pass 1, YAC 5",4.854,0.180
2017,2,September 17,away,New Orleans Saints,https://www.pro-football-reference.com/boxscores/201709170nor.htm,4,05:38,2,4,NE 9,36,13,"(5:38) (Shotgun) 9-D.Brees pass short left to 19-T.Ginn to NE 4 for 5 yards (21-M.Butler). Pass 5, YAC 0",5.035,0.865
2017,2,September 17,away,New Orleans Saints,https://www.pro-football-reference.com/boxscores/201709170nor.htm,4,05:09,1,4,NE 4,36,19,"(5:09) (Shotgun) 9-D.Brees pass short left to 82-C.Fleener for 4 yards, TOUCHDOWN. Pass 3, YAC 1",5.900,1.100
2017,2,September 17,away,New Orleans Saints,https://www.pro-football-reference.com/boxscores/201709170nor.htm,4,05:04,,,NE 15,36,20,"3-W.Lutz extra point is GOOD, Center-49-Z.Wood, Holder-6-T.Morstead.",0.949,0.051
2017,2,September 17,away,New Orleans Saints,https://www.pro-football-reference.com/boxscores/201709170nor.htm,4,05:04,,,NO 35,36,20,3-W.Lutz kicks onside 9 yards from NO 35 to NO 44. 15-C.Hogan (didn't try to advance) to NO 44 for no gain (33-T.Edmunds).,1.121,1.917
2017,2,September 17,away,New Orleans Saints,https://www.pro-football-reference.com/boxscores/201709170nor.htm,4,05:03,1,10,NO 44,36,20,(5:03) 35-M.Gillislee right end to NO 31 for 13 yards (26-P.Williams).,3.038,0.647
2017,2,September 17,away,New Orleans Saints,https://www.pro-football-reference.com/boxscores/201709170nor.htm,4,04:17,1,10,NO 31,36,20,(4:17) 35-M.Gillislee right tackle to NO 28 for 3 yards (47-A.Anzalone).,3.685,-0.325
2017,2,September 17,away,New Orleans Saints,https://www.pro-football-reference.com/boxscores/201709170nor.htm,4,03:35,2,7,NO 28,36,20,"(3:35) (Shotgun) 12-T.Brady pass short left to 46-J.Develin to NO 22 for 6 yards (51-M.Te'o). Pass 5, YAC 1",3.360,0.283
2017,2,September 17,away,New Orleans Saints,https://www.pro-football-reference.com/boxscores/201709170nor.htm,4,03:29,,,NO 22,36,20,Timeout #2 by NO at 03:29.,3.643,0.000
2017,2,September 17,away,New Orleans Saints,https://www.pro-football-reference.com/boxscores/201709170nor.htm,4,03:29,3,1,NO 22,36,20,(3:29) 35-M.Gillislee left tackle to NO 20 for 2 yards (57-A.Okafor). NO-70-M.Loewen was injured during the play. His return is Questionable.,3.643,0.139
2017,2,September 17,away,New Orleans Saints,https://www.pro-football-reference.com/boxscores/201709170nor.htm,4,03:19,,,NO 20,36,20,Timeout #3 by NO at 03:19.,3.782,0.000
2017,2,September 17,away,New Orleans Saints,https://www.pro-football-reference.com/boxscores/201709170nor.htm,4,03:19,1,10,NO 20,36,20,(3:19) 77-N.Solder reported in as eligible.  35-M.Gillislee left tackle to NO 19 for 1 yard (94-C.Jordan).,3.782,-0.922
2017,2,September 17,away,New Orleans Saints,https://www.pro-football-reference.com/boxscores/201709170nor.htm,4,02:37,2,9,NO 19,36,20,(2:37) 35-M.Gillislee right guard to NO 18 for 1 yard (95-T.Davison).,2.860,-0.289
2017,2,September 17,away,New Orleans Saints,https://www.pro-football-reference.com/boxscores/201709170nor.htm,4,02:00,3,8,NO 18,36,20,"(2:00) 77-N.Solder reported in as eligible.  PENALTY on NE-14-B.Cooks, False Start, 5 yards, enforced at NO 18 - No Play.",2.571,-0.310
2017,2,September 17,away,New Orleans Saints,https://www.pro-football-reference.com/boxscores/201709170nor.htm,4,02:00,3,13,NO 23,36,20,(2:00) 77-N.Solder reported in as eligible.  14-B.Cooks left end to NO 30 for -7 yards (57-A.Okafor).,2.261,-1.036
2017,2,September 17,away,New Orleans Saints,https://www.pro-football-reference.com/boxscores/201709170nor.htm,4,01:11,4,20,NO 30,36,20,"(1:11) (Run formation) PENALTY on NE, Delay of Game, 5 yards, enforced at NO 30 - No Play.",1.225,-0.419
2017,2,September 17,away,New Orleans Saints,https://www.pro-football-reference.com/boxscores/201709170nor.htm,4,01:11,4,25,NO 35,36,20,"(1:11) 6-R.Allen punts 27 yards to NO 8, Center-49-J.Cardona, out of bounds.",0.807,-1.021
2017,2,September 17,away,New Orleans Saints,https://www.pro-football-reference.com/boxscores/201709170nor.htm,4,01:04,1,10,NO 8,36,20,"(1:04) (Shotgun) 9-D.Brees pass short middle to 16-B.Coleman to NO 18 for 10 yards (23-P.Chung). Pass 7, YAC 3",0.215,0.027
2017,2,September 17,away,New Orleans Saints,https://www.pro-football-reference.com/boxscores/201709170nor.htm,4,00:45,1,10,NO 18,36,20,"(:45) (No Huddle, Shotgun) 9-D.Brees pass short middle to 82-C.Fleener to NO 27 for 9 yards (37-J.Richards). Pass 9, YAC 0",0.242,0.032
2017,2,September 17,away,New Orleans Saints,https://www.pro-football-reference.com/boxscores/201709170nor.htm,4,00:26,2,1,NO 27,36,20,"(:26) (No Huddle, Shotgun) 9-D.Brees pass incomplete deep left to 13-M.Thomas.",0.274,-0.083
2017,2,September 17,away,New Orleans Saints,https://www.pro-football-reference.com/boxscores/201709170nor.htm,4,00:20,3,1,NO 27,36,20,"(:20) (Shotgun) 9-D.Brees pass short right to 22-M.Ingram to NO 41 for 14 yards (37-J.Richards). Pass 4, YAC 10",0.190,-0.073
2017,2,September 17,away,New Orleans Saints,https://www.pro-football-reference.com/boxscores/201709170nor.htm,4,00:04,1,10,NO 41,36,20,(:04) 9-D.Brees spiked the ball to stop the clock.,0.117,0.021
2017,2,September 17,away,New Orleans Saints,https://www.pro-football-reference.com/boxscores/201709170nor.htm,4,00:04,2,10,NO 41,36,20,(:04) (Shotgun) 22-M.Ingram up the middle to NE 31 for 28 yards (31-J.Jones).,0.138,-0.138
2017,3,September 24,home,Houston Texans,https://www.pro-football-reference.com/boxscores/201709240nwe.htm,1,15:00,,,NE 35,0,0,3-S.Gostkowski kicks 59 yards from NE 35 to HOU 6. 34-T.Ervin to HOU 21 for 15 yards (38-B.Bolden).,0.651,-0.452
2017,3,September 24,home,Houston Texans,https://www.pro-football-reference.com/boxscores/201709240nwe.htm,1,14:57,1,10,HOU 21,0,0,"(14:57) 26-L.Miller left end to HOU 21 for no gain (98-T.Flowers, 70-A.Butler).",0.199,-0.464
2017,3,September 24,home,Houston Texans,https://www.pro-football-reference.com/boxscores/201709240nwe.htm,1,14:25,2,10,HOU 21,0,0,(14:25) 4-D.Watson sacked ob at HOU 19 for -2 yards (98-T.Flowers).,-0.264,-1.202
2017,3,September 24,home,Houston Texans,https://www.pro-football-reference.com/boxscores/201709240nwe.htm,1,13:52,3,12,HOU 19,0,0,(13:52) (Shotgun) 4-D.Watson pass incomplete short left to 13-B.Miller.,-1.467,-1.161
2017,3,September 24,home,Houston Texans,https://www.pro-football-reference.com/boxscores/201709240nwe.htm,1,13:45,4,12,HOU 19,0,0,"(13:45) 9-S.Lechler punts 65 yards to NE 16, Center-46-J.Weeks. 80-D.Amendola to NE 49 for 33 yards (23-K.Drummond).",-2.627,-0.352
2017,3,September 24,home,Houston Texans,https://www.pro-football-reference.com/boxscores/201709240nwe.htm,1,13:32,1,10,NE 49,0,0,(13:32) 77-N.Solder reported in as eligible.  35-M.Gillislee right tackle to NE 47 for -2 yards (99-J.Watt).,2.979,-0.779
2017,3,September 24,home,Houston Texans,https://www.pro-football-reference.com/boxscores/201709240nwe.htm,1,13:02,2,12,NE 47,0,0,(13:02) 28-J.White up the middle to NE 46 for -1 yards (99-J.Watt).,2.200,-1.166
2017,3,September 24,home,Houston Texans,https://www.pro-football-reference.com/boxscores/201709240nwe.htm,1,12:28,3,13,NE 46,0,0,(12:28) (Shotgun) 12-T.Brady pass deep left to 14-B.Cooks to HOU 10 for 44 yards (33-J.Banks) [55-B.McKinney].,1.035,4.107
2017,3,September 24,home,Houston Texans,https://www.pro-football-reference.com/boxscores/201709240nwe.htm,1,11:44,1,10,HOU 10,0,0,(11:44) 35-M.Gillislee left guard to HOU 10 for no gain (99-J.Watt).,5.142,-0.411
2017,3,September 24,home,Houston Texans,https://www.pro-football-reference.com/boxscores/201709240nwe.htm,1,11:09,2,10,HOU 10,0,0,"(11:09) (Shotgun) 12-T.Brady pass short middle to 28-J.White to HOU 1 for 9 yards (55-B.McKinney, 29-A.Hal). PENALTY on HOU-33-J.Banks, Defensive Holding, 5 yards, enforced at HOU 10 - No Play.",4.731,1.100
2017,3,September 24,home,Houston Texans,https://www.pro-football-reference.com/boxscores/201709240nwe.htm,1,10:50,1,5,HOU 5,0,0,(10:50) 12-T.Brady pass incomplete short left to 15-C.Hogan (25-K.Jackson).,5.831,-0.435
2017,3,September 24,home,Houston Texans,https://www.pro-football-reference.com/boxscores/201709240nwe.htm,1,10:40,2,5,HOU 5,0,0,(10:40) (Shotgun) 12-T.Brady pass incomplete short left to 87-R.Gronkowski.,5.396,-0.982
2017,3,September 24,home,Houston Texans,https://www.pro-football-reference.com/boxscores/201709240nwe.htm,1,10:37,3,5,HOU 5,6,0,"(10:37) (Shotgun) 12-T.Brady pass short left to 87-R.Gronkowski for 5 yards, TOUCHDOWN.",4.414,2.586
2017,3,September 24,home,Houston Texans,https://www.pro-football-reference.com/boxscores/201709240nwe.htm,1,10:33,,,HOU 15,7,0,"3-S.Gostkowski extra point is GOOD, Center-49-J.Cardona, Holder-6-R.Allen.",0.932,0.068
2017,3,September 24,home,Houston Texans,https://www.pro-football-reference.com/boxscores/201709240nwe.htm,1,10:33,,,NE 35,7,0,3-S.Gostkowski kicks 65 yards from NE 35 to HOU 0. 34-T.Ervin to HOU 22 for 22 yards (59-M.Flowers).,0.755,-0.364
2017,3,September 24,home,Houston Texans,https://www.pro-football-reference.com/boxscores/201709240nwe.htm,1,10:28,1,10,HOU 22,7,0,"(10:28) (Shotgun) 27-D.Foreman right guard to HOU 23 for 1 yard (90-M.Brown, 98-T.Flowers).",0.391,-0.496
2017,3,September 24,home,Houston Texans,https://www.pro-football-reference.com/boxscores/201709240nwe.htm,1,09:52,2,9,HOU 23,7,0,"(9:52) 4-D.Watson pass incomplete deep left to 10-D.Hopkins. PENALTY on NE-24-S.Gilmore, Defensive Pass Interference, 34 yards, enforced at HOU 23 - No Play.",-0.105,2.936
2017,3,September 24,home,Houston Texans,https://www.pro-football-reference.com/boxscores/201709240nwe.htm,1,09:46,1,10,NE 43,7,0,(9:46) (Shotgun) 4-D.Watson pass short right to 89-S.Anderson to NE 29 for 14 yards (52-E.Roberts).,2.832,1.094
2017,3,September 24,home,Houston Texans,https://www.pro-football-reference.com/boxscores/201709240nwe.htm,1,09:16,1,10,NE 29,7,0,"(9:16) (No Huddle, Shotgun) 12-B.Ellington left end pushed ob at NE 30 for -1 yards (24-S.Gilmore). reverse",3.926,-0.759
2017,3,September 24,home,Houston Texans,https://www.pro-football-reference.com/boxscores/201709240nwe.htm,1,08:39,2,11,NE 30,7,0,(8:39) 4-D.Watson pass short right to 12-B.Ellington to NE 25 for 5 yards (24-S.Gilmore).,3.168,0.076
2017,3,September 24,home,Houston Texans,https://www.pro-football-reference.com/boxscores/201709240nwe.htm,1,07:52,3,6,NE 25,7,0,"(7:52) (Shotgun) 4-D.Watson right end to NE 21 for 4 yards. FUMBLES, ball out of bounds at NE 21.",3.244,-0.776
2017,3,September 24,home,Houston Texans,https://www.pro-football-reference.com/boxscores/201709240nwe.htm,1,07:27,,,NE 21,7,0,Timeout #1 by HOU at 07:27.,2.468,0.000
2017,3,September 24,home,Houston Texans,https://www.pro-football-reference.com/boxscores/201709240nwe.htm,1,07:27,4,2,NE 21,7,3,"(7:27) 7-K.Fairbairn 39 yard field goal is GOOD, Center-46-J.Weeks, Holder-9-S.Lechler.",2.468,0.532
2017,3,September 24,home,Houston Texans,https://www.pro-football-reference.com/boxscores/201709240nwe.htm,1,07:22,,,HOU 35,7,3,"7-K.Fairbairn kicks 65 yards from HOU 35 to end zone, Touchback.",1.383,0.000
2017,3,September 24,home,Houston Texans,https://www.pro-football-reference.com/boxscores/201709240nwe.htm,1,07:22,1,10,NE 25,7,3,(7:22) 12-T.Brady pass incomplete short left to 83-D.Allen.,1.383,-0.522
2017,3,September 24,home,Houston Texans,https://www.pro-football-reference.com/boxscores/201709240nwe.htm,1,07:18,2,10,NE 25,7,3,(7:18) (Shotgun) 28-J.White up the middle to NE 31 for 6 yards (59-W.Mercilus).,0.861,0.010
2017,3,September 24,home,Houston Texans,https://www.pro-football-reference.com/boxscores/201709240nwe.htm,1,06:52,3,4,NE 31,7,3,(6:52) (Shotgun) 12-T.Brady pass short left to 15-C.Hogan to NE 34 for 3 yards (33-J.Banks).,0.871,-0.813
2017,3,September 24,home,Houston Texans,https://www.pro-football-reference.com/boxscores/201709240nwe.htm,1,06:09,4,1,NE 34,7,3,"(6:09) 6-R.Allen punts 53 yards to HOU 13, Center-49-J.Cardona. 34-T.Ervin to HOU 18 for 5 yards (29-J.Bademosi, 49-J.Cardona).",0.058,-0.188
2017,3,September 24,home,Houston Texans,https://www.pro-football-reference.com/boxscores/201709240nwe.htm,1,05:58,1,10,HOU 18,7,3,"(5:58) 27-D.Foreman right tackle to HOU 20 for 2 yards (52-E.Roberts, 70-A.Butler).",0.130,-0.377
2017,3,September 24,home,Houston Texans,https://www.pro-football-reference.com/boxscores/201709240nwe.htm,1,05:23,2,8,HOU 20,7,3,"(5:23) (No Huddle, Shotgun) 4-D.Watson pass incomplete deep left to 89-S.Anderson.",-0.247,-0.736
2017,3,September 24,home,Houston Texans,https://www.pro-football-reference.com/boxscores/201709240nwe.htm,1,05:17,3,8,HOU 20,7,3,"(5:17) (Shotgun) 4-D.Watson scrambles left end to HOU 26 for 6 yards (23-P.Chung, 53-K.Van Noy).",-0.982,-0.627
2017,3,September 24,home,Houston Texans,https://www.pro-football-reference.com/boxscores/201709240nwe.htm,1,04:38,4,2,HOU 26,7,3,"(4:38) 9-S.Lechler punts 68 yards to NE 6, Center-46-J.Weeks, downed by HOU-22-J.Todman.",-1.610,1.586
2017,3,September 24,home,Houston Texans,https://www.pro-football-reference.com/boxscores/201709240nwe.htm,1,04:23,1,10,NE 6,7,3,(4:23) 35-M.Gillislee right guard to NE 11 for 5 yards (55-B.McKinney).,0.024,-0.031
2017,3,September 24,home,Houston Texans,https://www.pro-football-reference.com/boxscores/201709240nwe.htm,1,03:52,2,5,NE 11,7,3,(3:52) 12-T.Brady sacked at NE 2 for -9 yards (90-J.Clowney). NE 12-Brady tripped while backpedaling,-0.007,-1.811
2017,3,September 24,home,Houston Texans,https://www.pro-football-reference.com/boxscores/201709240nwe.htm,1,03:18,3,14,NE 2,7,3,"(3:18) (Shotgun) 28-J.White right tackle to NE 8 for 6 yards (90-J.Clowney, 99-J.Watt).",-1.818,-0.478
2017,3,September 24,home,Houston Texans,https://www.pro-football-reference.com/boxscores/201709240nwe.htm,1,02:41,4,8,NE 8,7,3,"(2:41) 6-R.Allen punts 36 yards to NE 44, Center-49-J.Cardona, downed by NE-43-N.Ebner.",-2.297,-0.439
2017,3,September 24,home,Houston Texans,https://www.pro-football-reference.com/boxscores/201709240nwe.htm,1,02:31,1,10,NE 44,7,3,(2:31) 4-D.Watson pass short left to 13-B.Miller to NE 29 for 15 yards (53-K.Van Noy).,2.735,1.097
2017,3,September 24,home,Houston Texans,https://www.pro-football-reference.com/boxscores/201709240nwe.htm,1,01:57,1,10,NE 29,7,9,"(1:57) (Shotgun) 4-D.Watson pass deep middle to 12-B.Ellington for 29 yards, TOUCHDOWN.",3.833,3.167
2017,3,September 24,home,Houston Texans,https://www.pro-football-reference.com/boxscores/201709240nwe.htm,1,01:51,,,NE 15,7,10,"7-K.Fairbairn extra point is GOOD, Center-46-J.Weeks, Holder-9-S.Lechler.",0.932,0.068
2017,3,September 24,home,Houston Texans,https://www.pro-football-reference.com/boxscores/201709240nwe.htm,1,01:51,,,HOU 35,7,10,"7-K.Fairbairn kicks 60 yards from HOU 35 to NE 5. 33-D.Lewis to NE 25 for 20 yards (34-T.Ervin, 35-E.Pleasant).",1.375,0.000
2017,3,September 24,home,Houston Texans,https://www.pro-football-reference.com/boxscores/201709240nwe.htm,1,01:47,1,10,NE 25,7,10,"(1:47) 12-T.Brady pass deep left to 87-R.Gronkowski to NE 47 for 22 yards (29-A.Hal). FUMBLES (29-A.Hal), ball out of bounds at HOU 49.",1.375,1.421
2017,3,September 24,home,Houston Texans,https://www.pro-football-reference.com/boxscores/201709240nwe.htm,1,01:24,1,10,NE 47,7,10,(1:24) 12-T.Brady pass incomplete short right to 83-D.Allen.,2.795,-0.460
2017,3,September 24,home,Houston Texans,https://www.pro-football-reference.com/boxscores/201709240nwe.htm,1,01:20,2,10,NE 47,7,10,(1:20) (Shotgun) 12-T.Brady pass short right to 15-C.Hogan pushed ob at HOU 42 for 11 yards (59-W.Mercilus).,2.335,1.001
2017,3,September 24,home,Houston Texans,https://www.pro-football-reference.com/boxscores/201709240nwe.htm,1,00:53,1,10,HOU 42,7,10,(:53) 33-D.Lewis left guard to HOU 39 for 3 yards (59-W.Mercilus).,3.337,-0.221
2017,3,September 24,home,Houston Texans,https://www.pro-football-reference.com/boxscores/201709240nwe.htm,1,00:24,2,7,HOU 39,7,10,(:24) (Shotgun) 12-T.Brady sacked at HOU 45 for -6 yards (90-J.Clowney).,3.116,-1.640
2017,3,September 24,home,Houston Texans,https://www.pro-football-reference.com/boxscores/201709240nwe.htm,2,15:00,3,13,HOU 45,7,10,"(15:00) (Shotgun) PENALTY on HOU-90-J.Clowney, Neutral Zone Infraction, 5 yards, enforced at HOU 45 - No Play.",1.476,0.741
2017,3,September 24,home,Houston Texans,https://www.pro-football-reference.com/boxscores/201709240nwe.htm,2,15:00,3,8,HOU 40,7,10,"(15:00) (Shotgun) 12-T.Brady pass short left to 87-R.Gronkowski to HOU 37 for 3 yards (25-K.Jackson, 41-Z.Cunningham).",2.218,-1.189
2017,3,September 24,home,Houston Texans,https://www.pro-football-reference.com/boxscores/201709240nwe.htm,2,14:22,4,5,HOU 37,7,10,"(14:22) 6-R.Allen punts 26 yards to HOU 11, Center-49-J.Cardona, fair catch by 34-T.Ervin.",1.029,-0.706
2017,3,September 24,home,Houston Texans,https://www.pro-football-reference.com/boxscores/201709240nwe.htm,2,14:16,1,10,HOU 11,7,10,(14:16) 4-D.Watson pass short left to 26-L.Miller pushed ob at HOU 18 for 7 yards (32-D.McCourty).,-0.322,0.443
2017,3,September 24,home,Houston Texans,https://www.pro-football-reference.com/boxscores/201709240nwe.htm,2,13:46,2,3,HOU 18,7,10,"(13:46) 70-J.Davenport reported in as eligible.  26-L.Miller right tackle to HOU 25 for 7 yards (55-C.Marsh, 21-M.Butler).",0.120,0.643
2017,3,September 24,home,Houston Texans,https://www.pro-football-reference.com/boxscores/201709240nwe.htm,2,13:11,1,10,HOU 25,7,10,(13:11) (Shotgun) 4-D.Watson pass deep left intended for 10-D.Hopkins INTERCEPTED by 24-S.Gilmore [91-D.Wise] at NE 49. 24-S.Gilmore to HOU 12 for 39 yards (10-D.Hopkins).,0.763,-5.861
2017,3,September 24,home,Houston Texans,https://www.pro-football-reference.com/boxscores/201709240nwe.htm,2,12:57,1,10,HOU 12,7,10,"(12:57) 12-T.Brady pass short middle to 80-D.Amendola to HOU 9 for 3 yards (55-B.McKinney; 41-Z.Cunningham). PENALTY on HOU-55-B.McKinney, Defensive Holding, 5 yards, enforced at HOU 12 - No Play.",5.097,0.406
2017,3,September 24,home,Houston Texans,https://www.pro-football-reference.com/boxscores/201709240nwe.htm,2,12:33,1,7,HOU 7,13,10,"(12:33) 12-T.Brady pass short left to 15-C.Hogan for 7 yards, TOUCHDOWN.",5.503,1.497
2017,3,September 24,home,Houston Texans,https://www.pro-football-reference.com/boxscores/201709240nwe.htm,2,12:25,,,HOU 15,14,10,"3-S.Gostkowski extra point is GOOD, Center-49-J.Cardona, Holder-6-R.Allen.",0.932,0.068
2017,3,September 24,home,Houston Texans,https://www.pro-football-reference.com/boxscores/201709240nwe.htm,2,12:25,,,NE 35,14,10,3-S.Gostkowski kicks 65 yards from NE 35 to HOU 0. 22-J.Todman to HOU 23 for 23 yards (92-G.Grissom).,0.775,-0.210
2017,3,September 24,home,Houston Texans,https://www.pro-football-reference.com/boxscores/201709240nwe.htm,2,12:20,1,10,HOU 23,14,10,"(12:20) (Shotgun) 26-L.Miller left end to HOU 35 for 12 yards (32-D.McCourty, 59-M.Flowers).",0.565,0.686
2017,3,September 24,home,Houston Texans,https://www.pro-football-reference.com/boxscores/201709240nwe.htm,2,11:48,1,10,HOU 35,14,10,"(11:48) (Shotgun) 26-L.Miller up the middle to HOU 38 for 3 yards (90-M.Brown, 52-E.Roberts).",1.251,-0.168
2017,3,September 24,home,Houston Texans,https://www.pro-football-reference.com/boxscores/201709240nwe.htm,2,11:10,2,7,HOU 38,14,10,"(11:10) (Shotgun) PENALTY on HOU-12-B.Ellington, False Start, 5 yards, enforced at HOU 38 - No Play.",1.082,-0.616
2017,3,September 24,home,Houston Texans,https://www.pro-football-reference.com/boxscores/201709240nwe.htm,2,10:49,2,12,HOU 33,14,10,"(10:49) (Shotgun) 4-D.Watson left tackle to HOU 40 for 7 yards (93-L.Guy). PENALTY on HOU-71-X.Su'a-Filo, Offensive Holding, 10 yards, enforced at HOU 35.",0.467,-0.422
2017,3,September 24,home,Houston Texans,https://www.pro-football-reference.com/boxscores/201709240nwe.htm,2,10:16,2,20,HOU 25,14,10,(10:16) 4-D.Watson pass short left to 10-D.Hopkins to HOU 40 for 15 yards (24-S.Gilmore).,0.044,0.618
2017,3,September 24,home,Houston Texans,https://www.pro-football-reference.com/boxscores/201709240nwe.htm,2,09:40,3,5,HOU 40,14,10,(9:40) (Shotgun) 4-D.Watson scrambles right tackle to HOU 46 for 6 yards (32-D.McCourty).,0.662,1.520
2017,3,September 24,home,Houston Texans,https://www.pro-football-reference.com/boxscores/201709240nwe.htm,2,08:57,1,10,HOU 46,14,10,"(8:57) 70-J.Davenport reported in as eligible.  4-D.Watson pass short left to 10-D.Hopkins pushed ob at NE 41 for 13 yards (24-S.Gilmore). PENALTY on NE-24-S.Gilmore, Unnecessary Roughness, 15 yards, enforced at NE 41.",2.182,1.840
2017,3,September 24,home,Houston Texans,https://www.pro-football-reference.com/boxscores/201709240nwe.htm,2,08:40,1,10,NE 26,14,10,(8:40) 4-D.Watson pass short left to 84-R.Griffin to NE 26 for no gain (53-K.Van Noy).,4.021,-0.405
2017,3,September 24,home,Houston Texans,https://www.pro-football-reference.com/boxscores/201709240nwe.htm,2,07:52,2,10,NE 26,14,10,(7:52) 4-D.Watson pass incomplete deep left to 84-R.Griffin.,3.617,-0.551
2017,3,September 24,home,Houston Texans,https://www.pro-football-reference.com/boxscores/201709240nwe.htm,2,07:52,3,10,NE 26,14,10,(7:52) (Shotgun) 4-D.Watson pass short left to 34-T.Ervin pushed ob at NE 22 for 4 yards (23-P.Chung) [91-D.Wise].,3.066,-0.712
2017,3,September 24,home,Houston Texans,https://www.pro-football-reference.com/boxscores/201709240nwe.htm,2,07:09,4,6,NE 22,14,13,"(7:09) 7-K.Fairbairn 40 yard field goal is GOOD, Center-46-J.Weeks, Holder-9-S.Lechler.",2.354,0.646
2017,3,September 24,home,Houston Texans,https://www.pro-football-reference.com/boxscores/201709240nwe.htm,2,07:01,,,HOU 35,14,13,"7-K.Fairbairn kicks 65 yards from HOU 35 to end zone, Touchback.",1.310,0.000
2017,3,September 24,home,Houston Texans,https://www.pro-football-reference.com/boxscores/201709240nwe.htm,2,07:01,1,10,NE 25,14,13,"(7:01) (Shotgun) 12-T.Brady pass short left to 33-D.Lewis to NE 28 for 3 yards (90-J.Clowney, 41-Z.Cunningham).",1.310,-0.445
2017,3,September 24,home,Houston Texans,https://www.pro-football-reference.com/boxscores/201709240nwe.htm,2,06:26,2,7,NE 28,14,19,"(6:26) (Shotgun) 12-T.Brady sacked at NE 20 for -8 yards (59-W.Mercilus). FUMBLES (59-W.Mercilus) [59-W.Mercilus], RECOVERED by HOU-90-J.Clowney at NE 22. 90-J.Clowney for 22 yards, TOUCHDOWN.",0.865,-7.865
2017,3,September 24,home,Houston Texans,https://www.pro-football-reference.com/boxscores/201709240nwe.htm,2,06:15,,,NE 15,14,20,"7-K.Fairbairn extra point is GOOD, Center-46-J.Weeks, Holder-9-S.Lechler.",0.932,0.068
2017,3,September 24,home,Houston Texans,https://www.pro-football-reference.com/boxscores/201709240nwe.htm,2,06:15,,,HOU 35,14,20,"7-K.Fairbairn kicks 65 yards from HOU 35 to end zone, Touchback.",1.207,0.000
2017,3,September 24,home,Houston Texans,https://www.pro-football-reference.com/boxscores/201709240nwe.htm,2,06:15,1,10,NE 25,14,20,(6:15) 35-M.Gillislee right end to NE 33 for 8 yards (95-C.Covington).,1.207,0.459
2017,3,September 24,home,Houston Texans,https://www.pro-football-reference.com/boxscores/201709240nwe.htm,2,05:43,2,2,NE 33,14,20,"(5:43) 35-M.Gillislee left tackle to NE 36 for 3 yards (59-W.Mercilus, 98-D.Reader).",1.666,0.146
2017,3,September 24,home,Houston Texans,https://www.pro-football-reference.com/boxscores/201709240nwe.htm,2,05:13,1,10,NE 36,14,20,(5:13) 12-T.Brady pass incomplete deep middle to 15-C.Hogan.,1.812,-0.421
2017,3,September 24,home,Houston Texans,https://www.pro-football-reference.com/boxscores/201709240nwe.htm,2,05:03,2,10,NE 36,14,20,(5:03) (Shotgun) 35-M.Gillislee right tackle to NE 36 for no gain (25-K.Jackson).,1.391,-0.645
2017,3,September 24,home,Houston Texans,https://www.pro-football-reference.com/boxscores/201709240nwe.htm,2,04:26,3,10,NE 36,14,20,"(4:26) (Shotgun) 12-T.Brady pass short left to 80-D.Amendola pushed ob at HOU 47 for 17 yards (25-K.Jackson). Penalty on HOU-35-E.Pleasant, Defensive Holding, declined.",0.746,1.948
2017,3,September 24,home,Houston Texans,https://www.pro-football-reference.com/boxscores/201709240nwe.htm,2,04:07,,,HOU 47,14,20,Timeout #2 by HOU at 04:07.,2.694,0.000
2017,3,September 24,home,Houston Texans,https://www.pro-football-reference.com/boxscores/201709240nwe.htm,2,04:07,1,10,HOU 47,20,20,"(4:07) (Shotgun) 12-T.Brady pass deep middle to 15-C.Hogan for 47 yards, TOUCHDOWN. The Replay Official reviewed the runner broke the plane ruling, and the play was Upheld. The ruling on the field stands.",2.694,4.306
2017,3,September 24,home,Houston Texans,https://www.pro-football-reference.com/boxscores/201709240nwe.htm,2,03:58,,,HOU 15,21,20,"3-S.Gostkowski extra point is GOOD, Center-49-J.Cardona, Holder-6-R.Allen.",0.932,0.068
2017,3,September 24,home,Houston Texans,https://www.pro-football-reference.com/boxscores/201709240nwe.htm,2,03:58,,,NE 35,21,20,"3-S.Gostkowski kicks 64 yards from NE 35 to HOU 1. 34-T.Ervin to HOU 16 for 15 yards (38-B.Bolden, 43-N.Ebner).",0.880,-0.478
2017,3,September 24,home,Houston Texans,https://www.pro-football-reference.com/boxscores/201709240nwe.htm,2,03:54,1,10,HOU 16,21,20,(3:54) (Shotgun) 4-D.Watson pass short right to 10-D.Hopkins to HOU 21 for 5 yards (21-M.Butler).,0.403,0.068
2017,3,September 24,home,Houston Texans,https://www.pro-football-reference.com/boxscores/201709240nwe.htm,2,03:17,2,5,HOU 21,21,20,"(3:17) 26-L.Miller up the middle to HOU 25 for 4 yards (90-M.Brown, 93-L.Guy). PENALTY on HOU, Illegal Formation, 5 yards, enforced at HOU 21 - No Play.",0.471,-0.090
2017,3,September 24,home,Houston Texans,https://www.pro-football-reference.com/boxscores/201709240nwe.htm,2,02:44,,,HOU 16,21,20,Timeout #3 by HOU at 02:44.,0.381,0.000
2017,3,September 24,home,Houston Texans,https://www.pro-football-reference.com/boxscores/201709240nwe.htm,2,02:44,2,10,HOU 16,21,20,(2:44) (Shotgun) 4-D.Watson pass short right to 10-D.Hopkins to HOU 21 for 5 yards (21-M.Butler).,0.381,-0.021
2017,3,September 24,home,Houston Texans,https://www.pro-football-reference.com/boxscores/201709240nwe.htm,2,02:04,3,5,HOU 21,21,20,(2:04) (Shotgun) 4-D.Watson pass short left to 84-R.Griffin ran ob at HOU 32 for 11 yards.,0.360,0.855
2017,3,September 24,home,Houston Texans,https://www.pro-football-reference.com/boxscores/201709240nwe.htm,2,01:56,1,10,HOU 32,21,20,(1:56) 4-D.Watson scrambles right end pushed ob at HOU 36 for 4 yards (53-K.Van Noy).,1.215,-0.199
2017,3,September 24,home,Houston Texans,https://www.pro-football-reference.com/boxscores/201709240nwe.htm,2,01:50,2,6,HOU 36,21,20,(1:50) (Shotgun) 4-D.Watson scrambles right end to HOU 41 for 5 yards (32-D.McCourty).,1.016,-0.002
2017,3,September 24,home,Houston Texans,https://www.pro-football-reference.com/boxscores/201709240nwe.htm,2,01:18,3,1,HOU 41,21,20,(1:18) (No Huddle) 26-L.Miller up the middle to HOU 41 for no gain (55-C.Marsh).,1.014,-0.763
2017,3,September 24,home,Houston Texans,https://www.pro-football-reference.com/boxscores/201709240nwe.htm,2,01:13,,,HOU 41,21,20,Timeout #1 by NE at 01:13.,0.252,0.000
2017,3,September 24,home,Houston Texans,https://www.pro-football-reference.com/boxscores/201709240nwe.htm,2,01:13,4,1,HOU 41,21,20,"(1:13) 9-S.Lechler punts 49 yards to NE 10, Center-46-J.Weeks. 80-D.Amendola ran ob at NE 30 for 20 yards.",0.252,-0.823
2017,3,September 24,home,Houston Texans,https://www.pro-football-reference.com/boxscores/201709240nwe.htm,2,01:02,1,10,NE 30,21,20,"(1:02) (Shotgun) 12-T.Brady scrambles left tackle to NE 36 for 6 yards (41-Z.Cunningham). PENALTY on HOU-25-K.Jackson, Defensive Holding, 5 yards, enforced at NE 36.",0.571,0.370
2017,3,September 24,home,Houston Texans,https://www.pro-football-reference.com/boxscores/201709240nwe.htm,2,00:52,1,10,NE 41,21,20,(:52) (Shotgun) 12-T.Brady pass incomplete deep left to 14-B.Cooks.,0.941,-0.325
2017,3,September 24,home,Houston Texans,https://www.pro-football-reference.com/boxscores/201709240nwe.htm,2,00:47,2,10,NE 41,21,20,(:47) (Shotgun) 12-T.Brady pass incomplete deep middle to 80-D.Amendola.,0.616,-0.237
2017,3,September 24,home,Houston Texans,https://www.pro-football-reference.com/boxscores/201709240nwe.htm,2,00:43,3,10,NE 41,21,20,"(:43) (Shotgun) 28-J.White up the middle to NE 46 for 5 yards (35-E.Pleasant, 55-B.McKinney).",0.379,-0.379
2017,3,September 24,home,Houston Texans,https://www.pro-football-reference.com/boxscores/201709240nwe.htm,3,15:00,,,HOU 35,21,20,7-K.Fairbairn kicks 70 yards from HOU 35 to NE -5. 33-D.Lewis to NE 19 for 24 yards (23-K.Drummond).,1.457,-0.556
2017,3,September 24,home,Houston Texans,https://www.pro-football-reference.com/boxscores/201709240nwe.htm,3,14:56,1,10,NE 19,21,20,(14:56) 12-T.Brady pass short left to 14-B.Cooks pushed ob at NE 21 for 2 yards (25-K.Jackson).,0.901,-0.440
2017,3,September 24,home,Houston Texans,https://www.pro-football-reference.com/boxscores/201709240nwe.htm,3,14:23,2,8,NE 21,21,20,(14:23) 12-T.Brady pass short middle to 87-R.Gronkowski to NE 35 for 14 yards (29-A.Hal).,0.462,1.579
2017,3,September 24,home,Houston Texans,https://www.pro-football-reference.com/boxscores/201709240nwe.htm,3,13:38,1,10,NE 35,21,20,(13:38) 12-T.Brady pass short left to 33-D.Lewis to NE 39 for 4 yards (43-C.Moore).,2.041,0.012
2017,3,September 24,home,Houston Texans,https://www.pro-football-reference.com/boxscores/201709240nwe.htm,3,13:12,2,6,NE 39,21,20,(13:12) (No Huddle) 12-T.Brady pass deep right to 47-J.Hollister to HOU 42 for 19 yards (24-J.Joseph). NE-47-J.Hollister was injured during the play.,2.052,1.413
2017,3,September 24,home,Houston Texans,https://www.pro-football-reference.com/boxscores/201709240nwe.htm,3,12:55,1,10,HOU 42,27,20,"(12:55) 12-T.Brady pass deep middle to 14-B.Cooks for 42 yards, TOUCHDOWN. NE 12-Brady 27th career game with 4+ TD passes, 3rd most all-time.",3.465,3.535
2017,3,September 24,home,Houston Texans,https://www.pro-football-reference.com/boxscores/201709240nwe.htm,3,12:45,,,HOU 15,28,20,"3-S.Gostkowski extra point is GOOD, Center-49-J.Cardona, Holder-6-R.Allen.",0.932,0.068
2017,3,September 24,home,Houston Texans,https://www.pro-football-reference.com/boxscores/201709240nwe.htm,3,12:45,,,NE 35,28,20,"3-S.Gostkowski kicks 65 yards from NE 35 to end zone, Touchback. PENALTY on NE-38-B.Bolden, Offside on Free Kick, 5 yards, enforced at HOU 25.",0.760,0.287
2017,3,September 24,home,Houston Texans,https://www.pro-football-reference.com/boxscores/201709240nwe.htm,3,12:45,1,10,HOU 30,28,20,(12:45) 4-D.Watson pass short left to 10-D.Hopkins to HOU 34 for 4 yards (31-J.Jones).,1.047,-0.074
2017,3,September 24,home,Houston Texans,https://www.pro-football-reference.com/boxscores/201709240nwe.htm,3,12:15,2,6,HOU 34,28,20,"(12:15) (No Huddle, Shotgun) 26-L.Miller up the middle to HOU 39 for 5 yards (53-K.Van Noy, 52-E.Roberts).",0.973,0.367
2017,3,September 24,home,Houston Texans,https://www.pro-football-reference.com/boxscores/201709240nwe.htm,3,11:39,3,1,HOU 39,28,20,(11:39) (Shotgun) 4-D.Watson up the middle to HOU 46 for 7 yards (30-D.Harmon).,1.340,0.862
2017,3,September 24,home,Houston Texans,https://www.pro-football-reference.com/boxscores/201709240nwe.htm,3,11:01,1,10,HOU 46,28,20,"(11:01) 4-D.Watson sacked at HOU 39 for -7 yards (55-C.Marsh). FUMBLES (55-C.Marsh) [55-C.Marsh], recovered by HOU-74-C.Clark at HOU 39. 74-C.Clark to HOU 39 for no gain (90-M.Brown).",2.202,-1.405
2017,3,September 24,home,Houston Texans,https://www.pro-football-reference.com/boxscores/201709240nwe.htm,3,10:09,2,17,HOU 39,28,20,"(10:09) (Shotgun) PENALTY on HOU-4-D.Watson, Delay of Game, 5 yards, enforced at HOU 39 - No Play.",0.797,-0.273
2017,3,September 24,home,Houston Texans,https://www.pro-football-reference.com/boxscores/201709240nwe.htm,3,09:53,2,22,HOU 34,28,20,(9:53) (Shotgun) 4-D.Watson pass deep right to 84-R.Griffin to NE 31 for 35 yards (53-K.Van Noy) [93-L.Guy].,0.524,3.256
2017,3,September 24,home,Houston Texans,https://www.pro-football-reference.com/boxscores/201709240nwe.htm,3,09:09,1,10,NE 31,28,20,"(9:09) (Shotgun) 26-L.Miller up the middle to NE 22 for 9 yards (52-E.Roberts, 32-D.McCourty).",3.780,0.692
2017,3,September 24,home,Houston Texans,https://www.pro-football-reference.com/boxscores/201709240nwe.htm,3,08:33,2,1,NE 22,28,20,"(8:33) (Shotgun) 26-L.Miller up the middle to NE 20 for 2 yards (53-K.Van Noy, 98-T.Flowers).",4.472,-0.045
2017,3,September 24,home,Houston Texans,https://www.pro-football-reference.com/boxscores/201709240nwe.htm,3,08:02,1,10,NE 20,28,20,"(8:02) (No Huddle, Shotgun) 4-D.Watson pass short right to 84-R.Griffin pushed ob at NE 17 for 3 yards (52-E.Roberts).",4.427,-0.106
2017,3,September 24,home,Houston Texans,https://www.pro-football-reference.com/boxscores/201709240nwe.htm,3,07:28,2,7,NE 17,28,20,"(7:28) (Shotgun) 4-D.Watson pass incomplete short left to 12-B.Ellington. PENALTY on NE-53-K.Van Noy, Illegal Contact, 5 yards, enforced at NE 17 - No Play.",4.321,0.666
2017,3,September 24,home,Houston Texans,https://www.pro-football-reference.com/boxscores/201709240nwe.htm,3,07:23,1,10,NE 12,28,20,(7:23) (Shotgun) 4-D.Watson pass incomplete short left to 27-D.Foreman (91-D.Wise) [98-T.Flowers].,4.988,-0.428
2017,3,September 24,home,Houston Texans,https://www.pro-football-reference.com/boxscores/201709240nwe.htm,3,07:16,2,10,NE 12,28,26,"(7:16) (Shotgun) 4-D.Watson pass short right to 84-R.Griffin for 12 yards, TOUCHDOWN [98-T.Flowers].",4.559,2.441
2017,3,September 24,home,Houston Texans,https://www.pro-football-reference.com/boxscores/201709240nwe.htm,3,07:12,,,NE 15,28,27,"7-K.Fairbairn extra point is GOOD, Center-46-J.Weeks, Holder-9-S.Lechler.",0.932,0.068
2017,3,September 24,home,Houston Texans,https://www.pro-football-reference.com/boxscores/201709240nwe.htm,3,07:12,,,HOU 35,28,27,"7-K.Fairbairn kicks 65 yards from HOU 35 to end zone, Touchback.",1.382,0.000
2017,3,September 24,home,Houston Texans,https://www.pro-football-reference.com/boxscores/201709240nwe.htm,3,07:12,1,10,NE 25,28,27,(7:12) 35-M.Gillislee left guard to NE 32 for 7 yards (25-K.Jackson).,1.382,0.346
2017,3,September 24,home,Houston Texans,https://www.pro-football-reference.com/boxscores/201709240nwe.htm,3,06:37,2,3,NE 32,28,27,"(6:37) 35-M.Gillislee left end to NE 29 for -3 yards (90-J.Clowney, 41-Z.Cunningham).",1.727,-1.149
2017,3,September 24,home,Houston Texans,https://www.pro-football-reference.com/boxscores/201709240nwe.htm,3,06:01,3,6,NE 29,28,27,(6:01) (Shotgun) 12-T.Brady pass short left to 28-J.White to NE 40 for 11 yards (41-Z.Cunningham).,0.578,1.715
2017,3,September 24,home,Houston Texans,https://www.pro-football-reference.com/boxscores/201709240nwe.htm,3,05:28,1,10,NE 40,28,27,"(5:28) 35-M.Gillislee up the middle to NE 44 for 4 yards (99-J.Watt, 98-D.Reader).",2.293,-0.045
2017,3,September 24,home,Houston Texans,https://www.pro-football-reference.com/boxscores/201709240nwe.htm,3,04:56,2,6,NE 44,28,27,"(4:56) (Shotgun) 33-D.Lewis left guard to NE 46 for 2 yards (55-B.McKinney, 51-D.Cole).",2.248,-0.469
2017,3,September 24,home,Houston Texans,https://www.pro-football-reference.com/boxscores/201709240nwe.htm,3,04:22,3,4,NE 46,28,27,"(4:22) (Shotgun) PENALTY on HOU, Defensive 12 On-field, 5 yards, enforced at NE 46 - No Play.",1.779,1.209
2017,3,September 24,home,Houston Texans,https://www.pro-football-reference.com/boxscores/201709240nwe.htm,3,04:05,1,10,HOU 49,28,27,(4:05) (Shotgun) 12-T.Brady pass short left to 87-R.Gronkowski pushed ob at HOU 35 for 14 yards (43-C.Moore).,2.988,0.864
2017,3,September 24,home,Houston Texans,https://www.pro-football-reference.com/boxscores/201709240nwe.htm,3,03:35,1,10,HOU 35,28,27,(3:35) (Shotgun) 28-J.White right guard to HOU 34 for 1 yard (29-A.Hal).,3.852,-0.483
2017,3,September 24,home,Houston Texans,https://www.pro-football-reference.com/boxscores/201709240nwe.htm,3,03:07,2,9,HOU 34,28,27,"(3:07) 12-T.Brady sacked at HOU 41 for -7 yards (95-C.Covington). FUMBLES (95-C.Covington) [95-C.Covington], recovered by NE-69-S.Mason at HOU 46. 69-S.Mason to HOU 46 for no gain (90-J.Clowney).",3.368,-2.073
2017,3,September 24,home,Houston Texans,https://www.pro-football-reference.com/boxscores/201709240nwe.htm,3,02:23,3,21,HOU 46,28,27,"(2:23) (Shotgun) 12-T.Brady pass short right to 87-R.Gronkowski to HOU 38 for 8 yards (33-J.Banks, 35-E.Pleasant) [99-J.Watt]. Houston challenged the runner was not down by contact ruling, and the play was Upheld. The ruling on the field stands. (Timeout #1.)",1.295,-1.022
2017,3,September 24,home,Houston Texans,https://www.pro-football-reference.com/boxscores/201709240nwe.htm,3,01:49,4,13,HOU 38,28,27,"(1:49) 6-R.Allen punts 38 yards to end zone, Center-49-J.Cardona, Touchback.",0.273,-0.606
2017,3,September 24,home,Houston Texans,https://www.pro-football-reference.com/boxscores/201709240nwe.htm,3,01:42,1,10,HOU 20,28,27,"(1:42) (Shotgun) 27-D.Foreman left guard to HOU 23 for 3 yards (91-D.Wise, 53-K.Van Noy).",0.333,-0.355
2017,3,September 24,home,Houston Texans,https://www.pro-football-reference.com/boxscores/201709240nwe.htm,3,01:20,2,7,HOU 23,28,27,"(1:20) (No Huddle, Shotgun) 4-D.Watson pass incomplete short right to 12-B.Ellington.",-0.022,-0.747
2017,3,September 24,home,Houston Texans,https://www.pro-football-reference.com/boxscores/201709240nwe.htm,3,01:13,3,7,HOU 23,28,27,(1:13) (Shotgun) 4-D.Watson pass short right to 12-B.Ellington to HOU 30 for 7 yards (31-J.Jones).,-0.769,1.720
2017,3,September 24,home,Houston Texans,https://www.pro-football-reference.com/boxscores/201709240nwe.htm,3,00:40,1,10,HOU 30,28,27,(:40) 34-T.Ervin right tackle to HOU 34 for 4 yards (52-E.Roberts).,0.951,-0.086
2017,3,September 24,home,Houston Texans,https://www.pro-football-reference.com/boxscores/201709240nwe.htm,3,00:15,2,6,HOU 34,28,27,"(:15) (Shotgun) 27-D.Foreman up the middle to HOU 39 for 5 yards (53-K.Van Noy, 52-E.Roberts).",0.865,0.331
2017,3,September 24,home,Houston Texans,https://www.pro-football-reference.com/boxscores/201709240nwe.htm,4,15:00,3,1,HOU 39,28,27,"(15:00) (Shotgun) 27-D.Foreman up the middle to HOU 43 for 4 yards (90-M.Brown, 91-D.Wise).",1.196,0.591
2017,3,September 24,home,Houston Texans,https://www.pro-football-reference.com/boxscores/201709240nwe.htm,4,14:31,1,10,HOU 43,28,27,(14:31) (Shotgun) 27-D.Foreman left end to HOU 46 for 3 yards (32-D.McCourty).,1.787,-0.139
2017,3,September 24,home,Houston Texans,https://www.pro-football-reference.com/boxscores/201709240nwe.htm,4,13:48,2,7,HOU 46,28,27,(13:48) (Shotgun) 4-D.Watson pass short left to 27-D.Foreman pushed ob at NE 20 for 34 yards (30-D.Harmon).,1.649,2.686
2017,3,September 24,home,Houston Texans,https://www.pro-football-reference.com/boxscores/201709240nwe.htm,4,13:36,1,10,NE 20,28,27,(13:36) (No Huddle) 27-D.Foreman left tackle to NE 15 for 5 yards (32-D.McCourty).,4.334,0.252
2017,3,September 24,home,Houston Texans,https://www.pro-football-reference.com/boxscores/201709240nwe.htm,4,13:05,2,5,NE 15,28,27,"(13:05) (No Huddle, Shotgun) 27-D.Foreman left tackle to NE 13 for 2 yards (93-L.Guy, 98-T.Flowers).",4.587,-0.418
2017,3,September 24,home,Houston Texans,https://www.pro-football-reference.com/boxscores/201709240nwe.htm,4,12:22,3,3,NE 13,28,27,(12:22) (Shotgun) 4-D.Watson pass incomplete short middle to 89-S.Anderson.,4.168,-1.349
2017,3,September 24,home,Houston Texans,https://www.pro-football-reference.com/boxscores/201709240nwe.htm,4,12:17,4,3,NE 13,28,30,"(12:17) 7-K.Fairbairn 31 yard field goal is GOOD, Center-46-J.Weeks, Holder-9-S.Lechler.",2.820,0.180
2017,3,September 24,home,Houston Texans,https://www.pro-football-reference.com/boxscores/201709240nwe.htm,4,12:13,,,HOU 35,28,30,"7-K.Fairbairn kicks 65 yards from HOU 35 to end zone, Touchback.",1.417,0.000
2017,3,September 24,home,Houston Texans,https://www.pro-football-reference.com/boxscores/201709240nwe.htm,4,12:13,1,10,NE 25,28,30,(12:13) 35-M.Gillislee left guard to NE 30 for 5 yards (55-B.McKinney).,1.417,-0.046
2017,3,September 24,home,Houston Texans,https://www.pro-football-reference.com/boxscores/201709240nwe.htm,4,11:48,2,5,NE 30,28,30,"(11:48) 35-M.Gillislee left guard to NE 34 for 4 yards (98-D.Reader, 55-B.McKinney).",1.371,0.336
2017,3,September 24,home,Houston Texans,https://www.pro-football-reference.com/boxscores/201709240nwe.htm,4,11:16,3,1,NE 34,28,30,"(11:16) (No Huddle, Shotgun) 35-M.Gillislee up the middle to NE 34 for no gain (95-C.Covington).",1.708,-1.600
2017,3,September 24,home,Houston Texans,https://www.pro-football-reference.com/boxscores/201709240nwe.htm,4,10:42,4,1,NE 34,28,30,"(10:42) 6-R.Allen punts 59 yards to HOU 7, Center-49-J.Cardona. 34-T.Ervin to HOU 13 for 6 yards (43-N.Ebner).",0.107,-0.102
2017,3,September 24,home,Houston Texans,https://www.pro-football-reference.com/boxscores/201709240nwe.htm,4,10:28,1,10,HOU 13,28,30,(10:28) (Shotgun) 26-L.Miller up the middle to HOU 18 for 5 yards (70-A.Butler).,-0.005,0.188
2017,3,September 24,home,Houston Texans,https://www.pro-football-reference.com/boxscores/201709240nwe.htm,4,09:58,2,5,HOU 18,28,30,(9:58) (Shotgun) 26-L.Miller up the middle to HOU 21 for 3 yards (98-T.Flowers).,0.183,-0.194
2017,3,September 24,home,Houston Texans,https://www.pro-football-reference.com/boxscores/201709240nwe.htm,4,09:12,3,2,HOU 21,28,30,(9:12) (Shotgun) 4-D.Watson up the middle to HOU 28 for 7 yards (52-E.Roberts).,-0.011,1.032
2017,3,September 24,home,Houston Texans,https://www.pro-football-reference.com/boxscores/201709240nwe.htm,4,08:30,1,10,HOU 28,28,30,(8:30) 4-D.Watson pass short middle to 10-D.Hopkins to HOU 41 for 13 yards (32-D.McCourty).,1.020,0.903
2017,3,September 24,home,Houston Texans,https://www.pro-football-reference.com/boxscores/201709240nwe.htm,4,07:46,1,10,HOU 41,28,30,(7:46) (Shotgun) 4-D.Watson pass incomplete short middle to 13-B.Miller.,1.924,-0.415
2017,3,September 24,home,Houston Texans,https://www.pro-football-reference.com/boxscores/201709240nwe.htm,4,07:41,2,10,HOU 41,28,30,(7:41) 4-D.Watson pass incomplete deep left to 12-B.Ellington.,1.508,-0.684
2017,3,September 24,home,Houston Texans,https://www.pro-football-reference.com/boxscores/201709240nwe.htm,4,07:32,3,10,HOU 41,28,30,(7:32) (Shotgun) 4-D.Watson pass incomplete short left to 13-B.Miller.,0.825,-1.421
2017,3,September 24,home,Houston Texans,https://www.pro-football-reference.com/boxscores/201709240nwe.htm,4,07:27,4,10,HOU 41,28,30,"(7:27) 9-S.Lechler punts 52 yards to NE 7, Center-46-J.Weeks, fair catch by 80-D.Amendola.",-0.597,0.473
2017,3,September 24,home,Houston Texans,https://www.pro-football-reference.com/boxscores/201709240nwe.htm,4,07:19,1,10,NE 7,28,30,(7:19) 12-T.Brady pass short middle to 80-D.Amendola to NE 11 for 4 yards (57-B.Scarlett).,0.124,-0.280
2017,3,September 24,home,Houston Texans,https://www.pro-football-reference.com/boxscores/201709240nwe.htm,4,06:42,2,6,NE 11,28,30,(6:42) 12-T.Brady pass short left to 33-D.Lewis pushed ob at NE 16 for 5 yards (41-Z.Cunningham).,-0.156,0.440
2017,3,September 24,home,Houston Texans,https://www.pro-football-reference.com/boxscores/201709240nwe.htm,4,06:12,3,1,NE 16,28,30,(6:12) (Shotgun) 12-T.Brady pass incomplete short left to 87-R.Gronkowski (21-M.Gilchrist).,0.284,-1.454
2017,3,September 24,home,Houston Texans,https://www.pro-football-reference.com/boxscores/201709240nwe.htm,4,06:05,4,1,NE 16,28,30,"(6:05) 6-R.Allen punts 60 yards to HOU 24, Center-49-J.Cardona. 34-T.Ervin to HOU 33 for 9 yards (29-J.Bademosi, 55-C.Marsh).",-1.170,-0.170
2017,3,September 24,home,Houston Texans,https://www.pro-football-reference.com/boxscores/201709240nwe.htm,4,05:55,1,10,HOU 33,28,30,"(5:55) (Shotgun) 4-D.Watson pass short middle to 84-R.Griffin to HOU 45 for 12 yards (53-K.Van Noy). PENALTY on HOU-84-R.Griffin, Offensive Pass Interference, 10 yards, enforced at HOU 33 - No Play.",1.340,-0.992
2017,3,September 24,home,Houston Texans,https://www.pro-football-reference.com/boxscores/201709240nwe.htm,4,05:26,1,20,HOU 23,28,30,"(5:26) (Shotgun) 4-D.Watson pass short right to 27-D.Foreman to NE 46 for 31 yards (32-D.McCourty). Penalty on NE-31-J.Jones, Defensive Holding, declined.",0.348,2.364
2017,3,September 24,home,Houston Texans,https://www.pro-football-reference.com/boxscores/201709240nwe.htm,4,04:50,1,10,NE 46,28,30,(4:50) 26-L.Miller left tackle to NE 45 for 1 yard (55-C.Marsh).,2.712,-0.568
2017,3,September 24,home,Houston Texans,https://www.pro-football-reference.com/boxscores/201709240nwe.htm,4,04:07,2,9,NE 45,28,30,(4:07) (Shotgun) 4-D.Watson pass short right to 12-B.Ellington to NE 27 for 18 yards (31-J.Jones).,2.143,1.544
2017,3,September 24,home,Houston Texans,https://www.pro-football-reference.com/boxscores/201709240nwe.htm,4,03:23,1,10,NE 27,28,30,(3:23) (Shotgun) 26-L.Miller left tackle to NE 20 for 7 yards (53-K.Van Noy).,3.688,0.254
2017,3,September 24,home,Houston Texans,https://www.pro-football-reference.com/boxscores/201709240nwe.htm,4,02:41,2,3,NE 20,28,30,(2:41) 26-L.Miller right guard to NE 18 for 2 yards (53-K.Van Noy).,3.942,0.013
2017,3,September 24,home,Houston Texans,https://www.pro-football-reference.com/boxscores/201709240nwe.htm,4,02:34,,,NE 18,28,30,Timeout #1 by NE at 02:34.,3.955,0.000
2017,3,September 24,home,Houston Texans,https://www.pro-football-reference.com/boxscores/201709240nwe.htm,4,02:34,3,1,NE 18,28,30,"(2:34) (Shotgun) 26-L.Miller up the middle to NE 18 for no gain (90-M.Brown, 93-L.Guy). measurement",3.955,-1.331
2017,3,September 24,home,Houston Texans,https://www.pro-football-reference.com/boxscores/201709240nwe.htm,4,02:28,,,NE 18,28,30,Timeout #2 by NE at 02:28.,2.624,0.000
2017,3,September 24,home,Houston Texans,https://www.pro-football-reference.com/boxscores/201709240nwe.htm,4,02:28,4,1,NE 18,28,33,"(2:28) 7-K.Fairbairn 36 yard field goal is GOOD, Center-46-J.Weeks, Holder-9-S.Lechler.",2.624,0.376
2017,3,September 24,home,Houston Texans,https://www.pro-football-reference.com/boxscores/201709240nwe.htm,4,02:24,,,HOU 35,28,33,"7-K.Fairbairn kicks 65 yards from HOU 35 to end zone, Touchback.",1.152,0.000
2017,3,September 24,home,Houston Texans,https://www.pro-football-reference.com/boxscores/201709240nwe.htm,4,02:24,1,10,NE 25,28,33,(2:24) (Shotgun) 12-T.Brady pass incomplete short middle to 80-D.Amendola (29-A.Hal). HOU-29-A.Hal was injured during the play.,1.152,-0.385
2017,3,September 24,home,Houston Texans,https://www.pro-football-reference.com/boxscores/201709240nwe.htm,4,02:20,2,10,NE 25,28,33,"(2:20) (Shotgun) 12-T.Brady pass deep middle to 14-B.Cooks to NE 44 for 19 yards (43-C.Moore). PENALTY on NE-60-D.Andrews, Offensive Holding, 10 yards, enforced at NE 25 - No Play.",0.767,-0.665
2017,3,September 24,home,Houston Texans,https://www.pro-football-reference.com/boxscores/201709240nwe.htm,4,02:11,2,20,NE 15,28,33,"(2:11) (Shotgun) 12-T.Brady pass short middle to 87-R.Gronkowski to NE 23 for 8 yards (21-M.Gilchrist, 25-K.Jackson).",0.102,0.026
2017,3,September 24,home,Houston Texans,https://www.pro-football-reference.com/boxscores/201709240nwe.htm,4,02:00,3,12,NE 23,28,33,"(2:00) (Shotgun) 12-T.Brady pass short left to 87-R.Gronkowski to NE 38 for 15 yards (41-Z.Cunningham; 21-M.Gilchrist). NE 12-Brady 78th career 300-yard game, 3rd most all-time.",0.128,1.491
2017,3,September 24,home,Houston Texans,https://www.pro-football-reference.com/boxscores/201709240nwe.htm,4,01:33,1,10,NE 38,28,33,"(1:33) (No Huddle, Shotgun) 12-T.Brady pass deep left to 14-B.Cooks ran ob at HOU 44 for 18 yards. NE-14 Cooks 8th career 100-yard game.",1.619,0.983
2017,3,September 24,home,Houston Texans,https://www.pro-football-reference.com/boxscores/201709240nwe.htm,4,01:28,1,10,HOU 44,28,33,"(1:28) (No Huddle, Shotgun) 12-T.Brady sacked at HOU 48 for -4 yards (21-M.Gilchrist). FUMBLES (21-M.Gilchrist), recovered by NE-60-D.Andrews at NE 48. 60-D.Andrews to NE 48 for no gain (99-J.Watt).",2.602,-1.117
2017,3,September 24,home,Houston Texans,https://www.pro-football-reference.com/boxscores/201709240nwe.htm,4,01:00,2,18,NE 48,28,33,"(1:00) (No Huddle, Shotgun) 12-T.Brady pass incomplete deep middle to 14-B.Cooks.",1.485,-0.442
2017,3,September 24,home,Houston Texans,https://www.pro-football-reference.com/boxscores/201709240nwe.htm,4,00:54,,,NE 48,28,33,Timeout #2 by HOU at 00:54.,1.043,0.000
2017,3,September 24,home,Houston Texans,https://www.pro-football-reference.com/boxscores/201709240nwe.htm,4,00:54,3,18,NE 48,28,33,(:54) (Shotgun) 12-T.Brady pass deep right to 80-D.Amendola to HOU 25 for 27 yards (35-E.Pleasant; 29-A.Hal) [99-J.Watt].,1.043,2.150
2017,3,September 24,home,Houston Texans,https://www.pro-football-reference.com/boxscores/201709240nwe.htm,4,00:29,1,10,HOU 25,34,33,"(:29) (No Huddle, Shotgun) 12-T.Brady pass deep left to 14-B.Cooks for 25 yards, TOUCHDOWN [90-J.Clowney]. NE 12-Brady 6th career game with 5+ TD passes, ties Marino for 3rd most all-time. NE 12-Brady 6th career game with 5+ TD passes & no interceptions, 2nd-most all-time (Brees 7). The Replay Official reviewed the pass completion ruling, and the play was Upheld. The ruling on the field stands.",3.194,3.806
2017,3,September 24,home,Houston Texans,https://www.pro-football-reference.com/boxscores/201709240nwe.htm,4,00:23,,,HOU 2,36,33,TWO-POINT CONVERSION ATTEMPT. 12-T.Brady pass to 14-B.Cooks is complete. ATTEMPT SUCCEEDS.,0.947,1.053
2017,3,September 24,home,Houston Texans,https://www.pro-football-reference.com/boxscores/201709240nwe.htm,4,00:23,,,NE 35,36,33,Timeout #3 by NE at 00:23.,0.200,0.000
2017,3,September 24,home,Houston Texans,https://www.pro-football-reference.com/boxscores/201709240nwe.htm,4,00:23,,,NE 35,36,33,"3-S.Gostkowski kicks 65 yards from NE 35 to end zone, Touchback.",0.200,0.000
2017,3,September 24,home,Houston Texans,https://www.pro-football-reference.com/boxscores/201709240nwe.htm,4,00:23,1,10,HOU 25,36,33,(:23) (Shotgun) 4-D.Watson pass deep left to 10-D.Hopkins to HOU 46 for 21 yards (32-D.McCourty).,0.200,-0.060
2017,3,September 24,home,Houston Texans,https://www.pro-football-reference.com/boxscores/201709240nwe.htm,4,00:03,,,HOU 46,36,33,Timeout #3 by HOU at 00:03.,0.140,0.000
2017,3,September 24,home,Houston Texans,https://www.pro-football-reference.com/boxscores/201709240nwe.htm,4,00:03,1,10,HOU 46,36,33,(:03) (Shotgun) 4-D.Watson pass deep middle intended for 12-B.Ellington INTERCEPTED by 30-D.Harmon (87-R.Gronkowski) at NE -5. 30-D.Harmon to NE 7 for 12 yards (13-B.Miller).,0.140,-0.140
2017,4,October 1,home,Carolina Panthers,https://www.pro-football-reference.com/boxscores/201710010nwe.htm,1,15:00,,,CAR 35,0,0,"9-G.Gano kicks 65 yards from CAR 35 to end zone, Touchback.",1.457,0.000
2017,4,October 1,home,Carolina Panthers,https://www.pro-football-reference.com/boxscores/201710010nwe.htm,1,15:00,1,10,NE 25,0,0,"(15:00) NE 12-Brady 239th game as starting QB, tied for 4th all-time (Tarkenton). (Shotgun) 12-T.Brady pass short right to 14-B.Cooks to NE 30 for 5 yards (24-J.Bradberry).",1.457,0.056
2017,4,October 1,home,Carolina Panthers,https://www.pro-football-reference.com/boxscores/201710010nwe.htm,1,14:31,2,5,NE 30,0,0,"(14:31) (Shotgun) 12-T.Brady pass short middle to 87-R.Gronkowski to NE 47 for 17 yards (29-M.Adams, 20-K.Coleman).",1.514,1.357
2017,4,October 1,home,Carolina Panthers,https://www.pro-football-reference.com/boxscores/201710010nwe.htm,1,13:45,1,10,NE 47,0,0,(13:45) (Shotgun) 12-T.Brady pass short right to 80-D.Amendola to CAR 47 for 6 yards (59-L.Kuechly).,2.870,0.198
2017,4,October 1,home,Carolina Panthers,https://www.pro-football-reference.com/boxscores/201710010nwe.htm,1,13:07,2,4,CAR 47,0,0,(13:07) (Shotgun) 12-T.Brady pass short left to 80-D.Amendola pushed ob at CAR 31 for 16 yards (54-S.Thompson).,3.068,1.009
2017,4,October 1,home,Carolina Panthers,https://www.pro-football-reference.com/boxscores/201710010nwe.htm,1,12:32,1,10,CAR 31,0,0,(12:32) 12-T.Brady pass incomplete deep left to 14-B.Cooks.,4.077,-0.380
2017,4,October 1,home,Carolina Panthers,https://www.pro-football-reference.com/boxscores/201710010nwe.htm,1,12:26,2,10,CAR 31,0,0,(12:26) 12-T.Brady pass incomplete short right to 28-J.White.,3.697,-0.637
2017,4,October 1,home,Carolina Panthers,https://www.pro-football-reference.com/boxscores/201710010nwe.htm,1,12:23,3,10,CAR 31,0,0,"(12:23) (Shotgun) 12-T.Brady pass short right to 15-C.Hogan to CAR 23 for 8 yards (20-K.Coleman, 90-J.Peppers). CAR-90-J.Peppers was injured during the play.",3.060,-0.860
2017,4,October 1,home,Carolina Panthers,https://www.pro-football-reference.com/boxscores/201710010nwe.htm,1,11:52,4,2,CAR 23,3,0,"(11:52) 3-S.Gostkowski 41 yard field goal is GOOD, Center-49-J.Cardona, Holder-6-R.Allen.",2.200,0.800
2017,4,October 1,home,Carolina Panthers,https://www.pro-football-reference.com/boxscores/201710010nwe.htm,1,11:47,,,NE 35,3,0,"3-S.Gostkowski kicks 65 yards from NE 35 to end zone, Touchback.",0.760,0.000
2017,4,October 1,home,Carolina Panthers,https://www.pro-football-reference.com/boxscores/201710010nwe.htm,1,11:47,1,10,CAR 25,3,0,"(11:47) 28-J.Stewart up the middle to CAR 26 for 1 yard (53-K.Van Noy, 52-E.Roberts).",0.760,-0.546
2017,4,October 1,home,Carolina Panthers,https://www.pro-football-reference.com/boxscores/201710010nwe.htm,1,11:08,2,9,CAR 26,3,0,(11:08) (Shotgun) 1-C.Newton pass short right to 17-D.Funchess to CAR 40 for 14 yards (21-M.Butler).,0.214,1.464
2017,4,October 1,home,Carolina Panthers,https://www.pro-football-reference.com/boxscores/201710010nwe.htm,1,10:40,1,10,CAR 40,3,0,(10:40) 1-C.Newton pass deep middle to 84-E.Dickson to NE 35 for 25 yards (98-T.Flowers).,1.678,1.876
2017,4,October 1,home,Carolina Panthers,https://www.pro-football-reference.com/boxscores/201710010nwe.htm,1,10:00,1,10,NE 35,3,0,(10:00) 1-C.Newton pass short right to 84-E.Dickson to NE 22 for 13 yards (23-P.Chung).,3.554,0.841
2017,4,October 1,home,Carolina Panthers,https://www.pro-football-reference.com/boxscores/201710010nwe.htm,1,09:20,1,10,NE 22,3,0,"(9:20) 22-C.McCaffrey right end to NE 18 for 4 yards (23-P.Chung, 21-M.Butler).",4.395,-0.087
2017,4,October 1,home,Carolina Panthers,https://www.pro-football-reference.com/boxscores/201710010nwe.htm,1,08:34,2,6,NE 18,3,0,(8:34) (Shotgun) 1-C.Newton pass incomplete deep left to 17-D.Funchess.,4.308,-0.670
2017,4,October 1,home,Carolina Panthers,https://www.pro-football-reference.com/boxscores/201710010nwe.htm,1,08:28,3,6,NE 18,3,0,"(8:28) (Shotgun) 1-C.Newton scrambles right tackle to NE 14 for 4 yards (55-C.Marsh, 32-D.McCourty).",3.639,-0.838
2017,4,October 1,home,Carolina Panthers,https://www.pro-football-reference.com/boxscores/201710010nwe.htm,1,07:45,4,2,NE 14,3,3,"(7:45) 9-G.Gano 32 yard field goal is GOOD, Center-44-J.Jansen, Holder-5-M.Palardy.",2.800,0.200
2017,4,October 1,home,Carolina Panthers,https://www.pro-football-reference.com/boxscores/201710010nwe.htm,1,07:41,,,CAR 35,3,3,"9-G.Gano kicks 65 yards from CAR 35 to end zone, Touchback.",1.404,0.000
2017,4,October 1,home,Carolina Panthers,https://www.pro-football-reference.com/boxscores/201710010nwe.htm,1,07:41,1,10,NE 25,3,3,(7:41) 35-M.Gillislee right tackle to NE 30 for 5 yards (24-J.Bradberry).,1.404,0.019
2017,4,October 1,home,Carolina Panthers,https://www.pro-football-reference.com/boxscores/201710010nwe.htm,1,07:05,2,5,NE 30,3,3,(7:05) 12-T.Brady pass short left to 46-J.Develin to NE 36 for 6 yards (54-S.Thompson).,1.423,0.719
2017,4,October 1,home,Carolina Panthers,https://www.pro-football-reference.com/boxscores/201710010nwe.htm,1,06:24,1,10,NE 36,3,3,"(6:24) 12-T.Brady pass short right to 28-J.White to NE 41 for 5 yards (59-L.Kuechly, 54-S.Thompson).",2.142,-0.037
2017,4,October 1,home,Carolina Panthers,https://www.pro-football-reference.com/boxscores/201710010nwe.htm,1,05:45,2,5,NE 41,3,3,(5:45) (Shotgun) 12-T.Brady pass incomplete short middle to 15-C.Hogan.,2.105,-0.792
2017,4,October 1,home,Carolina Panthers,https://www.pro-football-reference.com/boxscores/201710010nwe.htm,1,05:40,3,5,NE 41,3,3,"(5:40) (Shotgun) 12-T.Brady pass short left to 87-R.Gronkowski to CAR 45 for 14 yards (24-J.Bradberry, 29-M.Adams). PENALTY on NE-80-D.Amendola, Offensive Pass Interference, 10 yards, enforced at NE 41 - No Play.",1.312,-1.264
2017,4,October 1,home,Carolina Panthers,https://www.pro-football-reference.com/boxscores/201710010nwe.htm,1,05:10,3,15,NE 31,3,3,(5:10) (Shotgun) 12-T.Brady sacked at NE 28 for -3 yards (99-K.Short).,0.048,-1.376
2017,4,October 1,home,Carolina Panthers,https://www.pro-football-reference.com/boxscores/201710010nwe.htm,1,04:35,4,18,NE 28,3,3,"(4:35) 6-R.Allen punts 48 yards to CAR 24, Center-49-J.Cardona. 22-C.McCaffrey to CAR 36 for 12 yards (46-J.Develin).",-1.328,-0.101
2017,4,October 1,home,Carolina Panthers,https://www.pro-football-reference.com/boxscores/201710010nwe.htm,1,04:27,1,10,CAR 36,3,3,(4:27) (Shotgun) 22-C.McCaffrey left guard to CAR 41 for 5 yards (98-T.Flowers).,1.429,0.032
2017,4,October 1,home,Carolina Panthers,https://www.pro-football-reference.com/boxscores/201710010nwe.htm,1,03:59,2,5,CAR 41,3,3,"(3:59) (Shotgun) 28-J.Stewart up the middle to CAR 43 for 2 yards (52-E.Roberts, 90-M.Brown).",1.461,-0.474
2017,4,October 1,home,Carolina Panthers,https://www.pro-football-reference.com/boxscores/201710010nwe.htm,1,03:20,3,3,CAR 43,3,3,(3:20) (Shotgun) 1-C.Newton pass deep right intended for 18-D.Byrd INTERCEPTED by 21-M.Butler at NE 28. 21-M.Butler to NE 26 for -2 yards (18-D.Byrd).,0.988,-2.378
2017,4,October 1,home,Carolina Panthers,https://www.pro-football-reference.com/boxscores/201710010nwe.htm,1,03:11,1,10,NE 26,3,3,(3:11) 35-M.Gillislee right end to NE 35 for 9 yards (59-L.Kuechly).,1.390,0.773
2017,4,October 1,home,Carolina Panthers,https://www.pro-football-reference.com/boxscores/201710010nwe.htm,1,02:42,2,1,NE 35,3,3,(2:42) 35-M.Gillislee left end to NE 43 for 8 yards (59-L.Kuechly).,2.164,0.342
2017,4,October 1,home,Carolina Panthers,https://www.pro-football-reference.com/boxscores/201710010nwe.htm,1,02:05,1,10,NE 43,3,3,(2:05) 35-M.Gillislee left guard to NE 43 for no gain (59-L.Kuechly).,2.506,-0.427
2017,4,October 1,home,Carolina Panthers,https://www.pro-football-reference.com/boxscores/201710010nwe.htm,1,01:27,2,10,NE 43,3,3,(1:27) 12-T.Brady pass short left to 46-J.Develin to CAR 49 for 8 yards (59-L.Kuechly).,2.079,0.229
2017,4,October 1,home,Carolina Panthers,https://www.pro-football-reference.com/boxscores/201710010nwe.htm,1,00:53,3,2,CAR 49,3,3,(:53) (Shotgun) 12-T.Brady pass short left to 28-J.White to CAR 46 for 3 yards (54-S.Thompson).,2.308,0.808
2017,4,October 1,home,Carolina Panthers,https://www.pro-football-reference.com/boxscores/201710010nwe.htm,1,00:07,1,10,CAR 46,3,3,(:07) (Shotgun) 12-T.Brady pass short left to 28-J.White to CAR 42 for 4 yards (29-M.Adams).,3.115,-0.175
2017,4,October 1,home,Carolina Panthers,https://www.pro-football-reference.com/boxscores/201710010nwe.htm,2,15:00,2,6,CAR 42,3,3,"(15:00) (Shotgun) 12-T.Brady pass short right to 87-R.Gronkowski to CAR 32 for 10 yards (59-L.Kuechly). PENALTY on NE-87-R.Gronkowski, Offensive Pass Interference, 10 yards, enforced at CAR 42 - No Play.",2.941,-1.005
2017,4,October 1,home,Carolina Panthers,https://www.pro-football-reference.com/boxscores/201710010nwe.htm,2,14:35,2,16,NE 48,3,3,"(14:35) (Shotgun) 12-T.Brady pass incomplete deep right to 87-R.Gronkowski. PENALTY on CAR-29-M.Adams, Defensive Pass Interference, 33 yards, enforced at NE 48 - No Play.",1.935,2.750
2017,4,October 1,home,Carolina Panthers,https://www.pro-football-reference.com/boxscores/201710010nwe.htm,2,14:21,1,10,CAR 19,3,3,(14:21) (Shotgun) 12-T.Brady pass short right to 33-D.Lewis to CAR 10 for 9 yards (54-S.Thompson).,4.685,0.640
2017,4,October 1,home,Carolina Panthers,https://www.pro-football-reference.com/boxscores/201710010nwe.htm,2,13:43,2,1,CAR 10,3,3,(13:43) 35-M.Gillislee left tackle to CAR 6 for 4 yards (59-L.Kuechly). CAR-20-K.Coleman was injured during the play. He is Out.,5.326,0.341
2017,4,October 1,home,Carolina Panthers,https://www.pro-football-reference.com/boxscores/201710010nwe.htm,2,13:26,1,6,CAR 6,3,3,"(13:26) (Shotgun) 33-D.Lewis left guard to CAR 2 for 4 yards (36-D.Cox, 59-L.Kuechly).",5.667,0.257
2017,4,October 1,home,Carolina Panthers,https://www.pro-football-reference.com/boxscores/201710010nwe.htm,2,12:47,2,2,CAR 2,3,3,(12:47) 12-T.Brady pass incomplete short middle to 47-J.Hollister.,5.924,-0.840
2017,4,October 1,home,Carolina Panthers,https://www.pro-football-reference.com/boxscores/201710010nwe.htm,2,12:43,3,2,CAR 2,9,3,"(12:43) (Shotgun) 12-T.Brady pass short middle to 15-C.Hogan for 2 yards, TOUCHDOWN.",5.084,1.916
2017,4,October 1,home,Carolina Panthers,https://www.pro-football-reference.com/boxscores/201710010nwe.htm,2,12:39,,,CAR 15,10,3,"3-S.Gostkowski extra point is GOOD, Center-49-J.Cardona, Holder-6-R.Allen.",0.932,0.068
2017,4,October 1,home,Carolina Panthers,https://www.pro-football-reference.com/boxscores/201710010nwe.htm,2,12:39,,,NE 35,10,3,"3-S.Gostkowski kicks 65 yards from NE 35 to end zone, Touchback.",0.846,0.000
2017,4,October 1,home,Carolina Panthers,https://www.pro-football-reference.com/boxscores/201710010nwe.htm,2,12:39,1,10,CAR 25,10,3,(12:39) (Shotgun) 1-C.Newton pass short right to 22-C.McCaffrey to CAR 36 for 11 yards (25-E.Rowe).,0.846,0.680
2017,4,October 1,home,Carolina Panthers,https://www.pro-football-reference.com/boxscores/201710010nwe.htm,2,11:59,1,10,CAR 36,10,3,"(11:59) (Shotgun) 28-J.Stewart left end to CAR 39 for 3 yards (53-K.Van Noy, 55-C.Marsh).",1.526,-0.261
2017,4,October 1,home,Carolina Panthers,https://www.pro-football-reference.com/boxscores/201710010nwe.htm,2,11:18,2,7,CAR 39,10,3,"(11:18) (Shotgun) 1-C.Newton pass incomplete short right to 17-D.Funchess. Carolina challenged the incomplete pass ruling, and the play was REVERSED. (Shotgun) 1-C.Newton pass short right to 17-D.Funchess ran ob at CAR 48 for 9 yards.",1.266,1.084
2017,4,October 1,home,Carolina Panthers,https://www.pro-football-reference.com/boxscores/201710010nwe.htm,2,11:07,1,10,CAR 48,10,3,"(11:07) 1-C.Newton pass short left to 22-C.McCaffrey to NE 40 for 12 yards (23-P.Chung, 53-K.Van Noy).",2.349,0.795
2017,4,October 1,home,Carolina Panthers,https://www.pro-football-reference.com/boxscores/201710010nwe.htm,2,10:33,1,10,NE 40,10,3,(10:33) (Shotgun) 18-D.Byrd left end to NE 28 for 12 yards (24-S.Gilmore). CAR-18-D.Byrd was injured during the play. He is Out.  reverse,3.144,0.809
2017,4,October 1,home,Carolina Panthers,https://www.pro-football-reference.com/boxscores/201710010nwe.htm,2,09:49,1,10,NE 28,10,9,"(9:49) (Shotgun) 1-C.Newton pass short left to 43-F.Whittaker for 28 yards, TOUCHDOWN.",3.953,3.047
2017,4,October 1,home,Carolina Panthers,https://www.pro-football-reference.com/boxscores/201710010nwe.htm,2,09:41,,,NE 15,10,10,"9-G.Gano extra point is GOOD, Center-44-J.Jansen, Holder-5-M.Palardy.",0.932,0.068
2017,4,October 1,home,Carolina Panthers,https://www.pro-football-reference.com/boxscores/201710010nwe.htm,2,09:41,,,CAR 35,10,10,"9-G.Gano kicks 62 yards from CAR 35 to NE 3. 33-D.Lewis to NE 26 for 23 yards (52-J.Norris, 40-A.Armah).",1.398,-0.012
2017,4,October 1,home,Carolina Panthers,https://www.pro-football-reference.com/boxscores/201710010nwe.htm,2,09:35,1,10,NE 26,10,10,"(9:35) 28-J.White right guard to NE 33 for 7 yards (27-K.Seymour, 99-K.Short).",1.386,0.232
2017,4,October 1,home,Carolina Panthers,https://www.pro-football-reference.com/boxscores/201710010nwe.htm,2,09:08,2,3,NE 33,10,10,(9:08) 35-M.Gillislee left tackle to NE 32 for -1 yards (59-L.Kuechly).,1.618,-0.740
2017,4,October 1,home,Carolina Panthers,https://www.pro-football-reference.com/boxscores/201710010nwe.htm,2,08:37,3,4,NE 32,10,10,(8:37) (Shotgun) 12-T.Brady pass short middle to 28-J.White to NE 37 for 5 yards (54-S.Thompson).,0.878,1.253
2017,4,October 1,home,Carolina Panthers,https://www.pro-football-reference.com/boxscores/201710010nwe.htm,2,07:51,1,10,NE 37,10,10,(7:51) 35-M.Gillislee right guard to NE 43 for 6 yards (24-J.Bradberry).,2.132,0.225
2017,4,October 1,home,Carolina Panthers,https://www.pro-football-reference.com/boxscores/201710010nwe.htm,2,07:20,2,4,NE 43,10,10,(7:20) 35-M.Gillislee left guard to NE 46 for 3 yards (96-W.Horton).,2.357,-0.030
2017,4,October 1,home,Carolina Panthers,https://www.pro-football-reference.com/boxscores/201710010nwe.htm,2,06:49,3,1,NE 46,10,10,(6:49) 12-T.Brady up the middle to NE 48 for 2 yards (93-K.Love).,2.327,0.414
2017,4,October 1,home,Carolina Panthers,https://www.pro-football-reference.com/boxscores/201710010nwe.htm,2,06:10,1,10,NE 48,10,10,(6:10) 12-T.Brady sacked at NE 42 for -6 yards (90-J.Peppers).,2.740,-1.314
2017,4,October 1,home,Carolina Panthers,https://www.pro-football-reference.com/boxscores/201710010nwe.htm,2,05:33,2,16,NE 42,10,10,"(5:33) (Shotgun) 12-T.Brady pass deep left to 87-R.Gronkowski pushed ob at CAR 15 for 43 yards (36-D.Cox). NE 87-Gronkowski 6,393 career rec yds, passes Brown for 3rd-most in franchise history.",1.426,3.430
2017,4,October 1,home,Carolina Panthers,https://www.pro-football-reference.com/boxscores/201710010nwe.htm,2,05:09,1,10,CAR 15,10,10,(5:09) (Shotgun) 12-T.Brady pass short left to 28-J.White to CAR 17 for -2 yards (54-S.Thompson). CAR-97-M.Addison was injured during the play. His return is Questionable.,4.856,-0.877
2017,4,October 1,home,Carolina Panthers,https://www.pro-football-reference.com/boxscores/201710010nwe.htm,2,04:45,2,12,CAR 17,10,10,(4:45) (Shotgun) 12-T.Brady pass incomplete deep middle to 87-R.Gronkowski (29-M.Adams).,3.979,-0.687
2017,4,October 1,home,Carolina Panthers,https://www.pro-football-reference.com/boxscores/201710010nwe.htm,2,04:38,3,12,CAR 17,10,10,(4:38) (Shotgun) 12-T.Brady pass incomplete short left to 15-C.Hogan.,3.291,-0.641
2017,4,October 1,home,Carolina Panthers,https://www.pro-football-reference.com/boxscores/201710010nwe.htm,2,04:34,4,12,CAR 17,13,10,"(4:34) 3-S.Gostkowski 35 yard field goal is GOOD, Center-49-J.Cardona, Holder-6-R.Allen.",2.650,0.350
2017,4,October 1,home,Carolina Panthers,https://www.pro-football-reference.com/boxscores/201710010nwe.htm,2,04:30,,,NE 35,13,10,3-S.Gostkowski kicks 67 yards from NE 35 to CAR -2. 22-C.McCaffrey to CAR 16 for 18 yards (38-B.Bolden).,0.870,-0.571
2017,4,October 1,home,Carolina Panthers,https://www.pro-football-reference.com/boxscores/201710010nwe.htm,2,04:25,1,10,CAR 16,13,10,(4:25) (Shotgun) 1-C.Newton sacked at CAR 16 for 0 yards (53-K.Van Noy).,0.300,-0.483
2017,4,October 1,home,Carolina Panthers,https://www.pro-football-reference.com/boxscores/201710010nwe.htm,2,03:42,2,10,CAR 16,13,10,"(3:42) 28-J.Stewart up the middle to CAR 18 for 2 yards (52-E.Roberts, 90-M.Brown).",-0.183,-0.379
2017,4,October 1,home,Carolina Panthers,https://www.pro-football-reference.com/boxscores/201710010nwe.htm,2,02:56,3,8,CAR 18,13,10,(2:56) (Shotgun) 1-C.Newton pass short right to 17-D.Funchess pushed ob at CAR 31 for 13 yards (21-M.Butler) [98-T.Flowers].,-0.562,1.922
2017,4,October 1,home,Carolina Panthers,https://www.pro-football-reference.com/boxscores/201710010nwe.htm,2,02:28,1,10,CAR 31,13,10,(2:28) (Shotgun) 1-C.Newton pass short right to 13-K.Benjamin to CAR 42 for 11 yards (21-M.Butler).,1.360,0.484
2017,4,October 1,home,Carolina Panthers,https://www.pro-football-reference.com/boxscores/201710010nwe.htm,2,02:01,1,10,CAR 42,13,10,"(2:01) (No Huddle, Shotgun) 22-C.McCaffrey right guard to CAR 42 for no gain (52-E.Roberts).",1.844,-0.417
2017,4,October 1,home,Carolina Panthers,https://www.pro-football-reference.com/boxscores/201710010nwe.htm,2,01:58,2,10,CAR 42,13,10,"(1:58) (Shotgun) 1-C.Newton scrambles right guard to CAR 43 for 1 yard (90-M.Brown, 98-T.Flowers).",1.427,-0.425
2017,4,October 1,home,Carolina Panthers,https://www.pro-football-reference.com/boxscores/201710010nwe.htm,2,01:14,3,9,CAR 43,13,10,(1:14) (Shotgun) 1-C.Newton pass deep left to 13-K.Benjamin to NE 14 for 43 yards (30-D.Harmon).,1.002,3.536
2017,4,October 1,home,Carolina Panthers,https://www.pro-football-reference.com/boxscores/201710010nwe.htm,2,00:36,1,10,NE 14,13,10,"(:36) (No Huddle, Shotgun) 22-C.McCaffrey right end pushed ob at NE 10 for 4 yards (21-M.Butler).",4.538,-0.124
2017,4,October 1,home,Carolina Panthers,https://www.pro-football-reference.com/boxscores/201710010nwe.htm,2,00:31,2,6,NE 10,13,16,"(:31) (Shotgun) 1-C.Newton pass short left to 17-D.Funchess for 10 yards, TOUCHDOWN.",4.414,2.586
2017,4,October 1,home,Carolina Panthers,https://www.pro-football-reference.com/boxscores/201710010nwe.htm,2,00:26,,,NE 15,13,17,"9-G.Gano extra point is GOOD, Center-44-J.Jansen, Holder-5-M.Palardy.",0.932,0.068
2017,4,October 1,home,Carolina Panthers,https://www.pro-football-reference.com/boxscores/201710010nwe.htm,2,00:26,,,CAR 35,13,17,"9-G.Gano kicks 65 yards from CAR 35 to end zone, Touchback.",0.351,0.000
2017,4,October 1,home,Carolina Panthers,https://www.pro-football-reference.com/boxscores/201710010nwe.htm,2,00:26,1,10,NE 25,13,17,(:26) (Shotgun) 12-T.Brady pass short middle to 28-J.White to NE 34 for 9 yards (59-L.Kuechly).,0.351,0.111
2017,4,October 1,home,Carolina Panthers,https://www.pro-football-reference.com/boxscores/201710010nwe.htm,2,00:18,,,NE 34,13,17,Timeout #1 by NE at 00:18.,0.462,0.000
2017,4,October 1,home,Carolina Panthers,https://www.pro-football-reference.com/boxscores/201710010nwe.htm,2,00:18,2,1,NE 34,13,17,(:18) (Shotgun) 12-T.Brady pass incomplete deep middle to 15-C.Hogan (29-M.Adams) [90-J.Peppers].,0.462,-0.243
2017,4,October 1,home,Carolina Panthers,https://www.pro-football-reference.com/boxscores/201710010nwe.htm,2,00:11,3,1,NE 34,13,17,(:11) (Shotgun) 12-T.Brady pass deep left to 15-C.Hogan to CAR 40 for 26 yards (29-M.Adams).,0.219,1.154
2017,4,October 1,home,Carolina Panthers,https://www.pro-football-reference.com/boxscores/201710010nwe.htm,2,00:04,,,CAR 40,13,17,Timeout #2 by NE at 00:04.,1.372,0.000
2017,4,October 1,home,Carolina Panthers,https://www.pro-football-reference.com/boxscores/201710010nwe.htm,2,00:04,1,10,CAR 40,16,17,"(:04) 3-S.Gostkowski 58 yard field goal is GOOD, Center-49-J.Cardona, Holder-6-R.Allen. Kick good off of right upright. NE 3-Gostkowski longest FG of his career and longest in franchise history.",1.372,1.628
2017,4,October 1,home,Carolina Panthers,https://www.pro-football-reference.com/boxscores/201710010nwe.htm,3,15:00,,,NE 35,16,17,"3-S.Gostkowski kicks 65 yards from NE 35 to end zone, Touchback.",0.651,0.000
2017,4,October 1,home,Carolina Panthers,https://www.pro-football-reference.com/boxscores/201710010nwe.htm,3,15:00,1,10,CAR 25,16,17,"(15:00) 1-C.Newton pass short middle to 13-K.Benjamin to CAR 36 for 11 yards (23-P.Chung, 25-E.Rowe). NE-25-E.Rowe was injured during the play. His return is Questionable.",0.651,0.785
2017,4,October 1,home,Carolina Panthers,https://www.pro-football-reference.com/boxscores/201710010nwe.htm,3,14:32,1,10,CAR 36,16,17,(14:32) (Shotgun) 1-C.Newton pass deep left to 84-E.Dickson to NE 40 for 24 yards (32-D.McCourty).,1.436,1.754
2017,4,October 1,home,Carolina Panthers,https://www.pro-football-reference.com/boxscores/201710010nwe.htm,3,13:58,1,10,NE 40,16,17,(13:58) (Shotgun) 1-C.Newton pass incomplete short left to 22-C.McCaffrey.,3.190,-0.500
2017,4,October 1,home,Carolina Panthers,https://www.pro-football-reference.com/boxscores/201710010nwe.htm,3,13:50,2,10,NE 40,16,17,(13:50) (Shotgun) 1-C.Newton pass short middle to 19-R.Shepard to NE 27 for 13 yards (24-S.Gilmore).,2.690,1.382
2017,4,October 1,home,Carolina Panthers,https://www.pro-football-reference.com/boxscores/201710010nwe.htm,3,13:12,1,10,NE 27,16,17,(13:12) 28-J.Stewart up the middle to NE 13 for 14 yards (32-D.McCourty).,4.072,0.864
2017,4,October 1,home,Carolina Panthers,https://www.pro-football-reference.com/boxscores/201710010nwe.htm,3,12:29,1,10,NE 13,16,17,"(12:29) 28-J.Stewart right guard to NE 9 for 4 yards (98-T.Flowers). FUMBLES (98-T.Flowers), RECOVERED by NE-52-E.Roberts at NE 7. 52-E.Roberts to NE 7 for no gain (28-J.Stewart).",4.936,-4.947
2017,4,October 1,home,Carolina Panthers,https://www.pro-football-reference.com/boxscores/201710010nwe.htm,3,12:19,1,10,NE 7,16,17,"(12:19) (Shotgun) 12-T.Brady pass incomplete short middle to 80-D.Amendola. NE 12-Brady 8,359th career pass attempt, passes Marino for 4th all-time.",0.011,-0.539
2017,4,October 1,home,Carolina Panthers,https://www.pro-football-reference.com/boxscores/201710010nwe.htm,3,12:15,2,10,NE 7,16,17,(12:15) (Shotgun) 12-T.Brady pass short middle to 15-C.Hogan to NE 15 for 8 yards (41-C.Munnerlyn).,-0.528,0.494
2017,4,October 1,home,Carolina Panthers,https://www.pro-football-reference.com/boxscores/201710010nwe.htm,3,11:39,3,2,NE 15,16,17,(11:39) (Shotgun) 12-T.Brady pass short left to 28-J.White to NE 18 for 3 yards (59-L.Kuechly).,-0.035,0.884
2017,4,October 1,home,Carolina Panthers,https://www.pro-football-reference.com/boxscores/201710010nwe.htm,3,11:04,1,10,NE 18,16,17,(11:04) 35-M.Gillislee right guard to NE 31 for 13 yards (29-M.Adams).,0.850,0.958
2017,4,October 1,home,Carolina Panthers,https://www.pro-football-reference.com/boxscores/201710010nwe.htm,3,10:39,1,10,NE 31,16,17,"(10:39) 35-M.Gillislee up the middle to NE 37 for 6 yards (58-T.Davis, 90-J.Peppers).",1.808,0.252
2017,4,October 1,home,Carolina Panthers,https://www.pro-football-reference.com/boxscores/201710010nwe.htm,3,10:10,2,4,NE 37,16,17,(10:10) 12-T.Brady pass incomplete deep right to 83-D.Allen.,2.060,-0.781
2017,4,October 1,home,Carolina Panthers,https://www.pro-football-reference.com/boxscores/201710010nwe.htm,3,10:01,3,4,NE 37,16,17,(10:01) (Shotgun) 12-T.Brady sacked at NE 32 for -5 yards (90-J.Peppers).,1.279,-2.040
2017,4,October 1,home,Carolina Panthers,https://www.pro-football-reference.com/boxscores/201710010nwe.htm,3,09:28,4,9,NE 32,16,17,"(9:28) 6-R.Allen punts 49 yards to CAR 19, Center-49-J.Cardona. 22-C.McCaffrey to CAR 32 for 13 yards (31-J.Jones).",-0.761,-0.461
2017,4,October 1,home,Carolina Panthers,https://www.pro-football-reference.com/boxscores/201710010nwe.htm,3,09:17,1,10,CAR 32,16,17,"(9:17) (Shotgun) 28-J.Stewart left guard to CAR 41 for 9 yards (32-D.McCourty, 53-K.Van Noy).",1.222,0.758
2017,4,October 1,home,Carolina Panthers,https://www.pro-football-reference.com/boxscores/201710010nwe.htm,3,08:41,2,1,CAR 41,16,17,"(8:41) 28-J.Stewart right guard to CAR 45 for 4 yards (21-M.Butler, 23-P.Chung).",1.980,0.063
2017,4,October 1,home,Carolina Panthers,https://www.pro-football-reference.com/boxscores/201710010nwe.htm,3,08:05,1,10,CAR 45,16,17,(8:05) (Shotgun) 1-C.Newton pass short right to 43-F.Whittaker to NE 49 for 6 yards (52-E.Roberts).,2.043,0.298
2017,4,October 1,home,Carolina Panthers,https://www.pro-football-reference.com/boxscores/201710010nwe.htm,3,07:28,2,4,NE 49,16,17,"(7:28) (Shotgun) 22-C.McCaffrey right end to NE 47 for 2 yards (55-C.Marsh, 32-D.McCourty).",2.342,-0.378
2017,4,October 1,home,Carolina Panthers,https://www.pro-football-reference.com/boxscores/201710010nwe.htm,3,06:54,3,2,NE 47,16,17,(6:54) (Shotgun) 1-C.Newton right end to NE 39 for 8 yards (31-J.Jones). NE-52-E.Roberts was injured during the play. His return is Questionable.,1.963,1.329
2017,4,October 1,home,Carolina Panthers,https://www.pro-football-reference.com/boxscores/201710010nwe.htm,3,06:15,1,10,NE 39,16,17,(6:15) (Shotgun) 1-C.Newton pass short left to 22-C.McCaffrey to NE 38 for 1 yard (23-P.Chung).,3.293,-0.513
2017,4,October 1,home,Carolina Panthers,https://www.pro-football-reference.com/boxscores/201710010nwe.htm,3,05:33,2,9,NE 38,16,17,(5:33) (Shotgun) 28-J.Stewart left end to NE 37 for 1 yard (53-K.Van Noy).,2.780,-0.651
2017,4,October 1,home,Carolina Panthers,https://www.pro-football-reference.com/boxscores/201710010nwe.htm,3,04:49,3,8,NE 37,16,17,"(4:49) (Shotgun) 1-C.Newton pass incomplete short right to 17-D.Funchess. PENALTY on NE-24-S.Gilmore, Illegal Use of Hands, 5 yards, enforced at NE 37 - No Play.",2.129,1.602
2017,4,October 1,home,Carolina Panthers,https://www.pro-football-reference.com/boxscores/201710010nwe.htm,3,04:42,1,10,NE 32,16,17,(4:42) (Shotgun) 1-C.Newton pass short left to 17-D.Funchess pushed ob at NE 29 for 3 yards (31-J.Jones).,3.731,-0.163
2017,4,October 1,home,Carolina Panthers,https://www.pro-football-reference.com/boxscores/201710010nwe.htm,3,04:16,2,7,NE 29,16,17,"(4:16) (Shotgun) 1-C.Newton pass short left to 43-F.Whittaker to NE 29 for no gain (59-M.Flowers, 24-S.Gilmore).",3.568,-0.643
2017,4,October 1,home,Carolina Panthers,https://www.pro-football-reference.com/boxscores/201710010nwe.htm,3,03:32,3,7,NE 29,16,17,(3:32) (Shotgun) 1-C.Newton up the middle to NE 16 for 13 yards (30-D.Harmon).,2.925,1.757
2017,4,October 1,home,Carolina Panthers,https://www.pro-football-reference.com/boxscores/201710010nwe.htm,3,02:51,1,10,NE 16,16,23,"(2:51) (Shotgun) 1-C.Newton pass short middle to 17-D.Funchess for 16 yards, TOUCHDOWN.",4.682,2.318
2017,4,October 1,home,Carolina Panthers,https://www.pro-football-reference.com/boxscores/201710010nwe.htm,3,02:47,,,NE 15,16,23,"9-G.Gano extra point is No Good, Wide Left, Center-44-J.Jansen, Holder-5-M.Palardy.",0.932,-0.932
2017,4,October 1,home,Carolina Panthers,https://www.pro-football-reference.com/boxscores/201710010nwe.htm,3,02:47,,,CAR 35,16,23,"9-G.Gano kicks 65 yards from CAR 35 to end zone, Touchback.",1.360,0.000
2017,4,October 1,home,Carolina Panthers,https://www.pro-football-reference.com/boxscores/201710010nwe.htm,3,02:47,1,10,NE 25,16,23,(2:47) 12-T.Brady pass short middle to 14-B.Cooks to NE 41 for 16 yards (24-J.Bradberry) [93-K.Love].,1.360,0.986
2017,4,October 1,home,Carolina Panthers,https://www.pro-football-reference.com/boxscores/201710010nwe.htm,3,02:16,1,10,NE 41,16,23,(2:16) 35-M.Gillislee right guard to NE 37 for -4 yards (92-V.Butler).,2.346,-1.051
2017,4,October 1,home,Carolina Panthers,https://www.pro-football-reference.com/boxscores/201710010nwe.htm,3,01:44,2,14,NE 37,16,23,(1:44) (Shotgun) 12-T.Brady pass short right to 80-D.Amendola to NE 41 for 4 yards (59-L.Kuechly).,1.295,-0.175
2017,4,October 1,home,Carolina Panthers,https://www.pro-football-reference.com/boxscores/201710010nwe.htm,3,01:03,3,10,NE 41,16,23,(1:03) (Shotgun) 12-T.Brady pass incomplete deep middle to 14-B.Cooks [99-K.Short].,1.120,-1.512
2017,4,October 1,home,Carolina Panthers,https://www.pro-football-reference.com/boxscores/201710010nwe.htm,3,00:57,4,10,NE 41,16,23,"(:57) 6-R.Allen punts 38 yards to CAR 21, Center-49-J.Cardona, downed by NE-38-B.Bolden. PENALTY on NE-31-J.Jones, Interference with Opportunity to Catch, 15 yards, enforced at CAR 21.",-0.391,-1.058
2017,4,October 1,home,Carolina Panthers,https://www.pro-football-reference.com/boxscores/201710010nwe.htm,3,00:48,1,10,CAR 36,16,23,(:48) 1-C.Newton pass incomplete short left to 22-C.McCaffrey.,1.449,-0.494
2017,4,October 1,home,Carolina Panthers,https://www.pro-football-reference.com/boxscores/201710010nwe.htm,3,00:43,2,10,CAR 36,16,23,"(:43) (Shotgun) 1-C.Newton pass incomplete deep right to 17-D.Funchess (21-M.Butler). PENALTY on NE-98-T.Flowers, Defensive Offside, 5 yards, enforced at CAR 36 - No Play.",0.956,0.513
2017,4,October 1,home,Carolina Panthers,https://www.pro-football-reference.com/boxscores/201710010nwe.htm,3,00:38,2,5,CAR 41,16,23,(:38) (Shotgun) 22-C.McCaffrey left guard to CAR 42 for 1 yard (24-S.Gilmore).,1.469,-0.647
2017,4,October 1,home,Carolina Panthers,https://www.pro-football-reference.com/boxscores/201710010nwe.htm,4,15:00,3,4,CAR 42,16,23,(15:00) (Shotgun) 1-C.Newton pass deep right to 13-K.Benjamin to NE 19 for 39 yards (21-M.Butler).,0.822,3.646
2017,4,October 1,home,Carolina Panthers,https://www.pro-football-reference.com/boxscores/201710010nwe.htm,4,14:19,1,10,NE 19,16,23,(14:19) 28-J.Stewart up the middle to NE 16 for 3 yards (91-D.Wise).,4.468,-0.156
2017,4,October 1,home,Carolina Panthers,https://www.pro-football-reference.com/boxscores/201710010nwe.htm,4,13:39,2,7,NE 16,16,23,(13:39) (Shotgun) 1-C.Newton pass short middle to 22-C.McCaffrey to NE 7 for 9 yards (53-K.Van Noy).,4.312,1.103
2017,4,October 1,home,Carolina Panthers,https://www.pro-football-reference.com/boxscores/201710010nwe.htm,4,13:03,1,7,NE 7,16,29,"(13:03) (Shotgun) 1-C.Newton left guard for 7 yards, TOUCHDOWN. CAR 1-Newton 50th career rush TD, extends NFL record for rush TD by QB.",5.415,1.585
2017,4,October 1,home,Carolina Panthers,https://www.pro-football-reference.com/boxscores/201710010nwe.htm,4,12:58,,,NE 15,16,30,"9-G.Gano extra point is GOOD, Center-44-J.Jansen, Holder-5-M.Palardy.",0.932,0.068
2017,4,October 1,home,Carolina Panthers,https://www.pro-football-reference.com/boxscores/201710010nwe.htm,4,12:58,,,CAR 35,16,30,"9-G.Gano kicks 65 yards from CAR 35 to end zone, Touchback.",1.431,0.000
2017,4,October 1,home,Carolina Panthers,https://www.pro-football-reference.com/boxscores/201710010nwe.htm,4,12:58,1,10,NE 25,16,30,(12:58) (Shotgun) 12-T.Brady pass short right to 28-J.White pushed ob at NE 31 for 6 yards (36-D.Cox).,1.431,0.113
2017,4,October 1,home,Carolina Panthers,https://www.pro-football-reference.com/boxscores/201710010nwe.htm,4,12:34,2,4,NE 31,16,30,(12:34) (Shotgun) 12-T.Brady pass short right to 28-J.White to NE 39 for 8 yards (58-T.Davis).,1.543,0.658
2017,4,October 1,home,Carolina Panthers,https://www.pro-football-reference.com/boxscores/201710010nwe.htm,4,12:01,1,10,NE 39,16,30,(12:01) (Shotgun) 12-T.Brady pass short left to 15-C.Hogan to CAR 45 for 16 yards (29-M.Adams).,2.202,0.938
2017,4,October 1,home,Carolina Panthers,https://www.pro-football-reference.com/boxscores/201710010nwe.htm,4,11:22,1,10,CAR 45,16,30,(11:22) 33-D.Lewis up the middle to CAR 44 for 1 yard (54-S.Thompson).,3.139,-0.454
2017,4,October 1,home,Carolina Panthers,https://www.pro-football-reference.com/boxscores/201710010nwe.htm,4,10:46,2,9,CAR 44,16,30,(10:46) (Shotgun) 12-T.Brady pass short right to 28-J.White to CAR 38 for 6 yards (54-S.Thompson).,2.685,0.083
2017,4,October 1,home,Carolina Panthers,https://www.pro-football-reference.com/boxscores/201710010nwe.htm,4,10:05,3,3,CAR 38,16,30,(10:05) (Shotgun) 12-T.Brady pass incomplete short right to 28-J.White [93-K.Love].,2.769,-1.891
2017,4,October 1,home,Carolina Panthers,https://www.pro-football-reference.com/boxscores/201710010nwe.htm,4,09:59,4,3,CAR 38,16,30,(9:59) (Shotgun) 12-T.Brady pass short right to 87-R.Gronkowski to CAR 25 for 13 yards (54-S.Thompson).,0.878,3.413
2017,4,October 1,home,Carolina Panthers,https://www.pro-football-reference.com/boxscores/201710010nwe.htm,4,09:21,1,10,CAR 25,16,30,(9:21) (Shotgun) 12-T.Brady pass short right to 13-P.Dorsett pushed ob at CAR 8 for 17 yards (36-D.Cox).,4.291,1.074
2017,4,October 1,home,Carolina Panthers,https://www.pro-football-reference.com/boxscores/201710010nwe.htm,4,08:52,1,8,CAR 8,22,30,"(8:52) 33-D.Lewis left end for 8 yards, TOUCHDOWN.",5.365,1.635
2017,4,October 1,home,Carolina Panthers,https://www.pro-football-reference.com/boxscores/201710010nwe.htm,4,08:46,,,CAR 15,23,30,"3-S.Gostkowski extra point is GOOD, Center-49-J.Cardona, Holder-6-R.Allen.",0.932,0.068
2017,4,October 1,home,Carolina Panthers,https://www.pro-football-reference.com/boxscores/201710010nwe.htm,4,08:46,,,NE 35,23,30,"3-S.Gostkowski kicks 63 yards from NE 35 to CAR 2. 22-C.McCaffrey to CAR 21 for 19 yards (37-J.Richards, 43-N.Ebner).",0.992,-0.297
2017,4,October 1,home,Carolina Panthers,https://www.pro-football-reference.com/boxscores/201710010nwe.htm,4,08:41,1,10,CAR 21,23,30,(8:41) 1-C.Newton pass incomplete short right to 28-J.Stewart [98-T.Flowers].,0.694,-0.501
2017,4,October 1,home,Carolina Panthers,https://www.pro-football-reference.com/boxscores/201710010nwe.htm,4,08:35,,,CAR 21,23,30,Timeout #1 by CAR at 08:35.,0.194,0.000
2017,4,October 1,home,Carolina Panthers,https://www.pro-football-reference.com/boxscores/201710010nwe.htm,4,08:35,2,10,CAR 21,23,30,"(8:35) 28-J.Stewart up the middle to CAR 26 for 5 yards (93-L.Guy). CAR-70-T.Turner was injured during the play.  CAR 28-Stewart 6,848 career rush yds, new franchise record (Williams, 6,846).",0.194,-0.080
2017,4,October 1,home,Carolina Panthers,https://www.pro-football-reference.com/boxscores/201710010nwe.htm,4,07:59,3,5,CAR 26,23,30,"(7:59) (Shotgun) 1-C.Newton sacked at CAR 14 for -12 yards (54-D.Hightower). Penalty on CAR-65-A.Silatolu, Offensive Holding, declined.",0.114,-2.274
2017,4,October 1,home,Carolina Panthers,https://www.pro-football-reference.com/boxscores/201710010nwe.htm,4,07:34,4,17,CAR 14,23,30,"(7:34) 5-M.Palardy punts 35 yards to CAR 49, Center-44-J.Jansen, fair catch by 80-D.Amendola.",-2.160,-0.707
2017,4,October 1,home,Carolina Panthers,https://www.pro-football-reference.com/boxscores/201710010nwe.htm,4,07:27,1,10,CAR 49,23,30,(7:27) (Shotgun) 12-T.Brady pass deep right to 14-B.Cooks to CAR 32 for 17 yards (24-J.Bradberry).,2.867,0.958
2017,4,October 1,home,Carolina Panthers,https://www.pro-football-reference.com/boxscores/201710010nwe.htm,4,06:52,1,10,CAR 32,23,30,(6:52) (Shotgun) 12-T.Brady pass incomplete short right to 14-B.Cooks.,3.825,-0.334
2017,4,October 1,home,Carolina Panthers,https://www.pro-football-reference.com/boxscores/201710010nwe.htm,4,06:48,2,10,CAR 32,23,30,(6:48) (Shotgun) 12-T.Brady pass short right to 87-R.Gronkowski to CAR 25 for 7 yards (29-M.Adams).,3.491,0.051
2017,4,October 1,home,Carolina Panthers,https://www.pro-football-reference.com/boxscores/201710010nwe.htm,4,06:16,3,3,CAR 25,23,30,(6:16) (Shotgun) 12-T.Brady pass short left to 80-D.Amendola to CAR 20 for 5 yards (24-J.Bradberry).,3.542,0.935
2017,4,October 1,home,Carolina Panthers,https://www.pro-football-reference.com/boxscores/201710010nwe.htm,4,05:39,1,10,CAR 20,23,30,(5:39) 14-B.Cooks right end to CAR 16 for 4 yards (29-M.Adams).,4.477,-0.063
2017,4,October 1,home,Carolina Panthers,https://www.pro-football-reference.com/boxscores/201710010nwe.htm,4,05:06,2,6,CAR 16,23,30,"(5:06) (Shotgun) 12-T.Brady pass short left to 80-D.Amendola to CAR 6 for 10 yards (59-L.Kuechly). NE 12-Brady 79th career 300-yard game, 3rd most all-time.",4.414,1.125
2017,4,October 1,home,Carolina Panthers,https://www.pro-football-reference.com/boxscores/201710010nwe.htm,4,04:31,1,6,CAR 6,23,30,"(4:31) (Shotgun) 33-D.Lewis left guard to CAR 1 for 5 yards (41-C.Munnerlyn, 59-L.Kuechly).",5.539,0.582
2017,4,October 1,home,Carolina Panthers,https://www.pro-football-reference.com/boxscores/201710010nwe.htm,4,03:57,2,1,CAR 1,23,30,(3:57) 35-M.Gillislee left tackle to CAR 1 for no gain (98-S.Lotulelei).,6.121,-0.422
2017,4,October 1,home,Carolina Panthers,https://www.pro-football-reference.com/boxscores/201710010nwe.htm,4,03:18,3,1,CAR 1,23,30,(3:18) (Shotgun) 12-T.Brady pass incomplete short left to 15-C.Hogan (24-J.Bradberry).,5.699,-1.350
2017,4,October 1,home,Carolina Panthers,https://www.pro-football-reference.com/boxscores/201710010nwe.htm,4,03:14,4,1,CAR 1,29,30,"(3:14) (Shotgun) 12-T.Brady pass short middle to 80-D.Amendola for 1 yard, TOUCHDOWN.",4.349,2.651
2017,4,October 1,home,Carolina Panthers,https://www.pro-football-reference.com/boxscores/201710010nwe.htm,4,03:09,,,CAR 15,30,30,"3-S.Gostkowski extra point is GOOD, Center-49-J.Cardona, Holder-6-R.Allen.",0.932,0.068
2017,4,October 1,home,Carolina Panthers,https://www.pro-football-reference.com/boxscores/201710010nwe.htm,4,03:09,,,NE 35,30,30,"3-S.Gostkowski kicks 62 yards from NE 35 to CAR 3. 22-C.McCaffrey to CAR 24 for 21 yards (43-N.Ebner, 23-P.Chung).",0.809,-0.071
2017,4,October 1,home,Carolina Panthers,https://www.pro-football-reference.com/boxscores/201710010nwe.htm,4,03:04,1,10,CAR 24,30,30,(3:04) 1-C.Newton pass incomplete short left to 84-E.Dickson.,0.738,-0.460
2017,4,October 1,home,Carolina Panthers,https://www.pro-football-reference.com/boxscores/201710010nwe.htm,4,03:00,2,10,CAR 24,30,30,"(3:00) (Shotgun) 28-J.Stewart up the middle to CAR 27 for 3 yards (55-C.Marsh, 98-T.Flowers).",0.278,-0.200
2017,4,October 1,home,Carolina Panthers,https://www.pro-football-reference.com/boxscores/201710010nwe.htm,4,02:23,3,7,CAR 27,30,30,"(2:23) (Shotgun) 1-C.Newton sacked at CAR 16 for -11 yards (91-D.Wise). PENALTY on NE-24-S.Gilmore, Illegal Use of Hands, 5 yards, enforced at CAR 27 - No Play.",0.078,1.269
2017,4,October 1,home,Carolina Panthers,https://www.pro-football-reference.com/boxscores/201710010nwe.htm,4,02:11,1,10,CAR 32,30,30,(2:11) 28-J.Stewart left tackle to CAR 47 for 15 yards (93-L.Guy).,1.347,0.695
2017,4,October 1,home,Carolina Panthers,https://www.pro-football-reference.com/boxscores/201710010nwe.htm,4,02:00,1,10,CAR 47,30,30,(2:00) (Shotgun) 1-C.Newton pass incomplete deep right to 17-D.Funchess. CAR-17-D.Funchess was injured during the play.,2.042,-0.437
2017,4,October 1,home,Carolina Panthers,https://www.pro-football-reference.com/boxscores/201710010nwe.htm,4,01:53,2,10,CAR 47,30,30,(1:53) (Shotgun) 1-C.Newton up the middle to NE 46 for 7 yards (93-L.Guy).,1.605,0.396
2017,4,October 1,home,Carolina Panthers,https://www.pro-football-reference.com/boxscores/201710010nwe.htm,4,01:05,3,3,NE 46,30,30,(1:05) (Shotgun) 1-C.Newton pass short right to 17-D.Funchess to NE 41 for 5 yards (21-M.Butler). CAR-17-D.Funchess was injured during the play.,2.001,0.358
2017,4,October 1,home,Carolina Panthers,https://www.pro-football-reference.com/boxscores/201710010nwe.htm,4,00:47,,,NE 41,30,30,Timeout #2 by CAR at 00:47. injury in last 2 minutes of half,2.360,0.000
2017,4,October 1,home,Carolina Panthers,https://www.pro-football-reference.com/boxscores/201710010nwe.htm,4,00:47,1,10,NE 41,30,30,"(:47) (Shotgun) 28-J.Stewart up the middle to NE 39 for 2 yards (90-M.Brown). PENALTY on NE-23-P.Chung, Defensive Holding, 5 yards, enforced at NE 39.",2.360,0.557
2017,4,October 1,home,Carolina Panthers,https://www.pro-football-reference.com/boxscores/201710010nwe.htm,4,00:41,1,10,NE 34,30,30,(:41) (Shotgun) 1-C.Newton up the middle to NE 31 for 3 yards (98-T.Flowers).,2.917,-0.647
2017,4,October 1,home,Carolina Panthers,https://www.pro-football-reference.com/boxscores/201710010nwe.htm,4,00:11,2,7,NE 31,30,30,(:11) 1-C.Newton up the middle to NE 30 for 1 yard (54-D.Hightower).,2.270,-0.164
2017,4,October 1,home,Carolina Panthers,https://www.pro-football-reference.com/boxscores/201710010nwe.htm,4,00:04,,,,30,30,Timeout #3 by CAR at 00:04.,2.106,0.000
2017,4,October 1,home,Carolina Panthers,https://www.pro-football-reference.com/boxscores/201710010nwe.htm,4,00:04,,,NE 30,30,30,Timeout #1 by NE at 00:04.,2.106,0.000
2017,4,October 1,home,Carolina Panthers,https://www.pro-football-reference.com/boxscores/201710010nwe.htm,4,00:04,3,6,NE 30,30,33,"(:04) 9-G.Gano 48 yard field goal is GOOD, Center-44-J.Jansen, Holder-5-M.Palardy.",2.106,0.894
2017,5,October 5,away,Tampa Bay Buccaneers,https://www.pro-football-reference.com/boxscores/201710050tam.htm,1,15:00,,,TB 35,0,0,2-N.Folk kicks 65 yards from TB 35 to NE 0. 33-D.Lewis to NE 23 for 23 yards (36-R.McClain).,0.651,-0.270
2017,5,October 5,away,Tampa Bay Buccaneers,https://www.pro-football-reference.com/boxscores/201710050tam.htm,1,14:54,1,10,NE 23,0,0,(14:54) 12-T.Brady pass short left to 15-C.Hogan pushed ob at NE 29 for 6 yards (59-D.Bond).,0.381,0.450
2017,5,October 5,away,Tampa Bay Buccaneers,https://www.pro-football-reference.com/boxscores/201710050tam.htm,1,14:31,2,4,NE 29,0,0,(14:31) (Shotgun) 12-T.Brady pass short middle to 80-D.Amendola to NE 34 for 5 yards (21-J.Evans).,0.831,0.386
2017,5,October 5,away,Tampa Bay Buccaneers,https://www.pro-football-reference.com/boxscores/201710050tam.htm,1,14:06,1,10,NE 34,0,0,"(14:06) (No Huddle, Shotgun) 12-T.Brady pass short left to 28-J.White to NE 39 for 5 yards (51-K.Beckwith).",1.217,0.144
2017,5,October 5,away,Tampa Bay Buccaneers,https://www.pro-football-reference.com/boxscores/201710050tam.htm,1,13:40,2,5,NE 39,0,0,"(13:40) (No Huddle, Shotgun) 12-T.Brady pass short middle to 15-C.Hogan to NE 45 for 6 yards (53-A.Glanton).",1.362,0.691
2017,5,October 5,away,Tampa Bay Buccaneers,https://www.pro-football-reference.com/boxscores/201710050tam.htm,1,13:10,1,10,NE 45,0,0,(13:10) 12-T.Brady pass deep middle intended for 15-C.Hogan INTERCEPTED by 21-J.Evans at TB 36. 21-J.Evans pushed ob at TB 38 for 2 yards (15-C.Hogan).,2.053,-4.359
2017,5,October 5,away,Tampa Bay Buccaneers,https://www.pro-football-reference.com/boxscores/201710050tam.htm,1,12:57,1,10,TB 38,0,0,(12:57) 3-J.Winston pass short right to 13-M.Evans ran ob at TB 48 for 10 yards.,2.307,0.616
2017,5,October 5,away,Tampa Bay Buccaneers,https://www.pro-football-reference.com/boxscores/201710050tam.htm,1,12:22,1,10,TB 48,0,0,(12:22) 32-J.Rodgers left tackle to TB 49 for 1 yard (98-T.Flowers).,2.922,-0.455
2017,5,October 5,away,Tampa Bay Buccaneers,https://www.pro-football-reference.com/boxscores/201710050tam.htm,1,11:50,2,9,TB 49,0,0,(11:50) (Shotgun) 3-J.Winston pass incomplete deep left to 34-C.Sims III.,2.468,-0.804
2017,5,October 5,away,Tampa Bay Buccaneers,https://www.pro-football-reference.com/boxscores/201710050tam.htm,1,11:43,3,9,TB 49,0,0,(11:43) (Shotgun) 3-J.Winston pass incomplete deep right to 13-M.Evans.,1.664,-1.597
2017,5,October 5,away,Tampa Bay Buccaneers,https://www.pro-football-reference.com/boxscores/201710050tam.htm,1,11:36,4,9,TB 49,0,0,"(11:36) (Punt formation) 9-B.Anger punts 31 yards to NE 20, Center-65-G.Sanborn, out of bounds.",0.067,-0.421
2017,5,October 5,away,Tampa Bay Buccaneers,https://www.pro-football-reference.com/boxscores/201710050tam.htm,1,11:28,1,10,NE 20,0,0,(11:28) (Shotgun) 12-T.Brady pass incomplete short middle to 15-C.Hogan.,0.355,-0.556
2017,5,October 5,away,Tampa Bay Buccaneers,https://www.pro-football-reference.com/boxscores/201710050tam.htm,1,11:25,2,10,NE 20,0,0,(11:25) (Shotgun) 12-T.Brady pass short left to 80-D.Amendola to NE 25 for 5 yards (21-J.Evans).,-0.202,-0.088
2017,5,October 5,away,Tampa Bay Buccaneers,https://www.pro-football-reference.com/boxscores/201710050tam.htm,1,10:49,3,5,NE 25,0,0,(10:49) (Shotgun) 12-T.Brady pass incomplete short middle to 14-B.Cooks.,-0.290,-1.472
2017,5,October 5,away,Tampa Bay Buccaneers,https://www.pro-football-reference.com/boxscores/201710050tam.htm,1,10:44,4,5,NE 25,0,0,"(10:44) (Punt formation) 6-R.Allen punts 53 yards to TB 22, Center-49-J.Cardona. 18-B.Reedy to TB 36 for 14 yards (29-J.Bademosi).",-1.762,-0.448
2017,5,October 5,away,Tampa Bay Buccaneers,https://www.pro-football-reference.com/boxscores/201710050tam.htm,1,10:32,1,10,TB 36,0,0,(10:32) 3-J.Winston pass short left to 13-M.Evans pushed ob at TB 46 for 10 yards (24-S.Gilmore).,2.210,0.601
2017,5,October 5,away,Tampa Bay Buccaneers,https://www.pro-football-reference.com/boxscores/201710050tam.htm,1,10:09,1,10,TB 46,0,0,"(10:09) 22-D.Martin right tackle to NE 46 for 8 yards (93-L.Guy, 21-M.Butler).",2.811,0.433
2017,5,October 5,away,Tampa Bay Buccaneers,https://www.pro-football-reference.com/boxscores/201710050tam.htm,1,09:30,2,2,NE 46,0,0,"(9:30) 22-D.Martin up the middle to NE 47 for -1 yards (23-P.Chung, 70-A.Butler).",3.243,-0.915
2017,5,October 5,away,Tampa Bay Buccaneers,https://www.pro-football-reference.com/boxscores/201710050tam.htm,1,08:46,3,3,NE 47,0,0,(8:46) (Shotgun) 3-J.Winston pass incomplete short right to 22-D.Martin.,2.329,-1.729
2017,5,October 5,away,Tampa Bay Buccaneers,https://www.pro-football-reference.com/boxscores/201710050tam.htm,1,08:42,4,3,NE 47,0,0,"(8:42) (Punt formation) 9-B.Anger punts 45 yards to NE 2, Center-65-G.Sanborn, downed by TB-29-R.Smith.",0.600,0.405
2017,5,October 5,away,Tampa Bay Buccaneers,https://www.pro-football-reference.com/boxscores/201710050tam.htm,1,08:31,1,10,NE 2,0,0,(8:31) 35-M.Gillislee right tackle to NE 3 for 1 yard (51-K.Beckwith).,-1.004,-0.316
2017,5,October 5,away,Tampa Bay Buccaneers,https://www.pro-football-reference.com/boxscores/201710050tam.htm,1,07:55,2,9,NE 3,0,0,"(7:55) 35-M.Gillislee left guard to NE 7 for 4 yards (93-G.McCoy, 53-A.Glanton).",-1.321,-0.263
2017,5,October 5,away,Tampa Bay Buccaneers,https://www.pro-football-reference.com/boxscores/201710050tam.htm,1,07:14,3,5,NE 7,0,0,(7:14) (Shotgun) 12-T.Brady pass short middle to 15-C.Hogan to NE 19 for 12 yards (21-J.Evans).,-1.583,1.822
2017,5,October 5,away,Tampa Bay Buccaneers,https://www.pro-football-reference.com/boxscores/201710050tam.htm,1,06:38,1,10,NE 19,0,0,(6:38) 12-T.Brady pass short right to 14-B.Cooks to NE 36 for 17 yards (28-V.Hargreaves III).,0.239,1.203
2017,5,October 5,away,Tampa Bay Buccaneers,https://www.pro-football-reference.com/boxscores/201710050tam.htm,1,05:59,1,10,NE 36,0,0,(5:59) (Shotgun) 12-T.Brady sacked at NE 29 for -7 yards (98-C.McDonald).,1.442,-1.323
2017,5,October 5,away,Tampa Bay Buccaneers,https://www.pro-football-reference.com/boxscores/201710050tam.htm,1,05:19,2,17,NE 29,0,0,(5:19) (Shotgun) 12-T.Brady pass short middle to 80-D.Amendola to NE 42 for 13 yards (51-K.Beckwith).,0.119,0.696
2017,5,October 5,away,Tampa Bay Buccaneers,https://www.pro-football-reference.com/boxscores/201710050tam.htm,1,04:36,3,4,NE 42,0,0,"(4:36) (Shotgun) 12-T.Brady pass incomplete deep right to 28-J.White. PENALTY on TB-23-C.Conte, Defensive Holding, 5 yards, enforced at NE 42 - No Play.",0.815,1.409
2017,5,October 5,away,Tampa Bay Buccaneers,https://www.pro-football-reference.com/boxscores/201710050tam.htm,1,04:30,1,10,NE 47,0,0,(4:30) (Shotgun) 35-M.Gillislee left tackle to TB 47 for 6 yards (21-J.Evans).,2.224,0.274
2017,5,October 5,away,Tampa Bay Buccaneers,https://www.pro-football-reference.com/boxscores/201710050tam.htm,1,04:13,2,4,TB 47,0,0,"(4:13) 35-M.Gillislee right tackle to TB 40 for 7 yards (51-K.Beckwith, 57-N.Spence).",2.498,0.678
2017,5,October 5,away,Tampa Bay Buccaneers,https://www.pro-football-reference.com/boxscores/201710050tam.htm,1,03:50,1,10,TB 40,0,0,"(3:50) 35-M.Gillislee right tackle to TB 31 for 9 yards (21-J.Evans). PENALTY on NE-77-N.Solder, Offensive Holding, 10 yards, enforced at TB 40 - No Play.",3.177,-1.144
2017,5,October 5,away,Tampa Bay Buccaneers,https://www.pro-football-reference.com/boxscores/201710050tam.htm,1,03:28,,,MID 50,0,0,Timeout #1 by NE at 03:28.,2.033,0.000
2017,5,October 5,away,Tampa Bay Buccaneers,https://www.pro-football-reference.com/boxscores/201710050tam.htm,1,03:28,1,20,MID 50,0,0,"(3:28) (Shotgun) 12-T.Brady pass short left to 80-D.Amendola pushed ob at TB 36 for 14 yards (51-K.Beckwith) [91-R.Ayers Jr.]. PENALTY on TB-53-A.Glanton, Defensive Holding, 5 yards, enforced at 50 - No Play.",2.033,0.684
2017,5,October 5,away,Tampa Bay Buccaneers,https://www.pro-football-reference.com/boxscores/201710050tam.htm,1,03:10,1,10,TB 45,0,0,(3:10) 33-D.Lewis right tackle pushed ob at TB 14 for 31 yards (21-J.Evans).,2.717,2.103
2017,5,October 5,away,Tampa Bay Buccaneers,https://www.pro-football-reference.com/boxscores/201710050tam.htm,1,02:49,1,10,TB 14,0,0,(2:49) 33-D.Lewis right tackle to TB 11 for 3 yards (92-W.Gholston; 93-G.McCoy).,4.820,-0.199
2017,5,October 5,away,Tampa Bay Buccaneers,https://www.pro-football-reference.com/boxscores/201710050tam.htm,1,02:05,2,7,TB 11,0,0,(2:05) (Shotgun) 28-J.White right tackle to TB 9 for 2 yards (51-K.Beckwith).,4.621,-0.501
2017,5,October 5,away,Tampa Bay Buccaneers,https://www.pro-football-reference.com/boxscores/201710050tam.htm,1,01:31,3,5,TB 9,0,0,(1:31) (Shotgun) 12-T.Brady pass incomplete short middle to 28-J.White [91-R.Ayers Jr.].,4.120,-1.214
2017,5,October 5,away,Tampa Bay Buccaneers,https://www.pro-football-reference.com/boxscores/201710050tam.htm,1,01:25,4,5,TB 9,3,0,"(1:25) (Field Goal formation) 3-S.Gostkowski 27 yard field goal is GOOD, Center-49-J.Cardona, Holder-6-R.Allen.",2.906,0.094
2017,5,October 5,away,Tampa Bay Buccaneers,https://www.pro-football-reference.com/boxscores/201710050tam.htm,1,01:21,,,NE 35,3,0,"3-S.Gostkowski kicks 65 yards from NE 35 to end zone, Touchback.",1.385,0.000
2017,5,October 5,away,Tampa Bay Buccaneers,https://www.pro-football-reference.com/boxscores/201710050tam.htm,1,01:21,1,10,TB 25,3,0,"(1:21) (Shotgun) 32-J.Rodgers up the middle to TB 26 for 1 yard (93-L.Guy, 53-K.Van Noy).",1.385,-0.510
2017,5,October 5,away,Tampa Bay Buccaneers,https://www.pro-football-reference.com/boxscores/201710050tam.htm,1,00:48,2,9,TB 26,3,0,(:48) (No Huddle) 3-J.Winston pass incomplete deep left to 11-D.Jackson [98-T.Flowers].,0.875,-0.689
2017,5,October 5,away,Tampa Bay Buccaneers,https://www.pro-football-reference.com/boxscores/201710050tam.htm,1,00:39,3,9,TB 26,3,0,(:39) (Shotgun) 3-J.Winston pass incomplete deep middle to 84-C.Brate (23-P.Chung).,0.186,-1.458
2017,5,October 5,away,Tampa Bay Buccaneers,https://www.pro-football-reference.com/boxscores/201710050tam.htm,1,00:33,4,9,TB 26,3,0,"(:33) (Punt formation) 9-B.Anger punts 50 yards to NE 24, Center-65-G.Sanborn. 80-D.Amendola pushed ob at NE 33 for 9 yards (39-I.Johnson). PENALTY on NE-38-B.Bolden, Illegal Block Above the Waist, 10 yards, enforced at NE 33.",-1.272,0.822
2017,5,October 5,away,Tampa Bay Buccaneers,https://www.pro-football-reference.com/boxscores/201710050tam.htm,1,00:21,1,10,NE 23,3,0,"(:21) 35-M.Gillislee left tackle to NE 32 for 9 yards (21-J.Evans, 92-W.Gholston).",0.450,0.889
2017,5,October 5,away,Tampa Bay Buccaneers,https://www.pro-football-reference.com/boxscores/201710050tam.htm,2,15:00,2,1,NE 32,3,0,"(15:00) (Shotgun) 35-M.Gillislee right guard to NE 32 for no gain (98-C.McDonald, 91-R.Ayers Jr.).",1.339,-0.499
2017,5,October 5,away,Tampa Bay Buccaneers,https://www.pro-football-reference.com/boxscores/201710050tam.htm,2,14:28,3,1,NE 32,3,0,(14:28) (Shotgun) 12-T.Brady sacked at NE 29 for -3 yards (93-G.McCoy).,0.840,-2.190
2017,5,October 5,away,Tampa Bay Buccaneers,https://www.pro-football-reference.com/boxscores/201710050tam.htm,2,13:55,4,4,NE 29,3,0,"(13:55) (Punt formation) PENALTY on NE-49-J.Cardona, False Start, 5 yards, enforced at NE 29 - No Play.",-1.350,-0.589
2017,5,October 5,away,Tampa Bay Buccaneers,https://www.pro-football-reference.com/boxscores/201710050tam.htm,2,13:48,4,9,NE 24,3,0,"(13:48) (Punt formation) 6-R.Allen punts 50 yards to TB 26, Center-49-J.Cardona. 18-B.Reedy to TB 32 for 6 yards (55-C.Marsh).",-1.938,0.100
2017,5,October 5,away,Tampa Bay Buccaneers,https://www.pro-football-reference.com/boxscores/201710050tam.htm,2,13:38,1,10,TB 32,3,0,"(13:38) 3-J.Winston pass short left to 84-C.Brate to TB 48 for 16 yards (53-K.Van Noy, 30-D.Harmon). PENALTY on TB-80-O.Howard, Illegal Block Above the Waist, 10 yards, enforced at TB 48.",1.838,0.746
2017,5,October 5,away,Tampa Bay Buccaneers,https://www.pro-football-reference.com/boxscores/201710050tam.htm,2,13:04,1,4,TB 38,3,0,"(13:04) 3-J.Winston FUMBLES (Aborted) at TB 35, recovered by TB-18-B.Reedy at TB 34. 18-B.Reedy to TB 38 for 4 yards (54-D.Hightower).",2.585,-0.573
2017,5,October 5,away,Tampa Bay Buccaneers,https://www.pro-football-reference.com/boxscores/201710050tam.htm,2,12:26,2,4,TB 38,3,0,(12:26) 3-J.Winston pass short right to 11-D.Jackson pushed ob at TB 49 for 11 yards (32-D.McCourty).,2.012,0.810
2017,5,October 5,away,Tampa Bay Buccaneers,https://www.pro-football-reference.com/boxscores/201710050tam.htm,2,12:05,1,10,TB 49,3,0,"(12:05) (No Huddle) 22-D.Martin left guard to NE 40 for 11 yards (53-K.Van Noy, 23-P.Chung).",2.822,0.575
2017,5,October 5,away,Tampa Bay Buccaneers,https://www.pro-football-reference.com/boxscores/201710050tam.htm,2,11:31,1,10,NE 40,3,0,(11:31) (No Huddle) 22-D.Martin up the middle to NE 23 for 17 yards (32-D.McCourty).,3.397,1.066
2017,5,October 5,away,Tampa Bay Buccaneers,https://www.pro-football-reference.com/boxscores/201710050tam.htm,2,10:49,1,10,NE 23,3,0,(10:49) (Shotgun) 3-J.Winston pass incomplete deep right to 10-A.Humphries.,4.463,-0.336
2017,5,October 5,away,Tampa Bay Buccaneers,https://www.pro-football-reference.com/boxscores/201710050tam.htm,2,10:43,2,10,NE 23,3,0,"(10:43) 22-D.Martin left end pushed ob at NE 15 for 8 yards (23-P.Chung). PENALTY on TB-80-O.Howard, Offensive Holding, 10 yards, enforced at NE 23 - No Play.",4.127,-1.163
2017,5,October 5,away,Tampa Bay Buccaneers,https://www.pro-football-reference.com/boxscores/201710050tam.htm,2,10:14,2,20,NE 33,3,0,(10:14) (Shotgun) 3-J.Winston pass incomplete short right to 34-C.Sims III.,2.964,-0.643
2017,5,October 5,away,Tampa Bay Buccaneers,https://www.pro-football-reference.com/boxscores/201710050tam.htm,2,10:08,3,20,NE 33,3,0,"(10:08) (Shotgun) 3-J.Winston pass incomplete deep left to 84-C.Brate. Penalty on NE-55-C.Marsh, Defensive Offside, declined. PENALTY on NE-91-D.Wise, Illegal Use of Hands, 5 yards, enforced at NE 33 - No Play.",2.321,1.798
2017,5,October 5,away,Tampa Bay Buccaneers,https://www.pro-football-reference.com/boxscores/201710050tam.htm,2,10:02,1,10,NE 28,3,0,(10:02) 22-D.Martin up the middle to NE 19 for 9 yards (98-T.Flowers).,4.119,0.619
2017,5,October 5,away,Tampa Bay Buccaneers,https://www.pro-football-reference.com/boxscores/201710050tam.htm,2,09:34,2,1,NE 19,3,0,(9:34) (No Huddle) 3-J.Winston pass short right to 12-C.Godwin to NE 11 for 8 yards (32-D.McCourty).,4.738,0.313
2017,5,October 5,away,Tampa Bay Buccaneers,https://www.pro-football-reference.com/boxscores/201710050tam.htm,2,09:01,1,10,NE 11,3,0,"(9:01) 22-D.Martin right tackle for 11 yards, TOUCHDOWN. The Replay Official reviewed the runner broke the plane ruling, and the play was REVERSED. 22-D.Martin right tackle to NE 1 for 10 yards (32-D.McCourty).",5.051,1.354
2017,5,October 5,away,Tampa Bay Buccaneers,https://www.pro-football-reference.com/boxscores/201710050tam.htm,2,08:33,1,1,NE 1,3,6,"(8:33) 22-D.Martin up the middle for 1 yard, TOUCHDOWN.",6.404,0.596
2017,5,October 5,away,Tampa Bay Buccaneers,https://www.pro-football-reference.com/boxscores/201710050tam.htm,2,08:26,,,NE 15,3,7,"2-N.Folk extra point is GOOD, Center-65-G.Sanborn, Holder-9-B.Anger.",0.932,0.068
2017,5,October 5,away,Tampa Bay Buccaneers,https://www.pro-football-reference.com/boxscores/201710050tam.htm,2,08:26,,,TB 35,3,7,"2-N.Folk kicks 65 yards from TB 35 to end zone, Touchback.",0.970,0.000
2017,5,October 5,away,Tampa Bay Buccaneers,https://www.pro-football-reference.com/boxscores/201710050tam.htm,2,08:26,1,10,NE 25,3,7,(8:26) (Shotgun) 12-T.Brady pass short left to 28-J.White pushed ob at NE 43 for 18 yards (28-V.Hargreaves III).,0.970,1.022
2017,5,October 5,away,Tampa Bay Buccaneers,https://www.pro-football-reference.com/boxscores/201710050tam.htm,2,07:58,1,10,NE 43,3,7,"(7:58) (Shotgun) 12-T.Brady pass short left to 80-D.Amendola pushed ob at NE 48 for 5 yards (21-J.Evans) [57-N.Spence]. PENALTY on NE-77-N.Solder, Illegal Peelback, 15 yards, enforced at NE 43 - No Play.",1.992,-1.197
2017,5,October 5,away,Tampa Bay Buccaneers,https://www.pro-football-reference.com/boxscores/201710050tam.htm,2,07:35,1,25,NE 28,3,7,"(7:35) 12-T.Brady pass short left to 28-J.White to NE 29 for 1 yard (90-C.Baker, 51-K.Beckwith).",0.795,-0.418
2017,5,October 5,away,Tampa Bay Buccaneers,https://www.pro-football-reference.com/boxscores/201710050tam.htm,2,07:01,2,24,NE 29,3,7,(7:01) (Shotgun) 12-T.Brady pass deep left to 14-B.Cooks pushed ob at NE 48 for 19 yards (28-V.Hargreaves III).,0.377,1.073
2017,5,October 5,away,Tampa Bay Buccaneers,https://www.pro-football-reference.com/boxscores/201710050tam.htm,2,06:30,3,5,NE 48,3,7,(6:30) (Shotgun) 12-T.Brady pass short right to 80-D.Amendola pushed ob at TB 42 for 10 yards (36-R.McClain).,1.450,1.580
2017,5,October 5,away,Tampa Bay Buccaneers,https://www.pro-football-reference.com/boxscores/201710050tam.htm,2,06:02,1,10,TB 42,3,7,(6:02) (Shotgun) 12-T.Brady pass deep left to 28-J.White to TB 18 for 24 yards (95-R.Russell).,3.031,1.416
2017,5,October 5,away,Tampa Bay Buccaneers,https://www.pro-football-reference.com/boxscores/201710050tam.htm,2,05:38,1,10,TB 18,3,7,(5:38) (Shotgun) 12-T.Brady pass short left to 80-D.Amendola to TB 11 for 7 yards (23-C.Conte).,4.447,0.389
2017,5,October 5,away,Tampa Bay Buccaneers,https://www.pro-football-reference.com/boxscores/201710050tam.htm,2,04:56,2,3,TB 11,3,7,"(4:56) 35-M.Gillislee right tackle to TB 6 for 5 yards (90-C.Baker, 21-J.Evans).",4.835,0.561
2017,5,October 5,away,Tampa Bay Buccaneers,https://www.pro-football-reference.com/boxscores/201710050tam.htm,2,04:24,1,6,TB 6,3,7,"(4:24) 35-M.Gillislee up the middle to TB 5 for 1 yard (91-R.Ayers Jr., 59-D.Bond).",5.396,-0.262
2017,5,October 5,away,Tampa Bay Buccaneers,https://www.pro-football-reference.com/boxscores/201710050tam.htm,2,03:48,2,5,TB 5,9,7,"(3:48) 12-T.Brady pass short left to 15-C.Hogan for 5 yards, TOUCHDOWN.",5.135,1.865
2017,5,October 5,away,Tampa Bay Buccaneers,https://www.pro-football-reference.com/boxscores/201710050tam.htm,2,03:42,,,TB 15,10,7,"3-S.Gostkowski extra point is GOOD, Center-49-J.Cardona, Holder-6-R.Allen.",0.932,0.068
2017,5,October 5,away,Tampa Bay Buccaneers,https://www.pro-football-reference.com/boxscores/201710050tam.htm,2,03:42,,,NE 35,10,7,"3-S.Gostkowski kicks 65 yards from NE 35 to end zone, Touchback.",0.947,0.000
2017,5,October 5,away,Tampa Bay Buccaneers,https://www.pro-football-reference.com/boxscores/201710050tam.htm,2,03:42,1,10,TB 25,10,7,(3:42) (Shotgun) 3-J.Winston sacked at TB 20 for -5 yards (sack split by 98-T.Flowers and 53-K.Van Noy).,0.947,-0.867
2017,5,October 5,away,Tampa Bay Buccaneers,https://www.pro-football-reference.com/boxscores/201710050tam.htm,2,03:08,2,15,TB 20,10,7,(3:08) (Shotgun) 3-J.Winston pass short right to 13-M.Evans pushed ob at TB 26 for 6 yards (24-S.Gilmore).,0.080,0.013
2017,5,October 5,away,Tampa Bay Buccaneers,https://www.pro-football-reference.com/boxscores/201710050tam.htm,2,02:35,3,9,TB 26,10,7,(2:35) (Shotgun) 3-J.Winston pass incomplete deep left to 11-D.Jackson (30-D.Harmon).,0.093,-0.974
2017,5,October 5,away,Tampa Bay Buccaneers,https://www.pro-football-reference.com/boxscores/201710050tam.htm,2,02:28,4,9,TB 26,10,7,"(2:28) (Punt formation) 9-B.Anger punts 56 yards to NE 18, Center-65-G.Sanborn. 80-D.Amendola to TB 42 for 40 yards (39-I.Johnson). PENALTY on TB-29-R.Smith, Unsportsmanlike Conduct, 15 yards, enforced at TB 42.",-0.882,-2.636
2017,5,October 5,away,Tampa Bay Buccaneers,https://www.pro-football-reference.com/boxscores/201710050tam.htm,2,02:13,1,10,TB 27,10,7,(2:13) (Shotgun) 33-D.Lewis right tackle to TB 23 for 4 yards (51-K.Beckwith).,3.518,0.082
2017,5,October 5,away,Tampa Bay Buccaneers,https://www.pro-football-reference.com/boxscores/201710050tam.htm,2,02:00,2,6,TB 23,10,7,(2:00) (Shotgun) 12-T.Brady pass short right to 28-J.White to TB 19 for 4 yards (51-K.Beckwith).,3.600,0.063
2017,5,October 5,away,Tampa Bay Buccaneers,https://www.pro-football-reference.com/boxscores/201710050tam.htm,2,01:49,,,TB 19,10,7,Timeout #1 by TB at 01:49.,3.663,0.000
2017,5,October 5,away,Tampa Bay Buccaneers,https://www.pro-football-reference.com/boxscores/201710050tam.htm,2,01:49,3,2,TB 19,10,7,(1:49) (Shotgun) 12-T.Brady pass short right to 80-D.Amendola to TB 9 for 10 yards (24-B.Grimes).,3.663,0.963
2017,5,October 5,away,Tampa Bay Buccaneers,https://www.pro-football-reference.com/boxscores/201710050tam.htm,2,01:40,,,TB 9,10,7,Timeout #2 by TB at 01:40.,4.626,0.000
2017,5,October 5,away,Tampa Bay Buccaneers,https://www.pro-football-reference.com/boxscores/201710050tam.htm,2,01:40,1,9,TB 9,10,7,(1:40) (Shotgun) 28-J.White up the middle to TB 8 for 1 yard (57-N.Spence).,4.626,-0.915
2017,5,October 5,away,Tampa Bay Buccaneers,https://www.pro-football-reference.com/boxscores/201710050tam.htm,2,01:36,,,TB 8,10,7,Timeout #3 by TB at 01:36.,3.711,0.000
2017,5,October 5,away,Tampa Bay Buccaneers,https://www.pro-football-reference.com/boxscores/201710050tam.htm,2,01:36,2,8,TB 8,10,7,(1:36) (Shotgun) 12-T.Brady pass short left to 28-J.White pushed ob at TB 6 for 2 yards (28-V.Hargreaves III).,3.711,-0.414
2017,5,October 5,away,Tampa Bay Buccaneers,https://www.pro-football-reference.com/boxscores/201710050tam.htm,2,01:30,3,6,TB 6,10,7,(1:30) (Shotgun) 12-T.Brady scrambles up the middle to TB 5 for 1 yard (98-C.McDonald).,3.297,-0.348
2017,5,October 5,away,Tampa Bay Buccaneers,https://www.pro-football-reference.com/boxscores/201710050tam.htm,2,00:43,,,TB 5,10,7,Timeout #2 by NE at 00:43.,2.949,0.000
2017,5,October 5,away,Tampa Bay Buccaneers,https://www.pro-football-reference.com/boxscores/201710050tam.htm,2,00:43,4,5,TB 5,13,7,"(:43) (Field Goal formation) 3-S.Gostkowski 23 yard field goal is GOOD, Center-49-J.Cardona, Holder-6-R.Allen.",2.949,0.051
2017,5,October 5,away,Tampa Bay Buccaneers,https://www.pro-football-reference.com/boxscores/201710050tam.htm,2,00:40,,,NE 35,13,7,3-S.Gostkowski kicks 59 yards from NE 35 to TB 6. 18-B.Reedy to TB 22 for 16 yards (43-N.Ebner).,0.261,-0.052
2017,5,October 5,away,Tampa Bay Buccaneers,https://www.pro-football-reference.com/boxscores/201710050tam.htm,2,00:35,1,10,TB 22,13,7,(:35) (Shotgun) 3-J.Winston pass short left to 34-C.Sims III to TB 27 for 5 yards (37-J.Richards).,0.209,-0.150
2017,5,October 5,away,Tampa Bay Buccaneers,https://www.pro-football-reference.com/boxscores/201710050tam.htm,2,00:09,2,5,TB 27,13,7,"(:09) (Shotgun) 3-J.Winston pass short middle to 34-C.Sims III to TB 32 for 5 yards (37-J.Richards) [91-D.Wise]. PENALTY on NE-91-D.Wise, Roughing the Passer, 15 yards, enforced at TB 32.",0.059,0.113
2017,5,October 5,away,Tampa Bay Buccaneers,https://www.pro-football-reference.com/boxscores/201710050tam.htm,2,00:02,1,10,TB 47,13,7,"(:02) (Shotgun) 3-J.Winston pass incomplete deep right to 12-C.Godwin [55-C.Marsh]. PENALTY on NE-55-C.Marsh, Roughing the Passer, 15 yards, enforced at TB 47 - No Play.",0.172,1.360
2017,5,October 5,away,Tampa Bay Buccaneers,https://www.pro-football-reference.com/boxscores/201710050tam.htm,2,00:00,,,NE 38,13,7,Timeout #3 by NE at 00:00.,1.532,0.000
2017,5,October 5,away,Tampa Bay Buccaneers,https://www.pro-football-reference.com/boxscores/201710050tam.htm,2,00:00,1,10,NE 38,13,7,"(:00) (Field Goal formation) 2-N.Folk 56 yard field goal is No Good, Wide Right, Center-65-G.Sanborn, Holder-9-B.Anger.",1.532,-1.532
2017,5,October 5,away,Tampa Bay Buccaneers,https://www.pro-football-reference.com/boxscores/201710050tam.htm,3,15:00,,,NE 35,13,7,"3-S.Gostkowski kicks 65 yards from NE 35 to end zone, Touchback.",1.457,0.000
2017,5,October 5,away,Tampa Bay Buccaneers,https://www.pro-football-reference.com/boxscores/201710050tam.htm,3,15:00,1,10,TB 25,13,7,(15:00) 22-D.Martin left tackle to TB 28 for 3 yards (52-E.Roberts).,1.457,-0.320
2017,5,October 5,away,Tampa Bay Buccaneers,https://www.pro-football-reference.com/boxscores/201710050tam.htm,3,14:21,2,7,TB 28,13,7,(14:21) (Shotgun) 22-D.Martin left guard to TB 32 for 4 yards (54-D.Hightower).,1.138,-0.039
2017,5,October 5,away,Tampa Bay Buccaneers,https://www.pro-football-reference.com/boxscores/201710050tam.htm,3,13:38,3,3,TB 32,13,7,(13:38) (Shotgun) 3-J.Winston pass incomplete deep right to 11-D.Jackson.,1.099,-1.636
2017,5,October 5,away,Tampa Bay Buccaneers,https://www.pro-football-reference.com/boxscores/201710050tam.htm,3,13:32,4,3,TB 32,13,7,"(13:32) (Punt formation) 9-B.Anger punts 57 yards to NE 11, Center-65-G.Sanborn. 80-D.Amendola to NE 13 for 2 yards (12-C.Godwin). PENALTY on NE-43-N.Ebner, Offensive Holding, 7 yards, enforced at NE 13.",-0.537,1.179
2017,5,October 5,away,Tampa Bay Buccaneers,https://www.pro-football-reference.com/boxscores/201710050tam.htm,3,13:20,1,10,NE 6,13,7,(13:20) 12-T.Brady pass short left to 14-B.Cooks pushed ob at NE 23 for 17 yards (23-C.Conte).,-0.642,1.112
2017,5,October 5,away,Tampa Bay Buccaneers,https://www.pro-football-reference.com/boxscores/201710050tam.htm,3,12:52,1,10,NE 23,13,7,(12:52) 12-T.Brady pass deep right to 14-B.Cooks pushed ob at TB 43 for 34 yards (21-J.Evans).,0.470,2.370
2017,5,October 5,away,Tampa Bay Buccaneers,https://www.pro-football-reference.com/boxscores/201710050tam.htm,3,12:24,1,10,TB 43,13,7,(12:24) 33-D.Lewis right tackle to TB 33 for 10 yards (92-W.Gholston).,2.840,0.848
2017,5,October 5,away,Tampa Bay Buccaneers,https://www.pro-football-reference.com/boxscores/201710050tam.htm,3,11:48,1,10,TB 33,13,7,"(11:48) 15-C.Hogan left end to TB 37 for -4 yards (23-C.Conte, 51-K.Beckwith). PENALTY on NE-14-B.Cooks, Illegal Block Above the Waist, 10 yards, enforced at TB 33 - No Play.",3.688,-1.215
2017,5,October 5,away,Tampa Bay Buccaneers,https://www.pro-football-reference.com/boxscores/201710050tam.htm,3,11:20,1,20,TB 43,13,7,(11:20) (Shotgun) 12-T.Brady pass short middle to 15-C.Hogan to TB 38 for 5 yards (51-K.Beckwith).,2.473,-0.057
2017,5,October 5,away,Tampa Bay Buccaneers,https://www.pro-football-reference.com/boxscores/201710050tam.htm,3,10:50,2,15,TB 38,13,7,"(10:50) (Shotgun) 12-T.Brady pass incomplete deep middle to 80-D.Amendola. PENALTY on TB-51-K.Beckwith, Illegal Contact, 5 yards, enforced at TB 38 - No Play.",2.416,1.249
2017,5,October 5,away,Tampa Bay Buccaneers,https://www.pro-football-reference.com/boxscores/201710050tam.htm,3,10:45,1,10,TB 33,13,7,"(10:45) 35-M.Gillislee left tackle to TB 27 for 6 yards (28-V.Hargreaves III, 51-K.Beckwith).",3.664,0.238
2017,5,October 5,away,Tampa Bay Buccaneers,https://www.pro-football-reference.com/boxscores/201710050tam.htm,3,10:10,2,4,TB 27,13,7,(10:10) 12-T.Brady pass incomplete short left to 46-J.Develin (21-J.Evans).,3.902,-0.603
2017,5,October 5,away,Tampa Bay Buccaneers,https://www.pro-football-reference.com/boxscores/201710050tam.htm,3,10:04,3,4,TB 27,13,7,(10:04) (Shotgun) 12-T.Brady pass incomplete short middle to 47-J.Hollister (93-G.McCoy) [91-R.Ayers Jr.].,3.299,-1.314
2017,5,October 5,away,Tampa Bay Buccaneers,https://www.pro-football-reference.com/boxscores/201710050tam.htm,3,09:59,4,4,TB 27,16,7,"(9:59) (Field Goal formation) 3-S.Gostkowski 45 yard field goal is GOOD, Center-49-J.Cardona, Holder-6-R.Allen.",1.985,1.015
2017,5,October 5,away,Tampa Bay Buccaneers,https://www.pro-football-reference.com/boxscores/201710050tam.htm,3,09:55,,,NE 35,16,7,"3-S.Gostkowski kicks 65 yards from NE 35 to end zone, Touchback.",1.442,0.000
2017,5,October 5,away,Tampa Bay Buccaneers,https://www.pro-football-reference.com/boxscores/201710050tam.htm,3,09:55,1,10,TB 25,16,7,(9:55) 3-J.Winston pass incomplete short right to 11-D.Jackson (21-M.Butler).,1.442,-0.546
2017,5,October 5,away,Tampa Bay Buccaneers,https://www.pro-football-reference.com/boxscores/201710050tam.htm,3,09:50,2,10,TB 25,16,7,(9:50) 22-D.Martin up the middle to TB 29 for 4 yards (90-M.Brown).,0.897,-0.260
2017,5,October 5,away,Tampa Bay Buccaneers,https://www.pro-football-reference.com/boxscores/201710050tam.htm,3,09:11,3,6,TB 29,16,7,(9:11) (Shotgun) 3-J.Winston pass short middle to 34-C.Sims III to TB 33 for 4 yards (32-D.McCourty).,0.637,-1.064
2017,5,October 5,away,Tampa Bay Buccaneers,https://www.pro-football-reference.com/boxscores/201710050tam.htm,3,09:11,4,2,TB 33,16,7,"(9:11) (Punt formation) PENALTY on NE-38-B.Bolden, Neutral Zone Infraction, 5 yards, enforced at TB 33 - No Play.",-0.427,2.683
2017,5,October 5,away,Tampa Bay Buccaneers,https://www.pro-football-reference.com/boxscores/201710050tam.htm,3,08:19,1,10,TB 38,16,7,(8:19) 3-J.Winston pass short left to 10-A.Humphries to NE 46 for 16 yards (52-E.Roberts).,2.256,0.943
2017,5,October 5,away,Tampa Bay Buccaneers,https://www.pro-football-reference.com/boxscores/201710050tam.htm,3,07:40,1,10,NE 46,16,7,(7:40) (No Huddle) 22-D.Martin right guard to NE 42 for 4 yards (55-C.Marsh).,3.199,-0.171
2017,5,October 5,away,Tampa Bay Buccaneers,https://www.pro-football-reference.com/boxscores/201710050tam.htm,3,07:03,2,6,NE 42,16,7,"(7:03) (No Huddle, Shotgun) 3-J.Winston pass incomplete short right to 22-D.Martin.",3.029,-0.769
2017,5,October 5,away,Tampa Bay Buccaneers,https://www.pro-football-reference.com/boxscores/201710050tam.htm,3,06:57,3,6,NE 42,16,7,(6:57) (Shotgun) 3-J.Winston pass incomplete short middle to 84-C.Brate (23-P.Chung).,2.259,-1.795
2017,5,October 5,away,Tampa Bay Buccaneers,https://www.pro-football-reference.com/boxscores/201710050tam.htm,3,06:51,4,6,NE 42,16,7,"(6:51) (Punt formation) 9-B.Anger punts 32 yards to NE 10, Center-65-G.Sanborn, fair catch by 80-D.Amendola.",0.464,-0.066
2017,5,October 5,away,Tampa Bay Buccaneers,https://www.pro-football-reference.com/boxscores/201710050tam.htm,3,06:44,1,10,NE 10,16,7,(6:44) (Shotgun) 12-T.Brady pass short right to 28-J.White pushed ob at NE 13 for 3 yards (53-A.Glanton).,-0.397,-0.326
2017,5,October 5,away,Tampa Bay Buccaneers,https://www.pro-football-reference.com/boxscores/201710050tam.htm,3,06:18,2,7,NE 13,16,7,"(6:18) (Shotgun) 12-T.Brady pass short left to 80-D.Amendola pushed ob at NE 25 for 12 yards (36-R.McClain). PENALTY on NE-80-D.Amendola, Offensive Pass Interference, 6 yards, enforced at NE 13 - No Play.",-0.724,-0.904
2017,5,October 5,away,Tampa Bay Buccaneers,https://www.pro-football-reference.com/boxscores/201710050tam.htm,3,05:51,2,13,NE 7,16,7,(5:51) (Shotgun) 12-T.Brady pass short middle to 80-D.Amendola to NE 21 for 14 yards (21-J.Evans).,-1.627,1.959
2017,5,October 5,away,Tampa Bay Buccaneers,https://www.pro-football-reference.com/boxscores/201710050tam.htm,3,05:10,1,10,NE 21,16,7,(5:10) (Shotgun) 12-T.Brady pass incomplete short left to 14-B.Cooks.,0.331,-0.551
2017,5,October 5,away,Tampa Bay Buccaneers,https://www.pro-football-reference.com/boxscores/201710050tam.htm,3,05:05,2,10,NE 21,16,7,(5:05) 12-T.Brady pass deep left to 15-C.Hogan ran ob at NE 37 for 16 yards.,-0.220,1.678
2017,5,October 5,away,Tampa Bay Buccaneers,https://www.pro-football-reference.com/boxscores/201710050tam.htm,3,04:37,1,10,NE 37,16,7,"(4:37) 35-M.Gillislee right tackle to NE 37 for no gain (98-C.McDonald; 57-N.Spence). PENALTY on NE, Illegal Shift, 5 yards, enforced at NE 37 - No Play.",1.458,-0.615
2017,5,October 5,away,Tampa Bay Buccaneers,https://www.pro-football-reference.com/boxscores/201710050tam.htm,3,04:08,1,15,NE 32,16,7,(4:08) 12-T.Brady pass short middle to 15-C.Hogan pushed ob at TB 49 for 19 yards (23-C.Conte).,0.843,1.624
2017,5,October 5,away,Tampa Bay Buccaneers,https://www.pro-football-reference.com/boxscores/201710050tam.htm,3,03:40,1,10,TB 49,16,7,(3:40) 35-M.Gillislee right tackle to TB 43 for 6 yards (51-K.Beckwith).,2.467,0.168
2017,5,October 5,away,Tampa Bay Buccaneers,https://www.pro-football-reference.com/boxscores/201710050tam.htm,3,03:18,2,4,TB 43,16,7,"(3:18) 12-T.Brady sacked at TB 49 for -6 yards (53-A.Glanton). FUMBLES (53-A.Glanton) [53-A.Glanton], RECOVERED by TB-94-W.Clarke at TB 47. 94-W.Clarke to TB 47 for no gain (62-J.Thuney).",2.635,-5.428
2017,5,October 5,away,Tampa Bay Buccaneers,https://www.pro-football-reference.com/boxscores/201710050tam.htm,3,03:11,1,10,TB 47,16,7,(3:11) (Shotgun) 22-D.Martin right end to NE 49 for 4 yards (90-M.Brown).,2.792,-0.176
2017,5,October 5,away,Tampa Bay Buccaneers,https://www.pro-football-reference.com/boxscores/201710050tam.htm,3,02:31,2,6,NE 49,16,7,(2:31) (Shotgun) 3-J.Winston pass short left to 11-D.Jackson to NE 48 for 1 yard (32-D.McCourty).,2.616,-0.664
2017,5,October 5,away,Tampa Bay Buccaneers,https://www.pro-football-reference.com/boxscores/201710050tam.htm,3,01:49,3,5,NE 48,16,7,(1:49) (Shotgun) 3-J.Winston pass short right to 84-C.Brate to NE 39 for 9 yards (23-P.Chung).,1.952,1.645
2017,5,October 5,away,Tampa Bay Buccaneers,https://www.pro-football-reference.com/boxscores/201710050tam.htm,3,01:13,1,10,NE 39,16,7,(1:13) 3-J.Winston pass short middle to 22-D.Martin to NE 31 for 8 yards (32-D.McCourty).,3.597,0.433
2017,5,October 5,away,Tampa Bay Buccaneers,https://www.pro-football-reference.com/boxscores/201710050tam.htm,3,00:31,2,2,NE 31,16,7,"(:31) 32-J.Rodgers up the middle to NE 31 for no gain (32-D.McCourty, 90-M.Brown).",4.030,-0.619
2017,5,October 5,away,Tampa Bay Buccaneers,https://www.pro-football-reference.com/boxscores/201710050tam.htm,4,15:00,3,2,NE 31,16,7,(15:00) 22-D.Martin right guard to NE 31 for no gain (52-E.Roberts).,3.410,-2.063
2017,5,October 5,away,Tampa Bay Buccaneers,https://www.pro-football-reference.com/boxscores/201710050tam.htm,4,14:19,4,2,NE 31,16,7,"(14:19) (Field Goal formation) 2-N.Folk 49 yard field goal is No Good, Wide Left, Center-65-G.Sanborn, Holder-9-B.Anger.",1.347,-2.926
2017,5,October 5,away,Tampa Bay Buccaneers,https://www.pro-football-reference.com/boxscores/201710050tam.htm,4,14:14,1,10,NE 39,16,7,(14:14) (Shotgun) 12-T.Brady pass short left to 33-D.Lewis to NE 46 for 7 yards (53-A.Glanton).,1.579,0.439
2017,5,October 5,away,Tampa Bay Buccaneers,https://www.pro-football-reference.com/boxscores/201710050tam.htm,4,13:54,2,3,NE 46,16,7,(13:54) (No Huddle) 33-D.Lewis left guard to TB 46 for 8 yards (53-A.Glanton).,2.018,0.655
2017,5,October 5,away,Tampa Bay Buccaneers,https://www.pro-football-reference.com/boxscores/201710050tam.htm,4,13:31,1,10,TB 46,16,7,(13:31) (No Huddle) 12-T.Brady pass incomplete short right to 14-B.Cooks.,2.673,-0.460
2017,5,October 5,away,Tampa Bay Buccaneers,https://www.pro-football-reference.com/boxscores/201710050tam.htm,4,13:27,2,10,TB 46,16,7,(13:27) (Shotgun) 33-D.Lewis up the middle to TB 44 for 2 yards (23-C.Conte).,2.213,-0.727
2017,5,October 5,away,Tampa Bay Buccaneers,https://www.pro-football-reference.com/boxscores/201710050tam.htm,4,12:48,3,8,TB 44,16,7,(12:48) (Shotgun) 12-T.Brady pass short middle to 80-D.Amendola to TB 31 for 13 yards (36-R.McClain).,1.486,2.211
2017,5,October 5,away,Tampa Bay Buccaneers,https://www.pro-football-reference.com/boxscores/201710050tam.htm,4,12:15,1,10,TB 31,16,7,(12:15) 33-D.Lewis left end to TB 36 for -5 yards (28-V.Hargreaves III).,3.696,-1.081
2017,5,October 5,away,Tampa Bay Buccaneers,https://www.pro-football-reference.com/boxscores/201710050tam.htm,4,11:35,2,15,TB 36,16,7,(11:35) (Shotgun) 12-T.Brady pass short left to 33-D.Lewis to TB 33 for 3 yards (51-K.Beckwith).,2.616,-0.346
2017,5,October 5,away,Tampa Bay Buccaneers,https://www.pro-football-reference.com/boxscores/201710050tam.htm,4,10:55,3,12,TB 33,16,7,(10:55) (Shotgun) 12-T.Brady pass incomplete deep left to 15-C.Hogan [91-R.Ayers Jr.].,2.269,-1.055
2017,5,October 5,away,Tampa Bay Buccaneers,https://www.pro-football-reference.com/boxscores/201710050tam.htm,4,10:49,4,12,TB 33,16,7,"(10:49) (Punt formation) 6-R.Allen punts 30 yards to TB 3, Center-49-J.Cardona, downed by NE-18-M.Slater.",1.214,-1.088
2017,5,October 5,away,Tampa Bay Buccaneers,https://www.pro-football-reference.com/boxscores/201710050tam.htm,4,10:40,1,10,TB 3,16,7,(10:40) 3-J.Winston pass incomplete deep left to 13-M.Evans [52-E.Roberts].,-0.126,-0.469
2017,5,October 5,away,Tampa Bay Buccaneers,https://www.pro-football-reference.com/boxscores/201710050tam.htm,4,10:35,2,10,TB 3,16,7,(10:35) 3-J.Winston pass short left to 84-C.Brate to TB 11 for 8 yards (24-S.Gilmore).,-0.594,0.419
2017,5,October 5,away,Tampa Bay Buccaneers,https://www.pro-football-reference.com/boxscores/201710050tam.htm,4,09:53,3,2,TB 11,16,7,(9:53) (Shotgun) 3-J.Winston pass short middle to 11-D.Jackson to NE 48 for 41 yards (32-D.McCourty).,-0.175,3.060
2017,5,October 5,away,Tampa Bay Buccaneers,https://www.pro-football-reference.com/boxscores/201710050tam.htm,4,09:16,1,10,NE 48,16,7,(9:16) (Shotgun) 3-J.Winston pass short right to 13-M.Evans pushed ob at NE 40 for 8 yards (24-S.Gilmore).,2.884,0.530
2017,5,October 5,away,Tampa Bay Buccaneers,https://www.pro-football-reference.com/boxscores/201710050tam.htm,4,08:50,2,2,NE 40,16,7,(8:50) (Shotgun) 34-C.Sims III right tackle to NE 37 for 3 yards (21-M.Butler).,3.414,0.234
2017,5,October 5,away,Tampa Bay Buccaneers,https://www.pro-football-reference.com/boxscores/201710050tam.htm,4,08:08,1,10,NE 37,16,7,(8:08) 3-J.Winston pass short left to 32-J.Rodgers pushed ob at NE 24 for 13 yards (32-D.McCourty).,3.648,0.719
2017,5,October 5,away,Tampa Bay Buccaneers,https://www.pro-football-reference.com/boxscores/201710050tam.htm,4,07:32,1,10,NE 24,16,7,(7:32) 3-J.Winston pass short right to 13-M.Evans to NE 9 for 15 yards (21-M.Butler).,4.368,0.780
2017,5,October 5,away,Tampa Bay Buccaneers,https://www.pro-football-reference.com/boxscores/201710050tam.htm,4,06:48,1,9,NE 9,16,7,(6:48) (Shotgun) 3-J.Winston pass incomplete short middle to 84-C.Brate.,5.148,-0.539
2017,5,October 5,away,Tampa Bay Buccaneers,https://www.pro-football-reference.com/boxscores/201710050tam.htm,4,06:41,2,9,NE 9,16,7,(6:41) (Shotgun) 3-J.Winston scrambles up the middle to NE 3 for 6 yards (53-K.Van Noy).,4.609,0.061
2017,5,October 5,away,Tampa Bay Buccaneers,https://www.pro-football-reference.com/boxscores/201710050tam.htm,4,05:56,3,3,NE 3,16,7,"(5:56) (Shotgun) 3-J.Winston scrambles right end for 3 yards, TOUCHDOWN NULLIFIED by Penalty. PENALTY on TB-62-E.Smith, Illegal Use of Hands, 10 yards, enforced at NE 3 - No Play.",4.671,-1.277
2017,5,October 5,away,Tampa Bay Buccaneers,https://www.pro-football-reference.com/boxscores/201710050tam.htm,4,05:47,3,13,NE 13,16,7,(5:47) (Shotgun) 3-J.Winston pass incomplete short middle to 13-M.Evans.,3.393,-0.588
2017,5,October 5,away,Tampa Bay Buccaneers,https://www.pro-football-reference.com/boxscores/201710050tam.htm,4,05:39,4,13,NE 13,16,7,"(5:39) (Field Goal formation) 2-N.Folk 31 yard field goal is No Good, Wide Left, Center-65-G.Sanborn, Holder-9-B.Anger.",2.805,-3.381
2017,5,October 5,away,Tampa Bay Buccaneers,https://www.pro-football-reference.com/boxscores/201710050tam.htm,4,05:36,1,10,NE 21,16,7,(5:36) 35-M.Gillislee left tackle to NE 26 for 5 yards (93-G.McCoy).,0.576,-0.024
2017,5,October 5,away,Tampa Bay Buccaneers,https://www.pro-football-reference.com/boxscores/201710050tam.htm,4,04:58,2,5,NE 26,16,7,(4:58) (Shotgun) 12-T.Brady pass short right to 14-B.Cooks to NE 24 for -2 yards (36-R.McClain).,0.553,-0.769
2017,5,October 5,away,Tampa Bay Buccaneers,https://www.pro-football-reference.com/boxscores/201710050tam.htm,4,04:52,,,NE 24,16,7,Timeout #1 by TB at 04:52.,-0.217,0.000
2017,5,October 5,away,Tampa Bay Buccaneers,https://www.pro-football-reference.com/boxscores/201710050tam.htm,4,04:52,3,7,NE 24,16,7,(4:52) (Shotgun) 12-T.Brady scrambles up the middle to NE 28 for 4 yards (51-K.Beckwith).,-0.217,-0.769
2017,5,October 5,away,Tampa Bay Buccaneers,https://www.pro-football-reference.com/boxscores/201710050tam.htm,4,04:38,,,NE 28,16,7,Timeout #2 by TB at 04:38.,-0.986,0.000
2017,5,October 5,away,Tampa Bay Buccaneers,https://www.pro-football-reference.com/boxscores/201710050tam.htm,4,04:38,4,3,NE 28,16,7,"(4:38) (Punt formation) 6-R.Allen punts 55 yards to TB 17, Center-49-J.Cardona. 18-B.Reedy to TB 26 for 9 yards (43-N.Ebner).",-0.986,-0.043
2017,5,October 5,away,Tampa Bay Buccaneers,https://www.pro-football-reference.com/boxscores/201710050tam.htm,4,04:26,1,10,TB 26,16,7,(4:26) (Shotgun) 3-J.Winston pass short right to 10-A.Humphries to TB 41 for 15 yards (32-D.McCourty).,1.029,0.798
2017,5,October 5,away,Tampa Bay Buccaneers,https://www.pro-football-reference.com/boxscores/201710050tam.htm,4,03:59,1,10,TB 41,16,7,"(3:59) (No Huddle, Shotgun) 3-J.Winston pass short middle to 34-C.Sims III to TB 48 for 7 yards (53-K.Van Noy).",1.827,0.224
2017,5,October 5,away,Tampa Bay Buccaneers,https://www.pro-football-reference.com/boxscores/201710050tam.htm,4,03:37,2,3,TB 48,16,7,"(3:37) (No Huddle, Shotgun) 3-J.Winston pass incomplete short left to 10-A.Humphries.",2.050,-0.511
2017,5,October 5,away,Tampa Bay Buccaneers,https://www.pro-football-reference.com/boxscores/201710050tam.htm,4,03:32,3,3,TB 48,16,7,(3:32) (Shotgun) 3-J.Winston pass short left to 34-C.Sims III to NE 42 for 10 yards (53-K.Van Noy).,1.539,1.257
2017,5,October 5,away,Tampa Bay Buccaneers,https://www.pro-football-reference.com/boxscores/201710050tam.htm,4,03:04,1,10,NE 42,16,7,(3:04) (Shotgun) 3-J.Winston scrambles up the middle to NE 37 for 5 yards (70-A.Butler).,2.796,0.055
2017,5,October 5,away,Tampa Bay Buccaneers,https://www.pro-football-reference.com/boxscores/201710050tam.htm,4,02:39,2,5,NE 37,16,7,"(2:39) (Shotgun) 3-J.Winston FUMBLES (Aborted) at NE 45, and recovers at NE 48. 3-J.Winston pass incomplete short left to 10-A.Humphries. New England challenged the runner was not down by contact ruling, and the play was REVERSED. (Shotgun) 3-J.Winston FUMBLES (Aborted) at NE 45, and recovers at NE 48. 3-J.Winston sacked at NE 47 for -10 yards (91-D.Wise).",2.851,-1.495
2017,5,October 5,away,Tampa Bay Buccaneers,https://www.pro-football-reference.com/boxscores/201710050tam.htm,4,02:30,3,15,NE 47,16,7,(2:30) (Shotgun) 3-J.Winston pass deep right to 11-D.Jackson pushed ob at NE 18 for 29 yards (24-S.Gilmore).,1.356,2.991
2017,5,October 5,away,Tampa Bay Buccaneers,https://www.pro-football-reference.com/boxscores/201710050tam.htm,4,02:22,1,10,NE 18,16,7,"(2:22) (No Huddle, Shotgun) 3-J.Winston pass incomplete short right to 84-C.Brate (23-P.Chung).",4.347,-0.401
2017,5,October 5,away,Tampa Bay Buccaneers,https://www.pro-football-reference.com/boxscores/201710050tam.htm,4,02:15,2,10,NE 18,16,13,"(2:15) (Shotgun) 3-J.Winston pass deep middle to 84-C.Brate for 18 yards, TOUCHDOWN.",3.946,3.054
2017,5,October 5,away,Tampa Bay Buccaneers,https://www.pro-football-reference.com/boxscores/201710050tam.htm,4,02:09,,,NE 15,16,14,"2-N.Folk extra point is GOOD, Center-65-G.Sanborn, Holder-9-B.Anger.",0.932,0.068
2017,5,October 5,away,Tampa Bay Buccaneers,https://www.pro-football-reference.com/boxscores/201710050tam.htm,4,02:09,,,TB 35,16,14,"(Onside Kick formation) 2-N.Folk kicks onside 7 yards from TB 35 to TB 42. 43-N.Ebner (didn't try to advance) to TB 42 for no gain (29-R.Smith). PENALTY on TB-21-J.Evans, Offside on Free Kick, 5 yards, enforced at TB 42.",0.935,1.857
2017,5,October 5,away,Tampa Bay Buccaneers,https://www.pro-football-reference.com/boxscores/201710050tam.htm,4,02:08,1,10,TB 37,16,14,"(2:08) 35-M.Gillislee left tackle to TB 35 for 2 yards (51-K.Beckwith, 90-C.Baker).",2.793,-1.397
2017,5,October 5,away,Tampa Bay Buccaneers,https://www.pro-football-reference.com/boxscores/201710050tam.htm,4,02:03,,,TB 35,16,14,Timeout #3 by TB at 02:03.,1.395,0.000
2017,5,October 5,away,Tampa Bay Buccaneers,https://www.pro-football-reference.com/boxscores/201710050tam.htm,4,02:03,2,8,TB 35,16,14,(2:03) (Shotgun) 12-T.Brady pass incomplete short left to 28-J.White.,1.395,-0.347
2017,5,October 5,away,Tampa Bay Buccaneers,https://www.pro-football-reference.com/boxscores/201710050tam.htm,4,01:58,3,8,TB 35,16,14,(1:58) (Shotgun) 12-T.Brady pass short middle to 15-C.Hogan to TB 30 for 5 yards (53-A.Glanton).,1.049,0.787
2017,5,October 5,away,Tampa Bay Buccaneers,https://www.pro-football-reference.com/boxscores/201710050tam.htm,4,01:14,,,TB 30,16,14,Timeout #1 by NE at 01:14.,1.836,0.000
2017,5,October 5,away,Tampa Bay Buccaneers,https://www.pro-football-reference.com/boxscores/201710050tam.htm,4,01:14,4,3,TB 30,19,14,"(1:14) (Field Goal formation) 3-S.Gostkowski 48 yard field goal is GOOD, Center-49-J.Cardona, Holder-6-R.Allen.",1.836,1.164
2017,5,October 5,away,Tampa Bay Buccaneers,https://www.pro-football-reference.com/boxscores/201710050tam.htm,4,01:10,,,NE 35,19,14,"3-S.Gostkowski kicks 65 yards from NE 35 to end zone, Touchback.",0.579,0.000
2017,5,October 5,away,Tampa Bay Buccaneers,https://www.pro-football-reference.com/boxscores/201710050tam.htm,4,01:10,1,10,TB 25,19,14,(1:10) (Shotgun) 3-J.Winston pass deep middle to 11-D.Jackson to TB 49 for 24 yards (21-M.Butler).,0.579,0.641
2017,5,October 5,away,Tampa Bay Buccaneers,https://www.pro-football-reference.com/boxscores/201710050tam.htm,4,00:44,1,10,TB 49,19,14,"(:44) (No Huddle, Shotgun) PENALTY on TB-69-D.Dotson, False Start, 5 yards, enforced at TB 49 - No Play.",1.220,-0.487
2017,5,October 5,away,Tampa Bay Buccaneers,https://www.pro-football-reference.com/boxscores/201710050tam.htm,4,00:33,1,15,TB 44,19,14,(:33) (Shotgun) 3-J.Winston pass incomplete deep right to 12-C.Godwin.,0.733,-0.236
2017,5,October 5,away,Tampa Bay Buccaneers,https://www.pro-football-reference.com/boxscores/201710050tam.htm,4,00:26,2,15,TB 44,19,14,(:26) (Shotgun) 3-J.Winston pass deep left to 10-A.Humphries pushed ob at NE 36 for 20 yards (31-J.Jones).,0.497,1.290
2017,5,October 5,away,Tampa Bay Buccaneers,https://www.pro-football-reference.com/boxscores/201710050tam.htm,4,00:19,1,10,NE 36,19,14,(:19) (Shotgun) 3-J.Winston pass short middle to 84-C.Brate to NE 19 for 17 yards (37-J.Richards).,1.787,0.292
2017,5,October 5,away,Tampa Bay Buccaneers,https://www.pro-football-reference.com/boxscores/201710050tam.htm,4,00:04,1,10,NE 19,19,14,(:04) 3-J.Winston spiked the ball to stop the clock.,2.079,0.014
2017,5,October 5,away,Tampa Bay Buccaneers,https://www.pro-football-reference.com/boxscores/201710050tam.htm,4,00:03,2,10,NE 19,19,14,(:03) (Shotgun) 3-J.Winston pass incomplete deep middle to 80-O.Howard (31-J.Jones).,2.093,-2.093
2017,6,October 15,away,New York Jets,https://www.pro-football-reference.com/boxscores/201710150nyj.htm,1,15:00,,,NE 35,0,0,3-S.Gostkowski kicks 66 yards from NE 35 to NYJ -1. 18-A.Stewart to NYJ 12 for 13 yards (38-B.Bolden).,1.457,-1.024
2017,6,October 15,away,New York Jets,https://www.pro-football-reference.com/boxscores/201710150nyj.htm,1,14:56,1,10,NYJ 12,0,0,(14:56) 15-J.McCown pass incomplete short right to 88-A.Seferian-Jenkins (98-T.Flowers).,0.433,-0.639
2017,6,October 15,away,New York Jets,https://www.pro-football-reference.com/boxscores/201710150nyj.htm,1,14:52,2,10,NYJ 12,0,0,(14:52) (Shotgun) 15-J.McCown pass incomplete deep right to 11-R.Anderson (21-M.Butler).,-0.206,-0.614
2017,6,October 15,away,New York Jets,https://www.pro-football-reference.com/boxscores/201710150nyj.htm,1,14:44,3,10,NYJ 12,0,0,(14:44) (Shotgun) 15-J.McCown pass deep right to 11-R.Anderson pushed ob at NYJ 35 for 23 yards (21-M.Butler).,-0.820,2.852
2017,6,October 15,away,New York Jets,https://www.pro-football-reference.com/boxscores/201710150nyj.htm,1,14:14,1,10,NYJ 35,0,0,(14:14) 22-M.Forte right tackle to NYJ 37 for 2 yards (93-L.Guy).,2.032,-0.277
2017,6,October 15,away,New York Jets,https://www.pro-football-reference.com/boxscores/201710150nyj.htm,1,13:36,2,8,NYJ 37,0,0,(13:36) 79-B.Qvale reported in as eligible.  15-J.McCown pass incomplete short right to 11-R.Anderson.,1.755,-0.759
2017,6,October 15,away,New York Jets,https://www.pro-football-reference.com/boxscores/201710150nyj.htm,1,13:32,3,8,NYJ 37,0,0,(13:32) (Shotgun) 15-J.McCown scrambles left end ran ob at NE 47 for 16 yards.,0.996,2.214
2017,6,October 15,away,New York Jets,https://www.pro-football-reference.com/boxscores/201710150nyj.htm,1,12:53,1,10,NE 47,0,0,(12:53) 15-J.McCown pass short left to 22-M.Forte to NE 35 for 12 yards (54-D.Hightower).,3.210,0.707
2017,6,October 15,away,New York Jets,https://www.pro-football-reference.com/boxscores/201710150nyj.htm,1,12:15,1,10,NE 35,0,0,(12:15) 25-E.McGuire left end pushed ob at NE 33 for 2 yards (21-M.Butler).,3.918,-0.341
2017,6,October 15,away,New York Jets,https://www.pro-football-reference.com/boxscores/201710150nyj.htm,1,11:45,2,8,NE 33,0,0,(11:45) 15-J.McCown pass short right to 18-A.Stewart to NE 31 for 2 yards (29-J.Bademosi).,3.577,-0.478
2017,6,October 15,away,New York Jets,https://www.pro-football-reference.com/boxscores/201710150nyj.htm,1,11:04,3,6,NE 31,0,0,(11:04) (Shotgun) 15-J.McCown pass deep right to 14-J.Kerley to NE 1 for 30 yards (31-J.Jones).,3.098,3.368
2017,6,October 15,away,New York Jets,https://www.pro-football-reference.com/boxscores/201710150nyj.htm,1,10:19,1,1,NE 1,0,0,(10:19) 25-E.McGuire right guard to NE 1 for no gain (54-D.Hightower).,6.467,-0.265
2017,6,October 15,away,New York Jets,https://www.pro-football-reference.com/boxscores/201710150nyj.htm,1,09:46,2,1,NE 1,0,0,(9:46) 22-M.Forte up the middle to NE 1 for no gain (98-T.Flowers).,6.201,-0.425
2017,6,October 15,away,New York Jets,https://www.pro-football-reference.com/boxscores/201710150nyj.htm,1,09:13,3,1,NE 1,0,6,"(9:13) 15-J.McCown pass short right to 88-A.Seferian-Jenkins for 1 yard, TOUCHDOWN.",5.776,1.224
2017,6,October 15,away,New York Jets,https://www.pro-football-reference.com/boxscores/201710150nyj.htm,1,09:08,,,NE 15,0,7,"7-C.Catanzaro extra point is GOOD, Center-42-T.Hennessy, Holder-4-L.Edwards.",0.932,0.068
2017,6,October 15,away,New York Jets,https://www.pro-football-reference.com/boxscores/201710150nyj.htm,1,09:08,,,NYJ 35,0,7,"7-C.Catanzaro kicks 65 yards from NYJ 35 to end zone, Touchback.",0.746,0.000
2017,6,October 15,away,New York Jets,https://www.pro-football-reference.com/boxscores/201710150nyj.htm,1,09:08,1,10,NE 25,0,7,(9:08) (Shotgun) 33-D.Lewis left tackle to NE 34 for 9 yards (48-J.Jenkins).,0.746,0.769
2017,6,October 15,away,New York Jets,https://www.pro-football-reference.com/boxscores/201710150nyj.htm,1,08:33,2,1,NE 34,0,7,(8:33) 77-N.Solder reported in as eligible.  33-D.Lewis up the middle to NE 35 for 1 yard (92-L.Williams).,1.515,-0.251
2017,6,October 15,away,New York Jets,https://www.pro-football-reference.com/boxscores/201710150nyj.htm,1,07:51,1,10,NE 35,0,7,(7:51) (Shotgun) 12-T.Brady pass short right to 87-R.Gronkowski to NE 39 for 4 yards (33-Ja.Adams).,1.264,0.047
2017,6,October 15,away,New York Jets,https://www.pro-football-reference.com/boxscores/201710150nyj.htm,1,07:18,2,6,NE 39,0,7,(7:18) 12-T.Brady pass incomplete short left to 14-B.Cooks.,1.311,-0.820
2017,6,October 15,away,New York Jets,https://www.pro-football-reference.com/boxscores/201710150nyj.htm,1,07:14,3,6,NE 39,0,7,(7:14) (Shotgun) 12-T.Brady pass short middle to 15-C.Hogan to NYJ 42 for 19 yards (27-D.Roberts).,0.491,2.486
2017,6,October 15,away,New York Jets,https://www.pro-football-reference.com/boxscores/201710150nyj.htm,1,06:30,1,10,NYJ 42,0,7,(6:30) 33-D.Lewis right guard to NYJ 41 for 1 yard (95-J.Martin; 48-J.Jenkins).,2.977,-0.396
2017,6,October 15,away,New York Jets,https://www.pro-football-reference.com/boxscores/201710150nyj.htm,1,05:50,2,9,NYJ 41,0,7,(5:50) 12-T.Brady pass incomplete deep left to 15-C.Hogan.,2.581,-0.818
2017,6,October 15,away,New York Jets,https://www.pro-football-reference.com/boxscores/201710150nyj.htm,1,05:43,3,9,NYJ 41,0,7,(5:43) (Shotgun) 12-T.Brady pass incomplete short left to 87-R.Gronkowski.,1.763,-1.957
2017,6,October 15,away,New York Jets,https://www.pro-football-reference.com/boxscores/201710150nyj.htm,1,05:39,4,9,NYJ 41,0,7,"(5:39) 6-R.Allen punts 37 yards to NYJ 4, Center-49-J.Cardona, downed by NE-31-J.Jones.",-0.193,0.329
2017,6,October 15,away,New York Jets,https://www.pro-football-reference.com/boxscores/201710150nyj.htm,1,05:31,1,10,NYJ 4,0,7,(5:31) 22-M.Forte up the middle to NYJ 6 for 2 yards (37-J.Richards).,-0.136,-0.421
2017,6,October 15,away,New York Jets,https://www.pro-football-reference.com/boxscores/201710150nyj.htm,1,04:57,2,8,NYJ 6,0,7,(4:57) (Shotgun) 15-J.McCown pass short right to 22-M.Forte to NYJ 11 for 5 yards (54-D.Hightower) [91-D.Wise].,-0.557,-0.041
2017,6,October 15,away,New York Jets,https://www.pro-football-reference.com/boxscores/201710150nyj.htm,1,04:11,3,3,NYJ 11,0,7,(4:11) (Shotgun) 15-J.McCown pass incomplete short left to 11-R.Anderson.,-0.597,-1.514
2017,6,October 15,away,New York Jets,https://www.pro-football-reference.com/boxscores/201710150nyj.htm,1,04:04,4,3,NYJ 11,0,7,"(4:04) 4-L.Edwards punts 41 yards to NE 48, Center-42-T.Hennessy. 80-D.Amendola to NE 47 for -1 yards (45-R.Miles).",-2.111,-0.110
2017,6,October 15,away,New York Jets,https://www.pro-football-reference.com/boxscores/201710150nyj.htm,1,03:55,1,10,NE 47,0,7,(3:55) 35-M.Gillislee right tackle to NYJ 44 for 9 yards (56-D.Davis).,2.222,0.716
2017,6,October 15,away,New York Jets,https://www.pro-football-reference.com/boxscores/201710150nyj.htm,1,03:24,2,1,NYJ 44,0,7,(3:24) 35-M.Gillislee right tackle to NYJ 39 for 5 yards (33-Ja.Adams).,2.938,0.312
2017,6,October 15,away,New York Jets,https://www.pro-football-reference.com/boxscores/201710150nyj.htm,1,02:47,1,10,NYJ 39,0,7,(2:47) 35-M.Gillislee left guard to NYJ 35 for 4 yards (58-D.Lee).,3.250,-0.071
2017,6,October 15,away,New York Jets,https://www.pro-football-reference.com/boxscores/201710150nyj.htm,1,02:08,2,6,NYJ 35,0,7,(2:08) (Shotgun) 12-T.Brady pass short right to 28-J.White to NYJ 34 for 1 yard (56-D.Davis).,3.178,-0.576
2017,6,October 15,away,New York Jets,https://www.pro-football-reference.com/boxscores/201710150nyj.htm,1,01:27,3,5,NYJ 34,0,7,(1:27) (Shotgun) 12-T.Brady pass short right to 14-B.Cooks pushed ob at NYJ 27 for 7 yards (21-M.Claiborne).,2.602,1.435
2017,6,October 15,away,New York Jets,https://www.pro-football-reference.com/boxscores/201710150nyj.htm,1,01:03,1,10,NYJ 27,0,7,"(1:03) 77-N.Solder reported in as eligible.  35-M.Gillislee right tackle to NYJ 22 for 5 yards (58-D.Lee). FUMBLES (58-D.Lee), RECOVERED by NYJ-41-B.Skrine at NYJ 22.",4.037,-4.994
2017,6,October 15,away,New York Jets,https://www.pro-football-reference.com/boxscores/201710150nyj.htm,1,00:51,1,10,NYJ 22,0,7,(:51) (Shotgun) 15-J.McCown pass short middle to 22-M.Forte to NYJ 37 for 15 yards (53-K.Van Noy).,0.958,1.158
2017,6,October 15,away,New York Jets,https://www.pro-football-reference.com/boxscores/201710150nyj.htm,1,00:09,1,10,NYJ 37,0,7,(:09) 15-J.McCown pass short right to 88-A.Seferian-Jenkins ran ob at NYJ 45 for 8 yards.,2.116,0.535
2017,6,October 15,away,New York Jets,https://www.pro-football-reference.com/boxscores/201710150nyj.htm,2,15:00,2,2,NYJ 45,0,7,(15:00) 25-E.McGuire left tackle to NYJ 48 for 3 yards (98-T.Flowers).,2.651,0.123
2017,6,October 15,away,New York Jets,https://www.pro-football-reference.com/boxscores/201710150nyj.htm,2,14:20,1,10,NYJ 48,0,7,(14:20) (Shotgun) 15-J.McCown pass short left to 88-A.Seferian-Jenkins pushed ob at NE 46 for 6 yards (98-T.Flowers).,2.774,0.168
2017,6,October 15,away,New York Jets,https://www.pro-football-reference.com/boxscores/201710150nyj.htm,2,13:48,2,4,NE 46,0,7,(13:48) 25-E.McGuire right guard to NE 47 for -1 yards (97-A.Branch).,2.942,-1.026
2017,6,October 15,away,New York Jets,https://www.pro-football-reference.com/boxscores/201710150nyj.htm,2,13:04,,,NE 47,0,7,Timeout #1 by NYJ at 13:04.,1.916,0.000
2017,6,October 15,away,New York Jets,https://www.pro-football-reference.com/boxscores/201710150nyj.htm,2,13:04,3,5,NE 47,0,7,(13:04) (Shotgun) 15-J.McCown pass short left to 10-J.Kearse to NE 31 for 16 yards (29-J.Bademosi).,1.916,1.925
2017,6,October 15,away,New York Jets,https://www.pro-football-reference.com/boxscores/201710150nyj.htm,2,12:26,1,10,NE 31,0,13,"(12:26) (Shotgun) 15-J.McCown pass deep left to 14-J.Kerley for 31 yards, TOUCHDOWN [98-T.Flowers].",3.841,3.159
2017,6,October 15,away,New York Jets,https://www.pro-football-reference.com/boxscores/201710150nyj.htm,2,12:18,,,NE 15,0,14,"7-C.Catanzaro extra point is GOOD, Center-42-T.Hennessy, Holder-4-L.Edwards.",0.932,0.068
2017,6,October 15,away,New York Jets,https://www.pro-football-reference.com/boxscores/201710150nyj.htm,2,12:18,,,NYJ 35,0,14,"7-C.Catanzaro kicks 65 yards from NYJ 35 to end zone, Touchback.",0.952,0.000
2017,6,October 15,away,New York Jets,https://www.pro-football-reference.com/boxscores/201710150nyj.htm,2,12:18,1,10,NE 25,0,14,(12:18) (Shotgun) 12-T.Brady pass incomplete short right to 80-D.Amendola.,0.952,-0.505
2017,6,October 15,away,New York Jets,https://www.pro-football-reference.com/boxscores/201710150nyj.htm,2,12:10,2,10,NE 25,0,14,(12:10) (Shotgun) 12-T.Brady pass short left to 28-J.White to NE 27 for 2 yards (58-D.Lee).,0.447,-0.585
2017,6,October 15,away,New York Jets,https://www.pro-football-reference.com/boxscores/201710150nyj.htm,2,11:28,3,8,NE 27,0,14,(11:28) (Shotgun) 12-T.Brady pass incomplete short left to 14-B.Cooks (21-M.Claiborne).,-0.138,-1.314
2017,6,October 15,away,New York Jets,https://www.pro-football-reference.com/boxscores/201710150nyj.htm,2,11:22,4,8,NE 27,0,14,"(11:22) 6-R.Allen punts 35 yards to NYJ 38, Center-49-J.Cardona, fair catch by 14-J.Kerley.",-1.452,-0.532
2017,6,October 15,away,New York Jets,https://www.pro-football-reference.com/boxscores/201710150nyj.htm,2,11:15,1,10,NYJ 38,0,14,(11:15) (Shotgun) 22-M.Forte up the middle to NYJ 45 for 7 yards (32-D.McCourty; 23-P.Chung).,1.984,0.302
2017,6,October 15,away,New York Jets,https://www.pro-football-reference.com/boxscores/201710150nyj.htm,2,10:37,2,3,NYJ 45,0,14,(10:37) 15-J.McCown pass incomplete deep right to 11-R.Anderson (21-M.Butler).,2.286,-0.744
2017,6,October 15,away,New York Jets,https://www.pro-football-reference.com/boxscores/201710150nyj.htm,2,10:31,3,3,NYJ 45,0,14,(10:31) (Shotgun) 15-J.McCown pass short right to 88-A.Seferian-Jenkins to NYJ 45 for no gain (32-D.McCourty).,1.542,-1.665
2017,6,October 15,away,New York Jets,https://www.pro-football-reference.com/boxscores/201710150nyj.htm,2,09:53,4,3,NYJ 45,0,14,"(9:53) 4-L.Edwards punts 48 yards to NE 7, Center-42-T.Hennessy, downed by NYJ-32-J.Burris.",-0.123,0.351
2017,6,October 15,away,New York Jets,https://www.pro-football-reference.com/boxscores/201710150nyj.htm,2,09:43,1,10,NE 7,0,14,(9:43) 33-D.Lewis left tackle to NE 10 for 3 yards (58-D.Lee; 56-D.Davis).,-0.228,-0.254
2017,6,October 15,away,New York Jets,https://www.pro-football-reference.com/boxscores/201710150nyj.htm,2,09:09,2,7,NE 10,0,14,(9:09) 12-T.Brady pass deep right to 87-R.Gronkowski to NE 35 for 25 yards (26-M.Maye).,-0.483,1.995
2017,6,October 15,away,New York Jets,https://www.pro-football-reference.com/boxscores/201710150nyj.htm,2,08:37,1,10,NE 35,0,14,(8:37) 12-T.Brady pass incomplete short right to 87-R.Gronkowski (41-B.Skrine).,1.513,-0.455
2017,6,October 15,away,New York Jets,https://www.pro-football-reference.com/boxscores/201710150nyj.htm,2,08:32,2,10,NE 35,0,14,(8:32) (Shotgun) 12-T.Brady pass short left to 14-B.Cooks to NE 38 for 3 yards (21-M.Claiborne).,1.057,-0.143
2017,6,October 15,away,New York Jets,https://www.pro-football-reference.com/boxscores/201710150nyj.htm,2,07:50,3,7,NE 38,0,14,(7:50) (Shotgun) 12-T.Brady pass short left to 80-D.Amendola to NYJ 45 for 17 yards (41-B.Skrine).,0.914,2.008
2017,6,October 15,away,New York Jets,https://www.pro-football-reference.com/boxscores/201710150nyj.htm,2,07:22,1,10,NYJ 45,0,14,(7:22) 33-D.Lewis right tackle to NYJ 36 for 9 yards (26-M.Maye).,2.922,0.672
2017,6,October 15,away,New York Jets,https://www.pro-football-reference.com/boxscores/201710150nyj.htm,2,06:47,2,1,NYJ 36,0,14,(6:47) 33-D.Lewis up the middle to NYJ 27 for 9 yards (33-Ja.Adams).,3.594,0.419
2017,6,October 15,away,New York Jets,https://www.pro-football-reference.com/boxscores/201710150nyj.htm,2,06:13,1,10,NYJ 27,0,14,(6:13) 33-D.Lewis up the middle to NYJ 25 for 2 yards (47-D.Bass; 58-D.Lee).,4.013,-0.337
2017,6,October 15,away,New York Jets,https://www.pro-football-reference.com/boxscores/201710150nyj.htm,2,05:30,2,8,NYJ 25,0,14,"(5:30) (Shotgun) 12-T.Brady pass incomplete deep left to 87-R.Gronkowski (33-Ja.Adams). PENALTY on NYJ-33-Ja.Adams, Defensive Pass Interference, 24 yards, enforced at NYJ 25 - No Play.",3.676,2.687
2017,6,October 15,away,New York Jets,https://www.pro-football-reference.com/boxscores/201710150nyj.htm,2,05:25,1,1,NYJ 1,6,14,"(5:25) 33-D.Lewis right tackle for 1 yard, TOUCHDOWN. The Replay Official reviewed the runner broke the plane ruling, and the play was Upheld. The ruling on the field stands.",6.362,0.638
2017,6,October 15,away,New York Jets,https://www.pro-football-reference.com/boxscores/201710150nyj.htm,2,05:19,,,NYJ 15,7,14,"3-S.Gostkowski extra point is GOOD, Center-49-J.Cardona, Holder-6-R.Allen.",0.932,0.068
2017,6,October 15,away,New York Jets,https://www.pro-football-reference.com/boxscores/201710150nyj.htm,2,05:19,,,NE 35,7,14,3-S.Gostkowski kicks 61 yards from NE 35 to NYJ 4. 18-A.Stewart pushed ob at NYJ 27 for 23 yards (23-P.Chung).,0.892,0.066
2017,6,October 15,away,New York Jets,https://www.pro-football-reference.com/boxscores/201710150nyj.htm,2,05:13,1,10,NYJ 27,7,14,(5:13) 22-M.Forte right tackle to NYJ 34 for 7 yards (55-C.Marsh).,0.958,0.326
2017,6,October 15,away,New York Jets,https://www.pro-football-reference.com/boxscores/201710150nyj.htm,2,04:42,2,3,NYJ 34,7,14,(4:42) 22-M.Forte right tackle to NYJ 36 for 2 yards (90-M.Brown).,1.284,-0.064
2017,6,October 15,away,New York Jets,https://www.pro-football-reference.com/boxscores/201710150nyj.htm,2,04:01,3,1,NYJ 36,7,14,(4:01) 25-E.McGuire up the middle to NYJ 35 for -1 yards (53-K.Van Noy; 54-D.Hightower).,1.220,-1.730
2017,6,October 15,away,New York Jets,https://www.pro-football-reference.com/boxscores/201710150nyj.htm,2,03:26,4,2,NYJ 35,7,14,"(3:26) 4-L.Edwards punts 51 yards to NE 14, Center-42-T.Hennessy. 80-D.Amendola to NE 21 for 7 yards (51-J.Stanford).",-0.509,-0.228
2017,6,October 15,away,New York Jets,https://www.pro-football-reference.com/boxscores/201710150nyj.htm,2,03:17,1,10,NE 21,7,14,(3:17) 12-T.Brady pass incomplete short middle to 15-C.Hogan. NE-15-C.Hogan was injured during the play.,0.738,-0.485
2017,6,October 15,away,New York Jets,https://www.pro-football-reference.com/boxscores/201710150nyj.htm,2,03:13,2,10,NE 21,7,14,(3:13) 12-T.Brady pass deep middle intended for 13-P.Dorsett INTERCEPTED by 41-B.Skrine at NYJ 22. 41-B.Skrine to NYJ 22 for no gain (13-P.Dorsett).,0.253,-0.947
2017,6,October 15,away,New York Jets,https://www.pro-football-reference.com/boxscores/201710150nyj.htm,2,03:02,1,10,NYJ 22,7,14,(3:02) (Shotgun) 15-J.McCown pass short left to 10-J.Kearse to NYJ 31 for 9 yards (23-P.Chung).,0.694,0.716
2017,6,October 15,away,New York Jets,https://www.pro-football-reference.com/boxscores/201710150nyj.htm,2,02:32,2,1,NYJ 31,7,14,(2:32) (Shotgun) 25-E.McGuire right tackle to NYJ 30 for -1 yards (90-M.Brown).,1.410,-0.684
2017,6,October 15,away,New York Jets,https://www.pro-football-reference.com/boxscores/201710150nyj.htm,2,02:00,3,2,NYJ 30,7,14,(2:00) (Shotgun) 15-J.McCown sacked at NYJ 24 for -6 yards (53-K.Van Noy).,0.727,-1.620
2017,6,October 15,away,New York Jets,https://www.pro-football-reference.com/boxscores/201710150nyj.htm,2,01:49,,,NYJ 24,7,14,Timeout #1 by NE at 01:49.,-0.894,0.000
2017,6,October 15,away,New York Jets,https://www.pro-football-reference.com/boxscores/201710150nyj.htm,2,01:49,4,8,NYJ 24,7,14,"(1:49) 4-L.Edwards punts 47 yards to NE 29, Center-42-T.Hennessy. 80-D.Amendola to NE 43 for 14 yards (45-R.Miles).",-0.894,-0.848
2017,6,October 15,away,New York Jets,https://www.pro-football-reference.com/boxscores/201710150nyj.htm,2,01:38,1,10,NE 43,7,14,"(1:38) (Shotgun) 12-T.Brady pass short middle to 80-D.Amendola to NYJ 44 for 13 yards (41-B.Skrine) [92-L.Williams]. PENALTY on NYJ-48-J.Jenkins, Unnecessary Roughness, 15 yards, enforced at NYJ 44.",1.742,1.695
2017,6,October 15,away,New York Jets,https://www.pro-football-reference.com/boxscores/201710150nyj.htm,2,01:25,1,10,NYJ 29,7,14,(1:25) (Shotgun) 12-T.Brady pass incomplete deep right to 15-C.Hogan.,3.437,-0.268
2017,6,October 15,away,New York Jets,https://www.pro-football-reference.com/boxscores/201710150nyj.htm,2,01:21,2,10,NYJ 29,7,14,(1:21) (Shotgun) 12-T.Brady pass incomplete deep right to 87-R.Gronkowski (58-D.Lee).,3.168,-0.396
2017,6,October 15,away,New York Jets,https://www.pro-football-reference.com/boxscores/201710150nyj.htm,2,01:13,3,10,NYJ 29,7,14,(1:13) (Shotgun) 12-T.Brady pass incomplete short left to 14-B.Cooks (94-K.Ealy).,2.773,-0.940
2017,6,October 15,away,New York Jets,https://www.pro-football-reference.com/boxscores/201710150nyj.htm,2,01:11,4,10,NYJ 29,7,14,"(1:11) 3-S.Gostkowski 47 yard field goal is No Good, Wide Right, Center-49-J.Cardona, Holder-6-R.Allen.",1.832,-3.094
2017,6,October 15,away,New York Jets,https://www.pro-football-reference.com/boxscores/201710150nyj.htm,2,01:07,1,10,NYJ 37,7,14,(1:07) (Shotgun) 15-J.McCown pass short right to 88-A.Seferian-Jenkins pushed ob at NYJ 43 for 6 yards (37-J.Richards).,1.262,0.081
2017,6,October 15,away,New York Jets,https://www.pro-football-reference.com/boxscores/201710150nyj.htm,2,01:02,2,4,NYJ 43,7,14,(1:02) (Shotgun) 15-J.McCown pass incomplete short right to 11-R.Anderson [21-M.Butler].,1.342,-0.261
2017,6,October 15,away,New York Jets,https://www.pro-football-reference.com/boxscores/201710150nyj.htm,2,00:57,3,4,NYJ 43,7,14,(:57) (Shotgun) 15-J.McCown pass short right to 88-A.Seferian-Jenkins ran ob at NE 47 for 10 yards.,1.081,1.207
2017,6,October 15,away,New York Jets,https://www.pro-football-reference.com/boxscores/201710150nyj.htm,2,00:53,1,10,NE 47,7,14,"(:53) (Shotgun) 15-J.McCown pass short left to 10-J.Kearse to NE 38 for 9 yards (29-J.Bademosi). PENALTY on NYJ-72-B.Shell, Illegal Use of Hands, 10 yards, enforced at NE 47 - No Play.",2.288,-1.166
2017,6,October 15,away,New York Jets,https://www.pro-football-reference.com/boxscores/201710150nyj.htm,2,00:46,1,20,NYJ 43,7,14,(:46) (Shotgun) 15-J.McCown pass short middle to 22-M.Forte to NE 49 for 8 yards (32-D.McCourty).,1.122,0.300
2017,6,October 15,away,New York Jets,https://www.pro-football-reference.com/boxscores/201710150nyj.htm,2,00:40,,,NE 49,7,14,Timeout #2 by NYJ at 00:40.,1.422,0.000
2017,6,October 15,away,New York Jets,https://www.pro-football-reference.com/boxscores/201710150nyj.htm,2,00:40,2,12,NE 49,7,14,(:40) (Shotgun) 15-J.McCown pass short right intended for 11-R.Anderson INTERCEPTED by 21-M.Butler at NE 36. 21-M.Butler to NE 37 for 1 yard (11-R.Anderson).,1.422,-2.305
2017,6,October 15,away,New York Jets,https://www.pro-football-reference.com/boxscores/201710150nyj.htm,2,00:35,1,10,NE 37,7,14,(:35) (Shotgun) 12-T.Brady pass incomplete short left to 28-J.White (94-K.Ealy).,0.883,-0.253
2017,6,October 15,away,New York Jets,https://www.pro-football-reference.com/boxscores/201710150nyj.htm,2,00:30,2,10,NE 37,7,14,(:30) (Shotgun) 28-J.White up the middle to NE 46 for 9 yards (58-D.Lee).,0.630,0.259
2017,6,October 15,away,New York Jets,https://www.pro-football-reference.com/boxscores/201710150nyj.htm,2,00:26,,,NE 46,7,14,Timeout #2 by NE at 00:26.,0.889,0.000
2017,6,October 15,away,New York Jets,https://www.pro-football-reference.com/boxscores/201710150nyj.htm,2,00:26,3,1,NE 46,7,14,(:26) (Shotgun) 12-T.Brady pass short right to 80-D.Amendola ran ob at NYJ 44 for 10 yards. NYJ-41-B.Skrine was injured during the play.,0.889,0.806
2017,6,October 15,away,New York Jets,https://www.pro-football-reference.com/boxscores/201710150nyj.htm,2,00:22,1,10,NYJ 44,7,14,(:22) (Shotgun) 12-T.Brady pass deep left to 14-B.Cooks ran ob at NYJ 2 for 42 yards.,1.695,3.592
2017,6,October 15,away,New York Jets,https://www.pro-football-reference.com/boxscores/201710150nyj.htm,2,00:15,1,2,NYJ 2,7,14,(:15) (Shotgun) 12-T.Brady pass incomplete short left to 87-R.Gronkowski.,5.287,-0.712
2017,6,October 15,away,New York Jets,https://www.pro-football-reference.com/boxscores/201710150nyj.htm,2,00:12,2,2,NYJ 2,13,14,"(:12) (Shotgun) 12-T.Brady pass short left to 87-R.Gronkowski for 2 yards, TOUCHDOWN.",4.575,2.425
2017,6,October 15,away,New York Jets,https://www.pro-football-reference.com/boxscores/201710150nyj.htm,2,00:09,,,NYJ 15,14,14,"3-S.Gostkowski extra point is GOOD, Center-49-J.Cardona, Holder-6-R.Allen.",0.932,0.068
2017,6,October 15,away,New York Jets,https://www.pro-football-reference.com/boxscores/201710150nyj.htm,2,00:09,,,NE 35,14,14,"3-S.Gostkowski kicks 65 yards from NE 35 to end zone, Touchback.",0.062,-0.062
2017,6,October 15,away,New York Jets,https://www.pro-football-reference.com/boxscores/201710150nyj.htm,2,00:09,1,10,NYJ 25,14,14,(:09) 15-J.McCown kneels to NYJ 24 for -1 yards.,0.000,0.000
2017,6,October 15,away,New York Jets,https://www.pro-football-reference.com/boxscores/201710150nyj.htm,3,15:00,,,NYJ 35,14,14,"7-C.Catanzaro kicks 65 yards from NYJ 35 to end zone, Touchback.",0.651,0.000
2017,6,October 15,away,New York Jets,https://www.pro-football-reference.com/boxscores/201710150nyj.htm,3,15:00,1,10,NE 25,14,14,(15:00) 33-D.Lewis up the middle ran ob at NE 36 for 11 yards (21-M.Claiborne).,0.651,0.785
2017,6,October 15,away,New York Jets,https://www.pro-football-reference.com/boxscores/201710150nyj.htm,3,14:31,1,10,NE 36,14,14,(14:31) 12-T.Brady pass deep left to 14-B.Cooks to NYJ 48 for 16 yards (21-M.Claiborne).,1.436,1.082
2017,6,October 15,away,New York Jets,https://www.pro-football-reference.com/boxscores/201710150nyj.htm,3,13:55,1,10,NYJ 48,14,14,(13:55) 33-D.Lewis right tackle to NYJ 41 for 7 yards (56-D.Davis).,2.518,0.481
2017,6,October 15,away,New York Jets,https://www.pro-football-reference.com/boxscores/201710150nyj.htm,3,13:21,2,3,NYJ 41,14,14,"(13:21) 12-T.Brady pass short left to 14-B.Cooks to NYJ 24 for 17 yards (26-M.Maye). PENALTY on NE-15-C.Hogan, Offensive Pass Interference, 10 yards, enforced at NYJ 41 - No Play.",2.999,-1.436
2017,6,October 15,away,New York Jets,https://www.pro-football-reference.com/boxscores/201710150nyj.htm,3,12:51,2,13,NE 49,14,14,(12:51) (Shotgun) 12-T.Brady pass incomplete short right to 13-P.Dorsett (27-D.Roberts).,1.564,-0.955
2017,6,October 15,away,New York Jets,https://www.pro-football-reference.com/boxscores/201710150nyj.htm,3,12:45,3,13,NE 49,14,14,(12:45) (Shotgun) 12-T.Brady pass deep middle to 14-B.Cooks to NYJ 32 for 19 yards (27-D.Roberts).,0.609,3.157
2017,6,October 15,away,New York Jets,https://www.pro-football-reference.com/boxscores/201710150nyj.htm,3,12:09,1,10,NYJ 32,14,14,(12:09) 33-D.Lewis right end to NYJ 33 for -1 yards (48-J.Jenkins; 99-S.McLendon).,3.766,-0.750
2017,6,October 15,away,New York Jets,https://www.pro-football-reference.com/boxscores/201710150nyj.htm,3,11:37,2,11,NYJ 33,14,14,(11:37) (Shotgun) 12-T.Brady pass incomplete deep left to 13-P.Dorsett (41-B.Skrine) [47-D.Bass].,3.016,-0.667
2017,6,October 15,away,New York Jets,https://www.pro-football-reference.com/boxscores/201710150nyj.htm,3,11:30,3,11,NYJ 33,20,14,"(11:30) (Shotgun) 12-T.Brady pass short right to 87-R.Gronkowski for 33 yards, TOUCHDOWN. Penalty on NYJ-21-M.Claiborne, Defensive Holding, declined.",2.349,4.651
2017,6,October 15,away,New York Jets,https://www.pro-football-reference.com/boxscores/201710150nyj.htm,3,11:22,,,NYJ 15,21,14,"3-S.Gostkowski extra point is GOOD, Center-49-J.Cardona, Holder-6-R.Allen.",0.932,0.068
2017,6,October 15,away,New York Jets,https://www.pro-football-reference.com/boxscores/201710150nyj.htm,3,11:22,,,NE 35,21,14,3-S.Gostkowski kicks 68 yards from NE 35 to NYJ -3. 18-A.Stewart to NYJ 14 for 17 yards (36-B.King).,1.456,-0.921
2017,6,October 15,away,New York Jets,https://www.pro-football-reference.com/boxscores/201710150nyj.htm,3,11:17,1,10,NYJ 14,21,14,(11:17) 15-J.McCown pass incomplete short right to 18-A.Stewart.,0.535,-0.575
2017,6,October 15,away,New York Jets,https://www.pro-football-reference.com/boxscores/201710150nyj.htm,3,11:14,2,10,NYJ 14,21,14,(11:14) 15-J.McCown pass short right to 11-R.Anderson pushed ob at NYJ 30 for 16 yards (21-M.Butler).,-0.040,1.805
2017,6,October 15,away,New York Jets,https://www.pro-football-reference.com/boxscores/201710150nyj.htm,3,10:46,1,10,NYJ 30,21,14,(10:46) 22-M.Forte right tackle to NYJ 31 for 1 yard (90-M.Brown).,1.765,-0.608
2017,6,October 15,away,New York Jets,https://www.pro-football-reference.com/boxscores/201710150nyj.htm,3,10:01,,,NYJ 31,21,14,Timeout #1 by NYJ at 10:01.,1.157,0.000
2017,6,October 15,away,New York Jets,https://www.pro-football-reference.com/boxscores/201710150nyj.htm,3,10:01,2,9,NYJ 31,21,14,(10:01) (Shotgun) 15-J.McCown pass short left to 39-T.Cadet pushed ob at NYJ 38 for 7 yards (29-J.Bademosi) [54-D.Hightower].,1.157,0.289
2017,6,October 15,away,New York Jets,https://www.pro-football-reference.com/boxscores/201710150nyj.htm,3,09:37,,,NYJ 38,21,14,Timeout #1 by NE at 09:37.,1.446,0.000
2017,6,October 15,away,New York Jets,https://www.pro-football-reference.com/boxscores/201710150nyj.htm,3,09:37,3,2,NYJ 38,21,14,(9:37) (Shotgun) 15-J.McCown scrambles up the middle to NYJ 44 for 6 yards (55-C.Marsh).,1.446,1.062
2017,6,October 15,away,New York Jets,https://www.pro-football-reference.com/boxscores/201710150nyj.htm,3,08:55,1,10,NYJ 44,21,14,(8:55) 22-M.Forte right guard to NYJ 45 for 1 yard (53-K.Van Noy).,2.508,-0.453
2017,6,October 15,away,New York Jets,https://www.pro-football-reference.com/boxscores/201710150nyj.htm,3,08:11,2,9,NYJ 45,21,14,(8:11) (Shotgun) 15-J.McCown sacked at NYJ 44 for -1 yards (90-M.Brown).,2.055,-0.806
2017,6,October 15,away,New York Jets,https://www.pro-football-reference.com/boxscores/201710150nyj.htm,3,07:21,,,NYJ 44,21,14,Timeout #2 by NYJ at 07:21.,1.250,0.000
2017,6,October 15,away,New York Jets,https://www.pro-football-reference.com/boxscores/201710150nyj.htm,3,07:21,3,10,NYJ 44,21,14,(7:21) (Shotgun) 15-J.McCown pass short left to 39-T.Cadet to NE 43 for 13 yards (53-K.Van Noy).,1.250,1.975
2017,6,October 15,away,New York Jets,https://www.pro-football-reference.com/boxscores/201710150nyj.htm,3,06:46,1,10,NE 43,21,14,(6:46) 39-T.Cadet right tackle to NE 40 for 3 yards (54-D.Hightower).,3.225,-0.223
2017,6,October 15,away,New York Jets,https://www.pro-football-reference.com/boxscores/201710150nyj.htm,3,06:09,2,7,NE 40,21,14,(6:09) 15-J.McCown pass short right to 39-T.Cadet to NE 34 for 6 yards (32-D.McCourty).,3.002,0.307
2017,6,October 15,away,New York Jets,https://www.pro-football-reference.com/boxscores/201710150nyj.htm,3,05:33,3,1,NE 34,21,14,(5:33) 22-M.Forte left tackle to NE 34 for no gain (91-D.Wise; 93-L.Guy).,3.310,-1.048
2017,6,October 15,away,New York Jets,https://www.pro-football-reference.com/boxscores/201710150nyj.htm,3,04:49,4,1,NE 34,21,14,(4:49) 15-J.McCown pass short left intended for 83-E.Tomlinson INTERCEPTED by 32-D.McCourty at NE 28. 32-D.McCourty to NE 28 for no gain (83-E.Tomlinson).,2.261,-3.308
2017,6,October 15,away,New York Jets,https://www.pro-football-reference.com/boxscores/201710150nyj.htm,3,04:41,1,10,NE 28,21,14,(4:41) (Shotgun) 12-T.Brady pass short middle to 87-R.Gronkowski to NE 42 for 14 yards (26-M.Maye).,1.047,0.911
2017,6,October 15,away,New York Jets,https://www.pro-football-reference.com/boxscores/201710150nyj.htm,3,04:08,1,10,NE 42,21,14,(4:08) 35-M.Gillislee left tackle to NE 44 for 2 yards (56-D.Davis).,1.958,-0.347
2017,6,October 15,away,New York Jets,https://www.pro-football-reference.com/boxscores/201710150nyj.htm,3,03:38,2,8,NE 44,21,14,"(3:38) 12-T.Brady pass incomplete short middle to 15-C.Hogan [94-K.Ealy]. PENALTY on NYJ-41-B.Skrine, Defensive Holding, 5 yards, enforced at NE 44 - No Play.",1.611,0.855
2017,6,October 15,away,New York Jets,https://www.pro-football-reference.com/boxscores/201710150nyj.htm,3,03:34,1,10,NE 49,21,14,(3:34) 77-N.Solder reported in as eligible.  35-M.Gillislee right guard to NYJ 47 for 4 yards (99-S.McLendon; 56-D.Davis).,2.466,-0.017
2017,6,October 15,away,New York Jets,https://www.pro-football-reference.com/boxscores/201710150nyj.htm,3,02:58,2,6,NYJ 47,21,14,(2:58) 77-N.Solder reported in as eligible.  35-M.Gillislee right end to NYJ 44 for 3 yards (92-L.Williams; 26-M.Maye).,2.449,-0.334
2017,6,October 15,away,New York Jets,https://www.pro-football-reference.com/boxscores/201710150nyj.htm,3,02:19,3,3,NYJ 44,21,14,(2:19) (Shotgun) 12-T.Brady pass short left to 28-J.White to NYJ 28 for 16 yards (21-M.Claiborne).,2.115,1.880
2017,6,October 15,away,New York Jets,https://www.pro-football-reference.com/boxscores/201710150nyj.htm,3,01:42,1,10,NYJ 28,21,14,(1:42) 35-M.Gillislee up the middle to NYJ 21 for 7 yards (26-M.Maye; 92-L.Williams).,3.995,0.276
2017,6,October 15,away,New York Jets,https://www.pro-football-reference.com/boxscores/201710150nyj.htm,3,01:14,2,3,NYJ 21,21,14,"(1:14) 35-M.Gillislee right tackle to NYJ 16 for 5 yards (98-M.Pennel). PENALTY on NYJ-58-D.Lee, Illegal Use of Hands, 5 yards, enforced at NYJ 16.",4.271,0.714
2017,6,October 15,away,New York Jets,https://www.pro-football-reference.com/boxscores/201710150nyj.htm,3,00:39,1,10,NYJ 11,21,14,(:39) 12-T.Brady pass short right to 87-R.Gronkowski to NYJ 6 for 5 yards (47-D.Bass).,4.985,0.209
2017,6,October 15,away,New York Jets,https://www.pro-football-reference.com/boxscores/201710150nyj.htm,4,15:00,2,5,NYJ 6,21,14,"(15:00) (Shotgun) 12-T.Brady pass incomplete short right to 15-C.Hogan [47-D.Bass]. PENALTY on NE-14-B.Cooks, Offensive Pass Interference, 10 yards, enforced at NYJ 6 - No Play.",5.193,-1.346
2017,6,October 15,away,New York Jets,https://www.pro-football-reference.com/boxscores/201710150nyj.htm,4,14:56,2,15,NYJ 16,21,14,(14:56) (Shotgun) 12-T.Brady pass incomplete short right to 28-J.White.,3.847,-0.672
2017,6,October 15,away,New York Jets,https://www.pro-football-reference.com/boxscores/201710150nyj.htm,4,14:53,3,15,NYJ 16,21,14,(14:53) (Shotgun) 28-J.White right guard to NYJ 9 for 7 yards (21-M.Claiborne).,3.175,-0.281
2017,6,October 15,away,New York Jets,https://www.pro-football-reference.com/boxscores/201710150nyj.htm,4,14:13,4,8,NYJ 9,24,14,"(14:13) 3-S.Gostkowski 28 yard field goal is GOOD, Center-49-J.Cardona, Holder-6-R.Allen.",2.894,0.106
2017,6,October 15,away,New York Jets,https://www.pro-football-reference.com/boxscores/201710150nyj.htm,4,14:10,,,NE 35,24,14,"3-S.Gostkowski kicks 65 yards from NE 35 to end zone, Touchback.",1.243,0.000
2017,6,October 15,away,New York Jets,https://www.pro-football-reference.com/boxscores/201710150nyj.htm,4,14:10,1,10,NYJ 25,24,14,(14:10) 25-E.McGuire right tackle to NYJ 28 for 3 yards (70-A.Butler).,1.243,-0.288
2017,6,October 15,away,New York Jets,https://www.pro-football-reference.com/boxscores/201710150nyj.htm,4,13:32,2,7,NYJ 28,24,14,(13:32) (Shotgun) 15-J.McCown pass short left to 88-A.Seferian-Jenkins to NYJ 40 for 12 yards (30-D.Harmon).,0.955,1.276
2017,6,October 15,away,New York Jets,https://www.pro-football-reference.com/boxscores/201710150nyj.htm,4,12:59,1,10,NYJ 40,24,14,"(12:59) 25-E.McGuire right guard pushed ob at NE 48 for 12 yards (32-D.McCourty). PENALTY on NE-97-A.Branch, Defensive Holding, 5 yards, enforced at NE 48.",2.230,0.888
2017,6,October 15,away,New York Jets,https://www.pro-football-reference.com/boxscores/201710150nyj.htm,4,12:31,1,10,NE 43,24,14,(12:31) 15-J.McCown pass short right to 44-L.Thomas to NE 38 for 5 yards (37-J.Richards).,3.118,0.079
2017,6,October 15,away,New York Jets,https://www.pro-football-reference.com/boxscores/201710150nyj.htm,4,11:53,2,5,NE 38,24,14,(11:53) 18-A.Stewart right end to NE 32 for 6 yards (23-P.Chung).,3.198,0.540
2017,6,October 15,away,New York Jets,https://www.pro-football-reference.com/boxscores/201710150nyj.htm,4,11:16,1,10,NE 32,24,14,(11:16) 25-E.McGuire right end to NE 30 for 2 yards (29-J.Bademosi; 30-D.Harmon).,3.737,-0.303
2017,6,October 15,away,New York Jets,https://www.pro-football-reference.com/boxscores/201710150nyj.htm,4,10:35,2,8,NE 30,24,14,(10:35) (Shotgun) 15-J.McCown pass short right to 22-M.Forte to NE 21 for 9 yards (53-K.Van Noy).,3.434,0.988
2017,6,October 15,away,New York Jets,https://www.pro-football-reference.com/boxscores/201710150nyj.htm,4,09:51,1,10,NE 21,24,14,(9:51) (Shotgun) 15-J.McCown pass short left to 22-M.Forte to NE 12 for 9 yards (29-J.Bademosi; 98-T.Flowers).,4.422,0.768
2017,6,October 15,away,New York Jets,https://www.pro-football-reference.com/boxscores/201710150nyj.htm,4,09:07,2,1,NE 12,24,14,(9:07) 15-J.McCown pass incomplete short left.,5.190,-0.519
2017,6,October 15,away,New York Jets,https://www.pro-football-reference.com/boxscores/201710150nyj.htm,4,08:59,3,1,NE 12,24,14,"(8:59) 25-E.McGuire right tackle to NE 9 for 3 yards (98-T.Flowers). PENALTY on NE-90-M.Brown, Defensive Holding, 5 yards, enforced at NE 9.",4.671,1.165
2017,6,October 15,away,New York Jets,https://www.pro-football-reference.com/boxscores/201710150nyj.htm,4,08:35,1,4,NE 4,24,14,(8:35) 15-J.McCown pass incomplete short left to 11-R.Anderson.,5.836,-0.449
2017,6,October 15,away,New York Jets,https://www.pro-football-reference.com/boxscores/201710150nyj.htm,4,08:31,2,4,NE 4,24,14,"(8:31) (Shotgun) 15-J.McCown pass short left to 88-A.Seferian-Jenkins for 4 yards, TOUCHDOWN. The Replay Official reviewed the runner broke the plane ruling, and the play was REVERSED. (Shotgun) 15-J.McCown pass short left to 88-A.Seferian-Jenkins to NE 1 for 3 yards (21-M.Butler). FUMBLES (21-M.Butler), ball out of bounds in End Zone, Touchback.",5.387,-6.318
2017,6,October 15,away,New York Jets,https://www.pro-football-reference.com/boxscores/201710150nyj.htm,4,08:24,1,10,NE 20,24,14,"(8:24) 33-D.Lewis up the middle to NE 38 for 18 yards (48-J.Jenkins). PENALTY on NE-61-M.Cannon, Offensive Holding, 10 yards, enforced at NE 20 - No Play. Penalty on NE-15-C.Hogan, Offensive Holding, declined.",0.931,-1.088
2017,6,October 15,away,New York Jets,https://www.pro-football-reference.com/boxscores/201710150nyj.htm,4,07:58,1,20,NE 10,24,14,(7:58) 12-T.Brady pass short right to 14-B.Cooks to NE 16 for 6 yards (21-M.Claiborne).,-0.157,-0.103
2017,6,October 15,away,New York Jets,https://www.pro-football-reference.com/boxscores/201710150nyj.htm,4,07:30,2,14,NE 16,24,14,(7:30) (Shotgun) 28-J.White up the middle to NE 23 for 7 yards (56-D.Davis; 26-M.Maye).,-0.260,0.142
2017,6,October 15,away,New York Jets,https://www.pro-football-reference.com/boxscores/201710150nyj.htm,4,06:45,3,7,NE 23,24,14,(6:45) (Shotgun) 12-T.Brady pass incomplete deep right to 28-J.White [23-T.Brooks].,-0.118,-1.256
2017,6,October 15,away,New York Jets,https://www.pro-football-reference.com/boxscores/201710150nyj.htm,4,06:41,4,7,NE 23,24,14,"(6:41) 6-R.Allen punts 40 yards to NYJ 37, Center-49-J.Cardona. 14-J.Kerley to NYJ 35 for -2 yards (31-J.Jones).",-1.374,-0.292
2017,6,October 15,away,New York Jets,https://www.pro-football-reference.com/boxscores/201710150nyj.htm,4,06:32,1,10,NYJ 35,24,14,(6:32) (Shotgun) 15-J.McCown pass deep right to 10-J.Kearse pushed ob at NE 21 for 44 yards (23-P.Chung) [98-T.Flowers].,1.667,2.644
2017,6,October 15,away,New York Jets,https://www.pro-football-reference.com/boxscores/201710150nyj.htm,4,05:55,1,10,NE 21,24,14,(5:55) (Shotgun) 15-J.McCown pass short middle to 10-J.Kearse to NE 11 for 10 yards (54-D.Hightower).,4.311,0.542
2017,6,October 15,away,New York Jets,https://www.pro-football-reference.com/boxscores/201710150nyj.htm,4,05:13,1,10,NE 11,24,14,(5:13) (Shotgun) 15-J.McCown pass short right to 22-M.Forte to NE 7 for 4 yards (91-D.Wise; 93-L.Guy).,4.853,-0.036
2017,6,October 15,away,New York Jets,https://www.pro-football-reference.com/boxscores/201710150nyj.htm,4,04:33,2,6,NE 7,24,14,(4:33) (Shotgun) 15-J.McCown pass incomplete short left to 11-R.Anderson.,4.817,-0.829
2017,6,October 15,away,New York Jets,https://www.pro-football-reference.com/boxscores/201710150nyj.htm,4,04:28,3,6,NE 7,24,14,(4:28) (Shotgun) 15-J.McCown pass short left to 22-M.Forte to NE 10 for -3 yards (23-P.Chung).,3.988,-1.112
2017,6,October 15,away,New York Jets,https://www.pro-football-reference.com/boxscores/201710150nyj.htm,4,03:43,4,9,NE 10,24,17,"(3:43) 7-C.Catanzaro 28 yard field goal is GOOD, Center-42-T.Hennessy, Holder-4-L.Edwards.",2.876,0.124
2017,6,October 15,away,New York Jets,https://www.pro-football-reference.com/boxscores/201710150nyj.htm,4,03:40,,,NYJ 35,24,17,7-C.Catanzaro kicks 65 yards from NYJ 35 to NE 0. 33-D.Lewis to NE 17 for 17 yards (51-J.Stanford; 95-J.Martin).,0.806,-0.351
2017,6,October 15,away,New York Jets,https://www.pro-football-reference.com/boxscores/201710150nyj.htm,4,03:34,1,10,NE 17,24,17,(3:34) 35-M.Gillislee right tackle to NE 17 for no gain (99-S.McLendon).,0.456,-0.427
2017,6,October 15,away,New York Jets,https://www.pro-football-reference.com/boxscores/201710150nyj.htm,4,02:58,2,10,NE 17,24,17,(2:58) (Shotgun) 12-T.Brady pass short right to 28-J.White to NE 20 for 3 yards (96-M.Wilkerson).,0.028,0.012
2017,6,October 15,away,New York Jets,https://www.pro-football-reference.com/boxscores/201710150nyj.htm,4,02:10,,,NE 20,24,17,Timeout #2 by NE at 02:10.,0.041,0.000
2017,6,October 15,away,New York Jets,https://www.pro-football-reference.com/boxscores/201710150nyj.htm,4,02:10,3,7,NE 20,24,17,(2:10) (Shotgun) 12-T.Brady pass incomplete short left to 80-D.Amendola.,0.041,-0.793
2017,6,October 15,away,New York Jets,https://www.pro-football-reference.com/boxscores/201710150nyj.htm,4,02:05,4,7,NE 20,24,17,"(2:05) (Punt formation) PENALTY on NE-49-J.Cardona, False Start, 5 yards, enforced at NE 20 - No Play.",-0.752,-0.355
2017,6,October 15,away,New York Jets,https://www.pro-football-reference.com/boxscores/201710150nyj.htm,4,02:05,4,12,NE 15,24,17,"(2:05) 6-R.Allen punts 48 yards to NYJ 37, Center-49-J.Cardona. 14-J.Kerley to NYJ 37 for no gain (49-J.Cardona). PENALTY on NYJ-38-X.Coleman, Illegal Block Above the Waist, 10 yards, enforced at NYJ 37.",-1.108,0.205
2017,6,October 15,away,New York Jets,https://www.pro-football-reference.com/boxscores/201710150nyj.htm,4,01:53,1,10,NYJ 27,24,17,(1:53) (Shotgun) 15-J.McCown pass incomplete short right to 88-A.Seferian-Jenkins.,0.902,-0.238
2017,6,October 15,away,New York Jets,https://www.pro-football-reference.com/boxscores/201710150nyj.htm,4,01:49,2,10,NYJ 27,24,17,(1:49) (Shotgun) 15-J.McCown sacked at NYJ 20 for -7 yards (54-D.Hightower).,0.664,-0.479
2017,6,October 15,away,New York Jets,https://www.pro-football-reference.com/boxscores/201710150nyj.htm,4,01:38,,,NYJ 20,24,17,Timeout #3 by NYJ at 01:38.,0.185,0.000
2017,6,October 15,away,New York Jets,https://www.pro-football-reference.com/boxscores/201710150nyj.htm,4,01:38,3,17,NYJ 20,24,17,(1:38) (Shotgun) 15-J.McCown pass short right to 11-R.Anderson to NYJ 25 for 5 yards (31-J.Jones).,0.185,-0.420
2017,6,October 15,away,New York Jets,https://www.pro-football-reference.com/boxscores/201710150nyj.htm,4,01:12,4,12,NYJ 25,24,17,(1:12) (Shotgun) 15-J.McCown pass deep middle to 11-R.Anderson to NE 43 for 32 yards (30-D.Harmon).,-0.236,2.157
2017,6,October 15,away,New York Jets,https://www.pro-football-reference.com/boxscores/201710150nyj.htm,4,00:53,1,10,NE 43,24,17,(:53) 15-J.McCown spiked the ball to stop the clock.,1.922,-0.265
2017,6,October 15,away,New York Jets,https://www.pro-football-reference.com/boxscores/201710150nyj.htm,4,00:52,2,10,NE 43,24,17,(:52) (Shotgun) 15-J.McCown pass incomplete deep left to 88-A.Seferian-Jenkins (30-D.Harmon) [53-K.Van Noy].,1.657,-0.335
2017,6,October 15,away,New York Jets,https://www.pro-football-reference.com/boxscores/201710150nyj.htm,4,00:44,3,10,NE 43,24,17,(:44) (Shotgun) 15-J.McCown sacked at NE 49 for -6 yards (53-K.Van Noy).,1.322,-1.143
2017,6,October 15,away,New York Jets,https://www.pro-football-reference.com/boxscores/201710150nyj.htm,4,00:20,4,16,NE 49,24,17,(:20) (Shotgun) 15-J.McCown pass incomplete deep right to 14-J.Kerley. NYJ-11-R.Anderson was injured during the play.,0.180,-0.180
2017,6,October 15,away,New York Jets,https://www.pro-football-reference.com/boxscores/201710150nyj.htm,4,00:12,1,10,NE 49,24,17,(:12) 12-T.Brady kneels to NE 48 for -1 yards.,0.000,0.000
2017,7,October 22,home,Atlanta Falcons,https://www.pro-football-reference.com/boxscores/201710220nwe.htm,1,15:00,,,ATL 35,0,0,5-M.Bosher kicks 58 yards from ATL 35 to NE 7. 33-D.Lewis to NE 21 for 14 yards (40-D.Coleman).,1.457,-0.456
2017,7,October 22,home,Atlanta Falcons,https://www.pro-football-reference.com/boxscores/201710220nwe.htm,1,14:56,1,10,NE 21,0,0,(14:56) 33-D.Lewis right guard to NE 21 for no gain (42-D.Riley).,1.002,-0.533
2017,7,October 22,home,Atlanta Falcons,https://www.pro-football-reference.com/boxscores/201710220nwe.htm,1,14:24,2,10,NE 21,0,0,"(14:24) (Shotgun) 12-T.Brady pass incomplete short right to 87-R.Gronkowski (21-D.Trufant). PENALTY on ATL-21-D.Trufant, Defensive Holding, 5 yards, enforced at NE 21 - No Play.",0.469,1.036
2017,7,October 22,home,Atlanta Falcons,https://www.pro-football-reference.com/boxscores/201710220nwe.htm,1,14:19,1,10,NE 26,0,0,"(14:19) 33-D.Lewis up the middle to NE 29 for 3 yards (22-K.Neal, 97-G.Jarrett). PENALTY on NE-13-P.Dorsett, Illegal Block Above the Waist, 10 yards, enforced at NE 29.",1.505,-0.981
2017,7,October 22,home,Atlanta Falcons,https://www.pro-football-reference.com/boxscores/201710220nwe.htm,1,14:01,1,17,NE 19,0,0,"(14:01) (Shotgun) 12-T.Brady pass short right to 33-D.Lewis to NE 25 for 6 yards (22-K.Neal, 45-D.Jones).",0.524,0.252
2017,7,October 22,home,Atlanta Falcons,https://www.pro-football-reference.com/boxscores/201710220nwe.htm,1,13:25,2,11,NE 25,0,0,(13:25) (Shotgun) 12-T.Brady pass incomplete short middle to 80-D.Amendola.,0.776,-0.770
2017,7,October 22,home,Atlanta Falcons,https://www.pro-football-reference.com/boxscores/201710220nwe.htm,1,13:20,3,11,NE 25,0,0,(13:20) (Shotgun) 12-T.Brady pass short middle to 87-R.Gronkowski to NE 36 for 11 yards (34-B.Poole).,0.006,2.257
2017,7,October 22,home,Atlanta Falcons,https://www.pro-football-reference.com/boxscores/201710220nwe.htm,1,12:50,1,10,NE 36,0,0,"(12:50) 28-J.White left end pushed ob at NE 41 for 5 yards (22-K.Neal). PENALTY on ATL-92-D.Poe, Defensive 12 On-field, 5 yards, enforced at NE 36 - No Play.",2.263,0.421
2017,7,October 22,home,Atlanta Falcons,https://www.pro-football-reference.com/boxscores/201710220nwe.htm,1,12:16,1,5,NE 41,0,0,(12:16) (Shotgun) 33-D.Lewis right guard to NE 43 for 2 yards (45-D.Jones).,2.684,-0.208
2017,7,October 22,home,Atlanta Falcons,https://www.pro-football-reference.com/boxscores/201710220nwe.htm,1,11:51,2,3,NE 43,0,0,"(11:51) 33-D.Lewis left tackle to NE 43 for no gain (22-K.Neal). PENALTY on NE-77-N.Solder, Offensive Holding, 10 yards, enforced at NE 43 - No Play.",2.476,-1.376
2017,7,October 22,home,Atlanta Falcons,https://www.pro-football-reference.com/boxscores/201710220nwe.htm,1,11:35,2,13,NE 33,0,0,(11:35) (Shotgun) 12-T.Brady pass short left to 80-D.Amendola pushed ob at NE 38 for 5 yards (22-K.Neal).,1.101,-0.101
2017,7,October 22,home,Atlanta Falcons,https://www.pro-football-reference.com/boxscores/201710220nwe.htm,1,11:14,3,8,NE 38,0,0,(11:14) (Shotgun) 12-T.Brady pass incomplete short middle to 14-B.Cooks.,1.000,-1.458
2017,7,October 22,home,Atlanta Falcons,https://www.pro-football-reference.com/boxscores/201710220nwe.htm,1,11:04,4,8,NE 38,0,0,"(11:04) (Punt formation) PENALTY on ATL-28-T.Ward, Neutral Zone Infraction, 5 yards, enforced at NE 38 - No Play.",-0.458,0.471
2017,7,October 22,home,Atlanta Falcons,https://www.pro-football-reference.com/boxscores/201710220nwe.htm,1,11:04,4,3,NE 43,0,0,"(11:04) 6-R.Allen punts 57 yards to end zone, Center-49-J.Cardona, Touchback.",0.013,-0.367
2017,7,October 22,home,Atlanta Falcons,https://www.pro-football-reference.com/boxscores/201710220nwe.htm,1,10:54,1,10,ATL 20,0,0,(10:54) 24-D.Freeman left guard to ATL 22 for 2 yards (91-D.Wise).,0.355,-0.543
2017,7,October 22,home,Atlanta Falcons,https://www.pro-football-reference.com/boxscores/201710220nwe.htm,1,10:22,2,8,ATL 22,0,0,(10:22) 2-M.Ryan pass short left to 12-M.Sanu pushed ob at ATL 28 for 6 yards (21-M.Butler).,-0.188,0.397
2017,7,October 22,home,Atlanta Falcons,https://www.pro-football-reference.com/boxscores/201710220nwe.htm,1,09:48,3,2,ATL 28,0,0,(9:48) (Shotgun) 2-M.Ryan pass incomplete short left to 12-M.Sanu.,0.209,-1.682
2017,7,October 22,home,Atlanta Falcons,https://www.pro-football-reference.com/boxscores/201710220nwe.htm,1,09:43,4,2,ATL 28,0,0,"(9:43) 5-M.Bosher punts 35 yards to NE 37, Center-47-J.Harris, fair catch by 80-D.Amendola. PENALTY on NE-23-P.Chung, Offensive Holding, 10 yards, enforced at NE 37.",-1.473,-0.081
2017,7,October 22,home,Atlanta Falcons,https://www.pro-football-reference.com/boxscores/201710220nwe.htm,1,09:35,1,10,NE 27,0,0,"(9:35) 12-T.Brady sacked at NE 20 for -7 yards (59-D.Campbell). FUMBLES (59-D.Campbell) [59-D.Campbell], and recovers at NE 20. 12-T.Brady to NE 20 for no gain (59-D.Campbell).",1.554,-1.584
2017,7,October 22,home,Atlanta Falcons,https://www.pro-football-reference.com/boxscores/201710220nwe.htm,1,08:52,2,17,NE 20,0,0,"(8:52) (Shotgun) 12-T.Brady pass deep right to 87-R.Gronkowski to ATL 40 for 40 yards (42-D.Riley). PENALTY on NE-87-R.Gronkowski, Offensive Pass Interference, 10 yards, enforced at NE 20 - No Play.",-0.029,-0.975
2017,7,October 22,home,Atlanta Falcons,https://www.pro-football-reference.com/boxscores/201710220nwe.htm,1,08:32,2,27,NE 10,0,0,(8:32) (Shotgun) 28-J.White up the middle to NE 12 for 2 yards (44-V.Beasley).,-1.004,-0.542
2017,7,October 22,home,Atlanta Falcons,https://www.pro-football-reference.com/boxscores/201710220nwe.htm,1,07:54,3,25,NE 12,0,0,"(7:54) (Shotgun) 12-T.Brady pass short left to 28-J.White to NE 28 for 16 yards (45-D.Jones, 22-K.Neal).",-1.546,0.405
2017,7,October 22,home,Atlanta Falcons,https://www.pro-football-reference.com/boxscores/201710220nwe.htm,1,07:24,4,9,NE 28,0,0,"(7:24) 6-R.Allen punts 43 yards to ATL 29, Center-49-J.Cardona, fair catch by 19-A.Roberts.",-1.141,0.141
2017,7,October 22,home,Atlanta Falcons,https://www.pro-football-reference.com/boxscores/201710220nwe.htm,1,07:15,1,10,ATL 29,0,0,"(7:15) 26-T.Coleman left guard to ATL 33 for 4 yards (98-T.Flowers, 90-M.Brown).",1.000,-0.100
2017,7,October 22,home,Atlanta Falcons,https://www.pro-football-reference.com/boxscores/201710220nwe.htm,1,06:41,2,6,ATL 33,0,0,(6:41) 2-M.Ryan pass short left to 11-Ju.Jones to ATL 49 for 16 yards (21-M.Butler).,0.900,1.445
2017,7,October 22,home,Atlanta Falcons,https://www.pro-football-reference.com/boxscores/201710220nwe.htm,1,06:07,1,10,ATL 49,0,0,(6:07) (No Huddle) 26-T.Coleman left tackle to 50 for 1 yard (98-T.Flowers).,2.346,-0.431
2017,7,October 22,home,Atlanta Falcons,https://www.pro-football-reference.com/boxscores/201710220nwe.htm,1,05:24,2,9,MID 50,0,0,(5:24) (Shotgun) 24-D.Freeman up the middle to NE 45 for 5 yards (23-P.Chung).,1.915,-0.052
2017,7,October 22,home,Atlanta Falcons,https://www.pro-football-reference.com/boxscores/201710220nwe.htm,1,04:40,3,4,NE 45,0,0,(4:40) (Shotgun) 24-D.Freeman right end to NE 48 for -3 yards (53-K.Van Noy).,1.863,-2.373
2017,7,October 22,home,Atlanta Falcons,https://www.pro-football-reference.com/boxscores/201710220nwe.htm,1,03:56,4,7,NE 48,0,0,(3:56) (Shotgun) 2-M.Ryan scrambles right end ran ob at NE 39 for 9 yards.,-0.510,3.759
2017,7,October 22,home,Atlanta Falcons,https://www.pro-football-reference.com/boxscores/201710220nwe.htm,1,03:21,1,10,NE 39,0,0,(3:21) 24-D.Freeman left end to NE 38 for 1 yard (54-D.Hightower).,3.249,-0.505
2017,7,October 22,home,Atlanta Falcons,https://www.pro-football-reference.com/boxscores/201710220nwe.htm,1,02:34,2,9,NE 38,0,0,"(2:34) 2-M.Ryan pass deep middle to 12-M.Sanu to NE 19 for 19 yards (53-K.Van Noy, 32-D.McCourty).",2.744,1.740
2017,7,October 22,home,Atlanta Falcons,https://www.pro-football-reference.com/boxscores/201710220nwe.htm,1,02:07,1,10,NE 19,0,0,(2:07) (No Huddle) 26-T.Coleman right tackle to NE 19 for no gain (21-M.Butler).,4.483,-0.453
2017,7,October 22,home,Atlanta Falcons,https://www.pro-football-reference.com/boxscores/201710220nwe.htm,1,01:26,2,10,NE 19,0,0,(1:26) (Shotgun) 2-M.Ryan pass incomplete deep left to 12-M.Sanu.,4.031,-0.625
2017,7,October 22,home,Atlanta Falcons,https://www.pro-football-reference.com/boxscores/201710220nwe.htm,1,01:19,3,10,NE 19,0,0,(1:19) (Shotgun) 2-M.Ryan pass incomplete short middle to 19-A.Roberts (31-J.Jones).,3.406,-0.824
2017,7,October 22,home,Atlanta Falcons,https://www.pro-football-reference.com/boxscores/201710220nwe.htm,1,01:11,4,10,NE 19,0,0,"(1:11) 3-M.Bryant 37 yard field goal is BLOCKED (55-C.Marsh), Center-47-J.Harris, Holder-5-M.Bosher, RECOVERED by NE-29-J.Bademosi at NE 26. 29-J.Bademosi to NE 26 for no gain (63-B.Garland).",2.582,-3.986
2017,7,October 22,home,Atlanta Falcons,https://www.pro-football-reference.com/boxscores/201710220nwe.htm,1,01:05,1,10,NE 26,0,0,(1:05) 12-T.Brady sacked at NE 25 for -1 yards (44-V.Beasley).,1.405,-0.756
2017,7,October 22,home,Atlanta Falcons,https://www.pro-football-reference.com/boxscores/201710220nwe.htm,1,00:30,2,11,NE 25,0,0,(:30) 35-M.Gillislee right end to NE 25 for no gain (21-D.Trufant).,0.649,-0.776
2017,7,October 22,home,Atlanta Falcons,https://www.pro-football-reference.com/boxscores/201710220nwe.htm,2,15:00,3,11,NE 25,0,0,"(15:00) (Shotgun) PENALTY on NE-77-N.Solder, False Start, 5 yards, enforced at NE 25 - No Play.",-0.127,-0.706
2017,7,October 22,home,Atlanta Falcons,https://www.pro-football-reference.com/boxscores/201710220nwe.htm,2,15:00,3,16,NE 20,0,0,(15:00) (Shotgun) 12-T.Brady pass deep middle to 15-C.Hogan to NE 40 for 20 yards (22-K.Neal).,-0.833,3.033
2017,7,October 22,home,Atlanta Falcons,https://www.pro-football-reference.com/boxscores/201710220nwe.htm,2,14:30,1,10,NE 40,0,0,"(14:30) 33-D.Lewis left guard to ATL 35 for 25 yards (37-R.Allen, 34-B.Poole).",2.200,1.595
2017,7,October 22,home,Atlanta Falcons,https://www.pro-football-reference.com/boxscores/201710220nwe.htm,2,13:59,1,10,ATL 35,0,0,"(13:59) 33-D.Lewis up the middle to ATL 31 for 4 yards (92-D.Poe, 45-D.Jones).",3.794,-0.123
2017,7,October 22,home,Atlanta Falcons,https://www.pro-football-reference.com/boxscores/201710220nwe.htm,2,13:27,2,6,ATL 31,0,0,"(13:27) 12-T.Brady pass deep left intended for 13-P.Dorsett INTERCEPTED by 23-R.Alford [99-A.Clayborn] at ATL -6. 23-R.Alford to ATL 13 for 19 yards (87-R.Gronkowski). PENALTY on ATL-99-A.Clayborn, Roughing the Passer, 15 yards, enforced at ATL 31 - No Play.",3.672,1.176
2017,7,October 22,home,Atlanta Falcons,https://www.pro-football-reference.com/boxscores/201710220nwe.htm,2,13:10,1,10,ATL 16,0,0,(13:10) 35-M.Gillislee right guard to ATL 11 for 5 yards (36-K.Ishmael).,4.848,0.146
2017,7,October 22,home,Atlanta Falcons,https://www.pro-football-reference.com/boxscores/201710220nwe.htm,2,12:36,2,5,ATL 11,6,0,"(12:36) (Shotgun) 12-T.Brady pass short middle to 14-B.Cooks for 11 yards, TOUCHDOWN.",4.994,2.006
2017,7,October 22,home,Atlanta Falcons,https://www.pro-football-reference.com/boxscores/201710220nwe.htm,2,12:26,,,ATL 15,7,0,"3-S.Gostkowski extra point is GOOD, Center-49-J.Cardona, Holder-6-R.Allen.",0.932,0.068
2017,7,October 22,home,Atlanta Falcons,https://www.pro-football-reference.com/boxscores/201710220nwe.htm,2,12:26,,,NE 35,7,0,3-S.Gostkowski kicks 64 yards from NE 35 to ATL 1. 19-A.Roberts to ATL 18 for 17 yards (38-B.Bolden).,0.848,-0.532
2017,7,October 22,home,Atlanta Falcons,https://www.pro-football-reference.com/boxscores/201710220nwe.htm,2,12:21,1,10,ATL 18,7,0,(12:21) (Shotgun) 2-M.Ryan pass incomplete deep right to 11-Ju.Jones (30-D.Harmon).,0.316,-0.539
2017,7,October 22,home,Atlanta Falcons,https://www.pro-football-reference.com/boxscores/201710220nwe.htm,2,12:14,2,10,ATL 18,7,0,"(12:14) (Shotgun) 2-M.Ryan pass short left to 18-T.Gabriel to ATL 24 for 6 yards (29-J.Bademosi, 30-D.Harmon).",-0.224,-0.002
2017,7,October 22,home,Atlanta Falcons,https://www.pro-football-reference.com/boxscores/201710220nwe.htm,2,11:34,3,4,ATL 24,7,0,(11:34) (Shotgun) 2-M.Ryan pass incomplete deep middle to 11-Ju.Jones (29-J.Bademosi) [55-C.Marsh].,-0.226,-1.446
2017,7,October 22,home,Atlanta Falcons,https://www.pro-football-reference.com/boxscores/201710220nwe.htm,2,11:28,4,4,ATL 24,7,0,"(11:28) 5-M.Bosher punts 49 yards to NE 27, Center-47-J.Harris. 80-D.Amendola to NE 26 for -1 yards (14-J.Hardy).",-1.672,0.243
2017,7,October 22,home,Atlanta Falcons,https://www.pro-football-reference.com/boxscores/201710220nwe.htm,2,11:19,1,10,NE 26,7,0,(11:19) (Shotgun) 12-T.Brady pass incomplete short left to 87-R.Gronkowski.,1.430,-0.525
2017,7,October 22,home,Atlanta Falcons,https://www.pro-football-reference.com/boxscores/201710220nwe.htm,2,11:15,2,10,NE 26,7,0,(11:15) (Shotgun) 34-R.Burkhead left guard to NE 35 for 9 yards (59-D.Campbell).,0.905,0.827
2017,7,October 22,home,Atlanta Falcons,https://www.pro-football-reference.com/boxscores/201710220nwe.htm,2,10:43,,,NE 35,7,0,Timeout #1 by ATL at 10:43.,1.732,0.000
2017,7,October 22,home,Atlanta Falcons,https://www.pro-football-reference.com/boxscores/201710220nwe.htm,2,10:43,3,1,NE 35,7,0,"(10:43) 35-M.Gillislee up the middle to NE 38 for 3 yards (92-D.Poe, 45-D.Jones).",1.732,0.374
2017,7,October 22,home,Atlanta Falcons,https://www.pro-football-reference.com/boxscores/201710220nwe.htm,2,10:13,1,10,NE 38,7,0,"(10:13) 34-R.Burkhead right end to NE 47 for 9 yards (36-K.Ishmael, 37-R.Allen).",2.106,0.732
2017,7,October 22,home,Atlanta Falcons,https://www.pro-football-reference.com/boxscores/201710220nwe.htm,2,09:36,2,1,NE 47,7,0,(9:36) 34-R.Burkhead up the middle to NE 49 for 2 yards (36-K.Ishmael).,2.838,-0.095
2017,7,October 22,home,Atlanta Falcons,https://www.pro-football-reference.com/boxscores/201710220nwe.htm,2,08:51,1,10,NE 49,7,0,(8:51) 12-T.Brady pass incomplete deep left to 87-R.Gronkowski.,2.744,-0.428
2017,7,October 22,home,Atlanta Falcons,https://www.pro-football-reference.com/boxscores/201710220nwe.htm,2,08:45,2,10,NE 49,7,0,(8:45) (Shotgun) 12-T.Brady pass short left to 80-D.Amendola to ATL 44 for 7 yards (34-B.Poole).,2.315,0.056
2017,7,October 22,home,Atlanta Falcons,https://www.pro-football-reference.com/boxscores/201710220nwe.htm,2,08:05,3,3,ATL 44,7,0,"(8:05) (Shotgun) PENALTY on NE-87-R.Gronkowski, False Start, 5 yards, enforced at ATL 44 - No Play.",2.372,-0.652
2017,7,October 22,home,Atlanta Falcons,https://www.pro-football-reference.com/boxscores/201710220nwe.htm,2,07:45,3,8,ATL 49,7,0,(7:45) (Shotgun) 12-T.Brady pass deep left to 87-R.Gronkowski pushed ob at ATL 22 for 27 yards (59-D.Campbell).,1.719,2.773
2017,7,October 22,home,Atlanta Falcons,https://www.pro-football-reference.com/boxscores/201710220nwe.htm,2,07:18,1,10,ATL 22,7,0,(7:18) 34-R.Burkhead up the middle to ATL 13 for 9 yards (34-B.Poole; 37-R.Allen).,4.493,0.758
2017,7,October 22,home,Atlanta Falcons,https://www.pro-football-reference.com/boxscores/201710220nwe.htm,2,06:48,2,1,ATL 13,7,0,"(6:48) 34-R.Burkhead up the middle to ATL 11 for 2 yards (50-B.Reed, 59-D.Campbell).",5.250,-0.254
2017,7,October 22,home,Atlanta Falcons,https://www.pro-football-reference.com/boxscores/201710220nwe.htm,2,06:06,1,10,ATL 11,7,0,"(6:06) (Shotgun) 34-R.Burkhead right guard to ATL 11 for no gain (97-G.Jarrett, 44-V.Beasley).",4.996,-0.388
2017,7,October 22,home,Atlanta Falcons,https://www.pro-football-reference.com/boxscores/201710220nwe.htm,2,05:31,2,10,ATL 11,7,0,(5:31) (Shotgun) 12-T.Brady pass short right to 28-J.White to ATL 10 for 1 yard (97-G.Jarrett).,4.608,-0.789
2017,7,October 22,home,Atlanta Falcons,https://www.pro-football-reference.com/boxscores/201710220nwe.htm,2,04:52,3,9,ATL 10,7,0,(4:52) (Shotgun) 12-T.Brady pass incomplete short left to 15-C.Hogan (22-K.Neal).,3.819,-0.943
2017,7,October 22,home,Atlanta Falcons,https://www.pro-football-reference.com/boxscores/201710220nwe.htm,2,04:46,4,9,ATL 10,10,0,"(4:46) 3-S.Gostkowski 29 yard field goal is GOOD, Center-49-J.Cardona, Holder-6-R.Allen.",2.876,0.124
2017,7,October 22,home,Atlanta Falcons,https://www.pro-football-reference.com/boxscores/201710220nwe.htm,2,04:42,,,NE 35,10,0,"3-S.Gostkowski kicks 65 yards from NE 35 to end zone, Touchback.",0.756,0.000
2017,7,October 22,home,Atlanta Falcons,https://www.pro-football-reference.com/boxscores/201710220nwe.htm,2,04:42,1,10,ATL 25,10,0,"(4:42) 24-D.Freeman right end to ATL 36 for 11 yards (32-D.McCourty, 29-J.Bademosi).",0.756,0.673
2017,7,October 22,home,Atlanta Falcons,https://www.pro-football-reference.com/boxscores/201710220nwe.htm,2,04:12,1,10,ATL 36,10,0,"(4:12) (No Huddle, Shotgun) 2-M.Ryan pass short left to 12-M.Sanu pushed ob at ATL 49 for 13 yards (29-J.Bademosi).",1.428,0.688
2017,7,October 22,home,Atlanta Falcons,https://www.pro-football-reference.com/boxscores/201710220nwe.htm,2,03:44,1,10,ATL 49,10,0,"(3:44) 24-D.Freeman up the middle to NE 45 for 6 yards (53-K.Van Noy). Penalty on ATL-51-A.Mack, Offensive Holding, offsetting, enforced at ATL 49 - No Play. Penalty on NE-91-D.Wise, Defensive Holding, offsetting.",2.116,-0.002
2017,7,October 22,home,Atlanta Falcons,https://www.pro-football-reference.com/boxscores/201710220nwe.htm,2,03:21,1,10,ATL 49,10,0,(3:21) (Shotgun) 2-M.Ryan pass incomplete short right to 26-T.Coleman.,2.114,-0.461
2017,7,October 22,home,Atlanta Falcons,https://www.pro-football-reference.com/boxscores/201710220nwe.htm,2,03:17,2,10,ATL 49,10,0,(3:17) (Shotgun) 2-M.Ryan sacked at ATL 39 for -10 yards (70-A.Butler).,1.653,-1.364
2017,7,October 22,home,Atlanta Falcons,https://www.pro-football-reference.com/boxscores/201710220nwe.htm,2,02:36,3,20,ATL 39,10,0,"(2:36) (Shotgun) 2-M.Ryan pass short middle to 11-Ju.Jones to NE 47 for 14 yards (53-K.Van Noy, 31-J.Jones). ATL 11-Jones 8,007 career rec yds, 2nd-fastest to 8,000 yards in NFL history (Alworth).",0.289,-0.079
2017,7,October 22,home,Atlanta Falcons,https://www.pro-football-reference.com/boxscores/201710220nwe.htm,2,02:00,4,6,NE 47,10,0,(2:00) (Shotgun) 2-M.Ryan pass incomplete deep left to 12-M.Sanu.,0.210,-2.419
2017,7,October 22,home,Atlanta Falcons,https://www.pro-football-reference.com/boxscores/201710220nwe.htm,2,01:55,1,10,NE 47,10,0,(1:55) (Shotgun) 28-J.White up the middle to ATL 48 for 5 yards (44-V.Beasley).,2.209,-0.037
2017,7,October 22,home,Atlanta Falcons,https://www.pro-football-reference.com/boxscores/201710220nwe.htm,2,01:16,2,5,ATL 48,10,0,(1:16) (Shotgun) 12-T.Brady pass short right to 28-J.White pushed ob at ATL 42 for 6 yards (59-D.Campbell).,2.171,0.499
2017,7,October 22,home,Atlanta Falcons,https://www.pro-football-reference.com/boxscores/201710220nwe.htm,2,01:10,1,10,ATL 42,10,0,"(1:10) (Shotgun) 28-J.White up the middle to ATL 34 for 8 yards (59-D.Campbell, 34-B.Poole).",2.670,0.490
2017,7,October 22,home,Atlanta Falcons,https://www.pro-football-reference.com/boxscores/201710220nwe.htm,2,00:46,2,2,ATL 34,10,0,(:46) (Shotgun) 12-T.Brady pass short left to 80-D.Amendola ran ob at ATL 29 for 5 yards.,3.160,0.396
2017,7,October 22,home,Atlanta Falcons,https://www.pro-football-reference.com/boxscores/201710220nwe.htm,2,00:42,1,10,ATL 29,10,0,(:42) (Shotgun) 12-T.Brady pass deep left to 14-B.Cooks to ATL 11 for 18 yards (23-R.Alford).,3.556,1.069
2017,7,October 22,home,Atlanta Falcons,https://www.pro-football-reference.com/boxscores/201710220nwe.htm,2,00:36,,,ATL 11,10,0,Timeout #1 by NE at 00:36.,4.625,0.000
2017,7,October 22,home,Atlanta Falcons,https://www.pro-football-reference.com/boxscores/201710220nwe.htm,2,00:36,1,10,ATL 11,10,0,"(:36) (Shotgun) 28-J.White left guard to ATL 11 for no gain (92-D.Poe). PENALTY on ATL-97-G.Jarrett, Illegal Use of Hands, 5 yards, enforced at ATL 11 - No Play.",4.625,0.622
2017,7,October 22,home,Atlanta Falcons,https://www.pro-football-reference.com/boxscores/201710220nwe.htm,2,00:31,1,6,ATL 6,10,0,"(:31) 28-J.White up the middle to ATL 2 for 4 yards (59-D.Campbell, 45-D.Jones).",5.247,0.119
2017,7,October 22,home,Atlanta Falcons,https://www.pro-football-reference.com/boxscores/201710220nwe.htm,2,00:26,,,ATL 2,10,0,Timeout #2 by NE at 00:26.,5.366,0.000
2017,7,October 22,home,Atlanta Falcons,https://www.pro-football-reference.com/boxscores/201710220nwe.htm,2,00:26,2,2,ATL 2,16,0,"(:26) (Shotgun) 12-T.Brady pass short middle to 28-J.White for 2 yards, TOUCHDOWN.",5.366,1.634
2017,7,October 22,home,Atlanta Falcons,https://www.pro-football-reference.com/boxscores/201710220nwe.htm,2,00:21,,,ATL 15,17,0,"3-S.Gostkowski extra point is GOOD, Center-49-J.Cardona, Holder-6-R.Allen.",0.932,0.068
2017,7,October 22,home,Atlanta Falcons,https://www.pro-football-reference.com/boxscores/201710220nwe.htm,2,00:21,,,NE 35,17,0,"3-S.Gostkowski kicks 62 yards from NE 35 to ATL 3. 19-A.Roberts to ATL 19 for 16 yards (34-R.Burkhead, 23-P.Chung).",0.250,-0.206
2017,7,October 22,home,Atlanta Falcons,https://www.pro-football-reference.com/boxscores/201710220nwe.htm,2,00:15,1,10,ATL 19,17,0,(:15) (Shotgun) 2-M.Ryan pass short middle to 12-M.Sanu to ATL 30 for 11 yards (53-K.Van Noy).,0.043,0.050
2017,7,October 22,home,Atlanta Falcons,https://www.pro-football-reference.com/boxscores/201710220nwe.htm,2,00:09,,,ATL 30,17,0,Timeout #2 by ATL at 00:09.,0.093,0.000
2017,7,October 22,home,Atlanta Falcons,https://www.pro-football-reference.com/boxscores/201710220nwe.htm,2,00:09,1,10,ATL 30,17,0,(:09) (Shotgun) 2-M.Ryan pass short right to 12-M.Sanu ran ob at ATL 37 for 7 yards.,0.093,0.051
2017,7,October 22,home,Atlanta Falcons,https://www.pro-football-reference.com/boxscores/201710220nwe.htm,2,00:03,2,3,ATL 37,17,0,(:03) (Shotgun) 2-M.Ryan pass short middle to 18-T.Gabriel to NE 45 for 18 yards (53-K.Van Noy).,0.144,-0.144
2017,7,October 22,home,Atlanta Falcons,https://www.pro-football-reference.com/boxscores/201710220nwe.htm,3,15:00,,,NE 35,17,0,3-S.Gostkowski kicks 62 yards from NE 35 to ATL 3. 19-A.Roberts to ATL 28 for 25 yards (34-R.Burkhead).,0.651,0.107
2017,7,October 22,home,Atlanta Falcons,https://www.pro-football-reference.com/boxscores/201710220nwe.htm,3,14:54,1,10,ATL 28,17,0,(14:54) 26-T.Coleman left guard to ATL 30 for 2 yards (98-T.Flowers).,0.759,-0.326
2017,7,October 22,home,Atlanta Falcons,https://www.pro-football-reference.com/boxscores/201710220nwe.htm,3,14:20,2,8,ATL 30,17,0,(14:20) (Shotgun) 2-M.Ryan pass short right to 11-Ju.Jones to ATL 33 for 3 yards (29-J.Bademosi).,0.433,-0.310
2017,7,October 22,home,Atlanta Falcons,https://www.pro-football-reference.com/boxscores/201710220nwe.htm,3,13:40,3,5,ATL 33,17,0,(13:40) (Shotgun) 2-M.Ryan scrambles right end to ATL 49 for 16 yards (21-M.Butler).,0.123,2.258
2017,7,October 22,home,Atlanta Falcons,https://www.pro-football-reference.com/boxscores/201710220nwe.htm,3,12:55,1,10,ATL 49,17,0,(12:55) (No Huddle) 26-T.Coleman up the middle to NE 45 for 6 yards (98-T.Flowers).,2.381,0.292
2017,7,October 22,home,Atlanta Falcons,https://www.pro-football-reference.com/boxscores/201710220nwe.htm,3,12:28,2,4,NE 45,17,0,"(12:28) (No Huddle) 24-D.Freeman right tackle to NE 41 for 4 yards (53-K.Van Noy, 98-T.Flowers). measurement",2.673,0.478
2017,7,October 22,home,Atlanta Falcons,https://www.pro-football-reference.com/boxscores/201710220nwe.htm,3,11:59,1,10,NE 41,17,0,(11:59) 24-D.Freeman right guard pushed ob at NE 20 for 21 yards (32-D.McCourty).,3.151,1.297
2017,7,October 22,home,Atlanta Falcons,https://www.pro-football-reference.com/boxscores/201710220nwe.htm,3,11:26,1,10,NE 20,17,0,"(11:26) 26-T.Coleman left guard to NE 17 for 3 yards (98-T.Flowers, 93-L.Guy).",4.448,-0.142
2017,7,October 22,home,Atlanta Falcons,https://www.pro-football-reference.com/boxscores/201710220nwe.htm,3,10:49,2,7,NE 17,17,0,(10:49) 2-M.Ryan pass incomplete deep right to 11-Ju.Jones.,4.306,-0.685
2017,7,October 22,home,Atlanta Falcons,https://www.pro-football-reference.com/boxscores/201710220nwe.htm,3,10:44,3,7,NE 17,17,0,(10:44) (Shotgun) 2-M.Ryan pass incomplete deep right to 12-M.Sanu.,3.621,-0.946
2017,7,October 22,home,Atlanta Falcons,https://www.pro-football-reference.com/boxscores/201710220nwe.htm,3,10:39,4,7,NE 17,17,0,"(10:39) 3-M.Bryant 36 yard field goal is No Good, Hit Left Upright, Center-47-J.Harris, Holder-5-M.Bosher.",2.675,-4.160
2017,7,October 22,home,Atlanta Falcons,https://www.pro-football-reference.com/boxscores/201710220nwe.htm,3,10:35,1,10,NE 26,17,0,"(10:35) (Shotgun) PENALTY on NE-87-R.Gronkowski, False Start, 5 yards, enforced at NE 26 - No Play.",1.485,-0.850
2017,7,October 22,home,Atlanta Falcons,https://www.pro-football-reference.com/boxscores/201710220nwe.htm,3,10:35,1,15,NE 21,17,0,(10:35) (Shotgun) 12-T.Brady pass incomplete deep right to 87-R.Gronkowski.,0.635,-0.584
2017,7,October 22,home,Atlanta Falcons,https://www.pro-football-reference.com/boxscores/201710220nwe.htm,3,10:30,2,15,NE 21,17,0,(10:30) (Shotgun) 12-T.Brady pass short left to 15-C.Hogan pushed ob at NE 33 for 12 yards (21-D.Trufant).,0.050,1.035
2017,7,October 22,home,Atlanta Falcons,https://www.pro-football-reference.com/boxscores/201710220nwe.htm,3,09:49,3,3,NE 33,17,0,(9:49) (Shotgun) 12-T.Brady scrambles left tackle to NE 39 for 6 yards (33-B.Wreh-Wilson).,1.085,1.233
2017,7,October 22,home,Atlanta Falcons,https://www.pro-football-reference.com/boxscores/201710220nwe.htm,3,09:09,1,10,NE 39,17,0,"(9:09) 33-D.Lewis left end to NE 41 for 2 yards (97-G.Jarrett, 36-K.Ishmael).",2.319,-0.383
2017,7,October 22,home,Atlanta Falcons,https://www.pro-football-reference.com/boxscores/201710220nwe.htm,3,08:35,2,8,NE 41,17,0,(8:35) (Shotgun) 12-T.Brady pass incomplete short middle to 15-C.Hogan.,1.935,-0.753
2017,7,October 22,home,Atlanta Falcons,https://www.pro-football-reference.com/boxscores/201710220nwe.htm,3,08:31,3,8,NE 41,17,0,(8:31) (Shotgun) 12-T.Brady pass short left to 14-B.Cooks to 50 for 9 yards (23-R.Alford).,1.182,1.814
2017,7,October 22,home,Atlanta Falcons,https://www.pro-football-reference.com/boxscores/201710220nwe.htm,3,07:59,1,10,MID 50,17,0,"(7:59) 33-D.Lewis right tackle to ATL 48 for 2 yards (45-D.Jones, 22-K.Neal).",2.996,-0.430
2017,7,October 22,home,Atlanta Falcons,https://www.pro-football-reference.com/boxscores/201710220nwe.htm,3,07:19,2,8,ATL 48,17,0,(7:19) (Shotgun) 12-T.Brady pass short right to 15-C.Hogan to ATL 39 for 9 yards (21-D.Trufant).,2.566,1.090
2017,7,October 22,home,Atlanta Falcons,https://www.pro-football-reference.com/boxscores/201710220nwe.htm,3,06:39,1,10,ATL 39,17,0,(6:39) 12-T.Brady pass short middle to 15-C.Hogan to ATL 9 for 30 yards (45-D.Jones). NE-15-C.Hogan was injured during the play.,3.656,1.599
2017,7,October 22,home,Atlanta Falcons,https://www.pro-football-reference.com/boxscores/201710220nwe.htm,3,05:55,1,9,ATL 9,17,0,(5:55) 33-D.Lewis up the middle to ATL 5 for 4 yards (90-D.Shelby; 94-J.Vellano).,5.255,0.132
2017,7,October 22,home,Atlanta Falcons,https://www.pro-football-reference.com/boxscores/201710220nwe.htm,3,05:28,2,5,ATL 5,17,0,"(5:28) 33-D.Lewis up the middle to ATL 1 for 4 yards (97-G.Jarrett, 22-K.Neal).",5.388,0.361
2017,7,October 22,home,Atlanta Falcons,https://www.pro-football-reference.com/boxscores/201710220nwe.htm,3,04:56,3,1,ATL 1,17,0,"(4:56) 35-M.Gillislee right tackle to ATL 3 for -2 yards (44-V.Beasley, 36-K.Ishmael).",5.748,-2.788
2017,7,October 22,home,Atlanta Falcons,https://www.pro-football-reference.com/boxscores/201710220nwe.htm,3,04:14,4,3,ATL 3,20,0,"(4:14) 3-S.Gostkowski 21 yard field goal is GOOD, Center-49-J.Cardona, Holder-6-R.Allen.",2.960,0.040
2017,7,October 22,home,Atlanta Falcons,https://www.pro-football-reference.com/boxscores/201710220nwe.htm,3,04:12,,,NE 35,20,0,"3-S.Gostkowski kicks 59 yards from NE 35 to ATL 6. 19-A.Roberts to ATL 24 for 18 yards (18-M.Slater, 43-N.Ebner).",0.699,-0.244
2017,7,October 22,home,Atlanta Falcons,https://www.pro-football-reference.com/boxscores/201710220nwe.htm,3,04:07,1,10,ATL 24,20,0,"(4:07) 24-D.Freeman left guard to ATL 33 for 9 yards (45-D.Harris, 30-D.Harmon).",0.455,0.954
2017,7,October 22,home,Atlanta Falcons,https://www.pro-football-reference.com/boxscores/201710220nwe.htm,3,03:31,2,1,ATL 33,20,0,"(3:31) 2-M.Ryan pass short right to 24-D.Freeman to ATL 42 for 9 yards (93-L.Guy, 29-J.Bademosi). Penalty on NE-54-D.Hightower, Defensive Holding, declined.",1.409,0.345
2017,7,October 22,home,Atlanta Falcons,https://www.pro-football-reference.com/boxscores/201710220nwe.htm,3,03:06,1,10,ATL 42,20,0,"(3:06) 24-D.Freeman up the middle to NE 48 for 10 yards (91-D.Wise, 45-D.Harris). NE-54-D.Hightower was injured during the play.",1.754,0.763
2017,7,October 22,home,Atlanta Falcons,https://www.pro-football-reference.com/boxscores/201710220nwe.htm,3,02:28,1,10,NE 48,20,0,(2:28) 24-D.Freeman left end to NE 40 for 8 yards (29-J.Bademosi).,2.517,0.582
2017,7,October 22,home,Atlanta Falcons,https://www.pro-football-reference.com/boxscores/201710220nwe.htm,3,01:53,2,2,NE 40,20,0,(1:53) (No Huddle) 2-M.Ryan pass deep left to 11-Ju.Jones pushed ob at NE 24 for 16 yards (30-D.Harmon).,3.098,1.128
2017,7,October 22,home,Atlanta Falcons,https://www.pro-football-reference.com/boxscores/201710220nwe.htm,3,01:30,1,10,NE 24,20,0,(1:30) 2-M.Ryan pass short middle to 11-Ju.Jones to NE 10 for 14 yards (21-M.Butler).,4.226,0.775
2017,7,October 22,home,Atlanta Falcons,https://www.pro-football-reference.com/boxscores/201710220nwe.htm,3,00:44,1,10,NE 10,20,0,(:44) (Shotgun) 24-D.Freeman up the middle to NE 10 for no gain (23-P.Chung).,5.000,-0.437
2017,7,October 22,home,Atlanta Falcons,https://www.pro-football-reference.com/boxscores/201710220nwe.htm,4,15:00,2,10,NE 10,20,0,"(15:00) (Shotgun) 2-M.Ryan pass short left to 12-M.Sanu pushed ob at NE 1 for 9 yards (29-J.Bademosi, 23-P.Chung).",4.563,1.002
2017,7,October 22,home,Atlanta Falcons,https://www.pro-football-reference.com/boxscores/201710220nwe.htm,4,14:42,,,NE 1,20,0,Timeout #1 by NE at 14:42.,5.566,0.000
2017,7,October 22,home,Atlanta Falcons,https://www.pro-football-reference.com/boxscores/201710220nwe.htm,4,14:42,3,1,NE 1,20,0,(14:42) (Shotgun) 2-M.Ryan pass incomplete short right to 11-Ju.Jones (21-M.Butler).,5.566,-1.344
2017,7,October 22,home,Atlanta Falcons,https://www.pro-football-reference.com/boxscores/201710220nwe.htm,4,14:36,4,1,NE 1,20,0,(14:36) 18-T.Gabriel right end to NE 6 for -5 yards (53-K.Van Noy).,4.222,-4.061
2017,7,October 22,home,Atlanta Falcons,https://www.pro-football-reference.com/boxscores/201710220nwe.htm,4,14:32,1,10,NE 6,20,0,"(14:32) 35-M.Gillislee right guard to NE 9 for 3 yards (36-K.Ishmael, 50-B.Reed).",-0.161,-0.228
2017,7,October 22,home,Atlanta Falcons,https://www.pro-football-reference.com/boxscores/201710220nwe.htm,4,13:59,2,7,NE 9,20,0,"(13:59) 12-T.Brady pass short left to 87-R.Gronkowski to NE 22 for 13 yards (22-K.Neal, 45-D.Jones). ATL-45-D.Jones was injured during the play.",-0.389,1.284
2017,7,October 22,home,Atlanta Falcons,https://www.pro-football-reference.com/boxscores/201710220nwe.htm,4,13:23,1,10,NE 22,20,0,"(13:23) 35-M.Gillislee left end to NE 23 for 1 yard (90-D.Shelby, 92-D.Poe).",0.895,-0.356
2017,7,October 22,home,Atlanta Falcons,https://www.pro-football-reference.com/boxscores/201710220nwe.htm,4,12:44,,,NE 23,20,0,Timeout #1 by ATL at 12:44.,0.539,0.000
2017,7,October 22,home,Atlanta Falcons,https://www.pro-football-reference.com/boxscores/201710220nwe.htm,4,12:44,2,9,NE 23,20,0,(12:44) (Shotgun) 12-T.Brady pass deep left to 14-B.Cooks to 50 for 27 yards (36-K.Ishmael).,0.539,2.256
2017,7,October 22,home,Atlanta Falcons,https://www.pro-football-reference.com/boxscores/201710220nwe.htm,4,12:12,1,10,MID 50,20,0,"(12:12) PENALTY on ATL-99-A.Clayborn, Encroachment, 5 yards, enforced at 50 - No Play.",2.794,0.436
2017,7,October 22,home,Atlanta Falcons,https://www.pro-football-reference.com/boxscores/201710220nwe.htm,4,11:53,1,5,ATL 45,20,0,"(11:53) 35-M.Gillislee right end to ATL 38 for 7 yards (45-D.Jones, 22-K.Neal).",3.231,0.252
2017,7,October 22,home,Atlanta Falcons,https://www.pro-football-reference.com/boxscores/201710220nwe.htm,4,11:21,1,10,ATL 38,20,0,(11:21) 35-M.Gillislee left end to ATL 24 for 14 yards (37-R.Allen).,3.482,0.853
2017,7,October 22,home,Atlanta Falcons,https://www.pro-football-reference.com/boxscores/201710220nwe.htm,4,10:52,1,10,ATL 24,20,0,"(10:52) 35-M.Gillislee up the middle to ATL 18 for 6 yards (22-K.Neal). PENALTY on NE-69-S.Mason, Offensive Holding, 10 yards, enforced at ATL 24 - No Play.",4.335,-1.132
2017,7,October 22,home,Atlanta Falcons,https://www.pro-football-reference.com/boxscores/201710220nwe.htm,4,10:32,1,20,ATL 34,20,0,(10:32) (Shotgun) 12-T.Brady pass incomplete short left to 87-R.Gronkowski.,3.203,-0.452
2017,7,October 22,home,Atlanta Falcons,https://www.pro-football-reference.com/boxscores/201710220nwe.htm,4,10:26,2,20,ATL 34,20,0,(10:26) (Shotgun) 12-T.Brady pass short left to 34-R.Burkhead pushed ob at ATL 23 for 11 yards (23-R.Alford).,2.750,0.672
2017,7,October 22,home,Atlanta Falcons,https://www.pro-football-reference.com/boxscores/201710220nwe.htm,4,09:57,3,9,ATL 23,20,0,(9:57) (Shotgun) 12-T.Brady pass short right to 28-J.White to ATL 20 for 3 yards (34-B.Poole).,3.422,-0.940
2017,7,October 22,home,Atlanta Falcons,https://www.pro-football-reference.com/boxscores/201710220nwe.htm,4,09:20,4,6,ATL 20,23,0,"(9:20) 3-S.Gostkowski 38 yard field goal is GOOD, Center-49-J.Cardona, Holder-6-R.Allen.",2.482,0.518
2017,7,October 22,home,Atlanta Falcons,https://www.pro-football-reference.com/boxscores/201710220nwe.htm,4,09:15,,,NE 35,23,0,3-S.Gostkowski kicks 59 yards from NE 35 to ATL 6. 19-A.Roberts pushed ob at ATL 12 for 6 yards (36-B.King).,0.958,-0.877
2017,7,October 22,home,Atlanta Falcons,https://www.pro-football-reference.com/boxscores/201710220nwe.htm,4,09:09,1,10,ATL 12,23,0,(9:09) (Shotgun) 2-M.Ryan pass short right to 24-D.Freeman to ATL 17 for 5 yards (45-D.Harris).,0.081,0.099
2017,7,October 22,home,Atlanta Falcons,https://www.pro-football-reference.com/boxscores/201710220nwe.htm,4,08:41,2,5,ATL 17,23,0,(8:41) (No Huddle) 2-M.Ryan pass short right to 24-D.Freeman to ATL 21 for 4 yards (70-A.Butler) [98-T.Flowers].,0.180,0.365
2017,7,October 22,home,Atlanta Falcons,https://www.pro-football-reference.com/boxscores/201710220nwe.htm,4,07:59,3,1,ATL 21,23,0,"(7:59) (No Huddle) 24-D.Freeman right tackle to ATL 25 for 4 yards (98-T.Flowers, 70-A.Butler).",0.544,0.573
2017,7,October 22,home,Atlanta Falcons,https://www.pro-football-reference.com/boxscores/201710220nwe.htm,4,07:35,1,10,ATL 25,23,0,(7:35) (No Huddle) 2-M.Ryan pass short middle to 11-Ju.Jones to ATL 39 for 14 yards (32-D.McCourty).,1.117,0.733
2017,7,October 22,home,Atlanta Falcons,https://www.pro-football-reference.com/boxscores/201710220nwe.htm,4,07:04,1,10,ATL 39,23,0,"(7:04) (No Huddle, Shotgun) 2-M.Ryan pass short middle to 14-J.Hardy to NE 39 for 22 yards (32-D.McCourty).",1.850,1.398
2017,7,October 22,home,Atlanta Falcons,https://www.pro-football-reference.com/boxscores/201710220nwe.htm,4,06:37,1,10,NE 39,23,0,(6:37) (No Huddle) 2-M.Ryan pass short left to 14-J.Hardy to NE 40 for -1 yards (21-M.Butler).,3.248,-0.791
2017,7,October 22,home,Atlanta Falcons,https://www.pro-football-reference.com/boxscores/201710220nwe.htm,4,06:06,2,11,NE 40,23,0,"(6:06) (No Huddle, Shotgun) 2-M.Ryan pass short left to 11-Ju.Jones pushed ob at NE 25 for 15 yards (29-J.Bademosi).",2.457,1.533
2017,7,October 22,home,Atlanta Falcons,https://www.pro-football-reference.com/boxscores/201710220nwe.htm,4,05:44,1,10,NE 25,23,0,(5:44) (Shotgun) 2-M.Ryan scrambles right end to NE 13 for 12 yards (32-D.McCourty).,3.990,0.824
2017,7,October 22,home,Atlanta Falcons,https://www.pro-football-reference.com/boxscores/201710220nwe.htm,4,05:12,1,10,NE 13,23,0,(5:12) (No Huddle) 2-M.Ryan pass short right to 81-A.Hooper pushed ob at NE 7 for 6 yards (23-P.Chung).,4.814,0.212
2017,7,October 22,home,Atlanta Falcons,https://www.pro-football-reference.com/boxscores/201710220nwe.htm,4,04:41,2,4,NE 7,23,0,"(4:41) (Shotgun) 2-M.Ryan pass short right to 11-Ju.Jones to NE 1 for 6 yards (23-P.Chung, 30-D.Harmon).",5.026,1.279
2017,7,October 22,home,Atlanta Falcons,https://www.pro-football-reference.com/boxscores/201710220nwe.htm,4,04:13,,,NE 1,23,0,Timeout #2 by NE at 04:13.,6.306,0.000
2017,7,October 22,home,Atlanta Falcons,https://www.pro-football-reference.com/boxscores/201710220nwe.htm,4,04:13,1,1,NE 1,23,6,"(4:13) 2-M.Ryan pass short right to 11-Ju.Jones for 1 yard, TOUCHDOWN.",6.306,0.694
2017,7,October 22,home,Atlanta Falcons,https://www.pro-football-reference.com/boxscores/201710220nwe.htm,4,04:09,,,NE 15,23,7,"3-M.Bryant extra point is GOOD, Center-47-J.Harris, Holder-5-M.Bosher.",0.932,0.068
2017,7,October 22,home,Atlanta Falcons,https://www.pro-football-reference.com/boxscores/201710220nwe.htm,4,04:09,,,ATL 35,23,7,(Onside Kick formation) 5-M.Bosher kicks onside 14 yards from ATL 35 to ATL 49. 80-D.Amendola (didn't try to advance) to ATL 49 for no gain (40-D.Coleman).,0.954,1.572
2017,7,October 22,home,Atlanta Falcons,https://www.pro-football-reference.com/boxscores/201710220nwe.htm,4,04:07,1,10,ATL 49,23,7,"(4:07) 33-D.Lewis right tackle to ATL 47 for 2 yards (22-K.Neal, 92-D.Poe).",2.526,-0.551
2017,7,October 22,home,Atlanta Falcons,https://www.pro-football-reference.com/boxscores/201710220nwe.htm,4,04:01,,,ATL 47,23,7,Timeout #2 by ATL at 04:01.,1.975,0.000
2017,7,October 22,home,Atlanta Falcons,https://www.pro-football-reference.com/boxscores/201710220nwe.htm,4,04:01,2,8,ATL 47,23,7,"(4:01) 33-D.Lewis left end to ATL 40 for 7 yards (36-K.Ishmael, 37-R.Allen).",1.975,-0.162
2017,7,October 22,home,Atlanta Falcons,https://www.pro-football-reference.com/boxscores/201710220nwe.htm,4,03:53,,,,23,7,Timeout #3 by ATL at 03:53.,1.813,0.000
2017,7,October 22,home,Atlanta Falcons,https://www.pro-football-reference.com/boxscores/201710220nwe.htm,4,03:53,,,ATL 40,23,7,Timeout #3 by NE at 03:53.,1.813,0.000
2017,7,October 22,home,Atlanta Falcons,https://www.pro-football-reference.com/boxscores/201710220nwe.htm,4,03:53,3,1,ATL 40,23,7,(3:53) 12-T.Brady up the middle to ATL 38 for 2 yards (45-D.Jones).,1.813,0.434
2017,7,October 22,home,Atlanta Falcons,https://www.pro-football-reference.com/boxscores/201710220nwe.htm,4,03:16,1,10,ATL 38,23,7,(3:16) 33-D.Lewis left guard to ATL 30 for 8 yards (37-R.Allen).,2.247,0.008
2017,7,October 22,home,Atlanta Falcons,https://www.pro-football-reference.com/boxscores/201710220nwe.htm,4,02:33,2,2,ATL 30,23,7,(2:33) 33-D.Lewis left tackle to ATL 17 for 13 yards (36-K.Ishmael).,2.255,1.412
2017,7,October 22,home,Atlanta Falcons,https://www.pro-football-reference.com/boxscores/201710220nwe.htm,4,02:00,1,10,ATL 17,23,7,(2:00) 12-T.Brady kneels to ATL 18 for -1 yards.,3.667,-0.953
2017,7,October 22,home,Atlanta Falcons,https://www.pro-football-reference.com/boxscores/201710220nwe.htm,4,01:18,2,11,ATL 18,23,7,(1:18) 12-T.Brady kneels to ATL 19 for -1 yards.,2.714,-0.444
2017,7,October 22,home,Atlanta Falcons,https://www.pro-football-reference.com/boxscores/201710220nwe.htm,4,00:39,3,12,ATL 19,23,7,(:39) 12-T.Brady kneels to ATL 20 for -1 yards.,2.270,-2.270
2017,8,October 29,home,Los Angeles Chargers,https://www.pro-football-reference.com/boxscores/201710290nwe.htm,1,15:00,,,NE 35,0,0,3-S.Gostkowski kicks 64 yards from NE 35 to LAC 1. 43-M.Davis to LAC 20 for 19 yards (51-T.Reilly).,0.651,-0.392
2017,8,October 29,home,Los Angeles Chargers,https://www.pro-football-reference.com/boxscores/201710290nwe.htm,1,14:56,1,10,LAC 20,0,0,(14:56) 17-P.Rivers pass short left to 13-K.Allen pushed ob at LAC 35 for 15 yards (29-J.Bademosi).,0.259,0.976
2017,8,October 29,home,Los Angeles Chargers,https://www.pro-football-reference.com/boxscores/201710290nwe.htm,1,14:31,1,10,LAC 35,0,0,(14:31) (Shotgun) Direct snap to 28-M.Gordon.  28-M.Gordon right guard to LAC 40 for 5 yards (29-J.Bademosi; 93-L.Guy).,1.235,0.164
2017,8,October 29,home,Los Angeles Chargers,https://www.pro-football-reference.com/boxscores/201710290nwe.htm,1,13:50,2,5,LAC 40,0,0,(13:50) 12-T.Benjamin right end ran ob at LAC 47 for 7 yards.,1.399,0.860
2017,8,October 29,home,Los Angeles Chargers,https://www.pro-football-reference.com/boxscores/201710290nwe.htm,1,13:19,1,10,LAC 47,0,0,(13:19) 17-P.Rivers pass short right to 86-H.Henry pushed ob at NE 46 for 7 yards (98-T.Flowers).,2.259,0.381
2017,8,October 29,home,Los Angeles Chargers,https://www.pro-football-reference.com/boxscores/201710290nwe.htm,1,12:46,2,3,NE 46,0,0,(12:46) 28-M.Gordon left tackle to NE 44 for 2 yards (53-K.Van Noy).,2.640,-0.153
2017,8,October 29,home,Los Angeles Chargers,https://www.pro-football-reference.com/boxscores/201710290nwe.htm,1,12:05,3,1,NE 44,0,0,(12:05) 32-B.Oliver up the middle to NE 42 for 2 yards (70-A.Butler; 91-D.Wise).,2.487,0.508
2017,8,October 29,home,Los Angeles Chargers,https://www.pro-football-reference.com/boxscores/201710290nwe.htm,1,11:21,1,10,NE 42,0,0,(11:21) 32-B.Oliver left end to NE 42 for no gain (32-D.McCourty; 93-L.Guy).,2.995,-0.501
2017,8,October 29,home,Los Angeles Chargers,https://www.pro-football-reference.com/boxscores/201710290nwe.htm,1,10:43,2,10,NE 42,0,0,"(10:43) (Shotgun) PENALTY on LAC-78-M.Schofield, False Start, 5 yards, enforced at NE 42 - No Play.",2.494,-0.693
2017,8,October 29,home,Los Angeles Chargers,https://www.pro-football-reference.com/boxscores/201710290nwe.htm,1,10:26,2,15,NE 47,0,0,(10:26) 28-M.Gordon left tackle to NE 49 for -2 yards (52-E.Roberts).,1.801,-1.209
2017,8,October 29,home,Los Angeles Chargers,https://www.pro-football-reference.com/boxscores/201710290nwe.htm,1,09:43,3,17,NE 49,0,0,(9:43) (Shotgun) 17-P.Rivers pass short middle to 85-A.Gates to NE 33 for 16 yards (53-K.Van Noy). measurement,0.592,0.688
2017,8,October 29,home,Los Angeles Chargers,https://www.pro-football-reference.com/boxscores/201710290nwe.htm,1,08:57,4,1,NE 33,0,0,"(8:57) 9-N.Novak 51 yard field goal is BLOCKED (93-L.Guy), Center-47-M.Windt, Holder-8-D.Kaser.",1.280,-3.666
2017,8,October 29,home,Los Angeles Chargers,https://www.pro-football-reference.com/boxscores/201710290nwe.htm,1,08:48,1,10,NE 41,0,0,(8:48) 33-D.Lewis left tackle to NE 41 for no gain (24-Tr.Williams).,2.386,-0.396
2017,8,October 29,home,Los Angeles Chargers,https://www.pro-football-reference.com/boxscores/201710290nwe.htm,1,08:22,2,10,NE 41,0,0,(8:22) (Shotgun) 12-T.Brady pass short right to 14-B.Cooks to NE 39 for -2 yards (50-H.Pullard).,1.990,-1.291
2017,8,October 29,home,Los Angeles Chargers,https://www.pro-football-reference.com/boxscores/201710290nwe.htm,1,07:51,3,12,NE 39,0,0,(7:51) (Shotgun) 12-T.Brady pass short right to 28-J.White to NE 49 for 10 yards (33-T.Boston).,0.699,-0.246
2017,8,October 29,home,Los Angeles Chargers,https://www.pro-football-reference.com/boxscores/201710290nwe.htm,1,07:16,4,2,NE 49,0,0,"(7:16) 6-R.Allen punts 39 yards to LAC 12, Center-49-J.Cardona, downed by NE-31-J.Jones.",0.453,-0.228
2017,8,October 29,home,Los Angeles Chargers,https://www.pro-football-reference.com/boxscores/201710290nwe.htm,1,07:08,1,10,LAC 12,0,0,(7:08) 28-M.Gordon left tackle to LAC 13 for 1 yard (37-J.Richards).,-0.224,-0.579
2017,8,October 29,home,Los Angeles Chargers,https://www.pro-football-reference.com/boxscores/201710290nwe.htm,1,06:30,2,9,LAC 13,0,6,"(6:30) (Shotgun) 28-M.Gordon right end for 87 yards, TOUCHDOWN.",-0.803,7.803
2017,8,October 29,home,Los Angeles Chargers,https://www.pro-football-reference.com/boxscores/201710290nwe.htm,1,06:15,,,NE 15,0,7,"9-N.Novak extra point is GOOD, Center-47-M.Windt, Holder-8-D.Kaser.",0.932,0.068
2017,8,October 29,home,Los Angeles Chargers,https://www.pro-football-reference.com/boxscores/201710290nwe.htm,1,06:15,,,LAC 35,0,7,9-N.Novak kicks 67 yards from LAC 35 to NE -2. 33-D.Lewis to NE 23 for 25 yards (25-R.Jenkins).,1.385,-0.335
2017,8,October 29,home,Los Angeles Chargers,https://www.pro-football-reference.com/boxscores/201710290nwe.htm,1,06:07,1,10,NE 23,0,7,(6:07) (Shotgun) 12-T.Brady pass incomplete deep right to 87-R.Gronkowski.,1.049,-0.535
2017,8,October 29,home,Los Angeles Chargers,https://www.pro-football-reference.com/boxscores/201710290nwe.htm,1,06:03,2,10,NE 23,0,7,(6:03) (Shotgun) 12-T.Brady pass short left to 33-D.Lewis pushed ob at NE 34 for 11 yards (24-Tr.Williams).,0.515,1.406
2017,8,October 29,home,Los Angeles Chargers,https://www.pro-football-reference.com/boxscores/201710290nwe.htm,1,05:34,1,10,NE 34,0,7,(5:34) (Shotgun) 33-D.Lewis left guard to NE 33 for -1 yards (37-J.Addae).,1.921,-0.721
2017,8,October 29,home,Los Angeles Chargers,https://www.pro-football-reference.com/boxscores/201710290nwe.htm,1,05:08,2,11,NE 33,0,7,(5:08) 12-T.Brady pass incomplete deep left to 87-R.Gronkowski.,1.200,-0.787
2017,8,October 29,home,Los Angeles Chargers,https://www.pro-football-reference.com/boxscores/201710290nwe.htm,1,05:04,3,11,NE 33,0,7,(5:04) (Shotgun) 12-T.Brady pass short left to 28-J.White pushed ob at LAC 40 for 27 yards (33-T.Boston).,0.413,3.136
2017,8,October 29,home,Los Angeles Chargers,https://www.pro-football-reference.com/boxscores/201710290nwe.htm,1,04:27,1,10,LAC 40,0,7,(4:27) 12-T.Brady pass short right to 33-D.Lewis to LAC 41 for -1 yards (20-D.King).,3.549,-0.817
2017,8,October 29,home,Los Angeles Chargers,https://www.pro-football-reference.com/boxscores/201710290nwe.htm,1,03:50,2,11,LAC 41,0,7,(3:50) 33-D.Lewis up the middle to LAC 34 for 7 yards (40-C.McCain).,2.732,0.291
2017,8,October 29,home,Los Angeles Chargers,https://www.pro-football-reference.com/boxscores/201710290nwe.htm,1,03:23,3,4,LAC 34,0,7,"(3:23) (Shotgun) 12-T.Brady pass incomplete deep right to 28-J.White. PENALTY on LAC-93-D.Philon, Defensive 12 On-field, 5 yards, enforced at LAC 34 - No Play.",3.023,1.132
2017,8,October 29,home,Los Angeles Chargers,https://www.pro-football-reference.com/boxscores/201710290nwe.htm,1,03:17,1,10,LAC 29,0,7,(3:17) 33-D.Lewis up the middle to LAC 28 for 1 yard (37-J.Addae).,4.155,-0.350
2017,8,October 29,home,Los Angeles Chargers,https://www.pro-football-reference.com/boxscores/201710290nwe.htm,1,02:51,2,9,LAC 28,0,7,(2:51) (Shotgun) 12-T.Brady pass short middle to 14-B.Cooks to LAC 22 for 6 yards (50-H.Pullard).,3.805,0.117
2017,8,October 29,home,Los Angeles Chargers,https://www.pro-football-reference.com/boxscores/201710290nwe.htm,1,02:14,3,3,LAC 22,0,7,(2:14) (Shotgun) 12-T.Brady pass short middle to 80-D.Amendola to LAC 13 for 9 yards (31-A.Phillips).,3.922,1.177
2017,8,October 29,home,Los Angeles Chargers,https://www.pro-football-reference.com/boxscores/201710290nwe.htm,1,01:40,1,10,LAC 13,0,7,(1:40) 33-D.Lewis up the middle to LAC 6 for 7 yards (56-K.Toomer).,5.099,0.364
2017,8,October 29,home,Los Angeles Chargers,https://www.pro-football-reference.com/boxscores/201710290nwe.htm,1,01:05,2,3,LAC 6,0,7,(1:05) 33-D.Lewis up the middle to LAC 7 for -1 yards (37-J.Addae).,5.463,-1.007
2017,8,October 29,home,Los Angeles Chargers,https://www.pro-football-reference.com/boxscores/201710290nwe.htm,1,00:30,3,4,LAC 7,0,7,(:30) (Shotgun) 12-T.Brady pass short right to 15-C.Hogan to LAC 2 for 5 yards (31-A.Phillips).,4.456,1.858
2017,8,October 29,home,Los Angeles Chargers,https://www.pro-football-reference.com/boxscores/201710290nwe.htm,2,15:00,1,2,LAC 2,6,7,"(15:00) 12-T.Brady pass short left to 87-R.Gronkowski for 2 yards, TOUCHDOWN.",6.313,0.687
2017,8,October 29,home,Los Angeles Chargers,https://www.pro-football-reference.com/boxscores/201710290nwe.htm,2,14:56,,,LAC 15,7,7,"3-S.Gostkowski extra point is GOOD, Center-49-J.Cardona, Holder-6-R.Allen.",0.932,0.068
2017,8,October 29,home,Los Angeles Chargers,https://www.pro-football-reference.com/boxscores/201710290nwe.htm,2,14:56,,,NE 35,7,7,3-S.Gostkowski kicks 67 yards from NE 35 to LAC -2. 43-M.Davis to LAC 15 for 17 yards (18-M.Slater).,0.739,-0.751
2017,8,October 29,home,Los Angeles Chargers,https://www.pro-football-reference.com/boxscores/201710290nwe.htm,2,14:52,1,10,LAC 15,7,7,"(14:52) 17-P.Rivers pass incomplete deep left to 13-K.Allen. PENALTY on LAC-13-K.Allen, Offensive Pass Interference, 7 yards, enforced at LAC 15 - No Play.",-0.012,-1.040
2017,8,October 29,home,Los Angeles Chargers,https://www.pro-football-reference.com/boxscores/201710290nwe.htm,2,14:45,1,17,LAC 8,7,7,(14:45) 28-M.Gordon up the middle to LAC 17 for 9 yards (52-E.Roberts).,-1.052,0.667
2017,8,October 29,home,Los Angeles Chargers,https://www.pro-football-reference.com/boxscores/201710290nwe.htm,2,14:04,2,8,LAC 17,7,7,(14:04) (Shotgun) 28-M.Gordon right end pushed ob at LAC 23 for 6 yards (32-D.McCourty).,-0.385,0.306
2017,8,October 29,home,Los Angeles Chargers,https://www.pro-football-reference.com/boxscores/201710290nwe.htm,2,13:30,3,2,LAC 23,7,7,"(13:30) (Shotgun) Direct snap to 32-B.Oliver.  32-B.Oliver right end to LAC 24 for 1 yard (52-E.Roberts, 23-P.Chung).",-0.079,-1.198
2017,8,October 29,home,Los Angeles Chargers,https://www.pro-football-reference.com/boxscores/201710290nwe.htm,2,12:51,4,1,LAC 24,7,7,"(12:51) 8-D.Kaser punts 56 yards to NE 20, Center-47-M.Windt. 80-D.Amendola ran ob at NE 36 for 16 yards. PENALTY on NE-31-J.Jones, Illegal Block Above the Waist, 10 yards, enforced at NE 22.",-1.277,0.845
2017,8,October 29,home,Los Angeles Chargers,https://www.pro-football-reference.com/boxscores/201710290nwe.htm,2,12:39,1,10,NE 12,7,7,(12:39) 12-T.Brady pass short middle to 34-R.Burkhead to NE 21 for 9 yards (50-H.Pullard; 56-K.Toomer).,0.432,0.837
2017,8,October 29,home,Los Angeles Chargers,https://www.pro-football-reference.com/boxscores/201710290nwe.htm,2,12:12,2,1,NE 21,7,7,"(12:12) 34-R.Burkhead left guard to NE 22 for 1 yard (56-K.Toomer). PENALTY on NE-62-J.Thuney, Offensive Holding, 10 yards, enforced at NE 21 - No Play.",1.269,-1.734
2017,8,October 29,home,Los Angeles Chargers,https://www.pro-football-reference.com/boxscores/201710290nwe.htm,2,11:53,2,11,NE 11,7,7,(11:53) (Shotgun) 12-T.Brady pass short left to 34-R.Burkhead pushed ob at NE 25 for 14 yards (24-Tr.Williams).,-0.464,1.862
2017,8,October 29,home,Los Angeles Chargers,https://www.pro-football-reference.com/boxscores/201710290nwe.htm,2,11:30,1,10,NE 25,7,7,(11:30) 34-R.Burkhead right tackle to NE 32 for 7 yards (54-M.Ingram).,1.398,0.246
2017,8,October 29,home,Los Angeles Chargers,https://www.pro-football-reference.com/boxscores/201710290nwe.htm,2,10:46,2,3,NE 32,7,7,(10:46) 12-T.Brady pass short left to 14-B.Cooks to NE 39 for 7 yards (57-J.Brown).,1.643,0.521
2017,8,October 29,home,Los Angeles Chargers,https://www.pro-football-reference.com/boxscores/201710290nwe.htm,2,10:24,1,10,NE 39,7,7,(10:24) (No Huddle) 34-R.Burkhead left tackle to NE 44 for 5 yards (37-J.Addae).,2.164,0.082
2017,8,October 29,home,Los Angeles Chargers,https://www.pro-football-reference.com/boxscores/201710290nwe.htm,2,09:51,2,5,NE 44,7,7,(9:51) 12-T.Brady sacked at NE 35 for -9 yards (99-J.Bosa).,2.246,-2.033
2017,8,October 29,home,Los Angeles Chargers,https://www.pro-football-reference.com/boxscores/201710290nwe.htm,2,09:28,,,NE 35,7,7,Timeout #1 by LAC at 09:28.,0.212,0.000
2017,8,October 29,home,Los Angeles Chargers,https://www.pro-football-reference.com/boxscores/201710290nwe.htm,2,09:28,3,14,NE 35,7,7,(9:28) (Shotgun) 12-T.Brady pass incomplete deep middle to 15-C.Hogan (26-C.Hayward).,0.212,-0.972
2017,8,October 29,home,Los Angeles Chargers,https://www.pro-football-reference.com/boxscores/201710290nwe.htm,2,09:19,4,14,NE 35,9,7,"(9:19) 6-R.Allen punts 54 yards to LAC 11, Center-49-J.Cardona. 12-T.Benjamin MUFFS catch, and recovers at LAC 8. 12-T.Benjamin tackled in End Zone for -8 yards, SAFETY (36-B.King). Penalty on LAC-51-K.Emanuel, Offensive Holding, declined.",-0.760,2.760
2017,8,October 29,home,Los Angeles Chargers,https://www.pro-football-reference.com/boxscores/201710290nwe.htm,2,09:08,,,LAC 20,9,7,8-D.Kaser kicks 53 yards from LAC 20 to NE 27. 80-D.Amendola pushed ob at NE 43 for 16 yards (49-J.Onwualu).,1.372,1.079
2017,8,October 29,home,Los Angeles Chargers,https://www.pro-football-reference.com/boxscores/201710290nwe.htm,2,09:04,1,10,NE 43,9,7,(9:04) 12-T.Brady pass short right to 34-R.Burkhead to LAC 45 for 12 yards (31-A.Phillips).,2.451,0.607
2017,8,October 29,home,Los Angeles Chargers,https://www.pro-football-reference.com/boxscores/201710290nwe.htm,2,08:28,1,10,LAC 45,9,7,(8:28) 12-T.Brady pass short left to 14-B.Cooks to LAC 36 for 9 yards (37-J.Addae).,3.058,0.702
2017,8,October 29,home,Los Angeles Chargers,https://www.pro-football-reference.com/boxscores/201710290nwe.htm,2,07:56,2,1,LAC 36,9,7,(7:56) 12-T.Brady pass incomplete deep middle to 14-B.Cooks (33-T.Boston). flea-flicker,3.760,-0.472
2017,8,October 29,home,Los Angeles Chargers,https://www.pro-football-reference.com/boxscores/201710290nwe.htm,2,07:47,3,1,LAC 36,9,7,(7:47) 35-M.Gillislee up the middle to LAC 36 for no gain (50-H.Pullard).,3.288,-1.294
2017,8,October 29,home,Los Angeles Chargers,https://www.pro-football-reference.com/boxscores/201710290nwe.htm,2,07:13,4,1,LAC 36,9,7,(7:13) 35-M.Gillislee right guard to LAC 28 for 8 yards (33-T.Boston).,1.994,2.051
2017,8,October 29,home,Los Angeles Chargers,https://www.pro-football-reference.com/boxscores/201710290nwe.htm,2,06:31,1,10,LAC 28,9,7,(6:31) (Shotgun) 34-R.Burkhead right guard to LAC 27 for 1 yard (31-A.Phillips).,4.046,-0.359
2017,8,October 29,home,Los Angeles Chargers,https://www.pro-football-reference.com/boxscores/201710290nwe.htm,2,06:00,2,9,LAC 27,9,7,(6:00) (Shotgun) 12-T.Brady pass short middle to 34-R.Burkhead to LAC 14 for 13 yards (71-D.Square).,3.686,1.220
2017,8,October 29,home,Los Angeles Chargers,https://www.pro-football-reference.com/boxscores/201710290nwe.htm,2,05:25,1,10,LAC 14,9,7,(5:25) 34-R.Burkhead left end to LAC 12 for 2 yards (54-M.Ingram).,4.906,-0.388
2017,8,October 29,home,Los Angeles Chargers,https://www.pro-football-reference.com/boxscores/201710290nwe.htm,2,04:53,2,8,LAC 12,9,7,(4:53) 12-T.Brady pass short middle to 14-B.Cooks to LAC 6 for 6 yards (31-A.Phillips).,4.519,0.247
2017,8,October 29,home,Los Angeles Chargers,https://www.pro-football-reference.com/boxscores/201710290nwe.htm,2,04:18,3,2,LAC 6,9,7,(4:18) (Shotgun) 12-T.Brady pass incomplete short middle to 14-B.Cooks.,4.766,-1.831
2017,8,October 29,home,Los Angeles Chargers,https://www.pro-football-reference.com/boxscores/201710290nwe.htm,2,04:10,4,2,LAC 6,12,7,"(4:10) 3-S.Gostkowski 25 yard field goal is GOOD, Center-49-J.Cardona, Holder-6-R.Allen.",2.935,0.065
2017,8,October 29,home,Los Angeles Chargers,https://www.pro-football-reference.com/boxscores/201710290nwe.htm,2,04:06,,,NE 35,12,7,3-S.Gostkowski kicks 68 yards from NE 35 to LAC -3. 30-A.Ekeler to LAC 12 for 15 yards (38-B.Bolden).,0.750,-0.682
2017,8,October 29,home,Los Angeles Chargers,https://www.pro-football-reference.com/boxscores/201710290nwe.htm,2,04:03,1,10,LAC 12,12,7,(4:03) 17-P.Rivers pass short middle to 16-Ty.Williams to LAC 36 for 24 yards (32-D.McCourty).,0.068,1.326
2017,8,October 29,home,Los Angeles Chargers,https://www.pro-football-reference.com/boxscores/201710290nwe.htm,2,03:29,1,10,LAC 36,12,7,"(3:29) (No Huddle, Shotgun) 30-A.Ekeler right guard to LAC 39 for 3 yards (53-K.Van Noy, 93-L.Guy).",1.394,-0.330
2017,8,October 29,home,Los Angeles Chargers,https://www.pro-football-reference.com/boxscores/201710290nwe.htm,2,02:51,2,7,LAC 39,12,7,(2:51) 30-A.Ekeler right end to LAC 44 for 5 yards (98-T.Flowers).,1.064,0.329
2017,8,October 29,home,Los Angeles Chargers,https://www.pro-football-reference.com/boxscores/201710290nwe.htm,2,02:10,,,LAC 44,12,7,Timeout #2 by LAC at 02:10.,1.393,0.000
2017,8,October 29,home,Los Angeles Chargers,https://www.pro-football-reference.com/boxscores/201710290nwe.htm,2,02:10,3,2,LAC 44,12,7,(2:10) (Shotgun) 17-P.Rivers pass incomplete short left to 16-Ty.Williams.,1.393,-1.213
2017,8,October 29,home,Los Angeles Chargers,https://www.pro-football-reference.com/boxscores/201710290nwe.htm,2,02:07,4,2,LAC 44,12,7,"(2:07) 8-D.Kaser punts 47 yards to NE 9, Center-47-M.Windt. 80-D.Amendola ran ob at NE 9 for no gain.",0.180,-0.550
2017,8,October 29,home,Los Angeles Chargers,https://www.pro-football-reference.com/boxscores/201710290nwe.htm,2,02:00,1,10,NE 9,12,7,(2:00) 12-T.Brady pass short middle to 47-J.Hollister to NE 22 for 13 yards (26-C.Hayward).,0.370,0.544
2017,8,October 29,home,Los Angeles Chargers,https://www.pro-football-reference.com/boxscores/201710290nwe.htm,2,01:31,1,10,NE 22,12,7,(1:31) (Shotgun) 12-T.Brady pass deep right to 87-R.Gronkowski to NE 38 for 16 yards (31-A.Phillips).,0.913,0.335
2017,8,October 29,home,Los Angeles Chargers,https://www.pro-football-reference.com/boxscores/201710290nwe.htm,2,01:23,,,NE 38,12,7,Timeout #1 by NE at 01:23.,1.248,0.000
2017,8,October 29,home,Los Angeles Chargers,https://www.pro-football-reference.com/boxscores/201710290nwe.htm,2,01:23,1,10,NE 38,12,7,"(1:23) 12-T.Brady pass incomplete deep right to 87-R.Gronkowski. PENALTY on LAC-37-J.Addae, Defensive Pass Interference, 17 yards, enforced at NE 38 - No Play.",1.248,1.030
2017,8,October 29,home,Los Angeles Chargers,https://www.pro-football-reference.com/boxscores/201710290nwe.htm,2,01:19,1,10,LAC 45,12,7,(1:19) (Shotgun) 12-T.Brady pass short right to 28-J.White to LAC 20 for 25 yards (50-H.Pullard).,2.278,1.656
2017,8,October 29,home,Los Angeles Chargers,https://www.pro-football-reference.com/boxscores/201710290nwe.htm,2,00:52,1,10,LAC 20,12,7,"(:52) (No Huddle, Shotgun) 28-J.White up the middle to LAC 18 for 2 yards (71-D.Square).",3.934,-0.273
2017,8,October 29,home,Los Angeles Chargers,https://www.pro-football-reference.com/boxscores/201710290nwe.htm,2,00:32,2,8,LAC 18,12,7,"(:32) (No Huddle, Shotgun) 12-T.Brady pass incomplete short right to 28-J.White (31-A.Phillips) [71-D.Square].",3.661,-0.477
2017,8,October 29,home,Los Angeles Chargers,https://www.pro-football-reference.com/boxscores/201710290nwe.htm,2,00:28,3,8,LAC 18,12,7,(:28) (Shotgun) 12-T.Brady pass incomplete short middle to 80-D.Amendola.,3.184,-0.494
2017,8,October 29,home,Los Angeles Chargers,https://www.pro-football-reference.com/boxscores/201710290nwe.htm,2,00:24,4,8,LAC 18,15,7,"(:24) 3-S.Gostkowski 36 yard field goal is GOOD, Center-49-J.Cardona, Holder-6-R.Allen.",2.690,0.310
2017,8,October 29,home,Los Angeles Chargers,https://www.pro-football-reference.com/boxscores/201710290nwe.htm,2,00:20,,,NE 35,15,7,"3-S.Gostkowski kicks 65 yards from NE 35 to end zone, Touchback.",0.202,0.000
2017,8,October 29,home,Los Angeles Chargers,https://www.pro-football-reference.com/boxscores/201710290nwe.htm,2,00:20,1,10,LAC 25,15,7,(:20) (Shotgun) 28-M.Gordon right guard to LAC 30 for 5 yards (55-C.Marsh).,0.202,-0.202
2017,8,October 29,home,Los Angeles Chargers,https://www.pro-football-reference.com/boxscores/201710290nwe.htm,3,15:00,,,LAC 35,15,7,"9-N.Novak kicks 64 yards from LAC 35 to NE 1. 33-D.Lewis to NE 25 for 24 yards. PENALTY on LAC-95-T.Palepoi, Offside on Free Kick, 5 yards, enforced at LAC 35 - No Play.",1.462,0.000
2017,8,October 29,home,Los Angeles Chargers,https://www.pro-football-reference.com/boxscores/201710290nwe.htm,3,14:55,,,LAC 30,15,7,9-N.Novak kicks 66 yards from LAC 30 to NE 4. 33-D.Lewis pushed ob at LAC 25 for 71 yards (43-M.Davis).,1.462,2.869
2017,8,October 29,home,Los Angeles Chargers,https://www.pro-football-reference.com/boxscores/201710290nwe.htm,3,14:46,1,10,LAC 25,15,7,(14:46) (Shotgun) 12-T.Brady pass incomplete short left to 14-B.Cooks.,4.331,-0.354
2017,8,October 29,home,Los Angeles Chargers,https://www.pro-football-reference.com/boxscores/201710290nwe.htm,3,14:43,2,10,LAC 25,15,7,(14:43) (Shotgun) 12-T.Brady pass incomplete short middle to 87-R.Gronkowski.,3.977,-0.580
2017,8,October 29,home,Los Angeles Chargers,https://www.pro-football-reference.com/boxscores/201710290nwe.htm,3,14:39,3,10,LAC 25,15,7,(14:39) (Shotgun) 12-T.Brady pass incomplete short right to 80-D.Amendola.,3.396,-1.391
2017,8,October 29,home,Los Angeles Chargers,https://www.pro-football-reference.com/boxscores/201710290nwe.htm,3,14:32,4,10,LAC 25,15,7,"(14:32) 3-S.Gostkowski 43 yard field goal is No Good, Wide Left, Center-49-J.Cardona, Holder-6-R.Allen.",2.005,-3.182
2017,8,October 29,home,Los Angeles Chargers,https://www.pro-football-reference.com/boxscores/201710290nwe.htm,3,14:28,1,10,LAC 33,15,7,(14:28) 12-T.Benjamin right end pushed ob at LAC 40 for 7 yards (21-M.Butler).,1.177,0.355
2017,8,October 29,home,Los Angeles Chargers,https://www.pro-football-reference.com/boxscores/201710290nwe.htm,3,14:03,2,3,LAC 40,15,7,(14:03) (Shotgun) 17-P.Rivers pass incomplete short left to 13-K.Allen (53-K.Van Noy).,1.531,-0.769
2017,8,October 29,home,Los Angeles Chargers,https://www.pro-football-reference.com/boxscores/201710290nwe.htm,3,13:59,3,3,LAC 40,15,7,(13:59) (Shotgun) 17-P.Rivers pass deep left to 13-K.Allen pushed ob at NE 42 for 18 yards (29-J.Bademosi).,0.762,2.227
2017,8,October 29,home,Los Angeles Chargers,https://www.pro-football-reference.com/boxscores/201710290nwe.htm,3,13:28,1,10,NE 42,15,7,"(13:28) (No Huddle, Shotgun) 17-P.Rivers pass incomplete deep left to 16-Ty.Williams. PENALTY on LAC-16-Ty.Williams, Illegal Touch Pass, 0 yards, enforced at NE 42.",2.989,-0.494
2017,8,October 29,home,Los Angeles Chargers,https://www.pro-football-reference.com/boxscores/201710290nwe.htm,3,13:20,2,10,NE 42,15,7,(13:20) 17-P.Rivers pass short left to 13-K.Allen to NE 29 for 13 yards (32-D.McCourty).,2.496,1.441
2017,8,October 29,home,Los Angeles Chargers,https://www.pro-football-reference.com/boxscores/201710290nwe.htm,3,12:44,1,10,NE 29,15,7,(12:44) (Shotgun) 28-M.Gordon left tackle to NE 30 for -1 yards (53-K.Van Noy).,3.937,-0.760
2017,8,October 29,home,Los Angeles Chargers,https://www.pro-football-reference.com/boxscores/201710290nwe.htm,3,12:07,2,11,NE 30,15,7,"(12:07) (Shotgun) 17-P.Rivers sacked at NE 44 for -14 yards. FUMBLES, and recovers at 50. 17-P.Rivers to 50 for no gain (52-E.Roberts; 93-L.Guy).",3.177,-2.682
2017,8,October 29,home,Los Angeles Chargers,https://www.pro-football-reference.com/boxscores/201710290nwe.htm,3,11:09,3,31,MID 50,15,7,(11:09) (Shotgun) 17-P.Rivers pass incomplete deep right to 81-M.Williams (37-J.Richards).,0.494,-0.970
2017,8,October 29,home,Los Angeles Chargers,https://www.pro-football-reference.com/boxscores/201710290nwe.htm,3,11:01,4,31,MID 50,15,7,"(11:01) 8-D.Kaser punts 39 yards to NE 11, Center-47-M.Windt. 80-D.Amendola to NE 23 for 12 yards (30-A.Ekeler).",-0.475,-0.653
2017,8,October 29,home,Los Angeles Chargers,https://www.pro-football-reference.com/boxscores/201710290nwe.htm,3,10:52,1,10,NE 23,15,7,(10:52) (Shotgun) 12-T.Brady pass incomplete short middle to 87-R.Gronkowski.,1.128,-0.543
2017,8,October 29,home,Los Angeles Chargers,https://www.pro-football-reference.com/boxscores/201710290nwe.htm,3,10:46,2,10,NE 23,15,7,"(10:46) 33-D.Lewis right guard to NE 23 for no gain (31-A.Phillips, 71-D.Square).",0.586,-0.769
2017,8,October 29,home,Los Angeles Chargers,https://www.pro-football-reference.com/boxscores/201710290nwe.htm,3,10:18,3,10,NE 23,15,7,(10:18) (Shotgun) 12-T.Brady pass short left to 28-J.White pushed ob at NE 34 for 11 yards (31-A.Phillips).,-0.184,2.174
2017,8,October 29,home,Los Angeles Chargers,https://www.pro-football-reference.com/boxscores/201710290nwe.htm,3,09:46,1,10,NE 34,15,7,(9:46) 33-D.Lewis right guard to NE 39 for 5 yards (24-Tr.Williams).,1.990,0.070
2017,8,October 29,home,Los Angeles Chargers,https://www.pro-football-reference.com/boxscores/201710290nwe.htm,3,09:13,2,5,NE 39,15,7,(9:13) 12-T.Brady pass short middle to 15-C.Hogan to LAC 42 for 19 yards (33-T.Boston).,2.060,1.364
2017,8,October 29,home,Los Angeles Chargers,https://www.pro-football-reference.com/boxscores/201710290nwe.htm,3,08:43,1,10,LAC 42,15,7,(8:43) 33-D.Lewis left guard to LAC 36 for 6 yards (50-H.Pullard).,3.425,0.233
2017,8,October 29,home,Los Angeles Chargers,https://www.pro-football-reference.com/boxscores/201710290nwe.htm,3,08:11,2,4,LAC 36,15,7,(8:11) (Shotgun) 33-D.Lewis up the middle to LAC 34 for 2 yards (50-H.Pullard).,3.658,-0.403
2017,8,October 29,home,Los Angeles Chargers,https://www.pro-football-reference.com/boxscores/201710290nwe.htm,3,07:34,3,2,LAC 34,15,7,(7:34) (Shotgun) 12-T.Brady pass short right to 28-J.White to LAC 22 for 12 yards (33-T.Boston).,3.255,1.374
2017,8,October 29,home,Los Angeles Chargers,https://www.pro-football-reference.com/boxscores/201710290nwe.htm,3,06:52,1,10,LAC 22,15,7,(6:52) 33-D.Lewis left end to LAC 25 for -3 yards (31-A.Phillips).,4.629,-1.047
2017,8,October 29,home,Los Angeles Chargers,https://www.pro-football-reference.com/boxscores/201710290nwe.htm,3,06:20,2,13,LAC 25,15,7,(6:20) (Shotgun) 12-T.Brady sacked at LAC 25 for 0 yards (20-D.King).,3.582,-0.642
2017,8,October 29,home,Los Angeles Chargers,https://www.pro-football-reference.com/boxscores/201710290nwe.htm,3,05:36,3,13,LAC 25,15,7,(5:36) (Shotgun) 12-T.Brady pass incomplete deep middle to 80-D.Amendola.,2.940,-0.914
2017,8,October 29,home,Los Angeles Chargers,https://www.pro-football-reference.com/boxscores/201710290nwe.htm,3,05:30,4,13,LAC 25,18,7,"(5:30) 3-S.Gostkowski 43 yard field goal is GOOD, Center-49-J.Cardona, Holder-6-R.Allen.",2.026,0.974
2017,8,October 29,home,Los Angeles Chargers,https://www.pro-football-reference.com/boxscores/201710290nwe.htm,3,05:25,,,NE 35,18,7,"3-S.Gostkowski kicks 65 yards from NE 35 to end zone, Touchback.",0.714,0.000
2017,8,October 29,home,Los Angeles Chargers,https://www.pro-football-reference.com/boxscores/201710290nwe.htm,3,05:25,1,10,LAC 25,18,7,(5:25) 28-M.Gordon left end to LAC 24 for -1 yards (55-C.Marsh).,0.714,-0.953
2017,8,October 29,home,Los Angeles Chargers,https://www.pro-football-reference.com/boxscores/201710290nwe.htm,3,04:52,2,11,LAC 24,18,7,(4:52) (Shotgun) 17-P.Rivers pass short left to 13-K.Allen to LAC 39 for 15 yards (29-J.Bademosi).,-0.238,1.815
2017,8,October 29,home,Los Angeles Chargers,https://www.pro-football-reference.com/boxscores/201710290nwe.htm,3,04:21,1,10,LAC 39,18,7,(4:21) (Shotgun) 17-P.Rivers pass short middle to 85-A.Gates to LAC 48 for 9 yards (52-E.Roberts).,1.576,0.918
2017,8,October 29,home,Los Angeles Chargers,https://www.pro-football-reference.com/boxscores/201710290nwe.htm,3,03:58,2,1,LAC 48,18,7,(3:58) (Shotgun) 28-M.Gordon up the middle to NE 48 for 4 yards (93-L.Guy).,2.495,0.009
2017,8,October 29,home,Los Angeles Chargers,https://www.pro-football-reference.com/boxscores/201710290nwe.htm,3,03:32,1,10,NE 48,18,7,"(3:32) (No Huddle, Shotgun) 17-P.Rivers pass short left to 28-M.Gordon to NE 41 for 7 yards (53-K.Van Noy).",2.503,0.436
2017,8,October 29,home,Los Angeles Chargers,https://www.pro-football-reference.com/boxscores/201710290nwe.htm,3,02:55,2,3,NE 41,18,7,"(2:55) (No Huddle, Shotgun) 17-P.Rivers pass incomplete short left to 28-M.Gordon.",2.940,-0.738
2017,8,October 29,home,Los Angeles Chargers,https://www.pro-football-reference.com/boxscores/201710290nwe.htm,3,02:48,3,3,NE 41,18,7,"(2:48) (Shotgun) 17-P.Rivers pass short right to 12-T.Benjamin for 41 yards, TOUCHDOWN NULLIFIED by Penalty. PENALTY on LAC-16-Ty.Williams, Offensive Pass Interference, 10 yards, enforced at NE 41 - No Play.",2.201,-1.643
2017,8,October 29,home,Los Angeles Chargers,https://www.pro-football-reference.com/boxscores/201710290nwe.htm,3,02:40,3,13,LAC 49,18,7,(2:40) (Shotgun) 17-P.Rivers pass incomplete deep left to 16-Ty.Williams (31-J.Jones) [98-T.Flowers].,0.558,-1.424
2017,8,October 29,home,Los Angeles Chargers,https://www.pro-football-reference.com/boxscores/201710290nwe.htm,3,02:33,4,13,LAC 49,18,7,"(2:33) 8-D.Kaser punts 31 yards to NE 20, Center-47-M.Windt, out of bounds.",-0.866,-0.061
2017,8,October 29,home,Los Angeles Chargers,https://www.pro-football-reference.com/boxscores/201710290nwe.htm,3,02:26,1,10,NE 20,18,7,(2:26) 12-T.Brady pass short left to 34-R.Burkhead to NE 20 for no gain (31-A.Phillips).,0.927,-0.541
2017,8,October 29,home,Los Angeles Chargers,https://www.pro-football-reference.com/boxscores/201710290nwe.htm,3,01:50,2,10,NE 20,18,7,(1:50) (Shotgun) 12-T.Brady pass incomplete short right to 46-J.Develin.,0.386,-0.740
2017,8,October 29,home,Los Angeles Chargers,https://www.pro-football-reference.com/boxscores/201710290nwe.htm,3,01:46,3,10,NE 20,18,7,(1:46) (Shotgun) 12-T.Brady pass short left to 15-C.Hogan pushed ob at NE 34 for 14 yards (24-Tr.Williams).,-0.353,2.259
2017,8,October 29,home,Los Angeles Chargers,https://www.pro-football-reference.com/boxscores/201710290nwe.htm,3,01:22,1,10,NE 34,18,7,(1:22) 35-M.Gillislee right tackle to NE 43 for 9 yards (37-J.Addae).,1.905,0.836
2017,8,October 29,home,Los Angeles Chargers,https://www.pro-football-reference.com/boxscores/201710290nwe.htm,3,00:50,2,1,NE 43,18,7,(:50) 35-M.Gillislee right guard to NE 45 for 2 yards (50-H.Pullard).,2.741,-0.140
2017,8,October 29,home,Los Angeles Chargers,https://www.pro-football-reference.com/boxscores/201710290nwe.htm,3,00:12,1,10,NE 45,18,7,(:12) 35-M.Gillislee right tackle to NE 45 for no gain (99-J.Bosa).,2.601,-0.449
2017,8,October 29,home,Los Angeles Chargers,https://www.pro-football-reference.com/boxscores/201710290nwe.htm,4,15:00,2,10,NE 45,18,7,"(15:00) (Shotgun) 12-T.Brady pass short middle to 34-R.Burkhead to LAC 42 for 13 yards (37-J.Addae). PENALTY on NE-77-N.Solder, Illegal Block Above the Waist, 10 yards, enforced at LAC 42.",2.152,0.202
2017,8,October 29,home,Los Angeles Chargers,https://www.pro-football-reference.com/boxscores/201710290nwe.htm,4,14:30,2,7,NE 48,18,7,(14:30) (Shotgun) 12-T.Brady pass short left to 87-R.Gronkowski to LAC 46 for 6 yards (56-K.Toomer; 51-K.Emanuel). NE 87-Gronkowski passes Miller for 11th all-time career rec yds by a TE.,2.354,0.423
2017,8,October 29,home,Los Angeles Chargers,https://www.pro-football-reference.com/boxscores/201710290nwe.htm,4,13:50,3,1,LAC 46,18,7,(13:50) 35-M.Gillislee left guard to LAC 43 for 3 yards (37-J.Addae).,2.777,0.405
2017,8,October 29,home,Los Angeles Chargers,https://www.pro-football-reference.com/boxscores/201710290nwe.htm,4,13:22,1,10,LAC 43,18,7,(13:22) 35-M.Gillislee left guard to LAC 39 for 4 yards (95-T.Palepoi).,3.182,-0.045
2017,8,October 29,home,Los Angeles Chargers,https://www.pro-football-reference.com/boxscores/201710290nwe.htm,4,12:52,2,6,LAC 39,18,7,"(12:52) 35-M.Gillislee left tackle to LAC 37 for 2 yards (24-Tr.Williams, 95-T.Palepoi).",3.137,-0.340
2017,8,October 29,home,Los Angeles Chargers,https://www.pro-football-reference.com/boxscores/201710290nwe.htm,4,12:13,3,4,LAC 37,18,7,(12:13) (Shotgun) 12-T.Brady pass short left to 87-R.Gronkowski to LAC 30 for 7 yards (31-A.Phillips) [54-M.Ingram].,2.797,1.175
2017,8,October 29,home,Los Angeles Chargers,https://www.pro-football-reference.com/boxscores/201710290nwe.htm,4,11:36,1,10,LAC 30,18,7,(11:36) (Shotgun) 12-T.Brady sacked at LAC 37 for -7 yards (93-D.Philon).,3.971,-1.297
2017,8,October 29,home,Los Angeles Chargers,https://www.pro-football-reference.com/boxscores/201710290nwe.htm,4,10:57,2,17,LAC 37,18,7,(10:57) 12-T.Brady pass short left to 80-D.Amendola to LAC 32 for 5 yards (20-D.King).,2.675,-0.142
2017,8,October 29,home,Los Angeles Chargers,https://www.pro-football-reference.com/boxscores/201710290nwe.htm,4,10:20,3,12,LAC 32,18,7,(10:20) (Shotgun) 12-T.Brady pass short left to 34-R.Burkhead pushed ob at LAC 25 for 7 yards (20-D.King).,2.533,-0.485
2017,8,October 29,home,Los Angeles Chargers,https://www.pro-football-reference.com/boxscores/201710290nwe.htm,4,09:45,4,5,LAC 25,18,7,"(9:45) 3-S.Gostkowski 43 yard field goal is No Good, Wide Right, Center-49-J.Cardona, Holder-6-R.Allen. NE 93-Guy eligible",2.048,-3.343
2017,8,October 29,home,Los Angeles Chargers,https://www.pro-football-reference.com/boxscores/201710290nwe.htm,4,09:36,1,10,LAC 33,18,7,"(9:36) (Shotgun) 17-P.Rivers pass incomplete deep right to 13-K.Allen [45-D.Harris]. PENALTY on NE-29-J.Bademosi, Defensive Pass Interference, 30 yards, enforced at LAC 33 - No Play.",1.296,2.166
2017,8,October 29,home,Los Angeles Chargers,https://www.pro-football-reference.com/boxscores/201710290nwe.htm,4,09:27,1,10,NE 37,18,7,(9:27) (Shotgun) 28-M.Gordon up the middle to NE 31 for 6 yards (52-E.Roberts).,3.462,0.189
2017,8,October 29,home,Los Angeles Chargers,https://www.pro-football-reference.com/boxscores/201710290nwe.htm,4,09:07,2,4,NE 31,18,7,"(9:07) (No Huddle, Shotgun) 17-P.Rivers pass short left to 81-M.Williams to NE 24 for 7 yards (29-J.Bademosi).",3.650,0.594
2017,8,October 29,home,Los Angeles Chargers,https://www.pro-football-reference.com/boxscores/201710290nwe.htm,4,08:36,1,10,NE 24,18,13,"(8:36) (No Huddle, Shotgun) 17-P.Rivers pass deep right to 12-T.Benjamin for 24 yards, TOUCHDOWN.",4.245,2.755
2017,8,October 29,home,Los Angeles Chargers,https://www.pro-football-reference.com/boxscores/201710290nwe.htm,4,08:30,,,NE 2,18,13,(Pass formation) TWO-POINT CONVERSION ATTEMPT. 17-P.Rivers pass to 85-A.Gates is incomplete. ATTEMPT FAILS. shotgun,0.947,-0.947
2017,8,October 29,home,Los Angeles Chargers,https://www.pro-football-reference.com/boxscores/201710290nwe.htm,4,08:30,,,LAC 35,18,13,"9-N.Novak kicks 65 yards from LAC 35 to end zone, Touchback.",1.416,0.000
2017,8,October 29,home,Los Angeles Chargers,https://www.pro-football-reference.com/boxscores/201710290nwe.htm,4,08:30,1,10,NE 25,18,13,"(8:30) 12-T.Brady pass short middle to 15-C.Hogan to NE 44 for 19 yards (24-Tr.Williams). NE 12-Brady 81st career 300-yard game, 3rd most all-time.",1.416,1.073
2017,8,October 29,home,Los Angeles Chargers,https://www.pro-football-reference.com/boxscores/201710290nwe.htm,4,07:56,1,10,NE 44,18,13,"(7:56) (Shotgun) 33-D.Lewis up the middle to NE 48 for 4 yards (99-J.Bosa, 33-T.Boston).",2.488,-0.086
2017,8,October 29,home,Los Angeles Chargers,https://www.pro-football-reference.com/boxscores/201710290nwe.htm,4,07:20,2,6,NE 48,18,13,(7:20) 12-T.Brady pass incomplete short left to 15-C.Hogan (24-Tr.Williams).,2.402,-0.715
2017,8,October 29,home,Los Angeles Chargers,https://www.pro-football-reference.com/boxscores/201710290nwe.htm,4,07:15,3,6,NE 48,18,13,(7:15) (Shotgun) 12-T.Brady pass incomplete short middle to 80-D.Amendola (93-D.Philon).,1.688,-1.775
2017,8,October 29,home,Los Angeles Chargers,https://www.pro-football-reference.com/boxscores/201710290nwe.htm,4,07:10,4,6,NE 48,18,13,"(7:10) 6-R.Allen punts 34 yards to LAC 18, Center-49-J.Cardona, fair catch by 12-T.Benjamin. Penalty on LAC-20-D.King, Offensive Holding, declined. PENALTY on LAC-25-R.Jenkins, Illegal Block Above the Waist, 9 yards, enforced at LAC 18.",-0.088,0.087
2017,8,October 29,home,Los Angeles Chargers,https://www.pro-football-reference.com/boxscores/201710290nwe.htm,4,07:05,1,10,LAC 9,18,13,(7:05) (Shotgun) 28-M.Gordon up the middle to LAC 14 for 5 yards (98-T.Flowers).,0.001,-0.119
2017,8,October 29,home,Los Angeles Chargers,https://www.pro-football-reference.com/boxscores/201710290nwe.htm,4,06:37,2,5,LAC 14,18,13,(6:37) (Shotgun) 17-P.Rivers pass short left to 86-H.Henry pushed ob at LAC 18 for 4 yards (32-D.McCourty).,-0.119,0.265
2017,8,October 29,home,Los Angeles Chargers,https://www.pro-football-reference.com/boxscores/201710290nwe.htm,4,06:18,3,1,LAC 18,18,13,"(6:18) (No Huddle, Shotgun) 28-M.Gordon up the middle to LAC 24 for 6 yards (70-A.Butler).",0.147,0.526
2017,8,October 29,home,Los Angeles Chargers,https://www.pro-football-reference.com/boxscores/201710290nwe.htm,4,05:43,1,10,LAC 24,18,13,"(5:43) (No Huddle, Shotgun) 17-P.Rivers pass short right to 12-T.Benjamin to LAC 26 for 2 yards (23-P.Chung).",0.673,-0.331
2017,8,October 29,home,Los Angeles Chargers,https://www.pro-football-reference.com/boxscores/201710290nwe.htm,4,05:04,2,8,LAC 26,18,13,"(5:04) (No Huddle, Shotgun) 17-P.Rivers pass incomplete deep right to 16-Ty.Williams.",0.342,-0.635
2017,8,October 29,home,Los Angeles Chargers,https://www.pro-football-reference.com/boxscores/201710290nwe.htm,4,04:56,3,8,LAC 26,18,13,(4:56) (Shotgun) 17-P.Rivers pass incomplete short left to 12-T.Benjamin (98-T.Flowers).,-0.293,-1.070
2017,8,October 29,home,Los Angeles Chargers,https://www.pro-football-reference.com/boxscores/201710290nwe.htm,4,04:52,4,8,LAC 26,18,13,"(4:52) 8-D.Kaser punts 52 yards to NE 22, Center-47-M.Windt. 80-D.Amendola to NE 34 for 12 yards (48-N.Dzubnar).",-1.362,-0.264
2017,8,October 29,home,Los Angeles Chargers,https://www.pro-football-reference.com/boxscores/201710290nwe.htm,4,04:41,1,10,NE 34,18,13,"(4:41) 33-D.Lewis up the middle to NE 44 for 10 yards (50-H.Pullard; 26-C.Hayward). PENALTY on LAC-50-H.Pullard, Face Mask (15 Yards), 15 yards, enforced at NE 44.",1.626,1.686
2017,8,October 29,home,Los Angeles Chargers,https://www.pro-football-reference.com/boxscores/201710290nwe.htm,4,04:19,1,10,LAC 41,18,13,(4:19) 33-D.Lewis up the middle to LAC 36 for 5 yards (71-D.Square).,3.313,-0.078
2017,8,October 29,home,Los Angeles Chargers,https://www.pro-football-reference.com/boxscores/201710290nwe.htm,4,03:47,2,5,LAC 36,18,13,"(3:47) 33-D.Lewis right tackle to LAC 38 for -2 yards (51-K.Emanuel). PENALTY on NE-62-J.Thuney, Clipping, 15 yards, enforced at LAC 36 - No Play.",3.235,-1.564
2017,8,October 29,home,Los Angeles Chargers,https://www.pro-football-reference.com/boxscores/201710290nwe.htm,4,03:42,2,20,NE 49,18,13,"(3:42) (Shotgun) 12-T.Brady pass short left to 87-R.Gronkowski to LAC 25 for 26 yards (31-A.Phillips). Penalty on LAC-31-A.Phillips, Defensive Holding, declined.",1.671,2.375
2017,8,October 29,home,Los Angeles Chargers,https://www.pro-football-reference.com/boxscores/201710290nwe.htm,4,03:33,1,10,LAC 25,18,13,(3:33) 33-D.Lewis up the middle to LAC 23 for 2 yards (56-K.Toomer).,4.046,-0.363
2017,8,October 29,home,Los Angeles Chargers,https://www.pro-football-reference.com/boxscores/201710290nwe.htm,4,03:27,,,LAC 23,18,13,Timeout #1 by LAC at 03:27.,3.683,0.000
2017,8,October 29,home,Los Angeles Chargers,https://www.pro-football-reference.com/boxscores/201710290nwe.htm,4,03:27,2,8,LAC 23,18,13,(3:27) (Shotgun) 12-T.Brady pass short middle to 15-C.Hogan to LAC 20 for 3 yards (50-H.Pullard). NE-15-C.Hogan was injured during the play. LAC-50-H.Pullard was injured during the play.,3.683,-0.133
2017,8,October 29,home,Los Angeles Chargers,https://www.pro-football-reference.com/boxscores/201710290nwe.htm,4,03:21,,,LAC 20,18,13,Timeout #2 by LAC at 03:21.,3.549,0.000
2017,8,October 29,home,Los Angeles Chargers,https://www.pro-football-reference.com/boxscores/201710290nwe.htm,4,03:21,3,5,LAC 20,18,13,"(3:21) (Shotgun) PENALTY on LAC-99-J.Bosa, Neutral Zone Infraction, 4 yards, enforced at LAC 20 - No Play.",3.549,0.748
2017,8,October 29,home,Los Angeles Chargers,https://www.pro-football-reference.com/boxscores/201710290nwe.htm,4,03:21,3,1,LAC 16,18,13,"(3:21) 12-T.Brady up the middle to LAC 14 for 2 yards (57-J.Brown, 93-D.Philon).",4.297,0.377
2017,8,October 29,home,Los Angeles Chargers,https://www.pro-football-reference.com/boxscores/201710290nwe.htm,4,02:42,1,10,LAC 14,18,13,"(2:42) 35-M.Gillislee up the middle to LAC 14 for no gain (37-J.Addae, 56-K.Toomer).",4.674,-0.402
2017,8,October 29,home,Los Angeles Chargers,https://www.pro-football-reference.com/boxscores/201710290nwe.htm,4,02:00,2,10,LAC 14,18,13,(2:00) 35-M.Gillislee left tackle to LAC 12 for 2 yards (71-D.Square).,4.272,-1.346
2017,8,October 29,home,Los Angeles Chargers,https://www.pro-football-reference.com/boxscores/201710290nwe.htm,4,01:55,,,LAC 12,18,13,Timeout #3 by LAC at 01:55.,2.926,0.000
2017,8,October 29,home,Los Angeles Chargers,https://www.pro-football-reference.com/boxscores/201710290nwe.htm,4,01:55,3,8,LAC 12,18,13,(1:55) 35-M.Gillislee left guard to LAC 8 for 4 yards (99-J.Bosa).,2.926,-0.012
2017,8,October 29,home,Los Angeles Chargers,https://www.pro-football-reference.com/boxscores/201710290nwe.htm,4,01:12,,,LAC 8,18,13,Timeout #1 by NE at 01:12.,2.914,0.000
2017,8,October 29,home,Los Angeles Chargers,https://www.pro-football-reference.com/boxscores/201710290nwe.htm,4,01:12,4,4,LAC 8,21,13,"(1:12) 3-S.Gostkowski 26 yard field goal is GOOD, Center-49-J.Cardona, Holder-6-R.Allen.",2.914,0.086
2017,8,October 29,home,Los Angeles Chargers,https://www.pro-football-reference.com/boxscores/201710290nwe.htm,4,01:08,,,NE 35,21,13,3-S.Gostkowski kicks 65 yards from NE 35 to LAC 0. 30-A.Ekeler to LAC 21 for 21 yards (34-R.Burkhead).,0.607,-0.140
2017,8,October 29,home,Los Angeles Chargers,https://www.pro-football-reference.com/boxscores/201710290nwe.htm,4,01:02,1,10,LAC 21,21,13,(1:02) (Shotgun) 17-P.Rivers pass short left to 12-T.Benjamin to LAC 36 for 15 yards (59-M.Flowers).,0.468,0.073
2017,8,October 29,home,Los Angeles Chargers,https://www.pro-football-reference.com/boxscores/201710290nwe.htm,4,00:40,1,10,LAC 36,21,13,"(:40) (No Huddle, Shotgun) 17-P.Rivers pass incomplete short left to 12-T.Benjamin.",0.541,-0.073
2017,8,October 29,home,Los Angeles Chargers,https://www.pro-football-reference.com/boxscores/201710290nwe.htm,4,00:36,2,10,LAC 36,21,13,"(:36) (Shotgun) PENALTY on NE-91-D.Wise, Neutral Zone Infraction, 5 yards, enforced at LAC 36 - No Play.",0.467,0.244
2017,8,October 29,home,Los Angeles Chargers,https://www.pro-football-reference.com/boxscores/201710290nwe.htm,4,00:36,2,5,LAC 41,21,13,(:36) (Shotgun) 17-P.Rivers pass short left to 12-T.Benjamin ran ob at NE 44 for 15 yards [91-D.Wise].,0.711,0.807
2017,8,October 29,home,Los Angeles Chargers,https://www.pro-football-reference.com/boxscores/201710290nwe.htm,4,00:30,1,10,NE 44,21,13,"(:30) (No Huddle, Shotgun) 17-P.Rivers pass incomplete short left to 12-T.Benjamin.",1.517,-0.245
2017,8,October 29,home,Los Angeles Chargers,https://www.pro-football-reference.com/boxscores/201710290nwe.htm,4,00:26,2,10,NE 44,21,13,(:26) (Shotgun) 17-P.Rivers pass incomplete short left to 16-Ty.Williams.,1.273,-0.293
2017,8,October 29,home,Los Angeles Chargers,https://www.pro-football-reference.com/boxscores/201710290nwe.htm,4,00:21,3,10,NE 44,21,13,(:21) (Shotgun) 17-P.Rivers pass short right to 12-T.Benjamin ran ob at NE 36 for 8 yards.,0.980,0.266
2017,8,October 29,home,Los Angeles Chargers,https://www.pro-football-reference.com/boxscores/201710290nwe.htm,4,00:14,4,2,NE 36,21,13,(:14) (Shotgun) 17-P.Rivers pass short middle to 30-A.Ekeler to NE 23 for 13 yards (53-K.Van Noy).,1.246,0.642
2017,8,October 29,home,Los Angeles Chargers,https://www.pro-football-reference.com/boxscores/201710290nwe.htm,4,00:02,1,10,NE 23,21,13,(:02) 17-P.Rivers spiked the ball to stop the clock.,1.888,-0.061
2017,8,October 29,home,Los Angeles Chargers,https://www.pro-football-reference.com/boxscores/201710290nwe.htm,4,00:01,2,10,NE 23,21,13,(:01) (Shotgun) 17-P.Rivers pass deep left intended for 12-T.Benjamin INTERCEPTED by 31-J.Jones at NE 1. 31-J.Jones to NE 7 for 6 yards.,1.827,-1.827
2017,10,November 12,away,Denver Broncos,https://www.pro-football-reference.com/boxscores/201711120den.htm,1,15:00,,,DEN 35,0,0,"8-B.McManus kicks 65 yards from DEN 35 to end zone, Touchback.",0.651,0.000
2017,10,November 12,away,Denver Broncos,https://www.pro-football-reference.com/boxscores/201711120den.htm,1,15:00,1,10,NE 25,0,0,(15:00) 33-D.Lewis left tackle to NE 27 for 2 yards (99-A.Gotsis).,0.651,-0.447
2017,10,November 12,away,Denver Broncos,https://www.pro-football-reference.com/boxscores/201711120den.htm,1,14:18,2,8,NE 27,0,0,(14:18) 33-D.Lewis up the middle to NE 30 for 3 yards (26-D.Stewart; 95-D.Wolfe).,0.204,-0.271
2017,10,November 12,away,Denver Broncos,https://www.pro-football-reference.com/boxscores/201711120den.htm,1,13:37,3,5,NE 30,0,0,(13:37) (Shotgun) 12-T.Brady pass incomplete short left to 14-B.Cooks (29-B.Roby).,-0.067,-1.484
2017,10,November 12,away,Denver Broncos,https://www.pro-football-reference.com/boxscores/201711120den.htm,1,13:30,4,5,NE 30,0,0,"(13:30) 6-R.Allen punts 43 yards to DEN 27, Center-49-J.Cardona. 84-I.McKenzie MUFFS catch, touched at DEN 28, RECOVERED by NE-47-J.Hollister at DEN 24. 47-J.Hollister to DEN 24 for no gain (84-I.McKenzie).",-1.552,5.820
2017,10,November 12,away,Denver Broncos,https://www.pro-football-reference.com/boxscores/201711120den.htm,1,13:22,1,10,DEN 24,0,0,(13:22) (Shotgun) 12-T.Brady pass short middle to 34-R.Burkhead to DEN 14 for 10 yards (54-B.Marshall).,4.268,0.591
2017,10,November 12,away,Denver Broncos,https://www.pro-football-reference.com/boxscores/201711120den.htm,1,12:43,1,10,DEN 14,6,0,"(12:43) (Shotgun) 12-T.Brady pass short middle to 34-R.Burkhead for 14 yards, TOUCHDOWN.",4.859,2.141
2017,10,November 12,away,Denver Broncos,https://www.pro-football-reference.com/boxscores/201711120den.htm,1,12:36,,,DEN 15,7,0,"3-S.Gostkowski extra point is GOOD, Center-49-J.Cardona, Holder-6-R.Allen.",0.932,0.068
2017,10,November 12,away,Denver Broncos,https://www.pro-football-reference.com/boxscores/201711120den.htm,1,12:36,,,NE 35,7,0,3-S.Gostkowski kicks 54 yards from NE 35 to DEN 11. 32-A.Janovich to DEN 21 for 10 yards (36-B.King).,1.441,-0.448
2017,10,November 12,away,Denver Broncos,https://www.pro-football-reference.com/boxscores/201711120den.htm,1,12:33,1,10,DEN 21,7,0,(12:33) 17-B.Osweiler pass deep left to 10-E.Sanders to NE 48 for 31 yards (32-D.McCourty).,0.993,2.090
2017,10,November 12,away,Denver Broncos,https://www.pro-football-reference.com/boxscores/201711120den.htm,1,11:58,1,10,NE 48,7,0,(11:58) 22-C.Anderson up the middle to NE 46 for 2 yards (93-L.Guy; 52-E.Roberts).,3.083,-0.339
2017,10,November 12,away,Denver Broncos,https://www.pro-football-reference.com/boxscores/201711120den.htm,1,11:21,2,8,NE 46,7,0,(11:21) (Shotgun) 22-C.Anderson up the middle to NE 42 for 4 yards (93-L.Guy).,2.744,-0.214
2017,10,November 12,away,Denver Broncos,https://www.pro-football-reference.com/boxscores/201711120den.htm,1,10:44,3,4,NE 42,7,0,(10:44) (Shotgun) 17-B.Osweiler pass short right to 10-E.Sanders to NE 29 for 13 yards (21-M.Butler).,2.530,1.636
2017,10,November 12,away,Denver Broncos,https://www.pro-football-reference.com/boxscores/201711120den.htm,1,10:04,1,10,NE 29,7,0,(10:04) (Shotgun) 17-B.Osweiler pass short left to 88-D.Thomas to NE 23 for 6 yards (24-S.Gilmore).,4.166,0.271
2017,10,November 12,away,Denver Broncos,https://www.pro-football-reference.com/boxscores/201711120den.htm,1,09:28,2,4,NE 23,7,0,(9:28) 23-D.Booker up the middle to NE 21 for 2 yards (53-K.Van Noy).,4.437,-0.356
2017,10,November 12,away,Denver Broncos,https://www.pro-football-reference.com/boxscores/201711120den.htm,1,08:48,3,2,NE 21,7,0,(8:48) (Shotgun) 17-B.Osweiler pass incomplete short left to 88-D.Thomas (24-S.Gilmore).,4.081,-1.725
2017,10,November 12,away,Denver Broncos,https://www.pro-football-reference.com/boxscores/201711120den.htm,1,08:42,4,2,NE 21,7,3,"(8:42) 8-B.McManus 39 yard field goal is GOOD, Center-42-C.Kreiter, Holder-9-R.Dixon.",2.357,0.643
2017,10,November 12,away,Denver Broncos,https://www.pro-football-reference.com/boxscores/201711120den.htm,1,08:39,,,DEN 35,13,3,"8-B.McManus kicks 68 yards from DEN 35 to NE -3. 33-D.Lewis for 103 yards, TOUCHDOWN.",0.755,6.245
2017,10,November 12,away,Denver Broncos,https://www.pro-football-reference.com/boxscores/201711120den.htm,1,08:24,,,DEN 15,14,3,"3-S.Gostkowski extra point is GOOD, Center-49-J.Cardona, Holder-6-R.Allen.",0.932,0.068
2017,10,November 12,away,Denver Broncos,https://www.pro-football-reference.com/boxscores/201711120den.htm,1,08:24,,,NE 35,14,3,3-S.Gostkowski kicks 64 yards from NE 35 to DEN 1. 23-D.Booker pushed ob at DEN 21 for 20 yards (36-B.King).,1.452,-0.435
2017,10,November 12,away,Denver Broncos,https://www.pro-football-reference.com/boxscores/201711120den.htm,1,08:19,1,10,DEN 21,14,3,(8:19) 17-B.Osweiler pass incomplete short right to 10-E.Sanders.,1.017,-0.592
2017,10,November 12,away,Denver Broncos,https://www.pro-football-reference.com/boxscores/201711120den.htm,1,08:12,2,10,DEN 21,14,3,(8:12) (Shotgun) 17-B.Osweiler pass short left to 88-D.Thomas to DEN 26 for 5 yards (32-D.McCourty).,0.425,-0.072
2017,10,November 12,away,Denver Broncos,https://www.pro-football-reference.com/boxscores/201711120den.htm,1,07:36,3,5,DEN 26,14,3,(7:36) (Shotgun) 17-B.Osweiler pass short middle to 10-E.Sanders to NE 36 for 38 yards (30-D.Harmon).,0.353,3.489
2017,10,November 12,away,Denver Broncos,https://www.pro-football-reference.com/boxscores/201711120den.htm,1,06:55,1,10,NE 36,14,3,(6:55) 22-C.Anderson left tackle to NE 15 for 21 yards (30-D.Harmon).,3.842,1.169
2017,10,November 12,away,Denver Broncos,https://www.pro-football-reference.com/boxscores/201711120den.htm,1,06:15,1,10,NE 15,14,3,(6:15) 23-D.Booker up the middle to NE 15 for no gain (93-L.Guy).,5.011,-0.435
2017,10,November 12,away,Denver Broncos,https://www.pro-football-reference.com/boxscores/201711120den.htm,1,05:34,2,10,NE 15,14,3,(5:34) (Shotgun) 17-B.Osweiler pass incomplete short left [91-D.Wise].,4.576,-0.754
2017,10,November 12,away,Denver Broncos,https://www.pro-football-reference.com/boxscores/201711120den.htm,1,05:27,3,10,NE 15,14,3,(5:27) (Shotgun) 17-B.Osweiler pass incomplete short right to 28-J.Charles (59-M.Flowers).,3.822,-1.096
2017,10,November 12,away,Denver Broncos,https://www.pro-football-reference.com/boxscores/201711120den.htm,1,05:22,4,10,NE 15,14,6,"(5:22) 8-B.McManus 33 yard field goal is GOOD, Center-42-C.Kreiter, Holder-9-R.Dixon.",2.727,0.273
2017,10,November 12,away,Denver Broncos,https://www.pro-football-reference.com/boxscores/201711120den.htm,1,05:18,,,DEN 35,14,6,"8-B.McManus kicks 65 yards from DEN 35 to end zone, Touchback.",0.714,0.000
2017,10,November 12,away,Denver Broncos,https://www.pro-football-reference.com/boxscores/201711120den.htm,1,05:18,1,10,NE 25,14,6,(5:18) 12-T.Brady pass short middle to 88-M.Bennett pushed ob at DEN 48 for 27 yards (31-J.Simmons) [58-V.Miller].,0.714,1.803
2017,10,November 12,away,Denver Broncos,https://www.pro-football-reference.com/boxscores/201711120den.htm,1,04:53,1,10,DEN 48,14,6,(4:53) 12-T.Brady pass short left to 34-R.Burkhead to DEN 45 for 3 yards (31-J.Simmons).,2.517,-0.154
2017,10,November 12,away,Denver Broncos,https://www.pro-football-reference.com/boxscores/201711120den.htm,1,04:11,2,7,DEN 45,14,6,(4:11) 34-R.Burkhead up the middle to DEN 40 for 5 yards (99-A.Gotsis; 51-T.Davis).,2.363,0.051
2017,10,November 12,away,Denver Broncos,https://www.pro-football-reference.com/boxscores/201711120den.htm,1,03:34,3,2,DEN 40,14,6,(3:34) (Shotgun) 12-T.Brady pass short left to 28-J.White to DEN 32 for 8 yards (26-D.Stewart; 54-B.Marshall).,2.414,1.306
2017,10,November 12,away,Denver Broncos,https://www.pro-football-reference.com/boxscores/201711120den.htm,1,02:57,1,10,DEN 32,14,6,(2:57) 12-T.Brady pass short left to 88-M.Bennett to DEN 27 for 5 yards (26-D.Stewart) [48-S.Barrett].,3.720,0.127
2017,10,November 12,away,Denver Broncos,https://www.pro-football-reference.com/boxscores/201711120den.htm,1,02:22,2,5,DEN 27,14,6,(2:22) 34-R.Burkhead up the middle to DEN 23 for 4 yards (51-T.Davis; 99-A.Gotsis).,3.846,0.074
2017,10,November 12,away,Denver Broncos,https://www.pro-football-reference.com/boxscores/201711120den.htm,1,01:52,3,1,DEN 23,14,6,(1:52) 12-T.Brady up the middle to DEN 23 for no gain (94-D.Peko).,3.921,-1.197
2017,10,November 12,away,Denver Broncos,https://www.pro-football-reference.com/boxscores/201711120den.htm,1,01:32,4,1,DEN 23,14,6,(1:32) 34-R.Burkhead left tackle to DEN 20 for 3 yards (51-T.Davis).,2.724,1.696
2017,10,November 12,away,Denver Broncos,https://www.pro-football-reference.com/boxscores/201711120den.htm,1,00:53,1,10,DEN 20,14,6,(:53) (Shotgun) 12-T.Brady pass short right to 87-R.Gronkowski to DEN 8 for 12 yards (54-B.Marshall).,4.420,0.881
2017,10,November 12,away,Denver Broncos,https://www.pro-football-reference.com/boxscores/201711120den.htm,1,00:16,1,8,DEN 8,14,6,(:16) 33-D.Lewis left tackle to DEN 5 for 3 yards (31-J.Simmons; 95-D.Wolfe).,5.302,-0.057
2017,10,November 12,away,Denver Broncos,https://www.pro-football-reference.com/boxscores/201711120den.htm,2,15:00,2,5,DEN 5,14,6,"(15:00) (Shotgun) 12-T.Brady pass incomplete short middle to 34-R.Burkhead. PENALTY on DEN-51-T.Davis, Defensive Pass Interference, 3 yards, enforced at DEN 5 - No Play.",5.245,0.975
2017,10,November 12,away,Denver Broncos,https://www.pro-football-reference.com/boxscores/201711120den.htm,2,14:55,1,2,DEN 2,14,6,(14:55) 34-R.Burkhead left tackle to DEN 1 for 1 yard (51-T.Davis).,6.220,-0.183
2017,10,November 12,away,Denver Broncos,https://www.pro-football-reference.com/boxscores/201711120den.htm,2,14:21,2,1,DEN 1,14,6,(14:21) 12-T.Brady pass incomplete short middle to 83-D.Allen (34-W.Parks).,6.037,-0.465
2017,10,November 12,away,Denver Broncos,https://www.pro-football-reference.com/boxscores/201711120den.htm,2,14:17,3,1,DEN 1,14,6,(14:17) (Shotgun) 12-T.Brady sacked at DEN 7 for -6 yards (31-J.Simmons).,5.572,-2.641
2017,10,November 12,away,Denver Broncos,https://www.pro-football-reference.com/boxscores/201711120den.htm,2,13:41,4,7,DEN 7,17,6,"(13:41) 3-S.Gostkowski 25 yard field goal is GOOD, Center-49-J.Cardona, Holder-6-R.Allen.",2.931,0.069
2017,10,November 12,away,Denver Broncos,https://www.pro-football-reference.com/boxscores/201711120den.htm,2,13:38,,,NE 35,17,6,3-S.Gostkowski kicks 62 yards from NE 35 to DEN 3. 23-D.Booker to DEN 31 for 28 yards (18-M.Slater).,1.383,0.313
2017,10,November 12,away,Denver Broncos,https://www.pro-football-reference.com/boxscores/201711120den.htm,2,13:31,1,10,DEN 31,17,6,(13:31) (Shotgun) 17-B.Osweiler pass short right to 22-C.Anderson to DEN 32 for 1 yard (98-T.Flowers).,1.696,-0.349
2017,10,November 12,away,Denver Broncos,https://www.pro-football-reference.com/boxscores/201711120den.htm,2,12:56,2,9,DEN 32,17,6,(12:56) (Shotgun) 22-C.Anderson right tackle to DEN 35 for 3 yards (94-R.Jean Francois).,1.346,-0.532
2017,10,November 12,away,Denver Broncos,https://www.pro-football-reference.com/boxscores/201711120den.htm,2,12:18,3,6,DEN 35,17,6,"(12:18) (Shotgun) 17-B.Osweiler pass incomplete short left. PENALTY on NE-24-S.Gilmore, Defensive Holding, 5 yards, enforced at DEN 35 - No Play.",0.815,1.436
2017,10,November 12,away,Denver Broncos,https://www.pro-football-reference.com/boxscores/201711120den.htm,2,12:10,1,10,DEN 40,17,6,(12:10) 22-C.Anderson left tackle to DEN 42 for 2 yards (97-A.Branch).,2.251,-0.356
2017,10,November 12,away,Denver Broncos,https://www.pro-football-reference.com/boxscores/201711120den.htm,2,11:32,2,8,DEN 42,17,6,(11:32) 28-J.Charles right end to DEN 41 for -1 yards (32-D.McCourty).,1.895,-0.810
2017,10,November 12,away,Denver Broncos,https://www.pro-football-reference.com/boxscores/201711120den.htm,2,10:49,3,9,DEN 41,17,6,(10:49) (Shotgun) 17-B.Osweiler pass incomplete deep right to 88-D.Thomas.,1.084,-1.537
2017,10,November 12,away,Denver Broncos,https://www.pro-football-reference.com/boxscores/201711120den.htm,2,10:44,4,9,DEN 41,17,6,"(10:44) 9-R.Dixon punt is BLOCKED by 34-R.Burkhead, Center-42-C.Kreiter, recovered by DEN-9-R.Dixon at DEN 30. 9-R.Dixon to DEN 30 for no gain (38-B.Bolden).",-0.453,-3.345
2017,10,November 12,away,Denver Broncos,https://www.pro-football-reference.com/boxscores/201711120den.htm,2,10:38,1,10,DEN 30,17,6,(10:38) 12-T.Brady pass short left to 13-P.Dorsett to DEN 19 for 11 yards (26-D.Stewart).,3.798,0.591
2017,10,November 12,away,Denver Broncos,https://www.pro-football-reference.com/boxscores/201711120den.htm,2,10:03,1,10,DEN 19,17,6,"(10:03) (Shotgun) 12-T.Brady pass incomplete deep middle to 87-R.Gronkowski. New England challenged the incomplete pass ruling, and the play was Upheld. The ruling on the field stands. (Timeout #1.)",4.388,-0.480
2017,10,November 12,away,Denver Broncos,https://www.pro-football-reference.com/boxscores/201711120den.htm,2,09:55,,,DEN 19,17,6,Timeout #2 by NE at 09:55.,3.908,0.000
2017,10,November 12,away,Denver Broncos,https://www.pro-football-reference.com/boxscores/201711120den.htm,2,09:55,2,10,DEN 19,17,6,(9:55) (Shotgun) 12-T.Brady pass short left to 80-D.Amendola to DEN 13 for 6 yards (54-B.Marshall).,3.908,0.109
2017,10,November 12,away,Denver Broncos,https://www.pro-football-reference.com/boxscores/201711120den.htm,2,09:18,3,4,DEN 13,17,6,(9:18) (Shotgun) 28-J.White up the middle to DEN 10 for 3 yards (96-S.Harris; 95-D.Wolfe).,4.017,-1.135
2017,10,November 12,away,Denver Broncos,https://www.pro-football-reference.com/boxscores/201711120den.htm,2,08:51,4,1,DEN 10,20,6,"(8:51) 3-S.Gostkowski 28 yard field goal is GOOD, Center-49-J.Cardona, Holder-6-R.Allen.",2.882,0.118
2017,10,November 12,away,Denver Broncos,https://www.pro-football-reference.com/boxscores/201711120den.htm,2,08:47,,,NE 35,20,6,3-S.Gostkowski kicks 64 yards from NE 35 to DEN 1. 23-D.Booker pushed ob at DEN 19 for 18 yards (18-M.Slater).,1.628,-0.406
2017,10,November 12,away,Denver Broncos,https://www.pro-football-reference.com/boxscores/201711120den.htm,2,08:42,1,10,DEN 19,20,6,(8:42) 23-D.Booker right guard to DEN 21 for 2 yards (70-A.Butler).,1.222,-0.387
2017,10,November 12,away,Denver Broncos,https://www.pro-football-reference.com/boxscores/201711120den.htm,2,08:01,2,8,DEN 21,20,6,(8:01) 23-D.Booker up the middle to DEN 28 for 7 yards (45-D.Harris).,0.834,0.624
2017,10,November 12,away,Denver Broncos,https://www.pro-football-reference.com/boxscores/201711120den.htm,2,07:21,3,1,DEN 28,20,6,(7:21) (Shotgun) 17-B.Osweiler pass short left to 10-E.Sanders to NE 49 for 23 yards (21-M.Butler).,1.458,1.449
2017,10,November 12,away,Denver Broncos,https://www.pro-football-reference.com/boxscores/201711120den.htm,2,06:44,1,10,NE 49,20,6,(6:44) (Shotgun) 22-C.Anderson left guard to NE 46 for 3 yards (53-K.Van Noy).,2.907,-0.219
2017,10,November 12,away,Denver Broncos,https://www.pro-football-reference.com/boxscores/201711120den.htm,2,06:03,2,7,NE 46,20,6,(6:03) (Shotgun) 22-C.Anderson right end to NE 39 for 7 yards (53-K.Van Noy).,2.687,0.867
2017,10,November 12,away,Denver Broncos,https://www.pro-football-reference.com/boxscores/201711120den.htm,2,05:30,1,10,NE 39,20,6,(5:30) (Shotgun) 22-C.Anderson up the middle to NE 33 for 6 yards (45-D.Harris; 52-E.Roberts).,3.554,0.096
2017,10,November 12,away,Denver Broncos,https://www.pro-football-reference.com/boxscores/201711120den.htm,2,04:53,2,4,NE 33,20,6,(4:53) 23-D.Booker up the middle to NE 32 for 1 yard (70-A.Butler).,3.650,-0.580
2017,10,November 12,away,Denver Broncos,https://www.pro-football-reference.com/boxscores/201711120den.htm,2,04:13,3,3,NE 32,20,6,(4:13) (Shotgun) 17-B.Osweiler pass short right to 10-E.Sanders ran ob at NE 23 for 9 yards.,3.070,1.006
2017,10,November 12,away,Denver Broncos,https://www.pro-football-reference.com/boxscores/201711120den.htm,2,03:38,1,10,NE 23,20,6,(3:38) (Shotgun) 23-D.Booker left guard to NE 20 for 3 yards (45-D.Harris).,4.076,-0.228
2017,10,November 12,away,Denver Broncos,https://www.pro-football-reference.com/boxscores/201711120den.htm,2,03:01,2,7,NE 20,20,6,(3:01) (Shotgun) 17-B.Osweiler pass incomplete deep right to 10-E.Sanders.,3.848,-0.618
2017,10,November 12,away,Denver Broncos,https://www.pro-football-reference.com/boxscores/201711120den.htm,2,02:55,3,7,NE 20,20,6,"(2:55) (Shotgun) 17-B.Osweiler pass short right to 83-A.Derby to NE 18 for 2 yards (31-J.Jones). Penalty on DEN-16-B.Fowler, Offensive Pass Interference, declined.",3.230,-0.624
2017,10,November 12,away,Denver Broncos,https://www.pro-football-reference.com/boxscores/201711120den.htm,2,02:40,4,5,NE 18,20,9,"(2:40) 8-B.McManus 36 yard field goal is GOOD, Center-42-C.Kreiter, Holder-9-R.Dixon.",2.606,0.394
2017,10,November 12,away,Denver Broncos,https://www.pro-football-reference.com/boxscores/201711120den.htm,2,02:36,,,DEN 35,20,9,"8-B.McManus kicks 65 yards from DEN 35 to end zone, Touchback.",0.968,0.000
2017,10,November 12,away,Denver Broncos,https://www.pro-football-reference.com/boxscores/201711120den.htm,2,02:36,1,10,NE 25,20,9,(2:36) 33-D.Lewis left guard to NE 34 for 9 yards (31-J.Simmons; 54-B.Marshall).,0.968,0.526
2017,10,November 12,away,Denver Broncos,https://www.pro-football-reference.com/boxscores/201711120den.htm,2,02:04,2,1,NE 34,20,9,(2:04) 33-D.Lewis left tackle to NE 38 for 4 yards (31-J.Simmons; 56-S.Ray).,1.494,0.066
2017,10,November 12,away,Denver Broncos,https://www.pro-football-reference.com/boxscores/201711120den.htm,2,01:59,1,10,NE 38,20,9,(1:59) 33-D.Lewis up the middle to NE 45 for 7 yards (54-B.Marshall). DEN-54-B.Marshall was injured during the play. His return is Probable.,1.560,0.121
2017,10,November 12,away,Denver Broncos,https://www.pro-football-reference.com/boxscores/201711120den.htm,2,01:45,,,NE 45,20,9,Timeout #1 by DEN at 01:45. Time Out due to injury.,1.680,0.000
2017,10,November 12,away,Denver Broncos,https://www.pro-football-reference.com/boxscores/201711120den.htm,2,01:45,2,3,NE 45,20,9,(1:45) (Shotgun) 12-T.Brady pass short left to 14-B.Cooks ran ob at DEN 48 for 7 yards.,1.680,0.691
2017,10,November 12,away,Denver Broncos,https://www.pro-football-reference.com/boxscores/201711120den.htm,2,01:40,1,10,DEN 48,20,9,(1:40) 34-R.Burkhead left tackle to DEN 40 for 8 yards (51-T.Davis).,2.371,0.238
2017,10,November 12,away,Denver Broncos,https://www.pro-football-reference.com/boxscores/201711120den.htm,2,01:21,2,2,DEN 40,20,9,(1:21) (No Huddle) 34-R.Burkhead left end pushed ob at DEN 38 for 2 yards (25-C.Harris). DEN-51-T.Davis was injured during the play. His return is Probable.,2.610,0.020
2017,10,November 12,away,Denver Broncos,https://www.pro-football-reference.com/boxscores/201711120den.htm,2,01:16,,,DEN 38,20,9,Timeout #2 by DEN at 01:16. Time Out due to injury.,2.630,0.000
2017,10,November 12,away,Denver Broncos,https://www.pro-football-reference.com/boxscores/201711120den.htm,2,01:16,1,10,DEN 38,20,9,"(1:16) (Shotgun) 12-T.Brady pass incomplete short middle to 80-D.Amendola. PENALTY on DEN-54-B.Marshall, Defensive Holding, 5 yards, enforced at DEN 38 - No Play.",2.630,0.329
2017,10,November 12,away,Denver Broncos,https://www.pro-football-reference.com/boxscores/201711120den.htm,2,01:11,1,10,DEN 33,20,9,(1:11) (Shotgun) 12-T.Brady pass deep middle to 87-R.Gronkowski to DEN 11 for 22 yards (31-J.Simmons).,2.959,1.474
2017,10,November 12,away,Denver Broncos,https://www.pro-football-reference.com/boxscores/201711120den.htm,2,00:38,1,10,DEN 11,20,9,(:38) (Shotgun) 12-T.Brady pass incomplete short middle to 87-R.Gronkowski.,4.433,-0.372
2017,10,November 12,away,Denver Broncos,https://www.pro-football-reference.com/boxscores/201711120den.htm,2,00:31,2,10,DEN 11,26,9,"(:31) (Shotgun) 12-T.Brady pass short right to 83-D.Allen for 11 yards, TOUCHDOWN. Penalty on DEN-58-V.Miller, Defensive Holding, declined.",4.061,2.939
2017,10,November 12,away,Denver Broncos,https://www.pro-football-reference.com/boxscores/201711120den.htm,2,00:25,,,DEN 15,27,9,"3-S.Gostkowski extra point is GOOD, Center-49-J.Cardona, Holder-6-R.Allen.",0.932,0.068
2017,10,November 12,away,Denver Broncos,https://www.pro-football-reference.com/boxscores/201711120den.htm,2,00:25,,,NE 35,27,9,3-S.Gostkowski kicks 67 yards from NE 35 to DEN -2. 84-I.McKenzie to DEN 15 for 17 yards (51-T.Reilly).,0.233,-0.233
2017,10,November 12,away,Denver Broncos,https://www.pro-football-reference.com/boxscores/201711120den.htm,2,00:20,1,10,DEN 15,27,9,(:20) 17-B.Osweiler kneels to DEN 14 for -1 yards.,0.000,0.000
2017,10,November 12,away,Denver Broncos,https://www.pro-football-reference.com/boxscores/201711120den.htm,3,15:00,,,NE 35,27,9,"3-S.Gostkowski kicks 65 yards from NE 35 to end zone, Touchback.",1.457,0.000
2017,10,November 12,away,Denver Broncos,https://www.pro-football-reference.com/boxscores/201711120den.htm,3,15:00,1,10,DEN 25,27,9,(15:00) 17-B.Osweiler pass incomplete short right to 10-E.Sanders (21-M.Butler).,1.457,-0.603
2017,10,November 12,away,Denver Broncos,https://www.pro-football-reference.com/boxscores/201711120den.htm,3,14:56,2,10,DEN 25,27,9,(14:56) (Shotgun) 22-C.Anderson right guard to DEN 25 for no gain (32-D.McCourty).,0.854,-0.684
2017,10,November 12,away,Denver Broncos,https://www.pro-football-reference.com/boxscores/201711120den.htm,3,14:22,3,10,DEN 25,27,9,(14:22) (Shotgun) 17-B.Osweiler pass short middle to 88-D.Thomas to DEN 42 for 17 yards (24-S.Gilmore).,0.171,2.335
2017,10,November 12,away,Denver Broncos,https://www.pro-football-reference.com/boxscores/201711120den.htm,3,13:35,1,10,DEN 42,27,9,"(13:35) 22-C.Anderson right tackle to DEN 48 for 6 yards (37-J.Richards, 52-E.Roberts).",2.506,0.292
2017,10,November 12,away,Denver Broncos,https://www.pro-football-reference.com/boxscores/201711120den.htm,3,12:58,2,4,DEN 48,27,9,(12:58) 28-J.Charles left end to NE 49 for 3 yards (45-D.Harris).,2.798,-0.058
2017,10,November 12,away,Denver Broncos,https://www.pro-football-reference.com/boxscores/201711120den.htm,3,12:24,3,1,NE 49,27,9,(12:24) 32-A.Janovich up the middle to NE 46 for 3 yards (97-A.Branch).,2.740,0.495
2017,10,November 12,away,Denver Broncos,https://www.pro-football-reference.com/boxscores/201711120den.htm,3,11:43,1,10,NE 46,27,9,(11:43) 17-B.Osweiler pass incomplete short right to 10-E.Sanders.,3.235,-0.449
2017,10,November 12,away,Denver Broncos,https://www.pro-football-reference.com/boxscores/201711120den.htm,3,11:37,2,10,NE 46,27,9,(11:37) (Shotgun) 28-J.Charles up the middle to NE 36 for 10 yards (91-D.Wise).,2.786,1.066
2017,10,November 12,away,Denver Broncos,https://www.pro-football-reference.com/boxscores/201711120den.htm,3,10:58,1,10,NE 36,27,9,(10:58) (Shotgun) 28-J.Charles up the middle to NE 32 for 4 yards (93-L.Guy).,3.852,-0.125
2017,10,November 12,away,Denver Broncos,https://www.pro-football-reference.com/boxscores/201711120den.htm,3,10:24,2,6,NE 32,27,9,(10:24) 28-J.Charles right tackle to NE 31 for 1 yard (53-K.Van Noy).,3.727,-0.514
2017,10,November 12,away,Denver Broncos,https://www.pro-football-reference.com/boxscores/201711120den.htm,3,09:39,3,5,NE 31,27,9,(9:39) (Shotgun) 17-B.Osweiler pass short left to 10-E.Sanders pushed ob at NE 8 for 23 yards (21-M.Butler).,3.213,2.213
2017,10,November 12,away,Denver Broncos,https://www.pro-football-reference.com/boxscores/201711120den.htm,3,09:09,1,8,NE 8,27,9,"(9:09) (Shotgun) 22-C.Anderson left end pushed ob at NE 1 for 7 yards (21-M.Butler). PENALTY on DEN-72-G.Bolles, Offensive Holding, 10 yards, enforced at NE 8 - No Play.",5.426,-1.188
2017,10,November 12,away,Denver Broncos,https://www.pro-football-reference.com/boxscores/201711120den.htm,3,08:38,1,18,NE 18,27,9,(8:38) 28-J.Charles left guard to NE 7 for 11 yards (23-P.Chung).,4.237,0.814
2017,10,November 12,away,Denver Broncos,https://www.pro-football-reference.com/boxscores/201711120den.htm,3,08:01,2,7,NE 7,27,15,"(8:01) (Shotgun) 17-B.Osweiler pass short middle to 88-D.Thomas for 7 yards, TOUCHDOWN. Penalty on NE-21-M.Butler, Defensive Holding, declined. The Replay Official reviewed the pass completion ruling, and the play was Upheld. The ruling on the field was confirmed.",5.052,1.948
2017,10,November 12,away,Denver Broncos,https://www.pro-football-reference.com/boxscores/201711120den.htm,3,07:54,,,NE 15,27,16,"8-B.McManus extra point is GOOD, Center-42-C.Kreiter, Holder-9-R.Dixon.",0.932,0.068
2017,10,November 12,away,Denver Broncos,https://www.pro-football-reference.com/boxscores/201711120den.htm,3,07:54,,,DEN 35,27,16,"8-B.McManus kicks 65 yards from DEN 35 to end zone, Touchback.",0.744,0.000
2017,10,November 12,away,Denver Broncos,https://www.pro-football-reference.com/boxscores/201711120den.htm,3,07:54,1,10,NE 25,27,16,(7:54) 33-D.Lewis left tackle to NE 24 for -1 yards (56-S.Ray).,0.744,-0.982
2017,10,November 12,away,Denver Broncos,https://www.pro-football-reference.com/boxscores/201711120den.htm,3,07:22,2,11,NE 24,27,16,(7:22) 12-T.Brady pass short middle to 87-R.Gronkowski to 50 for 26 yards (54-B.Marshall).,-0.238,2.699
2017,10,November 12,away,Denver Broncos,https://www.pro-football-reference.com/boxscores/201711120den.htm,3,06:38,1,10,MID 50,27,16,(6:38) 12-T.Brady pass deep right to 14-B.Cooks ran ob at DEN 25 for 25 yards.,2.462,1.678
2017,10,November 12,away,Denver Broncos,https://www.pro-football-reference.com/boxscores/201711120den.htm,3,06:07,1,10,DEN 25,27,16,(6:07) (Shotgun) 12-T.Brady pass short right to 13-P.Dorsett to DEN 20 for 5 yards (25-C.Harris).,4.139,0.076
2017,10,November 12,away,Denver Broncos,https://www.pro-football-reference.com/boxscores/201711120den.htm,3,05:37,2,5,DEN 20,27,16,(5:37) 33-D.Lewis up the middle to DEN 14 for 6 yards (26-D.Stewart; 31-J.Simmons).,4.215,0.662
2017,10,November 12,away,Denver Broncos,https://www.pro-football-reference.com/boxscores/201711120den.htm,3,04:59,1,10,DEN 14,27,16,(4:59) (Shotgun) 33-D.Lewis up the middle to DEN 8 for 6 yards (58-V.Miller).,4.878,0.249
2017,10,November 12,away,Denver Broncos,https://www.pro-football-reference.com/boxscores/201711120den.htm,3,04:38,2,4,DEN 8,33,16,"(4:38) (No Huddle, Shotgun) 33-D.Lewis up the middle for 8 yards, TOUCHDOWN.",5.126,1.874
2017,10,November 12,away,Denver Broncos,https://www.pro-football-reference.com/boxscores/201711120den.htm,3,04:36,,,DEN 15,34,16,"3-S.Gostkowski extra point is GOOD, Center-49-J.Cardona, Holder-6-R.Allen.",0.932,0.068
2017,10,November 12,away,Denver Broncos,https://www.pro-football-reference.com/boxscores/201711120den.htm,3,04:36,,,NE 35,34,16,3-S.Gostkowski kicks 65 yards from NE 35 to DEN 0. 23-D.Booker to DEN 23 for 23 yards (51-T.Reilly).,1.366,-0.327
2017,10,November 12,away,Denver Broncos,https://www.pro-football-reference.com/boxscores/201711120den.htm,3,04:29,1,10,DEN 23,34,16,(4:29) 28-J.Charles left tackle to DEN 24 for 1 yard (97-A.Branch).,1.038,-0.503
2017,10,November 12,away,Denver Broncos,https://www.pro-football-reference.com/boxscores/201711120den.htm,3,03:52,2,9,DEN 24,34,16,(3:52) 28-J.Charles right guard to DEN 33 for 9 yards (23-P.Chung).,0.535,1.320
2017,10,November 12,away,Denver Broncos,https://www.pro-football-reference.com/boxscores/201711120den.htm,3,03:07,1,10,DEN 33,34,16,(3:07) (Shotgun) 17-B.Osweiler pass short left to 14-C.Latimer to DEN 44 for 11 yards (52-E.Roberts).,1.855,0.719
2017,10,November 12,away,Denver Broncos,https://www.pro-football-reference.com/boxscores/201711120den.htm,3,02:25,1,10,DEN 44,34,16,(2:25) (Shotgun) 17-B.Osweiler pass incomplete short left to 82-J.Heuerman (45-D.Harris).,2.574,-0.434
2017,10,November 12,away,Denver Broncos,https://www.pro-football-reference.com/boxscores/201711120den.htm,3,02:20,2,10,DEN 44,34,16,(2:20) (Shotgun) 17-B.Osweiler pass incomplete deep left to 88-D.Thomas.,2.140,-0.847
2017,10,November 12,away,Denver Broncos,https://www.pro-football-reference.com/boxscores/201711120den.htm,3,02:15,3,10,DEN 44,34,16,(2:15) (Shotgun) 17-B.Osweiler pass short right to 82-J.Heuerman to DEN 48 for 4 yards (31-J.Jones).,1.293,-1.266
2017,10,November 12,away,Denver Broncos,https://www.pro-football-reference.com/boxscores/201711120den.htm,3,01:40,4,6,DEN 48,34,16,"(1:40) 9-R.Dixon punts 46 yards to NE 6, Center-42-C.Kreiter, fair catch by 80-D.Amendola.",0.027,0.580
2017,10,November 12,away,Denver Broncos,https://www.pro-football-reference.com/boxscores/201711120den.htm,3,01:35,1,10,NE 6,34,16,(1:35) 34-R.Burkhead up the middle to NE 12 for 6 yards (95-D.Wolfe; 51-T.Davis).,-0.607,0.247
2017,10,November 12,away,Denver Broncos,https://www.pro-football-reference.com/boxscores/201711120den.htm,3,00:56,2,4,NE 12,34,16,(:56) (Shotgun) 12-T.Brady pass short left to 46-J.Develin pushed ob at NE 18 for 6 yards (48-S.Barrett).,-0.360,0.569
2017,10,November 12,away,Denver Broncos,https://www.pro-football-reference.com/boxscores/201711120den.htm,3,00:25,1,10,NE 18,34,16,(:25) (Shotgun) 12-T.Brady pass short middle to 80-D.Amendola to NE 34 for 16 yards (31-J.Simmons).,0.209,1.016
2017,10,November 12,away,Denver Broncos,https://www.pro-football-reference.com/boxscores/201711120den.htm,4,15:00,1,10,NE 34,34,16,(15:00) 34-R.Burkhead left guard to NE 35 for 1 yard (25-C.Harris).,1.226,-0.526
2017,10,November 12,away,Denver Broncos,https://www.pro-football-reference.com/boxscores/201711120den.htm,4,14:23,2,9,NE 35,34,16,(14:23) 12-T.Brady pass incomplete deep left to 14-B.Cooks [96-S.Harris].,0.700,-0.716
2017,10,November 12,away,Denver Broncos,https://www.pro-football-reference.com/boxscores/201711120den.htm,4,14:19,3,9,NE 35,34,16,(14:19) (Shotgun) 12-T.Brady pass short left to 87-R.Gronkowski to NE 49 for 14 yards (34-W.Parks).,-0.017,2.346
2017,10,November 12,away,Denver Broncos,https://www.pro-football-reference.com/boxscores/201711120den.htm,4,13:38,1,10,NE 49,34,16,"(13:38) (Shotgun) 12-T.Brady pass incomplete short right to 13-P.Dorsett (21-A.Talib). PENALTY on DEN-25-C.Harris, Illegal Contact, 5 yards, enforced at NE 49 - No Play.",2.330,0.343
2017,10,November 12,away,Denver Broncos,https://www.pro-football-reference.com/boxscores/201711120den.htm,4,13:32,1,10,DEN 46,34,16,(13:32) (Shotgun) 12-T.Brady pass short left to 80-D.Amendola pushed ob at DEN 38 for 8 yards (56-S.Ray).,2.673,0.550
2017,10,November 12,away,Denver Broncos,https://www.pro-football-reference.com/boxscores/201711120den.htm,4,12:58,2,2,DEN 38,34,16,(12:58) (Shotgun) 12-T.Brady pass incomplete deep right to 14-B.Cooks.,3.223,-0.724
2017,10,November 12,away,Denver Broncos,https://www.pro-football-reference.com/boxscores/201711120den.htm,4,12:52,3,2,DEN 38,34,16,(12:52) (Shotgun) 12-T.Brady pass short left to 28-J.White to DEN 41 for -3 yards (29-B.Roby).,2.499,-2.420
2017,10,November 12,away,Denver Broncos,https://www.pro-football-reference.com/boxscores/201711120den.htm,4,12:23,4,5,DEN 41,34,16,"(12:23) 6-R.Allen punts 35 yards to DEN 6, Center-49-J.Cardona, fair catch by 54-B.Marshall. PENALTY on DEN-96-S.Harris, Defensive 12 On-field, 5 yards, enforced at DEN 41 - No Play.",0.079,3.361
2017,10,November 12,away,Denver Broncos,https://www.pro-football-reference.com/boxscores/201711120den.htm,4,12:16,1,10,DEN 36,34,16,(12:16) (Shotgun) 12-T.Brady pass short left to 88-M.Bennett to DEN 30 for 6 yards (54-B.Marshall).,3.440,0.156
2017,10,November 12,away,Denver Broncos,https://www.pro-football-reference.com/boxscores/201711120den.htm,4,11:37,2,4,DEN 30,34,16,(11:37) (Shotgun) 12-T.Brady pass short left to 14-B.Cooks to DEN 24 for 6 yards (25-C.Harris).,3.596,0.608
2017,10,November 12,away,Denver Broncos,https://www.pro-football-reference.com/boxscores/201711120den.htm,4,11:15,1,10,DEN 24,34,16,(11:15) (No Huddle) 12-T.Brady pass short left to 14-B.Cooks to DEN 15 for 9 yards (25-C.Harris).,4.204,0.767
2017,10,November 12,away,Denver Broncos,https://www.pro-football-reference.com/boxscores/201711120den.htm,4,10:40,2,1,DEN 15,34,16,(10:40) 34-R.Burkhead up the middle to DEN 12 for 3 yards (99-A.Gotsis).,4.970,0.007
2017,10,November 12,away,Denver Broncos,https://www.pro-football-reference.com/boxscores/201711120den.htm,4,09:59,1,10,DEN 12,34,16,(9:59) (Shotgun) 12-T.Brady pass short middle to 80-D.Amendola to DEN 6 for 6 yards (31-J.Simmons).,4.977,0.269
2017,10,November 12,away,Denver Broncos,https://www.pro-football-reference.com/boxscores/201711120den.htm,4,09:16,2,4,DEN 6,34,16,(9:16) 12-T.Brady pass incomplete short right to 14-B.Cooks.,5.246,-0.916
2017,10,November 12,away,Denver Broncos,https://www.pro-football-reference.com/boxscores/201711120den.htm,4,09:10,3,4,DEN 6,40,16,"(9:10) (Shotgun) 12-T.Brady pass short left to 28-J.White for 6 yards, TOUCHDOWN [95-D.Wolfe].",4.330,2.670
2017,10,November 12,away,Denver Broncos,https://www.pro-football-reference.com/boxscores/201711120den.htm,4,09:04,,,DEN 15,41,16,"3-S.Gostkowski extra point is GOOD, Center-49-J.Cardona, Holder-6-R.Allen.",0.932,0.068
2017,10,November 12,away,Denver Broncos,https://www.pro-football-reference.com/boxscores/201711120den.htm,4,09:04,,,NE 35,41,16,3-S.Gostkowski kicks 59 yards from NE 35 to DEN 6. 23-D.Booker to DEN 24 for 18 yards (43-N.Ebner).,1.383,-0.225
2017,10,November 12,away,Denver Broncos,https://www.pro-football-reference.com/boxscores/201711120den.htm,4,08:58,1,10,DEN 24,41,16,(8:58) (Shotgun) 17-B.Osweiler pass short middle to 14-C.Latimer to DEN 31 for 7 yards (23-P.Chung).,1.158,0.342
2017,10,November 12,away,Denver Broncos,https://www.pro-football-reference.com/boxscores/201711120den.htm,4,08:28,2,3,DEN 31,41,16,"(8:28) (No Huddle, Shotgun) 17-B.Osweiler pass incomplete short left to 14-C.Latimer (31-J.Jones).",1.500,-0.661
2017,10,November 12,away,Denver Broncos,https://www.pro-football-reference.com/boxscores/201711120den.htm,4,08:24,3,3,DEN 31,41,16,(8:24) (Shotgun) 17-B.Osweiler pass short right to 88-D.Thomas to DEN 40 for 9 yards (24-S.Gilmore).,0.840,1.396
2017,10,November 12,away,Denver Broncos,https://www.pro-football-reference.com/boxscores/201711120den.htm,4,07:54,1,10,DEN 40,41,16,(7:54) (Shotgun) 17-B.Osweiler pass short left to 14-C.Latimer to 50 for 10 yards (31-J.Jones).,2.236,0.628
2017,10,November 12,away,Denver Broncos,https://www.pro-football-reference.com/boxscores/201711120den.htm,4,07:29,1,10,MID 50,41,16,"(7:29) (No Huddle, Shotgun) 23-D.Booker up the middle to NE 45 for 5 yards (53-K.Van Noy).",2.863,0.033
2017,10,November 12,away,Denver Broncos,https://www.pro-football-reference.com/boxscores/201711120den.htm,4,07:00,2,5,NE 45,41,16,"(7:00) (No Huddle, Shotgun) 17-B.Osweiler pass incomplete short right to 14-C.Latimer [21-M.Butler].",2.896,-0.639
2017,10,November 12,away,Denver Broncos,https://www.pro-football-reference.com/boxscores/201711120den.htm,4,06:54,3,5,NE 45,41,16,(6:54) (Shotgun) 17-B.Osweiler pass short left intended for 82-J.Heuerman INTERCEPTED by 23-P.Chung at NE 38. 23-P.Chung to DEN 32 for 30 yards (72-G.Bolles).,2.257,-5.982
2017,10,November 12,away,Denver Broncos,https://www.pro-football-reference.com/boxscores/201711120den.htm,4,06:44,1,10,DEN 32,41,16,(6:44) 34-R.Burkhead right guard to DEN 29 for 3 yards (54-B.Marshall; 92-Z.Kerr).,3.725,-0.165
2017,10,November 12,away,Denver Broncos,https://www.pro-football-reference.com/boxscores/201711120den.htm,4,06:05,2,7,DEN 29,41,16,(6:05) (Shotgun) 12-T.Brady pass incomplete deep left to 14-B.Cooks.,3.560,-0.597
2017,10,November 12,away,Denver Broncos,https://www.pro-football-reference.com/boxscores/201711120den.htm,4,05:59,3,7,DEN 29,41,16,(5:59) (Shotgun) 28-J.White up the middle to DEN 25 for 4 yards (26-D.Stewart).,2.963,-0.791
2017,10,November 12,away,Denver Broncos,https://www.pro-football-reference.com/boxscores/201711120den.htm,4,05:22,4,3,DEN 25,41,16,(5:22) (Shotgun) 12-T.Brady pass incomplete deep right to 87-R.Gronkowski.,2.173,-3.214
2017,10,November 12,away,Denver Broncos,https://www.pro-football-reference.com/boxscores/201711120den.htm,4,05:17,1,10,DEN 25,41,16,(5:17) (Shotgun) 17-B.Osweiler pass incomplete short left to 16-B.Fowler.,1.041,-0.490
2017,10,November 12,away,Denver Broncos,https://www.pro-football-reference.com/boxscores/201711120den.htm,4,05:13,2,10,DEN 25,41,16,(5:13) (Shotgun) 17-B.Osweiler pass short middle to 23-D.Booker to DEN 30 for 5 yards (23-P.Chung).,0.551,-0.067
2017,10,November 12,away,Denver Broncos,https://www.pro-football-reference.com/boxscores/201711120den.htm,4,04:45,3,5,DEN 30,41,16,(4:45) (Shotgun) 17-B.Osweiler pass incomplete short right to 10-E.Sanders.,0.483,-1.399
2017,10,November 12,away,Denver Broncos,https://www.pro-football-reference.com/boxscores/201711120den.htm,4,04:41,4,5,DEN 30,41,16,"(4:41) 9-R.Dixon punts 49 yards to NE 21, Center-42-C.Kreiter, fair catch by 80-D.Amendola.",-0.915,0.336
2017,10,November 12,away,Denver Broncos,https://www.pro-football-reference.com/boxscores/201711120den.htm,4,04:32,1,10,NE 21,41,16,(4:32) 33-D.Lewis up the middle to NE 21 for no gain (92-Z.Kerr; 48-S.Barrett).,0.579,-0.414
2017,10,November 12,away,Denver Broncos,https://www.pro-football-reference.com/boxscores/201711120den.htm,4,03:50,2,10,NE 21,41,16,(3:50) 2-B.Hoyer pass short left to 14-B.Cooks ran ob at NE 48 for 27 yards.,0.166,2.041
2017,10,November 12,away,Denver Broncos,https://www.pro-football-reference.com/boxscores/201711120den.htm,4,03:37,1,10,NE 48,41,16,(3:37) 33-D.Lewis left guard to 50 for 2 yards (34-W.Parks).,2.206,-0.442
2017,10,November 12,away,Denver Broncos,https://www.pro-football-reference.com/boxscores/201711120den.htm,4,02:57,2,8,MID 50,41,16,(2:57) 33-D.Lewis right end to DEN 46 for 4 yards (96-S.Harris).,1.764,0.203
2017,10,November 12,away,Denver Broncos,https://www.pro-football-reference.com/boxscores/201711120den.htm,4,02:11,3,4,DEN 46,41,16,(2:11) (Shotgun) 2-B.Hoyer pass short left to 46-J.Develin pushed ob at DEN 36 for 10 yards (48-S.Barrett).,1.967,1.198
2017,10,November 12,away,Denver Broncos,https://www.pro-football-reference.com/boxscores/201711120den.htm,4,02:05,1,10,DEN 36,41,16,(2:05) 33-D.Lewis up the middle to DEN 34 for 2 yards (92-Z.Kerr).,3.165,-0.233
2017,10,November 12,away,Denver Broncos,https://www.pro-football-reference.com/boxscores/201711120den.htm,4,02:00,2,8,DEN 34,41,16,(2:00) 38-B.Bolden right tackle to DEN 32 for 2 yards (54-B.Marshall).,2.932,-0.107
2017,10,November 12,away,Denver Broncos,https://www.pro-football-reference.com/boxscores/201711120den.htm,4,01:15,3,6,DEN 32,41,16,(1:15) 38-B.Bolden right end to DEN 33 for -1 yards (56-S.Ray).,2.826,-1.036
2017,10,November 12,away,Denver Broncos,https://www.pro-football-reference.com/boxscores/201711120den.htm,4,00:32,4,7,DEN 33,41,16,(:32) 2-B.Hoyer pass short left to 14-B.Cooks to DEN 33 for no gain (29-B.Roby).,1.790,-2.329
2017,10,November 12,away,Denver Broncos,https://www.pro-football-reference.com/boxscores/201711120den.htm,4,00:26,1,10,DEN 33,41,16,(:26) 23-D.Booker left end to DEN 37 for 4 yards (31-J.Jones; 70-A.Butler).,0.539,-0.539
2017,11,November 19,neutral,Oakland Raiders,https://www.pro-football-reference.com/boxscores/201711190rai.htm,1,15:00,,,NE 35,0,0,"3-S.Gostkowski kicks 65 yards from NE 35 to end zone, Touchback.",0.651,0.000
2017,11,November 19,neutral,Oakland Raiders,https://www.pro-football-reference.com/boxscores/201711190rai.htm,1,15:00,1,10,LV 25,0,0,(15:00) 24-M.Lynch right end pushed ob at OAK 29 for 4 yards (45-D.Harris).,0.651,0.013
2017,11,November 19,neutral,Oakland Raiders,https://www.pro-football-reference.com/boxscores/201711190rai.htm,1,14:21,2,6,LV 29,0,0,(14:21) 24-M.Lynch left end to OAK 34 for 5 yards (98-T.Flowers).,0.664,0.351
2017,11,November 19,neutral,Oakland Raiders,https://www.pro-football-reference.com/boxscores/201711190rai.htm,1,13:34,3,1,LV 34,0,0,(13:34) 24-M.Lynch up the middle to OAK 37 for 3 yards (23-P.Chung).,1.015,0.510
2017,11,November 19,neutral,Oakland Raiders,https://www.pro-football-reference.com/boxscores/201711190rai.htm,1,12:49,1,10,LV 37,0,0,(12:49) (Shotgun) 4-D.Carr pass short right to 15-M.Crabtree to OAK 38 for 1 yard (24-S.Gilmore).,1.525,-0.489
2017,11,November 19,neutral,Oakland Raiders,https://www.pro-football-reference.com/boxscores/201711190rai.htm,1,12:10,2,9,LV 38,0,0,"(12:10) (Shotgun) 33-D.Washington up the middle to OAK 43 for 5 yards (23-P.Chung, 52-E.Roberts).",1.036,-0.062
2017,11,November 19,neutral,Oakland Raiders,https://www.pro-football-reference.com/boxscores/201711190rai.htm,1,11:28,3,4,LV 43,0,0,(11:28) (Shotgun) 4-D.Carr pass incomplete short middle to 10-S.Roberts.,0.974,-1.714
2017,11,November 19,neutral,Oakland Raiders,https://www.pro-football-reference.com/boxscores/201711190rai.htm,1,11:23,4,4,LV 43,0,0,"(11:23) 7-M.King punts 44 yards to NE 13, Center-59-J.Condo, fair catch by 80-D.Amendola.",-0.740,0.934
2017,11,November 19,neutral,Oakland Raiders,https://www.pro-football-reference.com/boxscores/201711190rai.htm,1,11:16,1,10,NE 13,0,0,(11:16) 33-D.Lewis up the middle to NE 15 for 2 yards (94-E.Vanderdoes).,-0.194,-0.435
2017,11,November 19,neutral,Oakland Raiders,https://www.pro-football-reference.com/boxscores/201711190rai.htm,1,10:41,2,8,NE 15,0,0,(10:41) (Shotgun) 12-T.Brady pass short right to 14-B.Cooks to NE 20 for 5 yards (20-O.Melifonwu).,-0.629,0.104
2017,11,November 19,neutral,Oakland Raiders,https://www.pro-football-reference.com/boxscores/201711190rai.htm,1,10:18,3,3,NE 20,0,0,"(10:18) (No Huddle, Shotgun) 12-T.Brady pass short middle to 80-D.Amendola to NE 30 for 10 yards (51-B.Irvin).",-0.525,1.555
2017,11,November 19,neutral,Oakland Raiders,https://www.pro-football-reference.com/boxscores/201711190rai.htm,1,09:54,1,10,NE 30,0,0,"(9:54) (No Huddle, Shotgun) 12-T.Brady pass short left to 34-R.Burkhead pushed ob at NE 34 for 4 yards (38-T.Carrie).",1.030,-0.068
2017,11,November 19,neutral,Oakland Raiders,https://www.pro-football-reference.com/boxscores/201711190rai.htm,1,09:42,2,6,NE 34,0,0,"(9:42) (No Huddle, Shotgun) 12-T.Brady pass short right to 34-R.Burkhead pushed ob at NE 44 for 10 yards (20-O.Melifonwu).",0.962,1.021
2017,11,November 19,neutral,Oakland Raiders,https://www.pro-football-reference.com/boxscores/201711190rai.htm,1,09:35,1,10,NE 44,0,0,(9:35) (No Huddle) 28-J.White right end to NE 49 for 5 yards (42-K.Joseph).,1.982,0.151
2017,11,November 19,neutral,Oakland Raiders,https://www.pro-football-reference.com/boxscores/201711190rai.htm,1,09:09,2,5,NE 49,0,0,"(9:09) (No Huddle, Shotgun) 12-T.Brady pass short left to 88-M.Bennett to OAK 47 for 4 yards (53-N.Bowman, 38-T.Carrie).",2.133,0.170
2017,11,November 19,neutral,Oakland Raiders,https://www.pro-football-reference.com/boxscores/201711190rai.htm,1,08:50,3,1,LV 47,0,0,(8:50) 28-J.White left tackle to OAK 44 for 3 yards (57-C.James).,2.302,0.552
2017,11,November 19,neutral,Oakland Raiders,https://www.pro-football-reference.com/boxscores/201711190rai.htm,1,08:16,1,10,LV 44,0,0,"(8:16) (No Huddle) 33-D.Lewis left end to OAK 45 for -1 yards (42-K.Joseph, 47-J.Cowser).",2.854,-0.764
2017,11,November 19,neutral,Oakland Raiders,https://www.pro-football-reference.com/boxscores/201711190rai.htm,1,07:35,2,11,LV 45,0,0,(7:35) 12-T.Brady pass short right to 83-D.Allen to OAK 40 for 5 yards (57-C.James).,2.090,-0.040
2017,11,November 19,neutral,Oakland Raiders,https://www.pro-football-reference.com/boxscores/201711190rai.htm,1,06:51,3,6,LV 40,0,0,(6:51) (Shotgun) 12-T.Brady pass short right to 80-D.Amendola to OAK 28 for 12 yards (42-K.Joseph).,2.050,1.954
2017,11,November 19,neutral,Oakland Raiders,https://www.pro-football-reference.com/boxscores/201711190rai.htm,1,06:06,1,10,LV 28,0,0,"(6:06) 34-R.Burkhead up the middle to OAK 24 for 4 yards (90-T.Hester). FUMBLES (90-T.Hester), recovered by NE-83-D.Allen at OAK 20.",4.004,0.398
2017,11,November 19,neutral,Oakland Raiders,https://www.pro-football-reference.com/boxscores/201711190rai.htm,1,05:39,2,2,LV 20,0,0,(5:39) (Shotgun) 12-T.Brady pass short middle to 33-D.Lewis to OAK 24 for -4 yards (50-N.Morrow).,4.401,-0.982
2017,11,November 19,neutral,Oakland Raiders,https://www.pro-football-reference.com/boxscores/201711190rai.htm,1,05:04,3,6,LV 24,0,0,"(5:04) (Shotgun) 12-T.Brady pass incomplete deep middle to 13-P.Dorsett (23-D.McDonald). PENALTY on OAK-50-N.Morrow, Defensive Holding, 5 yards, enforced at OAK 24 - No Play.",3.419,1.057
2017,11,November 19,neutral,Oakland Raiders,https://www.pro-football-reference.com/boxscores/201711190rai.htm,1,04:57,1,10,LV 19,0,0,(4:57) 33-D.Lewis right tackle to OAK 15 for 4 yards (42-K.Joseph).,4.476,0.025
2017,11,November 19,neutral,Oakland Raiders,https://www.pro-football-reference.com/boxscores/201711190rai.htm,1,04:18,2,6,LV 15,6,0,"(4:18) (Shotgun) 12-T.Brady pass short right to 33-D.Lewis for 15 yards, TOUCHDOWN.",4.501,2.499
2017,11,November 19,neutral,Oakland Raiders,https://www.pro-football-reference.com/boxscores/201711190rai.htm,1,04:09,,,LV 15,7,0,"3-S.Gostkowski extra point is GOOD, Center-49-J.Cardona, Holder-6-R.Allen.",0.932,0.068
2017,11,November 19,neutral,Oakland Raiders,https://www.pro-football-reference.com/boxscores/201711190rai.htm,1,04:09,,,NE 35,7,0,"3-S.Gostkowski kicks 65 yards from NE 35 to end zone, Touchback.",0.701,0.000
2017,11,November 19,neutral,Oakland Raiders,https://www.pro-football-reference.com/boxscores/201711190rai.htm,1,04:09,1,10,LV 25,7,0,(4:09) (Shotgun) 4-D.Carr pass short left to 84-C.Patterson to OAK 31 for 6 yards (93-L.Guy).,0.701,0.195
2017,11,November 19,neutral,Oakland Raiders,https://www.pro-football-reference.com/boxscores/201711190rai.htm,1,03:36,2,4,LV 31,7,0,(3:36) 24-M.Lynch right tackle to OAK 36 for 5 yards (97-A.Branch).,0.896,0.533
2017,11,November 19,neutral,Oakland Raiders,https://www.pro-football-reference.com/boxscores/201711190rai.htm,1,02:58,1,10,LV 36,7,0,"(2:58) (No Huddle, Shotgun) PENALTY on OAK-10-S.Roberts, False Start, 5 yards, enforced at OAK 36 - No Play.",1.428,-0.738
2017,11,November 19,neutral,Oakland Raiders,https://www.pro-football-reference.com/boxscores/201711190rai.htm,1,02:38,1,15,LV 31,7,0,(2:38) (Shotgun) 4-D.Carr pass incomplete short left to 15-M.Crabtree [98-T.Flowers].,0.690,-0.534
2017,11,November 19,neutral,Oakland Raiders,https://www.pro-football-reference.com/boxscores/201711190rai.htm,1,02:32,2,15,LV 31,7,0,(2:32) (Shotgun) 4-D.Carr pass short right to 30-J.Richard to OAK 35 for 4 yards (53-K.Van Noy).,0.156,-0.342
2017,11,November 19,neutral,Oakland Raiders,https://www.pro-football-reference.com/boxscores/201711190rai.htm,1,01:56,3,11,LV 35,7,0,(1:56) (Shotgun) 4-D.Carr pass deep left intended for 16-J.Holton INTERCEPTED by 30-D.Harmon at NE 16. 30-D.Harmon to NE 16 for no gain (16-J.Holton). OAK-16-J.Holton was injured during the play. His return is Probable.,-0.186,0.084
2017,11,November 19,neutral,Oakland Raiders,https://www.pro-football-reference.com/boxscores/201711190rai.htm,1,01:47,1,10,NE 16,7,0,"(1:47) 12-T.Brady pass short middle to 33-D.Lewis to NE 28 for 12 yards (57-C.James, 38-T.Carrie).",0.103,0.739
2017,11,November 19,neutral,Oakland Raiders,https://www.pro-football-reference.com/boxscores/201711190rai.htm,1,01:07,1,10,NE 28,7,0,(1:07) 12-T.Brady sacked at NE 20 for -8 yards (52-K.Mack).,0.841,-1.406
2017,11,November 19,neutral,Oakland Raiders,https://www.pro-football-reference.com/boxscores/201711190rai.htm,1,00:29,2,18,NE 20,7,0,(:29) 12-T.Brady pass short left to 14-B.Cooks to NE 33 for 13 yards (21-S.Smith).,-0.565,0.726
2017,11,November 19,neutral,Oakland Raiders,https://www.pro-football-reference.com/boxscores/201711190rai.htm,2,15:00,3,5,NE 33,7,0,"(15:00) (Shotgun) PENALTY on OAK-97-M.Edwards, Encroachment, 5 yards, enforced at NE 33 - No Play.",0.161,1.325
2017,11,November 19,neutral,Oakland Raiders,https://www.pro-football-reference.com/boxscores/201711190rai.htm,2,15:00,1,10,NE 38,7,0,(15:00) 33-D.Lewis left guard to NE 38 for no gain (51-B.Irvin).,1.487,-0.494
2017,11,November 19,neutral,Oakland Raiders,https://www.pro-football-reference.com/boxscores/201711190rai.htm,2,14:30,2,10,NE 38,7,0,(14:30) 12-T.Brady pass short left to 88-M.Bennett to NE 43 for 5 yards (27-R.Nelson).,0.993,-0.170
2017,11,November 19,neutral,Oakland Raiders,https://www.pro-football-reference.com/boxscores/201711190rai.htm,2,13:50,3,5,NE 43,7,0,(13:50) (Shotgun) 12-T.Brady pass incomplete deep left to 14-B.Cooks.,0.823,-1.563
2017,11,November 19,neutral,Oakland Raiders,https://www.pro-football-reference.com/boxscores/201711190rai.htm,2,13:42,4,5,NE 43,7,0,"(13:42) 6-R.Allen punts 44 yards to OAK 13, Center-49-J.Cardona, fair catch by 30-J.Richard.",-0.740,0.839
2017,11,November 19,neutral,Oakland Raiders,https://www.pro-football-reference.com/boxscores/201711190rai.htm,2,13:35,1,10,LV 13,7,0,"(13:35) 24-M.Lynch left tackle to OAK 20 for 7 yards (24-S.Gilmore, 51-T.Reilly).",-0.100,0.461
2017,11,November 19,neutral,Oakland Raiders,https://www.pro-football-reference.com/boxscores/201711190rai.htm,2,13:02,2,3,LV 20,7,0,"(13:02) (No Huddle, Shotgun) 4-D.Carr pass deep left to 87-J.Cook to OAK 46 for 26 yards (23-P.Chung).",0.362,1.813
2017,11,November 19,neutral,Oakland Raiders,https://www.pro-football-reference.com/boxscores/201711190rai.htm,2,12:16,1,10,LV 46,7,0,"(12:16) (No Huddle, Shotgun) 4-D.Carr pass short left to 15-M.Crabtree to NE 45 for 9 yards (23-P.Chung). NE-23-P.Chung was injured during the play. His return is Probable.",2.175,0.722
2017,11,November 19,neutral,Oakland Raiders,https://www.pro-football-reference.com/boxscores/201711190rai.htm,2,11:38,2,1,NE 45,7,0,(11:38) 33-D.Washington left guard to NE 43 for 2 yards (52-E.Roberts).,2.897,-0.115
2017,11,November 19,neutral,Oakland Raiders,https://www.pro-football-reference.com/boxscores/201711190rai.htm,2,11:02,1,10,NE 43,7,0,(11:02) 24-M.Lynch right tackle to NE 42 for 1 yard (91-D.Wise).,2.782,-0.372
2017,11,November 19,neutral,Oakland Raiders,https://www.pro-football-reference.com/boxscores/201711190rai.htm,2,10:19,2,9,NE 42,7,0,(10:19) (Shotgun) 4-D.Carr pass incomplete short left to 89-A.Cooper.,2.411,-0.771
2017,11,November 19,neutral,Oakland Raiders,https://www.pro-football-reference.com/boxscores/201711190rai.htm,2,10:15,3,9,NE 42,7,0,"(10:15) (Shotgun) 4-D.Carr pass short right to 89-A.Cooper pushed ob at NE 34 for 8 yards (21-M.Butler). PENALTY on OAK-89-A.Cooper, Offensive Pass Interference, 10 yards, enforced at NE 42 - No Play.",1.640,-1.105
2017,11,November 19,neutral,Oakland Raiders,https://www.pro-football-reference.com/boxscores/201711190rai.htm,2,09:44,3,19,LV 48,7,0,(9:44) (Shotgun) 4-D.Carr pass short middle to 89-A.Cooper to NE 46 for 6 yards (21-M.Butler).,0.534,-0.858
2017,11,November 19,neutral,Oakland Raiders,https://www.pro-football-reference.com/boxscores/201711190rai.htm,2,09:03,4,13,NE 46,7,0,"(9:03) 7-M.King punts 46 yards to end zone, Center-59-J.Condo, Touchback.",-0.324,-0.306
2017,11,November 19,neutral,Oakland Raiders,https://www.pro-football-reference.com/boxscores/201711190rai.htm,2,08:55,1,10,NE 20,7,0,(8:55) 12-T.Brady pass deep middle to 14-B.Cooks to OAK 28 for 52 yards (38-T.Carrie).,0.630,3.353
2017,11,November 19,neutral,Oakland Raiders,https://www.pro-football-reference.com/boxscores/201711190rai.htm,2,08:23,1,10,LV 28,7,0,"(8:23) (No Huddle, Shotgun) 12-T.Brady pass incomplete short right to 34-R.Burkhead.",3.983,-0.355
2017,11,November 19,neutral,Oakland Raiders,https://www.pro-football-reference.com/boxscores/201711190rai.htm,2,08:20,2,10,LV 28,7,0,"(8:20) (No Huddle, Shotgun) 12-T.Brady pass short right to 87-R.Gronkowski to OAK 16 for 12 yards (20-O.Melifonwu, 26-S.Luani) [52-K.Mack].",3.628,1.024
2017,11,November 19,neutral,Oakland Raiders,https://www.pro-football-reference.com/boxscores/201711190rai.htm,2,07:53,1,10,LV 16,7,0,(7:53) (Shotgun) 12-T.Brady pass incomplete short left to 34-R.Burkhead.,4.652,-0.416
2017,11,November 19,neutral,Oakland Raiders,https://www.pro-football-reference.com/boxscores/201711190rai.htm,2,07:49,2,10,LV 16,7,0,(7:49) (Shotgun) 12-T.Brady pass short left to 14-B.Cooks to OAK 17 for -1 yards (51-B.Irvin).,4.236,-1.019
2017,11,November 19,neutral,Oakland Raiders,https://www.pro-football-reference.com/boxscores/201711190rai.htm,2,07:10,3,11,LV 17,7,0,"(7:10) (Shotgun) 12-T.Brady pass short right to 87-R.Gronkowski to OAK 3 for 14 yards (26-S.Luani, 57-C.James).",3.217,2.808
2017,11,November 19,neutral,Oakland Raiders,https://www.pro-football-reference.com/boxscores/201711190rai.htm,2,06:48,1,3,LV 3,7,0,(6:48) (No Huddle) 28-J.White right tackle to OAK 5 for -2 yards (26-S.Luani).,6.025,-0.810
2017,11,November 19,neutral,Oakland Raiders,https://www.pro-football-reference.com/boxscores/201711190rai.htm,2,06:12,2,5,LV 5,7,0,(6:12) (Shotgun) 12-T.Brady pass short left to 80-D.Amendola to OAK 5 for no gain (38-T.Carrie).,5.215,-1.038
2017,11,November 19,neutral,Oakland Raiders,https://www.pro-football-reference.com/boxscores/201711190rai.htm,2,05:29,,,LV 5,7,0,Timeout #1 by NE at 05:29.,4.177,0.000
2017,11,November 19,neutral,Oakland Raiders,https://www.pro-football-reference.com/boxscores/201711190rai.htm,2,05:29,3,5,LV 5,13,0,"(5:29) (Shotgun) 12-T.Brady pass short middle to 80-D.Amendola for 5 yards, TOUCHDOWN.",4.177,2.823
2017,11,November 19,neutral,Oakland Raiders,https://www.pro-football-reference.com/boxscores/201711190rai.htm,2,05:23,,,LV 15,14,0,"3-S.Gostkowski extra point is GOOD, Center-49-J.Cardona, Holder-6-R.Allen.",0.932,0.068
2017,11,November 19,neutral,Oakland Raiders,https://www.pro-football-reference.com/boxscores/201711190rai.htm,2,05:23,,,NE 35,14,0,"3-S.Gostkowski kicks 65 yards from NE 35 to end zone, Touchback.",0.910,0.000
2017,11,November 19,neutral,Oakland Raiders,https://www.pro-football-reference.com/boxscores/201711190rai.htm,2,05:23,1,10,LV 25,14,0,(5:23) 4-D.Carr pass incomplete short right to 15-M.Crabtree.,0.910,-0.481
2017,11,November 19,neutral,Oakland Raiders,https://www.pro-football-reference.com/boxscores/201711190rai.htm,2,05:16,2,10,LV 25,14,0,(5:16) (Shotgun) 24-M.Lynch right end pushed ob at 50 for 25 yards (31-J.Jones).,0.429,2.103
2017,11,November 19,neutral,Oakland Raiders,https://www.pro-football-reference.com/boxscores/201711190rai.htm,2,04:37,1,10,MID 50,14,0,(4:37) 4-D.Carr pass short right to 30-J.Richard to NE 45 for 5 yards (51-T.Reilly).,2.532,-0.024
2017,11,November 19,neutral,Oakland Raiders,https://www.pro-football-reference.com/boxscores/201711190rai.htm,2,03:59,2,5,NE 45,14,0,(3:59) 30-J.Richard right tackle to NE 38 for 7 yards (98-T.Flowers).,2.508,0.612
2017,11,November 19,neutral,Oakland Raiders,https://www.pro-football-reference.com/boxscores/201711190rai.htm,2,03:15,1,10,NE 38,14,0,(3:15) (Shotgun) 30-J.Richard up the middle to NE 33 for 5 yards (45-D.Harris).,3.121,0.084
2017,11,November 19,neutral,Oakland Raiders,https://www.pro-football-reference.com/boxscores/201711190rai.htm,2,02:39,2,5,NE 33,14,0,"(2:39) (No Huddle, Shotgun) 30-J.Richard right tackle to NE 29 for 4 yards (45-D.Harris; 23-P.Chung).",3.205,0.034
2017,11,November 19,neutral,Oakland Raiders,https://www.pro-football-reference.com/boxscores/201711190rai.htm,2,02:11,3,1,NE 29,14,0,(2:11) (No Huddle) 30-J.Richard left guard to NE 26 for 3 yards (97-A.Branch).,3.239,0.509
2017,11,November 19,neutral,Oakland Raiders,https://www.pro-football-reference.com/boxscores/201711190rai.htm,2,02:00,1,10,NE 26,14,0,(2:00) 4-D.Carr pass incomplete deep right to 15-M.Crabtree (24-S.Gilmore).,3.749,-0.395
2017,11,November 19,neutral,Oakland Raiders,https://www.pro-football-reference.com/boxscores/201711190rai.htm,2,01:53,2,10,NE 26,14,0,"(1:53) (Shotgun) 24-M.Lynch up the middle to NE 17 for 9 yards (31-J.Jones, 93-L.Guy).",3.353,0.726
2017,11,November 19,neutral,Oakland Raiders,https://www.pro-football-reference.com/boxscores/201711190rai.htm,2,01:29,3,1,NE 17,14,0,"(1:29) (No Huddle) 24-M.Lynch left tackle to NE 15 for 2 yards (93-L.Guy, 98-T.Flowers).",4.079,0.457
2017,11,November 19,neutral,Oakland Raiders,https://www.pro-football-reference.com/boxscores/201711190rai.htm,2,00:44,1,10,NE 15,14,0,"(:44) (Shotgun) 4-D.Carr pass short right to 10-S.Roberts to NE 3 for 12 yards (59-M.Flowers). FUMBLES (59-M.Flowers), RECOVERED by NE-23-P.Chung at NE 7. 23-P.Chung to NE 7 for no gain (87-J.Cook).",4.536,-4.505
2017,11,November 19,neutral,Oakland Raiders,https://www.pro-football-reference.com/boxscores/201711190rai.htm,2,00:33,1,10,NE 7,14,0,"(:33) 33-D.Lewis up the middle to NE 27 for 20 yards (27-R.Nelson, 52-K.Mack).",-0.031,0.363
2017,11,November 19,neutral,Oakland Raiders,https://www.pro-football-reference.com/boxscores/201711190rai.htm,2,00:26,,,NE 27,14,0,Timeout #2 by NE at 00:26.,0.332,0.000
2017,11,November 19,neutral,Oakland Raiders,https://www.pro-football-reference.com/boxscores/201711190rai.htm,2,00:26,1,10,NE 27,14,0,(:26) (Shotgun) 12-T.Brady pass incomplete deep right to 14-B.Cooks.,0.332,-0.118
2017,11,November 19,neutral,Oakland Raiders,https://www.pro-football-reference.com/boxscores/201711190rai.htm,2,00:21,2,10,NE 27,14,0,(:21) (Shotgun) 12-T.Brady pass short left to 80-D.Amendola pushed ob at NE 45 for 18 yards (21-S.Smith).,0.215,0.275
2017,11,November 19,neutral,Oakland Raiders,https://www.pro-football-reference.com/boxscores/201711190rai.htm,2,00:11,1,10,NE 45,14,0,"(:11) (Shotgun) 12-T.Brady pass short right to 87-R.Gronkowski to OAK 44 for 11 yards (42-K.Joseph, 53-N.Bowman).",0.489,0.566
2017,11,November 19,neutral,Oakland Raiders,https://www.pro-football-reference.com/boxscores/201711190rai.htm,2,00:05,,,,14,0,Timeout #3 by NE at 00:05.,1.055,0.000
2017,11,November 19,neutral,Oakland Raiders,https://www.pro-football-reference.com/boxscores/201711190rai.htm,2,00:05,,,LV 44,14,0,Timeout #1 by OAK at 00:05.,1.055,0.000
2017,11,November 19,neutral,Oakland Raiders,https://www.pro-football-reference.com/boxscores/201711190rai.htm,2,00:05,1,10,LV 44,17,0,"(:05) 3-S.Gostkowski 62 yard field goal is GOOD, Center-49-J.Cardona, Holder-6-R.Allen.",1.055,1.945
2017,11,November 19,neutral,Oakland Raiders,https://www.pro-football-reference.com/boxscores/201711190rai.htm,3,15:00,,,LV 35,17,0,"2-G.Tavecchio kicks 65 yards from OAK 35 to end zone, Touchback.",0.651,0.000
2017,11,November 19,neutral,Oakland Raiders,https://www.pro-football-reference.com/boxscores/201711190rai.htm,3,15:00,1,10,NE 25,17,0,(15:00) (Shotgun) 12-T.Brady pass short left to 33-D.Lewis to NE 30 for 5 yards (42-K.Joseph).,0.651,0.085
2017,11,November 19,neutral,Oakland Raiders,https://www.pro-football-reference.com/boxscores/201711190rai.htm,3,14:38,2,5,NE 30,17,0,"(14:38) (No Huddle, Shotgun) 12-T.Brady pass short middle to 80-D.Amendola to NE 36 for 6 yards (53-N.Bowman).",0.736,0.700
2017,11,November 19,neutral,Oakland Raiders,https://www.pro-football-reference.com/boxscores/201711190rai.htm,3,14:15,1,10,NE 36,23,0,"(14:15) (No Huddle, Shotgun) 12-T.Brady pass deep right to 14-B.Cooks for 64 yards, TOUCHDOWN.",1.436,5.564
2017,11,November 19,neutral,Oakland Raiders,https://www.pro-football-reference.com/boxscores/201711190rai.htm,3,14:06,,,LV 15,24,0,"3-S.Gostkowski extra point is GOOD, Center-49-J.Cardona, Holder-6-R.Allen.",0.932,0.068
2017,11,November 19,neutral,Oakland Raiders,https://www.pro-football-reference.com/boxscores/201711190rai.htm,3,14:06,,,NE 35,24,0,"3-S.Gostkowski kicks 65 yards from NE 35 to end zone, Touchback.",0.688,0.000
2017,11,November 19,neutral,Oakland Raiders,https://www.pro-football-reference.com/boxscores/201711190rai.htm,3,14:06,1,10,LV 25,24,0,(14:06) (Shotgun) 4-D.Carr pass short middle to 89-A.Cooper to OAK 38 for 13 yards (21-M.Butler).,0.688,0.841
2017,11,November 19,neutral,Oakland Raiders,https://www.pro-football-reference.com/boxscores/201711190rai.htm,3,13:26,1,10,LV 38,24,0,(13:26) 24-M.Lynch right tackle to OAK 43 for 5 yards (97-A.Branch).,1.529,0.190
2017,11,November 19,neutral,Oakland Raiders,https://www.pro-football-reference.com/boxscores/201711190rai.htm,3,12:51,2,5,LV 43,24,0,(12:51) (Shotgun) 4-D.Carr pass short left to 24-M.Lynch to NE 47 for 10 yards (91-D.Wise) [98-T.Flowers].,1.719,0.979
2017,11,November 19,neutral,Oakland Raiders,https://www.pro-football-reference.com/boxscores/201711190rai.htm,3,12:03,1,10,NE 47,24,0,(12:03) 33-D.Washington right guard to NE 47 for no gain (94-R.Jean Francois).,2.698,-0.479
2017,11,November 19,neutral,Oakland Raiders,https://www.pro-football-reference.com/boxscores/201711190rai.htm,3,11:22,2,10,NE 47,24,0,(11:22) (Shotgun) 4-D.Carr pass incomplete short right to 30-J.Richard (52-E.Roberts).,2.219,-0.839
2017,11,November 19,neutral,Oakland Raiders,https://www.pro-football-reference.com/boxscores/201711190rai.htm,3,11:16,3,10,NE 47,24,0,(11:16) (Shotgun) 4-D.Carr pass incomplete deep left to 10-S.Roberts.,1.380,-1.789
2017,11,November 19,neutral,Oakland Raiders,https://www.pro-football-reference.com/boxscores/201711190rai.htm,3,11:10,4,10,NE 47,24,0,"(11:10) 7-M.King punts 47 yards to end zone, Center-59-J.Condo, Touchback.",-0.409,0.054
2017,11,November 19,neutral,Oakland Raiders,https://www.pro-football-reference.com/boxscores/201711190rai.htm,3,11:01,1,10,NE 20,24,0,(11:01) 33-D.Lewis left end to NE 31 for 11 yards (42-K.Joseph; 27-R.Nelson).,0.355,0.735
2017,11,November 19,neutral,Oakland Raiders,https://www.pro-football-reference.com/boxscores/201711190rai.htm,3,10:21,1,10,NE 31,24,0,(10:21) 12-T.Brady pass short left to 14-B.Cooks to NE 47 for 16 yards (21-S.Smith).,1.090,1.177
2017,11,November 19,neutral,Oakland Raiders,https://www.pro-football-reference.com/boxscores/201711190rai.htm,3,09:39,1,10,NE 47,24,0,(9:39) 12-T.Brady pass short middle to 34-R.Burkhead to OAK 47 for 6 yards (53-N.Bowman).,2.267,0.273
2017,11,November 19,neutral,Oakland Raiders,https://www.pro-football-reference.com/boxscores/201711190rai.htm,3,09:04,2,4,LV 47,24,0,(9:04) 33-D.Lewis left guard to OAK 37 for 10 yards (52-K.Mack).,2.539,0.945
2017,11,November 19,neutral,Oakland Raiders,https://www.pro-football-reference.com/boxscores/201711190rai.htm,3,08:20,1,10,LV 37,24,0,(8:20) 34-R.Burkhead up the middle to OAK 34 for 3 yards (52-K.Mack).,3.485,-0.319
2017,11,November 19,neutral,Oakland Raiders,https://www.pro-football-reference.com/boxscores/201711190rai.htm,3,07:48,2,7,LV 34,24,0,(7:48) 12-T.Brady pass short middle to 34-R.Burkhead to OAK 33 for 1 yard (57-C.James) [90-T.Hester]. NE-68-L.Waddle was injured during the play. His return is Probable.,3.166,-0.413
2017,11,November 19,neutral,Oakland Raiders,https://www.pro-football-reference.com/boxscores/201711190rai.htm,3,07:15,3,6,LV 33,24,0,(7:15) (Shotgun) 12-T.Brady pass incomplete short left to 80-D.Amendola.,2.754,-1.477
2017,11,November 19,neutral,Oakland Raiders,https://www.pro-football-reference.com/boxscores/201711190rai.htm,3,07:09,4,6,LV 33,27,0,"(7:09) 3-S.Gostkowski 51 yard field goal is GOOD, Center-49-J.Cardona, Holder-6-R.Allen.",1.276,1.724
2017,11,November 19,neutral,Oakland Raiders,https://www.pro-football-reference.com/boxscores/201711190rai.htm,3,07:04,,,NE 35,27,0,"3-S.Gostkowski kicks 65 yards from NE 35 to end zone, Touchback.",0.732,0.000
2017,11,November 19,neutral,Oakland Raiders,https://www.pro-football-reference.com/boxscores/201711190rai.htm,3,07:04,1,10,LV 25,27,0,(7:04) 4-D.Carr pass incomplete short middle to 87-J.Cook.,0.732,-0.568
2017,11,November 19,neutral,Oakland Raiders,https://www.pro-football-reference.com/boxscores/201711190rai.htm,3,06:57,2,10,LV 25,27,0,(6:57) (Shotgun) 24-M.Lynch right end pushed ob at OAK 26 for 1 yard (52-E.Roberts).,0.164,-0.681
2017,11,November 19,neutral,Oakland Raiders,https://www.pro-football-reference.com/boxscores/201711190rai.htm,3,06:20,3,9,LV 26,27,0,(6:20) (Shotgun) 4-D.Carr pass short left to 10-S.Roberts to OAK 35 for 9 yards (31-J.Jones).,-0.517,1.758
2017,11,November 19,neutral,Oakland Raiders,https://www.pro-football-reference.com/boxscores/201711190rai.htm,3,05:42,1,10,LV 35,27,0,"(5:42) (No Huddle, Shotgun) 4-D.Carr pass short right to 49-J.Olawale to OAK 39 for 4 yards (52-E.Roberts) [98-T.Flowers].",1.241,0.052
2017,11,November 19,neutral,Oakland Raiders,https://www.pro-football-reference.com/boxscores/201711190rai.htm,3,05:08,2,6,LV 39,27,0,"(5:08) (No Huddle, Shotgun) 4-D.Carr pass incomplete deep left to 15-M.Crabtree.",1.292,-0.916
2017,11,November 19,neutral,Oakland Raiders,https://www.pro-football-reference.com/boxscores/201711190rai.htm,3,05:00,,,LV 39,27,0,Timeout #1 by OAK at 05:00.,0.376,0.000
2017,11,November 19,neutral,Oakland Raiders,https://www.pro-football-reference.com/boxscores/201711190rai.htm,3,05:00,3,6,LV 39,27,0,(5:00) (Shotgun) 4-D.Carr pass incomplete short right to 89-A.Cooper.,0.376,-1.433
2017,11,November 19,neutral,Oakland Raiders,https://www.pro-football-reference.com/boxscores/201711190rai.htm,3,04:55,4,6,LV 39,27,0,"(4:55) 7-M.King punts 32 yards to NE 29, Center-59-J.Condo, out of bounds. PENALTY on NE-53-K.Van Noy, Running Into the Kicker, 5 yards, enforced at OAK 39 - No Play.",-1.057,0.792
2017,11,November 19,neutral,Oakland Raiders,https://www.pro-football-reference.com/boxscores/201711190rai.htm,3,04:45,4,1,LV 44,27,0,(4:45) 49-J.Olawale up the middle to OAK 44 for no gain (23-P.Chung).,-0.266,-2.574
2017,11,November 19,neutral,Oakland Raiders,https://www.pro-football-reference.com/boxscores/201711190rai.htm,3,04:39,1,10,LV 44,27,0,(4:39) 33-D.Lewis right tackle to OAK 32 for 12 yards (38-T.Carrie).,2.840,0.869
2017,11,November 19,neutral,Oakland Raiders,https://www.pro-football-reference.com/boxscores/201711190rai.htm,3,04:01,1,10,LV 32,27,0,"(4:01) 33-D.Lewis up the middle to OAK 32 for no gain (47-J.Cowser). PENALTY on OAK-96-D.Autry, Illegal Use of Hands, 5 yards, enforced at OAK 32 - No Play.",3.709,0.329
2017,11,November 19,neutral,Oakland Raiders,https://www.pro-football-reference.com/boxscores/201711190rai.htm,3,03:38,1,10,LV 27,27,0,(3:38) 33-D.Lewis left tackle to OAK 28 for -1 yards (96-D.Autry).,4.038,-0.689
2017,11,November 19,neutral,Oakland Raiders,https://www.pro-football-reference.com/boxscores/201711190rai.htm,3,02:58,2,11,LV 28,27,0,(2:58) 12-T.Brady pass short middle to 88-M.Bennett to OAK 22 for 6 yards (38-T.Carrie).,3.350,0.227
2017,11,November 19,neutral,Oakland Raiders,https://www.pro-football-reference.com/boxscores/201711190rai.htm,3,02:12,3,5,LV 22,27,0,(2:12) (Shotgun) 12-T.Brady pass incomplete short left to 28-J.White.,3.577,-1.196
2017,11,November 19,neutral,Oakland Raiders,https://www.pro-football-reference.com/boxscores/201711190rai.htm,3,02:08,4,5,LV 22,30,0,"(2:08) 3-S.Gostkowski 40 yard field goal is GOOD, Center-49-J.Cardona, Holder-6-R.Allen.",2.381,0.619
2017,11,November 19,neutral,Oakland Raiders,https://www.pro-football-reference.com/boxscores/201711190rai.htm,3,02:03,,,NE 35,30,0,"3-S.Gostkowski kicks 65 yards from NE 35 to end zone, Touchback.",0.665,0.000
2017,11,November 19,neutral,Oakland Raiders,https://www.pro-football-reference.com/boxscores/201711190rai.htm,3,02:03,1,10,LV 25,30,0,(2:03) (Shotgun) 4-D.Carr pass short left to 10-S.Roberts to OAK 30 for 5 yards (31-J.Jones).,0.665,0.044
2017,11,November 19,neutral,Oakland Raiders,https://www.pro-football-reference.com/boxscores/201711190rai.htm,3,01:34,2,5,LV 30,30,0,"(1:34) (No Huddle, Shotgun) 4-D.Carr pass short right to 10-S.Roberts to OAK 35 for 5 yards (31-J.Jones, 45-D.Harris).",0.709,0.481
2017,11,November 19,neutral,Oakland Raiders,https://www.pro-football-reference.com/boxscores/201711190rai.htm,3,01:04,1,10,LV 35,30,0,"(1:04) (No Huddle, Shotgun) 4-D.Carr pass short right to 15-M.Crabtree to OAK 46 for 11 yards (29-J.Bademosi).",1.190,0.912
2017,11,November 19,neutral,Oakland Raiders,https://www.pro-football-reference.com/boxscores/201711190rai.htm,3,00:29,1,10,LV 46,30,0,"(:29) (No Huddle, Shotgun) 4-D.Carr pass short right to 88-C.Walford to 50 for 4 yards (23-P.Chung).",2.102,-0.096
2017,11,November 19,neutral,Oakland Raiders,https://www.pro-football-reference.com/boxscores/201711190rai.htm,4,15:00,2,6,MID 50,30,0,(15:00) (Shotgun) 4-D.Carr pass incomplete deep right to 89-A.Cooper (21-M.Butler).,2.006,-0.846
2017,11,November 19,neutral,Oakland Raiders,https://www.pro-football-reference.com/boxscores/201711190rai.htm,4,14:56,3,6,MID 50,30,0,(14:56) (Shotgun) 4-D.Carr pass incomplete short left to 87-J.Cook (98-T.Flowers).,1.160,-1.649
2017,11,November 19,neutral,Oakland Raiders,https://www.pro-football-reference.com/boxscores/201711190rai.htm,4,14:51,4,6,MID 50,30,0,(14:51) (Shotgun) 4-D.Carr pass short left to 15-M.Crabtree to NE 35 for 15 yards (30-D.Harmon).,-0.489,3.907
2017,11,November 19,neutral,Oakland Raiders,https://www.pro-football-reference.com/boxscores/201711190rai.htm,4,14:11,1,10,NE 35,30,0,"(14:11) (No Huddle, Shotgun) 4-D.Carr pass short right to 10-S.Roberts to NE 32 for 3 yards (31-J.Jones). PENALTY on NE-23-P.Chung, Defensive Holding, 5 yards, enforced at NE 35 - No Play.",3.418,0.281
2017,11,November 19,neutral,Oakland Raiders,https://www.pro-football-reference.com/boxscores/201711190rai.htm,4,13:40,1,10,NE 30,30,0,"(13:40) (Shotgun) 4-D.Carr pass incomplete deep right to 16-J.Holton. PENALTY on OAK-16-J.Holton, Unsportsmanlike Conduct, 15 yards, enforced at NE 30.",3.700,-1.984
2017,11,November 19,neutral,Oakland Raiders,https://www.pro-football-reference.com/boxscores/201711190rai.htm,4,13:33,2,25,NE 45,30,0,(13:33) (Shotgun) 4-D.Carr pass short left to 33-D.Washington to NE 38 for 7 yards (53-K.Van Noy).,1.716,-0.435
2017,11,November 19,neutral,Oakland Raiders,https://www.pro-football-reference.com/boxscores/201711190rai.htm,4,12:58,3,18,NE 38,30,0,"(12:58) (No Huddle, Shotgun) 4-D.Carr pass incomplete deep right to 84-C.Patterson. Oakland challenged the incomplete pass ruling, and the play was REVERSED. (No Huddle, Shotgun) 4-D.Carr pass deep right to 84-C.Patterson to NE 16 for 22 yards.",1.281,3.285
2017,11,November 19,neutral,Oakland Raiders,https://www.pro-football-reference.com/boxscores/201711190rai.htm,4,12:26,1,10,NE 16,30,0,(12:26) (Shotgun) 4-D.Carr pass short middle to 15-M.Crabtree to NE 9 for 7 yards (24-S.Gilmore).,4.566,0.396
2017,11,November 19,neutral,Oakland Raiders,https://www.pro-football-reference.com/boxscores/201711190rai.htm,4,11:55,2,3,NE 9,30,0,"(11:55) (No Huddle, Shotgun) 4-D.Carr pass incomplete short right to 15-M.Crabtree.",4.962,-0.708
2017,11,November 19,neutral,Oakland Raiders,https://www.pro-football-reference.com/boxscores/201711190rai.htm,4,11:50,3,3,NE 9,30,6,"(11:50) (Shotgun) 4-D.Carr pass short right to 89-A.Cooper for 9 yards, TOUCHDOWN.",4.254,2.746
2017,11,November 19,neutral,Oakland Raiders,https://www.pro-football-reference.com/boxscores/201711190rai.htm,4,11:43,,,NE 2,30,8,(Pass formation) TWO-POINT CONVERSION ATTEMPT. 4-D.Carr pass to 15-M.Crabtree is complete. ATTEMPT SUCCEEDS.,0.947,1.053
2017,11,November 19,neutral,Oakland Raiders,https://www.pro-football-reference.com/boxscores/201711190rai.htm,4,11:43,,,LV 35,30,8,2-G.Tavecchio kicks 47 yards from OAK 35 to NE 18. 32-D.McCourty to NE 30 for 12 yards (56-X.Woodson-Luster).,0.949,0.265
2017,11,November 19,neutral,Oakland Raiders,https://www.pro-football-reference.com/boxscores/201711190rai.htm,4,11:38,1,10,NE 30,30,8,(11:38) (Shotgun) 12-T.Brady pass short middle to 80-D.Amendola to NE 36 for 6 yards (57-C.James).,1.214,0.216
2017,11,November 19,neutral,Oakland Raiders,https://www.pro-football-reference.com/boxscores/201711190rai.htm,4,10:53,,,NE 36,30,8,Timeout #1 by NE at 10:53.,1.430,0.000
2017,11,November 19,neutral,Oakland Raiders,https://www.pro-football-reference.com/boxscores/201711190rai.htm,4,10:53,2,4,NE 36,30,8,(10:53) 12-T.Brady pass short middle to 83-D.Allen ran ob at OAK 45 for 19 yards (27-R.Nelson).,1.430,1.373
2017,11,November 19,neutral,Oakland Raiders,https://www.pro-football-reference.com/boxscores/201711190rai.htm,4,10:29,1,10,LV 45,30,8,(10:29) 33-D.Lewis right tackle to OAK 42 for 3 yards (57-C.James).,2.803,-0.284
2017,11,November 19,neutral,Oakland Raiders,https://www.pro-football-reference.com/boxscores/201711190rai.htm,4,09:57,2,7,LV 42,30,8,"(9:57) (Shotgun) 12-T.Brady pass short right to 80-D.Amendola to OAK 33 for 9 yards (27-R.Nelson) [52-K.Mack]. PENALTY on OAK-52-K.Mack, Roughing the Passer, 15 yards, enforced at OAK 33.",2.519,1.972
2017,11,November 19,neutral,Oakland Raiders,https://www.pro-football-reference.com/boxscores/201711190rai.htm,4,09:38,1,10,LV 18,30,8,(9:38) 28-J.White up the middle to OAK 12 for 6 yards (50-N.Morrow).,4.491,0.283
2017,11,November 19,neutral,Oakland Raiders,https://www.pro-football-reference.com/boxscores/201711190rai.htm,4,09:06,2,4,LV 12,30,8,(9:06) (Shotgun) 28-J.White left tackle to OAK 11 for 1 yard (50-N.Morrow).,4.774,-0.583
2017,11,November 19,neutral,Oakland Raiders,https://www.pro-football-reference.com/boxscores/201711190rai.htm,4,08:23,3,3,LV 11,30,8,(8:23) (Shotgun) 12-T.Brady pass incomplete short left to 14-B.Cooks (21-S.Smith).,4.190,-1.336
2017,11,November 19,neutral,Oakland Raiders,https://www.pro-football-reference.com/boxscores/201711190rai.htm,4,08:19,4,3,LV 11,33,8,"(8:19) 3-S.Gostkowski 29 yard field goal is GOOD, Center-49-J.Cardona, Holder-6-R.Allen.",2.854,0.146
2017,11,November 19,neutral,Oakland Raiders,https://www.pro-football-reference.com/boxscores/201711190rai.htm,4,08:15,,,NE 35,33,8,3-S.Gostkowski kicks 56 yards from NE 35 to OAK 9. 33-D.Washington to OAK 25 for 16 yards (47-J.Hollister; 51-T.Reilly).,1.027,0.033
2017,11,November 19,neutral,Oakland Raiders,https://www.pro-football-reference.com/boxscores/201711190rai.htm,4,08:09,1,10,LV 25,33,8,(8:09) (Shotgun) 4-D.Carr pass incomplete short right to 87-J.Cook.,1.060,-0.431
2017,11,November 19,neutral,Oakland Raiders,https://www.pro-football-reference.com/boxscores/201711190rai.htm,4,08:03,2,10,LV 25,33,8,"(8:03) (No Huddle, Shotgun) 4-D.Carr pass short left to 84-C.Patterson to OAK 35 for 10 yards (23-P.Chung).",0.629,0.968
2017,11,November 19,neutral,Oakland Raiders,https://www.pro-football-reference.com/boxscores/201711190rai.htm,4,07:29,1,10,LV 35,33,8,"(7:29) (No Huddle, Shotgun) 4-D.Carr pass short right to 10-S.Roberts to OAK 44 for 9 yards (59-M.Flowers).",1.597,0.770
2017,11,November 19,neutral,Oakland Raiders,https://www.pro-football-reference.com/boxscores/201711190rai.htm,4,06:53,2,1,LV 44,33,8,"(6:53) (No Huddle, Shotgun) 4-D.Carr pass short left to 84-C.Patterson to NE 49 for 7 yards (24-S.Gilmore).",2.368,0.249
2017,11,November 19,neutral,Oakland Raiders,https://www.pro-football-reference.com/boxscores/201711190rai.htm,4,06:21,1,10,NE 49,33,8,"(6:21) (No Huddle, Shotgun) 4-D.Carr sacked at OAK 49 for -2 yards (sack split by 53-K.Van Noy and 98-T.Flowers).",2.617,-0.759
2017,11,November 19,neutral,Oakland Raiders,https://www.pro-football-reference.com/boxscores/201711190rai.htm,4,05:35,,,LV 49,33,8,Timeout #2 by OAK at 05:35.,1.858,0.000
2017,11,November 19,neutral,Oakland Raiders,https://www.pro-football-reference.com/boxscores/201711190rai.htm,4,05:35,2,12,LV 49,33,8,"(5:35) (Shotgun) 49-J.Olawale up the middle to NE 40 for 11 yards (91-D.Wise, 53-K.Van Noy).",1.858,0.994
2017,11,November 19,neutral,Oakland Raiders,https://www.pro-football-reference.com/boxscores/201711190rai.htm,4,05:00,3,1,NE 40,33,8,"(5:00) (No Huddle, Shotgun) 4-D.Carr pass short left to 49-J.Olawale to NE 38 for 2 yards (59-M.Flowers).",2.852,0.425
2017,11,November 19,neutral,Oakland Raiders,https://www.pro-football-reference.com/boxscores/201711190rai.htm,4,04:26,1,10,NE 38,33,8,"(4:26) (No Huddle, Shotgun) 4-D.Carr pass incomplete deep left to 89-A.Cooper.",3.276,-0.411
2017,11,November 19,neutral,Oakland Raiders,https://www.pro-football-reference.com/boxscores/201711190rai.htm,4,04:19,2,10,NE 38,33,8,(4:19) (Shotgun) 4-D.Carr pass incomplete short right to 10-S.Roberts (31-J.Jones).,2.866,-0.627
2017,11,November 19,neutral,Oakland Raiders,https://www.pro-football-reference.com/boxscores/201711190rai.htm,4,04:13,3,10,NE 38,33,8,(4:13) (Shotgun) 4-D.Carr pass incomplete short left to 33-D.Washington.,2.239,-1.273
2017,11,November 19,neutral,Oakland Raiders,https://www.pro-football-reference.com/boxscores/201711190rai.htm,4,04:09,,,NE 38,33,8,Timeout #3 by OAK at 04:09.,0.966,0.000
2017,11,November 19,neutral,Oakland Raiders,https://www.pro-football-reference.com/boxscores/201711190rai.htm,4,04:09,4,10,NE 38,33,8,"(4:09) (Shotgun) 4-D.Carr pass short left to 87-J.Cook pushed ob at NE 28 for 10 yards (23-P.Chung). New England challenged the first down ruling, and the play was Upheld. The ruling on the field was confirmed. (Timeout #2.)",0.966,2.708
2017,11,November 19,neutral,Oakland Raiders,https://www.pro-football-reference.com/boxscores/201711190rai.htm,4,04:03,1,10,NE 28,33,8,(4:03) (Shotgun) 4-D.Carr pass short right to 15-M.Crabtree to NE 20 for 8 yards (24-S.Gilmore).,3.674,0.387
2017,11,November 19,neutral,Oakland Raiders,https://www.pro-football-reference.com/boxscores/201711190rai.htm,4,03:22,2,2,NE 20,33,8,"(3:22) (No Huddle, Shotgun) PENALTY on OAK-89-A.Cooper, False Start, 6 yards, enforced at NE 20 - No Play.",4.061,-0.924
2017,11,November 19,neutral,Oakland Raiders,https://www.pro-football-reference.com/boxscores/201711190rai.htm,4,03:20,2,8,NE 26,33,8,(3:20) (Shotgun) 4-D.Carr pass short middle to 33-D.Washington to NE 21 for 5 yards (59-M.Flowers).,3.138,0.146
2017,11,November 19,neutral,Oakland Raiders,https://www.pro-football-reference.com/boxscores/201711190rai.htm,4,02:44,3,3,NE 21,33,8,"(2:44) (No Huddle, Shotgun) 4-D.Carr pass incomplete deep right to 88-C.Walford.",3.284,-1.055
2017,11,November 19,neutral,Oakland Raiders,https://www.pro-football-reference.com/boxscores/201711190rai.htm,4,02:39,4,3,NE 21,33,8,(2:39) (Shotgun) 4-D.Carr pass incomplete deep left to 10-S.Roberts.,2.230,-2.886
2017,11,November 19,neutral,Oakland Raiders,https://www.pro-football-reference.com/boxscores/201711190rai.htm,4,02:34,1,10,NE 21,33,8,(2:34) #2 B.Hoyer in at QB. 34-R.Burkhead up the middle to NE 25 for 4 yards (78-J.Ellis).,0.656,-0.239
2017,11,November 19,neutral,Oakland Raiders,https://www.pro-football-reference.com/boxscores/201711190rai.htm,4,02:00,2,6,NE 25,33,8,(2:00) 34-R.Burkhead right end to NE 26 for 1 yard (47-J.Cowser).,0.417,-0.267
2017,11,November 19,neutral,Oakland Raiders,https://www.pro-football-reference.com/boxscores/201711190rai.htm,4,01:14,3,5,NE 26,33,8,(1:14) 34-R.Burkhead right tackle to NE 30 for 4 yards (47-J.Cowser).,0.150,-0.156
2017,11,November 19,neutral,Oakland Raiders,https://www.pro-football-reference.com/boxscores/201711190rai.htm,4,00:26,,,NE 30,33,8,Timeout #3 by NE at 00:26.,-0.006,0.000
2017,11,November 19,neutral,Oakland Raiders,https://www.pro-football-reference.com/boxscores/201711190rai.htm,4,00:26,4,1,NE 30,33,8,"(:26) 6-R.Allen punts 51 yards to OAK 19, Center-49-J.Cardona, out of bounds.",-0.006,-0.015
2017,11,November 19,neutral,Oakland Raiders,https://www.pro-football-reference.com/boxscores/201711190rai.htm,4,00:16,1,10,LV 19,33,8,(:16) (Shotgun) 49-J.Olawale left tackle to OAK 24 for 5 yards (37-J.Richards).,0.020,-0.020
2017,12,November 26,home,Miami Dolphins,https://www.pro-football-reference.com/boxscores/201711260nwe.htm,1,15:00,,,MIA 35,0,0,"1-C.Parkey kicks 65 yards from MIA 35 to end zone, Touchback.",1.457,0.000
2017,12,November 26,home,Miami Dolphins,https://www.pro-football-reference.com/boxscores/201711260nwe.htm,1,15:00,1,10,NE 25,0,0,(15:00) (Shotgun) 12-T.Brady pass incomplete short left to 87-R.Gronkowski.,1.457,-0.618
2017,12,November 26,home,Miami Dolphins,https://www.pro-football-reference.com/boxscores/201711260nwe.htm,1,14:57,2,10,NE 25,0,0,(14:57) (Shotgun) 12-T.Brady pass short right to 28-J.White to NE 27 for 2 yards (28-B.McCain).,0.840,-0.524
2017,12,November 26,home,Miami Dolphins,https://www.pro-football-reference.com/boxscores/201711260nwe.htm,1,14:19,3,8,NE 27,0,0,(14:19) (Shotgun) 12-T.Brady pass incomplete short middle to 87-R.Gronkowski.,0.315,-1.434
2017,12,November 26,home,Miami Dolphins,https://www.pro-football-reference.com/boxscores/201711260nwe.htm,1,14:12,4,8,NE 27,0,0,"(14:12) (Punt formation) 43-N.Ebner right end to NE 41 for 14 yards (42-A.Verner). FUMBLES (42-A.Verner), ball out of bounds at NE 41. NE-43-N.Ebner was injured during the play. He is Out.",-1.119,3.564
2017,12,November 26,home,Miami Dolphins,https://www.pro-football-reference.com/boxscores/201711260nwe.htm,1,13:38,1,10,NE 41,0,0,(13:38) 33-D.Lewis up the middle to MIA 46 for 13 yards (20-R.Jones).,2.445,0.813
2017,12,November 26,home,Miami Dolphins,https://www.pro-football-reference.com/boxscores/201711260nwe.htm,1,13:09,1,10,MIA 46,0,0,(13:09) 12-T.Brady pass deep left to 13-P.Dorsett to MIA 7 for 39 yards (20-R.Jones).,3.259,2.260
2017,12,November 26,home,Miami Dolphins,https://www.pro-football-reference.com/boxscores/201711260nwe.htm,1,12:24,1,7,MIA 7,0,0,"(12:24) 33-D.Lewis up the middle to MIA 2 for 5 yards (56-D.Godchaux, 31-M.Thomas).",5.519,0.423
2017,12,November 26,home,Miami Dolphins,https://www.pro-football-reference.com/boxscores/201711260nwe.htm,1,11:46,2,2,MIA 2,6,0,"(11:46) 34-R.Burkhead left tackle for 2 yards, TOUCHDOWN. The Replay Official reviewed the runner broke the plane ruling, and the play was Upheld. The ruling on the field was confirmed.",5.942,1.058
2017,12,November 26,home,Miami Dolphins,https://www.pro-football-reference.com/boxscores/201711260nwe.htm,1,11:39,,,MIA 15,7,0,"3-S.Gostkowski extra point is GOOD, Center-49-J.Cardona, Holder-6-R.Allen.",0.932,0.068
2017,12,November 26,home,Miami Dolphins,https://www.pro-football-reference.com/boxscores/201711260nwe.htm,1,11:39,,,NE 35,7,0,"3-S.Gostkowski kicks 65 yards from NE 35 to end zone, Touchback.",0.758,0.000
2017,12,November 26,home,Miami Dolphins,https://www.pro-football-reference.com/boxscores/201711260nwe.htm,1,11:39,1,10,MIA 25,7,0,(11:39) (Shotgun) 8-M.Moore pass short right to 11-D.Parker to MIA 30 for 5 yards (24-S.Gilmore).,0.758,0.034
2017,12,November 26,home,Miami Dolphins,https://www.pro-football-reference.com/boxscores/201711260nwe.htm,1,11:06,2,5,MIA 30,7,0,(11:06) (Shotgun) 8-M.Moore pass short right to 26-D.Williams to MIA 33 for 3 yards (23-P.Chung).,0.793,-0.197
2017,12,November 26,home,Miami Dolphins,https://www.pro-football-reference.com/boxscores/201711260nwe.htm,1,10:24,3,2,MIA 33,7,0,(10:24) (Shotgun) 8-M.Moore pass incomplete short left to 26-D.Williams.,0.596,-1.719
2017,12,November 26,home,Miami Dolphins,https://www.pro-football-reference.com/boxscores/201711260nwe.htm,1,10:19,4,2,MIA 33,7,0,"(10:19) 16-M.Haack punts 56 yards to NE 11, Center-92-J.Denney. 80-D.Amendola ran ob at NE 12 for 1 yard.",-1.124,0.690
2017,12,November 26,home,Miami Dolphins,https://www.pro-football-reference.com/boxscores/201711260nwe.htm,1,10:12,1,10,NE 12,7,0,"(10:12) 33-D.Lewis up the middle to NE 34 for 22 yards (20-R.Jones, 94-L.Timmons).",0.433,1.555
2017,12,November 26,home,Miami Dolphins,https://www.pro-football-reference.com/boxscores/201711260nwe.htm,1,09:37,1,10,NE 34,7,0,(9:37) 12-T.Brady pass short right to 33-D.Lewis to NE 35 for 1 yard (94-L.Timmons).,1.988,-0.503
2017,12,November 26,home,Miami Dolphins,https://www.pro-football-reference.com/boxscores/201711260nwe.htm,1,08:56,2,9,NE 35,7,0,"(8:56) (Shotgun) 12-T.Brady pass short middle to 80-D.Amendola to 50 for 15 yards (20-R.Jones, 47-K.Alonso) [93-N.Suh].",1.485,1.537
2017,12,November 26,home,Miami Dolphins,https://www.pro-football-reference.com/boxscores/201711260nwe.htm,1,08:22,1,10,MID 50,7,0,"(8:22) 34-R.Burkhead up the middle to MIA 47 for 3 yards (94-L.Timmons, 47-K.Alonso).",3.022,-0.264
2017,12,November 26,home,Miami Dolphins,https://www.pro-football-reference.com/boxscores/201711260nwe.htm,1,07:48,2,7,MIA 47,7,0,(7:48) 12-T.Brady pass incomplete short right to 83-D.Allen.,2.759,-0.771
2017,12,November 26,home,Miami Dolphins,https://www.pro-football-reference.com/boxscores/201711260nwe.htm,1,07:44,3,7,MIA 47,7,0,"(7:44) (Shotgun) 12-T.Brady pass short middle to 87-R.Gronkowski to MIA 26 for 21 yards (47-K.Alonso, 22-T.McDonald).",1.988,2.352
2017,12,November 26,home,Miami Dolphins,https://www.pro-football-reference.com/boxscores/201711260nwe.htm,1,07:07,1,10,MIA 26,7,0,"(7:07) 12-T.Brady pass short middle to 87-R.Gronkowski to MIA 6 for 20 yards (31-M.Thomas). NE 87-Gronkowski 6,756 career rec yds, passes Winslow for 10th all-time for a TE.",4.340,1.357
2017,12,November 26,home,Miami Dolphins,https://www.pro-football-reference.com/boxscores/201711260nwe.htm,1,06:20,1,6,MIA 6,7,0,"(6:20) 33-D.Lewis up the middle to MIA 5 for 1 yard (96-V.Taylor, 56-D.Godchaux).",5.697,-0.305
2017,12,November 26,home,Miami Dolphins,https://www.pro-football-reference.com/boxscores/201711260nwe.htm,1,05:41,2,5,MIA 5,13,0,"(5:41) (Shotgun) 12-T.Brady pass short left to 87-R.Gronkowski for 5 yards, TOUCHDOWN. 73rd career Brady-Gronkowski TD connection, passes Brees-Colston for 5th all-time.",5.391,1.609
2017,12,November 26,home,Miami Dolphins,https://www.pro-football-reference.com/boxscores/201711260nwe.htm,1,05:33,,,MIA 15,14,0,"3-S.Gostkowski extra point is GOOD, Center-49-J.Cardona, Holder-6-R.Allen.",0.932,0.068
2017,12,November 26,home,Miami Dolphins,https://www.pro-football-reference.com/boxscores/201711260nwe.htm,1,05:33,,,NE 35,14,0,3-S.Gostkowski kicks 67 yards from NE 35 to MIA -2. 19-J.Grant to MIA 26 for 28 yards (29-J.Bademosi).,0.716,0.024
2017,12,November 26,home,Miami Dolphins,https://www.pro-football-reference.com/boxscores/201711260nwe.htm,1,05:28,1,10,MIA 26,14,0,"(5:28) (Shotgun) 8-M.Moore pass short left to 26-D.Williams ran ob at MIA 38 for 12 yards. PENALTY on MIA-14-J.Landry, Illegal Block Above the Waist, 10 yards, enforced at MIA 33.",0.740,-0.656
2017,12,November 26,home,Miami Dolphins,https://www.pro-football-reference.com/boxscores/201711260nwe.htm,1,05:03,1,13,MIA 23,14,0,"(5:03) (Shotgun) 26-D.Williams right guard to MIA 31 for 8 yards (45-D.Harris, 53-K.Van Noy).",0.084,0.711
2017,12,November 26,home,Miami Dolphins,https://www.pro-football-reference.com/boxscores/201711260nwe.htm,1,04:28,2,5,MIA 31,14,0,"(4:28) 32-K.Drake right guard to MIA 30 for -1 yards (93-L.Guy, 98-T.Flowers).",0.795,-0.866
2017,12,November 26,home,Miami Dolphins,https://www.pro-football-reference.com/boxscores/201711260nwe.htm,1,03:48,3,6,MIA 30,14,0,(3:48) (Shotgun) 8-M.Moore scrambles left end ran ob at MIA 37 for 7 yards.,-0.071,1.526
2017,12,November 26,home,Miami Dolphins,https://www.pro-football-reference.com/boxscores/201711260nwe.htm,1,03:09,1,10,MIA 37,14,0,(3:09) 26-D.Williams right end pushed ob at MIA 37 for no gain (31-J.Jones).,1.456,-0.483
2017,12,November 26,home,Miami Dolphins,https://www.pro-football-reference.com/boxscores/201711260nwe.htm,1,02:43,2,10,MIA 37,14,0,(2:43) 8-M.Moore pass short right to 14-J.Landry to MIA 46 for 9 yards (31-J.Jones).,0.973,0.790
2017,12,November 26,home,Miami Dolphins,https://www.pro-football-reference.com/boxscores/201711260nwe.htm,1,02:05,3,1,MIA 46,14,0,(2:05) 32-K.Drake up the middle to MIA 46 for no gain (53-K.Van Noy).,1.762,-1.807
2017,12,November 26,home,Miami Dolphins,https://www.pro-football-reference.com/boxscores/201711260nwe.htm,1,01:27,4,1,MIA 46,14,0,"(1:27) 26-D.Williams up the middle to MIA 48 for 2 yards (90-M.Brown, 93-L.Guy).",-0.044,2.340
2017,12,November 26,home,Miami Dolphins,https://www.pro-football-reference.com/boxscores/201711260nwe.htm,1,00:47,1,10,MIA 48,14,0,(:47) 8-M.Moore scrambles right end ran ob at 50 for 2 yards.,2.296,-0.395
2017,12,November 26,home,Miami Dolphins,https://www.pro-football-reference.com/boxscores/201711260nwe.htm,1,00:18,2,8,MID 50,14,0,"(:18) 32-K.Drake left guard to NE 47 for 3 yards (90-M.Brown, 93-L.Guy).",1.901,-0.339
2017,12,November 26,home,Miami Dolphins,https://www.pro-football-reference.com/boxscores/201711260nwe.htm,2,15:00,3,5,NE 47,14,0,(15:00) (Shotgun) 8-M.Moore pass incomplete short left to 10-K.Stills (21-M.Butler).,1.562,-1.739
2017,12,November 26,home,Miami Dolphins,https://www.pro-football-reference.com/boxscores/201711260nwe.htm,2,14:55,4,5,NE 47,14,0,"(14:55) 16-M.Haack punts 36 yards to NE 11, Center-92-J.Denney. 80-D.Amendola to NE 19 for 8 yards (31-M.Thomas).",-0.177,-0.619
2017,12,November 26,home,Miami Dolphins,https://www.pro-football-reference.com/boxscores/201711260nwe.htm,2,14:45,1,10,NE 19,14,0,(14:45) 12-T.Brady pass short right to 14-B.Cooks to NE 32 for 13 yards (30-C.Tankersley).,0.796,0.997
2017,12,November 26,home,Miami Dolphins,https://www.pro-football-reference.com/boxscores/201711260nwe.htm,2,14:09,1,10,NE 32,14,0,"(14:09) PENALTY on NE-68-L.Waddle, False Start, 5 yards, enforced at NE 32 - No Play.",1.793,-0.675
2017,12,November 26,home,Miami Dolphins,https://www.pro-football-reference.com/boxscores/201711260nwe.htm,2,13:56,1,15,NE 27,14,0,(13:56) 14-B.Cooks left end pushed ob at NE 38 for 11 yards (31-M.Thomas).,1.118,0.861
2017,12,November 26,home,Miami Dolphins,https://www.pro-football-reference.com/boxscores/201711260nwe.htm,2,13:29,2,4,NE 38,14,6,"(13:29) (Shotgun) 12-T.Brady FUMBLES (Aborted) at NE 33, RECOVERED by MIA-20-R.Jones at NE 14. 20-R.Jones for 14 yards, TOUCHDOWN. MIA-78-T.Fede was injured during the play.",1.979,-8.979
2017,12,November 26,home,Miami Dolphins,https://www.pro-football-reference.com/boxscores/201711260nwe.htm,2,13:19,,,NE 15,14,7,"1-C.Parkey extra point is GOOD, Center-92-J.Denney, Holder-16-M.Haack.",0.932,0.068
2017,12,November 26,home,Miami Dolphins,https://www.pro-football-reference.com/boxscores/201711260nwe.htm,2,13:19,,,MIA 35,14,7,1-C.Parkey kicks 63 yards from MIA 35 to NE 2. 33-D.Lewis to NE 22 for 20 yards (42-A.Verner).,1.406,-0.403
2017,12,November 26,home,Miami Dolphins,https://www.pro-football-reference.com/boxscores/201711260nwe.htm,2,13:13,1,10,NE 22,14,7,(13:13) (Shotgun) 12-T.Brady pass short middle to 14-B.Cooks to NE 30 for 8 yards (20-R.Jones).,1.002,0.754
2017,12,November 26,home,Miami Dolphins,https://www.pro-football-reference.com/boxscores/201711260nwe.htm,2,12:53,2,2,NE 30,14,7,"(12:53) (No Huddle, Shotgun) 12-T.Brady pass incomplete short right to 33-D.Lewis [91-C.Wake].",1.756,-0.662
2017,12,November 26,home,Miami Dolphins,https://www.pro-football-reference.com/boxscores/201711260nwe.htm,2,12:48,3,2,NE 30,14,7,"(12:48) (Shotgun) 12-T.Brady pass incomplete short left to 28-J.White. PENALTY on MIA-42-A.Verner, Defensive Holding, 5 yards, enforced at NE 30 - No Play.",1.093,0.813
2017,12,November 26,home,Miami Dolphins,https://www.pro-football-reference.com/boxscores/201711260nwe.htm,2,12:44,1,10,NE 35,14,7,(12:44) 34-R.Burkhead left tackle to NE 39 for 4 yards (97-J.Phillips).,1.907,-0.051
2017,12,November 26,home,Miami Dolphins,https://www.pro-football-reference.com/boxscores/201711260nwe.htm,2,12:22,2,6,NE 39,14,7,"(12:22) (No Huddle, Shotgun) 12-T.Brady pass incomplete deep left to 14-B.Cooks. PENALTY on MIA-59-C.Allen, Defensive Holding, 5 yards, enforced at NE 39 - No Play.",1.856,0.679
2017,12,November 26,home,Miami Dolphins,https://www.pro-football-reference.com/boxscores/201711260nwe.htm,2,12:15,1,10,NE 44,14,7,"(12:15) 34-R.Burkhead left guard to NE 47 for 3 yards (59-C.Allen, 90-C.Harris).",2.534,-0.212
2017,12,November 26,home,Miami Dolphins,https://www.pro-football-reference.com/boxscores/201711260nwe.htm,2,11:40,2,7,NE 47,14,7,(11:40) 12-T.Brady pass short left to 14-B.Cooks to NE 45 for -2 yards (30-C.Tankersley) [90-C.Harris].,2.322,-1.037
2017,12,November 26,home,Miami Dolphins,https://www.pro-football-reference.com/boxscores/201711260nwe.htm,2,10:56,3,9,NE 45,14,7,"(10:56) (Shotgun) PENALTY on NE-77-N.Solder, False Start, 5 yards, enforced at NE 45 - No Play.",1.285,-0.687
2017,12,November 26,home,Miami Dolphins,https://www.pro-football-reference.com/boxscores/201711260nwe.htm,2,10:42,3,14,NE 40,14,7,(10:42) (Shotgun) 12-T.Brady pass deep middle to 14-B.Cooks to MIA 23 for 37 yards (20-R.Jones).,0.599,3.868
2017,12,November 26,home,Miami Dolphins,https://www.pro-football-reference.com/boxscores/201711260nwe.htm,2,09:59,1,10,MIA 23,14,7,(9:59) 34-R.Burkhead left end to MIA 1 for 22 yards (50-A.Branch; 22-T.McDonald).,4.467,1.951
2017,12,November 26,home,Miami Dolphins,https://www.pro-football-reference.com/boxscores/201711260nwe.htm,2,09:14,1,1,MIA 1,14,7,"(9:14) 34-R.Burkhead left guard to MIA 1 for no gain (59-C.Allen, 47-K.Alonso).",6.418,-0.288
2017,12,November 26,home,Miami Dolphins,https://www.pro-football-reference.com/boxscores/201711260nwe.htm,2,08:33,2,1,MIA 1,20,7,"(8:33) 12-T.Brady pass short left to 34-R.Burkhead for 1 yard, TOUCHDOWN.",6.130,0.870
2017,12,November 26,home,Miami Dolphins,https://www.pro-football-reference.com/boxscores/201711260nwe.htm,2,08:29,,,MIA 15,21,7,"3-S.Gostkowski extra point is GOOD, Center-49-J.Cardona, Holder-6-R.Allen.",0.932,0.068
2017,12,November 26,home,Miami Dolphins,https://www.pro-football-reference.com/boxscores/201711260nwe.htm,2,08:29,,,NE 35,21,7,3-S.Gostkowski kicks 62 yards from NE 35 to MIA 3. 19-J.Grant pushed ob at MIA 25 for 22 yards (32-D.McCourty). NE 32-McCourty held ball for kickoff.,1.034,-0.001
2017,12,November 26,home,Miami Dolphins,https://www.pro-football-reference.com/boxscores/201711260nwe.htm,2,08:25,1,10,MIA 25,21,7,(8:25) 32-K.Drake right tackle to MIA 28 for 3 yards (52-E.Roberts).,1.033,-0.275
2017,12,November 26,home,Miami Dolphins,https://www.pro-football-reference.com/boxscores/201711260nwe.htm,2,07:45,2,7,MIA 28,21,7,"(7:45) (Shotgun) 8-M.Moore pass short middle to 14-J.Landry to MIA 35 for 7 yards (31-J.Jones, 21-M.Butler).",0.758,0.835
2017,12,November 26,home,Miami Dolphins,https://www.pro-football-reference.com/boxscores/201711260nwe.htm,2,07:04,1,10,MIA 35,21,7,(7:04) 32-K.Drake right end to MIA 39 for 4 yards (31-J.Jones).,1.593,-0.041
2017,12,November 26,home,Miami Dolphins,https://www.pro-football-reference.com/boxscores/201711260nwe.htm,2,06:26,2,6,MIA 39,21,7,"(6:26) (Shotgun) 8-M.Moore pass short right to 14-J.Landry to NE 46 for 15 yards (21-M.Butler) [53-K.Van Noy]. FUMBLES (21-M.Butler), and recovers at NE 46. 14-J.Landry to NE 46 for no gain (21-M.Butler, 51-T.Reilly).",1.552,1.341
2017,12,November 26,home,Miami Dolphins,https://www.pro-football-reference.com/boxscores/201711260nwe.htm,2,05:43,1,10,NE 46,21,7,(5:43) 26-D.Williams up the middle to NE 44 for 2 yards (91-D.Wise).,2.892,-0.356
2017,12,November 26,home,Miami Dolphins,https://www.pro-football-reference.com/boxscores/201711260nwe.htm,2,05:04,2,8,NE 44,21,7,"(5:04) flea flicker 8-M.Moore pass incomplete deep right to 10-K.Stills. PENALTY on NE-21-M.Butler, Defensive Pass Interference, 34 yards, enforced at NE 44 - No Play.",2.537,2.422
2017,12,November 26,home,Miami Dolphins,https://www.pro-football-reference.com/boxscores/201711260nwe.htm,2,04:56,1,10,NE 10,21,7,(4:56) (Shotgun) 8-M.Moore pass short middle to 14-J.Landry to NE 10 for no gain (53-K.Van Noy).,4.959,-0.435
2017,12,November 26,home,Miami Dolphins,https://www.pro-football-reference.com/boxscores/201711260nwe.htm,2,04:20,2,10,NE 10,21,7,(4:20) (Shotgun) 8-M.Moore pass incomplete short right to 26-D.Williams.,4.523,-0.746
2017,12,November 26,home,Miami Dolphins,https://www.pro-football-reference.com/boxscores/201711260nwe.htm,2,04:16,3,10,NE 10,21,7,(4:16) (Shotgun) 8-M.Moore pass incomplete short left to 89-J.Thomas.,3.777,-0.894
2017,12,November 26,home,Miami Dolphins,https://www.pro-football-reference.com/boxscores/201711260nwe.htm,2,04:10,4,10,NE 10,21,10,"(4:10) 1-C.Parkey 28 yard field goal is GOOD, Center-92-J.Denney, Holder-16-M.Haack.",2.884,0.116
2017,12,November 26,home,Miami Dolphins,https://www.pro-football-reference.com/boxscores/201711260nwe.htm,2,04:06,,,MIA 35,21,10,"1-C.Parkey kicks 65 yards from MIA 35 to end zone, Touchback.",0.993,0.000
2017,12,November 26,home,Miami Dolphins,https://www.pro-football-reference.com/boxscores/201711260nwe.htm,2,04:06,1,10,NE 25,21,10,"(4:06) (Shotgun) 12-T.Brady pass short left to 87-R.Gronkowski to NE 46 for 21 yards (31-M.Thomas, 47-K.Alonso).",0.993,1.215
2017,12,November 26,home,Miami Dolphins,https://www.pro-football-reference.com/boxscores/201711260nwe.htm,2,03:26,1,10,NE 46,21,10,(3:26) 12-T.Brady pass incomplete short middle to 14-B.Cooks [47-K.Alonso].,2.208,-0.485
2017,12,November 26,home,Miami Dolphins,https://www.pro-football-reference.com/boxscores/201711260nwe.htm,2,03:22,2,10,NE 46,21,10,(3:22) (Shotgun) 12-T.Brady pass short right to 83-D.Allen to NE 48 for 2 yards (20-R.Jones).,1.723,-0.466
2017,12,November 26,home,Miami Dolphins,https://www.pro-football-reference.com/boxscores/201711260nwe.htm,2,02:37,3,8,NE 48,21,10,"(2:37) (Shotgun) 12-T.Brady pass deep middle intended for 80-D.Amendola INTERCEPTED by 28-B.McCain at MIA 35. 28-B.McCain to MIA 35 for no gain (80-D.Amendola). The Replay Official reviewed the pass interception ruling, and the play was Upheld. The ruling on the field stands.",1.256,-2.754
2017,12,November 26,home,Miami Dolphins,https://www.pro-football-reference.com/boxscores/201711260nwe.htm,2,02:30,1,10,MIA 35,21,10,(2:30) (Shotgun) 32-K.Drake left tackle pushed ob at MIA 48 for 13 yards (53-K.Van Noy).,1.497,0.772
2017,12,November 26,home,Miami Dolphins,https://www.pro-football-reference.com/boxscores/201711260nwe.htm,2,02:03,1,10,MIA 48,21,10,(2:03) (Shotgun) 32-K.Drake left end pushed ob at MIA 47 for -1 yards (23-P.Chung).,2.270,-0.591
2017,12,November 26,home,Miami Dolphins,https://www.pro-football-reference.com/boxscores/201711260nwe.htm,2,01:57,2,11,MIA 47,21,10,(1:57) (Shotgun) 8-M.Moore pass short left to 14-J.Landry to NE 39 for 14 yards (31-J.Jones).,1.679,1.377
2017,12,November 26,home,Miami Dolphins,https://www.pro-football-reference.com/boxscores/201711260nwe.htm,2,01:18,1,10,NE 39,21,10,"(1:18) 26-D.Williams left tackle to NE 30 for 9 yards (31-J.Jones, 32-D.McCourty).",3.056,0.431
2017,12,November 26,home,Miami Dolphins,https://www.pro-football-reference.com/boxscores/201711260nwe.htm,2,00:43,2,1,NE 30,21,10,"(:43) (Shotgun) 26-D.Williams up the middle to NE 25 for 5 yards (55-E.Lee, 53-K.Van Noy).",3.487,0.066
2017,12,November 26,home,Miami Dolphins,https://www.pro-football-reference.com/boxscores/201711260nwe.htm,2,00:38,,,NE 25,21,10,Timeout #1 by MIA at 00:38.,3.553,0.000
2017,12,November 26,home,Miami Dolphins,https://www.pro-football-reference.com/boxscores/201711260nwe.htm,2,00:38,1,10,NE 25,21,10,(:38) (Shotgun) 8-M.Moore sacked at NE 30 for -5 yards (98-T.Flowers).,3.553,-0.777
2017,12,November 26,home,Miami Dolphins,https://www.pro-football-reference.com/boxscores/201711260nwe.htm,2,00:33,,,NE 30,21,10,Timeout #2 by MIA at 00:33.,2.776,0.000
2017,12,November 26,home,Miami Dolphins,https://www.pro-football-reference.com/boxscores/201711260nwe.htm,2,00:33,2,15,NE 30,21,10,"(:33) (Shotgun) 8-M.Moore pass short right to 14-J.Landry to NE 15 for 15 yards (31-J.Jones, 32-D.McCourty).",2.776,0.642
2017,12,November 26,home,Miami Dolphins,https://www.pro-football-reference.com/boxscores/201711260nwe.htm,2,00:17,1,10,NE 15,21,10,(:17) 8-M.Moore spiked the ball to stop the clock.,3.418,-0.146
2017,12,November 26,home,Miami Dolphins,https://www.pro-football-reference.com/boxscores/201711260nwe.htm,2,00:16,2,10,NE 15,21,10,(:16) (Shotgun) 8-M.Moore pass deep left intended for 11-D.Parker INTERCEPTED by 24-S.Gilmore at NE -3. 24-S.Gilmore to NE 17 for 20 yards (10-K.Stills).,3.272,-3.272
2017,12,November 26,home,Miami Dolphins,https://www.pro-football-reference.com/boxscores/201711260nwe.htm,2,00:07,1,10,NE 17,21,10,(:07) 12-T.Brady kneels to NE 16 for -1 yards.,0.000,0.000
2017,12,November 26,home,Miami Dolphins,https://www.pro-football-reference.com/boxscores/201711260nwe.htm,3,15:00,,,NE 35,21,10,3-S.Gostkowski kicks 65 yards from NE 35 to MIA 0. 19-J.Grant to MIA 24 for 24 yards (23-P.Chung). NE-51-T.Reilly was injured during the play. He is Out. MIA-34-S.Perry was injured during the play. He is Out.,0.651,-0.225
2017,12,November 26,home,Miami Dolphins,https://www.pro-football-reference.com/boxscores/201711260nwe.htm,3,14:53,1,10,MIA 24,21,10,(14:53) (Shotgun) 8-M.Moore pass short left to 32-K.Drake ran ob at MIA 26 for 2 yards.,0.426,-0.284
2017,12,November 26,home,Miami Dolphins,https://www.pro-football-reference.com/boxscores/201711260nwe.htm,3,14:28,2,8,MIA 26,21,10,(14:28) (Shotgun) 8-M.Moore pass short left to 89-J.Thomas to MIA 32 for 6 yards (23-P.Chung; 52-E.Roberts).,0.142,0.385
2017,12,November 26,home,Miami Dolphins,https://www.pro-football-reference.com/boxscores/201711260nwe.htm,3,13:54,3,2,MIA 32,21,10,"(13:54) (Shotgun) 26-D.Williams up the middle to MIA 33 for 1 yard (55-E.Lee, 93-L.Guy). measurement",0.527,-1.401
2017,12,November 26,home,Miami Dolphins,https://www.pro-football-reference.com/boxscores/201711260nwe.htm,3,13:23,4,1,MIA 33,21,10,"(13:23) 16-M.Haack punts 39 yards to NE 28, Center-92-J.Denney. 80-D.Amendola to NE 28 for no gain (35-W.Aikens). FUMBLES (35-W.Aikens), recovered by NE-31-J.Jones at NE 23. 31-J.Jones to NE 23 for no gain (35-W.Aikens).",-0.875,-0.306
2017,12,November 26,home,Miami Dolphins,https://www.pro-football-reference.com/boxscores/201711260nwe.htm,3,13:14,1,10,NE 23,21,10,"(13:14) 33-D.Lewis up the middle to NE 48 for 25 yards (47-K.Alonso, 28-B.McCain).",1.181,1.742
2017,12,November 26,home,Miami Dolphins,https://www.pro-football-reference.com/boxscores/201711260nwe.htm,3,12:39,1,10,NE 48,21,10,(12:39) (Shotgun) 12-T.Brady pass incomplete short middle to 80-D.Amendola (93-N.Suh).,2.923,-0.469
2017,12,November 26,home,Miami Dolphins,https://www.pro-football-reference.com/boxscores/201711260nwe.htm,3,12:36,2,10,NE 48,21,10,"(12:36) 12-T.Brady pass incomplete short right to 87-R.Gronkowski. PENALTY on MIA-25-X.Howard, Face Mask (15 Yards), 15 yards, enforced at NE 48 - No Play.",2.454,1.365
2017,12,November 26,home,Miami Dolphins,https://www.pro-football-reference.com/boxscores/201711260nwe.htm,3,12:30,1,10,MIA 37,21,10,"(12:30) (Shotgun) 33-D.Lewis left tackle to MIA 32 for 5 yards (25-X.Howard, 44-S.Anthony).",3.818,0.035
2017,12,November 26,home,Miami Dolphins,https://www.pro-football-reference.com/boxscores/201711260nwe.htm,3,11:55,2,5,MIA 32,21,10,"(11:55) (Shotgun) 33-D.Lewis left guard to MIA 29 for 3 yards (25-X.Howard, 22-T.McDonald).",3.853,-0.276
2017,12,November 26,home,Miami Dolphins,https://www.pro-football-reference.com/boxscores/201711260nwe.htm,3,11:24,3,2,MIA 29,21,10,"(11:24) (No Huddle, Shotgun) 33-D.Lewis up the middle to MIA 24 for 5 yards (50-A.Branch). PENALTY on MIA-28-B.McCain, Disqualification, 12 yards, enforced at MIA 24.",3.577,1.538
2017,12,November 26,home,Miami Dolphins,https://www.pro-football-reference.com/boxscores/201711260nwe.htm,3,11:08,1,10,MIA 12,21,10,(11:08) (Shotgun) 33-D.Lewis up the middle to MIA 15 for -3 yards (93-N.Suh).,5.116,-0.999
2017,12,November 26,home,Miami Dolphins,https://www.pro-football-reference.com/boxscores/201711260nwe.htm,3,10:33,2,13,MIA 15,27,10,"(10:33) (Shotgun) 12-T.Brady pass short left to 87-R.Gronkowski for 15 yards, TOUCHDOWN [91-C.Wake]. NE 87-Gronkowski 16th career multi-TD game, new franchise record (Randy Moss, 15). NE 12-Brady 481st career TD pass, passes Brees for 3rd-most all-time.",4.117,2.883
2017,12,November 26,home,Miami Dolphins,https://www.pro-football-reference.com/boxscores/201711260nwe.htm,3,10:28,,,MIA 15,28,10,"3-S.Gostkowski extra point is GOOD, Center-49-J.Cardona, Holder-6-R.Allen.",0.932,0.068
2017,12,November 26,home,Miami Dolphins,https://www.pro-football-reference.com/boxscores/201711260nwe.htm,3,10:28,,,NE 35,28,10,3-S.Gostkowski kicks 62 yards from NE 35 to MIA 3. 19-J.Grant to MIA 26 for 23 yards (47-J.Hollister).,0.758,0.026
2017,12,November 26,home,Miami Dolphins,https://www.pro-football-reference.com/boxscores/201711260nwe.htm,3,10:21,1,10,MIA 26,28,10,(10:21) (Shotgun) 8-M.Moore pass short right to 26-D.Williams to MIA 30 for 4 yards (23-P.Chung).,0.784,-0.063
2017,12,November 26,home,Miami Dolphins,https://www.pro-football-reference.com/boxscores/201711260nwe.htm,3,09:36,2,6,MIA 30,28,10,(9:36) 26-D.Williams right tackle to MIA 41 for 11 yards (45-D.Harris). MIA-26-D.Williams was injured during the play. He is Out.,0.721,1.026
2017,12,November 26,home,Miami Dolphins,https://www.pro-football-reference.com/boxscores/201711260nwe.htm,3,09:14,1,10,MIA 41,28,10,(9:14) (Shotgun) 8-M.Moore pass short right to 14-J.Landry to 50 for 9 yards (23-P.Chung).,1.747,0.912
2017,12,November 26,home,Miami Dolphins,https://www.pro-football-reference.com/boxscores/201711260nwe.htm,3,08:38,2,1,MID 50,28,10,"(8:38) (Shotgun) 32-K.Drake left tackle to MIA 49 for -1 yards (98-T.Flowers). FUMBLES (98-T.Flowers), RECOVERED by NE-23-P.Chung at MIA 45. 23-P.Chung to MIA 45 for no gain (14-J.Landry).",2.660,-5.931
2017,12,November 26,home,Miami Dolphins,https://www.pro-football-reference.com/boxscores/201711260nwe.htm,3,08:29,1,10,MIA 45,28,10,(8:29) (Shotgun) 34-R.Burkhead right guard to MIA 42 for 3 yards (47-K.Alonso; 20-R.Jones).,3.272,-0.263
2017,12,November 26,home,Miami Dolphins,https://www.pro-football-reference.com/boxscores/201711260nwe.htm,3,08:00,2,7,MIA 42,28,10,(8:00) (Shotgun) 12-T.Brady pass short right to 34-R.Burkhead to MIA 40 for 2 yards (94-L.Timmons).,3.008,-0.431
2017,12,November 26,home,Miami Dolphins,https://www.pro-football-reference.com/boxscores/201711260nwe.htm,3,07:20,3,5,MIA 40,28,10,"(7:20) (Shotgun) PENALTY on MIA-91-C.Wake, Neutral Zone Infraction, 5 yards, enforced at MIA 40 - No Play.",2.577,1.302
2017,12,November 26,home,Miami Dolphins,https://www.pro-football-reference.com/boxscores/201711260nwe.htm,3,06:55,1,10,MIA 35,28,10,(6:55) (Shotgun) 34-R.Burkhead up the middle to MIA 36 for -1 yards (97-J.Phillips).,3.879,-0.757
2017,12,November 26,home,Miami Dolphins,https://www.pro-football-reference.com/boxscores/201711260nwe.htm,3,06:16,2,11,MIA 36,28,10,"(6:16) (Shotgun) 34-R.Burkhead right guard to MIA 29 for 7 yards (91-C.Wake, 47-K.Alonso).",3.122,0.260
2017,12,November 26,home,Miami Dolphins,https://www.pro-football-reference.com/boxscores/201711260nwe.htm,3,05:38,3,4,MIA 29,28,10,"(5:38) (Shotgun) PENALTY on NE-87-R.Gronkowski, False Start, 5 yards, enforced at MIA 29 - No Play.",3.381,-0.649
2017,12,November 26,home,Miami Dolphins,https://www.pro-football-reference.com/boxscores/201711260nwe.htm,3,05:21,3,9,MIA 34,28,10,(5:21) (Shotgun) 12-T.Brady pass incomplete deep right to 80-D.Amendola.,2.733,-1.340
2017,12,November 26,home,Miami Dolphins,https://www.pro-football-reference.com/boxscores/201711260nwe.htm,3,05:13,4,9,MIA 34,28,10,"(5:13) (Punt formation) PENALTY on NE-6-R.Allen, Delay of Game, 5 yards, enforced at MIA 34 - No Play.",1.392,-1.020
2017,12,November 26,home,Miami Dolphins,https://www.pro-football-reference.com/boxscores/201711260nwe.htm,3,05:13,4,14,MIA 39,28,10,"(5:13) 6-R.Allen punts 39 yards to end zone, Center-49-J.Cardona, Touchback.",0.373,-0.694
2017,12,November 26,home,Miami Dolphins,https://www.pro-football-reference.com/boxscores/201711260nwe.htm,3,05:05,1,10,MIA 20,28,10,(5:05) 8-M.Moore sacked at MIA 17 for -3 yards (52-E.Roberts).,0.321,-1.135
2017,12,November 26,home,Miami Dolphins,https://www.pro-football-reference.com/boxscores/201711260nwe.htm,3,04:22,2,13,MIA 17,28,10,(4:22) (Shotgun) 8-M.Moore sacked at MIA 6 for -11 yards (98-T.Flowers). NE-98-T.Flowers was injured during the play. His return is Questionable. NE-59-M.Flowers was injured during the play.,-0.813,-1.641
2017,12,November 26,home,Miami Dolphins,https://www.pro-football-reference.com/boxscores/201711260nwe.htm,3,03:47,3,24,MIA 6,28,10,(3:47) (Shotgun) 32-K.Drake left tackle to MIA 10 for 4 yards (55-E.Lee).,-2.455,-0.509
2017,12,November 26,home,Miami Dolphins,https://www.pro-football-reference.com/boxscores/201711260nwe.htm,3,03:14,4,20,MIA 10,28,10,"(3:14) 16-M.Haack punts 36 yards to MIA 46, Center-92-J.Denney, fair catch by 80-D.Amendola.",-2.964,-0.197
2017,12,November 26,home,Miami Dolphins,https://www.pro-football-reference.com/boxscores/201711260nwe.htm,3,03:09,1,10,MIA 46,28,10,(3:09) 33-D.Lewis left guard to MIA 49 for -3 yards (47-K.Alonso).,3.161,-1.025
2017,12,November 26,home,Miami Dolphins,https://www.pro-football-reference.com/boxscores/201711260nwe.htm,3,02:38,2,13,MIA 49,28,10,"(2:38) (Shotgun) 12-T.Brady pass short left to 33-D.Lewis to MIA 45 for 4 yards (94-L.Timmons). PENALTY on NE-14-B.Cooks, Offensive Pass Interference, 11 yards, enforced at MIA 49 - No Play. Penalty on NE-14-B.Cooks, Illegal Block Above the Waist, declined.",2.136,-0.729
2017,12,November 26,home,Miami Dolphins,https://www.pro-football-reference.com/boxscores/201711260nwe.htm,3,02:09,2,24,NE 40,28,10,(2:09) (Shotgun) 12-T.Brady pass deep middle to 14-B.Cooks to MIA 38 for 22 yards (22-T.McDonald) [91-C.Wake].,1.407,1.512
2017,12,November 26,home,Miami Dolphins,https://www.pro-football-reference.com/boxscores/201711260nwe.htm,3,01:30,3,2,MIA 38,28,10,"(1:30) (Shotgun) 28-J.White right guard to MIA 34 for 4 yards (56-D.Godchaux, 20-R.Jones).",2.919,0.905
2017,12,November 26,home,Miami Dolphins,https://www.pro-football-reference.com/boxscores/201711260nwe.htm,3,00:56,1,10,MIA 34,28,10,(:56) (Shotgun) 12-T.Brady pass incomplete short middle to 28-J.White [91-C.Wake].,3.824,-0.437
2017,12,November 26,home,Miami Dolphins,https://www.pro-football-reference.com/boxscores/201711260nwe.htm,3,00:50,2,10,MIA 34,28,10,(:50) (Shotgun) 28-J.White left guard to MIA 26 for 8 yards (42-A.Verner). MIA-20-R.Jones was injured during the play.,3.388,0.334
2017,12,November 26,home,Miami Dolphins,https://www.pro-football-reference.com/boxscores/201711260nwe.htm,3,00:26,3,2,MIA 26,28,10,"(:26) (Shotgun) 28-J.White left guard to MIA 25 for 1 yard (94-L.Timmons, 97-J.Phillips).",3.721,-0.974
2017,12,November 26,home,Miami Dolphins,https://www.pro-football-reference.com/boxscores/201711260nwe.htm,4,15:00,4,1,MIA 25,28,10,(15:00) 34-R.Burkhead left guard to MIA 27 for -2 yards (56-D.Godchaux; 50-A.Branch).,2.747,-3.552
2017,12,November 26,home,Miami Dolphins,https://www.pro-football-reference.com/boxscores/201711260nwe.htm,4,14:55,1,10,MIA 27,28,10,(14:55) (Shotgun) 8-M.Moore pass short right to 14-J.Landry to MIA 28 for 1 yard (31-J.Jones).,0.805,-0.539
2017,12,November 26,home,Miami Dolphins,https://www.pro-football-reference.com/boxscores/201711260nwe.htm,4,14:18,2,9,MIA 28,28,10,(14:18) (Shotgun) 8-M.Moore pass short right to 10-K.Stills to MIA 35 for 7 yards (21-M.Butler).,0.266,0.425
2017,12,November 26,home,Miami Dolphins,https://www.pro-football-reference.com/boxscores/201711260nwe.htm,4,13:40,3,2,MIA 35,28,10,(13:40) (Shotgun) 8-M.Moore pass incomplete short left to 10-K.Stills.,0.691,-1.652
2017,12,November 26,home,Miami Dolphins,https://www.pro-football-reference.com/boxscores/201711260nwe.htm,4,13:33,,,MIA 35,28,10,Timeout #1 by MIA at 13:33.,-0.961,0.000
2017,12,November 26,home,Miami Dolphins,https://www.pro-football-reference.com/boxscores/201711260nwe.htm,4,13:33,4,2,MIA 35,28,10,(13:33) (Shotgun) 8-M.Moore pass deep left to 10-K.Stills ran ob at NE 37 for 28 yards.,-0.961,4.274
2017,12,November 26,home,Miami Dolphins,https://www.pro-football-reference.com/boxscores/201711260nwe.htm,4,13:06,1,10,NE 37,28,10,"(13:06) (No Huddle, Shotgun) 8-M.Moore pass incomplete short right to 10-K.Stills (21-M.Butler).",3.313,-0.480
2017,12,November 26,home,Miami Dolphins,https://www.pro-football-reference.com/boxscores/201711260nwe.htm,4,12:58,2,10,NE 37,28,10,(12:58) (Shotgun) 8-M.Moore pass short right to 89-J.Thomas to NE 20 for 17 yards (23-P.Chung).,2.834,1.479
2017,12,November 26,home,Miami Dolphins,https://www.pro-football-reference.com/boxscores/201711260nwe.htm,4,12:20,1,10,NE 20,28,10,(12:20) (Shotgun) 8-M.Moore pass short right to 10-K.Stills pushed ob at NE 8 for 12 yards (30-D.Harmon).,4.313,0.921
2017,12,November 26,home,Miami Dolphins,https://www.pro-football-reference.com/boxscores/201711260nwe.htm,4,11:49,1,8,NE 8,28,16,"(11:49) (Shotgun) 8-M.Moore pass short left to 32-K.Drake for 8 yards, TOUCHDOWN.",5.234,1.766
2017,12,November 26,home,Miami Dolphins,https://www.pro-football-reference.com/boxscores/201711260nwe.htm,4,11:43,,,NE 15,28,17,"1-C.Parkey extra point is GOOD, Center-92-J.Denney, Holder-16-M.Haack.",0.932,0.068
2017,12,November 26,home,Miami Dolphins,https://www.pro-football-reference.com/boxscores/201711260nwe.htm,4,11:43,,,MIA 35,28,17,"1-C.Parkey kicks 65 yards from MIA 35 to NE 0. 33-D.Lewis to NE 15 for 15 yards (59-C.Allen, 21-J.Lucas).",1.387,-0.713
2017,12,November 26,home,Miami Dolphins,https://www.pro-football-reference.com/boxscores/201711260nwe.htm,4,11:38,1,10,NE 15,28,17,(11:38) 12-T.Brady pass incomplete short middle to 87-R.Gronkowski.,0.675,-0.525
2017,12,November 26,home,Miami Dolphins,https://www.pro-football-reference.com/boxscores/201711260nwe.htm,4,11:34,2,10,NE 15,28,17,"(11:34) (Shotgun) 33-D.Lewis right guard to NE 21 for 6 yards (20-R.Jones, 30-C.Tankersley). NE-68-L.Waddle was injured during the play. His return is Questionable.",0.150,-0.008
2017,12,November 26,home,Miami Dolphins,https://www.pro-football-reference.com/boxscores/201711260nwe.htm,4,11:10,3,4,NE 21,28,17,"(11:10) (Shotgun) 12-T.Brady FUMBLES (Aborted) at NE 15, and recovers at NE 15. 12-T.Brady sacked at NE 15 for -6 yards (91-C.Wake).",0.141,-1.946
2017,12,November 26,home,Miami Dolphins,https://www.pro-football-reference.com/boxscores/201711260nwe.htm,4,10:37,4,10,NE 15,28,17,"(10:37) 6-R.Allen punts 46 yards to MIA 39, Center-49-J.Cardona. 19-J.Grant ran ob at MIA 39 for no gain.",-1.804,0.193
2017,12,November 26,home,Miami Dolphins,https://www.pro-football-reference.com/boxscores/201711260nwe.htm,4,10:28,1,10,MIA 39,28,17,(10:28) (Shotgun) 8-M.Moore sacked at MIA 29 for -10 yards (52-E.Roberts).,1.611,-1.338
2017,12,November 26,home,Miami Dolphins,https://www.pro-football-reference.com/boxscores/201711260nwe.htm,4,09:44,2,20,MIA 29,28,17,"(9:44) (Shotgun) 8-M.Moore sacked at MIA 21 for -8 yards (53-K.Van Noy). NE-53-K.Van Noy was injured during the play. His return is Questionable.  Penalty on MIA-77-J.Davis, Offensive Holding, declined.",0.273,-1.628
2017,12,November 26,home,Miami Dolphins,https://www.pro-football-reference.com/boxscores/201711260nwe.htm,4,09:25,3,28,MIA 21,28,17,(9:25) (Shotgun) 8-M.Moore pass short left to 32-K.Drake pushed ob at MIA 38 for 17 yards (59-M.Flowers).,-1.355,0.411
2017,12,November 26,home,Miami Dolphins,https://www.pro-football-reference.com/boxscores/201711260nwe.htm,4,08:48,4,11,MIA 38,28,17,(8:48) (Shotgun) 8-M.Moore pass incomplete short right to 14-J.Landry [23-P.Chung].,-0.943,-2.647
2017,12,November 26,home,Miami Dolphins,https://www.pro-football-reference.com/boxscores/201711260nwe.htm,4,08:41,1,10,MIA 38,28,17,(8:41) 33-D.Lewis left end to MIA 32 for 6 yards (20-R.Jones).,3.590,0.167
2017,12,November 26,home,Miami Dolphins,https://www.pro-football-reference.com/boxscores/201711260nwe.htm,4,08:13,2,4,MIA 32,28,17,(8:13) 33-D.Lewis left guard to MIA 29 for 3 yards (91-C.Wake). MIA-50-A.Branch was injured during the play.,3.757,-0.143
2017,12,November 26,home,Miami Dolphins,https://www.pro-football-reference.com/boxscores/201711260nwe.htm,4,07:41,3,1,MIA 29,28,17,(7:41) 33-D.Lewis left tackle to MIA 4 for 25 yards (31-M.Thomas; 22-T.McDonald). NE 33-Lewis 1st career 100-yard game.,3.614,2.286
2017,12,November 26,home,Miami Dolphins,https://www.pro-football-reference.com/boxscores/201711260nwe.htm,4,07:13,1,4,MIA 4,28,17,(7:13) (No Huddle) 33-D.Lewis left guard to MIA 5 for -1 yards (56-D.Godchaux; 20-R.Jones).,5.900,-0.645
2017,12,November 26,home,Miami Dolphins,https://www.pro-football-reference.com/boxscores/201711260nwe.htm,4,06:35,2,5,MIA 5,34,17,"(6:35) (Shotgun) 12-T.Brady pass short middle to 14-B.Cooks for 5 yards, TOUCHDOWN. NE 12-Brady 28th career game with 4+ TD passes, 3rd most all-time. NE 12-Brady 26th TD pass of season, most all-time in a season after turning 40 (Moon & Favre, 25).",5.255,1.745
2017,12,November 26,home,Miami Dolphins,https://www.pro-football-reference.com/boxscores/201711260nwe.htm,4,06:31,,,MIA 15,34,17,"(Kick formation) PENALTY on NE-6-R.Allen, Delay of Game, 5 yards, enforced at MIA 15 - No Play.",0.878,0.000
2017,12,November 26,home,Miami Dolphins,https://www.pro-football-reference.com/boxscores/201711260nwe.htm,4,06:31,,,MIA 20,35,17,"3-S.Gostkowski extra point is GOOD, Center-49-J.Cardona, Holder-6-R.Allen.",0.878,0.122
2017,12,November 26,home,Miami Dolphins,https://www.pro-football-reference.com/boxscores/201711260nwe.htm,4,06:31,,,NE 35,35,17,"3-S.Gostkowski kicks 65 yards from NE 35 to end zone, Touchback.",0.910,0.000
2017,12,November 26,home,Miami Dolphins,https://www.pro-football-reference.com/boxscores/201711260nwe.htm,4,06:31,1,10,MIA 25,35,17,(6:31) (Shotgun) 8-M.Moore pass short middle to 89-J.Thomas to MIA 33 for 8 yards (23-P.Chung).,0.910,0.450
2017,12,November 26,home,Miami Dolphins,https://www.pro-football-reference.com/boxscores/201711260nwe.htm,4,05:56,2,2,MIA 33,35,17,(5:56) (Shotgun) 8-M.Moore sacked at MIA 18 for -15 yards (31-J.Jones).,1.360,-2.433
2017,12,November 26,home,Miami Dolphins,https://www.pro-football-reference.com/boxscores/201711260nwe.htm,4,05:11,3,17,MIA 18,35,17,(5:11) (Shotgun) 8-M.Moore pass incomplete short right to 32-K.Drake.,-1.073,-0.653
2017,12,November 26,home,Miami Dolphins,https://www.pro-football-reference.com/boxscores/201711260nwe.htm,4,05:05,4,17,MIA 18,35,17,"(5:05) 16-M.Haack punts 41 yards to NE 41, Center-92-J.Denney, fair catch by 80-D.Amendola.",-1.726,-0.238
2017,12,November 26,home,Miami Dolphins,https://www.pro-football-reference.com/boxscores/201711260nwe.htm,4,04:58,1,10,NE 41,35,17,(4:58) 34-R.Burkhead up the middle to NE 43 for 2 yards (78-T.Fede).,1.964,-0.330
2017,12,November 26,home,Miami Dolphins,https://www.pro-football-reference.com/boxscores/201711260nwe.htm,4,04:19,2,8,NE 43,35,17,(4:19) 34-R.Burkhead left guard to NE 48 for 5 yards (94-L.Timmons).,1.633,-0.075
2017,12,November 26,home,Miami Dolphins,https://www.pro-football-reference.com/boxscores/201711260nwe.htm,4,03:42,3,3,NE 48,35,17,"(3:42) 34-R.Burkhead left tackle to 50 for 2 yards (20-R.Jones, 78-T.Fede). measurement",1.559,-1.075
2017,12,November 26,home,Miami Dolphins,https://www.pro-football-reference.com/boxscores/201711260nwe.htm,4,02:56,4,1,MID 50,35,17,"(2:56) 6-R.Allen punts 37 yards to MIA 13, Center-49-J.Cardona, fair catch by 19-J.Grant.",0.484,-0.809
2017,12,November 26,home,Miami Dolphins,https://www.pro-football-reference.com/boxscores/201711260nwe.htm,4,02:48,1,10,MIA 13,35,17,"(2:48) (Shotgun) 8-M.Moore pass short middle to 89-J.Thomas to MIA 22 for 9 yards (23-P.Chung, 32-D.McCourty).",0.325,0.391
2017,12,November 26,home,Miami Dolphins,https://www.pro-football-reference.com/boxscores/201711260nwe.htm,4,02:24,2,1,MIA 22,35,17,"(2:24) (No Huddle, Shotgun) 8-M.Moore sacked at MIA 13 for -9 yards (55-E.Lee).",0.716,-1.308
2017,12,November 26,home,Miami Dolphins,https://www.pro-football-reference.com/boxscores/201711260nwe.htm,4,02:00,3,10,MIA 13,35,17,(2:00) (Shotgun) 8-M.Moore pass short left to 89-J.Thomas pushed ob at MIA 25 for 12 yards (23-P.Chung).,-0.591,1.281
2017,12,November 26,home,Miami Dolphins,https://www.pro-football-reference.com/boxscores/201711260nwe.htm,4,01:54,1,10,MIA 25,35,17,"(1:54) (No Huddle, Shotgun) 8-M.Moore pass deep left intended for 11-D.Parker INTERCEPTED by 30-D.Harmon at NE 41. 30-D.Harmon to NE 41 for no gain (11-D.Parker).",0.689,-0.689
2017,12,November 26,home,Miami Dolphins,https://www.pro-football-reference.com/boxscores/201711260nwe.htm,4,01:43,1,10,NE 41,35,17,(1:43) 12-T.Brady kneels to NE 40 for -1 yards.,0.000,0.000
2017,12,November 26,home,Miami Dolphins,https://www.pro-football-reference.com/boxscores/201711260nwe.htm,4,00:58,2,11,NE 40,35,17,(:58) 12-T.Brady kneels to NE 39 for -1 yards.,0.000,0.000
2017,12,November 26,home,Miami Dolphins,https://www.pro-football-reference.com/boxscores/201711260nwe.htm,4,00:20,3,12,NE 39,35,17,(:20) 12-T.Brady kneels to NE 38 for -1 yards.,0.000,0.000
2017,13,December 3,away,Buffalo Bills,https://www.pro-football-reference.com/boxscores/201712030buf.htm,1,15:00,,,NE 35,0,0,3-S.Gostkowski kicks 62 yards from NE 35 to BUF 3. 15-B.Tate to BUF 28 for 25 yards (34-R.Burkhead).,1.457,0.123
2017,13,December 3,away,Buffalo Bills,https://www.pro-football-reference.com/boxscores/201712030buf.htm,1,14:54,1,10,BUF 28,0,0,(14:54) (Shotgun) 5-T.Taylor sacked at BUF 28 for 0 yards (45-D.Harris).,1.580,-0.510
2017,13,December 3,away,Buffalo Bills,https://www.pro-football-reference.com/boxscores/201712030buf.htm,1,14:14,2,10,BUF 28,0,0,"(14:14) 5-T.Taylor pass short left to 10-D.Thompson pushed ob at BUF 37 for 9 yards (21-M.Butler). Flat pass, caught at BUF 33.",1.070,0.964
2017,13,December 3,away,Buffalo Bills,https://www.pro-football-reference.com/boxscores/201712030buf.htm,1,13:54,3,1,BUF 37,0,0,(13:54) J.Webb in at QB (T.Taylor at WR). (Shotgun) 14-J.Webb right guard to BUF 39 for 2 yards (93-L.Guy; 91-D.Wise).,2.034,0.343
2017,13,December 3,away,Buffalo Bills,https://www.pro-football-reference.com/boxscores/201712030buf.htm,1,13:10,1,10,BUF 39,0,0,"(13:10) T.Taylor at QB (J.Webb at WR). 25-L.McCoy right tackle to BUF 41 for 2 yards (90-M.Brown, 93-L.Guy).",2.377,-0.418
2017,13,December 3,away,Buffalo Bills,https://www.pro-football-reference.com/boxscores/201712030buf.htm,1,12:32,2,8,BUF 41,0,0,(12:32) 25-L.McCoy left end to NE 41 for 18 yards (24-S.Gilmore).,1.959,1.596
2017,13,December 3,away,Buffalo Bills,https://www.pro-football-reference.com/boxscores/201712030buf.htm,1,11:50,1,10,NE 41,0,0,"(11:50) (Shotgun) 5-T.Taylor pass short left to 11-Z.Jones to NE 32 for 9 yards (24-S.Gilmore). Caught at NE 34, slanting to middle.",3.555,0.571
2017,13,December 3,away,Buffalo Bills,https://www.pro-football-reference.com/boxscores/201712030buf.htm,1,11:09,2,1,NE 32,0,0,(11:09) (Shotgun) 25-L.McCoy right end pushed ob at NE 27 for 5 yards (21-M.Butler).,4.126,0.149
2017,13,December 3,away,Buffalo Bills,https://www.pro-football-reference.com/boxscores/201712030buf.htm,1,10:35,1,10,NE 27,0,0,"(10:35) (Shotgun) 5-T.Taylor pass incomplete short middle to 10-D.Thompson. Underthrown, receiver at NE 18, crossing from left.",4.275,-0.381
2017,13,December 3,away,Buffalo Bills,https://www.pro-football-reference.com/boxscores/201712030buf.htm,1,10:31,2,10,NE 27,0,0,(10:31) (Shotgun) 5-T.Taylor pass short left to 85-C.Clay pushed ob at NE 17 for 10 yards (21-M.Butler). Caught along sideline at NE 17.,3.895,0.943
2017,13,December 3,away,Buffalo Bills,https://www.pro-football-reference.com/boxscores/201712030buf.htm,1,09:57,1,10,NE 17,0,0,"(9:57) (Shotgun) 5-T.Taylor pass short middle to 85-C.Clay to NE 10 for 7 yards (53-K.Van Noy; 91-D.Wise). Shovel pass, caught at NE 19, slanting from left.",4.837,0.273
2017,13,December 3,away,Buffalo Bills,https://www.pro-football-reference.com/boxscores/201712030buf.htm,1,09:16,2,3,NE 10,0,0,(9:16) 25-L.McCoy left guard to NE 8 for 2 yards (93-L.Guy).,5.111,-0.044
2017,13,December 3,away,Buffalo Bills,https://www.pro-football-reference.com/boxscores/201712030buf.htm,1,08:38,3,1,NE 8,0,0,(8:38) 25-L.McCoy up the middle to NE 6 for 2 yards (97-A.Branch).,5.067,0.609
2017,13,December 3,away,Buffalo Bills,https://www.pro-football-reference.com/boxscores/201712030buf.htm,1,07:58,1,6,NE 6,0,0,(7:58) (Shotgun) 5-T.Taylor pass short right intended for 25-L.McCoy INTERCEPTED by 55-E.Lee [97-A.Branch] at NE 1. 55-E.Lee to NE 9 for 8 yards (79-J.Mills).,5.676,-5.273
2017,13,December 3,away,Buffalo Bills,https://www.pro-football-reference.com/boxscores/201712030buf.htm,1,07:51,1,10,NE 9,0,0,(7:51) 28-J.White up the middle to NE 15 for 6 yards (50-R.Humber).,-0.403,0.170
2017,13,December 3,away,Buffalo Bills,https://www.pro-football-reference.com/boxscores/201712030buf.htm,1,07:14,2,4,NE 15,0,0,"(7:14) (Shotgun) 12-T.Brady pass short middle to 80-D.Amendola to NE 22 for 7 yards (50-R.Humber). Caught at NE 19, crossing from left.",-0.233,0.588
2017,13,December 3,away,Buffalo Bills,https://www.pro-football-reference.com/boxscores/201712030buf.htm,1,06:31,1,10,NE 22,0,0,(6:31) (Shotgun) 28-J.White right guard to NE 24 for 2 yards (21-J.Poyer).,0.356,-0.436
2017,13,December 3,away,Buffalo Bills,https://www.pro-football-reference.com/boxscores/201712030buf.htm,1,05:58,2,8,NE 24,0,0,"(5:58) (Shotgun) 12-T.Brady pass short left to 34-R.Burkhead to NE 30 for 6 yards (52-P.Brown). Swing pass, caught at NE 20.",-0.081,0.459
2017,13,December 3,away,Buffalo Bills,https://www.pro-football-reference.com/boxscores/201712030buf.htm,1,05:19,3,2,NE 30,0,0,(5:19) (Shotgun) 12-T.Brady pass short right to 28-J.White pushed ob at NE 36 for 6 yards (50-R.Humber). Caught near sideline at NE 35.,0.379,1.052
2017,13,December 3,away,Buffalo Bills,https://www.pro-football-reference.com/boxscores/201712030buf.htm,1,04:46,1,10,NE 36,0,0,"(4:46) 33-D.Lewis left guard to NE 37 for 1 yard (91-C.Thornton, 56-R.Davis).",1.431,-0.498
2017,13,December 3,away,Buffalo Bills,https://www.pro-football-reference.com/boxscores/201712030buf.htm,1,04:12,2,9,NE 37,0,0,"(4:12) 34-R.Burkhead up the middle to NE 47 for 10 yards (52-P.Brown, 21-J.Poyer).",0.933,1.293
2017,13,December 3,away,Buffalo Bills,https://www.pro-football-reference.com/boxscores/201712030buf.htm,1,03:43,1,10,NE 47,0,0,"(3:43) 12-T.Brady pass incomplete deep left to 87-R.Gronkowski. Thrown wide of receiver at BUF 37. Pressure on QB: C.Thornton, R.Davis.",2.226,-0.483
2017,13,December 3,away,Buffalo Bills,https://www.pro-football-reference.com/boxscores/201712030buf.htm,1,03:38,2,10,NE 47,0,0,"(3:38) 14-B.Cooks right end to BUF 42 for 11 yards (21-J.Poyer). End-around, rush credited to BUF 48 (spot of foul). PENALTY on NE-77-N.Solder, Illegal Block Above the Waist, 10 yards, enforced at BUF 48.",1.744,-0.818
2017,13,December 3,away,Buffalo Bills,https://www.pro-football-reference.com/boxscores/201712030buf.htm,1,03:18,2,15,NE 42,0,0,(3:18) (Shotgun) 12-T.Brady pass deep left to 80-D.Amendola pushed ob at BUF 31 for 27 yards (23-M.Hyde). Caught along sideline at BUF 31.,0.926,2.833
2017,13,December 3,away,Buffalo Bills,https://www.pro-football-reference.com/boxscores/201712030buf.htm,1,03:03,1,10,BUF 31,0,0,(3:03) (Shotgun) 12-T.Brady sacked at BUF 31 for 0 yards (90-S.Lawson).,3.759,-0.396
2017,13,December 3,away,Buffalo Bills,https://www.pro-football-reference.com/boxscores/201712030buf.htm,1,02:22,2,10,BUF 31,0,0,(2:22) 33-D.Lewis left tackle to BUF 32 for -1 yards (92-A.Washington).,3.362,-0.954
2017,13,December 3,away,Buffalo Bills,https://www.pro-football-reference.com/boxscores/201712030buf.htm,1,01:42,3,11,BUF 32,0,0,(1:42) (Shotgun) 12-T.Brady pass incomplete deep middle to 14-B.Cooks. Thrown behind receiver at BUF 10.,2.408,-0.993
2017,13,December 3,away,Buffalo Bills,https://www.pro-football-reference.com/boxscores/201712030buf.htm,1,01:35,4,11,BUF 32,3,0,"(1:35) 3-S.Gostkowski 50 yard field goal is GOOD, Center-49-J.Cardona, Holder-6-R.Allen.",1.415,1.585
2017,13,December 3,away,Buffalo Bills,https://www.pro-football-reference.com/boxscores/201712030buf.htm,1,01:30,,,NE 35,3,0,3-S.Gostkowski kicks 66 yards from NE 35 to BUF -1. 15-B.Tate to BUF 21 for 22 yards (31-J.Jones).,1.381,-0.443
2017,13,December 3,away,Buffalo Bills,https://www.pro-football-reference.com/boxscores/201712030buf.htm,1,01:24,1,10,BUF 21,3,0,(1:24) (Shotgun) 5-T.Taylor sacked at BUF 16 for -5 yards (55-E.Lee).,0.939,-1.233
2017,13,December 3,away,Buffalo Bills,https://www.pro-football-reference.com/boxscores/201712030buf.htm,1,00:44,2,15,BUF 16,3,0,(:44) (Shotgun) 25-L.McCoy up the middle to BUF 20 for 4 yards (90-M.Brown).,-0.294,-0.274
2017,13,December 3,away,Buffalo Bills,https://www.pro-football-reference.com/boxscores/201712030buf.htm,1,00:06,3,11,BUF 20,3,0,(:06) (Shotgun) 5-T.Taylor scrambles right end pushed ob at BUF 38 for 18 yards (53-K.Van Noy).,-0.568,2.696
2017,13,December 3,away,Buffalo Bills,https://www.pro-football-reference.com/boxscores/201712030buf.htm,2,15:00,1,10,BUF 38,3,0,"(15:00) J.Webb at QB (T.Taylor at WR). (Shotgun) 14-J.Webb left guard to BUF 41 for 3 yards (90-M.Brown, 91-D.Wise).",2.128,-0.249
2017,13,December 3,away,Buffalo Bills,https://www.pro-football-reference.com/boxscores/201712030buf.htm,2,14:25,2,7,BUF 41,3,0,"(14:25) T.Taylor at QB. 5-T.Taylor pass short left to 25-L.McCoy to BUF 44 for 3 yards (52-E.Roberts). Swing pass, caught at BUF 41.",1.879,-0.292
2017,13,December 3,away,Buffalo Bills,https://www.pro-football-reference.com/boxscores/201712030buf.htm,2,13:44,3,4,BUF 44,3,0,"(13:44) (Shotgun) 5-T.Taylor pass incomplete short middle to 25-L.McCoy. Dropped, receiver at BUF 48.",1.587,-1.709
2017,13,December 3,away,Buffalo Bills,https://www.pro-football-reference.com/boxscores/201712030buf.htm,2,13:39,4,4,BUF 44,3,0,"(13:39) 6-C.Schmidt punts 56 yards to end zone, Center-69-R.Ferguson, Touchback. Kick into end zone.",-0.122,-0.326
2017,13,December 3,away,Buffalo Bills,https://www.pro-football-reference.com/boxscores/201712030buf.htm,2,13:32,1,10,NE 20,3,0,"(13:32) (Shotgun) 12-T.Brady pass short left to 28-J.White to NE 31 for 11 yards (98-D.Coleman). Screen pass, caught at NE 16.",0.448,0.697
2017,13,December 3,away,Buffalo Bills,https://www.pro-football-reference.com/boxscores/201712030buf.htm,2,12:59,1,10,NE 31,3,0,(12:59) (Shotgun) 33-D.Lewis left end to NE 35 for 4 yards (58-M.Milano).,1.145,-0.169
2017,13,December 3,away,Buffalo Bills,https://www.pro-football-reference.com/boxscores/201712030buf.htm,2,12:22,2,6,NE 35,3,0,(12:22) 33-D.Lewis left tackle to NE 42 for 7 yards (23-M.Hyde; 21-J.Poyer).,0.976,0.875
2017,13,December 3,away,Buffalo Bills,https://www.pro-football-reference.com/boxscores/201712030buf.htm,2,11:44,1,10,NE 42,3,0,(11:44) 33-D.Lewis up the middle to NE 47 for 5 yards (92-A.Washington).,1.851,0.249
2017,13,December 3,away,Buffalo Bills,https://www.pro-football-reference.com/boxscores/201712030buf.htm,2,11:14,2,5,NE 47,3,0,"(11:14) 12-T.Brady pass incomplete short right to 47-J.Hollister. Underthrown, receiver in flat at NE 41. T.Brady not touched down by contact, despite pass thrown after knee touched turf. Buffalo challenged the runner was not down by contact ruling, and the play was Upheld. The ruling on the field stands. (Timeout #1.)",2.099,-0.805
2017,13,December 3,away,Buffalo Bills,https://www.pro-football-reference.com/boxscores/201712030buf.htm,2,11:09,3,5,NE 47,3,0,"(11:09) (Shotgun) 12-T.Brady pass incomplete short left to 28-J.White (57-L.Alexander). Receiver and coverage at BUF 49, slanting to middle.",1.295,-1.553
2017,13,December 3,away,Buffalo Bills,https://www.pro-football-reference.com/boxscores/201712030buf.htm,2,11:03,4,5,NE 47,3,0,"(11:03) 6-R.Allen punts 26 yards to BUF 27, Center-49-J.Cardona, downed by NE-47-J.Hollister.",-0.259,-1.071
2017,13,December 3,away,Buffalo Bills,https://www.pro-football-reference.com/boxscores/201712030buf.htm,2,10:53,1,10,BUF 27,3,0,"(10:53) (Shotgun) 5-T.Taylor pass incomplete short left to 87-J.Matthews. Thrown wide of receiver at BUF 33, crossing from middle.",1.329,-0.518
2017,13,December 3,away,Buffalo Bills,https://www.pro-football-reference.com/boxscores/201712030buf.htm,2,10:49,2,10,BUF 27,3,0,"(10:49) 25-L.McCoy up the middle to BUF 38 for 11 yards (32-D.McCourty). Rush credited to BUF 38 (spot of foul). PENALTY on BUF-70-E.Wood, Offensive Holding, 10 yards, enforced at BUF 38.",0.811,0.031
2017,13,December 3,away,Buffalo Bills,https://www.pro-football-reference.com/boxscores/201712030buf.htm,2,10:32,2,9,BUF 28,3,0,"(10:32) (Shotgun) 5-T.Taylor pass short left to 39-T.Cadet pushed ob at BUF 31 for 3 yards (31-J.Jones). Out-pattern, caught at BUF 28.",0.842,-0.408
2017,13,December 3,away,Buffalo Bills,https://www.pro-football-reference.com/boxscores/201712030buf.htm,2,10:04,3,6,BUF 31,3,0,"(10:04) (Shotgun) 5-T.Taylor pass incomplete short right to 11-Z.Jones (53-K.Van Noy). Receiver at BUF 34, crossing from middle. Pass tipped at line.",0.434,-1.221
2017,13,December 3,away,Buffalo Bills,https://www.pro-football-reference.com/boxscores/201712030buf.htm,2,09:59,4,6,BUF 31,3,0,"(9:59) 6-C.Schmidt punts 49 yards to NE 20, Center-69-R.Ferguson. 17-B.Reedy to NE 31 for 11 yards (30-L.Pitts).",-0.786,-0.495
2017,13,December 3,away,Buffalo Bills,https://www.pro-football-reference.com/boxscores/201712030buf.htm,2,09:47,1,10,NE 31,3,0,(9:47) 33-D.Lewis up the middle to NE 33 for 2 yards (90-S.Lawson; 92-A.Washington).,1.282,-0.397
2017,13,December 3,away,Buffalo Bills,https://www.pro-football-reference.com/boxscores/201712030buf.htm,2,09:13,2,8,NE 33,3,0,(9:13) 12-T.Brady pass short middle to 87-R.Gronkowski to NE 49 for 16 yards (23-M.Hyde). Caught at NE 45.,0.885,1.566
2017,13,December 3,away,Buffalo Bills,https://www.pro-football-reference.com/boxscores/201712030buf.htm,2,08:41,1,10,NE 49,3,0,(8:41) 33-D.Lewis right guard pushed ob at BUF 7 for 44 yards (27-T.White).,2.451,2.916
2017,13,December 3,away,Buffalo Bills,https://www.pro-football-reference.com/boxscores/201712030buf.htm,2,07:57,1,7,BUF 7,3,0,(7:57) 34-R.Burkhead right guard to BUF 5 for 2 yards (54-E.Yarbrough).,5.367,-0.125
2017,13,December 3,away,Buffalo Bills,https://www.pro-football-reference.com/boxscores/201712030buf.htm,2,07:14,2,5,BUF 5,3,0,(7:14) (Shotgun) 12-T.Brady pass incomplete short left to 34-R.Burkhead (52-P.Brown) [56-R.Davis]. Receiver and coverage in flat at BUF 2.,5.242,-0.975
2017,13,December 3,away,Buffalo Bills,https://www.pro-football-reference.com/boxscores/201712030buf.htm,2,07:09,3,5,BUF 5,3,0,(7:09) (Shotgun) 12-T.Brady sacked at BUF 13 for -8 yards (95-K.Williams).,4.266,-1.463
2017,13,December 3,away,Buffalo Bills,https://www.pro-football-reference.com/boxscores/201712030buf.htm,2,06:30,4,13,BUF 13,6,0,"(6:30) 3-S.Gostkowski 31 yard field goal is GOOD, Center-49-J.Cardona, Holder-6-R.Allen.",2.803,0.197
2017,13,December 3,away,Buffalo Bills,https://www.pro-football-reference.com/boxscores/201712030buf.htm,2,06:26,,,NE 35,6,0,"3-S.Gostkowski kicks 65 yards from NE 35 to end zone, Touchback. Kick through end zone.",1.075,0.000
2017,13,December 3,away,Buffalo Bills,https://www.pro-football-reference.com/boxscores/201712030buf.htm,2,06:26,1,10,BUF 25,6,0,"(6:26) J.Webb in at QB (T.Taylor at WR). (Shotgun) 14-J.Webb up the middle to BUF 47 for 22 yards (21-M.Butler, 32-D.McCourty).",1.075,1.365
2017,13,December 3,away,Buffalo Bills,https://www.pro-football-reference.com/boxscores/201712030buf.htm,2,05:50,1,10,BUF 47,6,0,(5:50) T.Taylor at QB. 25-L.McCoy right end to NE 49 for 4 yards (93-L.Guy; 32-D.McCourty).,2.440,-0.118
2017,13,December 3,away,Buffalo Bills,https://www.pro-football-reference.com/boxscores/201712030buf.htm,2,05:17,2,6,NE 49,6,0,(5:17) 25-L.McCoy left guard to NE 37 for 12 yards (21-M.Butler; 45-D.Harris).,2.322,1.143
2017,13,December 3,away,Buffalo Bills,https://www.pro-football-reference.com/boxscores/201712030buf.htm,2,04:40,1,10,NE 37,6,0,(4:40) 25-L.McCoy left tackle to NE 37 for no gain (90-M.Brown).,3.465,-0.502
2017,13,December 3,away,Buffalo Bills,https://www.pro-football-reference.com/boxscores/201712030buf.htm,2,04:01,2,10,NE 37,6,0,"(4:01) J.Webb at QB (T.Taylor at WR). (Shotgun) 14-J.Webb pass incomplete deep middle to 39-T.Cadet. Overthrown, receiver at NE 9.",2.963,-0.601
2017,13,December 3,away,Buffalo Bills,https://www.pro-football-reference.com/boxscores/201712030buf.htm,2,03:56,3,10,NE 37,6,0,"(3:56) T.Taylor at QB. (Shotgun) 5-T.Taylor pass short left to 39-T.Cadet to NE 30 for 7 yards (37-J.Richards). Caught at NE 37, slanting to middle.",2.361,-0.719
2017,13,December 3,away,Buffalo Bills,https://www.pro-football-reference.com/boxscores/201712030buf.htm,2,03:11,4,3,NE 30,6,3,"(3:11) 4-S.Hauschka 49 yard field goal is GOOD, Center-69-R.Ferguson, Holder-6-C.Schmidt.",1.642,1.358
2017,13,December 3,away,Buffalo Bills,https://www.pro-football-reference.com/boxscores/201712030buf.htm,2,03:05,,,BUF 35,6,3,"4-S.Hauschka kicks 65 yards from BUF 35 to end zone, Touchback. Kick through end zone.",0.940,0.000
2017,13,December 3,away,Buffalo Bills,https://www.pro-football-reference.com/boxscores/201712030buf.htm,2,03:05,1,10,NE 25,6,3,(3:05) 33-D.Lewis right tackle to NE 27 for 2 yards (50-R.Humber; 55-J.Hughes).,0.940,-0.354
2017,13,December 3,away,Buffalo Bills,https://www.pro-football-reference.com/boxscores/201712030buf.htm,2,02:25,2,8,NE 27,6,3,"(2:25) (Shotgun) 12-T.Brady pass short right to 87-R.Gronkowski to NE 39 for 12 yards (23-M.Hyde). Caught at NE 27, slanting to middle.",0.586,1.019
2017,13,December 3,away,Buffalo Bills,https://www.pro-football-reference.com/boxscores/201712030buf.htm,2,02:00,1,10,NE 39,6,3,(2:00) (Shotgun) 34-R.Burkhead right end pushed ob at BUF 30 for 31 yards (23-M.Hyde).,1.605,1.876
2017,13,December 3,away,Buffalo Bills,https://www.pro-football-reference.com/boxscores/201712030buf.htm,2,01:53,1,10,BUF 30,6,3,(1:53) (Shotgun) 34-R.Burkhead left end to BUF 28 for 2 yards (54-E.Yarbrough).,3.482,-0.267
2017,13,December 3,away,Buffalo Bills,https://www.pro-football-reference.com/boxscores/201712030buf.htm,2,01:16,2,8,BUF 28,6,3,"(1:16) (Shotgun) 12-T.Brady pass incomplete short left to 80-D.Amendola. Underthrown, receiver at BUF 23.",3.214,-0.357
2017,13,December 3,away,Buffalo Bills,https://www.pro-football-reference.com/boxscores/201712030buf.htm,2,01:13,3,8,BUF 28,6,3,(1:13) (Shotgun) 12-T.Brady pass short middle to 34-R.Burkhead to BUF 17 for 11 yards (50-R.Humber). Caught at BUF 23.,2.858,1.413
2017,13,December 3,away,Buffalo Bills,https://www.pro-football-reference.com/boxscores/201712030buf.htm,2,01:02,,,BUF 17,6,3,Timeout #1 by NE at 01:02.,4.271,0.000
2017,13,December 3,away,Buffalo Bills,https://www.pro-football-reference.com/boxscores/201712030buf.htm,2,01:02,1,10,BUF 17,6,3,(1:02) (Shotgun) 28-J.White up the middle to BUF 14 for 3 yards (52-P.Brown).,4.271,-0.099
2017,13,December 3,away,Buffalo Bills,https://www.pro-football-reference.com/boxscores/201712030buf.htm,2,00:34,2,7,BUF 14,6,3,(:34) (Shotgun) 12-T.Brady sacked at BUF 20 for -6 yards (92-A.Washington).,4.172,-1.260
2017,13,December 3,away,Buffalo Bills,https://www.pro-football-reference.com/boxscores/201712030buf.htm,2,00:25,,,BUF 20,6,3,Timeout #2 by NE at 00:25.,2.912,0.000
2017,13,December 3,away,Buffalo Bills,https://www.pro-football-reference.com/boxscores/201712030buf.htm,2,00:25,3,13,BUF 20,6,3,"(:25) (Shotgun) PENALTY on NE-77-N.Solder, False Start, 5 yards, enforced at BUF 20 - No Play.",2.912,-0.237
2017,13,December 3,away,Buffalo Bills,https://www.pro-football-reference.com/boxscores/201712030buf.htm,2,00:25,3,18,BUF 25,6,3,"(:25) (Shotgun) 28-J.White up the middle to BUF 20 for 5 yards (24-L.Johnson, 21-J.Poyer).",2.675,-0.054
2017,13,December 3,away,Buffalo Bills,https://www.pro-football-reference.com/boxscores/201712030buf.htm,2,00:20,,,BUF 20,6,3,Timeout #2 by BUF at 00:20.,2.620,0.000
2017,13,December 3,away,Buffalo Bills,https://www.pro-football-reference.com/boxscores/201712030buf.htm,2,00:19,4,13,BUF 20,9,3,"(:19) 3-S.Gostkowski 39 yard field goal is GOOD, Center-49-J.Cardona, Holder-6-R.Allen.",2.620,0.380
2017,13,December 3,away,Buffalo Bills,https://www.pro-football-reference.com/boxscores/201712030buf.htm,2,00:15,,,NE 35,9,3,"3-S.Gostkowski kicks 65 yards from NE 35 to end zone, Touchback. Kick through end zone.",0.085,0.000
2017,13,December 3,away,Buffalo Bills,https://www.pro-football-reference.com/boxscores/201712030buf.htm,2,00:15,1,10,BUF 25,9,3,"(:15) (Shotgun) 5-T.Taylor pass incomplete short right to 39-T.Cadet. Underthrown, receiver at BUF 28.",0.085,-0.013
2017,13,December 3,away,Buffalo Bills,https://www.pro-football-reference.com/boxscores/201712030buf.htm,2,00:10,2,10,BUF 25,9,3,"(:10) (Shotgun) 39-T.Cadet up the middle to BUF 30 for 5 yards (70-A.Butler, 55-E.Lee).",0.072,-0.723
2017,13,December 3,away,Buffalo Bills,https://www.pro-football-reference.com/boxscores/201712030buf.htm,3,15:00,,,BUF 35,9,3,4-S.Hauschka kicks 52 yards from BUF 35 to NE 13. 34-R.Burkhead to NE 30 for 17 yards (29-S.Thomas).,0.651,0.299
2017,13,December 3,away,Buffalo Bills,https://www.pro-football-reference.com/boxscores/201712030buf.htm,3,14:54,1,10,NE 30,9,3,"(14:54) (Shotgun) 12-T.Brady pass short right to 87-R.Gronkowski pushed ob at NE 41 for 11 yards (24-L.Johnson). Receiver near sideline at NE 36. PENALTY on NE-87-R.Gronkowski, Offensive Pass Interference, 10 yards, enforced at NE 30 - No Play.",0.950,-1.062
2017,13,December 3,away,Buffalo Bills,https://www.pro-football-reference.com/boxscores/201712030buf.htm,3,14:26,1,20,NE 20,9,3,(14:26) 12-T.Brady pass short right to 14-B.Cooks to NE 24 for 4 yards (27-T.White). Caught near sideline at NE 24.,-0.111,-0.363
2017,13,December 3,away,Buffalo Bills,https://www.pro-football-reference.com/boxscores/201712030buf.htm,3,13:47,2,16,NE 24,9,3,"(13:47) (Shotgun) 12-T.Brady pass short right to 28-J.White to NE 29 for 5 yards (27-T.White). Screen pass, caught at NE 20.",-0.475,0.058
2017,13,December 3,away,Buffalo Bills,https://www.pro-football-reference.com/boxscores/201712030buf.htm,3,13:08,3,11,NE 29,9,3,"(13:08) (Shotgun) 12-T.Brady pass short left to 87-R.Gronkowski to NE 48 for 19 yards (23-M.Hyde; 52-P.Brown). BUF-24-L.Johnson was injured during the play. His return is Questionable.  Caught at NE 41, slanting to middle.",-0.416,2.763
2017,13,December 3,away,Buffalo Bills,https://www.pro-football-reference.com/boxscores/201712030buf.htm,3,12:49,1,10,NE 48,9,3,"(12:49) 33-D.Lewis left guard to BUF 46 for 6 yards (28-E.Gaines, 50-R.Humber).",2.347,0.251
2017,13,December 3,away,Buffalo Bills,https://www.pro-football-reference.com/boxscores/201712030buf.htm,3,12:15,2,4,BUF 46,9,3,"(12:15) 33-D.Lewis up the middle to BUF 42 for 4 yards (56-R.Davis, 98-D.Coleman).",2.598,0.408
2017,13,December 3,away,Buffalo Bills,https://www.pro-football-reference.com/boxscores/201712030buf.htm,3,11:43,1,10,BUF 42,9,3,(11:43) (Shotgun) 12-T.Brady pass short left to 87-R.Gronkowski to BUF 26 for 16 yards (23-M.Hyde). Caught in flat at BUF 29.,3.006,1.104
2017,13,December 3,away,Buffalo Bills,https://www.pro-football-reference.com/boxscores/201712030buf.htm,3,11:07,1,10,BUF 26,9,3,"(11:07) PENALTY on NE-87-R.Gronkowski, False Start, 5 yards, enforced at BUF 26 - No Play.",4.111,-0.701
2017,13,December 3,away,Buffalo Bills,https://www.pro-football-reference.com/boxscores/201712030buf.htm,3,10:42,1,15,BUF 31,9,3,"(10:42) (Shotgun) 12-T.Brady pass short middle to 87-R.Gronkowski to BUF 16 for 15 yards (21-J.Poyer; 52-P.Brown). Caught at BUF 16, crossing from right.",3.409,1.245
2017,13,December 3,away,Buffalo Bills,https://www.pro-football-reference.com/boxscores/201712030buf.htm,3,10:08,1,10,BUF 16,9,3,(10:08) 33-D.Lewis left guard to BUF 1 for 15 yards (21-J.Poyer).,4.655,1.730
2017,13,December 3,away,Buffalo Bills,https://www.pro-football-reference.com/boxscores/201712030buf.htm,3,09:31,1,1,BUF 1,9,3,"(9:31) 34-R.Burkhead right guard to BUF 1 for no gain (23-M.Hyde, 52-P.Brown).",6.385,-0.294
2017,13,December 3,away,Buffalo Bills,https://www.pro-football-reference.com/boxscores/201712030buf.htm,3,09:05,2,1,BUF 1,15,3,"(9:05) 34-R.Burkhead left guard for 1 yard, TOUCHDOWN.",6.092,0.908
2017,13,December 3,away,Buffalo Bills,https://www.pro-football-reference.com/boxscores/201712030buf.htm,3,09:02,,,BUF 15,16,3,"3-S.Gostkowski extra point is GOOD, Center-49-J.Cardona, Holder-6-R.Allen.",0.932,0.068
2017,13,December 3,away,Buffalo Bills,https://www.pro-football-reference.com/boxscores/201712030buf.htm,3,09:02,,,NE 35,16,3,3-S.Gostkowski kicks 67 yards from NE 35 to BUF -2. 15-B.Tate to BUF 19 for 21 yards (31-J.Jones; 36-B.King).,1.433,-0.578
2017,13,December 3,away,Buffalo Bills,https://www.pro-football-reference.com/boxscores/201712030buf.htm,3,08:55,1,10,BUF 19,16,3,"(8:55) 5-T.Taylor pass deep right to 85-C.Clay pushed ob at BUF 42 for 23 yards (32-D.McCourty). Caught near sideline at BUF 40. PENALTY on BUF-25-L.McCoy, Illegal Use of Hands, 9 yards, enforced at BUF 19 - No Play.",0.856,-1.128
2017,13,December 3,away,Buffalo Bills,https://www.pro-football-reference.com/boxscores/201712030buf.htm,3,08:41,1,19,BUF 10,16,3,(8:41) (Shotgun) 25-L.McCoy left guard to BUF 14 for 4 yards (45-D.Harris).,-0.272,-0.269
2017,13,December 3,away,Buffalo Bills,https://www.pro-football-reference.com/boxscores/201712030buf.htm,3,08:08,2,15,BUF 14,16,3,"(8:08) (Shotgun) 5-T.Taylor pass short middle to 87-J.Matthews to BUF 28 for 14 yards (32-D.McCourty). Caught at BUF 23, crossing from left.",-0.541,1.858
2017,13,December 3,away,Buffalo Bills,https://www.pro-football-reference.com/boxscores/201712030buf.htm,3,07:29,3,1,BUF 28,16,3,(7:29) (Shotgun) 5-T.Taylor scrambles left end pushed ob at BUF 33 for 5 yards (59-M.Flowers).,1.317,0.577
2017,13,December 3,away,Buffalo Bills,https://www.pro-football-reference.com/boxscores/201712030buf.htm,3,07:06,1,10,BUF 33,16,3,"(7:06) 39-T.Cadet right tackle to BUF 37 for 4 yards (52-E.Roberts, 90-M.Brown).",1.894,-0.081
2017,13,December 3,away,Buffalo Bills,https://www.pro-football-reference.com/boxscores/201712030buf.htm,3,06:35,2,6,BUF 37,16,3,(6:35) 39-T.Cadet left end pushed ob at BUF 38 for 1 yard (21-M.Butler).,1.813,-0.715
2017,13,December 3,away,Buffalo Bills,https://www.pro-football-reference.com/boxscores/201712030buf.htm,3,06:11,3,5,BUF 38,16,3,"(6:11) (Shotgun) 5-T.Taylor sacked at BUF 18 for -20 yards (sack split by 53-K.Van Noy and 45-D.Harris). Penalty on BUF-62-V.Ducasse, Offensive Holding, declined.",1.099,-3.210
2017,13,December 3,away,Buffalo Bills,https://www.pro-football-reference.com/boxscores/201712030buf.htm,3,05:54,4,25,BUF 18,16,3,"(5:54) 6-C.Schmidt punts 50 yards to NE 32, Center-69-R.Ferguson. 80-D.Amendola to NE 32 for no gain (18-A.Holmes). PENALTY on NE-29-J.Bademosi, Offensive Holding, 10 yards, enforced at NE 32.",-2.111,1.759
2017,13,December 3,away,Buffalo Bills,https://www.pro-football-reference.com/boxscores/201712030buf.htm,3,05:46,1,10,NE 22,16,3,"(5:46) (Shotgun) 12-T.Brady pass short left to 34-R.Burkhead pushed ob at NE 30 for 8 yards (28-E.Gaines, 30-L.Pitts). Caught near sideline at NE 28.",0.352,0.695
2017,13,December 3,away,Buffalo Bills,https://www.pro-football-reference.com/boxscores/201712030buf.htm,3,05:09,2,2,NE 30,16,3,(5:09) (Shotgun) 12-T.Brady pass short left to 83-D.Allen to NE 33 for 3 yards (23-M.Hyde). Caught in flat at NE 31.,1.047,0.127
2017,13,December 3,away,Buffalo Bills,https://www.pro-football-reference.com/boxscores/201712030buf.htm,3,04:33,1,10,NE 33,16,3,(4:33) 34-R.Burkhead right guard to NE 37 for 4 yards (92-A.Washington).,1.174,-0.021
2017,13,December 3,away,Buffalo Bills,https://www.pro-football-reference.com/boxscores/201712030buf.htm,3,03:53,2,6,NE 37,16,3,(3:53) (Shotgun) 12-T.Brady pass deep right to 87-R.Gronkowski to BUF 33 for 30 yards (27-T.White). Caught in coverage near sideline at BUF 34.,1.153,2.490
2017,13,December 3,away,Buffalo Bills,https://www.pro-football-reference.com/boxscores/201712030buf.htm,3,03:07,1,10,BUF 33,16,3,(3:07) 33-D.Lewis left tackle to BUF 33 for no gain (95-K.Williams).,3.643,-0.393
2017,13,December 3,away,Buffalo Bills,https://www.pro-football-reference.com/boxscores/201712030buf.htm,3,02:29,2,10,BUF 33,16,3,"(2:29) (Shotgun) 12-T.Brady pass incomplete short middle to 80-D.Amendola (23-M.Hyde). Receiver and coverage at BUF 28, crossing from right.",3.250,-0.650
2017,13,December 3,away,Buffalo Bills,https://www.pro-football-reference.com/boxscores/201712030buf.htm,3,02:25,3,10,BUF 33,16,3,"(2:25) (Shotgun) 12-T.Brady pass short left to 28-J.White to BUF 23 for 10 yards (21-J.Poyer; 50-R.Humber). Dump pass, caught at BUF 30.",2.600,1.668
2017,13,December 3,away,Buffalo Bills,https://www.pro-football-reference.com/boxscores/201712030buf.htm,3,01:51,1,10,BUF 23,16,3,(1:51) 34-R.Burkhead left tackle to BUF 14 for 9 yards (23-M.Hyde).,4.269,0.766
2017,13,December 3,away,Buffalo Bills,https://www.pro-football-reference.com/boxscores/201712030buf.htm,3,01:16,2,1,BUF 14,22,3,"(1:16) 34-R.Burkhead up the middle for 14 yards, TOUCHDOWN. The Replay Official reviewed the runner broke the plane ruling, and the play was Upheld. The ruling on the field stands.",5.035,1.965
2017,13,December 3,away,Buffalo Bills,https://www.pro-football-reference.com/boxscores/201712030buf.htm,3,01:08,,,BUF 15,23,3,"3-S.Gostkowski extra point is GOOD, Center-49-J.Cardona, Holder-6-R.Allen.",0.932,0.068
2017,13,December 3,away,Buffalo Bills,https://www.pro-football-reference.com/boxscores/201712030buf.htm,3,01:08,,,NE 35,23,3,"3-S.Gostkowski kicks 65 yards from NE 35 to end zone, Touchback. B.Tate kneels 2 yds. into end zone.",1.382,0.000
2017,13,December 3,away,Buffalo Bills,https://www.pro-football-reference.com/boxscores/201712030buf.htm,3,01:08,1,10,BUF 25,23,3,(1:08) 25-L.McCoy right guard to BUF 29 for 4 yards (91-D.Wise).,1.382,-0.082
2017,13,December 3,away,Buffalo Bills,https://www.pro-football-reference.com/boxscores/201712030buf.htm,3,00:46,2,6,BUF 29,23,3,"(:46) (No Huddle, Shotgun) 5-T.Taylor pass short right to 85-C.Clay to BUF 32 for 3 yards (23-P.Chung). Caught near sideline at BUF 32.",1.300,-0.321
2017,13,December 3,away,Buffalo Bills,https://www.pro-football-reference.com/boxscores/201712030buf.htm,3,00:03,3,3,BUF 32,23,3,(:03) (Shotgun) 5-T.Taylor scrambles right end pushed ob at BUF 41 for 9 yards (52-E.Roberts).,0.979,1.328
2017,13,December 3,away,Buffalo Bills,https://www.pro-football-reference.com/boxscores/201712030buf.htm,4,15:00,1,10,BUF 41,23,3,(15:00) (Shotgun) 5-T.Taylor pass incomplete short right to 25-L.McCoy (55-E.Lee) [90-M.Brown]. Pass tipped at line.,2.307,-0.476
2017,13,December 3,away,Buffalo Bills,https://www.pro-football-reference.com/boxscores/201712030buf.htm,4,14:53,2,10,BUF 41,23,3,"(14:53) (Shotgun) 5-T.Taylor pass incomplete short right to 10-D.Thompson [55-E.Lee]. Underthrown, receiver in flat at NE 46.",1.831,-0.782
2017,13,December 3,away,Buffalo Bills,https://www.pro-football-reference.com/boxscores/201712030buf.htm,4,14:48,3,10,BUF 41,23,3,"(14:48) (Shotgun) 5-T.Taylor pass incomplete short right to 11-Z.Jones. Thrown wide of receiver at NE 49. Penalty on BUF-11-Z.Jones, Offensive Pass Interference, offsetting, enforced at BUF 41 - No Play. Penalty on NE-21-M.Butler, Face Mask (15 Yards), offsetting.",1.049,-0.001
2017,13,December 3,away,Buffalo Bills,https://www.pro-football-reference.com/boxscores/201712030buf.htm,4,14:42,3,10,BUF 41,23,3,"(14:42) (Shotgun) 5-T.Taylor pass incomplete deep right to 10-D.Thompson. Overthrown, receiver along sideline at NE 19.",1.047,-1.529
2017,13,December 3,away,Buffalo Bills,https://www.pro-football-reference.com/boxscores/201712030buf.htm,4,14:35,4,10,BUF 41,23,3,"(14:35) 6-C.Schmidt punts 40 yards to NE 19, Center-69-R.Ferguson, out of bounds.",-0.482,0.218
2017,13,December 3,away,Buffalo Bills,https://www.pro-football-reference.com/boxscores/201712030buf.htm,4,14:28,1,10,NE 19,23,3,(14:28) 33-D.Lewis up the middle to NE 24 for 5 yards (23-M.Hyde).,0.264,0.045
2017,13,December 3,away,Buffalo Bills,https://www.pro-football-reference.com/boxscores/201712030buf.htm,4,13:48,2,5,NE 24,23,3,(13:48) (Shotgun) 34-R.Burkhead right tackle to NE 26 for 2 yards (54-E.Yarbrough).,0.310,-0.261
2017,13,December 3,away,Buffalo Bills,https://www.pro-football-reference.com/boxscores/201712030buf.htm,4,13:10,3,3,NE 26,23,3,"(13:10) (Shotgun) 12-T.Brady pass incomplete short left to 28-J.White (58-M.Milano). Receiver and coverage at NE 28, near sideline.",0.048,-1.566
2017,13,December 3,away,Buffalo Bills,https://www.pro-football-reference.com/boxscores/201712030buf.htm,4,13:05,4,3,NE 26,23,3,"(13:05) 6-R.Allen punts 48 yards to BUF 26, Center-49-J.Cardona, fair catch by 15-B.Tate.",-1.517,0.061
2017,13,December 3,away,Buffalo Bills,https://www.pro-football-reference.com/boxscores/201712030buf.htm,4,12:58,1,10,BUF 26,23,3,(12:58) N.Peterman in at QB. (Shotgun) 25-L.McCoy right end to BUF 39 for 13 yards (21-M.Butler).,1.456,0.735
2017,13,December 3,away,Buffalo Bills,https://www.pro-football-reference.com/boxscores/201712030buf.htm,4,12:28,1,10,BUF 39,23,3,"(12:28) (Shotgun) 2-N.Peterman pass incomplete short right to 18-A.Holmes. Receiver and coverage at NE 49, slanting to middle.",2.191,-0.442
2017,13,December 3,away,Buffalo Bills,https://www.pro-football-reference.com/boxscores/201712030buf.htm,4,12:26,2,10,BUF 39,23,3,"(12:26) (Shotgun) 2-N.Peterman pass incomplete deep right to 10-D.Thompson. Overthrown, receiver at NE 44.",1.749,-0.772
2017,13,December 3,away,Buffalo Bills,https://www.pro-football-reference.com/boxscores/201712030buf.htm,4,12:21,3,10,BUF 39,23,3,"(12:21) (Shotgun) 2-N.Peterman sacked at BUF 39 for 0 yards (91-D.Wise). PENALTY on NE-21-M.Butler, Defensive Holding, 5 yards, enforced at BUF 39 - No Play.",0.977,1.554
2017,13,December 3,away,Buffalo Bills,https://www.pro-football-reference.com/boxscores/201712030buf.htm,4,11:58,1,10,BUF 44,23,3,(11:58) (Shotgun) 25-L.McCoy right guard to BUF 44 for no gain (23-P.Chung).,2.530,-0.417
2017,13,December 3,away,Buffalo Bills,https://www.pro-football-reference.com/boxscores/201712030buf.htm,4,11:26,2,10,BUF 44,23,3,(11:26) (Shotgun) 2-N.Peterman pass short right to 10-D.Thompson to NE 44 for 12 yards (21-M.Butler). Caught at NE 44.,2.113,1.057
2017,13,December 3,away,Buffalo Bills,https://www.pro-football-reference.com/boxscores/201712030buf.htm,4,10:55,1,10,NE 44,23,3,"(10:55) (No Huddle, Shotgun) 2-N.Peterman pass short left to 11-Z.Jones to NE 31 for 13 yards (24-S.Gilmore). Caught at NE 31, crossing to middle.",3.170,0.787
2017,13,December 3,away,Buffalo Bills,https://www.pro-football-reference.com/boxscores/201712030buf.htm,4,10:32,1,10,NE 31,23,3,(10:32) (No Huddle) 25-L.McCoy right guard to NE 19 for 12 yards (59-M.Flowers).,3.957,0.698
2017,13,December 3,away,Buffalo Bills,https://www.pro-football-reference.com/boxscores/201712030buf.htm,4,10:05,1,10,NE 19,23,3,"(10:05) (No Huddle, Shotgun) 2-N.Peterman pass incomplete deep right to 10-D.Thompson. Overthrown, receiver 8 yds. into end zone.",4.655,-0.428
2017,13,December 3,away,Buffalo Bills,https://www.pro-football-reference.com/boxscores/201712030buf.htm,4,10:00,2,10,NE 19,23,3,(10:00) (Shotgun) 39-T.Cadet left tackle to NE 7 for 12 yards (90-M.Brown; 70-A.Butler).,4.228,1.242
2017,13,December 3,away,Buffalo Bills,https://www.pro-football-reference.com/boxscores/201712030buf.htm,4,09:26,1,7,NE 7,23,3,"(9:26) 2-N.Peterman pass incomplete short right to 11-Z.Jones (24-S.Gilmore). Fade pattern, receiver and coverage in rear corner of end zone.",5.469,-0.476
2017,13,December 3,away,Buffalo Bills,https://www.pro-football-reference.com/boxscores/201712030buf.htm,4,09:20,2,7,NE 7,23,3,"(9:20) (Shotgun) 2-N.Peterman pass incomplete short left to 11-Z.Jones. Underthrown, receiver 6 yds. into end zone.",4.993,-0.848
2017,13,December 3,away,Buffalo Bills,https://www.pro-football-reference.com/boxscores/201712030buf.htm,4,09:16,3,7,NE 7,23,3,(9:16) (Shotgun) 2-N.Peterman pass short left to 25-L.McCoy pushed ob at NE 1 for 6 yards (37-J.Richards). Caught near sideline at NE 2.,4.146,0.202
2017,13,December 3,away,Buffalo Bills,https://www.pro-football-reference.com/boxscores/201712030buf.htm,4,08:51,,,NE 1,23,3,Timeout #1 by NE at 08:51.,4.348,0.000
2017,13,December 3,away,Buffalo Bills,https://www.pro-football-reference.com/boxscores/201712030buf.htm,4,08:51,4,1,NE 1,23,3,(8:51) 2-N.Peterman pass incomplete short left to 11-Z.Jones (24-S.Gilmore). Receiver and coverage in rear corner of end zone.,4.348,-3.174
2017,13,December 3,away,Buffalo Bills,https://www.pro-football-reference.com/boxscores/201712030buf.htm,4,08:47,1,10,NE 1,23,3,"(8:47) 12-T.Brady pass short middle to 14-B.Cooks to NE 14 for 13 yards (30-L.Pitts) [91-C.Thornton]. Caught at NE 11, slanting to right.",-1.174,1.350
2017,13,December 3,away,Buffalo Bills,https://www.pro-football-reference.com/boxscores/201712030buf.htm,4,08:10,1,10,NE 14,23,3,(8:10) (Shotgun) 33-D.Lewis left tackle to NE 12 for -2 yards (92-A.Washington; 56-R.Davis).,0.176,-0.802
2017,13,December 3,away,Buffalo Bills,https://www.pro-football-reference.com/boxscores/201712030buf.htm,4,07:33,2,12,NE 12,23,3,(7:33) (Shotgun) 12-T.Brady pass short left to 87-R.Gronkowski to NE 14 for 2 yards (21-J.Poyer). Caught near sideline at NE 13.,-0.626,-0.258
2017,13,December 3,away,Buffalo Bills,https://www.pro-football-reference.com/boxscores/201712030buf.htm,4,06:55,3,10,NE 14,23,3,(6:55) (Shotgun) 12-T.Brady pass deep left to 87-R.Gronkowski pushed ob at NE 33 for 19 yards (52-P.Brown). Caught near sideline at NE 30.,-0.884,2.287
2017,13,December 3,away,Buffalo Bills,https://www.pro-football-reference.com/boxscores/201712030buf.htm,4,06:41,1,10,NE 33,23,3,"(6:41) (Shotgun) 33-D.Lewis left guard to NE 40 for 7 yards (21-J.Poyer). PENALTY on NE-87-R.Gronkowski, Offensive Holding, 10 yards, enforced at NE 33 - No Play.",1.403,-0.973
2017,13,December 3,away,Buffalo Bills,https://www.pro-football-reference.com/boxscores/201712030buf.htm,4,06:20,1,20,NE 23,23,3,"(6:20) 12-T.Brady pass short left to 87-R.Gronkowski to NE 41 for 18 yards (23-M.Hyde). Caught at NE 35, slanting from middle.",0.430,1.312
2017,13,December 3,away,Buffalo Bills,https://www.pro-football-reference.com/boxscores/201712030buf.htm,4,05:43,2,2,NE 41,23,3,"(5:43) 33-D.Lewis right tackle to NE 41 for no gain (52-P.Brown, 27-T.White).",1.742,-0.665
2017,13,December 3,away,Buffalo Bills,https://www.pro-football-reference.com/boxscores/201712030buf.htm,4,05:01,3,2,NE 41,23,3,"(5:01) (Shotgun) PENALTY on NE-71-C.Fleming, False Start, 5 yards, enforced at NE 41 - No Play.",1.077,-0.635
2017,13,December 3,away,Buffalo Bills,https://www.pro-football-reference.com/boxscores/201712030buf.htm,4,04:50,3,7,NE 36,23,3,"(4:50) (Shotgun) 12-T.Brady pass deep right intended for 87-R.Gronkowski INTERCEPTED by 27-T.White at BUF 41. 27-T.White to BUF 41 for no gain (13-P.Dorsett). BUF-27-T.White was injured during the play.  Penalty on NE-87-R.Gronkowski, Unnecessary Roughness, offsetting. Penalty on NE-80-D.Amendola, Unnecessary Roughness, offsetting. Penalty on BUF-23-M.Hyde, Unnecessary Roughness, offsetting. PENALTY on BUF-55-J.Hughes, Unsportsmanlike Conduct, 15 yards, enforced between downs. Unsportmanlike conduct foul against an official, penalty assessed after chains set, results in 1st-and-25 for BUF.",0.443,-1.106
2017,13,December 3,away,Buffalo Bills,https://www.pro-football-reference.com/boxscores/201712030buf.htm,4,04:39,1,25,BUF 26,23,3,(4:39) (Shotgun) 2-N.Peterman pass incomplete short middle to 10-D.Thompson (32-D.McCourty). Receiver and coverage at BUF 36.,0.664,-0.504
2017,13,December 3,away,Buffalo Bills,https://www.pro-football-reference.com/boxscores/201712030buf.htm,4,04:35,2,25,BUF 26,23,3,(4:35) (Shotgun) 2-N.Peterman pass short left to 82-L.Thomas to BUF 29 for 3 yards (23-P.Chung). Caught near sideline at BUF 28.,0.160,-0.231
2017,13,December 3,away,Buffalo Bills,https://www.pro-football-reference.com/boxscores/201712030buf.htm,4,04:07,3,22,BUF 29,23,3,"(4:07) (No Huddle, Shotgun) 2-N.Peterman pass short left to 82-L.Thomas to BUF 36 for 7 yards (32-D.McCourty). Caught near sideline at BUF 34.",-0.071,-0.653
2017,13,December 3,away,Buffalo Bills,https://www.pro-football-reference.com/boxscores/201712030buf.htm,4,03:41,,,BUF 36,23,3,Timeout #1 by BUF at 03:41.,-0.724,0.000
2017,13,December 3,away,Buffalo Bills,https://www.pro-football-reference.com/boxscores/201712030buf.htm,4,03:41,4,15,BUF 36,23,3,"(3:41) (Shotgun) 2-N.Peterman pass short middle to 39-T.Cadet to BUF 45 for 9 yards (23-P.Chung, 31-J.Jones). Dump pass, caught at BUF 40.",-0.724,-1.809
2017,13,December 3,away,Buffalo Bills,https://www.pro-football-reference.com/boxscores/201712030buf.htm,4,03:33,1,10,BUF 45,23,3,(3:33) 34-R.Burkhead left tackle to BUF 47 for -2 yards (55-J.Hughes).,2.533,-0.775
2017,13,December 3,away,Buffalo Bills,https://www.pro-football-reference.com/boxscores/201712030buf.htm,4,02:53,2,12,BUF 47,23,3,"(2:53) PENALTY on NE-83-D.Allen, False Start, 6 yards, enforced at BUF 47 - No Play.",1.759,-0.421
2017,13,December 3,away,Buffalo Bills,https://www.pro-football-reference.com/boxscores/201712030buf.htm,4,02:53,2,18,NE 47,23,3,(2:53) 34-R.Burkhead right guard to BUF 48 for 5 yards (21-J.Poyer).,1.338,-0.217
2017,13,December 3,away,Buffalo Bills,https://www.pro-football-reference.com/boxscores/201712030buf.htm,4,02:11,3,13,BUF 48,23,3,(2:11) (Shotgun) 28-J.White right guard to BUF 46 for 2 yards (57-L.Alexander).,1.120,-0.976
2017,13,December 3,away,Buffalo Bills,https://www.pro-football-reference.com/boxscores/201712030buf.htm,4,02:04,,,BUF 46,23,3,Timeout #2 by BUF at 02:04.,0.144,0.000
2017,13,December 3,away,Buffalo Bills,https://www.pro-football-reference.com/boxscores/201712030buf.htm,4,02:03,4,11,BUF 46,23,3,"(2:03) 6-R.Allen punts 31 yards to BUF 15, Center-49-J.Cardona, fair catch by 15-B.Tate.",0.144,-0.687
2017,13,December 3,away,Buffalo Bills,https://www.pro-football-reference.com/boxscores/201712030buf.htm,4,01:56,1,10,BUF 15,23,3,(1:56) (Shotgun) 2-N.Peterman sacked at BUF 10 for -5 yards (sack split by 90-M.Brown and 55-E.Lee).,0.543,-0.531
2017,13,December 3,away,Buffalo Bills,https://www.pro-football-reference.com/boxscores/201712030buf.htm,4,01:33,2,15,BUF 10,23,3,"(1:33) (No Huddle, Shotgun) 2-N.Peterman scrambles up the middle to BUF 19 for 9 yards (55-E.Lee).",0.012,0.218
2017,13,December 3,away,Buffalo Bills,https://www.pro-football-reference.com/boxscores/201712030buf.htm,4,01:09,3,6,BUF 19,23,3,"(1:09) (No Huddle, Shotgun) 2-N.Peterman pass incomplete short left to 87-J.Matthews. Dropped, receiver along sideline at BUF 25.",0.230,-0.608
2017,13,December 3,away,Buffalo Bills,https://www.pro-football-reference.com/boxscores/201712030buf.htm,4,01:05,4,6,BUF 19,23,3,(1:05) (Shotgun) 2-N.Peterman pass incomplete short middle to 11-Z.Jones (25-E.Rowe) [91-D.Wise]. Receiver and coverage at BUF 28.,-0.378,-3.651
2017,13,December 3,away,Buffalo Bills,https://www.pro-football-reference.com/boxscores/201712030buf.htm,4,00:59,1,10,BUF 19,23,3,(:59) B.Hoyer in at QB. 2-B.Hoyer kneels to BUF 20 for -1 yards.,4.028,-0.678
2017,13,December 3,away,Buffalo Bills,https://www.pro-football-reference.com/boxscores/201712030buf.htm,4,00:36,2,11,BUF 20,23,3,(:36) 2-B.Hoyer kneels to BUF 21 for -1 yards.,3.350,-3.350
2017,14,December 11,away,Miami Dolphins,https://www.pro-football-reference.com/boxscores/201712110mia.htm,1,15:00,,,NE 35,0,0,3-S.Gostkowski kicks 61 yards from NE 35 to MIA 4. 34-S.Perry to MIA 19 for 15 yards (38-B.Bolden; 18-M.Slater).,1.457,-0.554
2017,14,December 11,away,Miami Dolphins,https://www.pro-football-reference.com/boxscores/201712110mia.htm,1,14:54,1,10,MIA 19,0,0,(14:54) (Shotgun) 6-J.Cutler pass incomplete short middle to 11-D.Parker.,0.904,-0.558
2017,14,December 11,away,Miami Dolphins,https://www.pro-football-reference.com/boxscores/201712110mia.htm,1,14:49,2,10,MIA 19,0,0,(14:49) 32-K.Drake right guard to MIA 45 for 26 yards (32-D.McCourty).,0.345,2.357
2017,14,December 11,away,Miami Dolphins,https://www.pro-football-reference.com/boxscores/201712110mia.htm,1,14:15,1,10,MIA 45,0,0,"(14:15) (No Huddle, Shotgun) 6-J.Cutler pass short left to 14-J.Landry pushed ob at NE 46 for 9 yards (21-M.Butler).",2.702,0.709
2017,14,December 11,away,Miami Dolphins,https://www.pro-football-reference.com/boxscores/201712110mia.htm,1,13:37,2,1,NE 46,0,0,(13:37) (Shotgun) 32-K.Drake left tackle to NE 45 for 1 yard (23-P.Chung).,3.411,-0.097
2017,14,December 11,away,Miami Dolphins,https://www.pro-football-reference.com/boxscores/201712110mia.htm,1,13:03,1,10,NE 45,0,0,(13:03) (Shotgun) 32-K.Drake left end to NE 48 for -3 yards (59-M.Flowers).,3.315,-1.065
2017,14,December 11,away,Miami Dolphins,https://www.pro-football-reference.com/boxscores/201712110mia.htm,1,12:24,2,13,NE 48,0,0,(12:24) (Shotgun) 6-J.Cutler pass short middle to 32-K.Drake to NE 36 for 12 yards (52-E.Roberts).,2.250,1.181
2017,14,December 11,away,Miami Dolphins,https://www.pro-football-reference.com/boxscores/201712110mia.htm,1,11:45,3,1,NE 36,0,0,(11:45) 32-K.Drake left tackle to NE 36 for no gain (93-L.Guy).,3.431,-1.103
2017,14,December 11,away,Miami Dolphins,https://www.pro-football-reference.com/boxscores/201712110mia.htm,1,11:01,4,1,NE 36,0,0,(11:01) 6-J.Cutler pass short right to 11-D.Parker pushed ob at NE 21 for 15 yards (24-S.Gilmore).,2.328,2.313
2017,14,December 11,away,Miami Dolphins,https://www.pro-football-reference.com/boxscores/201712110mia.htm,1,10:22,1,10,NE 21,0,0,(10:22) (Shotgun) 6-J.Cutler pass short left to 14-J.Landry pushed ob at NE 11 for 10 yards (21-M.Butler).,4.642,0.484
2017,14,December 11,away,Miami Dolphins,https://www.pro-football-reference.com/boxscores/201712110mia.htm,1,09:57,1,10,NE 11,0,0,(9:57) (Shotgun) 32-K.Drake left tackle to NE 12 for -1 yards (97-A.Branch).,5.126,-0.737
2017,14,December 11,away,Miami Dolphins,https://www.pro-football-reference.com/boxscores/201712110mia.htm,1,09:17,2,11,NE 12,0,0,(9:17) (Shotgun) 6-J.Cutler pass incomplete short right to 10-K.Stills.,4.389,-0.725
2017,14,December 11,away,Miami Dolphins,https://www.pro-football-reference.com/boxscores/201712110mia.htm,1,09:12,3,11,NE 12,0,0,(9:12) (Shotgun) 6-J.Cutler pass incomplete short middle.,3.664,-0.845
2017,14,December 11,away,Miami Dolphins,https://www.pro-football-reference.com/boxscores/201712110mia.htm,1,09:05,4,11,NE 12,0,3,"(9:05) (Field Goal formation) 1-C.Parkey 30 yard field goal is GOOD, Center-92-J.Denney, Holder-16-M.Haack.",2.819,0.181
2017,14,December 11,away,Miami Dolphins,https://www.pro-football-reference.com/boxscores/201712110mia.htm,1,09:01,,,MIA 35,0,3,"1-C.Parkey kicks 65 yards from MIA 35 to end zone, Touchback.",0.753,0.000
2017,14,December 11,away,Miami Dolphins,https://www.pro-football-reference.com/boxscores/201712110mia.htm,1,09:01,1,10,NE 25,0,3,(9:01) (Shotgun) 34-R.Burkhead up the middle to NE 25 for no gain (93-N.Suh).,0.753,-0.552
2017,14,December 11,away,Miami Dolphins,https://www.pro-football-reference.com/boxscores/201712110mia.htm,1,08:25,2,10,NE 25,0,3,(8:25) 12-T.Brady pass incomplete short middle.,0.201,-0.699
2017,14,December 11,away,Miami Dolphins,https://www.pro-football-reference.com/boxscores/201712110mia.htm,1,08:23,3,10,NE 25,0,3,(8:23) (Shotgun) 12-T.Brady pass deep left intended for 14-B.Cooks INTERCEPTED by 25-X.Howard at MIA 40. 25-X.Howard to MIA 40 for no gain (14-B.Cooks).,-0.498,-1.840
2017,14,December 11,away,Miami Dolphins,https://www.pro-football-reference.com/boxscores/201712110mia.htm,1,08:15,1,10,MIA 40,0,3,(8:15) (Shotgun) 32-K.Drake right guard to MIA 44 for 4 yards (59-M.Flowers; 90-M.Brown).,2.338,-0.069
2017,14,December 11,away,Miami Dolphins,https://www.pro-football-reference.com/boxscores/201712110mia.htm,1,07:44,2,6,MIA 44,0,3,(7:44) (Shotgun) 6-J.Cutler pass short left to 89-J.Thomas to MIA 49 for 5 yards (23-P.Chung).,2.268,0.333
2017,14,December 11,away,Miami Dolphins,https://www.pro-football-reference.com/boxscores/201712110mia.htm,1,07:04,3,1,MIA 49,0,3,(7:04) 48-M.Gray up the middle to NE 49 for 2 yards (51-T.Reilly).,2.601,0.406
2017,14,December 11,away,Miami Dolphins,https://www.pro-football-reference.com/boxscores/201712110mia.htm,1,06:25,1,10,NE 49,0,3,"(6:25) (No Huddle, Shotgun) 6-J.Cutler pass short left to 19-J.Grant pushed ob at NE 32 for 17 yards (32-D.McCourty).",3.007,0.997
2017,14,December 11,away,Miami Dolphins,https://www.pro-football-reference.com/boxscores/201712110mia.htm,1,05:54,1,10,NE 32,0,3,(5:54) 32-K.Drake left tackle to NE 26 for 6 yards (93-L.Guy; 52-E.Roberts).,4.004,0.192
2017,14,December 11,away,Miami Dolphins,https://www.pro-football-reference.com/boxscores/201712110mia.htm,1,05:10,2,4,NE 26,0,3,(5:10) 32-K.Drake right end to NE 30 for -4 yards (93-L.Guy).,4.195,-1.202
2017,14,December 11,away,Miami Dolphins,https://www.pro-football-reference.com/boxscores/201712110mia.htm,1,04:31,3,8,NE 30,0,3,(4:31) (Shotgun) 6-J.Cutler pass short right to 11-D.Parker to NE 26 for 4 yards (31-J.Jones).,2.993,-1.065
2017,14,December 11,away,Miami Dolphins,https://www.pro-football-reference.com/boxscores/201712110mia.htm,1,03:53,4,4,NE 26,0,6,"(3:53) (Field Goal formation) 1-C.Parkey 44 yard field goal is GOOD, Center-92-J.Denney, Holder-16-M.Haack.",1.928,1.072
2017,14,December 11,away,Miami Dolphins,https://www.pro-football-reference.com/boxscores/201712110mia.htm,1,03:49,,,MIA 35,0,6,"1-C.Parkey kicks 65 yards from MIA 35 to end zone, Touchback.",0.697,0.000
2017,14,December 11,away,Miami Dolphins,https://www.pro-football-reference.com/boxscores/201712110mia.htm,1,03:49,1,10,NE 25,0,6,(3:49) (Shotgun) 12-T.Brady pass incomplete short right to 28-J.White.,0.697,-0.546
2017,14,December 11,away,Miami Dolphins,https://www.pro-football-reference.com/boxscores/201712110mia.htm,1,03:45,2,10,NE 25,0,6,(3:45) (Shotgun) 34-R.Burkhead right tackle to NE 27 for 2 yards (94-L.Timmons).,0.151,-0.614
2017,14,December 11,away,Miami Dolphins,https://www.pro-football-reference.com/boxscores/201712110mia.htm,1,03:04,3,8,NE 27,0,6,(3:04) (Shotgun) 12-T.Brady pass incomplete short left to 15-C.Hogan (42-A.Verner).,-0.463,-1.334
2017,14,December 11,away,Miami Dolphins,https://www.pro-football-reference.com/boxscores/201712110mia.htm,1,02:59,4,8,NE 27,0,6,"(2:59) (Punt formation) 6-R.Allen punts 44 yards to MIA 29, Center-49-J.Cardona, downed by NE-29-J.Bademosi.",-1.797,0.139
2017,14,December 11,away,Miami Dolphins,https://www.pro-football-reference.com/boxscores/201712110mia.htm,1,02:47,1,10,MIA 29,0,6,"(2:47) (Shotgun) PENALTY on NE-90-M.Brown, Neutral Zone Infraction, 5 yards, enforced at MIA 29 - No Play.",1.658,0.532
2017,14,December 11,away,Miami Dolphins,https://www.pro-football-reference.com/boxscores/201712110mia.htm,1,02:47,1,5,MIA 34,0,6,(2:47) (Shotgun) 6-J.Cutler scrambles right end pushed ob at MIA 40 for 6 yards (55-E.Lee).,2.191,0.085
2017,14,December 11,away,Miami Dolphins,https://www.pro-football-reference.com/boxscores/201712110mia.htm,1,02:12,1,10,MIA 40,0,6,(2:12) (No Huddle) 6-J.Cutler pass incomplete deep right to 89-J.Thomas (23-P.Chung).,2.276,-0.451
2017,14,December 11,away,Miami Dolphins,https://www.pro-football-reference.com/boxscores/201712110mia.htm,1,02:09,2,10,MIA 40,0,6,"(2:09) (Shotgun) 6-J.Cutler pass incomplete short right to 11-D.Parker. PENALTY on NE-24-S.Gilmore, Defensive Pass Interference, 8 yards, enforced at MIA 40 - No Play.",1.825,1.016
2017,14,December 11,away,Miami Dolphins,https://www.pro-football-reference.com/boxscores/201712110mia.htm,1,02:05,1,10,MIA 48,0,6,"(2:05) 32-K.Drake up the middle to NE 47 for 5 yards (44-J.Freeny; 23-P.Chung). PENALTY on MIA-51-M.Pouncey, Offensive Holding, 10 yards, enforced at MIA 48 - No Play.",2.840,-0.957
2017,14,December 11,away,Miami Dolphins,https://www.pro-football-reference.com/boxscores/201712110mia.htm,1,01:35,1,20,MIA 38,0,6,(1:35) (Shotgun) 6-J.Cutler pass short right to 10-K.Stills to MIA 45 for 7 yards (21-M.Butler).,1.883,-0.041
2017,14,December 11,away,Miami Dolphins,https://www.pro-football-reference.com/boxscores/201712110mia.htm,1,00:52,2,13,MIA 45,0,6,(:52) (Shotgun) 32-K.Drake right tackle to MIA 46 for 1 yard (97-A.Branch).,1.843,-0.763
2017,14,December 11,away,Miami Dolphins,https://www.pro-football-reference.com/boxscores/201712110mia.htm,1,00:15,3,12,MIA 46,0,6,"(:15) (Shotgun) 6-J.Cutler pass short left to 89-J.Thomas to 50 for 4 yards. FUMBLES, and recovers at 50. 89-J.Thomas to NE 48 for 2 yards (23-P.Chung, 37-J.Richards).",1.079,-0.897
2017,14,December 11,away,Miami Dolphins,https://www.pro-football-reference.com/boxscores/201712110mia.htm,2,15:00,4,6,NE 48,0,6,"(15:00) (Punt formation) 16-M.Haack punts 39 yards to NE 9, Center-92-J.Denney, fair catch by 80-D.Amendola.",0.182,0.187
2017,14,December 11,away,Miami Dolphins,https://www.pro-football-reference.com/boxscores/201712110mia.htm,2,14:53,1,10,NE 9,0,6,(14:53) 33-D.Lewis up the middle to NE 20 for 11 yards (20-R.Jones; 94-L.Timmons).,-0.369,0.743
2017,14,December 11,away,Miami Dolphins,https://www.pro-football-reference.com/boxscores/201712110mia.htm,2,14:20,1,10,NE 20,0,6,(14:20) 12-T.Brady pass short middle to 33-D.Lewis to NE 27 for 7 yards (59-C.Allen).,0.374,0.361
2017,14,December 11,away,Miami Dolphins,https://www.pro-football-reference.com/boxscores/201712110mia.htm,2,13:47,2,3,NE 27,0,6,(13:47) 12-T.Brady pass short left to 34-R.Burkhead to NE 35 for 8 yards (42-A.Verner).,0.735,0.563
2017,14,December 11,away,Miami Dolphins,https://www.pro-football-reference.com/boxscores/201712110mia.htm,2,13:15,1,10,NE 35,0,6,(13:15) 33-D.Lewis up the middle to NE 37 for 2 yards (22-T.McDonald; 59-C.Allen).,1.298,-0.285
2017,14,December 11,away,Miami Dolphins,https://www.pro-football-reference.com/boxscores/201712110mia.htm,2,12:45,2,8,NE 37,0,6,(12:45) 12-T.Brady pass short left to 33-D.Lewis to NE 41 for 4 yards (56-D.Godchaux).,1.013,-0.148
2017,14,December 11,away,Miami Dolphins,https://www.pro-football-reference.com/boxscores/201712110mia.htm,2,12:06,3,4,NE 41,0,6,"(12:06) (Shotgun) 12-T.Brady pass short middle to 34-R.Burkhead to NE 44 for 3 yards (47-K.Alonso, 20-R.Jones).",0.865,-0.950
2017,14,December 11,away,Miami Dolphins,https://www.pro-football-reference.com/boxscores/201712110mia.htm,2,11:21,4,1,NE 44,0,6,"(11:21) (Punt formation) 6-R.Allen punts 42 yards to MIA 14, Center-49-J.Cardona, downed by NE-29-J.Bademosi.",-0.085,-0.446
2017,14,December 11,away,Miami Dolphins,https://www.pro-football-reference.com/boxscores/201712110mia.htm,2,11:11,1,10,MIA 14,0,6,(11:11) 32-K.Drake right end to MIA 17 for 3 yards (93-L.Guy).,0.531,-0.210
2017,14,December 11,away,Miami Dolphins,https://www.pro-football-reference.com/boxscores/201712110mia.htm,2,10:33,2,7,MIA 17,0,6,(10:33) (Shotgun) 6-J.Cutler sacked at MIA 6 for -11 yards (32-D.McCourty).,0.320,-1.936
2017,14,December 11,away,Miami Dolphins,https://www.pro-football-reference.com/boxscores/201712110mia.htm,2,09:56,3,18,MIA 6,0,6,(9:56) (Shotgun) 6-J.Cutler pass short left to 32-K.Drake pushed ob at MIA 19 for 13 yards (24-S.Gilmore).,-1.615,0.189
2017,14,December 11,away,Miami Dolphins,https://www.pro-football-reference.com/boxscores/201712110mia.htm,2,09:25,4,5,MIA 19,0,6,"(9:25) (Punt formation) 16-M.Haack punts 45 yards to NE 36, Center-92-J.Denney. 17-B.Reedy to NE 49 for 13 yards (21-J.Lucas; 92-J.Denney).",-1.426,-0.986
2017,14,December 11,away,Miami Dolphins,https://www.pro-football-reference.com/boxscores/201712110mia.htm,2,09:14,1,10,NE 49,0,6,(9:14) 12-T.Brady pass short right to 83-D.Allen pushed ob at MIA 43 for 8 yards (28-B.McCain; 59-C.Allen).,2.412,0.471
2017,14,December 11,away,Miami Dolphins,https://www.pro-football-reference.com/boxscores/201712110mia.htm,2,08:48,2,2,MIA 43,0,6,"(8:48) PENALTY on NE-71-C.Fleming, False Start, 5 yards, enforced at MIA 43 - No Play.",2.883,-0.681
2017,14,December 11,away,Miami Dolphins,https://www.pro-football-reference.com/boxscores/201712110mia.htm,2,08:23,2,7,MIA 48,0,6,(8:23) (Shotgun) 12-T.Brady pass short right to 33-D.Lewis to MIA 28 for 20 yards (20-R.Jones) [47-K.Alonso].,2.203,1.759
2017,14,December 11,away,Miami Dolphins,https://www.pro-football-reference.com/boxscores/201712110mia.htm,2,07:43,1,10,MIA 28,0,6,(7:43) (Shotgun) 34-R.Burkhead up the middle to MIA 26 for 2 yards (93-N.Suh; 42-A.Verner).,3.961,-0.304
2017,14,December 11,away,Miami Dolphins,https://www.pro-football-reference.com/boxscores/201712110mia.htm,2,07:13,2,8,MIA 26,0,6,(7:13) (Shotgun) 12-T.Brady pass short right to 34-R.Burkhead to MIA 23 for 3 yards (94-L.Timmons).,3.658,-0.126
2017,14,December 11,away,Miami Dolphins,https://www.pro-football-reference.com/boxscores/201712110mia.htm,2,06:29,3,5,MIA 23,0,6,"(6:29) (Shotgun) 12-T.Brady pass incomplete deep left to 14-B.Cooks. PENALTY on MIA-25-X.Howard, Defensive Pass Interference, 20 yards, enforced at MIA 23 - No Play.",3.532,2.475
2017,14,December 11,away,Miami Dolphins,https://www.pro-football-reference.com/boxscores/201712110mia.htm,2,06:24,1,3,MIA 3,6,6,"(6:24) 68-L.Waddle reported in as eligible.  34-R.Burkhead left tackle for 3 yards, TOUCHDOWN.",6.007,0.993
2017,14,December 11,away,Miami Dolphins,https://www.pro-football-reference.com/boxscores/201712110mia.htm,2,06:18,,,MIA 15,7,6,"3-S.Gostkowski extra point is GOOD, Center-49-J.Cardona, Holder-6-R.Allen.",0.932,0.068
2017,14,December 11,away,Miami Dolphins,https://www.pro-football-reference.com/boxscores/201712110mia.htm,2,06:18,,,NE 35,7,6,3-S.Gostkowski kicks 63 yards from NE 35 to MIA 2. 34-S.Perry to MIA 20 for 18 yards (50-N.Grigsby).,1.235,-0.378
2017,14,December 11,away,Miami Dolphins,https://www.pro-football-reference.com/boxscores/201712110mia.htm,2,06:13,1,10,MIA 20,7,6,(6:13) (Shotgun) 6-J.Cutler pass short right to 80-A.Fasano to MIA 37 for 17 yards (52-E.Roberts).,0.857,1.041
2017,14,December 11,away,Miami Dolphins,https://www.pro-football-reference.com/boxscores/201712110mia.htm,2,05:30,1,10,MIA 37,7,6,(5:30) (Shotgun) 6-J.Cutler pass deep right to 32-K.Drake ran ob at NE 16 for 47 yards.,1.898,2.846
2017,14,December 11,away,Miami Dolphins,https://www.pro-football-reference.com/boxscores/201712110mia.htm,2,05:12,1,10,NE 16,7,6,"(5:12) (Shotgun) 6-J.Cutler pass short left to 14-J.Landry for 16 yards, TOUCHDOWN NULLIFIED by Penalty. PENALTY on MIA-67-L.Tunsil, Offensive Holding, 10 yards, enforced at NE 10.",4.744,-0.628
2017,14,December 11,away,Miami Dolphins,https://www.pro-football-reference.com/boxscores/201712110mia.htm,2,05:07,1,14,NE 20,7,6,(5:07) 32-K.Drake left tackle to NE 13 for 7 yards (59-M.Flowers).,4.116,0.436
2017,14,December 11,away,Miami Dolphins,https://www.pro-football-reference.com/boxscores/201712110mia.htm,2,04:25,,,NE 13,7,6,Timeout #1 by MIA at 04:25.,4.552,0.000
2017,14,December 11,away,Miami Dolphins,https://www.pro-football-reference.com/boxscores/201712110mia.htm,2,04:25,2,7,NE 13,7,6,(4:25) (Shotgun) 6-J.Cutler pass incomplete short right.,4.552,-0.727
2017,14,December 11,away,Miami Dolphins,https://www.pro-football-reference.com/boxscores/201712110mia.htm,2,04:21,3,7,NE 13,7,6,(4:21) (Shotgun) 6-J.Cutler pass short left to 32-K.Drake to NE 5 for 8 yards (32-D.McCourty).,3.825,1.858
2017,14,December 11,away,Miami Dolphins,https://www.pro-football-reference.com/boxscores/201712110mia.htm,2,03:39,1,5,NE 5,7,12,"(3:39) 6-J.Cutler pass short right to 14-J.Landry for 5 yards, TOUCHDOWN.",5.683,1.317
2017,14,December 11,away,Miami Dolphins,https://www.pro-football-reference.com/boxscores/201712110mia.htm,2,03:33,,,NE 15,7,13,"1-C.Parkey extra point is GOOD, Center-92-J.Denney, Holder-16-M.Haack.",0.932,0.068
2017,14,December 11,away,Miami Dolphins,https://www.pro-football-reference.com/boxscores/201712110mia.htm,2,03:33,,,MIA 35,7,13,"1-C.Parkey kicks 65 yards from MIA 35 to end zone, Touchback.",0.911,0.000
2017,14,December 11,away,Miami Dolphins,https://www.pro-football-reference.com/boxscores/201712110mia.htm,2,03:33,1,10,NE 25,7,13,(3:33) 33-D.Lewis left tackle to NE 30 for 5 yards (94-L.Timmons).,0.911,0.074
2017,14,December 11,away,Miami Dolphins,https://www.pro-football-reference.com/boxscores/201712110mia.htm,2,02:57,2,5,NE 30,7,13,(2:57) (Shotgun) 12-T.Brady pass short left to 34-R.Burkhead to MIA 47 for 23 yards (28-B.McCain; 20-R.Jones).,0.985,1.504
2017,14,December 11,away,Miami Dolphins,https://www.pro-football-reference.com/boxscores/201712110mia.htm,2,02:21,1,10,MIA 47,7,13,(2:21) 33-D.Lewis up the middle to MIA 44 for 3 yards (56-D.Godchaux; 20-R.Jones).,2.489,-0.220
2017,14,December 11,away,Miami Dolphins,https://www.pro-football-reference.com/boxscores/201712110mia.htm,2,02:00,2,7,MIA 44,7,13,(2:00) (Shotgun) 12-T.Brady pass short right to 34-R.Burkhead to MIA 36 for 8 yards (47-K.Alonso).,2.269,0.836
2017,14,December 11,away,Miami Dolphins,https://www.pro-football-reference.com/boxscores/201712110mia.htm,2,01:20,1,10,MIA 36,7,13,(1:20) (Shotgun) 12-T.Brady pass incomplete short left to 14-B.Cooks [56-D.Godchaux].,3.105,-0.347
2017,14,December 11,away,Miami Dolphins,https://www.pro-football-reference.com/boxscores/201712110mia.htm,2,01:16,2,10,MIA 36,7,13,"(1:16) (Shotgun) 12-T.Brady pass short middle to 28-J.White to MIA 29 for 7 yards (28-B.McCain, 47-K.Alonso).",2.758,0.418
2017,14,December 11,away,Miami Dolphins,https://www.pro-football-reference.com/boxscores/201712110mia.htm,2,00:46,3,3,MIA 29,7,13,"(:46) (No Huddle, Shotgun) 12-T.Brady pass short middle to 28-J.White to MIA 28 for 1 yard (47-K.Alonso; 22-T.McDonald).",3.176,-0.963
2017,14,December 11,away,Miami Dolphins,https://www.pro-football-reference.com/boxscores/201712110mia.htm,2,00:06,,,MIA 28,7,13,Timeout #1 by NE at 00:06.,2.213,0.000
2017,14,December 11,away,Miami Dolphins,https://www.pro-football-reference.com/boxscores/201712110mia.htm,2,00:06,4,2,MIA 28,10,13,"(:06) (Field Goal formation) 3-S.Gostkowski 46 yard field goal is GOOD, Center-49-J.Cardona, Holder-6-R.Allen.",2.213,0.787
2017,14,December 11,away,Miami Dolphins,https://www.pro-football-reference.com/boxscores/201712110mia.htm,2,00:02,,,NE 35,10,13,"3-S.Gostkowski kicks 65 yards from NE 35 to end zone, Touchback.",0.023,-0.023
2017,14,December 11,away,Miami Dolphins,https://www.pro-football-reference.com/boxscores/201712110mia.htm,2,00:02,1,10,MIA 25,10,13,(:02) 6-J.Cutler kneels to MIA 24 for -1 yards.,0.000,0.000
2017,14,December 11,away,Miami Dolphins,https://www.pro-football-reference.com/boxscores/201712110mia.htm,3,15:00,,,MIA 35,10,13,1-C.Parkey kicks 64 yards from MIA 35 to NE 1. 33-D.Lewis to NE 20 for 19 yards (46-N.Hewitt).,0.651,-0.391
2017,14,December 11,away,Miami Dolphins,https://www.pro-football-reference.com/boxscores/201712110mia.htm,3,14:55,1,10,NE 20,10,13,(14:55) 12-T.Brady pass short left to 46-J.Develin to NE 22 for 2 yards (47-K.Alonso).,0.261,-0.521
2017,14,December 11,away,Miami Dolphins,https://www.pro-football-reference.com/boxscores/201712110mia.htm,3,14:19,2,8,NE 22,10,13,(14:19) (Shotgun) 12-T.Brady sacked at NE 14 for -8 yards (97-J.Phillips).,-0.261,-1.663
2017,14,December 11,away,Miami Dolphins,https://www.pro-football-reference.com/boxscores/201712110mia.htm,3,13:40,3,16,NE 14,10,13,(13:40) (Shotgun) 12-T.Brady pass deep left intended for 14-B.Cooks INTERCEPTED by 25-X.Howard at MIA 25. 25-X.Howard to NE 46 for 29 yards (80-D.Amendola).,-1.924,-1.336
2017,14,December 11,away,Miami Dolphins,https://www.pro-football-reference.com/boxscores/201712110mia.htm,3,13:24,1,10,NE 46,10,13,(13:24) (Shotgun) 6-J.Cutler pass short right to 14-J.Landry to NE 40 for 6 yards (31-J.Jones).,3.260,0.187
2017,14,December 11,away,Miami Dolphins,https://www.pro-football-reference.com/boxscores/201712110mia.htm,3,12:43,2,4,NE 40,10,13,(12:43) (Shotgun) 6-J.Cutler pass incomplete deep left to 89-J.Thomas.,3.447,-0.720
2017,14,December 11,away,Miami Dolphins,https://www.pro-football-reference.com/boxscores/201712110mia.htm,3,12:37,3,4,NE 40,10,13,(12:37) (Shotgun) 6-J.Cutler pass short right to 10-K.Stills to NE 29 for 11 yards (30-D.Harmon).,2.727,1.458
2017,14,December 11,away,Miami Dolphins,https://www.pro-football-reference.com/boxscores/201712110mia.htm,3,11:53,1,10,NE 29,10,13,(11:53) (Shotgun) 32-K.Drake left end to NE 25 for 4 yards (32-D.McCourty).,4.185,-0.141
2017,14,December 11,away,Miami Dolphins,https://www.pro-football-reference.com/boxscores/201712110mia.htm,3,11:09,2,6,NE 25,10,19,"(11:09) (Shotgun) 6-J.Cutler pass deep left to 19-J.Grant for 25 yards, TOUCHDOWN.",4.044,2.956
2017,14,December 11,away,Miami Dolphins,https://www.pro-football-reference.com/boxscores/201712110mia.htm,3,11:03,,,NE 15,10,20,"1-C.Parkey extra point is GOOD, Center-92-J.Denney, Holder-16-M.Haack.",0.932,0.068
2017,14,December 11,away,Miami Dolphins,https://www.pro-football-reference.com/boxscores/201712110mia.htm,3,11:03,,,MIA 35,10,20,1-C.Parkey kicks 60 yards from MIA 35 to NE 5. 33-D.Lewis to NE 20 for 15 yards (45-M.Hull; 31-M.Thomas).,0.756,-0.401
2017,14,December 11,away,Miami Dolphins,https://www.pro-football-reference.com/boxscores/201712110mia.htm,3,10:58,1,10,NE 20,10,20,(10:58) 33-D.Lewis up the middle to NE 16 for -4 yards (22-T.McDonald).,0.355,-1.244
2017,14,December 11,away,Miami Dolphins,https://www.pro-football-reference.com/boxscores/201712110mia.htm,3,10:18,2,14,NE 16,10,20,(10:18) (Shotgun) 12-T.Brady pass short middle to 80-D.Amendola to NE 24 for 8 yards (20-R.Jones).,-0.890,0.317
2017,14,December 11,away,Miami Dolphins,https://www.pro-football-reference.com/boxscores/201712110mia.htm,3,09:35,3,6,NE 24,10,20,"(9:35) (Shotgun) PENALTY on MIA-91-C.Wake, Neutral Zone Infraction, 5 yards, enforced at NE 24 - No Play.",-0.573,1.366
2017,14,December 11,away,Miami Dolphins,https://www.pro-football-reference.com/boxscores/201712110mia.htm,3,09:17,3,1,NE 29,10,20,(9:17) (Shotgun) 12-T.Brady pass incomplete short left to 14-B.Cooks (25-X.Howard).,0.793,-1.717
2017,14,December 11,away,Miami Dolphins,https://www.pro-football-reference.com/boxscores/201712110mia.htm,3,09:12,4,1,NE 29,10,20,"(9:12) (Punt formation) 6-R.Allen punts 53 yards to MIA 18, Center-49-J.Cardona, fair catch by 19-J.Grant.",-0.925,0.084
2017,14,December 11,away,Miami Dolphins,https://www.pro-football-reference.com/boxscores/201712110mia.htm,3,09:04,1,10,MIA 18,10,20,(9:04) (Shotgun) 32-K.Drake right tackle to MIA 19 for 1 yard (59-M.Flowers).,0.841,-0.532
2017,14,December 11,away,Miami Dolphins,https://www.pro-football-reference.com/boxscores/201712110mia.htm,3,08:20,,,MIA 19,10,20,Timeout #1 by MIA at 08:20.,0.309,0.000
2017,14,December 11,away,Miami Dolphins,https://www.pro-football-reference.com/boxscores/201712110mia.htm,3,08:20,2,9,MIA 19,10,20,"(8:20) (Shotgun) 32-K.Drake up the middle to MIA 27 for 8 yards (52-E.Roberts, 70-A.Butler). MIA-32-K.Drake was injured during the play. His return is Questionable.",0.309,0.835
2017,14,December 11,away,Miami Dolphins,https://www.pro-football-reference.com/boxscores/201712110mia.htm,3,07:50,3,1,MIA 27,10,20,"(7:50) (Shotgun) 6-J.Cutler pass incomplete deep left to 14-J.Landry. PENALTY on NE-31-J.Jones, Defensive Pass Interference, 21 yards, enforced at MIA 27 - No Play.",1.144,1.640
2017,14,December 11,away,Miami Dolphins,https://www.pro-football-reference.com/boxscores/201712110mia.htm,3,07:44,1,10,MIA 48,10,20,(7:44) 32-K.Drake right tackle to NE 49 for 3 yards (55-E.Lee).,2.784,-0.270
2017,14,December 11,away,Miami Dolphins,https://www.pro-football-reference.com/boxscores/201712110mia.htm,3,07:02,2,7,NE 49,10,20,(7:02) 32-K.Drake left tackle to NE 46 for 3 yards (52-E.Roberts).,2.514,-0.332
2017,14,December 11,away,Miami Dolphins,https://www.pro-football-reference.com/boxscores/201712110mia.htm,3,06:17,3,4,NE 46,10,20,(6:17) (Shotgun) 6-J.Cutler pass short right to 11-D.Parker pushed ob at NE 35 for 11 yards (24-S.Gilmore).,2.183,1.601
2017,14,December 11,away,Miami Dolphins,https://www.pro-football-reference.com/boxscores/201712110mia.htm,3,05:38,1,10,NE 35,10,20,(5:38) 32-K.Drake right end to NE 4 for 31 yards (32-D.McCourty).,3.784,2.170
2017,14,December 11,away,Miami Dolphins,https://www.pro-football-reference.com/boxscores/201712110mia.htm,3,04:55,1,4,NE 4,10,20,(4:55) (Shotgun) 6-J.Cutler pass incomplete short left.,5.953,-0.457
2017,14,December 11,away,Miami Dolphins,https://www.pro-football-reference.com/boxscores/201712110mia.htm,3,04:48,2,4,NE 4,10,26,"(4:48) (Shotgun) 6-J.Cutler pass short middle to 14-J.Landry for 4 yards, TOUCHDOWN.",5.496,1.504
2017,14,December 11,away,Miami Dolphins,https://www.pro-football-reference.com/boxscores/201712110mia.htm,3,04:43,,,NE 15,10,27,"1-C.Parkey extra point is GOOD, Center-92-J.Denney, Holder-16-M.Haack.",0.932,0.068
2017,14,December 11,away,Miami Dolphins,https://www.pro-football-reference.com/boxscores/201712110mia.htm,3,04:43,,,MIA 35,10,27,1-C.Parkey kicks 65 yards from MIA 35 to NE 0. 33-D.Lewis to NE 15 for 15 yards (34-S.Perry).,0.803,-0.746
2017,14,December 11,away,Miami Dolphins,https://www.pro-football-reference.com/boxscores/201712110mia.htm,3,04:39,1,10,NE 15,10,27,(4:39) (Shotgun) 12-T.Brady pass incomplete short left to 83-D.Allen.,0.056,-0.558
2017,14,December 11,away,Miami Dolphins,https://www.pro-football-reference.com/boxscores/201712110mia.htm,3,04:34,2,10,NE 15,10,27,(4:34) (Shotgun) 12-T.Brady pass incomplete short middle to 80-D.Amendola (93-N.Suh).,-0.502,-0.681
2017,14,December 11,away,Miami Dolphins,https://www.pro-football-reference.com/boxscores/201712110mia.htm,3,04:30,3,10,NE 15,10,27,"(4:30) (Shotgun) 12-T.Brady pass incomplete deep right to 15-C.Hogan. PENALTY on MIA-42-A.Verner, Defensive Pass Interference, 17 yards, enforced at NE 15 - No Play.",-1.183,2.448
2017,14,December 11,away,Miami Dolphins,https://www.pro-football-reference.com/boxscores/201712110mia.htm,3,04:25,1,10,NE 32,10,27,(4:25) 12-T.Brady pass incomplete short middle [93-N.Suh].,1.265,-0.481
2017,14,December 11,away,Miami Dolphins,https://www.pro-football-reference.com/boxscores/201712110mia.htm,3,04:20,2,10,NE 32,10,27,(4:20) 34-R.Burkhead up the middle to NE 33 for 1 yard (56-D.Godchaux; 47-K.Alonso).,0.784,-0.726
2017,14,December 11,away,Miami Dolphins,https://www.pro-football-reference.com/boxscores/201712110mia.htm,3,03:40,3,9,NE 33,10,27,(3:40) (Shotgun) 12-T.Brady pass incomplete deep right to 15-C.Hogan.,0.059,-1.411
2017,14,December 11,away,Miami Dolphins,https://www.pro-football-reference.com/boxscores/201712110mia.htm,3,03:34,4,9,NE 33,10,27,"(3:34) (Punt formation) 6-R.Allen punts 52 yards to MIA 15, Center-49-J.Cardona, fair catch by 14-J.Landry.",-1.352,0.895
2017,14,December 11,away,Miami Dolphins,https://www.pro-football-reference.com/boxscores/201712110mia.htm,3,03:27,1,10,MIA 15,10,27,(3:27) 6-J.Cutler pass short left to 48-M.Gray to MIA 25 for 10 yards (23-P.Chung).,0.457,0.746
2017,14,December 11,away,Miami Dolphins,https://www.pro-football-reference.com/boxscores/201712110mia.htm,3,02:46,1,10,MIA 25,10,27,(2:46) 32-K.Drake up the middle to MIA 31 for 6 yards (25-E.Rowe).,1.203,0.210
2017,14,December 11,away,Miami Dolphins,https://www.pro-football-reference.com/boxscores/201712110mia.htm,3,02:07,2,4,MIA 31,10,27,(2:07) 32-K.Drake right tackle to MIA 30 for -1 yards (93-L.Guy).,1.413,-0.984
2017,14,December 11,away,Miami Dolphins,https://www.pro-football-reference.com/boxscores/201712110mia.htm,3,01:25,3,5,MIA 30,10,27,(1:25) (Shotgun) 6-J.Cutler sacked at MIA 20 for -10 yards (70-A.Butler).,0.429,-2.344
2017,14,December 11,away,Miami Dolphins,https://www.pro-football-reference.com/boxscores/201712110mia.htm,3,00:46,4,15,MIA 20,10,27,"(:46) (Punt formation) 16-M.Haack punts 56 yards to NE 24, Center-92-J.Denney. 17-B.Reedy to NE 32 for 8 yards (59-C.Allen). PENALTY on MIA-21-J.Lucas, Unsportsmanlike Conduct, 15 yards, enforced at NE 32.",-1.915,-0.402
2017,14,December 11,away,Miami Dolphins,https://www.pro-football-reference.com/boxscores/201712110mia.htm,3,00:34,1,10,NE 47,10,27,(:34) (Shotgun) 12-T.Brady pass short left to 80-D.Amendola to MIA 47 for 6 yards (22-T.McDonald).,2.317,0.226
2017,14,December 11,away,Miami Dolphins,https://www.pro-football-reference.com/boxscores/201712110mia.htm,3,00:02,2,4,MIA 47,10,27,(:02) (Shotgun) 12-T.Brady pass deep left to 80-D.Amendola to MIA 21 for 26 yards (22-T.McDonald).,2.543,1.837
2017,14,December 11,away,Miami Dolphins,https://www.pro-football-reference.com/boxscores/201712110mia.htm,4,15:00,1,10,MIA 21,10,27,(15:00) (Shotgun) 12-T.Brady pass short right to 15-C.Hogan to MIA 20 for 1 yard (42-A.Verner).,4.380,-0.465
2017,14,December 11,away,Miami Dolphins,https://www.pro-football-reference.com/boxscores/201712110mia.htm,4,14:18,2,9,MIA 20,10,27,(14:18) (Shotgun) 12-T.Brady pass short middle to 33-D.Lewis to MIA 7 for 13 yards (47-K.Alonso).,3.915,1.452
2017,14,December 11,away,Miami Dolphins,https://www.pro-football-reference.com/boxscores/201712110mia.htm,4,13:36,1,7,MIA 7,10,27,(13:36) (Shotgun) 12-T.Brady pass short right to 80-D.Amendola pushed ob at MIA 3 for 4 yards (22-T.McDonald).,5.367,0.212
2017,14,December 11,away,Miami Dolphins,https://www.pro-football-reference.com/boxscores/201712110mia.htm,4,13:09,2,3,MIA 3,16,27,"(13:09) 12-T.Brady pass short right to 28-J.White for 3 yards, TOUCHDOWN.",5.578,1.422
2017,14,December 11,away,Miami Dolphins,https://www.pro-football-reference.com/boxscores/201712110mia.htm,4,13:05,,,MIA 15,17,27,"3-S.Gostkowski extra point is GOOD, Center-49-J.Cardona, Holder-6-R.Allen.",0.932,0.068
2017,14,December 11,away,Miami Dolphins,https://www.pro-football-reference.com/boxscores/201712110mia.htm,4,13:05,,,NE 35,17,27,3-S.Gostkowski kicks 61 yards from NE 35 to MIA 4. 19-J.Grant to MIA 18 for 14 yards (29-J.Bademosi).,1.249,-0.482
2017,14,December 11,away,Miami Dolphins,https://www.pro-football-reference.com/boxscores/201712110mia.htm,4,12:57,1,10,MIA 18,17,27,(12:57) 6-J.Cutler pass short middle to 32-K.Drake to MIA 17 for -1 yards (52-E.Roberts).,0.767,-0.794
2017,14,December 11,away,Miami Dolphins,https://www.pro-football-reference.com/boxscores/201712110mia.htm,4,12:12,2,11,MIA 17,17,27,(12:12) (Shotgun) 6-J.Cutler pass incomplete short middle to 32-K.Drake (93-L.Guy).,-0.027,-0.852
2017,14,December 11,away,Miami Dolphins,https://www.pro-football-reference.com/boxscores/201712110mia.htm,4,12:08,,,MIA 17,17,27,Timeout #2 by MIA at 12:08.,-0.879,0.000
2017,14,December 11,away,Miami Dolphins,https://www.pro-football-reference.com/boxscores/201712110mia.htm,4,12:08,3,11,MIA 17,17,27,"(12:08) (Shotgun) PENALTY on NE-91-D.Wise, Neutral Zone Infraction, 5 yards, enforced at MIA 17 - No Play.",-0.879,0.617
2017,14,December 11,away,Miami Dolphins,https://www.pro-football-reference.com/boxscores/201712110mia.htm,4,12:08,3,6,MIA 22,17,27,(12:08) (Shotgun) 6-J.Cutler pass incomplete short right to 19-J.Grant.,-0.262,-1.373
2017,14,December 11,away,Miami Dolphins,https://www.pro-football-reference.com/boxscores/201712110mia.htm,4,12:00,4,6,MIA 22,17,27,"(12:00) (Punt formation) 16-M.Haack punts 53 yards to NE 25, Center-92-J.Denney. 17-B.Reedy ran ob at NE 48 for 23 yards. PENALTY on NE-23-P.Chung, Offensive Holding, 10 yards, enforced at NE 25. Penalty on NE-50-N.Grigsby, Offensive Holding, declined.",-1.635,1.117
2017,14,December 11,away,Miami Dolphins,https://www.pro-football-reference.com/boxscores/201712110mia.htm,4,11:49,1,10,NE 15,17,27,(11:49) (Shotgun) 12-T.Brady pass short left to 83-D.Allen to NE 17 for 2 yards (94-L.Timmons).,0.518,-0.431
2017,14,December 11,away,Miami Dolphins,https://www.pro-football-reference.com/boxscores/201712110mia.htm,4,11:08,2,8,NE 17,17,27,(11:08) (Shotgun) 12-T.Brady pass incomplete short right to 80-D.Amendola.,0.087,-0.645
2017,14,December 11,away,Miami Dolphins,https://www.pro-football-reference.com/boxscores/201712110mia.htm,4,11:05,3,8,NE 17,17,27,(11:05) (Shotgun) 12-T.Brady sacked at NE 15 for -2 yards (93-N.Suh).,-0.558,-1.438
2017,14,December 11,away,Miami Dolphins,https://www.pro-football-reference.com/boxscores/201712110mia.htm,4,10:34,4,10,NE 15,17,27,"(10:34) (Punt formation) 6-R.Allen punts 47 yards to MIA 38, Center-49-J.Cardona. 19-J.Grant pushed ob at MIA 38 for no gain (29-J.Bademosi). PENALTY on MIA-33-T.McTyer, Illegal Block Above the Waist, 10 yards, enforced at MIA 38.",-1.996,0.735
2017,14,December 11,away,Miami Dolphins,https://www.pro-football-reference.com/boxscores/201712110mia.htm,4,10:26,1,10,MIA 28,17,27,(10:26) 32-K.Drake left tackle to MIA 37 for 9 yards (59-M.Flowers).,1.261,0.845
2017,14,December 11,away,Miami Dolphins,https://www.pro-football-reference.com/boxscores/201712110mia.htm,4,09:46,2,1,MIA 37,17,27,(9:46) (Shotgun) 32-K.Drake up the middle to MIA 41 for 4 yards (23-P.Chung).,2.106,0.053
2017,14,December 11,away,Miami Dolphins,https://www.pro-football-reference.com/boxscores/201712110mia.htm,4,08:58,1,10,MIA 41,17,27,(8:58) 32-K.Drake right end to MIA 45 for 4 yards (44-J.Freeny).,2.159,-0.154
2017,14,December 11,away,Miami Dolphins,https://www.pro-football-reference.com/boxscores/201712110mia.htm,4,08:14,2,6,MIA 45,17,27,(8:14) (Shotgun) 6-J.Cutler pass incomplete deep right to 19-J.Grant.,2.005,-0.675
2017,14,December 11,away,Miami Dolphins,https://www.pro-football-reference.com/boxscores/201712110mia.htm,4,08:07,3,6,MIA 45,17,27,(8:07) (Shotgun) 6-J.Cutler pass incomplete short right.,1.330,-1.538
2017,14,December 11,away,Miami Dolphins,https://www.pro-football-reference.com/boxscores/201712110mia.htm,4,08:01,4,6,MIA 45,17,27,"(8:01) (Punt formation) 16-M.Haack punts 41 yards to NE 14, Center-92-J.Denney. 80-D.Amendola to NE 19 for 5 yards (45-M.Hull).",-0.209,-0.762
2017,14,December 11,away,Miami Dolphins,https://www.pro-football-reference.com/boxscores/201712110mia.htm,4,07:51,1,10,NE 19,17,27,(7:51) (Shotgun) 12-T.Brady pass short left to 33-D.Lewis to NE 25 for 6 yards (28-B.McCain; 90-C.Harris). MIA-97-J.Phillips was injured during the play. His return is Questionable.,0.971,0.303
2017,14,December 11,away,Miami Dolphins,https://www.pro-football-reference.com/boxscores/201712110mia.htm,4,07:24,2,4,NE 25,17,27,(7:24) (Shotgun) 12-T.Brady pass incomplete short right to 83-D.Allen.,1.274,-0.690
2017,14,December 11,away,Miami Dolphins,https://www.pro-football-reference.com/boxscores/201712110mia.htm,4,07:17,3,4,NE 25,17,27,(7:17) (Shotgun) 12-T.Brady pass incomplete short left to 14-B.Cooks.,0.584,-1.662
2017,14,December 11,away,Miami Dolphins,https://www.pro-football-reference.com/boxscores/201712110mia.htm,4,07:15,4,4,NE 25,17,27,"(7:15) (Punt formation) 6-R.Allen punts 46 yards to MIA 29, Center-49-J.Cardona. 14-J.Landry to MIA 38 for 9 yards (37-J.Richards; 47-J.Hollister).",-1.079,-0.872
2017,14,December 11,away,Miami Dolphins,https://www.pro-football-reference.com/boxscores/201712110mia.htm,4,07:05,1,10,MIA 38,17,27,(7:05) 32-K.Drake up the middle to MIA 41 for 3 yards (23-P.Chung; 52-E.Roberts).,1.950,-0.279
2017,14,December 11,away,Miami Dolphins,https://www.pro-football-reference.com/boxscores/201712110mia.htm,4,06:21,2,7,MIA 41,17,27,(6:21) 6-J.Cutler pass short right to 14-J.Landry to MIA 40 for -1 yards (25-E.Rowe).,1.672,-0.862
2017,14,December 11,away,Miami Dolphins,https://www.pro-football-reference.com/boxscores/201712110mia.htm,4,05:36,3,8,MIA 40,17,27,(5:36) (Shotgun) 6-J.Cutler pass incomplete short left to 11-D.Parker.,0.809,-1.363
2017,14,December 11,away,Miami Dolphins,https://www.pro-football-reference.com/boxscores/201712110mia.htm,4,05:29,4,8,MIA 40,17,27,"(5:29) (Punt formation) 16-M.Haack punts 38 yards to NE 22, Center-92-J.Denney, downed by MIA-35-W.Aikens.",-0.553,-0.270
2017,14,December 11,away,Miami Dolphins,https://www.pro-football-reference.com/boxscores/201712110mia.htm,4,05:17,1,10,NE 22,17,27,"(5:17) (Shotgun) 12-T.Brady pass incomplete short middle to 80-D.Amendola (22-T.McDonald). PENALTY on NE-62-J.Thuney, Offensive Holding, 10 yards, enforced at NE 22 - No Play.",0.823,-0.897
2017,14,December 11,away,Miami Dolphins,https://www.pro-football-reference.com/boxscores/201712110mia.htm,4,05:11,1,20,NE 12,17,27,(5:11) (Shotgun) 12-T.Brady pass incomplete deep left to 14-B.Cooks.,-0.074,-0.488
2017,14,December 11,away,Miami Dolphins,https://www.pro-football-reference.com/boxscores/201712110mia.htm,4,05:06,2,20,NE 12,17,27,(5:06) (Shotgun) 12-T.Brady pass incomplete deep middle to 15-C.Hogan (20-R.Jones).,-0.562,-0.611
2017,14,December 11,away,Miami Dolphins,https://www.pro-football-reference.com/boxscores/201712110mia.htm,4,04:58,3,20,NE 12,17,27,(4:58) (Shotgun) 12-T.Brady pass short middle to 80-D.Amendola to NE 21 for 9 yards (20-R.Jones).,-1.173,-0.240
2017,14,December 11,away,Miami Dolphins,https://www.pro-football-reference.com/boxscores/201712110mia.htm,4,04:28,4,11,NE 21,17,27,"(4:28) (Punt formation) 6-R.Allen punts 50 yards to MIA 29, Center-49-J.Cardona, fair catch by 19-J.Grant.",-1.413,0.112
2017,14,December 11,away,Miami Dolphins,https://www.pro-football-reference.com/boxscores/201712110mia.htm,4,04:23,1,10,MIA 29,17,27,(4:23) 32-K.Drake up the middle to MIA 30 for 1 yard (23-P.Chung).,1.300,-0.470
2017,14,December 11,away,Miami Dolphins,https://www.pro-football-reference.com/boxscores/201712110mia.htm,4,03:38,,,MIA 30,17,27,Timeout #3 by MIA at 03:38.,0.830,0.000
2017,14,December 11,away,Miami Dolphins,https://www.pro-football-reference.com/boxscores/201712110mia.htm,4,03:38,2,9,MIA 30,17,27,(3:38) (Shotgun) 6-J.Cutler pass short right to 11-D.Parker to MIA 40 for 10 yards (32-D.McCourty).,0.830,0.946
2017,14,December 11,away,Miami Dolphins,https://www.pro-football-reference.com/boxscores/201712110mia.htm,4,02:53,1,10,MIA 40,17,27,(2:53) 32-K.Drake left tackle to MIA 38 for -2 yards (51-T.Reilly).,1.776,-0.593
2017,14,December 11,away,Miami Dolphins,https://www.pro-football-reference.com/boxscores/201712110mia.htm,4,02:47,,,MIA 38,17,27,Timeout #1 by NE at 02:47.,1.183,0.000
2017,14,December 11,away,Miami Dolphins,https://www.pro-football-reference.com/boxscores/201712110mia.htm,4,02:47,2,12,MIA 38,17,27,(2:47) 6-J.Cutler pass short right to 14-J.Landry to MIA 45 for 7 yards (44-J.Freeny).,1.183,-0.133
2017,14,December 11,away,Miami Dolphins,https://www.pro-football-reference.com/boxscores/201712110mia.htm,4,02:39,,,MIA 45,17,27,Timeout #2 by NE at 02:39.,1.050,0.000
2017,14,December 11,away,Miami Dolphins,https://www.pro-football-reference.com/boxscores/201712110mia.htm,4,02:39,3,5,MIA 45,17,27,(2:39) (Shotgun) 6-J.Cutler pass incomplete deep right to 10-K.Stills.,1.050,-0.743
2017,14,December 11,away,Miami Dolphins,https://www.pro-football-reference.com/boxscores/201712110mia.htm,4,02:33,4,5,MIA 45,17,27,"(2:33) (Punt formation) 16-M.Haack punts 43 yards to NE 12, Center-92-J.Denney. 80-D.Amendola to NE 23 for 11 yards (34-S.Perry; 78-T.Fede).",0.307,-1.083
2017,14,December 11,away,Miami Dolphins,https://www.pro-football-reference.com/boxscores/201712110mia.htm,4,02:24,1,10,NE 23,17,27,(2:24) (Shotgun) 12-T.Brady pass deep left to 14-B.Cooks to MIA 39 for 38 yards (22-T.McDonald).,0.775,1.086
2017,14,December 11,away,Miami Dolphins,https://www.pro-football-reference.com/boxscores/201712110mia.htm,4,02:00,1,10,MIA 39,17,27,"(2:00) (Shotgun) 12-T.Brady pass incomplete short right to 83-D.Allen. PENALTY on MIA-56-D.Godchaux, Roughing the Passer, 15 yards, enforced at MIA 39 - No Play. Penalty on MIA-91-C.Wake, Defensive Holding, declined.",1.861,0.821
2017,14,December 11,away,Miami Dolphins,https://www.pro-football-reference.com/boxscores/201712110mia.htm,4,01:55,1,10,MIA 24,17,27,"(1:55) (Shotgun) 12-T.Brady pass deep right to 80-D.Amendola to MIA 1 for 23 yards (47-K.Alonso). The Replay Official reviewed the short of the line to gain ruling, and the play was Upheld. The ruling on the field was confirmed.",2.683,3.233
2017,14,December 11,away,Miami Dolphins,https://www.pro-football-reference.com/boxscores/201712110mia.htm,4,01:24,1,1,MIA 1,17,27,"(1:24) 12-T.Brady pass incomplete short right [94-L.Timmons]. PENALTY on NE-28-J.White, Illegal Motion, 4 yards, enforced at MIA 1 - No Play.",5.916,-0.825
2017,14,December 11,away,Miami Dolphins,https://www.pro-football-reference.com/boxscores/201712110mia.htm,4,01:19,1,5,MIA 5,17,27,(1:19) (Shotgun) 12-T.Brady pass incomplete short right to 15-C.Hogan (42-A.Verner).,5.090,-0.654
2017,14,December 11,away,Miami Dolphins,https://www.pro-football-reference.com/boxscores/201712110mia.htm,4,01:12,2,5,MIA 5,17,27,"(1:12) (Shotgun) 12-T.Brady pass incomplete short right to 80-D.Amendola. PENALTY on NE-77-N.Solder, Offensive Holding, 10 yards, enforced at MIA 5 - No Play.",4.437,-1.606
2017,14,December 11,away,Miami Dolphins,https://www.pro-football-reference.com/boxscores/201712110mia.htm,4,01:09,2,15,MIA 15,17,27,(1:09) (Shotgun) 12-T.Brady pass incomplete short right to 83-D.Allen [91-C.Wake].,2.831,-0.409
2017,14,December 11,away,Miami Dolphins,https://www.pro-football-reference.com/boxscores/201712110mia.htm,4,01:02,3,15,MIA 15,17,27,(1:02) (Shotgun) 12-T.Brady pass incomplete short left to 80-D.Amendola.,2.422,0.349
2017,14,December 11,away,Miami Dolphins,https://www.pro-football-reference.com/boxscores/201712110mia.htm,4,00:57,4,15,MIA 15,20,27,"(:57) (Field Goal formation) 3-S.Gostkowski 33 yard field goal is GOOD, Center-49-J.Cardona, Holder-6-R.Allen.",2.771,0.229
2017,14,December 11,away,Miami Dolphins,https://www.pro-football-reference.com/boxscores/201712110mia.htm,4,00:53,,,NE 35,20,27,(Onside Kick formation) 3-S.Gostkowski kicks onside 9 yards from NE 35 to NE 44. 31-M.Thomas (didn't try to advance) to NE 44 for no gain (37-J.Richards). NE-23-P.Chung was injured during the play. His return is Questionable.,0.425,1.438
2017,14,December 11,away,Miami Dolphins,https://www.pro-football-reference.com/boxscores/201712110mia.htm,4,00:52,1,10,NE 44,20,27,(:52) 6-J.Cutler kneels to NE 45 for -1 yards.,1.863,-0.865
2017,14,December 11,away,Miami Dolphins,https://www.pro-football-reference.com/boxscores/201712110mia.htm,4,00:51,,,NE 45,20,27,Timeout #3 by NE at 00:51.,0.999,0.000
2017,14,December 11,away,Miami Dolphins,https://www.pro-football-reference.com/boxscores/201712110mia.htm,4,00:51,2,11,NE 45,20,27,(:51) 6-J.Cutler kneels to NE 45 for no gain.,0.999,-0.999
2017,15,December 17,away,Pittsburgh Steelers,https://www.pro-football-reference.com/boxscores/201712170pit.htm,1,15:00,,,NE 35,0,0,"3-S.Gostkowski kicks 59 yards from NE 35 to PIT 6. 33-F.Toussaint to PIT 16 for 10 yards (51-T.Reilly, 47-J.Hollister).",1.457,-0.704
2017,15,December 17,away,Pittsburgh Steelers,https://www.pro-football-reference.com/boxscores/201712170pit.htm,1,14:56,1,10,PIT 16,0,0,"(14:56) (Shotgun) 7-B.Roethlisberger pass short right to 26-L.Bell to PIT 33 for 17 yards (45-D.Harris, 52-E.Roberts).",0.753,1.214
2017,15,December 17,away,Pittsburgh Steelers,https://www.pro-football-reference.com/boxscores/201712170pit.htm,1,14:15,1,10,PIT 33,0,0,"(14:15) (Shotgun) 26-L.Bell up the middle to PIT 38 for 5 yards (93-L.Guy, 90-M.Brown).",1.967,0.059
2017,15,December 17,away,Pittsburgh Steelers,https://www.pro-football-reference.com/boxscores/201712170pit.htm,1,13:34,2,5,PIT 38,0,0,"(13:34) (Shotgun) 26-L.Bell right tackle to PIT 40 for 2 yards (32-D.McCourty). PENALTY on PIT-66-D.DeCastro, Offensive Holding, 10 yards, enforced at PIT 38 - No Play.",2.026,-1.301
2017,15,December 17,away,Pittsburgh Steelers,https://www.pro-football-reference.com/boxscores/201712170pit.htm,1,13:05,2,15,PIT 28,0,0,(13:05) (Shotgun) 26-L.Bell left tackle to PIT 35 for 7 yards (32-D.McCourty).,0.725,0.033
2017,15,December 17,away,Pittsburgh Steelers,https://www.pro-football-reference.com/boxscores/201712170pit.htm,1,12:26,3,8,PIT 35,0,0,(12:26) (Shotgun) 7-B.Roethlisberger pass incomplete deep left to 81-J.James (23-P.Chung).,0.758,-1.390
2017,15,December 17,away,Pittsburgh Steelers,https://www.pro-football-reference.com/boxscores/201712170pit.htm,1,12:18,4,8,PIT 35,0,0,"(12:18) (Punt formation) 4-J.Berry punts 42 yards to NE 23, Center-57-K.Canaday, out of bounds.",-0.632,0.169
2017,15,December 17,away,Pittsburgh Steelers,https://www.pro-football-reference.com/boxscores/201712170pit.htm,1,12:11,1,10,NE 23,0,0,(12:11) 12-T.Brady pass short middle to 33-D.Lewis to NE 36 for 13 yards (51-S.Spence).,0.463,1.021
2017,15,December 17,away,Pittsburgh Steelers,https://www.pro-football-reference.com/boxscores/201712170pit.htm,1,11:33,1,10,NE 36,0,0,(11:33) (Shotgun) 12-T.Brady pass short middle to 13-P.Dorsett to NE 40 for 4 yards (31-M.Hilton).,1.484,-0.101
2017,15,December 17,away,Pittsburgh Steelers,https://www.pro-football-reference.com/boxscores/201712170pit.htm,1,11:03,2,6,NE 40,0,0,(11:03) 33-D.Lewis up the middle to NE 45 for 5 yards (90-T.Watt).,1.383,0.307
2017,15,December 17,away,Pittsburgh Steelers,https://www.pro-football-reference.com/boxscores/201712170pit.htm,1,10:23,3,1,NE 45,0,0,"(10:23) 12-T.Brady pass incomplete short left to 80-D.Amendola (90-T.Watt). PENALTY on PIT-97-C.Heyward, Defensive Offside, 5 yards, enforced at NE 45 - No Play.",1.691,0.785
2017,15,December 17,away,Pittsburgh Steelers,https://www.pro-football-reference.com/boxscores/201712170pit.htm,1,10:20,1,10,MID 50,0,0,(10:20) 12-T.Brady pass deep left to 14-B.Cooks to PIT 7 for 43 yards (23-M.Mitchell).,2.475,2.939
2017,15,December 17,away,Pittsburgh Steelers,https://www.pro-football-reference.com/boxscores/201712170pit.htm,1,09:39,1,7,PIT 7,0,0,(9:39) 33-D.Lewis right guard to PIT 1 for 6 yards (25-A.Burns).,5.414,0.675
2017,15,December 17,away,Pittsburgh Steelers,https://www.pro-football-reference.com/boxscores/201712170pit.htm,1,09:03,2,1,PIT 1,6,0,"(9:03) 34-R.Burkhead right guard for 1 yard, TOUCHDOWN.",6.089,0.911
2017,15,December 17,away,Pittsburgh Steelers,https://www.pro-football-reference.com/boxscores/201712170pit.htm,1,09:00,,,PIT 15,7,0,"3-S.Gostkowski extra point is GOOD, Center-49-J.Cardona, Holder-6-R.Allen.",0.932,0.068
2017,15,December 17,away,Pittsburgh Steelers,https://www.pro-football-reference.com/boxscores/201712170pit.htm,1,09:00,,,NE 35,7,0,3-S.Gostkowski kicks 61 yards from NE 35 to PIT 4. 19-J.Smith-Schuster pushed ob at PIT 31 for 27 yards (23-P.Chung).,1.440,0.321
2017,15,December 17,away,Pittsburgh Steelers,https://www.pro-football-reference.com/boxscores/201712170pit.htm,1,08:54,1,10,PIT 31,7,0,(8:54) (Shotgun) 7-B.Roethlisberger pass short right to 26-L.Bell to PIT 44 for 13 yards (24-S.Gilmore).,1.761,0.887
2017,15,December 17,away,Pittsburgh Steelers,https://www.pro-football-reference.com/boxscores/201712170pit.htm,1,08:17,1,10,PIT 44,7,0,(8:17) (Shotgun) 7-B.Roethlisberger pass short right to 84-A.Brown pushed ob at PIT 49 for 5 yards (21-M.Butler).,2.648,0.019
2017,15,December 17,away,Pittsburgh Steelers,https://www.pro-football-reference.com/boxscores/201712170pit.htm,1,07:55,2,5,PIT 49,7,0,"(7:55) (No Huddle, Shotgun) 26-L.Bell right tackle to 50 for 1 yard (93-L.Guy).",2.667,-0.598
2017,15,December 17,away,Pittsburgh Steelers,https://www.pro-football-reference.com/boxscores/201712170pit.htm,1,07:20,3,4,MID 50,7,0,"(7:20) (No Huddle, Shotgun) 7-B.Roethlisberger pass short middle to 84-A.Brown to NE 31 for 19 yards (32-D.McCourty).",2.069,1.973
2017,15,December 17,away,Pittsburgh Steelers,https://www.pro-football-reference.com/boxscores/201712170pit.htm,1,06:30,1,10,NE 31,7,0,"(6:30) (No Huddle, Shotgun) 7-B.Roethlisberger pass incomplete deep left to 10-M.Bryant. Coverage 24-Gilmore.",4.042,-0.384
2017,15,December 17,away,Pittsburgh Steelers,https://www.pro-football-reference.com/boxscores/201712170pit.htm,1,06:25,2,10,NE 31,7,0,"(6:25) (No Huddle, Shotgun) 7-B.Roethlisberger pass incomplete short middle to 10-M.Bryant (24-S.Gilmore).",3.657,-0.657
2017,15,December 17,away,Pittsburgh Steelers,https://www.pro-football-reference.com/boxscores/201712170pit.htm,1,06:21,3,10,NE 31,7,0,"(6:21) (No Huddle, Shotgun) 7-B.Roethlisberger pass short left to 19-J.Smith-Schuster to NE 18 for 13 yards (25-E.Rowe).",3.000,1.830
2017,15,December 17,away,Pittsburgh Steelers,https://www.pro-football-reference.com/boxscores/201712170pit.htm,1,05:37,1,10,NE 18,7,6,"(5:37) (Shotgun) 7-B.Roethlisberger pass short middle to 17-E.Rogers for 18 yards, TOUCHDOWN.",4.830,2.170
2017,15,December 17,away,Pittsburgh Steelers,https://www.pro-football-reference.com/boxscores/201712170pit.htm,1,05:32,,,NE 15,7,7,"9-C.Boswell extra point is GOOD, Center-57-K.Canaday, Holder-4-J.Berry.",0.932,0.068
2017,15,December 17,away,Pittsburgh Steelers,https://www.pro-football-reference.com/boxscores/201712170pit.htm,1,05:32,,,PIT 35,7,7,9-C.Boswell kicks 48 yards from PIT 35 to NE 17. 33-D.Lewis to NE 24 for 7 yards (33-F.Toussaint; 31-M.Hilton).,0.716,-0.247
2017,15,December 17,away,Pittsburgh Steelers,https://www.pro-football-reference.com/boxscores/201712170pit.htm,1,05:29,1,10,NE 24,7,7,(5:29) 12-T.Brady pass short left to 87-R.Gronkowski to NE 26 for 2 yards (28-S.Davis).,0.469,-0.300
2017,15,December 17,away,Pittsburgh Steelers,https://www.pro-football-reference.com/boxscores/201712170pit.htm,1,04:55,2,8,NE 26,7,7,(4:55) 33-D.Lewis left guard to NE 35 for 9 yards (28-S.Davis).,0.169,1.059
2017,15,December 17,away,Pittsburgh Steelers,https://www.pro-football-reference.com/boxscores/201712170pit.htm,1,04:14,1,10,NE 35,7,7,(4:14) (Shotgun) 12-T.Brady sacked at NE 27 for -8 yards (97-C.Heyward).,1.228,-1.350
2017,15,December 17,away,Pittsburgh Steelers,https://www.pro-football-reference.com/boxscores/201712170pit.htm,1,03:36,2,18,NE 27,7,7,(3:36) (Shotgun) 12-T.Brady pass short right to 28-J.White to NE 31 for 4 yards (31-M.Hilton).,-0.122,-0.495
2017,15,December 17,away,Pittsburgh Steelers,https://www.pro-football-reference.com/boxscores/201712170pit.htm,1,02:53,3,14,NE 31,7,7,(2:53) (Shotgun) 12-T.Brady pass short middle to 34-R.Burkhead to NE 36 for 5 yards (22-W.Gay).,-0.617,-0.637
2017,15,December 17,away,Pittsburgh Steelers,https://www.pro-football-reference.com/boxscores/201712170pit.htm,1,02:21,4,9,NE 36,7,7,"(2:21) (Punt formation) 6-R.Allen punts 42 yards to PIT 22, Center-49-J.Cardona. 17-E.Rogers pushed ob at PIT 24 for 2 yards (29-J.Bademosi).",-1.254,0.163
2017,15,December 17,away,Pittsburgh Steelers,https://www.pro-football-reference.com/boxscores/201712170pit.htm,1,02:12,1,10,PIT 24,7,7,(2:12) (Shotgun) 26-L.Bell up the middle to PIT 25 for 1 yard (94-R.Jean Francois; 90-M.Brown).,1.091,-0.283
2017,15,December 17,away,Pittsburgh Steelers,https://www.pro-football-reference.com/boxscores/201712170pit.htm,1,01:33,2,9,PIT 25,7,7,"(1:33) (Shotgun) 7-B.Roethlisberger pass short middle to 19-J.Smith-Schuster to PIT 42 for 17 yards (24-S.Gilmore, 32-D.McCourty).",0.808,1.579
2017,15,December 17,away,Pittsburgh Steelers,https://www.pro-football-reference.com/boxscores/201712170pit.htm,1,00:50,1,10,PIT 42,7,7,(:50) (Shotgun) 7-B.Roethlisberger pass short right to 26-L.Bell to PIT 43 for 1 yard (21-M.Butler).,2.386,-0.362
2017,15,December 17,away,Pittsburgh Steelers,https://www.pro-football-reference.com/boxscores/201712170pit.htm,1,00:14,2,9,PIT 43,7,7,"(:14) (No Huddle, Shotgun) 7-B.Roethlisberger pass short left to 81-J.James to PIT 44 for 1 yard (23-P.Chung).",2.025,-0.761
2017,15,December 17,away,Pittsburgh Steelers,https://www.pro-football-reference.com/boxscores/201712170pit.htm,2,15:00,3,8,PIT 44,7,7,(15:00) (Shotgun) 7-B.Roethlisberger pass deep right to 10-M.Bryant to NE 17 for 39 yards (24-S.Gilmore) [91-D.Wise].,1.264,3.587
2017,15,December 17,away,Pittsburgh Steelers,https://www.pro-football-reference.com/boxscores/201712170pit.htm,2,14:16,1,10,NE 17,7,7,"(14:16) (No Huddle, Shotgun) 7-B.Roethlisberger pass short right to 10-M.Bryant to NE 18 for -1 yards (24-S.Gilmore). PENALTY on PIT-81-J.James, Offensive Pass Interference, 10 yards, enforced at NE 17 - No Play.",4.851,-1.120
2017,15,December 17,away,Pittsburgh Steelers,https://www.pro-football-reference.com/boxscores/201712170pit.htm,2,13:49,1,20,NE 27,7,7,(13:49) (Shotgun) 26-L.Bell up the middle to NE 25 for 2 yards (90-M.Brown).,3.731,-0.357
2017,15,December 17,away,Pittsburgh Steelers,https://www.pro-football-reference.com/boxscores/201712170pit.htm,2,13:09,2,18,NE 25,7,7,(13:09) (Shotgun) 7-B.Roethlisberger pass incomplete deep middle to 84-A.Brown. PIT-84-A.Brown was injured during the play. His return is Questionable.,3.374,-0.536
2017,15,December 17,away,Pittsburgh Steelers,https://www.pro-football-reference.com/boxscores/201712170pit.htm,2,13:00,3,18,NE 25,7,7,(13:00) (Shotgun) 7-B.Roethlisberger sacked at NE 33 for -8 yards (sack split by 91-D.Wise and 98-T.Flowers).,2.838,-1.780
2017,15,December 17,away,Pittsburgh Steelers,https://www.pro-football-reference.com/boxscores/201712170pit.htm,2,12:20,4,26,NE 33,7,10,"(12:20) (Field Goal formation) 9-C.Boswell 51 yard field goal is GOOD, Center-57-K.Canaday, Holder-4-J.Berry.",1.059,1.941
2017,15,December 17,away,Pittsburgh Steelers,https://www.pro-football-reference.com/boxscores/201712170pit.htm,2,12:15,,,PIT 35,7,10,"9-C.Boswell kicks 59 yards from PIT 35 to NE 6. 33-D.Lewis to NE 25 for 19 yards (45-R.Nix, 33-F.Toussaint).",0.849,0.002
2017,15,December 17,away,Pittsburgh Steelers,https://www.pro-football-reference.com/boxscores/201712170pit.htm,2,12:10,1,10,NE 25,7,10,(12:10) (Shotgun) 12-T.Brady pass short left to 80-D.Amendola to NE 36 for 11 yards (51-S.Spence).,0.851,0.672
2017,15,December 17,away,Pittsburgh Steelers,https://www.pro-football-reference.com/boxscores/201712170pit.htm,2,11:48,1,10,NE 36,7,10,"(11:48) (No Huddle, Shotgun) 12-T.Brady pass deep right to 87-R.Gronkowski to PIT 33 for 31 yards (23-M.Mitchell, 28-S.Davis).",1.523,2.079
2017,15,December 17,away,Pittsburgh Steelers,https://www.pro-football-reference.com/boxscores/201712170pit.htm,2,11:20,1,10,PIT 33,7,10,"(11:20) (No Huddle, Shotgun) 12-T.Brady pass incomplete deep left to 14-B.Cooks. Coverage by 25-Burns, 34-Sutton.",3.602,-0.388
2017,15,December 17,away,Pittsburgh Steelers,https://www.pro-football-reference.com/boxscores/201712170pit.htm,2,11:13,2,10,PIT 33,7,10,(11:13) 12-T.Brady pass short right to 85-K.Britt to PIT 26 for 7 yards (34-C.Sutton).,3.214,0.185
2017,15,December 17,away,Pittsburgh Steelers,https://www.pro-football-reference.com/boxscores/201712170pit.htm,2,10:33,3,3,PIT 26,7,10,(10:33) (Shotgun) 12-T.Brady pass short right to 80-D.Amendola to PIT 14 for 12 yards (28-S.Davis).,3.399,1.463
2017,15,December 17,away,Pittsburgh Steelers,https://www.pro-football-reference.com/boxscores/201712170pit.htm,2,10:00,1,10,PIT 14,7,10,(10:00) 33-D.Lewis up the middle to PIT 14 for no gain (96-L.Walton).,4.862,-0.544
2017,15,December 17,away,Pittsburgh Steelers,https://www.pro-football-reference.com/boxscores/201712170pit.htm,2,09:18,,,PIT 14,7,10,Timeout #1 by NE at 09:18.,4.318,0.000
2017,15,December 17,away,Pittsburgh Steelers,https://www.pro-football-reference.com/boxscores/201712170pit.htm,2,09:18,2,10,PIT 14,7,10,(9:18) 12-T.Brady pass incomplete short middle to 47-J.Hollister (31-M.Hilton) [94-T.Alualu].,4.318,-0.756
2017,15,December 17,away,Pittsburgh Steelers,https://www.pro-football-reference.com/boxscores/201712170pit.htm,2,09:13,3,10,PIT 14,7,10,"(9:13) (Shotgun) 12-T.Brady pass incomplete short right to 87-R.Gronkowski. Coverage by 28 Burns, Pressure by 91-Tuitt.",3.561,-0.777
2017,15,December 17,away,Pittsburgh Steelers,https://www.pro-football-reference.com/boxscores/201712170pit.htm,2,09:08,4,10,PIT 14,10,10,"(9:08) (Field Goal formation) 3-S.Gostkowski 32 yard field goal is GOOD, Center-49-J.Cardona, Holder-6-R.Allen.",2.784,0.216
2017,15,December 17,away,Pittsburgh Steelers,https://www.pro-football-reference.com/boxscores/201712170pit.htm,2,09:04,,,NE 35,10,10,3-S.Gostkowski kicks 58 yards from NE 35 to PIT 7. 33-F.Toussaint to PIT 22 for 15 yards (50-N.Grigsby; 31-J.Jones).,1.375,-0.308
2017,15,December 17,away,Pittsburgh Steelers,https://www.pro-football-reference.com/boxscores/201712170pit.htm,2,08:58,1,10,PIT 22,10,10,(8:58) 65-J.Hawkins reported in as eligible.  26-L.Bell up the middle to PIT 32 for 10 yards (23-P.Chung).,1.067,0.708
2017,15,December 17,away,Pittsburgh Steelers,https://www.pro-football-reference.com/boxscores/201712170pit.htm,2,08:21,1,10,PIT 32,10,10,"(8:21) 26-L.Bell left tackle to PIT 33 for 1 yard (90-M.Brown, 55-E.Lee).",1.776,-0.366
2017,15,December 17,away,Pittsburgh Steelers,https://www.pro-football-reference.com/boxscores/201712170pit.htm,2,07:40,2,9,PIT 33,10,10,(7:40) 26-L.Bell left end pushed ob at PIT 39 for 6 yards (52-E.Roberts).,1.409,0.028
2017,15,December 17,away,Pittsburgh Steelers,https://www.pro-football-reference.com/boxscores/201712170pit.htm,2,07:01,3,3,PIT 39,10,10,(7:01) (Shotgun) 7-B.Roethlisberger pass short middle to 19-J.Smith-Schuster to PIT 45 for 6 yards (25-E.Rowe).,1.437,1.045
2017,15,December 17,away,Pittsburgh Steelers,https://www.pro-football-reference.com/boxscores/201712170pit.htm,2,06:25,1,10,PIT 45,10,10,"(6:25) 65-J.Hawkins reported in as eligible.  7-B.Roethlisberger FUMBLES (Aborted) at PIT 45, and recovers at PIT 43. 7-B.Roethlisberger to PIT 43 for no gain (94-R.Jean Francois).",2.482,-0.892
2017,15,December 17,away,Pittsburgh Steelers,https://www.pro-football-reference.com/boxscores/201712170pit.htm,2,05:46,2,12,PIT 43,10,10,(5:46) (Shotgun) 30-J.Conner up the middle to NE 47 for 10 yards (24-S.Gilmore).,1.590,0.790
2017,15,December 17,away,Pittsburgh Steelers,https://www.pro-football-reference.com/boxscores/201712170pit.htm,2,05:04,3,2,NE 47,10,10,"(5:04) (Shotgun) 7-B.Roethlisberger pass short left to 26-L.Bell to NE 34 for 13 yards (25-E.Rowe, 55-E.Lee).",2.380,1.253
2017,15,December 17,away,Pittsburgh Steelers,https://www.pro-football-reference.com/boxscores/201712170pit.htm,2,04:17,1,10,NE 34,10,10,(4:17) 65-J.Hawkins reported in as eligible.  7-B.Roethlisberger sacked at NE 37 for -3 yards (93-L.Guy).,3.633,-1.088
2017,15,December 17,away,Pittsburgh Steelers,https://www.pro-football-reference.com/boxscores/201712170pit.htm,2,03:31,2,13,NE 37,10,10,(3:31) (Shotgun) 7-B.Roethlisberger pass short left to 81-J.James to NE 31 for 6 yards (23-P.Chung) [98-T.Flowers].,2.545,0.149
2017,15,December 17,away,Pittsburgh Steelers,https://www.pro-football-reference.com/boxscores/201712170pit.htm,2,02:46,3,7,NE 31,10,10,(2:46) (Shotgun) 7-B.Roethlisberger pass short right to 10-M.Bryant to NE 21 for 10 yards (24-S.Gilmore).,2.694,1.573
2017,15,December 17,away,Pittsburgh Steelers,https://www.pro-football-reference.com/boxscores/201712170pit.htm,2,02:00,1,10,NE 21,10,10,(2:00) (Shotgun) 26-L.Bell left guard to NE 17 for 4 yards (90-M.Brown).,4.267,-0.181
2017,15,December 17,away,Pittsburgh Steelers,https://www.pro-football-reference.com/boxscores/201712170pit.htm,2,01:52,,,NE 17,10,10,Timeout #2 by NE at 01:52.,4.087,0.000
2017,15,December 17,away,Pittsburgh Steelers,https://www.pro-football-reference.com/boxscores/201712170pit.htm,2,01:52,2,6,NE 17,10,10,(1:52) (Shotgun) 26-L.Bell right guard to NE 9 for 8 yards (45-D.Harris).,4.087,0.671
2017,15,December 17,away,Pittsburgh Steelers,https://www.pro-football-reference.com/boxscores/201712170pit.htm,2,01:12,1,9,NE 9,10,10,(1:12) (Shotgun) 26-L.Bell left guard to NE 7 for 2 yards (94-R.Jean Francois; 52-E.Roberts).,4.758,-0.077
2017,15,December 17,away,Pittsburgh Steelers,https://www.pro-football-reference.com/boxscores/201712170pit.htm,2,00:37,2,7,NE 7,10,10,"(:37) 26-L.Bell right tackle to NE 4 for 3 yards (55-E.Lee, 93-L.Guy).",4.681,-0.928
2017,15,December 17,away,Pittsburgh Steelers,https://www.pro-football-reference.com/boxscores/201712170pit.htm,2,00:30,,,,10,10,Timeout #1 by PIT at 00:30.,3.753,0.000
2017,15,December 17,away,Pittsburgh Steelers,https://www.pro-football-reference.com/boxscores/201712170pit.htm,2,00:30,,,NE 4,10,10,Timeout #3 by NE at 00:30.,3.753,0.000
2017,15,December 17,away,Pittsburgh Steelers,https://www.pro-football-reference.com/boxscores/201712170pit.htm,2,00:30,3,4,NE 4,10,16,"(:30) (Shotgun) 7-B.Roethlisberger pass short left to 10-M.Bryant for 4 yards, TOUCHDOWN.",3.753,3.247
2017,15,December 17,away,Pittsburgh Steelers,https://www.pro-football-reference.com/boxscores/201712170pit.htm,2,00:25,,,NE 15,10,17,"9-C.Boswell extra point is GOOD, Center-57-K.Canaday, Holder-4-J.Berry.",0.932,0.068
2017,15,December 17,away,Pittsburgh Steelers,https://www.pro-football-reference.com/boxscores/201712170pit.htm,2,00:25,,,PIT 35,10,17,"9-C.Boswell kicks 65 yards from PIT 35 to NE 0. 33-D.Lewis to NE 27 for 27 yards (54-L.Fort, 45-R.Nix).",0.152,-0.152
2017,15,December 17,away,Pittsburgh Steelers,https://www.pro-football-reference.com/boxscores/201712170pit.htm,2,00:20,1,10,NE 27,10,17,(:20) 12-T.Brady kneels to NE 26 for -1 yards.,0.000,0.000
2017,15,December 17,away,Pittsburgh Steelers,https://www.pro-football-reference.com/boxscores/201712170pit.htm,3,15:00,,,PIT 35,10,17,"9-C.Boswell kicks 65 yards from PIT 35 to end zone, Touchback.",0.651,0.000
2017,15,December 17,away,Pittsburgh Steelers,https://www.pro-football-reference.com/boxscores/201712170pit.htm,3,15:00,1,10,NE 25,10,17,(15:00) 12-T.Brady pass short right to 14-B.Cooks to NE 32 for 7 yards (31-M.Hilton).,0.651,0.401
2017,15,December 17,away,Pittsburgh Steelers,https://www.pro-football-reference.com/boxscores/201712170pit.htm,3,14:33,2,3,NE 32,10,17,(14:33) 33-D.Lewis right guard to NE 37 for 5 yards (90-T.Watt).,1.052,0.420
2017,15,December 17,away,Pittsburgh Steelers,https://www.pro-football-reference.com/boxscores/201712170pit.htm,3,13:54,1,10,NE 37,10,17,"(13:54) (Shotgun) 12-T.Brady pass short left to 83-D.Allen to NE 47 for 10 yards (25-A.Burns, 51-S.Spence).",1.472,0.802
2017,15,December 17,away,Pittsburgh Steelers,https://www.pro-football-reference.com/boxscores/201712170pit.htm,3,13:15,1,10,NE 47,10,17,(13:15) 33-D.Lewis left guard to PIT 47 for 6 yards (25-A.Burns).,2.274,0.278
2017,15,December 17,away,Pittsburgh Steelers,https://www.pro-football-reference.com/boxscores/201712170pit.htm,3,12:41,2,4,PIT 47,10,17,(12:41) (Shotgun) 12-T.Brady pass deep left to 87-R.Gronkowski to PIT 25 for 22 yards (28-S.Davis).,2.551,1.622
2017,15,December 17,away,Pittsburgh Steelers,https://www.pro-football-reference.com/boxscores/201712170pit.htm,3,12:05,1,10,PIT 25,10,17,(12:05) 34-R.Burkhead left guard to PIT 19 for 6 yards (51-S.Spence).,4.173,0.168
2017,15,December 17,away,Pittsburgh Steelers,https://www.pro-football-reference.com/boxscores/201712170pit.htm,3,11:39,2,4,PIT 19,10,17,"(11:39) 34-R.Burkhead left tackle to PIT 16 for 3 yards (98-V.Williams, 25-A.Burns).",4.341,-0.070
2017,15,December 17,away,Pittsburgh Steelers,https://www.pro-football-reference.com/boxscores/201712170pit.htm,3,11:00,3,1,PIT 16,10,17,"(11:00) PENALTY on NE-83-D.Allen, False Start, 4 yards, enforced at PIT 16 - No Play.",4.271,-0.647
2017,15,December 17,away,Pittsburgh Steelers,https://www.pro-football-reference.com/boxscores/201712170pit.htm,3,10:41,3,5,PIT 20,10,17,(10:41) (Shotgun) 12-T.Brady pass short left to 28-J.White pushed ob at PIT 16 for 4 yards (25-A.Burns).,3.625,-0.413
2017,15,December 17,away,Pittsburgh Steelers,https://www.pro-football-reference.com/boxscores/201712170pit.htm,3,09:54,4,1,PIT 16,10,17,"(9:54) (Shotgun) 12-T.Brady pass short middle to 87-R.Gronkowski to PIT 6 for 10 yards (25-A.Burns, 23-M.Mitchell).",3.212,2.359
2017,15,December 17,away,Pittsburgh Steelers,https://www.pro-football-reference.com/boxscores/201712170pit.htm,3,09:23,1,6,PIT 6,10,17,(9:23) 34-R.Burkhead right tackle to PIT 4 for 2 yards (94-T.Alualu). NE-34-R.Burkhead was injured during the play.,5.571,-0.114
2017,15,December 17,away,Pittsburgh Steelers,https://www.pro-football-reference.com/boxscores/201712170pit.htm,3,09:00,2,4,PIT 4,10,17,(9:00) 12-T.Brady pass incomplete short right to 87-R.Gronkowski (31-M.Hilton).,5.457,-1.007
2017,15,December 17,away,Pittsburgh Steelers,https://www.pro-football-reference.com/boxscores/201712170pit.htm,3,08:56,3,4,PIT 4,16,17,"(8:56) (Shotgun) 12-T.Brady pass short right to 14-B.Cooks for 4 yards, TOUCHDOWN.",4.450,2.550
2017,15,December 17,away,Pittsburgh Steelers,https://www.pro-football-reference.com/boxscores/201712170pit.htm,3,08:50,,,PIT 15,16,17,"3-S.Gostkowski extra point is No Good, Wide Left, Center-49-J.Cardona, Holder-6-R.Allen.",0.932,-0.932
2017,15,December 17,away,Pittsburgh Steelers,https://www.pro-football-reference.com/boxscores/201712170pit.htm,3,08:50,,,NE 35,16,17,"3-S.Gostkowski kicks 65 yards from NE 35 to end zone, Touchback.",1.405,0.000
2017,15,December 17,away,Pittsburgh Steelers,https://www.pro-football-reference.com/boxscores/201712170pit.htm,3,08:50,1,10,PIT 25,16,17,(8:50) (Shotgun) 26-L.Bell right end pushed ob at PIT 43 for 18 yards (32-D.McCourty).,1.405,1.158
2017,15,December 17,away,Pittsburgh Steelers,https://www.pro-football-reference.com/boxscores/201712170pit.htm,3,08:14,1,10,PIT 43,16,17,(8:14) 26-L.Bell right end pushed ob at NE 42 for 15 yards (25-E.Rowe).,2.563,0.852
2017,15,December 17,away,Pittsburgh Steelers,https://www.pro-football-reference.com/boxscores/201712170pit.htm,3,07:37,1,10,NE 42,16,17,"(7:37) (No Huddle, Shotgun) 7-B.Roethlisberger pass incomplete short left to 81-J.James [98-T.Flowers]. Coverage 45-Harris, Pressure 98- Flowers.",3.415,-0.462
2017,15,December 17,away,Pittsburgh Steelers,https://www.pro-football-reference.com/boxscores/201712170pit.htm,3,07:32,2,10,NE 42,16,17,"(7:32) 26-L.Bell left guard to NE 42 for no gain (94-R.Jean Francois, 98-T.Flowers).",2.953,-0.790
2017,15,December 17,away,Pittsburgh Steelers,https://www.pro-football-reference.com/boxscores/201712170pit.htm,3,06:51,3,10,NE 42,16,17,(6:51) (Shotgun) 7-B.Roethlisberger pass incomplete short middle to 26-L.Bell. Coverage 37-Richards.,2.162,-1.799
2017,15,December 17,away,Pittsburgh Steelers,https://www.pro-football-reference.com/boxscores/201712170pit.htm,3,06:46,4,10,NE 42,16,17,"(6:46) (Punt formation) 4-J.Berry punts 31 yards to NE 11, Center-57-K.Canaday, fair catch by 80-D.Amendola.",0.364,-0.080
2017,15,December 17,away,Pittsburgh Steelers,https://www.pro-football-reference.com/boxscores/201712170pit.htm,3,06:39,1,10,NE 11,16,17,(6:39) 33-D.Lewis left tackle to NE 8 for -3 yards (48-B.Dupree).,-0.284,-1.291
2017,15,December 17,away,Pittsburgh Steelers,https://www.pro-football-reference.com/boxscores/201712170pit.htm,3,05:59,2,13,NE 8,16,17,(5:59) 12-T.Brady pass short middle to 87-R.Gronkowski to NE 25 for 17 yards (28-S.Davis).,-1.575,2.289
2017,15,December 17,away,Pittsburgh Steelers,https://www.pro-football-reference.com/boxscores/201712170pit.htm,3,05:22,1,10,NE 25,16,17,"(5:22) 12-T.Brady pass incomplete short right to 33-D.Lewis. Coverage by 98-Williams, Pressure by 48-Dupree.",0.714,-0.554
2017,15,December 17,away,Pittsburgh Steelers,https://www.pro-football-reference.com/boxscores/201712170pit.htm,3,05:17,2,10,NE 25,16,17,(5:17) 33-D.Lewis up the middle to NE 33 for 8 yards (98-V.Williams).,0.160,0.384
2017,15,December 17,away,Pittsburgh Steelers,https://www.pro-football-reference.com/boxscores/201712170pit.htm,3,04:40,3,2,NE 33,16,17,(4:40) (Shotgun) 12-T.Brady pass short middle intended for 87-R.Gronkowski INTERCEPTED by 98-V.Williams [79-J.Hargrave] at NE 35. 98-V.Williams to NE 22 for 13 yards (28-J.White).,0.544,-5.168
2017,15,December 17,away,Pittsburgh Steelers,https://www.pro-football-reference.com/boxscores/201712170pit.htm,3,04:31,1,10,NE 22,16,17,(4:31) (Shotgun) 26-L.Bell right end pushed ob at NE 17 for 5 yards (23-P.Chung).,4.624,0.101
2017,15,December 17,away,Pittsburgh Steelers,https://www.pro-football-reference.com/boxscores/201712170pit.htm,3,03:54,2,5,NE 17,16,17,"(3:54) (Shotgun) 26-L.Bell up the middle to NE 13 for 4 yards (45-D.Harris, 52-E.Roberts).",4.725,0.100
2017,15,December 17,away,Pittsburgh Steelers,https://www.pro-football-reference.com/boxscores/201712170pit.htm,3,03:13,3,1,NE 13,16,17,(3:13) 65-J.Hawkins reported in as eligible.  7-B.Roethlisberger pass short middle to 85-X.Grimble to NE 5 for 8 yards (24-S.Gilmore).,4.825,1.003
2017,15,December 17,away,Pittsburgh Steelers,https://www.pro-football-reference.com/boxscores/201712170pit.htm,3,02:27,1,5,NE 5,16,17,(2:27) (Shotgun) 26-L.Bell right guard to NE 3 for 2 yards (52-E.Roberts; 32-D.McCourty).,5.829,-0.111
2017,15,December 17,away,Pittsburgh Steelers,https://www.pro-football-reference.com/boxscores/201712170pit.htm,3,01:38,2,3,NE 3,16,23,"(1:38) (Shotgun) 26-L.Bell left tackle for 3 yards, TOUCHDOWN.",5.717,1.283
2017,15,December 17,away,Pittsburgh Steelers,https://www.pro-football-reference.com/boxscores/201712170pit.htm,3,01:33,,,NE 15,16,24,"9-C.Boswell extra point is GOOD, Center-57-K.Canaday, Holder-4-J.Berry.",0.932,0.068
2017,15,December 17,away,Pittsburgh Steelers,https://www.pro-football-reference.com/boxscores/201712170pit.htm,3,01:33,,,PIT 35,16,24,"9-C.Boswell kicks 61 yards from PIT 35 to NE 4. 33-D.Lewis to NE 25 for 21 yards (44-T.Matakevich, 45-R.Nix).",0.756,0.001
2017,15,December 17,away,Pittsburgh Steelers,https://www.pro-football-reference.com/boxscores/201712170pit.htm,3,01:29,1,10,NE 25,16,24,(1:29) (Shotgun) 12-T.Brady pass incomplete short right to 28-J.White.,0.757,-0.556
2017,15,December 17,away,Pittsburgh Steelers,https://www.pro-football-reference.com/boxscores/201712170pit.htm,3,01:25,2,10,NE 25,16,24,(1:25) (Shotgun) 12-T.Brady pass short middle to 87-R.Gronkowski pushed ob at NE 42 for 17 yards (25-A.Burns; 23-M.Mitchell).,0.201,1.568
2017,15,December 17,away,Pittsburgh Steelers,https://www.pro-football-reference.com/boxscores/201712170pit.htm,3,00:58,1,10,NE 42,16,24,(:58) 33-D.Lewis left guard to NE 43 for 1 yard (94-T.Alualu).,1.769,-0.377
2017,15,December 17,away,Pittsburgh Steelers,https://www.pro-football-reference.com/boxscores/201712170pit.htm,3,00:23,2,9,NE 43,16,24,(:23) 12-T.Brady pass incomplete short left to 46-J.Develin.,1.392,-0.818
2017,15,December 17,away,Pittsburgh Steelers,https://www.pro-football-reference.com/boxscores/201712170pit.htm,3,00:18,3,9,NE 43,16,24,"(:18) (Shotgun) 12-T.Brady pass incomplete short right to 80-D.Amendola [91-S.Tuitt]. Pressure by 91-Tuitt, Coverage by 31-Hilton.",0.574,-1.533
2017,15,December 17,away,Pittsburgh Steelers,https://www.pro-football-reference.com/boxscores/201712170pit.htm,3,00:14,4,9,NE 43,16,24,"(:14) (Punt formation) 6-R.Allen punts 54 yards to PIT 3, Center-49-J.Cardona, downed by NE-18-M.Slater.",-0.959,1.139
2017,15,December 17,away,Pittsburgh Steelers,https://www.pro-football-reference.com/boxscores/201712170pit.htm,3,00:02,1,10,PIT 3,16,24,(:02) 65-J.Hawkins reported in as eligible.  26-L.Bell left guard to PIT 11 for 8 yards (45-D.Harris).,-0.180,0.513
2017,15,December 17,away,Pittsburgh Steelers,https://www.pro-football-reference.com/boxscores/201712170pit.htm,4,15:00,2,2,PIT 11,16,24,(15:00) 65-J.Hawkins reported in as eligible.  26-L.Bell up the middle to PIT 16 for 5 yards (94-R.Jean Francois).,0.334,0.354
2017,15,December 17,away,Pittsburgh Steelers,https://www.pro-football-reference.com/boxscores/201712170pit.htm,4,14:20,1,10,PIT 16,16,24,(14:20) 30-J.Conner right guard to PIT 17 for 1 yard (90-M.Brown; 93-L.Guy).,0.688,-0.429
2017,15,December 17,away,Pittsburgh Steelers,https://www.pro-football-reference.com/boxscores/201712170pit.htm,4,13:40,2,9,PIT 17,16,24,(13:40) (Shotgun) 7-B.Roethlisberger pass short right to 19-J.Smith-Schuster to PIT 23 for 6 yards (24-S.Gilmore).,0.258,0.020
2017,15,December 17,away,Pittsburgh Steelers,https://www.pro-football-reference.com/boxscores/201712170pit.htm,4,12:56,3,3,PIT 23,16,24,(12:56) (Shotgun) 7-B.Roethlisberger pass short right to 26-L.Bell pushed ob at PIT 27 for 4 yards (98-T.Flowers) [23-P.Chung].,0.278,1.211
2017,15,December 17,away,Pittsburgh Steelers,https://www.pro-football-reference.com/boxscores/201712170pit.htm,4,12:26,1,10,PIT 27,16,24,"(12:26) 65-J.Hawkins reported in as eligible.  26-L.Bell right tackle to PIT 27 for no gain (93-L.Guy, 94-R.Jean Francois).",1.490,-0.516
2017,15,December 17,away,Pittsburgh Steelers,https://www.pro-football-reference.com/boxscores/201712170pit.htm,4,11:44,2,10,PIT 27,16,24,(11:44) (Shotgun) 26-L.Bell up the middle to PIT 33 for 6 yards (98-T.Flowers; 93-L.Guy).,0.974,-0.233
2017,15,December 17,away,Pittsburgh Steelers,https://www.pro-football-reference.com/boxscores/201712170pit.htm,4,11:00,,,PIT 33,16,24,Timeout #1 by PIT at 11:00.,0.741,0.000
2017,15,December 17,away,Pittsburgh Steelers,https://www.pro-football-reference.com/boxscores/201712170pit.htm,4,11:00,3,4,PIT 33,16,24,(11:00) (Shotgun) 7-B.Roethlisberger scrambles up the middle to PIT 38 for 5 yards (37-J.Richards).,0.741,1.199
2017,15,December 17,away,Pittsburgh Steelers,https://www.pro-football-reference.com/boxscores/201712170pit.htm,4,10:17,1,10,PIT 38,16,24,"(10:17) (Shotgun) 30-J.Conner up the middle to PIT 46 for 8 yards (23-P.Chung). PENALTY on PIT-78-A.Villanueva, Offensive Holding, 10 yards, enforced at PIT 38 - No Play.",1.940,-0.890
2017,15,December 17,away,Pittsburgh Steelers,https://www.pro-football-reference.com/boxscores/201712170pit.htm,4,09:54,1,20,PIT 28,16,24,(9:54) (Shotgun) 30-J.Conner left guard to PIT 30 for 2 yards (90-M.Brown; 91-D.Wise). PIT-30-J.Conner was injured during the play.,1.050,-0.451
2017,15,December 17,away,Pittsburgh Steelers,https://www.pro-football-reference.com/boxscores/201712170pit.htm,4,09:29,2,18,PIT 30,16,24,"(9:29) (Shotgun) PENALTY on PIT-78-A.Villanueva, False Start, 5 yards, enforced at PIT 30 - No Play.",0.599,-0.328
2017,15,December 17,away,Pittsburgh Steelers,https://www.pro-football-reference.com/boxscores/201712170pit.htm,4,09:06,2,23,PIT 25,16,24,(9:06) (Shotgun) 33-F.Toussaint right guard to PIT 28 for 3 yards (98-T.Flowers).,0.271,-0.537
2017,15,December 17,away,Pittsburgh Steelers,https://www.pro-football-reference.com/boxscores/201712170pit.htm,4,08:23,3,20,PIT 28,16,24,(8:23) (Shotgun) 7-B.Roethlisberger pass short middle to 10-M.Bryant to PIT 34 for 6 yards (59-M.Flowers).,-0.266,-0.549
2017,15,December 17,away,Pittsburgh Steelers,https://www.pro-football-reference.com/boxscores/201712170pit.htm,4,07:45,4,14,PIT 34,16,24,"(7:45) (Punt formation) 4-J.Berry punts 38 yards to NE 28, Center-57-K.Canaday, fair catch by 80-D.Amendola.",-0.815,-0.462
2017,15,December 17,away,Pittsburgh Steelers,https://www.pro-football-reference.com/boxscores/201712170pit.htm,4,07:38,1,10,NE 28,16,24,"(7:38) (Shotgun) 33-D.Lewis up the middle to NE 31 for 3 yards (79-J.Hargrave, 28-S.Davis).",1.277,-0.218
2017,15,December 17,away,Pittsburgh Steelers,https://www.pro-football-reference.com/boxscores/201712170pit.htm,4,07:06,2,7,NE 31,16,24,(7:06) (Shotgun) 12-T.Brady pass short right to 14-B.Cooks to NE 37 for 6 yards (34-C.Sutton).,1.059,0.546
2017,15,December 17,away,Pittsburgh Steelers,https://www.pro-football-reference.com/boxscores/201712170pit.htm,4,06:28,3,1,NE 37,16,24,"(6:28) 33-D.Lewis right tackle to NE 49 for 12 yards (98-V.Williams, 34-C.Sutton).",1.604,0.934
2017,15,December 17,away,Pittsburgh Steelers,https://www.pro-football-reference.com/boxscores/201712170pit.htm,4,05:45,1,10,NE 49,16,24,"(5:45) (Shotgun) 33-D.Lewis up the middle to PIT 44 for 7 yards (31-M.Hilton, 28-S.Davis).",2.538,0.375
2017,15,December 17,away,Pittsburgh Steelers,https://www.pro-football-reference.com/boxscores/201712170pit.htm,4,05:10,2,3,PIT 44,16,24,"(5:10) (Shotgun) 12-T.Brady pass incomplete deep left to 14-B.Cooks. PENALTY on NE-14-B.Cooks, Illegal Touch Pass, 0 yards, enforced at PIT 44.",2.913,-0.712
2017,15,December 17,away,Pittsburgh Steelers,https://www.pro-football-reference.com/boxscores/201712170pit.htm,4,04:50,3,3,PIT 44,16,24,"(4:50) (Shotgun) 12-T.Brady pass incomplete deep left to 87-R.Gronkowski. PENALTY on PIT-25-A.Burns, Defensive Pass Interference, 23 yards, enforced at PIT 44 - No Play.",2.200,2.147
2017,15,December 17,away,Pittsburgh Steelers,https://www.pro-football-reference.com/boxscores/201712170pit.htm,4,04:45,1,10,PIT 21,16,24,(4:45) (Shotgun) 12-T.Brady pass incomplete deep left to 80-D.Amendola. Coverage by 31-Hilton.,4.348,-0.399
2017,15,December 17,away,Pittsburgh Steelers,https://www.pro-football-reference.com/boxscores/201712170pit.htm,4,04:41,2,10,PIT 21,16,24,(4:41) (Shotgun) 12-T.Brady pass incomplete short left to 14-B.Cooks (25-A.Burns). Pressure by 31-Hilton.,3.949,-0.591
2017,15,December 17,away,Pittsburgh Steelers,https://www.pro-football-reference.com/boxscores/201712170pit.htm,4,04:36,3,10,PIT 21,16,24,(4:36) (Shotgun) 12-T.Brady sacked at PIT 28 for -7 yards (48-B.Dupree).,3.359,-1.537
2017,15,December 17,away,Pittsburgh Steelers,https://www.pro-football-reference.com/boxscores/201712170pit.htm,4,04:00,4,17,PIT 28,19,24,"(4:00) (Field Goal formation) 3-S.Gostkowski 46 yard field goal is GOOD, Center-49-J.Cardona, Holder-6-R.Allen.",1.821,1.179
2017,15,December 17,away,Pittsburgh Steelers,https://www.pro-football-reference.com/boxscores/201712170pit.htm,4,03:56,,,NE 35,19,24,3-S.Gostkowski kicks 57 yards from NE 35 to PIT 8. 33-F.Toussaint to PIT 19 for 11 yards (18-M.Slater).,0.905,-0.269
2017,15,December 17,away,Pittsburgh Steelers,https://www.pro-football-reference.com/boxscores/201712170pit.htm,4,03:52,1,10,PIT 19,19,24,(3:52) 65-J.Hawkins reported in as eligible.  26-L.Bell left tackle to PIT 20 for 1 yard (24-S.Gilmore).,0.637,-0.477
2017,15,December 17,away,Pittsburgh Steelers,https://www.pro-football-reference.com/boxscores/201712170pit.htm,4,03:13,2,9,PIT 20,19,24,(3:13) (Shotgun) 7-B.Roethlisberger scrambles left end to PIT 25 for 5 yards (52-E.Roberts).,0.160,0.122
2017,15,December 17,away,Pittsburgh Steelers,https://www.pro-football-reference.com/boxscores/201712170pit.htm,4,02:23,3,4,PIT 25,19,24,"(2:23) (Shotgun) 7-B.Roethlisberger pass short middle to 19-J.Smith-Schuster to PIT 28 for 3 yards (25-E.Rowe, 55-E.Lee).",0.282,-0.788
2017,15,December 17,away,Pittsburgh Steelers,https://www.pro-football-reference.com/boxscores/201712170pit.htm,4,02:16,,,PIT 28,19,24,Timeout #1 by NE at 02:16.,-0.506,0.000
2017,15,December 17,away,Pittsburgh Steelers,https://www.pro-football-reference.com/boxscores/201712170pit.htm,4,02:16,4,1,PIT 28,19,24,"(2:16) (Punt formation) 4-J.Berry punts 60 yards to NE 12, Center-57-K.Canaday. 80-D.Amendola to NE 23 for 11 yards (54-L.Fort).",-0.506,-0.364
2017,15,December 17,away,Pittsburgh Steelers,https://www.pro-football-reference.com/boxscores/201712170pit.htm,4,02:06,1,10,NE 23,19,24,(2:06) (Shotgun) 12-T.Brady pass incomplete short middle to 87-R.Gronkowski (97-C.Heyward).,0.870,-0.380
2017,15,December 17,away,Pittsburgh Steelers,https://www.pro-football-reference.com/boxscores/201712170pit.htm,4,02:01,2,10,NE 23,19,24,(2:01) (Shotgun) 12-T.Brady pass deep middle to 87-R.Gronkowski to NE 49 for 26 yards (28-S.Davis) [97-C.Heyward].,0.490,1.577
2017,15,December 17,away,Pittsburgh Steelers,https://www.pro-football-reference.com/boxscores/201712170pit.htm,4,01:55,1,10,NE 49,19,24,(1:55) (Shotgun) 12-T.Brady pass deep middle to 87-R.Gronkowski to PIT 25 for 26 yards (23-M.Mitchell).,2.067,1.555
2017,15,December 17,away,Pittsburgh Steelers,https://www.pro-football-reference.com/boxscores/201712170pit.htm,4,01:09,1,10,PIT 25,19,24,(1:09) (Shotgun) 12-T.Brady pass deep right to 87-R.Gronkowski to PIT 8 for 17 yards (28-S.Davis).,3.622,1.222
2017,15,December 17,away,Pittsburgh Steelers,https://www.pro-football-reference.com/boxscores/201712170pit.htm,4,01:00,,,PIT 8,19,24,Timeout #2 by PIT at 01:00.,4.844,0.000
2017,15,December 17,away,Pittsburgh Steelers,https://www.pro-football-reference.com/boxscores/201712170pit.htm,4,01:00,1,8,PIT 8,25,24,"(1:00) 33-D.Lewis up the middle for 8 yards, TOUCHDOWN.",4.844,2.156
2017,15,December 17,away,Pittsburgh Steelers,https://www.pro-football-reference.com/boxscores/201712170pit.htm,4,00:56,,,PIT 2,27,24,(Pass formation) TWO-POINT CONVERSION ATTEMPT. 12-T.Brady pass to 87-R.Gronkowski is complete. ATTEMPT SUCCEEDS.,0.947,1.053
2017,15,December 17,away,Pittsburgh Steelers,https://www.pro-football-reference.com/boxscores/201712170pit.htm,4,00:56,,,NE 35,27,24,3-S.Gostkowski kicks 66 yards from NE 35 to PIT -1. 19-J.Smith-Schuster to PIT 21 for 22 yards (50-N.Grigsby).,0.651,-0.194
2017,15,December 17,away,Pittsburgh Steelers,https://www.pro-football-reference.com/boxscores/201712170pit.htm,4,00:52,1,10,PIT 21,27,24,(:52) (Shotgun) 7-B.Roethlisberger pass short middle to 19-J.Smith-Schuster to NE 10 for 69 yards (30-D.Harmon).,0.457,3.868
2017,15,December 17,away,Pittsburgh Steelers,https://www.pro-football-reference.com/boxscores/201712170pit.htm,4,00:34,,,NE 10,27,24,Timeout #3 by PIT at 00:34.,4.325,0.000
2017,15,December 17,away,Pittsburgh Steelers,https://www.pro-football-reference.com/boxscores/201712170pit.htm,4,00:34,1,10,NE 10,27,24,"(:34) (Shotgun) 7-B.Roethlisberger pass short middle to 81-J.James for 10 yards, TOUCHDOWN. The Replay Official reviewed the pass completion ruling, and the play was REVERSED. (Shotgun) 7-B.Roethlisberger pass incomplete short middle to 81-J.James.",4.325,-0.378
2017,15,December 17,away,Pittsburgh Steelers,https://www.pro-football-reference.com/boxscores/201712170pit.htm,4,00:28,2,10,NE 10,27,24,(:28) (Shotgun) 7-B.Roethlisberger pass short left to 88-D.Heyward-Bey to NE 7 for 3 yards (21-M.Butler).,3.947,-0.723
2017,15,December 17,away,Pittsburgh Steelers,https://www.pro-football-reference.com/boxscores/201712170pit.htm,4,00:09,3,7,NE 7,27,24,(:09) (No Huddle) 7-B.Roethlisberger pass short middle intended for 17-E.Rogers INTERCEPTED by 30-D.Harmon (25-E.Rowe) [98-T.Flowers] at NE -2. Touchback.,3.224,-3.224
2017,15,December 17,away,Pittsburgh Steelers,https://www.pro-football-reference.com/boxscores/201712170pit.htm,4,00:05,1,10,NE 20,27,24,(:05) 12-T.Brady kneels to NE 19 for -1 yards.,0.000,0.000
2017,16,December 24,home,Buffalo Bills,https://www.pro-football-reference.com/boxscores/201712240nwe.htm,1,15:00,,,BUF 35,0,0,4-S.Hauschka kicks 66 yards from BUF 35 to NE -1. 33-D.Lewis to NE 22 for 23 yards (29-S.Thomas).,1.457,-0.426
2017,16,December 24,home,Buffalo Bills,https://www.pro-football-reference.com/boxscores/201712240nwe.htm,1,14:55,1,10,NE 22,0,0,"(14:55) 33-D.Lewis up the middle to NE 24 for 2 yards (54-E.Yarbrough; 95-K.Williams). NE 12-Brady 250th career start at QB, 3rd all-time.",1.031,-0.379
2017,16,December 24,home,Buffalo Bills,https://www.pro-football-reference.com/boxscores/201712240nwe.htm,1,14:26,2,8,NE 24,0,0,(14:26) 33-D.Lewis right end to NE 26 for 2 yards (52-P.Brown; 58-M.Milano).,0.652,-0.282
2017,16,December 24,home,Buffalo Bills,https://www.pro-football-reference.com/boxscores/201712240nwe.htm,1,13:46,3,6,NE 26,0,0,(13:46) (Shotgun) 12-T.Brady pass incomplete deep middle to 47-J.Hollister.,0.369,-1.609
2017,16,December 24,home,Buffalo Bills,https://www.pro-football-reference.com/boxscores/201712240nwe.htm,1,13:41,4,6,NE 26,0,0,"(13:41) 6-R.Allen punts 44 yards to BUF 30, Center-49-J.Cardona, fair catch by 15-B.Tate.",-1.240,0.249
2017,16,December 24,home,Buffalo Bills,https://www.pro-football-reference.com/boxscores/201712240nwe.htm,1,13:34,1,10,BUF 30,0,0,(13:34) 25-L.McCoy right tackle to BUF 31 for 1 yard (94-R.Jean Francois; 55-E.Lee).,0.991,-0.408
2017,16,December 24,home,Buffalo Bills,https://www.pro-football-reference.com/boxscores/201712240nwe.htm,1,13:04,2,9,BUF 31,0,0,(13:04) 25-L.McCoy left end to BUF 39 for 8 yards (52-E.Roberts; 23-P.Chung).,0.583,0.794
2017,16,December 24,home,Buffalo Bills,https://www.pro-football-reference.com/boxscores/201712240nwe.htm,1,12:22,3,1,BUF 39,0,0,(12:22) 25-L.McCoy left guard to BUF 48 for 9 yards (59-M.Flowers; 32-D.McCourty).,1.377,0.974
2017,16,December 24,home,Buffalo Bills,https://www.pro-football-reference.com/boxscores/201712240nwe.htm,1,11:47,1,10,BUF 48,0,0,(11:47) (Shotgun) 5-T.Taylor pass short right to 10-D.Thompson to NE 44 for 8 yards (23-P.Chung).,2.350,0.481
2017,16,December 24,home,Buffalo Bills,https://www.pro-football-reference.com/boxscores/201712240nwe.htm,1,11:09,2,2,NE 44,0,0,(11:09) (Shotgun) 5-T.Taylor pass incomplete short left to 39-T.Cadet (23-P.Chung).,2.832,-0.681
2017,16,December 24,home,Buffalo Bills,https://www.pro-football-reference.com/boxscores/201712240nwe.htm,1,11:05,3,2,NE 44,0,0,(11:05) (Shotgun) 5-T.Taylor pass short left to 13-K.Benjamin to NE 41 for 3 yards (24-S.Gilmore).,2.151,0.988
2017,16,December 24,home,Buffalo Bills,https://www.pro-football-reference.com/boxscores/201712240nwe.htm,1,10:27,1,10,NE 41,0,0,(10:27) 5-T.Taylor pass incomplete short left to 15-B.Tate.,3.139,-0.494
2017,16,December 24,home,Buffalo Bills,https://www.pro-football-reference.com/boxscores/201712240nwe.htm,1,10:22,2,10,NE 41,0,0,(10:22) (Shotgun) 25-L.McCoy up the middle to NE 35 for 6 yards (59-M.Flowers; 23-P.Chung).,2.645,0.097
2017,16,December 24,home,Buffalo Bills,https://www.pro-football-reference.com/boxscores/201712240nwe.htm,1,09:41,3,4,NE 35,0,0,(9:41) (Shotgun) 5-T.Taylor scrambles left end pushed ob at NE 29 for 6 yards (32-D.McCourty).,2.742,1.184
2017,16,December 24,home,Buffalo Bills,https://www.pro-football-reference.com/boxscores/201712240nwe.htm,1,09:14,1,10,NE 29,0,0,(9:14) 35-M.Tolbert right guard to NE 31 for -2 yards (90-M.Brown; 52-E.Roberts).,3.927,-0.805
2017,16,December 24,home,Buffalo Bills,https://www.pro-football-reference.com/boxscores/201712240nwe.htm,1,08:30,2,12,NE 31,0,0,(8:30) 5-T.Taylor pass short right to 13-K.Benjamin to NE 23 for 8 yards (24-S.Gilmore).,3.122,0.502
2017,16,December 24,home,Buffalo Bills,https://www.pro-football-reference.com/boxscores/201712240nwe.htm,1,07:51,3,4,NE 23,0,0,(7:51) (Shotgun) 25-L.McCoy up the middle to NE 18 for 5 yards (32-D.McCourty).,3.624,1.000
2017,16,December 24,home,Buffalo Bills,https://www.pro-football-reference.com/boxscores/201712240nwe.htm,1,07:12,1,10,NE 18,0,0,(7:12) (Shotgun) 5-T.Taylor pass short middle to 85-C.Clay to NE 19 for -1 yards (55-E.Lee; 90-M.Brown). shovel pass,4.623,-0.870
2017,16,December 24,home,Buffalo Bills,https://www.pro-football-reference.com/boxscores/201712240nwe.htm,1,06:26,2,11,NE 19,0,0,(6:26) (Shotgun) 5-T.Taylor pass incomplete deep left to 85-C.Clay.,3.753,-0.591
2017,16,December 24,home,Buffalo Bills,https://www.pro-football-reference.com/boxscores/201712240nwe.htm,1,06:21,3,11,NE 19,0,0,(6:21) (Shotgun) 5-T.Taylor sacked at NE 23 for -4 yards (91-D.Wise).,3.162,-0.834
2017,16,December 24,home,Buffalo Bills,https://www.pro-football-reference.com/boxscores/201712240nwe.htm,1,05:36,4,15,NE 23,0,3,"(5:36) 4-S.Hauschka 41 yard field goal is GOOD, Center-69-R.Ferguson, Holder-6-C.Schmidt.",2.329,0.671
2017,16,December 24,home,Buffalo Bills,https://www.pro-football-reference.com/boxscores/201712240nwe.htm,1,05:30,,,BUF 35,0,3,4-S.Hauschka kicks 67 yards from BUF 35 to NE -2. 33-D.Lewis to NE 18 for 20 yards (30-L.Pitts).,1.378,-0.600
2017,16,December 24,home,Buffalo Bills,https://www.pro-football-reference.com/boxscores/201712240nwe.htm,1,05:25,1,10,NE 18,0,3,(5:25) 12-T.Brady pass short right to 33-D.Lewis to NE 17 for -1 yards (52-P.Brown).,0.778,-0.798
2017,16,December 24,home,Buffalo Bills,https://www.pro-football-reference.com/boxscores/201712240nwe.htm,1,04:50,2,11,NE 17,0,3,(4:50) (Shotgun) 12-T.Brady pass short middle to 33-D.Lewis to NE 22 for 5 yards (52-P.Brown).,-0.019,-0.211
2017,16,December 24,home,Buffalo Bills,https://www.pro-football-reference.com/boxscores/201712240nwe.htm,1,04:19,3,6,NE 22,0,3,(4:19) (Shotgun) 12-T.Brady pass short right to 80-D.Amendola to NE 35 for 13 yards (24-L.Johnson).,-0.231,2.154
2017,16,December 24,home,Buffalo Bills,https://www.pro-football-reference.com/boxscores/201712240nwe.htm,1,03:39,1,10,NE 35,0,3,(3:39) 12-T.Brady pass short left to 47-J.Hollister to NE 40 for 5 yards (57-L.Alexander; 20-S.Wright).,1.924,0.104
2017,16,December 24,home,Buffalo Bills,https://www.pro-football-reference.com/boxscores/201712240nwe.htm,1,03:05,2,5,NE 40,0,3,(3:05) (Shotgun) 33-D.Lewis right tackle ran ob at BUF 47 for 13 yards.,2.028,1.099
2017,16,December 24,home,Buffalo Bills,https://www.pro-football-reference.com/boxscores/201712240nwe.htm,1,02:45,1,10,BUF 47,0,3,(2:45) 33-D.Lewis right guard to BUF 48 for -1 yards (52-P.Brown).,3.127,-0.811
2017,16,December 24,home,Buffalo Bills,https://www.pro-football-reference.com/boxscores/201712240nwe.htm,1,02:11,2,11,BUF 48,0,3,(2:11) 12-T.Brady pass short left to 13-P.Dorsett to BUF 24 for 24 yards (23-M.Hyde; 52-P.Brown).,2.316,2.159
2017,16,December 24,home,Buffalo Bills,https://www.pro-football-reference.com/boxscores/201712240nwe.htm,1,01:32,1,10,BUF 24,0,3,(1:32) 35-M.Gillislee right tackle to BUF 18 for 6 yards (57-L.Alexander).,4.475,0.252
2017,16,December 24,home,Buffalo Bills,https://www.pro-football-reference.com/boxscores/201712240nwe.htm,1,00:57,2,4,BUF 18,0,3,(:57) 12-T.Brady pass short left to 87-R.Gronkowski to BUF 11 for 7 yards (75-N.Capi; 24-L.Johnson).,4.727,0.387
2017,16,December 24,home,Buffalo Bills,https://www.pro-football-reference.com/boxscores/201712240nwe.htm,1,00:17,1,10,BUF 11,0,3,(:17) 33-D.Lewis left guard to BUF 8 for 3 yards (95-K.Williams).,5.115,-0.130
2017,16,December 24,home,Buffalo Bills,https://www.pro-football-reference.com/boxscores/201712240nwe.htm,2,15:00,2,7,BUF 8,0,3,(15:00) 47-J.Hollister left end to BUF 3 for 5 yards (23-M.Hyde).,4.984,0.042
2017,16,December 24,home,Buffalo Bills,https://www.pro-football-reference.com/boxscores/201712240nwe.htm,2,14:21,3,2,BUF 3,0,3,(14:21) (Shotgun) 12-T.Brady pass incomplete short middle to 87-R.Gronkowski.,5.026,-2.067
2017,16,December 24,home,Buffalo Bills,https://www.pro-football-reference.com/boxscores/201712240nwe.htm,2,14:18,4,2,BUF 3,3,3,"(14:18) 3-S.Gostkowski 21 yard field goal is GOOD, Center-49-J.Cardona, Holder-6-R.Allen.",2.960,0.040
2017,16,December 24,home,Buffalo Bills,https://www.pro-football-reference.com/boxscores/201712240nwe.htm,2,14:14,,,NE 35,3,3,"3-S.Gostkowski kicks 65 yards from NE 35 to end zone, Touchback.",0.753,0.000
2017,16,December 24,home,Buffalo Bills,https://www.pro-football-reference.com/boxscores/201712240nwe.htm,2,14:14,1,10,BUF 25,3,3,(14:14) 5-T.Taylor pass deep left to 10-D.Thompson pushed ob at NE 29 for 46 yards (32-D.McCourty) [93-L.Guy].,0.753,3.123
2017,16,December 24,home,Buffalo Bills,https://www.pro-football-reference.com/boxscores/201712240nwe.htm,2,13:58,1,10,NE 29,3,3,(13:58) 25-L.McCoy right end to NE 25 for 4 yards (59-M.Flowers).,3.876,-0.073
2017,16,December 24,home,Buffalo Bills,https://www.pro-football-reference.com/boxscores/201712240nwe.htm,2,13:20,2,6,NE 25,3,3,(13:20) 5-T.Taylor pass short right to 85-C.Clay to NE 14 for 11 yards (23-P.Chung).,3.803,1.055
2017,16,December 24,home,Buffalo Bills,https://www.pro-football-reference.com/boxscores/201712240nwe.htm,2,12:42,1,10,NE 14,3,3,(12:42) 25-L.McCoy right tackle to NE 9 for 5 yards (52-E.Roberts).,4.858,0.058
2017,16,December 24,home,Buffalo Bills,https://www.pro-football-reference.com/boxscores/201712240nwe.htm,2,12:04,2,5,NE 9,3,3,(12:04) 25-L.McCoy left guard to NE 6 for 3 yards (98-T.Flowers; 52-E.Roberts). BUF-10-D.Thompson was injured during the play.,4.916,-0.175
2017,16,December 24,home,Buffalo Bills,https://www.pro-football-reference.com/boxscores/201712240nwe.htm,2,11:34,3,2,NE 6,3,3,(11:34) (Shotgun) 5-T.Taylor pass incomplete short left to 25-L.McCoy.,4.741,-1.695
2017,16,December 24,home,Buffalo Bills,https://www.pro-football-reference.com/boxscores/201712240nwe.htm,2,11:30,4,2,NE 6,3,3,(11:30) (Shotgun) 5-T.Taylor sacked at NE 12 for -6 yards (59-M.Flowers).,3.046,-3.477
2017,16,December 24,home,Buffalo Bills,https://www.pro-football-reference.com/boxscores/201712240nwe.htm,2,11:21,1,10,NE 12,3,3,(11:21) 35-M.Gillislee left guard to NE 15 for 3 yards (50-R.Humber; 27-T.White).,0.431,-0.304
2017,16,December 24,home,Buffalo Bills,https://www.pro-football-reference.com/boxscores/201712240nwe.htm,2,10:46,2,7,NE 15,3,3,(10:46) (Shotgun) 12-T.Brady pass incomplete deep left to 14-B.Cooks.,0.127,-0.674
2017,16,December 24,home,Buffalo Bills,https://www.pro-football-reference.com/boxscores/201712240nwe.htm,2,10:37,3,7,NE 15,3,9,"(10:37) (Shotgun) 12-T.Brady pass short middle intended for 85-K.Britt INTERCEPTED by 21-J.Poyer at NE 19. 21-J.Poyer for 19 yards, TOUCHDOWN.",-0.546,-6.454
2017,16,December 24,home,Buffalo Bills,https://www.pro-football-reference.com/boxscores/201712240nwe.htm,2,10:28,,,NE 15,3,10,"4-S.Hauschka extra point is GOOD, Center-69-R.Ferguson, Holder-6-C.Schmidt.",0.932,0.068
2017,16,December 24,home,Buffalo Bills,https://www.pro-football-reference.com/boxscores/201712240nwe.htm,2,10:28,,,BUF 35,3,10,"4-S.Hauschka kicks 65 yards from BUF 35 to end zone, Touchback.",1.394,0.000
2017,16,December 24,home,Buffalo Bills,https://www.pro-football-reference.com/boxscores/201712240nwe.htm,2,10:28,1,10,NE 25,3,10,(10:28) (Shotgun) 12-T.Brady pass short left to 83-D.Allen to NE 29 for 4 yards (23-M.Hyde; 58-M.Milano).,1.394,-0.154
2017,16,December 24,home,Buffalo Bills,https://www.pro-football-reference.com/boxscores/201712240nwe.htm,2,09:54,2,6,NE 29,3,10,(9:54) 12-T.Brady pass short left to 85-K.Britt to NE 45 for 16 yards (20-S.Wright; 21-J.Poyer).,1.240,1.298
2017,16,December 24,home,Buffalo Bills,https://www.pro-football-reference.com/boxscores/201712240nwe.htm,2,09:15,1,10,NE 45,3,10,(9:15) (Shotgun) 12-T.Brady pass short left to 35-M.Gillislee to BUF 40 for 15 yards (52-P.Brown).,2.538,0.870
2017,16,December 24,home,Buffalo Bills,https://www.pro-football-reference.com/boxscores/201712240nwe.htm,2,08:42,1,10,BUF 40,3,10,(8:42) 12-T.Brady pass incomplete short left to 14-B.Cooks.,3.409,-0.396
2017,16,December 24,home,Buffalo Bills,https://www.pro-football-reference.com/boxscores/201712240nwe.htm,2,08:33,2,10,BUF 40,3,10,(8:33) (Shotgun) 12-T.Brady pass short left to 87-R.Gronkowski to BUF 31 for 9 yards (21-J.Poyer; 50-R.Humber).,3.013,0.482
2017,16,December 24,home,Buffalo Bills,https://www.pro-football-reference.com/boxscores/201712240nwe.htm,2,08:06,3,1,BUF 31,3,10,"(8:06) 12-T.Brady up the middle to BUF 27 for 4 yards (98-D.Coleman). Penalty on BUF, Defensive 12 On-field, declined.",3.495,0.664
2017,16,December 24,home,Buffalo Bills,https://www.pro-football-reference.com/boxscores/201712240nwe.htm,2,07:54,1,10,BUF 27,3,10,(7:54) 12-T.Brady pass incomplete short middle to 87-R.Gronkowski.,4.159,-0.360
2017,16,December 24,home,Buffalo Bills,https://www.pro-football-reference.com/boxscores/201712240nwe.htm,2,07:52,2,10,BUF 27,3,10,(7:52) 33-D.Lewis left guard to BUF 17 for 10 yards (50-R.Humber; 21-J.Poyer).,3.799,0.961
2017,16,December 24,home,Buffalo Bills,https://www.pro-football-reference.com/boxscores/201712240nwe.htm,2,07:13,1,10,BUF 17,9,10,"(7:13) (Shotgun) 12-T.Brady pass deep left to 87-R.Gronkowski for 17 yards, TOUCHDOWN. 75th career Brady-Gronkowski TD connection, 5th all-time.",4.759,2.241
2017,16,December 24,home,Buffalo Bills,https://www.pro-football-reference.com/boxscores/201712240nwe.htm,2,07:06,,,BUF 15,10,10,"3-S.Gostkowski extra point is GOOD, Center-49-J.Cardona, Holder-6-R.Allen.",0.932,0.068
2017,16,December 24,home,Buffalo Bills,https://www.pro-football-reference.com/boxscores/201712240nwe.htm,2,07:06,,,NE 35,10,10,3-S.Gostkowski kicks 60 yards from NE 35 to BUF 5. 15-B.Tate to BUF 24 for 19 yards (50-N.Grigsby).,1.077,-0.191
2017,16,December 24,home,Buffalo Bills,https://www.pro-football-reference.com/boxscores/201712240nwe.htm,2,07:02,1,10,BUF 24,10,10,(7:02) 5-T.Taylor pass short middle to 35-M.Tolbert to BUF 35 for 11 yards (52-E.Roberts; 59-M.Flowers).,0.886,0.682
2017,16,December 24,home,Buffalo Bills,https://www.pro-football-reference.com/boxscores/201712240nwe.htm,2,06:22,1,10,BUF 35,10,10,(6:22) (Shotgun) 5-T.Taylor up the middle to BUF 39 for 4 yards (90-M.Brown).,1.568,-0.130
2017,16,December 24,home,Buffalo Bills,https://www.pro-football-reference.com/boxscores/201712240nwe.htm,2,05:48,2,6,BUF 39,10,10,(5:48) 25-L.McCoy right guard to BUF 41 for 2 yards (23-P.Chung).,1.438,-0.381
2017,16,December 24,home,Buffalo Bills,https://www.pro-football-reference.com/boxscores/201712240nwe.htm,2,05:08,3,4,BUF 41,10,10,(5:08) (Shotgun) 5-T.Taylor pass incomplete deep right to 85-C.Clay.,1.057,-1.584
2017,16,December 24,home,Buffalo Bills,https://www.pro-football-reference.com/boxscores/201712240nwe.htm,2,05:02,4,4,BUF 41,10,10,"(5:02) 6-C.Schmidt punts 47 yards to NE 12, Center-69-R.Ferguson, fair catch by 80-D.Amendola.",-0.526,0.323
2017,16,December 24,home,Buffalo Bills,https://www.pro-football-reference.com/boxscores/201712240nwe.htm,2,04:55,1,10,NE 12,10,10,(4:55) 33-D.Lewis right guard to NE 19 for 7 yards (20-S.Wright).,0.204,0.383
2017,16,December 24,home,Buffalo Bills,https://www.pro-football-reference.com/boxscores/201712240nwe.htm,2,04:23,2,3,NE 19,10,10,(4:23) 12-T.Brady pass incomplete deep left to 14-B.Cooks.,0.587,-0.648
2017,16,December 24,home,Buffalo Bills,https://www.pro-football-reference.com/boxscores/201712240nwe.htm,2,04:15,3,3,NE 19,10,10,(4:15) (Shotgun) Direct snap to 33-D.Lewis.  33-D.Lewis left end to NE 25 for 6 yards (20-S.Wright).,-0.062,1.051
2017,16,December 24,home,Buffalo Bills,https://www.pro-football-reference.com/boxscores/201712240nwe.htm,2,03:45,1,10,NE 25,10,10,"(3:45) 12-T.Brady pass incomplete deep right to 14-B.Cooks. PENALTY on BUF-23-M.Hyde, Defensive Pass Interference, 44 yards, enforced at NE 25 - No Play.",0.989,2.685
2017,16,December 24,home,Buffalo Bills,https://www.pro-football-reference.com/boxscores/201712240nwe.htm,2,03:38,1,10,BUF 31,10,10,(3:38) 33-D.Lewis left guard to BUF 28 for 3 yards (91-C.Thornton; 58-M.Milano).,3.674,-0.239
2017,16,December 24,home,Buffalo Bills,https://www.pro-football-reference.com/boxscores/201712240nwe.htm,2,03:06,2,7,BUF 28,10,10,(3:06) (Shotgun) 12-T.Brady pass short left to 33-D.Lewis to BUF 23 for 5 yards (57-L.Alexander).,3.435,0.175
2017,16,December 24,home,Buffalo Bills,https://www.pro-football-reference.com/boxscores/201712240nwe.htm,2,02:23,3,2,BUF 23,10,10,(2:23) (Shotgun) 33-D.Lewis up the middle to BUF 22 for 1 yard (92-A.Washington; 52-P.Brown).,3.610,-1.229
2017,16,December 24,home,Buffalo Bills,https://www.pro-football-reference.com/boxscores/201712240nwe.htm,2,02:00,,,,10,10,Timeout #1 by BUF at 02:00.,2.381,0.000
2017,16,December 24,home,Buffalo Bills,https://www.pro-football-reference.com/boxscores/201712240nwe.htm,2,02:00,,,BUF 22,10,10,Timeout #1 by NE at 02:00.,2.381,0.000
2017,16,December 24,home,Buffalo Bills,https://www.pro-football-reference.com/boxscores/201712240nwe.htm,2,02:00,4,1,BUF 22,13,10,"(2:00) 3-S.Gostkowski 40 yard field goal is GOOD, Center-49-J.Cardona, Holder-6-R.Allen. NE 3-Gostkowski 1,601 career pts, 19th all-time to achieve that milestone.",2.381,0.619
2017,16,December 24,home,Buffalo Bills,https://www.pro-football-reference.com/boxscores/201712240nwe.htm,2,01:55,,,NE 35,13,10,"3-S.Gostkowski kicks 65 yards from NE 35 to end zone, Touchback.",0.739,0.000
2017,16,December 24,home,Buffalo Bills,https://www.pro-football-reference.com/boxscores/201712240nwe.htm,2,01:55,1,10,BUF 25,13,10,(1:55) (Shotgun) 5-T.Taylor pass incomplete deep left to 11-Z.Jones.,0.739,-0.324
2017,16,December 24,home,Buffalo Bills,https://www.pro-football-reference.com/boxscores/201712240nwe.htm,2,01:49,2,10,BUF 25,13,10,(1:49) (Shotgun) 39-T.Cadet right tackle to BUF 25 for no gain (98-T.Flowers). BUF-39-T.Cadet was injured during the play. He is Out.,0.415,-0.002
2017,16,December 24,home,Buffalo Bills,https://www.pro-football-reference.com/boxscores/201712240nwe.htm,2,01:40,,,BUF 25,13,10,Timeout #2 by BUF at 01:40. injury in last 2:00 of half.,0.413,0.000
2017,16,December 24,home,Buffalo Bills,https://www.pro-football-reference.com/boxscores/201712240nwe.htm,2,01:40,3,10,BUF 25,13,10,(1:40) (Shotgun) 5-T.Taylor pass short right to 13-K.Benjamin to BUF 40 for 15 yards (24-S.Gilmore) [98-T.Flowers].,0.413,1.054
2017,16,December 24,home,Buffalo Bills,https://www.pro-football-reference.com/boxscores/201712240nwe.htm,2,01:15,1,10,BUF 40,13,10,"(1:15) (No Huddle, Shotgun) 5-T.Taylor pass short left to 25-L.McCoy to BUF 48 for 8 yards (23-P.Chung).",1.467,0.346
2017,16,December 24,home,Buffalo Bills,https://www.pro-football-reference.com/boxscores/201712240nwe.htm,2,00:54,2,2,BUF 48,13,10,"(:54) (No Huddle, Shotgun) 5-T.Taylor pass incomplete short left to 85-C.Clay [23-P.Chung].",1.814,-0.332
2017,16,December 24,home,Buffalo Bills,https://www.pro-football-reference.com/boxscores/201712240nwe.htm,2,00:50,3,2,BUF 48,13,10,(:50) (Shotgun) 5-T.Taylor pass short right to 25-L.McCoy pushed ob at 50 for 2 yards (32-D.McCourty).,1.481,0.353
2017,16,December 24,home,Buffalo Bills,https://www.pro-football-reference.com/boxscores/201712240nwe.htm,2,00:43,1,10,MID 50,13,10,(:43) (Shotgun) 5-T.Taylor sacked at BUF 49 for -1 yards (59-M.Flowers).,1.834,-0.917
2017,16,December 24,home,Buffalo Bills,https://www.pro-football-reference.com/boxscores/201712240nwe.htm,2,00:38,,,BUF 49,13,10,Timeout #3 by BUF at 00:38.,0.918,0.000
2017,16,December 24,home,Buffalo Bills,https://www.pro-football-reference.com/boxscores/201712240nwe.htm,2,00:38,2,11,BUF 49,13,10,(:38) (Shotgun) 5-T.Taylor pass short right to 13-K.Benjamin pushed ob at NE 42 for 9 yards (24-S.Gilmore).,0.918,0.624
2017,16,December 24,home,Buffalo Bills,https://www.pro-football-reference.com/boxscores/201712240nwe.htm,2,00:33,3,2,NE 42,13,10,(:33) (Shotgun) 5-T.Taylor pass deep right to 10-D.Thompson to NE 9 for 33 yards (30-D.Harmon).,1.541,1.923
2017,16,December 24,home,Buffalo Bills,https://www.pro-football-reference.com/boxscores/201712240nwe.htm,2,00:13,1,9,NE 9,13,10,"(:13) 5-T.Taylor spiked the ball to stop the clock. PENALTY on NE-70-A.Butler, Encroachment, 5 yards, enforced at NE 9 - No Play.",3.464,0.780
2017,16,December 24,home,Buffalo Bills,https://www.pro-football-reference.com/boxscores/201712240nwe.htm,2,00:13,1,4,NE 4,13,10,(:13) (Shotgun) 5-T.Taylor pass incomplete short right to 85-C.Clay (23-P.Chung).,4.244,-0.379
2017,16,December 24,home,Buffalo Bills,https://www.pro-football-reference.com/boxscores/201712240nwe.htm,2,00:10,2,4,NE 4,13,10,(:10) (Shotgun) 5-T.Taylor pass incomplete short middle to 85-C.Clay.,3.865,-0.864
2017,16,December 24,home,Buffalo Bills,https://www.pro-football-reference.com/boxscores/201712240nwe.htm,2,00:06,3,4,NE 4,13,10,"(:06) (Shotgun) 5-T.Taylor pass short right to 13-K.Benjamin for 4 yards, TOUCHDOWN. The Replay Official reviewed the pass completion ruling, and the play was REVERSED. (Shotgun) 5-T.Taylor pass incomplete short right to 13-K.Benjamin.",3.001,-0.044
2017,16,December 24,home,Buffalo Bills,https://www.pro-football-reference.com/boxscores/201712240nwe.htm,2,00:02,4,4,NE 4,13,13,"(:02) 4-S.Hauschka 23 yard field goal is GOOD, Center-69-R.Ferguson, Holder-6-C.Schmidt.",2.957,0.043
2017,16,December 24,home,Buffalo Bills,https://www.pro-football-reference.com/boxscores/201712240nwe.htm,3,15:00,,,NE 35,13,13,"3-S.Gostkowski kicks 65 yards from NE 35 to end zone, Touchback.",0.651,0.000
2017,16,December 24,home,Buffalo Bills,https://www.pro-football-reference.com/boxscores/201712240nwe.htm,3,15:00,1,10,BUF 25,13,13,(15:00) 5-T.Taylor pass short left to 85-C.Clay ran ob at BUF 40 for 15 yards.,0.651,0.961
2017,16,December 24,home,Buffalo Bills,https://www.pro-football-reference.com/boxscores/201712240nwe.htm,3,14:36,1,10,BUF 40,13,13,"(14:36) 25-L.McCoy right tackle ran ob at NE 42 for 18 yards. PENALTY on BUF-10-D.Thompson, Offensive Holding, 10 yards, enforced at NE 42.",1.613,1.355
2017,16,December 24,home,Buffalo Bills,https://www.pro-football-reference.com/boxscores/201712240nwe.htm,3,14:11,1,2,BUF 48,13,13,(14:11) 35-M.Tolbert up the middle to BUF 47 for -1 yards (93-L.Guy).,2.968,-0.828
2017,16,December 24,home,Buffalo Bills,https://www.pro-football-reference.com/boxscores/201712240nwe.htm,3,13:31,2,3,BUF 47,13,13,(13:31) (Shotgun) 25-L.McCoy right tackle to BUF 49 for 2 yards (98-T.Flowers).,2.140,-0.114
2017,16,December 24,home,Buffalo Bills,https://www.pro-football-reference.com/boxscores/201712240nwe.htm,3,12:56,3,1,BUF 49,13,13,(12:56) 25-L.McCoy up the middle to NE 49 for 2 yards (90-M.Brown).,2.026,0.495
2017,16,December 24,home,Buffalo Bills,https://www.pro-football-reference.com/boxscores/201712240nwe.htm,3,12:18,1,10,NE 49,13,13,(12:18) 5-T.Taylor pass short right to 25-L.McCoy to NE 10 for 39 yards (21-M.Butler).,2.521,2.495
2017,16,December 24,home,Buffalo Bills,https://www.pro-football-reference.com/boxscores/201712240nwe.htm,3,11:31,1,10,NE 10,13,13,(11:31) 5-T.Taylor pass short left to 42-P.DiMarco to NE 18 for -8 yards (98-T.Flowers).,5.016,-1.471
2017,16,December 24,home,Buffalo Bills,https://www.pro-football-reference.com/boxscores/201712240nwe.htm,3,10:46,2,18,NE 18,13,13,(10:46) (Shotgun) 5-T.Taylor pass incomplete short left to 35-M.Tolbert.,3.545,-0.555
2017,16,December 24,home,Buffalo Bills,https://www.pro-football-reference.com/boxscores/201712240nwe.htm,3,10:43,3,18,NE 18,13,13,(10:43) (Shotgun) 5-T.Taylor scrambles right end pushed ob at NE 12 for 6 yards (59-M.Flowers).,2.990,-0.143
2017,16,December 24,home,Buffalo Bills,https://www.pro-football-reference.com/boxscores/201712240nwe.htm,3,10:25,4,12,NE 12,13,16,"(10:25) 4-S.Hauschka 30 yard field goal is GOOD, Center-69-R.Ferguson, Holder-6-C.Schmidt.",2.847,0.153
2017,16,December 24,home,Buffalo Bills,https://www.pro-football-reference.com/boxscores/201712240nwe.htm,3,10:21,,,BUF 35,13,16,"4-S.Hauschka kicks 65 yards from BUF 35 to end zone, Touchback.",1.457,0.000
2017,16,December 24,home,Buffalo Bills,https://www.pro-football-reference.com/boxscores/201712240nwe.htm,3,10:21,1,10,NE 25,13,16,(10:21) 12-T.Brady pass short middle to 87-R.Gronkowski to NE 43 for 18 yards (21-J.Poyer; 23-M.Hyde).,1.457,1.136
2017,16,December 24,home,Buffalo Bills,https://www.pro-football-reference.com/boxscores/201712240nwe.htm,3,10:02,1,10,NE 43,13,16,(10:02) (No Huddle) 33-D.Lewis right tackle to BUF 49 for 8 yards (92-A.Washington).,2.593,0.475
2017,16,December 24,home,Buffalo Bills,https://www.pro-football-reference.com/boxscores/201712240nwe.htm,3,09:39,2,2,BUF 49,13,16,"(9:39) (No Huddle, Shotgun) 12-T.Brady pass short left to 14-B.Cooks to BUF 35 for 14 yards (20-S.Wright).",3.067,0.815
2017,16,December 24,home,Buffalo Bills,https://www.pro-football-reference.com/boxscores/201712240nwe.htm,3,09:20,1,10,BUF 35,13,16,(9:20) (No Huddle) 33-D.Lewis left end to BUF 34 for 1 yard (52-P.Brown).,3.882,-0.461
2017,16,December 24,home,Buffalo Bills,https://www.pro-football-reference.com/boxscores/201712240nwe.htm,3,08:56,2,9,BUF 34,13,16,"(8:56) (No Huddle, Shotgun) 12-T.Brady pass short left to 80-D.Amendola to BUF 29 for 5 yards (21-J.Poyer).",3.421,-0.026
2017,16,December 24,home,Buffalo Bills,https://www.pro-football-reference.com/boxscores/201712240nwe.htm,3,08:27,3,4,BUF 29,13,16,(8:27) 33-D.Lewis up the middle to BUF 26 for 3 yards (52-P.Brown; 95-K.Williams).,3.395,-0.570
2017,16,December 24,home,Buffalo Bills,https://www.pro-football-reference.com/boxscores/201712240nwe.htm,3,08:02,4,1,BUF 26,13,16,"(8:02) (No Huddle) 33-D.Lewis left tackle to BUF 26 for no gain (52-P.Brown; 56-R.Davis). New England challenged the short of the line to gain ruling, and the play was REVERSED. (No Huddle) 33-D.Lewis left tackle to BUF 25 for 1 yard (52-P.Brown; 58-M.Milano).",2.826,1.520
2017,16,December 24,home,Buffalo Bills,https://www.pro-football-reference.com/boxscores/201712240nwe.htm,3,07:59,1,10,BUF 25,13,16,(7:59) 33-D.Lewis left tackle to BUF 25 for no gain (20-S.Wright).,4.345,-0.373
2017,16,December 24,home,Buffalo Bills,https://www.pro-football-reference.com/boxscores/201712240nwe.htm,3,07:30,2,10,BUF 25,13,16,(7:30) (Shotgun) 12-T.Brady pass short right to 80-D.Amendola to BUF 15 for 10 yards (24-L.Johnson).,3.973,1.031
2017,16,December 24,home,Buffalo Bills,https://www.pro-football-reference.com/boxscores/201712240nwe.htm,3,06:58,1,10,BUF 15,13,16,(6:58) 33-D.Lewis left guard to BUF 13 for 2 yards (56-R.Davis).,5.004,-0.320
2017,16,December 24,home,Buffalo Bills,https://www.pro-football-reference.com/boxscores/201712240nwe.htm,3,06:27,2,8,BUF 13,13,16,(6:27) (Shotgun) 12-T.Brady pass short left to 33-D.Lewis to BUF 10 for 3 yards (91-C.Thornton).,4.684,-0.376
2017,16,December 24,home,Buffalo Bills,https://www.pro-football-reference.com/boxscores/201712240nwe.htm,3,05:48,3,5,BUF 10,13,16,(5:48) (Shotgun) 12-T.Brady sacked at BUF 16 for -6 yards (95-K.Williams).,4.308,-1.621
2017,16,December 24,home,Buffalo Bills,https://www.pro-football-reference.com/boxscores/201712240nwe.htm,3,05:12,4,11,BUF 16,16,16,"(5:12) 3-S.Gostkowski 34 yard field goal is GOOD, Center-49-J.Cardona, Holder-6-R.Allen.",2.687,0.313
2017,16,December 24,home,Buffalo Bills,https://www.pro-football-reference.com/boxscores/201712240nwe.htm,3,05:08,,,NE 35,16,16,"3-S.Gostkowski kicks 65 yards from NE 35 to end zone, Touchback.",0.714,0.000
2017,16,December 24,home,Buffalo Bills,https://www.pro-football-reference.com/boxscores/201712240nwe.htm,3,05:08,1,10,BUF 25,16,16,(5:08) 5-T.Taylor sacked at BUF 10 for -15 yards (90-M.Brown).,0.714,-2.267
2017,16,December 24,home,Buffalo Bills,https://www.pro-football-reference.com/boxscores/201712240nwe.htm,3,04:26,2,25,BUF 10,16,16,(4:26) 35-M.Tolbert left tackle to BUF 10 for no gain (90-M.Brown; 55-E.Lee).,-1.553,-0.678
2017,16,December 24,home,Buffalo Bills,https://www.pro-football-reference.com/boxscores/201712240nwe.htm,3,03:48,3,25,BUF 10,16,16,(3:48) (Shotgun) 5-T.Taylor pass short middle to 25-L.McCoy to BUF 20 for 10 yards (37-J.Richards).,-2.232,-0.183
2017,16,December 24,home,Buffalo Bills,https://www.pro-football-reference.com/boxscores/201712240nwe.htm,3,03:04,4,15,BUF 20,16,16,"(3:04) 6-C.Schmidt punts 55 yards to NE 25, Center-69-R.Ferguson. 80-D.Amendola to NE 35 for 10 yards (50-R.Humber).",-2.415,0.492
2017,16,December 24,home,Buffalo Bills,https://www.pro-football-reference.com/boxscores/201712240nwe.htm,3,02:54,1,10,NE 35,16,16,(2:54) 35-M.Gillislee up the middle to NE 42 for 7 yards (50-R.Humber).,1.923,0.366
2017,16,December 24,home,Buffalo Bills,https://www.pro-football-reference.com/boxscores/201712240nwe.htm,3,02:25,2,3,NE 42,16,16,(2:25) 35-M.Gillislee up the middle to BUF 46 for 12 yards (27-T.White; 23-M.Hyde).,2.289,0.859
2017,16,December 24,home,Buffalo Bills,https://www.pro-football-reference.com/boxscores/201712240nwe.htm,3,01:51,1,10,BUF 46,16,16,"(1:51) 12-T.Brady pass short middle to 87-R.Gronkowski to BUF 30 for 16 yards (23-M.Hyde). BUF-23-M.Hyde was injured during the play.  Penalty on BUF-98-D.Coleman, Illegal Use of Hands, declined.",3.148,0.904
2017,16,December 24,home,Buffalo Bills,https://www.pro-football-reference.com/boxscores/201712240nwe.htm,3,01:27,1,10,BUF 30,16,16,"(1:27) 12-T.Brady pass incomplete deep right to 87-R.Gronkowski. PENALTY on BUF-36-T.Elston, Defensive Pass Interference, 29 yards, enforced at BUF 30 - No Play.",4.052,2.396
2017,16,December 24,home,Buffalo Bills,https://www.pro-football-reference.com/boxscores/201712240nwe.htm,3,01:19,1,1,BUF 1,16,16,"(1:19) 35-M.Gillislee up the middle to BUF 1 for no gain (92-A.Washington). PENALTY on BUF, Defensive 12 On-field, 0 yards, enforced at BUF 1 - No Play.",6.448,-0.001
2017,16,December 24,home,Buffalo Bills,https://www.pro-football-reference.com/boxscores/201712240nwe.htm,3,01:01,1,1,BUF 1,22,16,"(1:01) 35-M.Gillislee up the middle for 1 yard, TOUCHDOWN.",6.447,0.553
2017,16,December 24,home,Buffalo Bills,https://www.pro-football-reference.com/boxscores/201712240nwe.htm,3,00:55,,,BUF 15,23,16,"3-S.Gostkowski extra point is GOOD, Center-49-J.Cardona, Holder-6-R.Allen.",0.932,0.068
2017,16,December 24,home,Buffalo Bills,https://www.pro-football-reference.com/boxscores/201712240nwe.htm,3,00:55,,,NE 35,23,16,"3-S.Gostkowski kicks 65 yards from NE 35 to end zone, Touchback.",0.754,0.000
2017,16,December 24,home,Buffalo Bills,https://www.pro-football-reference.com/boxscores/201712240nwe.htm,3,00:55,1,10,BUF 25,23,16,(:55) 25-L.McCoy left tackle to BUF 24 for -1 yards (98-T.Flowers).,0.754,-0.947
2017,16,December 24,home,Buffalo Bills,https://www.pro-football-reference.com/boxscores/201712240nwe.htm,3,00:18,2,11,BUF 24,23,16,(:18) 5-T.Taylor pass short left to 13-K.Benjamin to NE 41 for 35 yards (59-M.Flowers; 30-D.Harmon).,-0.192,3.255
2017,16,December 24,home,Buffalo Bills,https://www.pro-football-reference.com/boxscores/201712240nwe.htm,4,15:00,1,10,NE 41,23,16,(15:00) (Shotgun) 25-L.McCoy left end to NE 38 for 3 yards (98-T.Flowers).,3.063,-0.251
2017,16,December 24,home,Buffalo Bills,https://www.pro-football-reference.com/boxscores/201712240nwe.htm,4,14:24,2,7,NE 38,23,16,(14:24) 25-L.McCoy right end pushed ob at NE 33 for 5 yards (24-S.Gilmore).,2.812,0.196
2017,16,December 24,home,Buffalo Bills,https://www.pro-football-reference.com/boxscores/201712240nwe.htm,4,13:50,3,2,NE 33,23,16,(13:50) 25-L.McCoy left end to NE 32 for 1 yard (98-T.Flowers).,3.007,-1.602
2017,16,December 24,home,Buffalo Bills,https://www.pro-football-reference.com/boxscores/201712240nwe.htm,4,13:13,4,1,NE 32,23,16,"(13:13) 4-S.Hauschka 50 yard field goal is No Good, Wide Right, Center-69-R.Ferguson, Holder-6-C.Schmidt.",1.405,-3.643
2017,16,December 24,home,Buffalo Bills,https://www.pro-football-reference.com/boxscores/201712240nwe.htm,4,13:08,1,10,NE 40,23,16,(13:08) (Shotgun) 12-T.Brady pass short right to 83-D.Allen to BUF 38 for 22 yards (52-P.Brown).,2.238,1.369
2017,16,December 24,home,Buffalo Bills,https://www.pro-football-reference.com/boxscores/201712240nwe.htm,4,12:37,1,10,BUF 38,23,16,(12:37) 33-D.Lewis up the middle to BUF 22 for 16 yards (21-J.Poyer).,3.606,0.965
2017,16,December 24,home,Buffalo Bills,https://www.pro-football-reference.com/boxscores/201712240nwe.htm,4,12:06,1,10,BUF 22,23,16,(12:06) 33-D.Lewis up the middle to BUF 16 for 6 yards (52-P.Brown).,4.571,0.144
2017,16,December 24,home,Buffalo Bills,https://www.pro-football-reference.com/boxscores/201712240nwe.htm,4,11:26,2,4,BUF 16,23,16,"(11:26) (Shotgun) 12-T.Brady pass short left to 14-B.Cooks to BUF 11 for 5 yards (20-S.Wright). NE-14 Cooks 3rd career & 3rd consecutive 1,000-yard season. Patriots have 2 1,000-yard receivers this season, 6th time in franchise history.",4.715,0.399
2017,16,December 24,home,Buffalo Bills,https://www.pro-football-reference.com/boxscores/201712240nwe.htm,4,10:52,1,10,BUF 11,23,16,(10:52) 35-M.Gillislee right guard to BUF 12 for -1 yards (27-T.White).,5.113,-0.767
2017,16,December 24,home,Buffalo Bills,https://www.pro-football-reference.com/boxscores/201712240nwe.htm,4,10:12,2,11,BUF 12,23,16,(10:12) 12-T.Brady sacked at BUF 12 for 0 yards (55-J.Hughes).,4.346,-0.781
2017,16,December 24,home,Buffalo Bills,https://www.pro-football-reference.com/boxscores/201712240nwe.htm,4,09:32,3,11,BUF 12,29,16,"(9:32) (Shotgun) 12-T.Brady pass short left to 33-D.Lewis for 12 yards, TOUCHDOWN. NE 12-Brady 30th TD pass of season, extends record for most all-time in a season after turning 40. NE 12-Brady 7th season with 30+ TD pass, 4th all-time (Brees, Favre & P.Manning, 9).",3.565,3.435
2017,16,December 24,home,Buffalo Bills,https://www.pro-football-reference.com/boxscores/201712240nwe.htm,4,09:27,,,BUF 15,30,16,"3-S.Gostkowski extra point is GOOD, Center-49-J.Cardona, Holder-6-R.Allen.",0.932,0.068
2017,16,December 24,home,Buffalo Bills,https://www.pro-football-reference.com/boxscores/201712240nwe.htm,4,09:27,,,NE 35,30,16,3-S.Gostkowski kicks 59 yards from NE 35 to BUF 6. 15-B.Tate to BUF 19 for 13 yards (36-B.King).,0.951,-0.442
2017,16,December 24,home,Buffalo Bills,https://www.pro-football-reference.com/boxscores/201712240nwe.htm,4,09:22,1,10,BUF 19,30,16,(9:22) (Shotgun) 25-L.McCoy right guard to BUF 17 for -2 yards (59-M.Flowers).,0.509,-0.998
2017,16,December 24,home,Buffalo Bills,https://www.pro-football-reference.com/boxscores/201712240nwe.htm,4,08:57,2,12,BUF 17,30,16,(8:57) (Shotgun) 5-T.Taylor pass short right to 25-L.McCoy pushed ob at BUF 34 for 17 yards (52-E.Roberts).,-0.489,1.904
2017,16,December 24,home,Buffalo Bills,https://www.pro-football-reference.com/boxscores/201712240nwe.htm,4,08:33,1,10,BUF 34,30,16,"(8:33) (No Huddle, Shotgun) 5-T.Taylor pass incomplete deep right to 13-K.Benjamin.",1.415,-0.481
2017,16,December 24,home,Buffalo Bills,https://www.pro-football-reference.com/boxscores/201712240nwe.htm,4,08:28,2,10,BUF 34,30,16,(8:28) (Shotgun) 5-T.Taylor pass incomplete short right to 25-L.McCoy.,0.934,-0.676
2017,16,December 24,home,Buffalo Bills,https://www.pro-football-reference.com/boxscores/201712240nwe.htm,4,08:23,3,10,BUF 34,30,16,"(8:23) (Shotgun) 5-T.Taylor sacked at BUF 21 for -13 yards (21-M.Butler). FUMBLES (21-M.Butler), recovered by BUF-70-E.Wood at BUF 21. 70-E.Wood to BUF 21 for no gain (98-T.Flowers).",0.258,-2.053
2017,16,December 24,home,Buffalo Bills,https://www.pro-football-reference.com/boxscores/201712240nwe.htm,4,07:32,4,23,BUF 21,30,16,"(7:32) 6-C.Schmidt punts 42 yards to NE 37, Center-69-R.Ferguson. 80-D.Amendola pushed ob at NE 46 for 9 yards (44-D.Lacey).",-1.794,-0.869
2017,16,December 24,home,Buffalo Bills,https://www.pro-football-reference.com/boxscores/201712240nwe.htm,4,07:23,1,10,NE 46,30,16,(7:23) 33-D.Lewis left end to BUF 38 for 16 yards (20-S.Wright).,2.663,0.939
2017,16,December 24,home,Buffalo Bills,https://www.pro-football-reference.com/boxscores/201712240nwe.htm,4,06:43,1,10,BUF 38,30,16,(6:43) 14-B.Cooks left end to BUF 32 for 6 yards (27-T.White). reverse,3.603,0.188
2017,16,December 24,home,Buffalo Bills,https://www.pro-football-reference.com/boxscores/201712240nwe.htm,4,06:04,2,4,BUF 32,30,16,(6:04) 33-D.Lewis left tackle pushed ob at BUF 29 for 3 yards (20-S.Wright). BUF-20-S.Wright was injured during the play.  NE 33-Lewis 2nd career 100-yard game.,3.791,-0.134
2017,16,December 24,home,Buffalo Bills,https://www.pro-football-reference.com/boxscores/201712240nwe.htm,4,05:51,3,1,BUF 29,30,16,(5:51) 12-T.Brady up the middle to BUF 27 for 2 yards (52-P.Brown).,3.657,0.446
2017,16,December 24,home,Buffalo Bills,https://www.pro-football-reference.com/boxscores/201712240nwe.htm,4,05:12,1,10,BUF 27,30,16,(5:12) 33-D.Lewis left end pushed ob at BUF 19 for 8 yards (58-M.Milano).,4.103,0.473
2017,16,December 24,home,Buffalo Bills,https://www.pro-football-reference.com/boxscores/201712240nwe.htm,4,04:41,2,2,BUF 19,30,16,(4:41) 33-D.Lewis left tackle to BUF 5 for 14 yards (27-T.White).,4.576,1.158
2017,16,December 24,home,Buffalo Bills,https://www.pro-football-reference.com/boxscores/201712240nwe.htm,4,04:08,1,5,BUF 5,30,16,(4:08) 33-D.Lewis left tackle to BUF 4 for 1 yard (52-P.Brown).,5.734,-0.295
2017,16,December 24,home,Buffalo Bills,https://www.pro-football-reference.com/boxscores/201712240nwe.htm,4,04:01,,,BUF 4,30,16,Timeout #1 by BUF at 04:01.,5.439,0.000
2017,16,December 24,home,Buffalo Bills,https://www.pro-football-reference.com/boxscores/201712240nwe.htm,4,04:01,2,4,BUF 4,36,16,"(4:01) 33-D.Lewis up the middle for 4 yards, TOUCHDOWN.",5.439,1.561
2017,16,December 24,home,Buffalo Bills,https://www.pro-football-reference.com/boxscores/201712240nwe.htm,4,03:58,,,BUF 15,37,16,"3-S.Gostkowski extra point is GOOD, Center-49-J.Cardona, Holder-6-R.Allen. NE 3-Gostkowski 150 pts, 5th-season of 150+ pts scored (extends NFL record).",0.932,0.068
2017,16,December 24,home,Buffalo Bills,https://www.pro-football-reference.com/boxscores/201712240nwe.htm,4,03:58,,,NE 35,37,16,"3-S.Gostkowski kicks 65 yards from NE 35 to end zone, Touchback.",0.758,0.000
2017,16,December 24,home,Buffalo Bills,https://www.pro-football-reference.com/boxscores/201712240nwe.htm,4,03:58,1,10,BUF 25,37,16,(3:58) (Shotgun) 5-T.Taylor pass short left to 15-B.Tate ran ob at BUF 29 for 4 yards.,0.758,0.000
2017,16,December 24,home,Buffalo Bills,https://www.pro-football-reference.com/boxscores/201712240nwe.htm,4,03:53,2,6,BUF 29,37,16,(3:53) (Shotgun) 5-T.Taylor pass incomplete short right to 15-B.Tate.,0.759,-0.553
2017,16,December 24,home,Buffalo Bills,https://www.pro-football-reference.com/boxscores/201712240nwe.htm,4,03:47,3,6,BUF 29,37,16,"(3:47) (Shotgun) 5-T.Taylor pass incomplete deep left to 10-D.Thompson. PENALTY on NE-21-M.Butler, Defensive Holding, 5 yards, enforced at BUF 29 - No Play.",0.205,1.081
2017,16,December 24,home,Buffalo Bills,https://www.pro-football-reference.com/boxscores/201712240nwe.htm,4,03:41,1,10,BUF 34,37,16,(3:41) (Shotgun) 5-T.Taylor pass short right to 10-D.Thompson to BUF 38 for 4 yards (21-M.Butler).,1.286,-0.232
2017,16,December 24,home,Buffalo Bills,https://www.pro-football-reference.com/boxscores/201712240nwe.htm,4,03:18,2,6,BUF 38,37,16,"(3:18) (No Huddle, Shotgun) 5-T.Taylor pass short right to 85-C.Clay to 50 for 12 yards (32-D.McCourty).",1.055,1.115
2017,16,December 24,home,Buffalo Bills,https://www.pro-football-reference.com/boxscores/201712240nwe.htm,4,02:53,1,10,MID 50,37,16,"(2:53) (No Huddle, Shotgun) 5-T.Taylor pass incomplete short right to 85-C.Clay.",2.170,-0.398
2017,16,December 24,home,Buffalo Bills,https://www.pro-football-reference.com/boxscores/201712240nwe.htm,4,02:49,2,10,MID 50,37,16,(2:49) (Shotgun) 5-T.Taylor pass incomplete short right to 10-D.Thompson (21-M.Butler).,1.772,-0.552
2017,16,December 24,home,Buffalo Bills,https://www.pro-football-reference.com/boxscores/201712240nwe.htm,4,02:42,3,10,MID 50,37,16,"(2:42) (Shotgun) 5-T.Taylor sacked at 50 for 0 yards (sack split by 91-D.Wise and 59-M.Flowers). Penalty on BUF-79-J.Mills, Illegal Use of Hands, declined.",1.220,-1.353
2017,16,December 24,home,Buffalo Bills,https://www.pro-football-reference.com/boxscores/201712240nwe.htm,4,02:35,4,10,MID 50,37,16,(2:35) (Shotgun) 5-T.Taylor pass incomplete deep left to 84-N.O'Leary.,-0.133,-2.258
2017,16,December 24,home,Buffalo Bills,https://www.pro-football-reference.com/boxscores/201712240nwe.htm,4,02:29,1,10,MID 50,37,16,(2:29) NE 2-Hoyer now at QB. 38-B.Bolden right tackle to BUF 42 for 8 yards (50-R.Humber).,2.391,0.399
2017,16,December 24,home,Buffalo Bills,https://www.pro-football-reference.com/boxscores/201712240nwe.htm,4,02:00,2,2,BUF 42,37,16,(2:00) 38-B.Bolden left end to BUF 30 for 12 yards (52-P.Brown).,2.790,0.799
2017,16,December 24,home,Buffalo Bills,https://www.pro-football-reference.com/boxscores/201712240nwe.htm,4,01:17,1,10,BUF 30,37,16,(1:17) 2-B.Hoyer kneels to BUF 30 for no gain.,3.589,-0.339
2017,16,December 24,home,Buffalo Bills,https://www.pro-football-reference.com/boxscores/201712240nwe.htm,4,00:37,2,10,BUF 30,37,16,(:37) 2-B.Hoyer kneels to BUF 31 for -1 yards.,3.250,-3.250
2017,17,December 31,home,New York Jets,https://www.pro-football-reference.com/boxscores/201712310nwe.htm,1,15:00,,,NYJ 35,0,0,"7-C.Catanzaro kicks 65 yards from NYJ 35 to end zone, Touchback.",1.457,0.000
2017,17,December 31,home,New York Jets,https://www.pro-football-reference.com/boxscores/201712310nwe.htm,1,15:00,1,10,NE 25,0,0,(15:00) 33-D.Lewis right guard to NE 34 for 9 yards (21-M.Claiborne). NYJ-21-M.Claiborne was injured during the play. His return is Probable.,1.457,0.840
2017,17,December 31,home,New York Jets,https://www.pro-football-reference.com/boxscores/201712310nwe.htm,1,14:34,2,1,NE 34,0,0,(14:34) 33-D.Lewis up the middle to NE 38 for 4 yards (56-D.Davis).,2.298,-0.023
2017,17,December 31,home,New York Jets,https://www.pro-football-reference.com/boxscores/201712310nwe.htm,1,14:08,1,10,NE 38,0,0,"(14:08) (No Huddle, Shotgun) 12-T.Brady pass incomplete short left to 46-J.Develin.",2.275,-0.461
2017,17,December 31,home,New York Jets,https://www.pro-football-reference.com/boxscores/201712310nwe.htm,1,14:05,2,10,NE 38,0,0,(14:05) 12-T.Brady pass short left to 80-D.Amendola pushed ob at NYJ 46 for 16 yards (32-J.Burris).,1.814,1.413
2017,17,December 31,home,New York Jets,https://www.pro-football-reference.com/boxscores/201712310nwe.htm,1,13:52,1,10,NYJ 46,0,0,(13:52) (No Huddle) 33-D.Lewis right tackle to NYJ 38 for 8 yards (48-J.Jenkins).,3.227,0.477
2017,17,December 31,home,New York Jets,https://www.pro-football-reference.com/boxscores/201712310nwe.htm,1,13:28,2,2,NYJ 38,0,0,"(13:28) (No Huddle, Shotgun) 12-T.Brady pass short middle to 80-D.Amendola to NYJ 29 for 9 yards (95-J.Martin).",3.704,0.529
2017,17,December 31,home,New York Jets,https://www.pro-football-reference.com/boxscores/201712310nwe.htm,1,13:05,1,10,NYJ 29,0,0,(13:05) (No Huddle) 33-D.Lewis left guard to NYJ 32 for -3 yards (95-J.Martin).,4.233,-0.938
2017,17,December 31,home,New York Jets,https://www.pro-football-reference.com/boxscores/201712310nwe.htm,1,12:31,2,13,NYJ 32,0,0,(12:31) (Shotgun) 12-T.Brady pass short right to 33-D.Lewis pushed ob at NYJ 32 for no gain (56-D.Davis).,3.295,-0.734
2017,17,December 31,home,New York Jets,https://www.pro-football-reference.com/boxscores/201712310nwe.htm,1,11:56,3,13,NYJ 32,0,0,(11:56) (Shotgun) 12-T.Brady pass short right to 80-D.Amendola to NYJ 21 for 11 yards (33-Ja.Adams; 26-M.Maye).,2.561,0.230
2017,17,December 31,home,New York Jets,https://www.pro-football-reference.com/boxscores/201712310nwe.htm,1,11:13,4,2,NYJ 21,0,0,(11:13) (Shotgun) 12-T.Brady pass short middle to 80-D.Amendola to NYJ 14 for 7 yards (32-J.Burris).,2.791,2.250
2017,17,December 31,home,New York Jets,https://www.pro-football-reference.com/boxscores/201712310nwe.htm,1,10:39,1,10,NYJ 14,0,0,(10:39) 12-T.Brady pass short left to 14-B.Cooks to NYJ 7 for 7 yards (41-B.Skrine).,5.042,0.335
2017,17,December 31,home,New York Jets,https://www.pro-football-reference.com/boxscores/201712310nwe.htm,1,10:09,2,3,NYJ 7,0,0,(10:09) 33-D.Lewis left tackle to NYJ 3 for 4 yards (32-J.Burris).,5.377,0.801
2017,17,December 31,home,New York Jets,https://www.pro-football-reference.com/boxscores/201712310nwe.htm,1,09:35,1,3,NYJ 3,6,0,"(9:35) 33-D.Lewis left end for 3 yards, TOUCHDOWN.",6.178,0.822
2017,17,December 31,home,New York Jets,https://www.pro-football-reference.com/boxscores/201712310nwe.htm,1,09:30,,,NYJ 15,7,0,"3-S.Gostkowski extra point is GOOD, Center-49-J.Cardona, Holder-6-R.Allen.",0.932,0.068
2017,17,December 31,home,New York Jets,https://www.pro-football-reference.com/boxscores/201712310nwe.htm,1,09:30,,,NE 35,7,0,3-S.Gostkowski kicks 54 yards from NE 35 to NYJ 11. 87-J.Natson to NYJ 13 for 2 yards (31-J.Jones).,0.754,-0.952
2017,17,December 31,home,New York Jets,https://www.pro-football-reference.com/boxscores/201712310nwe.htm,1,09:27,1,10,NYJ 13,7,0,"(9:27) PENALTY on NYJ-70-D.Dozier, False Start, 5 yards, enforced at NYJ 13 - No Play.",-0.198,-0.896
2017,17,December 31,home,New York Jets,https://www.pro-football-reference.com/boxscores/201712310nwe.htm,1,09:27,1,15,NYJ 8,7,0,(9:27) 29-B.Powell left tackle to NYJ 9 for 1 yard (93-L.Guy).,-1.095,-0.319
2017,17,December 31,home,New York Jets,https://www.pro-football-reference.com/boxscores/201712310nwe.htm,1,08:49,2,14,NYJ 9,7,0,(8:49) (Shotgun) 29-B.Powell left guard to NYJ 9 for no gain (98-T.Flowers).,-1.414,-0.618
2017,17,December 31,home,New York Jets,https://www.pro-football-reference.com/boxscores/201712310nwe.htm,1,08:13,3,14,NYJ 9,7,0,(8:13) (Shotgun) 29-B.Powell left end pushed ob at NYJ 18 for 9 yards (32-D.McCourty).,-2.032,-0.205
2017,17,December 31,home,New York Jets,https://www.pro-football-reference.com/boxscores/201712310nwe.htm,1,07:49,4,5,NYJ 18,7,0,"(7:49) 4-L.Edwards punts 54 yards to NE 28, Center-42-T.Hennessy. 80-D.Amendola to NE 34 for 6 yards (42-T.Hennessy).",-2.237,0.288
2017,17,December 31,home,New York Jets,https://www.pro-football-reference.com/boxscores/201712310nwe.htm,1,07:39,1,10,NE 34,7,0,(7:39) (Shotgun) 12-T.Brady pass short left to 14-B.Cooks pushed ob at NE 43 for 9 yards (21-M.Claiborne).,1.949,0.851
2017,17,December 31,home,New York Jets,https://www.pro-football-reference.com/boxscores/201712310nwe.htm,1,07:10,2,1,NE 43,7,0,(7:10) 33-D.Lewis up the middle to NE 45 for 2 yards (33-Ja.Adams; 21-M.Claiborne).,2.800,-0.147
2017,17,December 31,home,New York Jets,https://www.pro-football-reference.com/boxscores/201712310nwe.htm,1,06:40,1,10,NE 45,7,0,(6:40) (No Huddle) 33-D.Lewis up the middle to NE 48 for 3 yards (33-Ja.Adams; 99-S.McLendon).,2.653,-0.194
2017,17,December 31,home,New York Jets,https://www.pro-football-reference.com/boxscores/201712310nwe.htm,1,05:59,2,7,NE 48,7,0,"(5:59) 12-T.Brady pass incomplete deep right to 14-B.Cooks. PENALTY on NYJ-41-B.Skrine, Defensive Holding, 5 yards, enforced at NE 48 - No Play.",2.459,0.672
2017,17,December 31,home,New York Jets,https://www.pro-football-reference.com/boxscores/201712310nwe.htm,1,05:53,1,10,NYJ 47,7,0,(5:53) 12-T.Brady pass incomplete deep middle to 14-B.Cooks.,3.131,-0.431
2017,17,December 31,home,New York Jets,https://www.pro-football-reference.com/boxscores/201712310nwe.htm,1,05:45,2,10,NYJ 47,7,0,(5:45) 12-T.Brady pass incomplete short left to 14-B.Cooks.,2.700,-0.803
2017,17,December 31,home,New York Jets,https://www.pro-football-reference.com/boxscores/201712310nwe.htm,1,05:40,3,10,NYJ 47,7,0,(5:40) (Shotgun) 12-T.Brady sacked at NE 47 for -6 yards (47-D.Bass).,1.897,-2.149
2017,17,December 31,home,New York Jets,https://www.pro-football-reference.com/boxscores/201712310nwe.htm,1,04:59,4,16,NE 47,7,0,"(4:59) 6-R.Allen punts 35 yards to NYJ 18, Center-49-J.Cardona, fair catch by 87-J.Natson.",-0.252,0.101
2017,17,December 31,home,New York Jets,https://www.pro-football-reference.com/boxscores/201712310nwe.htm,1,04:52,1,10,NYJ 18,7,0,(4:52) 9-B.Petty pass short middle to 10-J.Kearse to NYJ 40 for 22 yards (23-P.Chung).,0.151,1.463
2017,17,December 31,home,New York Jets,https://www.pro-football-reference.com/boxscores/201712310nwe.htm,1,04:16,1,10,NYJ 40,7,0,(4:16) (Shotgun) 29-B.Powell left end pushed ob at NE 36 for 24 yards (32-D.McCourty).,1.614,1.871
2017,17,December 31,home,New York Jets,https://www.pro-football-reference.com/boxscores/201712310nwe.htm,1,03:37,1,10,NE 36,7,0,(3:37) (Shotgun) 9-B.Petty pass short right to 85-N.Sterling pushed ob at NE 21 for 15 yards (21-M.Butler).,3.485,0.916
2017,17,December 31,home,New York Jets,https://www.pro-football-reference.com/boxscores/201712310nwe.htm,1,03:12,1,10,NE 21,7,0,(3:12) (Shotgun) 25-E.McGuire left end to NE 29 for -8 yards (93-L.Guy).,4.401,-1.445
2017,17,December 31,home,New York Jets,https://www.pro-football-reference.com/boxscores/201712310nwe.htm,1,02:33,2,18,NE 29,7,0,(2:33) 71-B.Ijalana reported in as eligible.  25-E.McGuire left end to NE 30 for -1 yards (52-E.Roberts; 92-J.Harrison).,2.956,-0.675
2017,17,December 31,home,New York Jets,https://www.pro-football-reference.com/boxscores/201712310nwe.htm,1,01:52,3,19,NE 30,7,0,(1:52) (Shotgun) 9-B.Petty pass incomplete short right to 25-E.McGuire.,2.281,-0.621
2017,17,December 31,home,New York Jets,https://www.pro-football-reference.com/boxscores/201712310nwe.htm,1,01:47,4,19,NE 30,7,3,"(1:47) 7-C.Catanzaro 48 yard field goal is GOOD, Center-42-T.Hennessy, Holder-4-L.Edwards.",1.660,1.340
2017,17,December 31,home,New York Jets,https://www.pro-football-reference.com/boxscores/201712310nwe.htm,1,01:42,,,NYJ 35,7,3,"7-C.Catanzaro kicks 65 yards from NYJ 35 to end zone, Touchback.",1.371,0.000
2017,17,December 31,home,New York Jets,https://www.pro-football-reference.com/boxscores/201712310nwe.htm,1,01:42,1,10,NE 25,7,3,(1:42) (Shotgun) 12-T.Brady pass short left to 33-D.Lewis to NE 35 for 10 yards (41-B.Skrine; 99-S.McLendon). NYJ-99-S.McLendon was injured during the play.,1.371,0.551
2017,17,December 31,home,New York Jets,https://www.pro-football-reference.com/boxscores/201712310nwe.htm,1,01:08,1,10,NE 35,7,3,(1:08) 33-D.Lewis right guard to NE 33 for -2 yards (56-D.Davis).,1.922,-0.802
2017,17,December 31,home,New York Jets,https://www.pro-football-reference.com/boxscores/201712310nwe.htm,1,00:34,2,12,NE 33,7,3,(:34) 12-T.Brady pass incomplete short right to 38-B.Bolden [92-L.Williams].,1.120,-0.805
2017,17,December 31,home,New York Jets,https://www.pro-football-reference.com/boxscores/201712310nwe.htm,1,00:30,3,12,NE 33,7,3,(:30) (Shotgun) 12-T.Brady pass incomplete short left to 80-D.Amendola.,0.315,-1.191
2017,17,December 31,home,New York Jets,https://www.pro-football-reference.com/boxscores/201712310nwe.htm,1,00:26,4,12,NE 33,7,3,"(:26) 6-R.Allen punts 52 yards to NYJ 15, Center-49-J.Cardona. 87-J.Natson to NYJ 14 for -1 yards (31-J.Jones).",-0.876,0.966
2017,17,December 31,home,New York Jets,https://www.pro-football-reference.com/boxscores/201712310nwe.htm,1,00:16,1,10,NYJ 14,7,3,(:16) 25-E.McGuire left end to NYJ 14 for no gain (59-M.Flowers).,-0.090,-0.572
2017,17,December 31,home,New York Jets,https://www.pro-football-reference.com/boxscores/201712310nwe.htm,2,15:00,2,10,NYJ 14,7,3,"(15:00) (Shotgun) 79-B.Qvale reported in as eligible.  9-B.Petty pass deep middle to 85-N.Sterling to NYJ 49 for 35 yards (32-D.McCourty) [90-M.Brown]. PENALTY on NE-90-M.Brown, Roughing the Passer, 15 yards, enforced at NYJ 49.",-0.662,4.115
2017,17,December 31,home,New York Jets,https://www.pro-football-reference.com/boxscores/201712310nwe.htm,2,14:32,1,10,NE 36,7,3,(14:32) 29-B.Powell right tackle to NE 35 for 1 yard (59-M.Flowers).,3.453,-0.460
2017,17,December 31,home,New York Jets,https://www.pro-football-reference.com/boxscores/201712310nwe.htm,2,13:54,2,9,NE 35,7,3,(13:54) (Shotgun) 9-B.Petty pass short middle to 25-E.McGuire pushed ob at NE 24 for 11 yards (23-P.Chung).,2.992,1.224
2017,17,December 31,home,New York Jets,https://www.pro-football-reference.com/boxscores/201712310nwe.htm,2,13:21,1,10,NE 24,7,3,(13:21) 29-B.Powell right end to NE 22 for 2 yards (93-L.Guy).,4.216,-0.329
2017,17,December 31,home,New York Jets,https://www.pro-football-reference.com/boxscores/201712310nwe.htm,2,12:38,2,8,NE 22,7,3,(12:38) (Shotgun) 9-B.Petty pass incomplete short middle to 87-J.Natson.,3.887,-0.566
2017,17,December 31,home,New York Jets,https://www.pro-football-reference.com/boxscores/201712310nwe.htm,2,12:35,3,8,NE 22,7,3,(12:35) (Shotgun) 9-B.Petty pass incomplete deep right to 25-E.McGuire.,3.320,-0.936
2017,17,December 31,home,New York Jets,https://www.pro-football-reference.com/boxscores/201712310nwe.htm,2,12:33,4,8,NE 22,7,3,"(12:33) 7-C.Catanzaro 40 yard field goal is No Good, Wide Left, Center-42-T.Hennessy, Holder-4-L.Edwards.",2.384,-4.053
2017,17,December 31,home,New York Jets,https://www.pro-football-reference.com/boxscores/201712310nwe.htm,2,12:29,1,10,NE 30,7,3,(12:29) (Shotgun) 33-D.Lewis up the middle to NE 33 for 3 yards (41-B.Skrine).,1.668,-0.262
2017,17,December 31,home,New York Jets,https://www.pro-football-reference.com/boxscores/201712310nwe.htm,2,12:01,2,7,NE 33,7,3,(12:01) 12-T.Brady pass incomplete short right to 85-K.Britt.,1.406,-0.671
2017,17,December 31,home,New York Jets,https://www.pro-football-reference.com/boxscores/201712310nwe.htm,2,11:55,3,7,NE 33,7,3,(11:55) (Shotgun) 12-T.Brady sacked at NE 27 for -6 yards (75-X.Cooper).,0.735,-2.001
2017,17,December 31,home,New York Jets,https://www.pro-football-reference.com/boxscores/201712310nwe.htm,2,11:01,4,13,NE 27,7,3,"(11:01) (Punt formation) 6-R.Allen punts 46 yards to NYJ 27, Center-49-J.Cardona, fair catch by 87-J.Natson.",-1.266,0.304
2017,17,December 31,home,New York Jets,https://www.pro-football-reference.com/boxscores/201712310nwe.htm,2,10:54,1,10,NYJ 27,7,3,(10:54) 29-B.Powell right tackle to NYJ 26 for -1 yards (90-M.Brown; 93-L.Guy).,0.962,-0.745
2017,17,December 31,home,New York Jets,https://www.pro-football-reference.com/boxscores/201712310nwe.htm,2,10:19,2,11,NYJ 26,7,3,(10:19) (Shotgun) 9-B.Petty pass short left to 10-J.Kearse pushed ob at NYJ 40 for 14 yards (32-D.McCourty).,0.217,1.554
2017,17,December 31,home,New York Jets,https://www.pro-football-reference.com/boxscores/201712310nwe.htm,2,09:41,1,10,NYJ 40,7,3,(9:41) 79-B.Qvale reported in as eligible.  9-B.Petty pass incomplete short right to 29-B.Powell.,1.770,-0.488
2017,17,December 31,home,New York Jets,https://www.pro-football-reference.com/boxscores/201712310nwe.htm,2,09:37,2,10,NYJ 40,7,3,(9:37) (Shotgun) 29-B.Powell right end to NYJ 40 for no gain (32-D.McCourty).,1.283,-0.748
2017,17,December 31,home,New York Jets,https://www.pro-football-reference.com/boxscores/201712310nwe.htm,2,08:52,,,NYJ 40,7,3,Timeout #1 by NYJ at 08:52.,0.535,0.000
2017,17,December 31,home,New York Jets,https://www.pro-football-reference.com/boxscores/201712310nwe.htm,2,08:52,3,10,NYJ 40,7,3,(8:52) (Shotgun) 9-B.Petty pass incomplete short left to 25-E.McGuire.,0.535,-1.332
2017,17,December 31,home,New York Jets,https://www.pro-football-reference.com/boxscores/201712310nwe.htm,2,08:47,4,10,NYJ 40,7,3,"(8:47) 4-L.Edwards punts 48 yards to NE 12, Center-42-T.Hennessy. 80-D.Amendola to NE 27 for 15 yards (45-R.Miles).",-0.797,-0.664
2017,17,December 31,home,New York Jets,https://www.pro-football-reference.com/boxscores/201712310nwe.htm,2,08:37,1,10,NE 27,7,3,(8:37) 12-T.Brady pass incomplete deep left to 13-P.Dorsett [48-J.Jenkins].,1.461,-0.462
2017,17,December 31,home,New York Jets,https://www.pro-football-reference.com/boxscores/201712310nwe.htm,2,08:30,2,10,NE 27,7,3,(8:30) (Shotgun) 12-T.Brady pass incomplete short right to 80-D.Amendola.,0.999,-0.661
2017,17,December 31,home,New York Jets,https://www.pro-football-reference.com/boxscores/201712310nwe.htm,2,08:24,3,10,NE 27,7,3,"(8:24) (Shotgun) 12-T.Brady pass incomplete deep middle to 14-B.Cooks (21-M.Claiborne). PENALTY on NYJ-32-J.Burris, Defensive Holding, 5 yards, enforced at NE 27 - No Play.",0.339,1.434
2017,17,December 31,home,New York Jets,https://www.pro-football-reference.com/boxscores/201712310nwe.htm,2,08:18,1,10,NE 32,7,3,(8:18) 33-D.Lewis left tackle to NE 35 for 3 yards (98-M.Pennel).,1.773,-0.226
2017,17,December 31,home,New York Jets,https://www.pro-football-reference.com/boxscores/201712310nwe.htm,2,07:44,2,7,NE 35,7,3,(7:44) (Shotgun) 33-D.Lewis left end to NE 41 for 6 yards (57-O.Gwacham; 58-D.Lee).,1.547,0.514
2017,17,December 31,home,New York Jets,https://www.pro-football-reference.com/boxscores/201712310nwe.htm,2,07:21,3,1,NE 41,7,3,"(7:21) (No Huddle, Shotgun) 33-D.Lewis left guard to NE 42 for 1 yard (75-X.Cooper).",2.061,0.246
2017,17,December 31,home,New York Jets,https://www.pro-football-reference.com/boxscores/201712310nwe.htm,2,06:47,1,10,NE 42,7,3,(6:47) 33-D.Lewis left guard to NE 44 for 2 yards (57-O.Gwacham; 56-D.Davis).,2.307,-0.330
2017,17,December 31,home,New York Jets,https://www.pro-football-reference.com/boxscores/201712310nwe.htm,2,06:13,2,8,NE 44,7,3,"(6:13) 12-T.Brady pass incomplete deep left to 14-B.Cooks. NYJ-26-M.Maye was injured during the play.  PENALTY on NYJ-26-M.Maye, Defensive Pass Interference, 39 yards, enforced at NE 44 - No Play.",1.977,2.716
2017,17,December 31,home,New York Jets,https://www.pro-football-reference.com/boxscores/201712310nwe.htm,2,06:04,1,10,NYJ 17,7,3,(6:04) 33-D.Lewis up the middle to NYJ 15 for 2 yards (98-M.Pennel).,4.693,-0.301
2017,17,December 31,home,New York Jets,https://www.pro-football-reference.com/boxscores/201712310nwe.htm,2,05:30,2,8,NYJ 15,7,3,(5:30) (Shotgun) 12-T.Brady pass short left to 33-D.Lewis pushed ob at NYJ 7 for 8 yards (21-M.Claiborne).,4.391,1.002
2017,17,December 31,home,New York Jets,https://www.pro-football-reference.com/boxscores/201712310nwe.htm,2,05:00,1,7,NYJ 7,7,3,(5:00) 33-D.Lewis left guard to NYJ 5 for 2 yards (45-R.Miles).,5.394,-0.124
2017,17,December 31,home,New York Jets,https://www.pro-football-reference.com/boxscores/201712310nwe.htm,2,04:20,2,5,NYJ 5,13,3,"(4:20) (Shotgun) 12-T.Brady pass short middle to 14-B.Cooks for 5 yards, TOUCHDOWN. NE 12-Brady 550th career TD pass (including postseason), 3rd-most all-time.",5.270,1.730
2017,17,December 31,home,New York Jets,https://www.pro-football-reference.com/boxscores/201712310nwe.htm,2,04:14,,,NYJ 15,14,3,"3-S.Gostkowski extra point is GOOD, Center-49-J.Cardona, Holder-6-R.Allen. NE 3-Gostkowski 1,609 career pts, passes Groza & Bryant for 17th all-time.",0.932,0.068
2017,17,December 31,home,New York Jets,https://www.pro-football-reference.com/boxscores/201712310nwe.htm,2,04:14,,,NE 35,14,3,3-S.Gostkowski kicks 60 yards from NE 35 to NYJ 5. 87-J.Natson pushed ob at NYJ 28 for 23 yards (50-N.Grigsby).,0.782,0.082
2017,17,December 31,home,New York Jets,https://www.pro-football-reference.com/boxscores/201712310nwe.htm,2,04:09,1,10,NYJ 28,14,3,(4:09) 11-R.Anderson right end to NYJ 29 for 1 yard (21-M.Butler). backwards pass,0.863,-0.361
2017,17,December 31,home,New York Jets,https://www.pro-football-reference.com/boxscores/201712310nwe.htm,2,03:36,2,9,NYJ 29,14,3,(3:36) 29-B.Powell left tackle to NYJ 27 for -2 yards (94-R.Jean Francois).,0.502,-0.612
2017,17,December 31,home,New York Jets,https://www.pro-football-reference.com/boxscores/201712310nwe.htm,2,02:50,3,11,NYJ 27,14,3,(2:50) (Shotgun) 9-B.Petty sacked at NYJ 19 for -8 yards (59-M.Flowers).,-0.110,-1.214
2017,17,December 31,home,New York Jets,https://www.pro-football-reference.com/boxscores/201712310nwe.htm,2,02:10,4,19,NYJ 19,14,3,"(2:10) 4-L.Edwards punts 41 yards to NE 40, Center-42-T.Hennessy. 80-D.Amendola to NE 42 for 2 yards (45-R.Miles).",-1.324,-0.634
2017,17,December 31,home,New York Jets,https://www.pro-football-reference.com/boxscores/201712310nwe.htm,2,02:01,1,10,NE 42,14,3,(2:01) 12-T.Brady pass short middle to 13-P.Dorsett to NYJ 47 for 11 yards (32-J.Burris).,1.959,0.593
2017,17,December 31,home,New York Jets,https://www.pro-football-reference.com/boxscores/201712310nwe.htm,2,01:55,1,10,NYJ 47,14,3,(1:55) 38-B.Bolden left tackle to NYJ 38 for 9 yards (47-D.Bass).,2.552,0.574
2017,17,December 31,home,New York Jets,https://www.pro-football-reference.com/boxscores/201712310nwe.htm,2,01:36,2,1,NYJ 38,14,3,(1:36) (No Huddle) 38-B.Bolden left tackle to NYJ 36 for 2 yards (56-D.Davis).,3.125,-0.129
2017,17,December 31,home,New York Jets,https://www.pro-football-reference.com/boxscores/201712310nwe.htm,2,01:02,1,10,NYJ 36,14,3,"(1:02) (Shotgun) PENALTY on NYJ-75-X.Cooper, Encroachment, 5 yards, enforced at NYJ 36 - No Play.",2.996,0.683
2017,17,December 31,home,New York Jets,https://www.pro-football-reference.com/boxscores/201712310nwe.htm,2,01:02,1,5,NYJ 31,14,3,(1:02) (Shotgun) 12-T.Brady pass incomplete deep left to 14-B.Cooks [56-D.Davis].,3.679,-0.314
2017,17,December 31,home,New York Jets,https://www.pro-football-reference.com/boxscores/201712310nwe.htm,2,00:57,2,5,NYJ 31,14,3,(:57) (Shotgun) 12-T.Brady pass incomplete short left to 80-D.Amendola.,3.364,-0.413
2017,17,December 31,home,New York Jets,https://www.pro-football-reference.com/boxscores/201712310nwe.htm,2,00:51,3,5,NYJ 31,14,3,"(:51) (Shotgun) 12-T.Brady pass incomplete short middle to 80-D.Amendola. PENALTY on NYJ-32-J.Burris, Defensive Holding, 5 yards, enforced at NYJ 31 - No Play.",2.951,0.716
2017,17,December 31,home,New York Jets,https://www.pro-football-reference.com/boxscores/201712310nwe.htm,2,00:45,1,10,NYJ 26,14,3,(:45) (Shotgun) 12-T.Brady pass incomplete short middle to 33-D.Lewis.,3.668,-0.246
2017,17,December 31,home,New York Jets,https://www.pro-football-reference.com/boxscores/201712310nwe.htm,2,00:41,2,10,NYJ 26,14,3,(:41) (Shotgun) 12-T.Brady pass short left to 33-D.Lewis pushed ob at NYJ 17 for 9 yards (56-D.Davis).,3.422,0.664
2017,17,December 31,home,New York Jets,https://www.pro-football-reference.com/boxscores/201712310nwe.htm,2,00:33,3,1,NYJ 17,14,3,(:33) (Shotgun) 14-B.Cooks left end to NYJ 5 for 12 yards (33-Ja.Adams). reverse,4.085,1.313
2017,17,December 31,home,New York Jets,https://www.pro-football-reference.com/boxscores/201712310nwe.htm,2,00:24,,,NYJ 5,14,3,Timeout #1 by NE at 00:24.,5.398,0.000
2017,17,December 31,home,New York Jets,https://www.pro-football-reference.com/boxscores/201712310nwe.htm,2,00:24,1,5,NYJ 5,20,3,"(:24) 12-T.Brady pass short right to 33-D.Lewis for 5 yards, TOUCHDOWN.",5.398,1.602
2017,17,December 31,home,New York Jets,https://www.pro-football-reference.com/boxscores/201712310nwe.htm,2,00:20,,,NYJ 15,21,3,"3-S.Gostkowski extra point is GOOD, Center-49-J.Cardona, Holder-6-R.Allen.",0.932,0.068
2017,17,December 31,home,New York Jets,https://www.pro-football-reference.com/boxscores/201712310nwe.htm,2,00:20,,,NE 35,21,3,"3-S.Gostkowski kicks 65 yards from NE 35 to end zone, Touchback.",0.218,-0.218
2017,17,December 31,home,New York Jets,https://www.pro-football-reference.com/boxscores/201712310nwe.htm,2,00:20,1,10,NYJ 25,21,3,(:20) 71-B.Ijalana reported in as eligible.  9-B.Petty kneels to NYJ 24 for -1 yards.,0.000,0.000
2017,17,December 31,home,New York Jets,https://www.pro-football-reference.com/boxscores/201712310nwe.htm,3,15:00,,,NE 35,21,3,3-S.Gostkowski kicks 50 yards from NE 35 to NYJ 15. 25-E.McGuire pushed ob at NYJ 31 for 16 yards (32-D.McCourty).,0.651,0.346
2017,17,December 31,home,New York Jets,https://www.pro-football-reference.com/boxscores/201712310nwe.htm,3,14:54,1,10,NYJ 31,21,3,(14:54) 29-B.Powell right tackle to NYJ 32 for 1 yard (98-T.Flowers).,0.997,-0.364
2017,17,December 31,home,New York Jets,https://www.pro-football-reference.com/boxscores/201712310nwe.htm,3,14:16,2,9,NYJ 32,21,3,(14:16) (Shotgun) 9-B.Petty pass short left to 83-E.Tomlinson pushed ob at NYJ 36 for 4 yards (98-T.Flowers).,0.633,-0.300
2017,17,December 31,home,New York Jets,https://www.pro-football-reference.com/boxscores/201712310nwe.htm,3,13:39,3,5,NYJ 36,21,3,(13:39) (Shotgun) 9-B.Petty pass short right to 11-R.Anderson to NYJ 38 for 2 yards (92-J.Harrison).,0.332,-1.474
2017,17,December 31,home,New York Jets,https://www.pro-football-reference.com/boxscores/201712310nwe.htm,3,13:02,4,3,NYJ 38,21,3,"(13:02) 4-L.Edwards punts 45 yards to NE 17, Center-42-T.Hennessy. 80-D.Amendola to NE 18 for 1 yard (45-R.Miles). PENALTY on NE-31-J.Jones, Illegal Block Above the Waist, 9 yards, enforced at NE 18. Penalty on NE-29-J.Bademosi, Unnecessary Roughness, declined.",-1.142,0.850
2017,17,December 31,home,New York Jets,https://www.pro-football-reference.com/boxscores/201712310nwe.htm,3,12:53,1,10,NE 9,21,3,(12:53) (Shotgun) 33-D.Lewis left guard to NE 16 for 7 yards (45-R.Miles).,0.291,0.294
2017,17,December 31,home,New York Jets,https://www.pro-football-reference.com/boxscores/201712310nwe.htm,3,12:24,2,3,NE 16,21,3,(12:24) 33-D.Lewis left tackle to NE 15 for -1 yards (92-L.Williams).,0.585,-0.940
2017,17,December 31,home,New York Jets,https://www.pro-football-reference.com/boxscores/201712310nwe.htm,3,11:43,3,4,NE 15,21,3,(11:43) (Shotgun) 12-T.Brady pass incomplete deep left to 14-B.Cooks (21-M.Claiborne).,-0.355,-1.483
2017,17,December 31,home,New York Jets,https://www.pro-football-reference.com/boxscores/201712310nwe.htm,3,11:37,4,4,NE 15,21,3,"(11:37) 6-R.Allen punts 45 yards to NYJ 40, Center-49-J.Cardona, downed by NE-47-J.Hollister.",-1.838,0.167
2017,17,December 31,home,New York Jets,https://www.pro-football-reference.com/boxscores/201712310nwe.htm,3,11:27,1,10,NYJ 40,21,3,(11:27) 29-B.Powell left end to NYJ 44 for 4 yards (24-S.Gilmore).,1.671,0.016
2017,17,December 31,home,New York Jets,https://www.pro-football-reference.com/boxscores/201712310nwe.htm,3,10:50,2,6,NYJ 44,21,3,(10:50) (Shotgun) 9-B.Petty pass incomplete deep left to 16-C.Hansen.,1.687,-0.937
2017,17,December 31,home,New York Jets,https://www.pro-football-reference.com/boxscores/201712310nwe.htm,3,10:44,,,NYJ 44,21,3,Timeout #1 by NYJ at 10:44.,0.750,0.000
2017,17,December 31,home,New York Jets,https://www.pro-football-reference.com/boxscores/201712310nwe.htm,3,10:44,3,6,NYJ 44,21,3,(10:44) (Shotgun) 9-B.Petty pass incomplete deep middle to 85-N.Sterling.,0.750,-1.572
2017,17,December 31,home,New York Jets,https://www.pro-football-reference.com/boxscores/201712310nwe.htm,3,10:40,4,6,NYJ 44,21,3,"(10:40) 4-L.Edwards punts 38 yards to NE 18, Center-42-T.Hennessy, fair catch by 80-D.Amendola.",-0.822,-0.051
2017,17,December 31,home,New York Jets,https://www.pro-football-reference.com/boxscores/201712310nwe.htm,3,10:33,1,10,NE 18,21,3,(10:33) (Shotgun) 12-T.Brady pass incomplete deep middle to 47-J.Hollister (33-Ja.Adams).,0.874,-0.555
2017,17,December 31,home,New York Jets,https://www.pro-football-reference.com/boxscores/201712310nwe.htm,3,10:28,2,10,NE 18,21,3,(10:28) 14-B.Cooks left end to NE 16 for -2 yards (56-D.Davis).,0.318,-1.246
2017,17,December 31,home,New York Jets,https://www.pro-football-reference.com/boxscores/201712310nwe.htm,3,09:42,3,12,NE 16,21,3,(9:42) (Shotgun) 12-T.Brady pass incomplete short left to 38-B.Bolden.,-0.927,-1.099
2017,17,December 31,home,New York Jets,https://www.pro-football-reference.com/boxscores/201712310nwe.htm,3,09:35,4,12,NE 16,21,3,"(9:35) 6-R.Allen punts 40 yards to NYJ 44, Center-49-J.Cardona. 87-J.Natson to NYJ 49 for 5 yards (29-J.Bademosi). PENALTY on NYJ-34-J.Clark, Illegal Block Above the Waist, 10 yards, enforced at NYJ 49.",-2.026,0.457
2017,17,December 31,home,New York Jets,https://www.pro-football-reference.com/boxscores/201712310nwe.htm,3,09:25,1,10,NYJ 39,21,3,(9:25) 71-B.Ijalana reported in as eligible.  29-B.Powell right tackle to NYJ 40 for 1 yard (90-M.Brown; 93-L.Guy).,1.569,-0.488
2017,17,December 31,home,New York Jets,https://www.pro-football-reference.com/boxscores/201712310nwe.htm,3,08:46,2,9,NYJ 40,21,3,(8:46) 71-B.Ijalana reported in as eligible.  9-B.Petty pass incomplete deep left to 11-R.Anderson [98-T.Flowers].,1.082,-0.817
2017,17,December 31,home,New York Jets,https://www.pro-football-reference.com/boxscores/201712310nwe.htm,3,08:41,3,9,NYJ 40,21,3,(8:41) (Shotgun) 9-B.Petty pass short middle to 83-E.Tomlinson to NYJ 46 for 6 yards (32-D.McCourty).,0.265,-0.886
2017,17,December 31,home,New York Jets,https://www.pro-football-reference.com/boxscores/201712310nwe.htm,3,08:06,4,3,NYJ 46,21,3,"(8:06) 4-L.Edwards punts 54 yards to end zone, Center-42-T.Hennessy, Touchback.",-0.621,-0.375
2017,17,December 31,home,New York Jets,https://www.pro-football-reference.com/boxscores/201712310nwe.htm,3,07:58,1,10,NE 20,21,3,(7:58) 12-T.Brady pass short left to 13-P.Dorsett to NE 30 for 10 yards (32-J.Burris).,0.996,0.712
2017,17,December 31,home,New York Jets,https://www.pro-football-reference.com/boxscores/201712310nwe.htm,3,07:21,1,10,NE 30,21,3,(7:21) 33-D.Lewis left tackle to NE 35 for 5 yards (56-D.Davis).,1.708,-0.030
2017,17,December 31,home,New York Jets,https://www.pro-football-reference.com/boxscores/201712310nwe.htm,3,06:49,2,5,NE 35,21,3,(6:49) 33-D.Lewis up the middle to NE 36 for 1 yard (98-M.Pennel; 33-Ja.Adams).,1.679,-0.448
2017,17,December 31,home,New York Jets,https://www.pro-football-reference.com/boxscores/201712310nwe.htm,3,06:06,3,4,NE 36,21,3,(6:06) (Shotgun) 12-T.Brady pass short right to 38-B.Bolden to NE 43 for 7 yards (58-D.Lee).,1.231,1.322
2017,17,December 31,home,New York Jets,https://www.pro-football-reference.com/boxscores/201712310nwe.htm,3,05:27,1,10,NE 43,21,3,(5:27) 33-D.Lewis up the middle to NYJ 40 for 17 yards (48-J.Jenkins).,2.553,0.977
2017,17,December 31,home,New York Jets,https://www.pro-football-reference.com/boxscores/201712310nwe.htm,3,04:49,1,10,NYJ 40,21,3,(4:49) 12-T.Brady pass deep middle to 14-B.Cooks to NYJ 19 for 21 yards (41-B.Skrine).,3.531,1.156
2017,17,December 31,home,New York Jets,https://www.pro-football-reference.com/boxscores/201712310nwe.htm,3,04:10,1,10,NYJ 19,21,3,(4:10) 33-D.Lewis up the middle to NYJ 14 for 5 yards (41-B.Skrine).,4.687,0.189
2017,17,December 31,home,New York Jets,https://www.pro-football-reference.com/boxscores/201712310nwe.htm,3,03:33,2,5,NYJ 14,21,3,(3:33) (Shotgun) 33-D.Lewis left guard to NYJ 7 for 7 yards (45-R.Miles).,4.876,0.634
2017,17,December 31,home,New York Jets,https://www.pro-football-reference.com/boxscores/201712310nwe.htm,3,02:55,1,7,NYJ 7,21,3,(2:55) (Shotgun) 33-D.Lewis left end to NYJ 6 for 1 yard (95-J.Martin; 56-D.Davis).,5.509,-0.339
2017,17,December 31,home,New York Jets,https://www.pro-football-reference.com/boxscores/201712310nwe.htm,3,02:15,2,6,NYJ 6,21,3,(2:15) 38-B.Bolden up the middle to NYJ 3 for 3 yards (33-Ja.Adams; 56-D.Davis).,5.170,-0.443
2017,17,December 31,home,New York Jets,https://www.pro-football-reference.com/boxscores/201712310nwe.htm,3,01:39,3,3,NYJ 3,21,3,(1:39) 12-T.Brady pass incomplete short left to 14-B.Cooks.,4.727,-1.768
2017,17,December 31,home,New York Jets,https://www.pro-football-reference.com/boxscores/201712310nwe.htm,3,01:32,4,3,NYJ 3,24,3,"(1:32) 3-S.Gostkowski 21 yard field goal is GOOD, Center-49-J.Cardona, Holder-6-R.Allen.",2.959,0.041
2017,17,December 31,home,New York Jets,https://www.pro-football-reference.com/boxscores/201712310nwe.htm,3,01:29,,,NE 35,24,3,3-S.Gostkowski kicks 63 yards from NE 35 to NYJ 2. 87-J.Natson to NYJ 21 for 19 yards (18-M.Slater).,0.681,-0.330
2017,17,December 31,home,New York Jets,https://www.pro-football-reference.com/boxscores/201712310nwe.htm,3,01:23,1,10,NYJ 21,24,3,(1:23) (Shotgun) 9-B.Petty pass short right to 25-E.McGuire to NYJ 25 for 4 yards (24-S.Gilmore; 92-J.Harrison).,0.350,-0.017
2017,17,December 31,home,New York Jets,https://www.pro-football-reference.com/boxscores/201712310nwe.htm,3,00:48,2,6,NYJ 25,24,3,(:48) 9-B.Petty pass short right to 85-N.Sterling pushed ob at NYJ 28 for 3 yards (52-E.Roberts). NE-52-E.Roberts was injured during the play.,0.334,-0.427
2017,17,December 31,home,New York Jets,https://www.pro-football-reference.com/boxscores/201712310nwe.htm,3,00:17,3,3,NYJ 28,24,3,(:17) (Shotgun) 9-B.Petty pass incomplete short left to 10-J.Kearse.,-0.093,-1.487
2017,17,December 31,home,New York Jets,https://www.pro-football-reference.com/boxscores/201712310nwe.htm,3,00:13,4,3,NYJ 28,24,3,"(:13) 4-L.Edwards punts 44 yards to NE 28, Center-42-T.Hennessy, fair catch by 80-D.Amendola.",-1.580,0.111
2017,17,December 31,home,New York Jets,https://www.pro-football-reference.com/boxscores/201712310nwe.htm,3,00:07,1,10,NE 28,24,3,(:07) 12-T.Brady pass incomplete short left to 38-B.Bolden (48-J.Jenkins).,1.469,-0.486
2017,17,December 31,home,New York Jets,https://www.pro-football-reference.com/boxscores/201712310nwe.htm,3,00:03,2,10,NE 28,24,3,(:03) 12-T.Brady pass short left to 33-D.Lewis to NE 36 for 8 yards (41-B.Skrine; 33-Ja.Adams).,0.983,0.562
2017,17,December 31,home,New York Jets,https://www.pro-football-reference.com/boxscores/201712310nwe.htm,4,15:00,3,2,NE 36,24,3,(15:00) (Shotgun) 12-T.Brady pass deep right to 14-B.Cooks pushed ob at NYJ 27 for 37 yards (45-R.Miles).,1.545,2.669
2017,17,December 31,home,New York Jets,https://www.pro-football-reference.com/boxscores/201712310nwe.htm,4,14:29,1,10,NYJ 27,24,3,(14:29) 33-D.Lewis left tackle to NYJ 24 for 3 yards (92-L.Williams; 48-J.Jenkins).,4.214,-0.067
2017,17,December 31,home,New York Jets,https://www.pro-football-reference.com/boxscores/201712310nwe.htm,4,13:47,2,7,NYJ 24,24,3,(13:47) 12-T.Brady pass incomplete short right to 83-D.Allen.,4.147,-0.577
2017,17,December 31,home,New York Jets,https://www.pro-football-reference.com/boxscores/201712310nwe.htm,4,13:43,3,7,NYJ 24,24,3,"(13:43) (Shotgun) 12-T.Brady pass incomplete deep right. PENALTY on NE-12-T.Brady, Intentional Grounding, 10 yards, enforced at NYJ 24.",3.569,-2.385
2017,17,December 31,home,New York Jets,https://www.pro-football-reference.com/boxscores/201712310nwe.htm,4,13:38,,,NYJ 34,24,3,Timeout #1 by NE at 13:38.,1.184,0.000
2017,17,December 31,home,New York Jets,https://www.pro-football-reference.com/boxscores/201712310nwe.htm,4,13:38,4,17,NYJ 34,24,3,"(13:38) 6-R.Allen punts 30 yards to NYJ 4, Center-49-J.Cardona, downed by NE-18-M.Slater.",1.184,-0.573
2017,17,December 31,home,New York Jets,https://www.pro-football-reference.com/boxscores/201712310nwe.htm,4,13:31,1,10,NYJ 4,24,3,"(13:31) 79-B.Qvale reported in as eligible.  9-B.Petty pass incomplete short right to 11-R.Anderson. NYJ-11-R.Anderson was injured during the play.  PENALTY on NE-24-S.Gilmore, Unnecessary Roughness, 15 yards, enforced at NYJ 4.",-0.611,1.097
2017,17,December 31,home,New York Jets,https://www.pro-football-reference.com/boxscores/201712310nwe.htm,4,13:27,1,10,NYJ 19,24,3,(13:27) (Shotgun) 9-B.Petty pass deep right to 18-A.Stewart to NE 35 for 46 yards (31-J.Jones).,0.486,2.950
2017,17,December 31,home,New York Jets,https://www.pro-football-reference.com/boxscores/201712310nwe.htm,4,12:40,1,10,NE 35,24,3,(12:40) (Shotgun) 9-B.Petty pass short left to 10-J.Kearse to NE 27 for 8 yards (24-S.Gilmore).,3.436,0.475
2017,17,December 31,home,New York Jets,https://www.pro-football-reference.com/boxscores/201712310nwe.htm,4,12:01,2,2,NE 27,24,3,(12:01) (Shotgun) 9-B.Petty pass short middle to 85-N.Sterling to NE 18 for 9 yards (59-M.Flowers).,3.911,0.603
2017,17,December 31,home,New York Jets,https://www.pro-football-reference.com/boxscores/201712310nwe.htm,4,11:22,1,10,NE 18,24,3,(11:22) (Shotgun) 9-B.Petty pass short right to 25-E.McGuire to NE 17 for 1 yard (91-D.Wise).,4.514,-0.425
2017,17,December 31,home,New York Jets,https://www.pro-football-reference.com/boxscores/201712310nwe.htm,4,10:41,2,9,NE 17,24,3,(10:41) (Shotgun) 9-B.Petty pass incomplete short right to 85-N.Sterling.,4.089,-0.672
2017,17,December 31,home,New York Jets,https://www.pro-football-reference.com/boxscores/201712310nwe.htm,4,10:37,3,9,NE 17,24,3,(10:37) (Shotgun) 9-B.Petty pass incomplete short middle to 10-J.Kearse (24-S.Gilmore).,3.417,-0.758
2017,17,December 31,home,New York Jets,https://www.pro-football-reference.com/boxscores/201712310nwe.htm,4,10:32,4,9,NE 17,24,6,"(10:32) 7-C.Catanzaro 35 yard field goal is GOOD, Center-42-T.Hennessy, Holder-4-L.Edwards.",2.659,0.341
2017,17,December 31,home,New York Jets,https://www.pro-football-reference.com/boxscores/201712310nwe.htm,4,10:28,,,NYJ 35,24,6,7-C.Catanzaro kicks 40 yards from NYJ 35 to NE 25. 32-D.McCourty to NE 28 for 3 yards (45-R.Miles).,1.196,0.090
2017,17,December 31,home,New York Jets,https://www.pro-football-reference.com/boxscores/201712310nwe.htm,4,10:25,1,10,NE 28,24,6,(10:25) 33-D.Lewis right end to NE 29 for 1 yard (48-J.Jenkins).,1.287,-0.380
2017,17,December 31,home,New York Jets,https://www.pro-football-reference.com/boxscores/201712310nwe.htm,4,09:47,2,9,NE 29,24,6,(9:47) 12-T.Brady pass incomplete short right to 14-B.Cooks.,0.907,-0.676
2017,17,December 31,home,New York Jets,https://www.pro-football-reference.com/boxscores/201712310nwe.htm,4,09:42,3,9,NE 29,24,6,"(9:42) (Shotgun) 12-T.Brady sacked at NE 24 for -5 yards (sack split by 75-X.Cooper and 99-S.McLendon). PENALTY on NYJ-48-J.Jenkins, Illegal Use of Hands, 5 yards, enforced at NE 29 - No Play.",0.230,1.369
2017,17,December 31,home,New York Jets,https://www.pro-football-reference.com/boxscores/201712310nwe.htm,4,09:12,1,10,NE 34,24,6,(9:12) 38-B.Bolden left tackle to NYJ 46 for 20 yards (41-B.Skrine; 33-Ja.Adams).,1.599,1.272
2017,17,December 31,home,New York Jets,https://www.pro-football-reference.com/boxscores/201712310nwe.htm,4,08:31,1,10,NYJ 46,24,6,(8:31) 38-B.Bolden up the middle to NYJ 44 for 2 yards (33-Ja.Adams).,2.871,-0.295
2017,17,December 31,home,New York Jets,https://www.pro-football-reference.com/boxscores/201712310nwe.htm,4,07:49,2,8,NYJ 44,24,6,(7:49) 38-B.Bolden left guard to NYJ 39 for 5 yards (56-D.Davis).,2.577,0.035
2017,17,December 31,home,New York Jets,https://www.pro-football-reference.com/boxscores/201712310nwe.htm,4,07:11,3,3,NYJ 39,24,6,(7:11) 14-B.Cooks left end pushed ob at NYJ 41 for -2 yards (33-Ja.Adams).,2.612,-2.054
2017,17,December 31,home,New York Jets,https://www.pro-football-reference.com/boxscores/201712310nwe.htm,4,06:50,4,5,NYJ 41,24,6,"(6:50) 6-R.Allen punts 37 yards to NYJ 4, Center-49-J.Cardona, downed by NE-18-M.Slater.",0.558,-0.133
2017,17,December 31,home,New York Jets,https://www.pro-football-reference.com/boxscores/201712310nwe.htm,4,06:42,1,10,NYJ 4,24,6,(6:42) (Shotgun) 25-E.McGuire right tackle to NYJ 7 for 3 yards (32-D.McCourty; 55-E.Lee).,-0.425,-0.239
2017,17,December 31,home,New York Jets,https://www.pro-football-reference.com/boxscores/201712310nwe.htm,4,06:18,2,7,NYJ 7,24,6,"(6:18) (No Huddle, Shotgun) 9-B.Petty pass incomplete short right to 85-N.Sterling.",-0.664,-0.580
2017,17,December 31,home,New York Jets,https://www.pro-football-reference.com/boxscores/201712310nwe.htm,4,06:11,3,7,NYJ 7,26,6,"(6:11) (Shotgun) 9-B.Petty sacked in End Zone for -7 yards, SAFETY (55-E.Lee).",-1.244,-0.756
2017,17,December 31,home,New York Jets,https://www.pro-football-reference.com/boxscores/201712310nwe.htm,4,06:04,,,NYJ 20,26,6,4-L.Edwards kicks 55 yards from NYJ 20 to NE 25. 23-P.Chung to NE 29 for 4 yards (23-T.Brooks).,0.971,0.232
2017,17,December 31,home,New York Jets,https://www.pro-football-reference.com/boxscores/201712310nwe.htm,4,05:59,1,10,NE 29,26,6,(5:59) NE 2-Hoyer now at QB. 38-B.Bolden up the middle to NE 29 for no gain (45-R.Miles; 98-M.Pennel).,1.203,-0.489
2017,17,December 31,home,New York Jets,https://www.pro-football-reference.com/boxscores/201712310nwe.htm,4,05:19,2,10,NE 29,26,6,(5:19) 2-B.Hoyer pass incomplete deep middle to 13-P.Dorsett.,0.715,-0.593
2017,17,December 31,home,New York Jets,https://www.pro-football-reference.com/boxscores/201712310nwe.htm,4,05:12,3,10,NE 29,26,6,(5:12) 2-B.Hoyer pass short left to 13-P.Dorsett to NE 34 for 5 yards (41-B.Skrine).,0.122,-0.850
2017,17,December 31,home,New York Jets,https://www.pro-football-reference.com/boxscores/201712310nwe.htm,4,04:40,4,5,NE 34,26,6,"(4:40) (Punt formation) PENALTY on NYJ, Defensive 12 On-field, 5 yards, enforced at NE 34 - No Play.",-0.727,2.403
2017,17,December 31,home,New York Jets,https://www.pro-football-reference.com/boxscores/201712310nwe.htm,4,04:40,1,10,NE 39,26,6,(4:40) 38-B.Bolden left tackle to NE 42 for 3 yards (99-S.McLendon).,1.676,-0.319
2017,17,December 31,home,New York Jets,https://www.pro-football-reference.com/boxscores/201712310nwe.htm,4,03:57,2,7,NE 42,26,6,(3:57) 38-B.Bolden up the middle to NE 44 for 2 yards (98-M.Pennel).,1.356,-0.336
2017,17,December 31,home,New York Jets,https://www.pro-football-reference.com/boxscores/201712310nwe.htm,4,03:15,3,5,NE 44,26,6,(3:15) 2-B.Hoyer pass incomplete short right to 85-K.Britt.,1.021,-1.212
2017,17,December 31,home,New York Jets,https://www.pro-football-reference.com/boxscores/201712310nwe.htm,4,03:10,4,5,NE 44,26,6,"(3:10) 6-R.Allen punts 53 yards to NYJ 3, Center-49-J.Cardona, out of bounds.",-0.191,0.373
2017,17,December 31,home,New York Jets,https://www.pro-football-reference.com/boxscores/201712310nwe.htm,4,03:02,1,10,NYJ 3,26,6,(3:02) (Shotgun) 29-B.Powell left guard to NYJ 9 for 6 yards (37-J.Richards).,-0.182,0.220
2017,17,December 31,home,New York Jets,https://www.pro-football-reference.com/boxscores/201712310nwe.htm,4,02:38,2,4,NYJ 9,26,6,"(2:38) (No Huddle, Shotgun) 9-B.Petty pass short left to 29-B.Powell pushed ob at NYJ 19 for 10 yards (37-J.Richards).",0.038,0.615
2017,17,December 31,home,New York Jets,https://www.pro-football-reference.com/boxscores/201712310nwe.htm,4,02:31,1,10,NYJ 19,26,6,(2:31) (Shotgun) 9-B.Petty pass short left to 10-J.Kearse to NYJ 25 for 6 yards (31-J.Jones).,0.653,0.066
2017,17,December 31,home,New York Jets,https://www.pro-football-reference.com/boxscores/201712310nwe.htm,4,02:04,2,4,NYJ 25,26,6,(2:04) (Shotgun) 9-B.Petty pass short middle to 10-J.Kearse to NYJ 34 for 9 yards (31-J.Jones).,0.719,0.543
2017,17,December 31,home,New York Jets,https://www.pro-football-reference.com/boxscores/201712310nwe.htm,4,01:57,1,10,NYJ 34,26,6,(1:57) (Shotgun) 9-B.Petty pass incomplete short middle to 87-J.Natson.,1.262,-0.403
2017,17,December 31,home,New York Jets,https://www.pro-football-reference.com/boxscores/201712310nwe.htm,4,01:51,2,10,NYJ 34,26,6,(1:51) (Shotgun) 9-B.Petty pass incomplete deep left to 16-C.Hansen.,0.859,-0.403
2017,17,December 31,home,New York Jets,https://www.pro-football-reference.com/boxscores/201712310nwe.htm,4,01:46,3,10,NYJ 34,26,6,(1:46) (Shotgun) 9-B.Petty pass incomplete deep right to 18-A.Stewart.,0.456,-0.772
2017,17,December 31,home,New York Jets,https://www.pro-football-reference.com/boxscores/201712310nwe.htm,4,01:40,4,10,NYJ 34,26,6,(1:40) (Shotgun) 9-B.Petty pass short left to 85-N.Sterling pushed ob at NYJ 46 for 12 yards (25-E.Rowe).,-0.317,2.266
2017,17,December 31,home,New York Jets,https://www.pro-football-reference.com/boxscores/201712310nwe.htm,4,01:32,1,10,NYJ 46,26,6,(1:32) (Shotgun) 9-B.Petty pass incomplete deep left to 16-C.Hansen.,1.949,-0.261
2017,17,December 31,home,New York Jets,https://www.pro-football-reference.com/boxscores/201712310nwe.htm,4,01:27,2,10,NYJ 46,26,6,(1:27) (Shotgun) 9-B.Petty pass short left to 16-C.Hansen pushed ob at NE 39 for 15 yards (29-J.Bademosi).,1.689,1.146
2017,17,December 31,home,New York Jets,https://www.pro-football-reference.com/boxscores/201712310nwe.htm,4,01:22,1,10,NE 39,26,6,"(1:22) (Shotgun) 9-B.Petty sacked at NE 48 for -9 yards (92-J.Harrison). FUMBLES (92-J.Harrison) [92-J.Harrison], recovered by NYJ-77-J.Carpenter at NE 48. 77-J.Carpenter to NE 48 for no gain (96-G.Grissom).",2.835,-1.334
2017,17,December 31,home,New York Jets,https://www.pro-football-reference.com/boxscores/201712310nwe.htm,4,00:37,2,19,NE 48,26,6,(:37) (Shotgun) 9-B.Petty sacked at NE 49 for -1 yards (92-J.Harrison).,1.501,-1.501
2017,Division,January 13,home,Tennessee Titans,https://www.pro-football-reference.com/boxscores/201801130nwe.htm,1,15:00,,,TEN 35,0,0,"4-R.Succop kicks 65 yards from TEN 35 to end zone, Touchback. Patriots 9th consecutive postseason, ties NFL record (Dallas & Indianapolis). Bill Belichick 37th career postseason game, most by head coach in NFL history (Landry & Shula, 36).",1.457,0.000
2017,Division,January 13,home,Tennessee Titans,https://www.pro-football-reference.com/boxscores/201801130nwe.htm,1,15:00,1,10,NE 25,0,0,"(15:00) (Shotgun) 12-T.Brady pass short left to 80-D.Amendola pushed ob at NE 31 for 6 yards (26-L.Ryan). NE 12-Brady 35th career postseason game, extends his NFL record. NE 12-Brady 35th career postseason QB start, extends his NFL record. NE 12-Brady 14th career Divisional Playoff Game, new NFL record (Rice, 13).",1.457,0.219
2017,Division,January 13,home,Tennessee Titans,https://www.pro-football-reference.com/boxscores/201801130nwe.htm,1,14:28,2,4,NE 31,0,0,(14:28) 33-D.Lewis right guard to NE 34 for 3 yards (99-J.Casey).,1.677,0.171
2017,Division,January 13,home,Tennessee Titans,https://www.pro-football-reference.com/boxscores/201801130nwe.htm,1,13:53,3,1,NE 34,0,0,(13:53) (Shotgun) 12-T.Brady pass short right to 87-R.Gronkowski to NE 48 for 14 yards (31-K.Byard).,1.847,1.107
2017,Division,January 13,home,Tennessee Titans,https://www.pro-football-reference.com/boxscores/201801130nwe.htm,1,13:15,1,10,NE 48,0,0,"(13:15) 33-D.Lewis left guard to TEN 48 for 4 yards (98-B.Orakpo, 59-W.Woodyard).",2.954,-0.185
2017,Division,January 13,home,Tennessee Titans,https://www.pro-football-reference.com/boxscores/201801130nwe.htm,1,12:53,2,6,TEN 48,0,0,"(12:53) (No Huddle, Shotgun) 12-T.Brady pass incomplete short left to 15-C.Hogan.",2.770,-0.802
2017,Division,January 13,home,Tennessee Titans,https://www.pro-football-reference.com/boxscores/201801130nwe.htm,1,12:47,3,6,TEN 48,0,0,(12:47) (Shotgun) 12-T.Brady pass incomplete short right to 14-B.Cooks.,1.968,-1.618
2017,Division,January 13,home,Tennessee Titans,https://www.pro-football-reference.com/boxscores/201801130nwe.htm,1,12:43,4,6,TEN 48,0,0,"(12:43) 6-R.Allen punts 40 yards to TEN 8, Center-49-J.Cardona, fair catch by 25-A.Jackson.",0.350,0.262
2017,Division,January 13,home,Tennessee Titans,https://www.pro-football-reference.com/boxscores/201801130nwe.htm,1,12:37,1,10,TEN 8,0,0,"(12:37) 22-D.Henry left guard to TEN 11 for 3 yards (52-E.Roberts, 90-M.Brown).",-0.611,-0.208
2017,Division,January 13,home,Tennessee Titans,https://www.pro-football-reference.com/boxscores/201801130nwe.htm,1,12:00,2,7,TEN 11,0,0,(12:00) 8-M.Mariota pass short left to 84-C.Davis pushed ob at TEN 22 for 11 yards (21-M.Butler).,-0.820,1.209
2017,Division,January 13,home,Tennessee Titans,https://www.pro-football-reference.com/boxscores/201801130nwe.htm,1,11:29,1,10,TEN 22,0,0,(11:29) 71-D.Kelly reported in as eligible.  22-D.Henry left tackle to TEN 25 for 3 yards (98-T.Flowers).,0.389,-0.136
2017,Division,January 13,home,Tennessee Titans,https://www.pro-football-reference.com/boxscores/201801130nwe.htm,1,10:49,2,7,TEN 25,0,0,(10:49) 22-D.Henry right tackle to TEN 25 for no gain (92-J.Harrison).,0.253,-0.804
2017,Division,January 13,home,Tennessee Titans,https://www.pro-football-reference.com/boxscores/201801130nwe.htm,1,10:03,,,TEN 25,0,0,Timeout #1 by TEN at 10:03.,-0.551,0.000
2017,Division,January 13,home,Tennessee Titans,https://www.pro-football-reference.com/boxscores/201801130nwe.htm,1,10:03,3,7,TEN 25,0,0,(10:03) (Shotgun) 8-M.Mariota sacked at TEN 21 for -4 yards (91-D.Wise).,-0.551,-1.719
2017,Division,January 13,home,Tennessee Titans,https://www.pro-football-reference.com/boxscores/201801130nwe.htm,1,09:24,4,11,TEN 21,0,0,"(9:24) 6-B.Kern punts 57 yards to NE 22, Center-48-B.Brinkley. 80-D.Amendola to NE 34 for 12 yards (33-T.Smith, 48-B.Brinkley).",-2.270,0.291
2017,Division,January 13,home,Tennessee Titans,https://www.pro-football-reference.com/boxscores/201801130nwe.htm,1,09:12,1,10,NE 34,0,0,"(9:12) 33-D.Lewis right guard to NE 33 for -1 yards (37-J.Cyprien, 26-L.Ryan).",1.979,-0.744
2017,Division,January 13,home,Tennessee Titans,https://www.pro-football-reference.com/boxscores/201801130nwe.htm,1,08:34,2,11,NE 33,0,0,(8:34) 33-D.Lewis right tackle to NE 36 for 3 yards (54-A.Williamson).,1.234,-0.284
2017,Division,January 13,home,Tennessee Titans,https://www.pro-football-reference.com/boxscores/201801130nwe.htm,1,08:00,3,8,NE 36,0,0,(8:00) (Shotgun) 12-T.Brady pass short left to 80-D.Amendola to TEN 49 for 15 yards (26-L.Ryan).,0.950,2.060
2017,Division,January 13,home,Tennessee Titans,https://www.pro-football-reference.com/boxscores/201801130nwe.htm,1,07:22,1,10,TEN 49,0,0,"(7:22) 33-D.Lewis left guard to TEN 46 for 3 yards (31-K.Byard, 54-A.Williamson).",3.010,-0.234
2017,Division,January 13,home,Tennessee Titans,https://www.pro-football-reference.com/boxscores/201801130nwe.htm,1,06:50,2,7,TEN 46,0,0,(6:50) 12-T.Brady pass incomplete short right to 14-B.Cooks.,2.776,-0.761
2017,Division,January 13,home,Tennessee Titans,https://www.pro-football-reference.com/boxscores/201801130nwe.htm,1,06:44,3,7,TEN 46,0,0,(6:44) (Shotgun) 12-T.Brady pass incomplete short left to 87-R.Gronkowski.,2.015,-1.696
2017,Division,January 13,home,Tennessee Titans,https://www.pro-football-reference.com/boxscores/201801130nwe.htm,1,06:41,4,7,TEN 46,0,0,"(6:41) 6-R.Allen punts 36 yards to TEN 10, Center-49-J.Cardona. 25-A.Jackson to TEN 13 for 3 yards (31-J.Jones). PENALTY on TEN-53-D.Bates, Offensive Holding, 5 yards, enforced at TEN 10.",0.319,0.436
2017,Division,January 13,home,Tennessee Titans,https://www.pro-football-reference.com/boxscores/201801130nwe.htm,1,06:31,1,10,TEN 5,0,0,"(6:31) (Shotgun) 8-M.Mariota pass deep right to 82-D.Walker to TEN 41 for 36 yards (32-D.McCourty, 23-P.Chung).",-0.754,2.388
2017,Division,January 13,home,Tennessee Titans,https://www.pro-football-reference.com/boxscores/201801130nwe.htm,1,05:51,1,10,TEN 41,0,0,(5:51) (Shotgun) 22-D.Henry left guard to TEN 44 for 3 yards (55-E.Lee).,1.634,-0.144
2017,Division,January 13,home,Tennessee Titans,https://www.pro-football-reference.com/boxscores/201801130nwe.htm,1,05:08,2,7,TEN 44,0,0,(5:08) 8-M.Mariota pass incomplete short right to 84-C.Davis (24-S.Gilmore) [98-T.Flowers].,1.490,-0.854
2017,Division,January 13,home,Tennessee Titans,https://www.pro-football-reference.com/boxscores/201801130nwe.htm,1,05:03,3,7,TEN 44,0,0,"(5:03) (Shotgun) 8-M.Mariota scrambles right guard to NE 45 for 11 yards (53-K.Van Noy, 32-D.McCourty).",0.636,2.103
2017,Division,January 13,home,Tennessee Titans,https://www.pro-football-reference.com/boxscores/201801130nwe.htm,1,04:21,1,10,NE 45,0,0,(4:21) (Shotgun) 22-D.Henry left end to NE 42 for 3 yards (32-D.McCourty).,2.739,-0.277
2017,Division,January 13,home,Tennessee Titans,https://www.pro-football-reference.com/boxscores/201801130nwe.htm,1,03:42,2,7,NE 42,0,0,"(3:42) 22-D.Henry up the middle to NE 38 for 4 yards (93-L.Guy, 90-M.Brown). TEN-78-J.Conklin was injured during the play. He is Out.",2.462,-0.161
2017,Division,January 13,home,Tennessee Titans,https://www.pro-football-reference.com/boxscores/201801130nwe.htm,1,03:14,3,3,NE 38,0,0,(3:14) (Shotgun) 8-M.Mariota pass short middle to 18-R.Matthews to NE 30 for 8 yards (25-E.Rowe) [98-T.Flowers].,2.301,1.428
2017,Division,January 13,home,Tennessee Titans,https://www.pro-football-reference.com/boxscores/201801130nwe.htm,1,02:38,1,10,NE 30,0,0,(2:38) (Shotgun) 8-M.Mariota pass incomplete deep right to 87-E.Decker.,3.729,-0.400
2017,Division,January 13,home,Tennessee Titans,https://www.pro-football-reference.com/boxscores/201801130nwe.htm,1,02:30,2,10,NE 30,0,0,(2:30) (Shotgun) 8-M.Mariota right end ran ob at NE 19 for 11 yards.,3.330,1.086
2017,Division,January 13,home,Tennessee Titans,https://www.pro-football-reference.com/boxscores/201801130nwe.htm,1,02:00,1,10,NE 19,0,0,(2:00) 22-D.Henry right guard to NE 15 for 4 yards (93-L.Guy).,4.416,0.020
2017,Division,January 13,home,Tennessee Titans,https://www.pro-football-reference.com/boxscores/201801130nwe.htm,1,01:20,2,6,NE 15,0,6,"(1:20) (Shotgun) 8-M.Mariota pass short left to 84-C.Davis for 15 yards, TOUCHDOWN.",4.436,2.564
2017,Division,January 13,home,Tennessee Titans,https://www.pro-football-reference.com/boxscores/201801130nwe.htm,1,01:14,,,NE 15,0,7,"4-R.Succop extra point is GOOD, Center-48-B.Brinkley, Holder-6-B.Kern.",0.932,0.068
2017,Division,January 13,home,Tennessee Titans,https://www.pro-football-reference.com/boxscores/201801130nwe.htm,1,01:14,,,TEN 35,0,7,"4-R.Succop kicks 65 yards from TEN 35 to NE 0. 33-D.Lewis to NE 27 for 27 yards (21-D.Searcy, 89-P.Supernaw).",1.385,0.103
2017,Division,January 13,home,Tennessee Titans,https://www.pro-football-reference.com/boxscores/201801130nwe.htm,1,01:07,1,10,NE 27,0,7,(1:07) 12-T.Brady pass short left to 14-B.Cooks to NE 39 for 12 yards (26-L.Ryan).,1.488,0.753
2017,Division,January 13,home,Tennessee Titans,https://www.pro-football-reference.com/boxscores/201801130nwe.htm,1,00:30,1,10,NE 39,0,7,(:30) 12-T.Brady pass short middle to 33-D.Lewis to NE 44 for 5 yards (59-W.Woodyard) [99-J.Casey].,2.241,0.071
2017,Division,January 13,home,Tennessee Titans,https://www.pro-football-reference.com/boxscores/201801130nwe.htm,1,00:01,2,5,NE 44,0,7,(:01) 33-D.Lewis left end to 50 for 6 yards (93-E.Walden).,2.312,0.603
2017,Division,January 13,home,Tennessee Titans,https://www.pro-football-reference.com/boxscores/201801130nwe.htm,2,15:00,1,10,MID 50,0,7,"(15:00) 12-T.Brady pass short right to 33-D.Lewis for 50 yards, TOUCHDOWN. The Replay Official reviewed the runner was not down by contact ruling, and the play was REVERSED. 12-T.Brady pass short right to 33-D.Lewis to TEN 19 for 31 yards (59-W.Woodyard).",2.915,1.754
2017,Division,January 13,home,Tennessee Titans,https://www.pro-football-reference.com/boxscores/201801130nwe.htm,2,14:36,1,10,TEN 19,0,7,"(14:36) 12-T.Brady pass short middle to 33-D.Lewis to TEN 5 for 14 yards (93-E.Walden, 54-A.Williamson).",4.668,1.104
2017,Division,January 13,home,Tennessee Titans,https://www.pro-football-reference.com/boxscores/201801130nwe.htm,2,13:57,1,5,TEN 5,0,7,"(13:57) 28-J.White up the middle to TEN 5 for no gain (31-K.Byard, 54-A.Williamson).",5.772,-0.414
2017,Division,January 13,home,Tennessee Titans,https://www.pro-football-reference.com/boxscores/201801130nwe.htm,2,13:24,2,5,TEN 5,6,7,"(13:24) (Shotgun) 12-T.Brady pass short middle to 28-J.White for 5 yards, TOUCHDOWN. shovel pass",5.358,1.642
2017,Division,January 13,home,Tennessee Titans,https://www.pro-football-reference.com/boxscores/201801130nwe.htm,2,13:18,,,TEN 15,7,7,"3-S.Gostkowski extra point is GOOD, Center-49-J.Cardona, Holder-6-R.Allen. NE 3-Gostkowski 23rd consecutive postseason game with a point, 3rd all-time (Akers 24 & Vinatieri 30).",0.932,0.068
2017,Division,January 13,home,Tennessee Titans,https://www.pro-football-reference.com/boxscores/201801130nwe.htm,2,13:18,,,NE 35,7,7,3-S.Gostkowski kicks 68 yards from NE 35 to TEN -3. 25-A.Jackson to TEN 21 for 24 yards (36-B.King).,0.767,-0.328
2017,Division,January 13,home,Tennessee Titans,https://www.pro-football-reference.com/boxscores/201801130nwe.htm,2,13:13,1,10,TEN 21,7,7,(13:13) 22-D.Henry left guard to TEN 23 for 2 yards (52-E.Roberts).,0.439,-0.402
2017,Division,January 13,home,Tennessee Titans,https://www.pro-football-reference.com/boxscores/201801130nwe.htm,2,12:37,2,8,TEN 23,7,7,(12:37) 22-D.Henry right guard to TEN 27 for 4 yards (98-T.Flowers).,0.037,-0.058
2017,Division,January 13,home,Tennessee Titans,https://www.pro-football-reference.com/boxscores/201801130nwe.htm,2,11:54,3,4,TEN 27,7,7,"(11:54) (Shotgun) 8-M.Mariota pass short left to 87-E.Decker pushed ob at TEN 40 for 13 yards (21-M.Butler). PENALTY on TEN-87-E.Decker, Offensive Pass Interference, 10 yards, enforced at TEN 27 - No Play.",-0.021,-1.337
2017,Division,January 13,home,Tennessee Titans,https://www.pro-football-reference.com/boxscores/201801130nwe.htm,2,11:29,3,14,TEN 17,7,7,(11:29) (Shotgun) 8-M.Mariota pass incomplete short right to 84-C.Davis (24-S.Gilmore).,-1.358,-0.985
2017,Division,January 13,home,Tennessee Titans,https://www.pro-football-reference.com/boxscores/201801130nwe.htm,2,11:23,4,14,TEN 17,7,7,"(11:23) 6-B.Kern punts 36 yards to NE 47, Center-48-B.Brinkley. 80-D.Amendola to TEN 48 for 5 yards (89-P.Supernaw).",-2.343,-0.611
2017,Division,January 13,home,Tennessee Titans,https://www.pro-football-reference.com/boxscores/201801130nwe.htm,2,11:16,1,10,TEN 48,7,7,(11:16) 12-T.Brady pass short left to 14-B.Cooks pushed ob at TEN 35 for 13 yards (26-L.Ryan).,2.954,0.791
2017,Division,January 13,home,Tennessee Titans,https://www.pro-football-reference.com/boxscores/201801130nwe.htm,2,11:01,1,10,TEN 35,7,7,"(11:01) (No Huddle) 12-T.Brady pass short right to 33-D.Lewis to TEN 27 for 8 yards (33-T.Smith, 26-L.Ryan).",3.745,0.477
2017,Division,January 13,home,Tennessee Titans,https://www.pro-football-reference.com/boxscores/201801130nwe.htm,2,10:36,2,2,TEN 27,7,7,(10:36) (No Huddle) 33-D.Lewis left tackle to TEN 18 for 9 yards (59-W.Woodyard).,4.222,0.531
2017,Division,January 13,home,Tennessee Titans,https://www.pro-football-reference.com/boxscores/201801130nwe.htm,2,10:14,1,10,TEN 18,7,7,(10:14) (No Huddle) 33-D.Lewis left end to TEN 13 for 5 yards (31-K.Byard).,4.753,0.143
2017,Division,January 13,home,Tennessee Titans,https://www.pro-football-reference.com/boxscores/201801130nwe.htm,2,09:41,2,5,TEN 13,7,7,(9:41) (Shotgun) 12-T.Brady pass short left to 28-J.White pushed ob at TEN 6 for 7 yards (31-K.Byard).,4.896,0.709
2017,Division,January 13,home,Tennessee Titans,https://www.pro-football-reference.com/boxscores/201801130nwe.htm,2,09:27,1,6,TEN 6,13,7,"(9:27) (No Huddle) 28-J.White left end for 6 yards, TOUCHDOWN. The Replay Official reviewed the runner was not down by contact ruling, and the play was Upheld. The ruling on the field stands.",5.605,1.395
2017,Division,January 13,home,Tennessee Titans,https://www.pro-football-reference.com/boxscores/201801130nwe.htm,2,09:20,,,TEN 15,14,7,"3-S.Gostkowski extra point is GOOD, Center-49-J.Cardona, Holder-6-R.Allen.",0.932,0.068
2017,Division,January 13,home,Tennessee Titans,https://www.pro-football-reference.com/boxscores/201801130nwe.htm,2,09:20,,,NE 35,14,7,3-S.Gostkowski kicks 68 yards from NE 35 to TEN -3. 25-A.Jackson to TEN 22 for 25 yards (23-P.Chung).,0.895,-0.273
2017,Division,January 13,home,Tennessee Titans,https://www.pro-football-reference.com/boxscores/201801130nwe.htm,2,09:11,1,10,TEN 22,14,7,(9:11) (Shotgun) 8-M.Mariota pass short right to 87-E.Decker to TEN 44 for 22 yards (92-J.Harrison).,0.622,1.382
2017,Division,January 13,home,Tennessee Titans,https://www.pro-football-reference.com/boxscores/201801130nwe.htm,2,08:44,1,10,TEN 44,14,7,"(8:44) (No Huddle, Shotgun) 8-M.Mariota pass incomplete deep left to 18-R.Matthews.",2.004,-0.409
2017,Division,January 13,home,Tennessee Titans,https://www.pro-football-reference.com/boxscores/201801130nwe.htm,2,08:38,2,10,TEN 44,14,7,"(8:38) (No Huddle, Shotgun) 22-D.Henry right guard to TEN 47 for 3 yards (92-J.Harrison).",1.595,-0.437
2017,Division,January 13,home,Tennessee Titans,https://www.pro-football-reference.com/boxscores/201801130nwe.htm,2,07:56,3,7,TEN 47,14,7,(7:56) (Shotgun) 8-M.Mariota pass short left to 13-T.Taylor to NE 48 for 5 yards (25-E.Rowe).,1.159,-1.035
2017,Division,January 13,home,Tennessee Titans,https://www.pro-football-reference.com/boxscores/201801130nwe.htm,2,07:17,4,2,NE 48,14,7,"(7:17) 6-B.Kern punts 31 yards to NE 17, Center-48-B.Brinkley, fair catch by 80-D.Amendola. PENALTY on NE-93-L.Guy, Offensive Holding, 8 yards, enforced at NE 17.",0.124,-0.355
2017,Division,January 13,home,Tennessee Titans,https://www.pro-football-reference.com/boxscores/201801130nwe.htm,2,07:10,1,10,NE 9,14,7,(7:10) 12-T.Brady pass short left to 80-D.Amendola pushed ob at NE 14 for 5 yards (26-L.Ryan).,0.230,-0.110
2017,Division,January 13,home,Tennessee Titans,https://www.pro-football-reference.com/boxscores/201801130nwe.htm,2,06:41,2,5,NE 14,14,7,(6:41) 12-T.Brady pass incomplete short middle to 15-C.Hogan.,0.120,-0.627
2017,Division,January 13,home,Tennessee Titans,https://www.pro-football-reference.com/boxscores/201801130nwe.htm,2,06:35,3,5,NE 14,14,7,(6:35) (Shotgun) 12-T.Brady pass incomplete short middle to 28-J.White.,-0.506,-1.175
2017,Division,January 13,home,Tennessee Titans,https://www.pro-football-reference.com/boxscores/201801130nwe.htm,2,06:32,4,5,NE 14,14,7,"(6:32) (Punt formation) PENALTY on TEN-41-B.Trawick, Neutral Zone Infraction, 5 yards, enforced at NE 14 - No Play.",-1.681,2.497
2017,Division,January 13,home,Tennessee Titans,https://www.pro-football-reference.com/boxscores/201801130nwe.htm,2,06:32,1,10,NE 19,14,7,(6:32) 33-D.Lewis left end to NE 24 for 5 yards (31-K.Byard).,0.816,-0.141
2017,Division,January 13,home,Tennessee Titans,https://www.pro-football-reference.com/boxscores/201801130nwe.htm,2,05:50,2,5,NE 24,14,7,"(5:50) (Shotgun) 12-T.Brady pass incomplete short middle to 87-R.Gronkowski. PENALTY on TEN-37-J.Cyprien, Illegal Contact, 5 yards, enforced at NE 24 - No Play.",0.675,0.708
2017,Division,January 13,home,Tennessee Titans,https://www.pro-football-reference.com/boxscores/201801130nwe.htm,2,05:46,1,10,NE 29,14,7,(5:46) (Shotgun) 12-T.Brady pass incomplete deep left to 14-B.Cooks.,1.383,-0.449
2017,Division,January 13,home,Tennessee Titans,https://www.pro-football-reference.com/boxscores/201801130nwe.htm,2,05:40,2,10,NE 29,14,7,"(5:40) (Shotgun) 12-T.Brady pass short middle to 33-D.Lewis to NE 37 for 8 yards (54-A.Williamson, 59-W.Woodyard).",0.933,0.411
2017,Division,January 13,home,Tennessee Titans,https://www.pro-football-reference.com/boxscores/201801130nwe.htm,2,05:05,3,2,NE 37,14,7,(5:05) (Shotgun) 12-T.Brady pass short middle to 80-D.Amendola to NE 49 for 12 yards (37-J.Cyprien).,1.344,1.178
2017,Division,January 13,home,Tennessee Titans,https://www.pro-football-reference.com/boxscores/201801130nwe.htm,2,04:41,1,10,NE 49,14,7,"(4:41) (No Huddle, Shotgun) 12-T.Brady pass short left to 80-D.Amendola to TEN 45 for 6 yards (26-L.Ryan).",2.522,0.296
2017,Division,January 13,home,Tennessee Titans,https://www.pro-football-reference.com/boxscores/201801130nwe.htm,2,04:22,2,4,TEN 45,14,7,"(4:22) (No Huddle, Shotgun) 12-T.Brady pass incomplete short left to 14-B.Cooks.",2.818,-0.641
2017,Division,January 13,home,Tennessee Titans,https://www.pro-football-reference.com/boxscores/201801130nwe.htm,2,04:18,3,4,TEN 45,14,7,(4:18) (Shotgun) 12-T.Brady pass short left to 87-R.Gronkowski to TEN 38 for 7 yards (31-K.Byard).,2.177,1.134
2017,Division,January 13,home,Tennessee Titans,https://www.pro-football-reference.com/boxscores/201801130nwe.htm,2,03:50,1,10,TEN 38,14,7,"(3:50) (No Huddle) 28-J.White left end to TEN 33 for 5 yards (59-W.Woodyard, 25-A.Jackson).",3.311,0.021
2017,Division,January 13,home,Tennessee Titans,https://www.pro-football-reference.com/boxscores/201801130nwe.htm,2,03:07,2,5,TEN 33,14,7,"(3:07) (Shotgun) 12-T.Brady pass short middle to 87-R.Gronkowski to TEN 20 for 13 yards (37-J.Cyprien, 31-K.Byard).",3.332,0.900
2017,Division,January 13,home,Tennessee Titans,https://www.pro-football-reference.com/boxscores/201801130nwe.htm,2,02:41,1,10,TEN 20,14,7,"(2:41) (No Huddle, Shotgun) 12-T.Brady pass short middle to 80-D.Amendola to TEN 13 for 7 yards (59-W.Woodyard). PENALTY on TEN-93-E.Walden, Unnecessary Roughness, 7 yards, enforced at TEN 13.",4.232,1.175
2017,Division,January 13,home,Tennessee Titans,https://www.pro-football-reference.com/boxscores/201801130nwe.htm,2,02:18,1,6,TEN 6,14,7,(2:18) 33-D.Lewis left tackle to TEN 4 for 2 yards (96-S.Williams).,5.407,-0.055
2017,Division,January 13,home,Tennessee Titans,https://www.pro-football-reference.com/boxscores/201801130nwe.htm,2,02:00,2,4,TEN 4,14,7,(2:00) (Shotgun) 12-T.Brady pass incomplete short middle to 14-B.Cooks [98-B.Orakpo].,5.352,-0.950
2017,Division,January 13,home,Tennessee Titans,https://www.pro-football-reference.com/boxscores/201801130nwe.htm,2,01:56,3,4,TEN 4,20,7,"(1:56) (Shotgun) 12-T.Brady pass short left to 15-C.Hogan for 4 yards, TOUCHDOWN. NE 12-Brady 21st career postseason game with 2 pass TD, extends his NFL record (Favre, 15). NE 12-Brady 553rd career TD pass (including postseason), passes Favre for 2nd-most all-time (P. Manning 579).",4.402,2.598
2017,Division,January 13,home,Tennessee Titans,https://www.pro-football-reference.com/boxscores/201801130nwe.htm,2,01:52,,,TEN 15,21,7,"3-S.Gostkowski extra point is GOOD, Center-49-J.Cardona, Holder-6-R.Allen.",0.932,0.068
2017,Division,January 13,home,Tennessee Titans,https://www.pro-football-reference.com/boxscores/201801130nwe.htm,2,01:52,,,NE 35,21,7,"3-S.Gostkowski kicks 65 yards from NE 35 to end zone, Touchback.",0.684,0.000
2017,Division,January 13,home,Tennessee Titans,https://www.pro-football-reference.com/boxscores/201801130nwe.htm,2,01:52,1,10,TEN 25,21,7,(1:52) (Shotgun) 8-M.Mariota pass short right to 87-E.Decker ran ob at TEN 37 for 12 yards.,0.684,0.583
2017,Division,January 13,home,Tennessee Titans,https://www.pro-football-reference.com/boxscores/201801130nwe.htm,2,01:48,1,10,TEN 37,21,7,(1:48) (Shotgun) 8-M.Mariota pass short left to 82-D.Walker to TEN 41 for 4 yards (23-P.Chung). TEN-82-D.Walker was injured during the play.,1.267,-0.021
2017,Division,January 13,home,Tennessee Titans,https://www.pro-football-reference.com/boxscores/201801130nwe.htm,2,01:23,2,6,TEN 41,21,7,"(1:23) (No Huddle, Shotgun) PENALTY on TEN-81-J.Smith, False Start, 5 yards, enforced at TEN 41 - No Play. 10-second runoff",1.246,-0.417
2017,Division,January 13,home,Tennessee Titans,https://www.pro-football-reference.com/boxscores/201801130nwe.htm,2,01:02,2,11,TEN 36,21,7,(1:02) (Shotgun) 8-M.Mariota pass short right to 81-J.Smith to TEN 40 for 4 yards (25-E.Rowe).,0.829,0.010
2017,Division,January 13,home,Tennessee Titans,https://www.pro-football-reference.com/boxscores/201801130nwe.htm,2,00:50,,,TEN 40,21,7,Timeout #2 by TEN at 00:50.,0.839,0.000
2017,Division,January 13,home,Tennessee Titans,https://www.pro-football-reference.com/boxscores/201801130nwe.htm,2,00:50,3,7,TEN 40,21,7,"(:50) (Shotgun) 8-M.Mariota pass incomplete deep middle to 87-E.Decker. PENALTY on NE-25-E.Rowe, Illegal Contact, 5 yards, enforced at TEN 40 - No Play.",0.839,0.503
2017,Division,January 13,home,Tennessee Titans,https://www.pro-football-reference.com/boxscores/201801130nwe.htm,2,00:46,1,10,TEN 45,21,7,(:46) (Shotgun) 8-M.Mariota pass incomplete deep left to 13-T.Taylor.,1.342,-0.230
2017,Division,January 13,home,Tennessee Titans,https://www.pro-football-reference.com/boxscores/201801130nwe.htm,2,00:41,2,10,TEN 45,21,7,(:41) (Shotgun) 8-M.Mariota pass incomplete short left to 13-T.Taylor.,1.112,-0.259
2017,Division,January 13,home,Tennessee Titans,https://www.pro-football-reference.com/boxscores/201801130nwe.htm,2,00:33,3,10,TEN 45,21,7,(:33) (Shotgun) 8-M.Mariota scrambles left end pushed ob at NE 46 for 9 yards (32-D.McCourty).,0.853,-0.418
2017,Division,January 13,home,Tennessee Titans,https://www.pro-football-reference.com/boxscores/201801130nwe.htm,2,00:25,,,NE 46,21,7,Timeout #3 by TEN at 00:25.,0.435,0.000
2017,Division,January 13,home,Tennessee Titans,https://www.pro-football-reference.com/boxscores/201801130nwe.htm,2,00:25,4,1,NE 46,21,7,"(:25) 22-D.Henry left end to TEN 49 for -5 yards (21-M.Butler, 24-S.Gilmore).",0.435,-1.273
2017,Division,January 13,home,Tennessee Titans,https://www.pro-football-reference.com/boxscores/201801130nwe.htm,2,00:17,1,10,TEN 49,21,7,(:17) (Shotgun) 12-T.Brady pass short left to 28-J.White to TEN 46 for 3 yards (59-W.Woodyard; 37-J.Cyprien).,0.838,0.079
2017,Division,January 13,home,Tennessee Titans,https://www.pro-football-reference.com/boxscores/201801130nwe.htm,2,00:11,,,TEN 46,21,7,Timeout #1 by NE at 00:11.,0.917,0.000
2017,Division,January 13,home,Tennessee Titans,https://www.pro-football-reference.com/boxscores/201801130nwe.htm,2,00:11,2,7,TEN 46,21,7,(:11) (Shotgun) 12-T.Brady pass incomplete short right to 28-J.White [97-K.Klug].,0.917,-0.416
2017,Division,January 13,home,Tennessee Titans,https://www.pro-football-reference.com/boxscores/201801130nwe.htm,2,00:06,3,7,TEN 46,21,7,(:06) (Shotgun) 12-T.Brady pass short left to 80-D.Amendola to TEN 35 for 11 yards (26-L.Ryan).,0.501,1.262
2017,Division,January 13,home,Tennessee Titans,https://www.pro-football-reference.com/boxscores/201801130nwe.htm,2,00:01,,,TEN 35,21,7,Timeout #2 by NE at 00:01.,1.762,0.000
2017,Division,January 13,home,Tennessee Titans,https://www.pro-football-reference.com/boxscores/201801130nwe.htm,2,00:01,1,10,TEN 35,21,7,"(:01) 3-S.Gostkowski 53 yard field goal is No Good, Wide Left, Center-49-J.Cardona, Holder-6-R.Allen.",1.762,-1.762
2017,Division,January 13,home,Tennessee Titans,https://www.pro-football-reference.com/boxscores/201801130nwe.htm,3,15:00,,,NE 35,21,7,3-S.Gostkowski kicks 53 yards from NE 35 to TEN 12. 25-A.Jackson ran ob at TEN 25 for 13 yards.,0.651,0.019
2017,Division,January 13,home,Tennessee Titans,https://www.pro-football-reference.com/boxscores/201801130nwe.htm,3,14:56,1,10,TEN 25,21,7,(14:56) (Shotgun) 8-M.Mariota pass short right to 18-R.Matthews pushed ob at TEN 32 for 7 yards (53-K.Van Noy).,0.670,0.393
2017,Division,January 13,home,Tennessee Titans,https://www.pro-football-reference.com/boxscores/201801130nwe.htm,3,14:25,2,3,TEN 32,21,7,"(14:25) 22-D.Henry left end ran ob at TEN 36 for 4 yards. PENALTY on TEN-81-J.Smith, Offensive Holding, 10 yards, enforced at TEN 32 - No Play.",1.063,-1.641
2017,Division,January 13,home,Tennessee Titans,https://www.pro-football-reference.com/boxscores/201801130nwe.htm,3,13:58,2,13,TEN 22,21,7,(13:58) (Shotgun) 8-M.Mariota pass short left to 87-E.Decker pushed ob at TEN 28 for 6 yards (21-M.Butler).,-0.579,0.244
2017,Division,January 13,home,Tennessee Titans,https://www.pro-football-reference.com/boxscores/201801130nwe.htm,3,13:24,3,7,TEN 28,21,7,(13:24) (Shotgun) 8-M.Mariota sacked at TEN 23 for -5 yards (70-A.Butler).,-0.334,-2.019
2017,Division,January 13,home,Tennessee Titans,https://www.pro-football-reference.com/boxscores/201801130nwe.htm,3,12:41,4,12,TEN 23,21,7,"(12:41) 6-B.Kern punts 62 yards to NE 15, Center-48-B.Brinkley. 80-D.Amendola to NE 25 for 10 yards (53-D.Bates).",-2.353,0.903
2017,Division,January 13,home,Tennessee Titans,https://www.pro-football-reference.com/boxscores/201801130nwe.htm,3,12:30,1,10,NE 25,21,7,(12:30) 12-T.Brady pass short left to 33-D.Lewis to NE 34 for 9 yards (54-A.Williamson) [98-B.Orakpo].,1.450,0.780
2017,Division,January 13,home,Tennessee Titans,https://www.pro-football-reference.com/boxscores/201801130nwe.htm,3,11:56,2,1,NE 34,21,7,(11:56) (No Huddle) 33-D.Lewis right guard to NE 44 for 10 yards (26-L.Ryan).,2.230,0.412
2017,Division,January 13,home,Tennessee Titans,https://www.pro-football-reference.com/boxscores/201801130nwe.htm,3,11:31,1,10,NE 44,21,7,(11:31) (No Huddle) 12-T.Brady pass incomplete short left to 80-D.Amendola.,2.642,-0.431
2017,Division,January 13,home,Tennessee Titans,https://www.pro-football-reference.com/boxscores/201801130nwe.htm,3,11:29,2,10,NE 44,21,7,"(11:29) 12-T.Brady pass short middle to 33-D.Lewis to NE 41 for -3 yards (94-A.Johnson, 59-W.Woodyard). NE-68-L.Waddle was injured during the play.",2.210,-1.452
2017,Division,January 13,home,Tennessee Titans,https://www.pro-football-reference.com/boxscores/201801130nwe.htm,3,10:54,3,13,NE 41,21,7,(10:54) (Shotgun) 12-T.Brady pass incomplete short right to 28-J.White.,0.758,-1.230
2017,Division,January 13,home,Tennessee Titans,https://www.pro-football-reference.com/boxscores/201801130nwe.htm,3,10:46,4,13,NE 41,21,7,"(10:46) 6-R.Allen punts 36 yards to TEN 23, Center-49-J.Cardona, downed by NE-59-M.Flowers.",-0.472,0.008
2017,Division,January 13,home,Tennessee Titans,https://www.pro-football-reference.com/boxscores/201801130nwe.htm,3,10:36,1,10,TEN 23,21,7,"(10:36) PENALTY on TEN-87-E.Decker, False Start, 5 yards, enforced at TEN 23 - No Play.",0.464,-0.684
2017,Division,January 13,home,Tennessee Titans,https://www.pro-football-reference.com/boxscores/201801130nwe.htm,3,10:36,1,15,TEN 18,21,7,(10:36) 8-M.Mariota sacked at TEN 10 for -8 yards (94-R.Jean Francois).,-0.221,-1.329
2017,Division,January 13,home,Tennessee Titans,https://www.pro-football-reference.com/boxscores/201801130nwe.htm,3,09:58,2,23,TEN 10,21,7,(9:58) (Shotgun) 8-M.Mariota sacked at TEN 2 for -8 yards (59-M.Flowers).,-1.550,-1.061
2017,Division,January 13,home,Tennessee Titans,https://www.pro-football-reference.com/boxscores/201801130nwe.htm,3,09:13,3,31,TEN 2,21,7,"(9:13) (Shotgun) 8-M.Mariota pass short middle to 22-D.Henry to TEN 16 for 14 yards (59-M.Flowers, 23-P.Chung).",-2.611,0.010
2017,Division,January 13,home,Tennessee Titans,https://www.pro-football-reference.com/boxscores/201801130nwe.htm,3,08:34,4,17,TEN 16,21,7,"(8:34) 6-B.Kern punts 40 yards to NE 44, Center-48-B.Brinkley, fair catch by 80-D.Amendola.",-2.601,-0.044
2017,Division,January 13,home,Tennessee Titans,https://www.pro-football-reference.com/boxscores/201801130nwe.htm,3,08:22,1,10,NE 44,21,7,"(8:22) 12-T.Brady pass deep left to 87-R.Gronkowski to TEN 29 for 27 yards (37-J.Cyprien). NE 87-Gronkowski 815 career postseason rec yds, passes Shannon Sharpe (814) for 3rd all-time by a TE.",2.645,1.520
2017,Division,January 13,home,Tennessee Titans,https://www.pro-football-reference.com/boxscores/201801130nwe.htm,3,07:42,1,10,TEN 29,21,7,(7:42) 12-T.Brady pass incomplete short middle to 33-D.Lewis.,4.166,-0.385
2017,Division,January 13,home,Tennessee Titans,https://www.pro-football-reference.com/boxscores/201801130nwe.htm,3,07:37,2,10,TEN 29,21,7,(7:37) (Shotgun) 12-T.Brady pass short middle to 14-B.Cooks to TEN 22 for 7 yards (25-A.Jackson).,3.781,0.169
2017,Division,January 13,home,Tennessee Titans,https://www.pro-football-reference.com/boxscores/201801130nwe.htm,3,07:01,3,3,TEN 22,21,7,(7:01) (Shotgun) 12-T.Brady pass short middle to 80-D.Amendola to TEN 15 for 7 yards (31-K.Byard).,3.950,1.062
2017,Division,January 13,home,Tennessee Titans,https://www.pro-football-reference.com/boxscores/201801130nwe.htm,3,06:18,1,10,TEN 15,21,7,"(6:18) 33-D.Lewis left tackle to TEN 12 for 3 yards (96-S.Williams, 99-J.Casey).",5.012,-0.248
2017,Division,January 13,home,Tennessee Titans,https://www.pro-football-reference.com/boxscores/201801130nwe.htm,3,05:34,,,TEN 12,21,7,Timeout #1 by NE at 05:34.,4.763,0.000
2017,Division,January 13,home,Tennessee Titans,https://www.pro-football-reference.com/boxscores/201801130nwe.htm,3,05:34,2,7,TEN 12,21,7,"(5:34) (Shotgun) 12-T.Brady pass short left to 80-D.Amendola to TEN 6 for 6 yards (26-L.Ryan, 54-A.Williamson).",4.763,0.418
2017,Division,January 13,home,Tennessee Titans,https://www.pro-football-reference.com/boxscores/201801130nwe.htm,3,04:53,3,1,TEN 6,21,7,"(4:53) 38-B.Bolden left end to TEN 2 for 4 yards (59-W.Woodyard, 54-A.Williamson).",5.182,1.117
2017,Division,January 13,home,Tennessee Titans,https://www.pro-football-reference.com/boxscores/201801130nwe.htm,3,04:12,1,2,TEN 2,21,7,(4:12) (Shotgun) 12-T.Brady pass incomplete short right to 80-D.Amendola.,6.299,-0.414
2017,Division,January 13,home,Tennessee Titans,https://www.pro-football-reference.com/boxscores/201801130nwe.htm,3,04:04,2,2,TEN 2,27,7,"(4:04) 38-B.Bolden up the middle for 2 yards, TOUCHDOWN.",5.885,1.115
2017,Division,January 13,home,Tennessee Titans,https://www.pro-football-reference.com/boxscores/201801130nwe.htm,3,04:02,,,TEN 15,28,7,"3-S.Gostkowski extra point is GOOD, Center-49-J.Cardona, Holder-6-R.Allen.",0.932,0.068
2017,Division,January 13,home,Tennessee Titans,https://www.pro-football-reference.com/boxscores/201801130nwe.htm,3,04:02,,,NE 35,28,7,"3-S.Gostkowski kicks 65 yards from NE 35 to TEN 0. 25-A.Jackson to TEN 21 for 21 yards (18-M.Slater). TEN-81-J.Smith was injured during the play. He is Out.  PENALTY on NE-36-B.King, Unnecessary Roughness, 15 yards, enforced at TEN 21.",0.794,0.739
2017,Division,January 13,home,Tennessee Titans,https://www.pro-football-reference.com/boxscores/201801130nwe.htm,3,03:55,1,10,TEN 36,28,7,"(3:55) (Shotgun) PENALTY on TEN-13-T.Taylor, False Start, 5 yards, enforced at TEN 36 - No Play.",1.534,-0.748
2017,Division,January 13,home,Tennessee Titans,https://www.pro-football-reference.com/boxscores/201801130nwe.htm,3,03:55,1,15,TEN 31,28,7,(3:55) (Shotgun) 8-M.Mariota sacked at TEN 24 for -7 yards (98-T.Flowers).,0.786,-1.130
2017,Division,January 13,home,Tennessee Titans,https://www.pro-football-reference.com/boxscores/201801130nwe.htm,3,03:15,2,22,TEN 24,28,7,(3:15) (Shotgun) 8-M.Mariota pass incomplete short right to 18-R.Matthews.,-0.344,-0.757
2017,Division,January 13,home,Tennessee Titans,https://www.pro-football-reference.com/boxscores/201801130nwe.htm,3,03:08,3,22,TEN 24,28,7,(3:08) (Shotgun) 8-M.Mariota pass short left to 22-D.Henry to TEN 30 for 6 yards (23-P.Chung).,-1.101,-0.526
2017,Division,January 13,home,Tennessee Titans,https://www.pro-football-reference.com/boxscores/201801130nwe.htm,3,02:27,4,16,TEN 30,28,7,"(2:27) 6-B.Kern punts 51 yards to NE 19, Center-48-B.Brinkley, fair catch by 80-D.Amendola. PENALTY on NE-50-N.Grigsby, Offensive Holding, 9 yards, enforced at NE 19.",-1.627,1.542
2017,Division,January 13,home,Tennessee Titans,https://www.pro-football-reference.com/boxscores/201801130nwe.htm,3,02:20,1,10,NE 10,28,7,(2:20) (Shotgun) 12-T.Brady pass incomplete short right to 87-R.Gronkowski (94-A.Johnson).,0.085,-0.508
2017,Division,January 13,home,Tennessee Titans,https://www.pro-football-reference.com/boxscores/201801130nwe.htm,3,02:17,2,10,NE 10,28,7,(2:17) 33-D.Lewis up the middle to NE 15 for 5 yards (54-A.Williamson).,-0.423,-0.221
2017,Division,January 13,home,Tennessee Titans,https://www.pro-football-reference.com/boxscores/201801130nwe.htm,3,01:38,3,5,NE 15,28,7,(1:38) (Shotgun) 12-T.Brady pass short middle to 28-J.White to NE 29 for 14 yards (55-J.Brown).,-0.644,2.144
2017,Division,January 13,home,Tennessee Titans,https://www.pro-football-reference.com/boxscores/201801130nwe.htm,3,01:00,1,10,NE 29,28,7,(1:00) 33-D.Lewis left guard to NE 31 for 2 yards (96-S.Williams).,1.501,-0.441
2017,Division,January 13,home,Tennessee Titans,https://www.pro-football-reference.com/boxscores/201801130nwe.htm,3,00:20,2,8,NE 31,28,7,"(:20) 12-T.Brady pass deep middle to 80-D.Amendola to TEN 44 for 25 yards (25-A.Jackson). Penalty on TEN-31-K.Byard, Illegal Contact, declined. NE 80-Amendola 1st career postseason 100-yard game.",1.059,2.039
2017,Division,January 13,home,Tennessee Titans,https://www.pro-football-reference.com/boxscores/201801130nwe.htm,4,15:00,1,10,TEN 44,28,7,(15:00) 12-T.Brady pass incomplete deep left to 87-R.Gronkowski (54-A.Williamson).,3.098,-0.446
2017,Division,January 13,home,Tennessee Titans,https://www.pro-football-reference.com/boxscores/201801130nwe.htm,4,14:54,2,10,TEN 44,28,7,"(14:54) (Shotgun) 12-T.Brady pass short left to 87-R.Gronkowski to TEN 28 for 16 yards (31-K.Byard). NE 12-Brady 13th career 300-yard postseason game, extends NFL record (Peyton Manning 9).",2.652,1.428
2017,Division,January 13,home,Tennessee Titans,https://www.pro-football-reference.com/boxscores/201801130nwe.htm,4,14:23,1,10,TEN 28,28,7,(14:23) (No Huddle) 28-J.White left tackle to TEN 28 for no gain (33-T.Smith).,4.080,-0.364
2017,Division,January 13,home,Tennessee Titans,https://www.pro-football-reference.com/boxscores/201801130nwe.htm,4,13:49,2,10,TEN 28,28,7,(13:49) 12-T.Brady pass incomplete short middle to 15-C.Hogan (55-J.Brown).,3.716,-0.610
2017,Division,January 13,home,Tennessee Titans,https://www.pro-football-reference.com/boxscores/201801130nwe.htm,4,13:45,3,10,TEN 28,28,7,(13:45) (Shotgun) 12-T.Brady pass short left to 80-D.Amendola to TEN 16 for 12 yards (26-L.Ryan).,3.105,1.667
2017,Division,January 13,home,Tennessee Titans,https://www.pro-football-reference.com/boxscores/201801130nwe.htm,4,13:06,1,10,TEN 16,28,7,(13:06) 33-D.Lewis right tackle to TEN 13 for 3 yards (99-J.Casey).,4.772,-0.073
2017,Division,January 13,home,Tennessee Titans,https://www.pro-football-reference.com/boxscores/201801130nwe.htm,4,12:24,2,7,TEN 13,28,7,(12:24) (Shotgun) 12-T.Brady pass short right to 33-D.Lewis ran ob at TEN 7 for 6 yards (91-D.Morgan).,4.699,0.353
2017,Division,January 13,home,Tennessee Titans,https://www.pro-football-reference.com/boxscores/201801130nwe.htm,4,12:00,3,1,TEN 7,28,7,(12:00) 12-T.Brady up the middle to TEN 5 for 2 yards (94-A.Johnson).,5.052,0.700
2017,Division,January 13,home,Tennessee Titans,https://www.pro-football-reference.com/boxscores/201801130nwe.htm,4,11:02,1,5,TEN 5,28,7,(11:02) (Shotgun) 12-T.Brady pass short right to 33-D.Lewis to TEN 4 for 1 yard (59-W.Woodyard).,5.752,-0.299
2017,Division,January 13,home,Tennessee Titans,https://www.pro-football-reference.com/boxscores/201801130nwe.htm,4,10:26,2,4,TEN 4,34,7,"(10:26) (Shotgun) 12-T.Brady pass short right to 87-R.Gronkowski for 4 yards, TOUCHDOWN. NE 12-Brady 10th career postseason game with 3 pass TD, most all-time (Montana 9). NE 87-Gronkowski 10th career postseason TD, ties 5 others for 3rd all-time.  Extends his NFL record for postseason TD by a TE and his Patriots record postseason TD. NE 87-Gronkowski 835 career postseason rec yds, passes Keith Jackson (834) for 2nd all-time by a TE.",5.453,1.547
2017,Division,January 13,home,Tennessee Titans,https://www.pro-football-reference.com/boxscores/201801130nwe.htm,4,10:22,,,TEN 15,35,7,"3-S.Gostkowski extra point is GOOD, Center-49-J.Cardona, Holder-6-R.Allen.",0.932,0.068
2017,Division,January 13,home,Tennessee Titans,https://www.pro-football-reference.com/boxscores/201801130nwe.htm,4,10:22,,,NE 35,35,7,"3-S.Gostkowski kicks 65 yards from NE 35 to end zone, Touchback.",1.013,0.000
2017,Division,January 13,home,Tennessee Titans,https://www.pro-football-reference.com/boxscores/201801130nwe.htm,4,10:22,1,10,TEN 25,35,7,(10:22) (Shotgun) 8-M.Mariota pass short right to 84-C.Davis pushed ob at TEN 34 for 9 yards (25-E.Rowe).,1.013,0.640
2017,Division,January 13,home,Tennessee Titans,https://www.pro-football-reference.com/boxscores/201801130nwe.htm,4,09:47,2,1,TEN 34,35,7,"(9:47) (No Huddle, Shotgun) 8-M.Mariota pass incomplete short right to 82-D.Walker.",1.653,-0.428
2017,Division,January 13,home,Tennessee Titans,https://www.pro-football-reference.com/boxscores/201801130nwe.htm,4,09:42,3,1,TEN 34,35,7,"(9:42) (No Huddle, Shotgun) 22-D.Henry up the middle to TEN 38 for 4 yards (59-M.Flowers).",1.226,0.496
2017,Division,January 13,home,Tennessee Titans,https://www.pro-football-reference.com/boxscores/201801130nwe.htm,4,09:21,1,10,TEN 38,35,7,"(9:21) (No Huddle, Shotgun) 8-M.Mariota pass incomplete deep right to 18-R.Matthews.",1.722,-0.436
2017,Division,January 13,home,Tennessee Titans,https://www.pro-football-reference.com/boxscores/201801130nwe.htm,4,09:15,2,10,TEN 38,35,7,"(9:15) (Shotgun) 8-M.Mariota sacked at TEN 30 for -8 yards (91-D.Wise). Penalty on TEN-67-Q.Spain, Illegal Use of Hands, declined.",1.286,-1.614
2017,Division,January 13,home,Tennessee Titans,https://www.pro-football-reference.com/boxscores/201801130nwe.htm,4,08:53,3,18,TEN 30,35,7,(8:53) (Shotgun) 8-M.Mariota pass short middle to 82-D.Walker to TEN 39 for 9 yards (25-E.Rowe; 37-J.Richards).,-0.328,-0.358
2017,Division,January 13,home,Tennessee Titans,https://www.pro-football-reference.com/boxscores/201801130nwe.htm,4,08:14,4,9,TEN 39,35,7,"(8:14) 6-B.Kern punts 39 yards to NE 22, Center-48-B.Brinkley, fair catch by 80-D.Amendola.",-0.686,-0.292
2017,Division,January 13,home,Tennessee Titans,https://www.pro-football-reference.com/boxscores/201801130nwe.htm,4,08:06,1,10,NE 22,35,7,(8:06) 38-B.Bolden right end pushed ob at NE 42 for 20 yards (37-J.Cyprien).,0.977,1.285
2017,Division,January 13,home,Tennessee Titans,https://www.pro-football-reference.com/boxscores/201801130nwe.htm,4,07:28,1,10,NE 42,35,7,"(7:28) 38-B.Bolden up the middle to NE 43 for 1 yard (37-J.Cyprien, 96-S.Williams).",2.262,-0.456
2017,Division,January 13,home,Tennessee Titans,https://www.pro-football-reference.com/boxscores/201801130nwe.htm,4,06:49,2,9,NE 43,35,7,"(6:49) (Shotgun) 12-T.Brady pass short left to 47-J.Hollister to NE 43 for no gain (96-S.Williams, 98-B.Orakpo). TEN-97-K.Klug was injured during the play.",1.806,-0.729
2017,Division,January 13,home,Tennessee Titans,https://www.pro-football-reference.com/boxscores/201801130nwe.htm,4,06:06,3,9,NE 43,35,7,(6:06) (Shotgun) 12-T.Brady pass incomplete deep left to 14-B.Cooks (21-D.Searcy).,1.077,-1.462
2017,Division,January 13,home,Tennessee Titans,https://www.pro-football-reference.com/boxscores/201801130nwe.htm,4,05:57,4,9,NE 43,35,7,"(5:57) 6-R.Allen punts 57 yards to end zone, Center-49-J.Cardona, Touchback.",-0.385,-0.285
2017,Division,January 13,home,Tennessee Titans,https://www.pro-football-reference.com/boxscores/201801130nwe.htm,4,05:48,1,10,TEN 20,35,7,(5:48) (Shotgun) 8-M.Mariota pass incomplete short left to 82-D.Walker.,0.669,-0.496
2017,Division,January 13,home,Tennessee Titans,https://www.pro-football-reference.com/boxscores/201801130nwe.htm,4,05:43,2,10,TEN 20,35,7,(5:43) (Shotgun) 8-M.Mariota scrambles left end pushed ob at TEN 26 for 6 yards (59-M.Flowers).,0.173,-0.010
2017,Division,January 13,home,Tennessee Titans,https://www.pro-football-reference.com/boxscores/201801130nwe.htm,4,05:15,3,4,TEN 26,35,7,"(5:15) (Shotgun) 8-M.Mariota pass short right to 87-E.Decker to TEN 38 for 12 yards (31-J.Jones). Penalty on NE-31-J.Jones, Defensive Holding, declined.",0.163,1.510
2017,Division,January 13,home,Tennessee Titans,https://www.pro-football-reference.com/boxscores/201801130nwe.htm,4,04:54,1,10,TEN 38,35,7,(4:54) (Shotgun) 8-M.Mariota pass incomplete deep middle to 82-D.Walker.,1.674,-0.441
2017,Division,January 13,home,Tennessee Titans,https://www.pro-football-reference.com/boxscores/201801130nwe.htm,4,04:46,2,10,TEN 38,35,7,"(4:46) (Shotgun) 8-M.Mariota pass short left to 18-R.Matthews pushed ob at 50 for 12 yards (21-M.Butler). Penalty on NE-21-M.Butler, Defensive Holding, declined.",1.233,1.296
2017,Division,January 13,home,Tennessee Titans,https://www.pro-football-reference.com/boxscores/201801130nwe.htm,4,04:40,1,10,MID 50,35,7,(4:40) (Shotgun) 8-M.Mariota pass incomplete short left to 84-C.Davis.,2.529,-0.444
2017,Division,January 13,home,Tennessee Titans,https://www.pro-football-reference.com/boxscores/201801130nwe.htm,4,04:35,2,10,MID 50,35,7,(4:35) (Shotgun) 8-M.Mariota pass incomplete short right to 18-R.Matthews.,2.085,-0.676
2017,Division,January 13,home,Tennessee Titans,https://www.pro-football-reference.com/boxscores/201801130nwe.htm,4,04:25,3,10,MID 50,35,7,"(4:25) (Shotgun) 8-M.Mariota pass deep left to 87-E.Decker ran ob at NE 28 for 22 yards. NE-31-J.Jones was injured during the play.  New England challenged the pass completion ruling, and the play was Upheld. The ruling on the field stands. (Timeout #2.)",1.410,2.408
2017,Division,January 13,home,Tennessee Titans,https://www.pro-football-reference.com/boxscores/201801130nwe.htm,4,04:15,1,10,NE 28,35,7,(4:15) (Shotgun) 8-M.Mariota sacked at NE 40 for -12 yards (96-G.Grissom).,3.818,-1.818
2017,Division,January 13,home,Tennessee Titans,https://www.pro-football-reference.com/boxscores/201801130nwe.htm,4,03:30,2,22,NE 40,35,7,(3:30) (Shotgun) 8-M.Mariota pass short left to 87-E.Decker ran ob at NE 29 for 11 yards.,1.999,0.532
2017,Division,January 13,home,Tennessee Titans,https://www.pro-football-reference.com/boxscores/201801130nwe.htm,4,03:25,3,11,NE 29,35,7,(3:25) (Shotgun) 8-M.Mariota pass incomplete deep right to 18-R.Matthews.,2.531,-0.793
2017,Division,January 13,home,Tennessee Titans,https://www.pro-football-reference.com/boxscores/201801130nwe.htm,4,03:19,4,11,NE 29,35,7,(3:19) (Shotgun) 8-M.Mariota pass deep left to 84-C.Davis ran ob at NE 12 for 17 yards.,1.739,3.150
2017,Division,January 13,home,Tennessee Titans,https://www.pro-football-reference.com/boxscores/201801130nwe.htm,4,03:13,1,10,NE 12,35,7,"(3:13) (No Huddle, Shotgun) 8-M.Mariota pass incomplete short right to 22-D.Henry.",4.888,-0.467
2017,Division,January 13,home,Tennessee Titans,https://www.pro-football-reference.com/boxscores/201801130nwe.htm,4,03:08,2,10,NE 12,35,7,"(3:08) (Shotgun) 8-M.Mariota sacked at NE 12 for 0 yards (96-G.Grissom). NE 8 sacks, franchise postseason record.",4.422,-0.848
2017,Division,January 13,home,Tennessee Titans,https://www.pro-football-reference.com/boxscores/201801130nwe.htm,4,02:29,3,10,NE 12,35,7,(2:29) (Shotgun) 8-M.Mariota pass short left to 22-D.Henry to NE 11 for 1 yard (50-N.Grigsby).,3.574,-0.874
2017,Division,January 13,home,Tennessee Titans,https://www.pro-football-reference.com/boxscores/201801130nwe.htm,4,02:00,4,9,NE 11,35,13,"(2:00) (Shotgun) 8-M.Mariota pass short left to 84-C.Davis for 11 yards, TOUCHDOWN.",2.700,4.300
2017,Division,January 13,home,Tennessee Titans,https://www.pro-football-reference.com/boxscores/201801130nwe.htm,4,01:55,,,NE 15,35,14,"4-R.Succop extra point is GOOD, Center-48-B.Brinkley, Holder-6-B.Kern.",0.932,0.068
2017,Division,January 13,home,Tennessee Titans,https://www.pro-football-reference.com/boxscores/201801130nwe.htm,4,01:55,,,TEN 35,35,14,"(Onside Kick formation) 4-R.Succop kicks onside 8 yards from TEN 35 to TEN 43. 59-M.Flowers (didn't try to advance) to TEN 43 for no gain. PENALTY on TEN-53-D.Bates, Offside on Free Kick, 5 yards, enforced at TEN 43.",0.983,2.017
2017,Division,January 13,home,Tennessee Titans,https://www.pro-football-reference.com/boxscores/201801130nwe.htm,4,01:54,1,10,TEN 38,35,14,(1:54) NE 2-Hoyer now at QB. 2-B.Hoyer kneels to TEN 38 for no gain.,3.001,-0.384
2017,Division,January 13,home,Tennessee Titans,https://www.pro-football-reference.com/boxscores/201801130nwe.htm,4,01:12,2,10,TEN 38,35,14,(1:12) 2-B.Hoyer kneels to TEN 39 for -1 yards.,2.617,-0.613
2017,Division,January 13,home,Tennessee Titans,https://www.pro-football-reference.com/boxscores/201801130nwe.htm,4,00:36,3,11,TEN 39,35,14,(:36) 2-B.Hoyer kneels to TEN 39 for no gain.,2.004,-2.004
2017,Conf. Champ.,January 21,home,Jacksonville Jaguars,https://www.pro-football-reference.com/boxscores/201801210nwe.htm,1,15:00,,,JAX 35,0,0,"4-J.Lambo kicks 65 yards from JAX 35 to end zone, Touchback. Patriots 14th conference title game appearance, ties Dallas for 3rd all-time (Pittsburgh 16 & SF 15). Patriots 7th-straight conference title game appearance, extends NFL record. NE Belichick 12th conference championship game & 38th postseason game as a head coach, extends NFL records.",1.457,0.000
2017,Conf. Champ.,January 21,home,Jacksonville Jaguars,https://www.pro-football-reference.com/boxscores/201801210nwe.htm,1,15:00,1,10,NE 25,0,0,"(15:00) (Shotgun) 12-T.Brady pass short right to 33-D.Lewis to NE 30 for 5 yards (50-T.Smith). NE 12-Brady 36th career postseason game, extends his NFL record. NE 12-Brady 36th career postseason QB start, extends his NFL record.",1.457,0.056
2017,Conf. Champ.,January 21,home,Jacksonville Jaguars,https://www.pro-football-reference.com/boxscores/201801210nwe.htm,1,14:18,2,5,NE 30,0,0,(14:18) (Shotgun) 12-T.Brady pass deep right to 14-B.Cooks to JAX 39 for 31 yards (50-T.Smith).,1.513,2.132
2017,Conf. Champ.,January 21,home,Jacksonville Jaguars,https://www.pro-football-reference.com/boxscores/201801210nwe.htm,1,13:47,1,10,JAX 39,0,0,"(13:47) (No Huddle, Shotgun) 12-T.Brady scrambles right end ran ob at JAX 38 for 1 yard.",3.645,-0.409
2017,Conf. Champ.,January 21,home,Jacksonville Jaguars,https://www.pro-football-reference.com/boxscores/201801210nwe.htm,1,13:10,2,9,JAX 38,0,0,(13:10) 34-R.Burkhead left end to JAX 33 for 5 yards (44-M.Jack). reverse,3.236,0.039
2017,Conf. Champ.,January 21,home,Jacksonville Jaguars,https://www.pro-football-reference.com/boxscores/201801210nwe.htm,1,12:33,3,4,JAX 33,0,0,(12:33) (Shotgun) 12-T.Brady pass short right to 15-C.Hogan to JAX 30 for 3 yards (20-J.Ramsey).,3.275,-0.774
2017,Conf. Champ.,January 21,home,Jacksonville Jaguars,https://www.pro-football-reference.com/boxscores/201801210nwe.htm,1,11:49,,,JAX 30,0,0,Timeout #1 by NE at 11:49.,2.501,0.000
2017,Conf. Champ.,January 21,home,Jacksonville Jaguars,https://www.pro-football-reference.com/boxscores/201801210nwe.htm,1,11:49,4,1,JAX 30,0,0,(11:49) (Shotgun) 12-T.Brady pass deep left to 80-D.Amendola ran ob at JAX 10 for 20 yards.,2.501,2.619
2017,Conf. Champ.,January 21,home,Jacksonville Jaguars,https://www.pro-football-reference.com/boxscores/201801210nwe.htm,1,11:21,1,10,JAX 10,0,0,(11:21) (Shotgun) 12-T.Brady pass short left to 33-D.Lewis to JAX 12 for -2 yards (42-B.Church).,5.120,-0.787
2017,Conf. Champ.,January 21,home,Jacksonville Jaguars,https://www.pro-football-reference.com/boxscores/201801210nwe.htm,1,10:46,2,12,JAX 12,0,0,(10:46) (Shotgun) 12-T.Brady pass short left to 33-D.Lewis to JAX 12 for no gain (50-T.Smith).,4.333,-0.729
2017,Conf. Champ.,January 21,home,Jacksonville Jaguars,https://www.pro-football-reference.com/boxscores/201801210nwe.htm,1,10:02,3,12,JAX 12,0,0,(10:02) (Shotgun) 12-T.Brady sacked at JAX 13 for -1 yards (56-D.Fowler).,3.604,-0.806
2017,Conf. Champ.,January 21,home,Jacksonville Jaguars,https://www.pro-football-reference.com/boxscores/201801210nwe.htm,1,09:25,4,13,JAX 13,3,0,"(9:25) 3-S.Gostkowski 31 yard field goal is GOOD, Center-49-J.Cardona, Holder-6-R.Allen. NE 3-Gostkowski 24th consecutive postseason game with a point, ties Akers for 2nd all-time (Vinatieri 30). NE 3-Gostkowski 32nd career postseason FG, tied for 3rd all-time (Gary Anderson).",2.797,0.203
2017,Conf. Champ.,January 21,home,Jacksonville Jaguars,https://www.pro-football-reference.com/boxscores/201801210nwe.htm,1,09:21,,,NE 35,3,0,3-S.Gostkowski kicks 64 yards from NE 35 to JAX 1. 30-C.Grant to JAX 26 for 25 yards (96-G.Grissom).,0.787,0.036
2017,Conf. Champ.,January 21,home,Jacksonville Jaguars,https://www.pro-football-reference.com/boxscores/201801210nwe.htm,1,09:14,1,10,JAX 26,3,0,"(9:14) 27-L.Fournette left tackle to JAX 28 for 2 yards (94-R.Jean Francois, 53-K.Van Noy).",0.823,-0.462
2017,Conf. Champ.,January 21,home,Jacksonville Jaguars,https://www.pro-football-reference.com/boxscores/201801210nwe.htm,1,08:35,2,8,JAX 28,3,0,(8:35) 5-B.Bortles pass short right to 27-L.Fournette to JAX 36 for 8 yards (21-M.Butler).,0.361,1.162
2017,Conf. Champ.,January 21,home,Jacksonville Jaguars,https://www.pro-football-reference.com/boxscores/201801210nwe.htm,1,07:48,1,10,JAX 36,3,0,"(7:48) 27-L.Fournette left tackle to JAX 39 for 3 yards (98-T.Flowers, 23-P.Chung).",1.524,-0.246
2017,Conf. Champ.,January 21,home,Jacksonville Jaguars,https://www.pro-football-reference.com/boxscores/201801210nwe.htm,1,07:11,2,7,JAX 39,3,0,(7:11) 5-B.Bortles pass short right to 27-L.Fournette pushed ob at JAX 44 for 5 yards (98-T.Flowers).,1.277,0.108
2017,Conf. Champ.,January 21,home,Jacksonville Jaguars,https://www.pro-football-reference.com/boxscores/201801210nwe.htm,1,06:31,3,2,JAX 44,3,0,(6:31) (Shotgun) 5-B.Bortles pass short right to 88-A.Hurns pushed ob at JAX 47 for 3 yards (92-J.Harrison).,1.385,0.927
2017,Conf. Champ.,January 21,home,Jacksonville Jaguars,https://www.pro-football-reference.com/boxscores/201801210nwe.htm,1,06:01,1,10,JAX 47,3,0,"(6:01) 24-T.Yeldon left tackle to JAX 49 for 2 yards (94-R.Jean Francois, 23-P.Chung).",2.312,-0.425
2017,Conf. Champ.,January 21,home,Jacksonville Jaguars,https://www.pro-football-reference.com/boxscores/201801210nwe.htm,1,05:20,2,8,JAX 49,3,0,(5:20) (Shotgun) 5-B.Bortles pass incomplete deep left to 24-T.Yeldon (53-K.Van Noy) [98-T.Flowers].,1.888,-0.824
2017,Conf. Champ.,January 21,home,Jacksonville Jaguars,https://www.pro-football-reference.com/boxscores/201801210nwe.htm,1,05:14,3,8,JAX 49,3,0,(5:14) (Shotgun) 5-B.Bortles pass incomplete short left to 11-M.Lee (21-M.Butler).,1.064,-1.639
2017,Conf. Champ.,January 21,home,Jacksonville Jaguars,https://www.pro-football-reference.com/boxscores/201801210nwe.htm,1,05:09,4,8,JAX 49,3,0,"(5:09) 3-B.Nortman punts 37 yards to NE 14, Center-49-C.Holba, fair catch by 80-D.Amendola.",-0.575,0.209
2017,Conf. Champ.,January 21,home,Jacksonville Jaguars,https://www.pro-football-reference.com/boxscores/201801210nwe.htm,1,05:01,1,10,NE 14,3,0,(5:01) 12-T.Brady pass short left to 14-B.Cooks pushed ob at NE 25 for 11 yards (21-A.Bouye).,0.365,0.846
2017,Conf. Champ.,January 21,home,Jacksonville Jaguars,https://www.pro-football-reference.com/boxscores/201801210nwe.htm,1,04:40,1,10,NE 25,3,0,(4:40) (Shotgun) 33-D.Lewis up the middle to NE 29 for 4 yards (95-A.Jones).,1.212,-0.049
2017,Conf. Champ.,January 21,home,Jacksonville Jaguars,https://www.pro-football-reference.com/boxscores/201801210nwe.htm,1,04:13,2,6,NE 29,3,0,(4:13) 80-D.Amendola right end to NE 32 for 3 yards (50-T.Smith).,1.162,-0.356
2017,Conf. Champ.,January 21,home,Jacksonville Jaguars,https://www.pro-football-reference.com/boxscores/201801210nwe.htm,1,03:37,3,3,NE 32,3,0,(3:37) (Shotgun) 28-J.White left tackle to NE 34 for 2 yards (21-A.Bouye).,0.807,-0.879
2017,Conf. Champ.,January 21,home,Jacksonville Jaguars,https://www.pro-football-reference.com/boxscores/201801210nwe.htm,1,02:58,4,1,NE 34,3,0,"(2:58) 6-R.Allen punts 42 yards to JAX 24, Center-49-J.Cardona, out of bounds.",-0.073,-0.525
2017,Conf. Champ.,January 21,home,Jacksonville Jaguars,https://www.pro-football-reference.com/boxscores/201801210nwe.htm,1,02:51,1,10,JAX 24,3,0,(2:51) (Shotgun) 5-B.Bortles pass short left to 30-C.Grant to JAX 44 for 20 yards (30-D.Harmon).,0.597,1.452
2017,Conf. Champ.,January 21,home,Jacksonville Jaguars,https://www.pro-football-reference.com/boxscores/201801210nwe.htm,1,02:10,1,10,JAX 44,3,0,(2:10) (Shotgun) 5-B.Bortles pass short left to 11-M.Lee to NE 49 for 7 yards (52-E.Roberts).,2.049,0.366
2017,Conf. Champ.,January 21,home,Jacksonville Jaguars,https://www.pro-football-reference.com/boxscores/201801210nwe.htm,1,01:36,2,3,NE 49,3,0,"(1:36) (Shotgun) 27-L.Fournette up the middle to NE 43 for 6 yards (52-E.Roberts, 93-L.Guy).",2.415,0.426
2017,Conf. Champ.,January 21,home,Jacksonville Jaguars,https://www.pro-football-reference.com/boxscores/201801210nwe.htm,1,01:01,1,10,NE 43,3,0,(1:01) 27-L.Fournette up the middle to NE 39 for 4 yards (92-J.Harrison).,2.841,-0.004
2017,Conf. Champ.,January 21,home,Jacksonville Jaguars,https://www.pro-football-reference.com/boxscores/201801210nwe.htm,1,00:23,2,6,NE 39,3,0,(:23) 5-B.Bortles pass short right to 84-K.Cole to NE 28 for 11 yards (24-S.Gilmore).,2.836,1.134
2017,Conf. Champ.,January 21,home,Jacksonville Jaguars,https://www.pro-football-reference.com/boxscores/201801210nwe.htm,2,15:00,1,10,NE 28,3,0,(15:00) 5-B.Bortles pass short right to 30-C.Grant pushed ob at NE 4 for 24 yards (32-D.McCourty).,3.971,1.876
2017,Conf. Champ.,January 21,home,Jacksonville Jaguars,https://www.pro-football-reference.com/boxscores/201801210nwe.htm,2,14:22,1,4,NE 4,3,6,"(14:22) (Shotgun) 5-B.Bortles pass short right to 89-M.Lewis for 4 yards, TOUCHDOWN.",5.847,1.153
2017,Conf. Champ.,January 21,home,Jacksonville Jaguars,https://www.pro-football-reference.com/boxscores/201801210nwe.htm,2,14:15,,,NE 15,3,7,"4-J.Lambo extra point is GOOD, Center-49-C.Holba, Holder-3-B.Nortman.",0.932,0.068
2017,Conf. Champ.,January 21,home,Jacksonville Jaguars,https://www.pro-football-reference.com/boxscores/201801210nwe.htm,2,14:15,,,JAX 35,3,7,4-J.Lambo kicks 63 yards from JAX 35 to NE 2. 33-D.Lewis to NE 25 for 23 yards (30-C.Grant).,1.177,-0.002
2017,Conf. Champ.,January 21,home,Jacksonville Jaguars,https://www.pro-football-reference.com/boxscores/201801210nwe.htm,2,14:07,1,10,NE 25,3,7,(14:07) 12-T.Brady pass incomplete short right to 33-D.Lewis.,1.175,-0.519
2017,Conf. Champ.,January 21,home,Jacksonville Jaguars,https://www.pro-football-reference.com/boxscores/201801210nwe.htm,2,14:03,2,10,NE 25,3,7,"(14:03) (Shotgun) 33-D.Lewis up the middle to NE 24 for -1 yards (99-M.Dareus, 93-C.Campbell).",0.656,-1.095
2017,Conf. Champ.,January 21,home,Jacksonville Jaguars,https://www.pro-football-reference.com/boxscores/201801210nwe.htm,2,13:28,3,11,NE 24,3,7,(13:28) (Shotgun) 12-T.Brady pass incomplete deep middle to 15-C.Hogan [91-Y.Ngakoue].,-0.438,-1.109
2017,Conf. Champ.,January 21,home,Jacksonville Jaguars,https://www.pro-football-reference.com/boxscores/201801210nwe.htm,2,13:21,4,11,NE 24,3,7,"(13:21) 6-R.Allen punts 53 yards to JAX 23, Center-49-J.Cardona, fair catch by 85-J.Mickens.",-1.548,0.837
2017,Conf. Champ.,January 21,home,Jacksonville Jaguars,https://www.pro-football-reference.com/boxscores/201801210nwe.htm,2,13:13,1,10,JAX 23,3,7,"(13:13) (Shotgun) PENALTY on JAX-74-C.Robinson, False Start, 5 yards, enforced at JAX 23 - No Play.",0.710,-0.698
2017,Conf. Champ.,January 21,home,Jacksonville Jaguars,https://www.pro-football-reference.com/boxscores/201801210nwe.htm,2,13:13,1,15,JAX 18,3,7,(13:13) (Shotgun) 5-B.Bortles pass short left to 30-C.Grant to JAX 33 for 15 yards (32-D.McCourty).,0.013,1.357
2017,Conf. Champ.,January 21,home,Jacksonville Jaguars,https://www.pro-football-reference.com/boxscores/201801210nwe.htm,2,12:34,1,10,JAX 33,3,7,(12:34) (Shotgun) 5-B.Bortles pass deep right to 88-A.Hurns pushed ob at NE 40 for 27 yards (32-D.McCourty).,1.370,1.753
2017,Conf. Champ.,January 21,home,Jacksonville Jaguars,https://www.pro-football-reference.com/boxscores/201801210nwe.htm,2,11:55,1,10,NE 40,3,7,(11:55) (Shotgun) 5-B.Bortles pass short middle to 88-A.Hurns to NE 32 for 8 yards (53-K.Van Noy; 52-E.Roberts).,3.123,0.499
2017,Conf. Champ.,January 21,home,Jacksonville Jaguars,https://www.pro-football-reference.com/boxscores/201801210nwe.htm,2,11:08,,,NE 32,3,7,Timeout #1 by JAX at 11:08.,3.623,0.000
2017,Conf. Champ.,January 21,home,Jacksonville Jaguars,https://www.pro-football-reference.com/boxscores/201801210nwe.htm,2,11:08,2,2,NE 32,3,7,"(11:08) (Shotgun) 27-L.Fournette right guard to NE 32 for no gain (94-R.Jean Francois, 93-L.Guy).",3.623,-0.543
2017,Conf. Champ.,January 21,home,Jacksonville Jaguars,https://www.pro-football-reference.com/boxscores/201801210nwe.htm,2,10:27,3,2,NE 32,3,7,"(10:27) 27-L.Fournette up the middle to NE 28 for 4 yards (52-E.Roberts, 53-K.Van Noy).",3.080,0.803
2017,Conf. Champ.,January 21,home,Jacksonville Jaguars,https://www.pro-football-reference.com/boxscores/201801210nwe.htm,2,09:55,1,10,NE 28,3,7,(9:55) (Shotgun) 27-L.Fournette right guard to NE 15 for 13 yards (24-S.Gilmore).,3.883,0.792
2017,Conf. Champ.,January 21,home,Jacksonville Jaguars,https://www.pro-football-reference.com/boxscores/201801210nwe.htm,2,09:15,1,10,NE 15,3,7,(9:15) (Shotgun) 5-B.Bortles pass short left to 24-T.Yeldon to NE 18 for -3 yards (53-K.Van Noy).,4.675,-1.004
2017,Conf. Champ.,January 21,home,Jacksonville Jaguars,https://www.pro-football-reference.com/boxscores/201801210nwe.htm,2,08:35,2,13,NE 18,3,7,(8:35) (Shotgun) 24-T.Yeldon left end pushed ob at NE 6 for 12 yards (32-D.McCourty).,3.672,1.288
2017,Conf. Champ.,January 21,home,Jacksonville Jaguars,https://www.pro-football-reference.com/boxscores/201801210nwe.htm,2,07:58,3,1,NE 6,3,7,"(7:58) 27-L.Fournette left guard to NE 4 for 2 yards (53-K.Van Noy, 21-M.Butler).",4.960,0.814
2017,Conf. Champ.,January 21,home,Jacksonville Jaguars,https://www.pro-football-reference.com/boxscores/201801210nwe.htm,2,07:11,1,4,NE 4,3,13,"(7:11) 27-L.Fournette up the middle for 4 yards, TOUCHDOWN.",5.774,1.226
2017,Conf. Champ.,January 21,home,Jacksonville Jaguars,https://www.pro-football-reference.com/boxscores/201801210nwe.htm,2,07:06,,,NE 15,3,14,"4-J.Lambo extra point is GOOD, Center-49-C.Holba, Holder-3-B.Nortman.",0.932,0.068
2017,Conf. Champ.,January 21,home,Jacksonville Jaguars,https://www.pro-football-reference.com/boxscores/201801210nwe.htm,2,07:06,,,JAX 35,3,14,"4-J.Lambo kicks 55 yards from JAX 35 to NE 10. 33-D.Lewis to NE 21 for 11 yards (52-D.Payne). PENALTY on NE-59-M.Flowers, Offensive Holding, 10 yards, enforced at NE 21.",1.100,-0.967
2017,Conf. Champ.,January 21,home,Jacksonville Jaguars,https://www.pro-football-reference.com/boxscores/201801210nwe.htm,2,07:00,1,10,NE 11,3,14,(7:00) (Shotgun) 12-T.Brady pass incomplete deep right to 87-R.Gronkowski [97-M.Jackson].,0.134,-0.459
2017,Conf. Champ.,January 21,home,Jacksonville Jaguars,https://www.pro-football-reference.com/boxscores/201801210nwe.htm,2,06:54,2,10,NE 11,3,14,"(6:54) 12-T.Brady pass deep right to 87-R.Gronkowski to NE 32 for 21 yards (20-J.Ramsey) [56-D.Fowler]. NE 87-Gronkowski 856 career postseason rec yds, most all-time by a TE (Dallas Clark, 847).",-0.326,1.815
2017,Conf. Champ.,January 21,home,Jacksonville Jaguars,https://www.pro-football-reference.com/boxscores/201801210nwe.htm,2,06:17,1,10,NE 32,3,14,(6:17) 12-T.Brady pass incomplete short left to 87-R.Gronkowski.,1.489,-0.431
2017,Conf. Champ.,January 21,home,Jacksonville Jaguars,https://www.pro-football-reference.com/boxscores/201801210nwe.htm,2,06:12,2,10,NE 32,3,14,(6:12) (Shotgun) 12-T.Brady pass incomplete short middle to 34-R.Burkhead (50-T.Smith).,1.058,-0.643
2017,Conf. Champ.,January 21,home,Jacksonville Jaguars,https://www.pro-football-reference.com/boxscores/201801210nwe.htm,2,06:06,3,10,NE 32,3,14,(6:06) (Shotgun) 12-T.Brady sacked at NE 29 for -3 yards (56-D.Fowler).,0.415,-1.520
2017,Conf. Champ.,January 21,home,Jacksonville Jaguars,https://www.pro-football-reference.com/boxscores/201801210nwe.htm,2,05:32,4,13,NE 29,3,14,"(5:32) 6-R.Allen punts 46 yards to JAX 25, Center-49-J.Cardona, out of bounds.",-1.105,0.268
2017,Conf. Champ.,January 21,home,Jacksonville Jaguars,https://www.pro-football-reference.com/boxscores/201801210nwe.htm,2,05:26,1,10,JAX 25,3,14,"(5:26) (Shotgun) 27-L.Fournette up the middle to JAX 26 for 1 yard (98-T.Flowers, 94-R.Jean Francois).",0.837,-0.519
2017,Conf. Champ.,January 21,home,Jacksonville Jaguars,https://www.pro-football-reference.com/boxscores/201801210nwe.htm,2,04:51,2,9,JAX 26,3,14,(4:51) (Shotgun) 27-L.Fournette up the middle to JAX 27 for 1 yard (90-M.Brown).,0.318,-0.424
2017,Conf. Champ.,January 21,home,Jacksonville Jaguars,https://www.pro-football-reference.com/boxscores/201801210nwe.htm,2,04:11,3,8,JAX 27,3,14,(4:11) (Shotgun) 5-B.Bortles pass deep right to 84-K.Cole pushed ob at NE 47 for 26 yards (21-M.Butler).,-0.106,2.620
2017,Conf. Champ.,January 21,home,Jacksonville Jaguars,https://www.pro-football-reference.com/boxscores/201801210nwe.htm,2,03:52,1,10,NE 47,3,14,"(3:52) 27-L.Fournette up the middle to NE 45 for 2 yards (53-K.Van Noy). PENALTY on JAX, Illegal Shift, 5 yards, enforced at NE 47 - No Play.",2.514,-0.616
2017,Conf. Champ.,January 21,home,Jacksonville Jaguars,https://www.pro-football-reference.com/boxscores/201801210nwe.htm,2,03:28,1,15,JAX 48,3,14,"(3:28) (Shotgun) 24-T.Yeldon left guard to NE 48 for 4 yards (23-P.Chung, 52-E.Roberts).",1.899,-0.175
2017,Conf. Champ.,January 21,home,Jacksonville Jaguars,https://www.pro-football-reference.com/boxscores/201801210nwe.htm,2,02:43,2,11,NE 48,3,14,"(2:43) (Shotgun) 24-T.Yeldon up the middle to NE 44 for 4 yards (55-E.Lee, 21-M.Butler).",1.723,-0.307
2017,Conf. Champ.,January 21,home,Jacksonville Jaguars,https://www.pro-football-reference.com/boxscores/201801210nwe.htm,2,02:23,,,NE 44,3,14,Timeout #2 by NE at 02:23.,1.417,0.000
2017,Conf. Champ.,January 21,home,Jacksonville Jaguars,https://www.pro-football-reference.com/boxscores/201801210nwe.htm,2,02:23,3,7,NE 44,3,14,"(2:23) (Shotgun) 5-B.Bortles pass short right to 89-M.Lewis to NE 32 for 12 yards (23-P.Chung) [91-D.Wise]. PENALTY on JAX-5-B.Bortles, Delay of Game, 5 yards, enforced at NE 44 - No Play.",1.417,-0.486
2017,Conf. Champ.,January 21,home,Jacksonville Jaguars,https://www.pro-football-reference.com/boxscores/201801210nwe.htm,2,02:23,3,12,NE 49,3,14,"(2:23) (Shotgun) 5-B.Bortles sacked at JAX 45 for -6 yards (70-A.Butler). Penalty on JAX-74-C.Robinson, Offensive Holding, declined.",0.931,-1.277
2017,Conf. Champ.,January 21,home,Jacksonville Jaguars,https://www.pro-football-reference.com/boxscores/201801210nwe.htm,2,02:09,4,18,JAX 45,3,14,"(2:09) 3-B.Nortman punts 40 yards to NE 15, Center-49-C.Holba, fair catch by 80-D.Amendola.",-0.346,-0.334
2017,Conf. Champ.,January 21,home,Jacksonville Jaguars,https://www.pro-football-reference.com/boxscores/201801210nwe.htm,2,02:02,1,10,NE 15,3,14,(2:02) 33-D.Lewis right guard to NE 17 for 2 yards (56-D.Fowler).,0.680,-0.469
2017,Conf. Champ.,January 21,home,Jacksonville Jaguars,https://www.pro-football-reference.com/boxscores/201801210nwe.htm,2,01:57,2,8,NE 17,3,14,(1:57) (Shotgun) 12-T.Brady pass short left to 14-B.Cooks pushed ob at NE 27 for 10 yards (21-A.Bouye).,0.212,0.765
2017,Conf. Champ.,January 21,home,Jacksonville Jaguars,https://www.pro-football-reference.com/boxscores/201801210nwe.htm,2,01:52,1,10,NE 27,3,14,(1:52) (Shotgun) 12-T.Brady pass short left to 80-D.Amendola to NE 35 for 8 yards (44-M.Jack).,0.977,0.375
2017,Conf. Champ.,January 21,home,Jacksonville Jaguars,https://www.pro-football-reference.com/boxscores/201801210nwe.htm,2,01:34,2,2,NE 35,3,14,"(1:34) (No Huddle, Shotgun) 12-T.Brady pass short left to 28-J.White pushed ob at NE 40 for 5 yards (50-T.Smith).",1.352,0.422
2017,Conf. Champ.,January 21,home,Jacksonville Jaguars,https://www.pro-football-reference.com/boxscores/201801210nwe.htm,2,01:28,1,10,NE 40,3,14,"(1:28) (Shotgun) 12-T.Brady pass incomplete deep right to 87-R.Gronkowski. NE-87-R.Gronkowski was injured during the play. He is Out.  PENALTY on JAX-42-B.Church, Unnecessary Roughness, 15 yards, enforced at NE 40 - No Play.",1.774,0.745
2017,Conf. Champ.,January 21,home,Jacksonville Jaguars,https://www.pro-football-reference.com/boxscores/201801210nwe.htm,2,01:23,1,10,JAX 45,3,14,"(1:23) (Shotgun) 12-T.Brady pass incomplete deep left to 14-B.Cooks. PENALTY on JAX-21-A.Bouye, Defensive Pass Interference, 32 yards, enforced at JAX 45 - No Play.",2.519,2.117
2017,Conf. Champ.,January 21,home,Jacksonville Jaguars,https://www.pro-football-reference.com/boxscores/201801210nwe.htm,2,01:17,1,10,JAX 13,3,14,(1:17) (Shotgun) 12-T.Brady pass short left to 14-B.Cooks to JAX 1 for 12 yards (21-A.Bouye).,4.636,1.612
2017,Conf. Champ.,January 21,home,Jacksonville Jaguars,https://www.pro-football-reference.com/boxscores/201801210nwe.htm,2,00:58,1,1,JAX 1,9,14,"(:58) (No Huddle) 28-J.White left guard for 1 yard, TOUCHDOWN.",6.248,0.752
2017,Conf. Champ.,January 21,home,Jacksonville Jaguars,https://www.pro-football-reference.com/boxscores/201801210nwe.htm,2,00:55,,,JAX 15,10,14,"3-S.Gostkowski extra point is GOOD, Center-49-J.Cardona, Holder-6-R.Allen.",0.932,0.068
2017,Conf. Champ.,January 21,home,Jacksonville Jaguars,https://www.pro-football-reference.com/boxscores/201801210nwe.htm,2,00:55,,,NE 35,10,14,"3-S.Gostkowski kicks 65 yards from NE 35 to end zone, Touchback.",0.682,-0.682
2017,Conf. Champ.,January 21,home,Jacksonville Jaguars,https://www.pro-football-reference.com/boxscores/201801210nwe.htm,2,00:55,1,10,JAX 25,10,14,(:55) 5-B.Bortles kneels to JAX 24 for -1 yards.,0.000,0.000
2017,Conf. Champ.,January 21,home,Jacksonville Jaguars,https://www.pro-football-reference.com/boxscores/201801210nwe.htm,2,00:33,2,11,JAX 24,10,14,(:33) 5-B.Bortles kneels to JAX 23 for -1 yards.,0.000,0.000
2017,Conf. Champ.,January 21,home,Jacksonville Jaguars,https://www.pro-football-reference.com/boxscores/201801210nwe.htm,3,15:00,,,NE 35,10,14,"3-S.Gostkowski kicks 65 yards from NE 35 to end zone, Touchback.",0.651,0.000
2017,Conf. Champ.,January 21,home,Jacksonville Jaguars,https://www.pro-football-reference.com/boxscores/201801210nwe.htm,3,15:00,1,10,JAX 25,10,14,"(15:00) 27-L.Fournette left tackle to JAX 27 for 2 yards (92-J.Harrison, 98-T.Flowers).",0.651,-0.445
2017,Conf. Champ.,January 21,home,Jacksonville Jaguars,https://www.pro-football-reference.com/boxscores/201801210nwe.htm,3,14:23,2,8,JAX 27,10,14,(14:23) 5-B.Bortles pass short right to 40-T.Bohanon to JAX 47 for 20 yards (23-P.Chung).,0.206,2.026
2017,Conf. Champ.,January 21,home,Jacksonville Jaguars,https://www.pro-football-reference.com/boxscores/201801210nwe.htm,3,13:41,1,10,JAX 47,10,14,(13:41) 27-L.Fournette left end to JAX 48 for 1 yard (98-T.Flowers).,2.232,-0.400
2017,Conf. Champ.,January 21,home,Jacksonville Jaguars,https://www.pro-football-reference.com/boxscores/201801210nwe.htm,3,13:00,2,9,JAX 48,10,14,"(13:00) 27-L.Fournette right guard to JAX 49 for 1 yard (21-M.Butler, 55-E.Lee).",1.832,-0.817
2017,Conf. Champ.,January 21,home,Jacksonville Jaguars,https://www.pro-football-reference.com/boxscores/201801210nwe.htm,3,12:18,3,8,JAX 49,10,14,"(12:18) (Shotgun) 5-B.Bortles pass short left to 24-T.Yeldon to NE 42 for 9 yards (53-K.Van Noy, 59-M.Flowers). JAX-74-C.Robinson was injured during the play. His return is Questionable.",1.015,1.989
2017,Conf. Champ.,January 21,home,Jacksonville Jaguars,https://www.pro-football-reference.com/boxscores/201801210nwe.htm,3,11:52,1,10,NE 42,10,14,"(11:52) 27-L.Fournette up the middle to NE 39 for 3 yards (93-L.Guy, 53-K.Van Noy).",3.004,-0.183
2017,Conf. Champ.,January 21,home,Jacksonville Jaguars,https://www.pro-football-reference.com/boxscores/201801210nwe.htm,3,11:13,2,7,NE 39,10,14,"(11:13) 27-L.Fournette left guard to NE 36 for 3 yards (93-L.Guy, 98-T.Flowers).",2.821,-0.174
2017,Conf. Champ.,January 21,home,Jacksonville Jaguars,https://www.pro-football-reference.com/boxscores/201801210nwe.htm,3,10:33,3,4,NE 36,10,14,(10:33) (Shotgun) 5-B.Bortles pass incomplete short right to 11-M.Lee (98-T.Flowers).,2.647,-1.830
2017,Conf. Champ.,January 21,home,Jacksonville Jaguars,https://www.pro-football-reference.com/boxscores/201801210nwe.htm,3,10:28,4,4,NE 36,10,17,"(10:28) 4-J.Lambo 54 yard field goal is GOOD, Center-49-C.Holba, Holder-3-B.Nortman.",0.817,2.183
2017,Conf. Champ.,January 21,home,Jacksonville Jaguars,https://www.pro-football-reference.com/boxscores/201801210nwe.htm,3,10:23,,,JAX 35,10,17,"4-J.Lambo kicks 65 yards from JAX 35 to end zone, Touchback.",1.457,0.000
2017,Conf. Champ.,January 21,home,Jacksonville Jaguars,https://www.pro-football-reference.com/boxscores/201801210nwe.htm,3,10:23,1,10,NE 25,10,17,(10:23) 33-D.Lewis right guard to NE 30 for 5 yards (50-T.Smith).,1.457,0.008
2017,Conf. Champ.,January 21,home,Jacksonville Jaguars,https://www.pro-football-reference.com/boxscores/201801210nwe.htm,3,09:51,2,5,NE 30,10,17,(9:51) 12-T.Brady pass incomplete deep middle to 14-B.Cooks.,1.465,-0.784
2017,Conf. Champ.,January 21,home,Jacksonville Jaguars,https://www.pro-football-reference.com/boxscores/201801210nwe.htm,3,09:43,3,5,NE 30,10,17,(9:43) (Shotgun) 12-T.Brady pass short middle to 15-C.Hogan to NE 47 for 17 yards (50-T.Smith).,0.681,2.172
2017,Conf. Champ.,January 21,home,Jacksonville Jaguars,https://www.pro-football-reference.com/boxscores/201801210nwe.htm,3,09:04,1,10,NE 47,10,17,(9:04) 12-T.Brady pass incomplete deep left to 14-B.Cooks.,2.854,-0.449
2017,Conf. Champ.,January 21,home,Jacksonville Jaguars,https://www.pro-football-reference.com/boxscores/201801210nwe.htm,3,08:56,2,10,NE 47,10,17,(8:56) 12-T.Brady pass short right to 33-D.Lewis pushed ob at JAX 49 for 4 yards (95-A.Jones).,2.405,-0.519
2017,Conf. Champ.,January 21,home,Jacksonville Jaguars,https://www.pro-football-reference.com/boxscores/201801210nwe.htm,3,08:20,3,6,JAX 49,10,17,(8:20) (Shotgun) 12-T.Brady pass short middle to 28-J.White to JAX 47 for 2 yards (93-C.Campbell).,1.886,-1.317
2017,Conf. Champ.,January 21,home,Jacksonville Jaguars,https://www.pro-football-reference.com/boxscores/201801210nwe.htm,3,07:39,4,4,JAX 47,10,17,"(7:39) 6-R.Allen punts 37 yards to JAX 10, Center-49-J.Cardona, fair catch by 12-D.Westbrook.",0.569,-0.172
2017,Conf. Champ.,January 21,home,Jacksonville Jaguars,https://www.pro-football-reference.com/boxscores/201801210nwe.htm,3,07:31,1,10,JAX 10,10,17,(7:31) 5-B.Bortles pass incomplete short right to 11-M.Lee.,-0.397,-0.519
2017,Conf. Champ.,January 21,home,Jacksonville Jaguars,https://www.pro-football-reference.com/boxscores/201801210nwe.htm,3,07:26,2,10,JAX 10,10,17,(7:26) 5-B.Bortles sacked at JAX 5 for -5 yards (93-L.Guy).,-0.916,-1.440
2017,Conf. Champ.,January 21,home,Jacksonville Jaguars,https://www.pro-football-reference.com/boxscores/201801210nwe.htm,3,06:47,3,15,JAX 5,10,17,"(6:47) (Shotgun) 24-T.Yeldon left guard to JAX 8 for 3 yards (91-D.Wise, 98-T.Flowers).",-2.356,-0.695
2017,Conf. Champ.,January 21,home,Jacksonville Jaguars,https://www.pro-football-reference.com/boxscores/201801210nwe.htm,3,06:15,4,12,JAX 8,10,17,"(6:15) 3-B.Nortman punts 51 yards to NE 41, Center-49-C.Holba. 80-D.Amendola to NE 46 for 5 yards (30-C.Grant, 55-L.McCray).",-3.051,0.286
2017,Conf. Champ.,January 21,home,Jacksonville Jaguars,https://www.pro-football-reference.com/boxscores/201801210nwe.htm,3,06:04,1,10,NE 46,10,17,"(6:04) 33-D.Lewis left guard to NE 49 for 3 yards (99-M.Dareus, 44-M.Jack).",2.765,-0.266
2017,Conf. Champ.,January 21,home,Jacksonville Jaguars,https://www.pro-football-reference.com/boxscores/201801210nwe.htm,3,05:46,2,7,NE 49,10,17,"(5:46) (No Huddle, Shotgun) 12-T.Brady pass short middle to 33-D.Lewis to JAX 47 for 4 yards (51-P.Posluszny).",2.499,-0.206
2017,Conf. Champ.,January 21,home,Jacksonville Jaguars,https://www.pro-football-reference.com/boxscores/201801210nwe.htm,3,05:23,3,3,JAX 47,10,17,"(5:23) (No Huddle, Shotgun) 12-T.Brady pass short right to 33-D.Lewis to JAX 46 for 1 yard (44-M.Jack).",2.293,-1.512
2017,Conf. Champ.,January 21,home,Jacksonville Jaguars,https://www.pro-football-reference.com/boxscores/201801210nwe.htm,3,04:47,4,2,JAX 46,10,17,"(4:47) 6-R.Allen punts 37 yards to JAX 9, Center-49-J.Cardona, fair catch by 12-D.Westbrook.",0.781,-0.372
2017,Conf. Champ.,January 21,home,Jacksonville Jaguars,https://www.pro-football-reference.com/boxscores/201801210nwe.htm,3,04:41,1,10,JAX 9,10,17,"(4:41) 27-L.Fournette up the middle to JAX 9 for no gain (93-L.Guy, 52-E.Roberts).",-0.409,-0.529
2017,Conf. Champ.,January 21,home,Jacksonville Jaguars,https://www.pro-football-reference.com/boxscores/201801210nwe.htm,3,04:04,2,10,JAX 9,10,17,(4:04) (Shotgun) 27-L.Fournette left end to JAX 16 for 7 yards (24-S.Gilmore).,-0.939,0.107
2017,Conf. Champ.,January 21,home,Jacksonville Jaguars,https://www.pro-football-reference.com/boxscores/201801210nwe.htm,3,03:21,3,3,JAX 16,10,17,(3:21) (Shotgun) 5-B.Bortles pass short left to 11-M.Lee pushed ob at JAX 34 for 18 yards (21-M.Butler).,-0.831,2.061
2017,Conf. Champ.,January 21,home,Jacksonville Jaguars,https://www.pro-football-reference.com/boxscores/201801210nwe.htm,3,02:48,1,10,JAX 34,10,17,(2:48) 5-B.Bortles pass short right to 88-A.Hurns to JAX 49 for 15 yards (25-E.Rowe). flea flicker handoff to 24-Yeldon and pitch back to 5-Bortles,1.230,1.104
2017,Conf. Champ.,January 21,home,Jacksonville Jaguars,https://www.pro-football-reference.com/boxscores/201801210nwe.htm,3,02:06,1,10,JAX 49,10,17,"(2:06) 27-L.Fournette left guard to NE 49 for 2 yards (90-M.Brown, 94-R.Jean Francois).",2.334,-0.388
2017,Conf. Champ.,January 21,home,Jacksonville Jaguars,https://www.pro-football-reference.com/boxscores/201801210nwe.htm,3,01:28,2,8,NE 49,10,17,(1:28) (Shotgun) 5-B.Bortles pass short right to 11-M.Lee to NE 41 for 8 yards (25-E.Rowe).,1.946,1.131
2017,Conf. Champ.,January 21,home,Jacksonville Jaguars,https://www.pro-football-reference.com/boxscores/201801210nwe.htm,3,00:48,1,10,NE 41,10,17,(:48) (Shotgun) 27-L.Fournette left end pushed ob at NE 27 for 14 yards (23-P.Chung). NE-98-T.Flowers was injured during the play.,3.077,0.952
2017,Conf. Champ.,January 21,home,Jacksonville Jaguars,https://www.pro-football-reference.com/boxscores/201801210nwe.htm,3,00:12,1,10,NE 27,10,17,(:12) 5-B.Bortles pass incomplete short right to 83-B.Koyack.,4.029,-0.390
2017,Conf. Champ.,January 21,home,Jacksonville Jaguars,https://www.pro-football-reference.com/boxscores/201801210nwe.htm,3,00:05,2,10,NE 27,10,17,"(:05) (Shotgun) 30-C.Grant right guard to NE 25 for 2 yards (53-K.Van Noy, 91-D.Wise).",3.639,-0.530
2017,Conf. Champ.,January 21,home,Jacksonville Jaguars,https://www.pro-football-reference.com/boxscores/201801210nwe.htm,4,15:00,3,8,NE 25,10,17,(15:00) (Shotgun) 5-B.Bortles pass incomplete short left to 11-M.Lee.,3.109,-0.945
2017,Conf. Champ.,January 21,home,Jacksonville Jaguars,https://www.pro-football-reference.com/boxscores/201801210nwe.htm,4,14:56,4,8,NE 25,10,20,"(14:56) 4-J.Lambo 43 yard field goal is GOOD, Center-49-C.Holba, Holder-3-B.Nortman.",2.164,0.836
2017,Conf. Champ.,January 21,home,Jacksonville Jaguars,https://www.pro-football-reference.com/boxscores/201801210nwe.htm,4,14:52,,,JAX 35,10,20,"4-J.Lambo kicks 65 yards from JAX 35 to end zone, Touchback.",1.298,0.000
2017,Conf. Champ.,January 21,home,Jacksonville Jaguars,https://www.pro-football-reference.com/boxscores/201801210nwe.htm,4,14:52,1,10,NE 25,10,20,(14:52) 33-D.Lewis left end to NE 27 for 2 yards (50-T.Smith).,1.298,-0.423
2017,Conf. Champ.,January 21,home,Jacksonville Jaguars,https://www.pro-football-reference.com/boxscores/201801210nwe.htm,4,14:19,2,8,NE 27,10,20,(14:19) (Shotgun) 12-T.Brady pass deep left to 14-B.Cooks ran ob at NE 45 for 18 yards.,0.875,1.682
2017,Conf. Champ.,January 21,home,Jacksonville Jaguars,https://www.pro-football-reference.com/boxscores/201801210nwe.htm,4,13:53,1,10,NE 45,10,20,"(13:53) (Shotgun) 80-D.Amendola pass short left to 33-D.Lewis to JAX 35 for 20 yards (44-M.Jack). FUMBLES (44-M.Jack), RECOVERED by JAX-44-M.Jack at JAX 33. backwards pass Brady to Amendola and then forward pass Amendola to Lewis The Replay Official reviewed the fumble ruling, and the play was Upheld. The ruling on the field stands.",2.558,-3.801
2017,Conf. Champ.,January 21,home,Jacksonville Jaguars,https://www.pro-football-reference.com/boxscores/201801210nwe.htm,4,13:37,1,10,JAX 33,10,20,"(13:37) (Shotgun) 27-L.Fournette up the middle to JAX 35 for 2 yards (90-M.Brown, 55-E.Lee).",1.243,-0.462
2017,Conf. Champ.,January 21,home,Jacksonville Jaguars,https://www.pro-football-reference.com/boxscores/201801210nwe.htm,4,13:04,2,8,JAX 35,10,20,(13:04) (Shotgun) 5-B.Bortles pass incomplete short middle to 89-M.Lewis.,0.781,-0.694
2017,Conf. Champ.,January 21,home,Jacksonville Jaguars,https://www.pro-football-reference.com/boxscores/201801210nwe.htm,4,13:00,3,8,JAX 35,10,20,"(13:00) (Shotgun) 5-B.Bortles pass short left to 88-A.Hurns to JAX 42 for 7 yards (32-D.McCourty, 25-E.Rowe).",0.087,-0.272
2017,Conf. Champ.,January 21,home,Jacksonville Jaguars,https://www.pro-football-reference.com/boxscores/201801210nwe.htm,4,12:11,4,1,JAX 42,10,20,"(12:11) 3-B.Nortman punts 43 yards to NE 15, Center-49-C.Holba, fair catch by 80-D.Amendola.",-0.185,-0.445
2017,Conf. Champ.,January 21,home,Jacksonville Jaguars,https://www.pro-football-reference.com/boxscores/201801210nwe.htm,4,12:03,1,10,NE 15,10,20,(12:03) (Shotgun) 12-T.Brady pass deep left to 14-B.Cooks to NE 33 for 18 yards (21-A.Bouye). NE 14-Cooks 1st career postseason 100-yard game.,0.630,1.222
2017,Conf. Champ.,January 21,home,Jacksonville Jaguars,https://www.pro-football-reference.com/boxscores/201801210nwe.htm,4,11:35,1,10,NE 33,10,20,"(11:35) (No Huddle, Shotgun) 12-T.Brady sacked at NE 25 for -8 yards (99-M.Dareus).",1.852,-1.327
2017,Conf. Champ.,January 21,home,Jacksonville Jaguars,https://www.pro-football-reference.com/boxscores/201801210nwe.htm,4,10:56,2,18,NE 25,10,20,(10:56) (Shotgun) 12-T.Brady pass incomplete deep middle to 15-C.Hogan.,0.525,-0.825
2017,Conf. Champ.,January 21,home,Jacksonville Jaguars,https://www.pro-football-reference.com/boxscores/201801210nwe.htm,4,10:49,3,18,NE 25,10,20,(10:49) (Shotgun) 12-T.Brady pass deep middle to 80-D.Amendola to NE 46 for 21 yards (39-T.Gipson).,-0.300,2.948
2017,Conf. Champ.,January 21,home,Jacksonville Jaguars,https://www.pro-football-reference.com/boxscores/201801210nwe.htm,4,10:19,1,10,NE 46,10,20,(10:19) (No Huddle) 12-T.Brady pass deep left to 13-P.Dorsett to JAX 23 for 31 yards (44-M.Jack). flea flicker,2.648,1.816
2017,Conf. Champ.,January 21,home,Jacksonville Jaguars,https://www.pro-football-reference.com/boxscores/201801210nwe.htm,4,09:30,1,10,JAX 23,10,20,(9:30) (Shotgun) 12-T.Brady pass incomplete short middle to 80-D.Amendola.,4.464,-0.338
2017,Conf. Champ.,January 21,home,Jacksonville Jaguars,https://www.pro-football-reference.com/boxscores/201801210nwe.htm,4,09:25,2,10,JAX 23,10,20,(9:25) (Shotgun) 12-T.Brady pass short left to 80-D.Amendola to JAX 9 for 14 yards (21-A.Bouye).,4.126,1.052
2017,Conf. Champ.,January 21,home,Jacksonville Jaguars,https://www.pro-football-reference.com/boxscores/201801210nwe.htm,4,08:53,1,9,JAX 9,16,20,"(8:53) (Shotgun) 12-T.Brady pass short left to 80-D.Amendola for 9 yards, TOUCHDOWN.",5.178,1.822
2017,Conf. Champ.,January 21,home,Jacksonville Jaguars,https://www.pro-football-reference.com/boxscores/201801210nwe.htm,4,08:44,,,JAX 15,17,20,"3-S.Gostkowski extra point is GOOD, Center-49-J.Cardona, Holder-6-R.Allen.",0.932,0.068
2017,Conf. Champ.,January 21,home,Jacksonville Jaguars,https://www.pro-football-reference.com/boxscores/201801210nwe.htm,4,08:44,,,NE 35,17,20,"3-S.Gostkowski kicks 65 yards from NE 35 to JAX 0. 30-C.Grant to JAX 16 for 16 yards (18-M.Slater, 96-G.Grissom).",0.990,-0.649
2017,Conf. Champ.,January 21,home,Jacksonville Jaguars,https://www.pro-football-reference.com/boxscores/201801210nwe.htm,4,08:38,1,10,JAX 16,17,20,"(8:38) (Shotgun) 27-L.Fournette left tackle to JAX 17 for 1 yard (90-M.Brown, 52-E.Roberts).",0.341,-0.434
2017,Conf. Champ.,January 21,home,Jacksonville Jaguars,https://www.pro-football-reference.com/boxscores/201801210nwe.htm,4,07:59,2,9,JAX 17,17,20,(7:59) (Shotgun) 5-B.Bortles pass short middle to 88-A.Hurns to JAX 37 for 20 yards (32-D.McCourty).,-0.094,1.930
2017,Conf. Champ.,January 21,home,Jacksonville Jaguars,https://www.pro-football-reference.com/boxscores/201801210nwe.htm,4,07:19,1,10,JAX 37,17,20,"(7:19) (Shotgun) 27-L.Fournette left tackle to JAX 38 for 1 yard (23-P.Chung, 98-T.Flowers).",1.837,-0.531
2017,Conf. Champ.,January 21,home,Jacksonville Jaguars,https://www.pro-football-reference.com/boxscores/201801210nwe.htm,4,06:41,2,9,JAX 38,17,20,(6:41) 5-B.Bortles pass incomplete deep left to 12-D.Westbrook (24-S.Gilmore).,1.306,-0.664
2017,Conf. Champ.,January 21,home,Jacksonville Jaguars,https://www.pro-football-reference.com/boxscores/201801210nwe.htm,4,06:34,3,9,JAX 38,17,20,(6:34) (Shotgun) 5-B.Bortles pass incomplete short right to 89-M.Lewis.,0.641,-1.393
2017,Conf. Champ.,January 21,home,Jacksonville Jaguars,https://www.pro-football-reference.com/boxscores/201801210nwe.htm,4,06:30,4,9,JAX 38,17,20,"(6:30) 3-B.Nortman punts 43 yards to NE 19, Center-49-C.Holba, fair catch by 80-D.Amendola.",-0.752,-0.051
2017,Conf. Champ.,January 21,home,Jacksonville Jaguars,https://www.pro-football-reference.com/boxscores/201801210nwe.htm,4,06:21,1,10,NE 19,17,20,"(6:21) (Shotgun) 12-T.Brady pass incomplete deep left to 14-B.Cooks. PENALTY on JAX-20-J.Ramsey, Defensive Pass Interference, 36 yards, enforced at NE 19 - No Play.",0.803,2.347
2017,Conf. Champ.,January 21,home,Jacksonville Jaguars,https://www.pro-football-reference.com/boxscores/201801210nwe.htm,4,06:15,1,10,JAX 45,17,20,(6:15) (Shotgun) 12-T.Brady pass incomplete deep left to 28-J.White.,3.150,-0.390
2017,Conf. Champ.,January 21,home,Jacksonville Jaguars,https://www.pro-football-reference.com/boxscores/201801210nwe.htm,4,06:10,2,10,JAX 45,17,20,(6:10) (Shotgun) 12-T.Brady pass incomplete short middle to 80-D.Amendola [44-M.Jack].,2.760,-0.687
2017,Conf. Champ.,January 21,home,Jacksonville Jaguars,https://www.pro-football-reference.com/boxscores/201801210nwe.htm,4,06:06,3,10,JAX 45,17,20,(6:06) (Shotgun) 12-T.Brady pass incomplete short left to 28-J.White (50-T.Smith).,2.073,-1.667
2017,Conf. Champ.,January 21,home,Jacksonville Jaguars,https://www.pro-football-reference.com/boxscores/201801210nwe.htm,4,06:00,4,10,JAX 45,17,20,"(6:00) 6-R.Allen punts 35 yards to JAX 10, Center-49-J.Cardona, fair catch by 12-D.Westbrook.",0.406,-0.321
2017,Conf. Champ.,January 21,home,Jacksonville Jaguars,https://www.pro-football-reference.com/boxscores/201801210nwe.htm,4,05:53,1,10,JAX 10,17,20,(5:53) (Shotgun) 27-L.Fournette up the middle to JAX 9 for -1 yards (23-P.Chung).,-0.085,-0.719
2017,Conf. Champ.,January 21,home,Jacksonville Jaguars,https://www.pro-football-reference.com/boxscores/201801210nwe.htm,4,05:23,2,11,JAX 9,17,20,(5:23) 5-B.Bortles pass incomplete deep left to 88-A.Hurns (25-E.Rowe).,-0.804,-0.577
2017,Conf. Champ.,January 21,home,Jacksonville Jaguars,https://www.pro-football-reference.com/boxscores/201801210nwe.htm,4,05:13,3,11,JAX 9,17,20,(5:13) (Shotgun) 5-B.Bortles pass incomplete short middle to 84-K.Cole [98-T.Flowers].,-1.381,-0.748
2017,Conf. Champ.,January 21,home,Jacksonville Jaguars,https://www.pro-football-reference.com/boxscores/201801210nwe.htm,4,05:10,4,11,JAX 9,17,20,"(5:10) 3-B.Nortman punts 41 yards to 50, Center-49-C.Holba. 80-D.Amendola to JAX 30 for 20 yards (94-D.Smoot).",-2.128,-1.778
2017,Conf. Champ.,January 21,home,Jacksonville Jaguars,https://www.pro-football-reference.com/boxscores/201801210nwe.htm,4,04:58,1,10,JAX 30,17,20,(4:58) (Shotgun) 12-T.Brady pass short left to 28-J.White to JAX 15 for 15 yards (99-M.Dareus).,3.906,0.918
2017,Conf. Champ.,January 21,home,Jacksonville Jaguars,https://www.pro-football-reference.com/boxscores/201801210nwe.htm,4,04:19,1,10,JAX 15,17,20,(4:19) (Shotgun) 12-T.Brady pass short middle to 80-D.Amendola to JAX 7 for 8 yards (44-M.Jack). JAX-44-M.Jack was injured during the play.,4.824,0.604
2017,Conf. Champ.,January 21,home,Jacksonville Jaguars,https://www.pro-football-reference.com/boxscores/201801210nwe.htm,4,03:57,2,2,JAX 7,17,20,"(3:57) 12-T.Brady up the middle to JAX 5 for 2 yards (51-P.Posluszny, 99-M.Dareus). JAX-99-M.Dareus was injured during the play.",5.429,0.317
2017,Conf. Champ.,January 21,home,Jacksonville Jaguars,https://www.pro-football-reference.com/boxscores/201801210nwe.htm,4,03:29,1,5,JAX 5,17,20,(3:29) (Shotgun) 28-J.White left guard to JAX 4 for 1 yard (93-C.Campbell).,5.746,-0.328
2017,Conf. Champ.,January 21,home,Jacksonville Jaguars,https://www.pro-football-reference.com/boxscores/201801210nwe.htm,4,02:56,2,4,JAX 4,23,20,"(2:56) 12-T.Brady pass short left to 80-D.Amendola for 4 yards, TOUCHDOWN. NE 12-Brady 22nd career postseason game with 2 pass TD, extends his NFL record (Favre, 15).",5.418,1.582
2017,Conf. Champ.,January 21,home,Jacksonville Jaguars,https://www.pro-football-reference.com/boxscores/201801210nwe.htm,4,02:48,,,JAX 15,24,20,"3-S.Gostkowski extra point is GOOD, Center-49-J.Cardona, Holder-6-R.Allen.",0.932,0.068
2017,Conf. Champ.,January 21,home,Jacksonville Jaguars,https://www.pro-football-reference.com/boxscores/201801210nwe.htm,4,02:48,,,NE 35,24,20,"3-S.Gostkowski kicks 65 yards from NE 35 to end zone, Touchback.",0.900,0.000
2017,Conf. Champ.,January 21,home,Jacksonville Jaguars,https://www.pro-football-reference.com/boxscores/201801210nwe.htm,4,02:48,1,10,JAX 25,24,20,(2:48) (Shotgun) 5-B.Bortles pass short middle to 11-M.Lee to JAX 33 for 8 yards (24-S.Gilmore).,0.900,0.480
2017,Conf. Champ.,January 21,home,Jacksonville Jaguars,https://www.pro-football-reference.com/boxscores/201801210nwe.htm,4,02:24,2,2,JAX 33,24,20,"(2:24) (No Huddle, Shotgun) 5-B.Bortles pass deep left to 12-D.Westbrook pushed ob at NE 38 for 29 yards (24-S.Gilmore) [98-T.Flowers].",1.380,1.691
2017,Conf. Champ.,January 21,home,Jacksonville Jaguars,https://www.pro-football-reference.com/boxscores/201801210nwe.htm,4,02:12,1,10,NE 38,24,20,(2:12) (Shotgun) 5-B.Bortles pass incomplete deep left to 27-L.Fournette.,3.071,-0.341
2017,Conf. Champ.,January 21,home,Jacksonville Jaguars,https://www.pro-football-reference.com/boxscores/201801210nwe.htm,4,02:07,2,10,NE 38,24,20,"(2:07) (Shotgun) 5-B.Bortles sacked at NE 45 for -7 yards (53-K.Van Noy). FUMBLES (53-K.Van Noy) [92-J.Harrison], recovered by JAX-74-C.Robinson at NE 47. 74-C.Robinson to NE 47 for no gain (98-T.Flowers).",2.730,-1.519
2017,Conf. Champ.,January 21,home,Jacksonville Jaguars,https://www.pro-football-reference.com/boxscores/201801210nwe.htm,4,02:00,3,19,NE 47,24,20,(2:00) (Shotgun) 5-B.Bortles pass short right to 80-J.O'Shaughnessy pushed ob at NE 43 for 4 yards (25-E.Rowe).,1.212,-1.270
2017,Conf. Champ.,January 21,home,Jacksonville Jaguars,https://www.pro-football-reference.com/boxscores/201801210nwe.htm,4,01:53,4,15,NE 43,24,20,(1:53) (Shotgun) 5-B.Bortles pass incomplete deep right to 12-D.Westbrook (24-S.Gilmore) [98-T.Flowers].,-0.059,-1.847
2017,Conf. Champ.,January 21,home,Jacksonville Jaguars,https://www.pro-football-reference.com/boxscores/201801210nwe.htm,4,01:47,1,10,NE 43,24,20,(1:47) 33-D.Lewis left tackle to NE 40 for -3 yards (97-M.Jackson).,1.906,-0.647
2017,Conf. Champ.,January 21,home,Jacksonville Jaguars,https://www.pro-football-reference.com/boxscores/201801210nwe.htm,4,01:42,,,NE 40,24,20,Timeout #1 by JAX at 01:42.,1.259,0.000
2017,Conf. Champ.,January 21,home,Jacksonville Jaguars,https://www.pro-football-reference.com/boxscores/201801210nwe.htm,4,01:42,2,13,NE 40,24,20,(1:42) 33-D.Lewis right guard to NE 44 for 4 yards (95-A.Jones).,1.259,-0.198
2017,Conf. Champ.,January 21,home,Jacksonville Jaguars,https://www.pro-football-reference.com/boxscores/201801210nwe.htm,4,01:38,,,NE 44,24,20,Timeout #2 by JAX at 01:38.,1.061,0.000
2017,Conf. Champ.,January 21,home,Jacksonville Jaguars,https://www.pro-football-reference.com/boxscores/201801210nwe.htm,4,01:38,3,9,NE 44,24,20,(1:38) 33-D.Lewis left end to JAX 38 for 18 yards (51-P.Posluszny).,1.061,0.764
2017,Conf. Champ.,January 21,home,Jacksonville Jaguars,https://www.pro-football-reference.com/boxscores/201801210nwe.htm,4,01:30,,,JAX 38,24,20,Timeout #3 by JAX at 01:30.,1.824,0.000
2017,Conf. Champ.,January 21,home,Jacksonville Jaguars,https://www.pro-football-reference.com/boxscores/201801210nwe.htm,4,01:30,1,10,JAX 38,24,20,(1:30) 12-T.Brady kneels to JAX 39 for -1 yards.,1.824,-0.451
2017,Conf. Champ.,January 21,home,Jacksonville Jaguars,https://www.pro-football-reference.com/boxscores/201801210nwe.htm,4,00:51,2,11,JAX 39,24,20,(:51) 12-T.Brady kneels to JAX 40 for -1 yards.,1.373,-0.389
2017,Conf. Champ.,January 21,home,Jacksonville Jaguars,https://www.pro-football-reference.com/boxscores/201801210nwe.htm,4,00:23,3,12,JAX 40,24,20,(:23) 12-T.Brady kneels to JAX 41 for -1 yards.,0.984,-0.984
2017,SuperBowl,February 4,neutral,Philadelphia Eagles,https://www.pro-football-reference.com/boxscores/201802040nwe.htm,1,15:00,,,NE 35,0,0,3-S.Gostkowski kicks 64 yards from NE 35 to PHI 1. 30-C.Clement pushed ob at PHI 26 for 25 yards (23-P.Chung).,0.840,0.042
2017,SuperBowl,February 4,neutral,Philadelphia Eagles,https://www.pro-football-reference.com/boxscores/201802040nwe.htm,1,14:54,1,10,PHI 26,0,0,(14:54) 9-N.Foles pass short right to 13-N.Agholor to PHI 30 for 4 yards (53-K.Van Noy).,0.882,-0.078
2017,SuperBowl,February 4,neutral,Philadelphia Eagles,https://www.pro-football-reference.com/boxscores/201802040nwe.htm,1,14:20,2,6,PHI 30,0,0,(14:20) (Shotgun) 9-N.Foles pass short right to 13-N.Agholor to PHI 32 for 2 yards (24-S.Gilmore).,0.804,-0.457
2017,SuperBowl,February 4,neutral,Philadelphia Eagles,https://www.pro-football-reference.com/boxscores/201802040nwe.htm,1,13:37,3,4,PHI 32,0,0,(13:37) (Shotgun) 9-N.Foles pass short left to 17-A.Jeffery ran ob at PHI 49 for 17 yards (25-E.Rowe).,0.347,2.142
2017,SuperBowl,February 4,neutral,Philadelphia Eagles,https://www.pro-football-reference.com/boxscores/201802040nwe.htm,1,13:12,1,10,PHI 49,0,0,(13:12) 29-L.Blount right tackle to PHI 47 for -2 yards (53-K.Van Noy).,2.489,-0.867
2017,SuperBowl,February 4,neutral,Philadelphia Eagles,https://www.pro-football-reference.com/boxscores/201802040nwe.htm,1,12:36,2,12,PHI 47,0,0,(12:36) (Shotgun) 9-N.Foles pass incomplete deep right to 82-T.Smith (32-D.McCourty).,1.623,-0.948
2017,SuperBowl,February 4,neutral,Philadelphia Eagles,https://www.pro-football-reference.com/boxscores/201802040nwe.htm,1,12:30,3,12,PHI 47,0,0,(12:30) (Shotgun) 9-N.Foles pass short middle to 82-T.Smith to NE 38 for 15 yards (25-E.Rowe).,0.675,2.826
2017,SuperBowl,February 4,neutral,Philadelphia Eagles,https://www.pro-football-reference.com/boxscores/201802040nwe.htm,1,11:47,1,10,NE 38,0,0,(11:47) (Shotgun) 9-N.Foles pass short middle to 86-Z.Ertz to NE 31 for 7 yards (23-P.Chung).,3.501,0.353
2017,SuperBowl,February 4,neutral,Philadelphia Eagles,https://www.pro-football-reference.com/boxscores/201802040nwe.htm,1,11:07,2,3,NE 31,0,0,(11:07) (Shotgun) 36-J.Ajayi right end to NE 27 for 4 yards (92-J.Harrison; 52-E.Roberts).,3.854,0.386
2017,SuperBowl,February 4,neutral,Philadelphia Eagles,https://www.pro-football-reference.com/boxscores/201802040nwe.htm,1,10:29,1,10,NE 27,0,0,(10:29) (Shotgun) 36-J.Ajayi right tackle to NE 21 for 6 yards (53-K.Van Noy).,4.240,0.172
2017,SuperBowl,February 4,neutral,Philadelphia Eagles,https://www.pro-football-reference.com/boxscores/201802040nwe.htm,1,09:51,2,4,NE 21,0,0,"(9:51) (Shotgun) 9-N.Foles pass short right to 30-C.Clement to NE 5 for 16 yards (52-E.Roberts, 30-D.Harmon).",4.412,1.440
2017,SuperBowl,February 4,neutral,Philadelphia Eagles,https://www.pro-football-reference.com/boxscores/201802040nwe.htm,1,09:07,1,5,NE 5,0,0,(9:07) 73-I.Seumalo reported in as eligible.  29-L.Blount right guard to NE 2 for 3 yards (93-L.Guy).,5.852,0.070
2017,SuperBowl,February 4,neutral,Philadelphia Eagles,https://www.pro-football-reference.com/boxscores/201802040nwe.htm,1,08:30,2,2,NE 2,0,0,"(8:30) PENALTY on PHI-86-Z.Ertz, False Start, 5 yards, enforced at NE 2 - No Play.",5.922,-0.869
2017,SuperBowl,February 4,neutral,Philadelphia Eagles,https://www.pro-football-reference.com/boxscores/201802040nwe.htm,1,08:09,2,7,NE 7,0,0,(8:09) (Shotgun) 9-N.Foles pass incomplete short left to 13-N.Agholor.,5.053,-0.841
2017,SuperBowl,February 4,neutral,Philadelphia Eagles,https://www.pro-football-reference.com/boxscores/201802040nwe.htm,1,08:03,3,7,NE 7,0,0,(8:03) 9-N.Foles pass incomplete short left to 17-A.Jeffery (25-E.Rowe).,4.211,-1.247
2017,SuperBowl,February 4,neutral,Philadelphia Eagles,https://www.pro-football-reference.com/boxscores/201802040nwe.htm,1,07:58,4,7,NE 7,0,3,"(7:58) 4-J.Elliott 25 yard field goal is GOOD, Center-45-R.Lovato, Holder-8-D.Jones.",2.964,0.036
2017,SuperBowl,February 4,neutral,Philadelphia Eagles,https://www.pro-football-reference.com/boxscores/201802040nwe.htm,1,07:55,,,PHI 35,0,3,"4-J.Elliott kicks 65 yards from PHI 35 to end zone, Touchback.",0.918,0.000
2017,SuperBowl,February 4,neutral,Philadelphia Eagles,https://www.pro-football-reference.com/boxscores/201802040nwe.htm,1,07:55,1,10,NE 25,0,3,(7:55) 12-T.Brady pass incomplete short left to 14-B.Cooks.,0.918,-0.596
2017,SuperBowl,February 4,neutral,Philadelphia Eagles,https://www.pro-football-reference.com/boxscores/201802040nwe.htm,1,07:52,2,10,NE 25,0,3,(7:52) (Shotgun) 12-T.Brady pass short left to 28-J.White pushed ob at NE 40 for 15 yards (27-M.Jenkins).,0.323,1.440
2017,SuperBowl,February 4,neutral,Philadelphia Eagles,https://www.pro-football-reference.com/boxscores/201802040nwe.htm,1,07:36,1,10,NE 40,0,3,"(7:36) (No Huddle, Shotgun) 12-T.Brady pass short left to 28-J.White to NE 44 for 4 yards (53-N.Bradham). PENALTY on PHI-21-P.Robinson, Defensive 12 On-field, 5 yards, enforced at NE 40 - No Play.",1.762,0.634
2017,SuperBowl,February 4,neutral,Philadelphia Eagles,https://www.pro-football-reference.com/boxscores/201802040nwe.htm,1,07:15,1,5,NE 45,0,3,(7:15) 12-T.Brady pass short left to 15-C.Hogan to PHI 27 for 28 yards (24-C.Graham; 23-R.McLeod).,2.396,1.853
2017,SuperBowl,February 4,neutral,Philadelphia Eagles,https://www.pro-football-reference.com/boxscores/201802040nwe.htm,1,06:45,1,10,PHI 27,0,3,(6:45) (No Huddle) 15-C.Hogan left end pushed ob at PHI 23 for 4 yards (31-J.Mills).,4.249,-0.069
2017,SuperBowl,February 4,neutral,Philadelphia Eagles,https://www.pro-football-reference.com/boxscores/201802040nwe.htm,1,06:20,2,6,PHI 23,0,3,(6:20) 12-T.Brady pass short middle to 87-R.Gronkowski to PHI 14 for 9 yards (23-R.McLeod).,4.180,0.896
2017,SuperBowl,February 4,neutral,Philadelphia Eagles,https://www.pro-football-reference.com/boxscores/201802040nwe.htm,1,05:39,1,10,PHI 14,0,3,(5:39) (Shotgun) 12-T.Brady pass short middle to 28-J.White to PHI 8 for 6 yards (53-N.Bradham).,5.077,0.177
2017,SuperBowl,February 4,neutral,Philadelphia Eagles,https://www.pro-football-reference.com/boxscores/201802040nwe.htm,1,05:07,2,4,PHI 8,0,3,(5:07) 28-J.White up the middle to PHI 8 for no gain (53-N.Bradham).,5.254,-0.779
2017,SuperBowl,February 4,neutral,Philadelphia Eagles,https://www.pro-football-reference.com/boxscores/201802040nwe.htm,1,04:25,3,4,PHI 8,0,3,(4:25) (Shotgun) 12-T.Brady pass incomplete short middle to 87-R.Gronkowski (31-J.Mills).,4.475,-1.521
2017,SuperBowl,February 4,neutral,Philadelphia Eagles,https://www.pro-football-reference.com/boxscores/201802040nwe.htm,1,04:20,4,4,PHI 8,3,3,"(4:20) 3-S.Gostkowski 26 yard field goal is GOOD, Center-49-J.Cardona, Holder-6-R.Allen.",2.954,0.046
2017,SuperBowl,February 4,neutral,Philadelphia Eagles,https://www.pro-football-reference.com/boxscores/201802040nwe.htm,1,04:17,,,NE 35,3,3,3-S.Gostkowski kicks 63 yards from NE 35 to PHI 2. 38-K.Barner to PHI 23 for 21 yards (36-B.King; 37-J.Richards).,0.910,-0.295
2017,SuperBowl,February 4,neutral,Philadelphia Eagles,https://www.pro-football-reference.com/boxscores/201802040nwe.htm,1,04:12,1,10,PHI 23,3,3,(4:12) (Shotgun) 9-N.Foles pass short left to 13-N.Agholor to PHI 30 for 7 yards (25-E.Rowe).,0.616,0.432
2017,SuperBowl,February 4,neutral,Philadelphia Eagles,https://www.pro-football-reference.com/boxscores/201802040nwe.htm,1,03:31,2,3,PHI 30,3,3,(3:31) (Shotgun) 29-L.Blount up the middle to NE 34 for 36 yards (30-D.Harmon).,1.048,2.674
2017,SuperBowl,February 4,neutral,Philadelphia Eagles,https://www.pro-football-reference.com/boxscores/201802040nwe.htm,1,02:41,1,10,NE 34,3,9,"(2:41) 9-N.Foles pass deep left to 17-A.Jeffery for 34 yards, TOUCHDOWN.",3.721,3.279
2017,SuperBowl,February 4,neutral,Philadelphia Eagles,https://www.pro-football-reference.com/boxscores/201802040nwe.htm,1,02:34,,,NE 15,3,9,"4-J.Elliott extra point is No Good, Wide Right, Center-45-R.Lovato, Holder-8-D.Jones.",0.949,-0.949
2017,SuperBowl,February 4,neutral,Philadelphia Eagles,https://www.pro-football-reference.com/boxscores/201802040nwe.htm,1,02:34,,,PHI 35,3,9,4-J.Elliott kicks 64 yards from PHI 35 to NE 1. 33-D.Lewis to NE 18 for 17 yards (52-N.Goode). NE-59-M.Flowers was injured during the play.,0.923,-0.528
2017,SuperBowl,February 4,neutral,Philadelphia Eagles,https://www.pro-football-reference.com/boxscores/201802040nwe.htm,1,02:30,1,10,NE 18,3,9,(2:30) 33-D.Lewis up the middle to NE 26 for 8 yards (95-M.Kendricks).,0.394,0.626
2017,SuperBowl,February 4,neutral,Philadelphia Eagles,https://www.pro-football-reference.com/boxscores/201802040nwe.htm,1,02:02,2,2,NE 26,3,9,"(2:02) (No Huddle) PENALTY on NE-87-R.Gronkowski, False Start, 5 yards, enforced at NE 26 - No Play.",1.021,-0.916
2017,SuperBowl,February 4,neutral,Philadelphia Eagles,https://www.pro-football-reference.com/boxscores/201802040nwe.htm,1,01:46,2,7,NE 21,3,9,(1:46) 12-T.Brady pass incomplete deep middle to 15-C.Hogan.,0.105,-0.738
2017,SuperBowl,February 4,neutral,Philadelphia Eagles,https://www.pro-football-reference.com/boxscores/201802040nwe.htm,1,01:41,3,7,NE 21,3,9,(1:41) (Shotgun) 12-T.Brady pass deep left to 80-D.Amendola to PHI 29 for 50 yards (41-R.Darby).,-0.634,4.753
2017,SuperBowl,February 4,neutral,Philadelphia Eagles,https://www.pro-football-reference.com/boxscores/201802040nwe.htm,1,01:02,1,10,PHI 29,3,9,(1:02) (No Huddle) 12-T.Brady pass short right to 15-C.Hogan to PHI 17 for 12 yards (31-J.Mills).,4.119,0.763
2017,SuperBowl,February 4,neutral,Philadelphia Eagles,https://www.pro-football-reference.com/boxscores/201802040nwe.htm,1,00:39,1,10,PHI 17,3,9,(:39) (No Huddle) 28-J.White left guard to PHI 11 for 6 yards (23-R.McLeod).,4.883,0.175
2017,SuperBowl,February 4,neutral,Philadelphia Eagles,https://www.pro-football-reference.com/boxscores/201802040nwe.htm,1,00:09,2,4,PHI 11,3,9,(:09) (No Huddle) 28-J.White up the middle to PHI 9 for 2 yards (53-N.Bradham; 24-C.Graham).,5.057,-0.372
2017,SuperBowl,February 4,neutral,Philadelphia Eagles,https://www.pro-football-reference.com/boxscores/201802040nwe.htm,2,15:00,3,2,PHI 9,3,9,(15:00) 14-B.Cooks right end to PHI 8 for 1 yard (23-R.McLeod).,4.686,-1.732
2017,SuperBowl,February 4,neutral,Philadelphia Eagles,https://www.pro-football-reference.com/boxscores/201802040nwe.htm,2,14:18,4,1,PHI 8,3,9,"(14:18) 3-S.Gostkowski 26 yard field goal is No Good, Hit Left Upright, Center-49-J.Cardona, Holder-6-R.Allen. Mishandled snap.",2.953,-3.574
2017,SuperBowl,February 4,neutral,Philadelphia Eagles,https://www.pro-football-reference.com/boxscores/201802040nwe.htm,2,14:13,1,10,PHI 20,3,9,(14:13) (Shotgun) 36-J.Ajayi right end to PHI 22 for 2 yards (32-D.McCourty; 23-P.Chung).,0.620,-0.486
2017,SuperBowl,February 4,neutral,Philadelphia Eagles,https://www.pro-football-reference.com/boxscores/201802040nwe.htm,2,13:31,2,8,PHI 22,3,9,(13:31) (Shotgun) 9-N.Foles pass incomplete short right to 30-C.Clement.,0.135,-0.706
2017,SuperBowl,February 4,neutral,Philadelphia Eagles,https://www.pro-football-reference.com/boxscores/201802040nwe.htm,2,13:23,3,8,PHI 22,3,9,(13:23) (Shotgun) 9-N.Foles pass incomplete short right to 86-Z.Ertz (32-D.McCourty).,-0.571,-1.392
2017,SuperBowl,February 4,neutral,Philadelphia Eagles,https://www.pro-football-reference.com/boxscores/201802040nwe.htm,2,13:16,4,8,PHI 22,3,9,"(13:16) 8-D.Jones punts 41 yards to NE 37, Center-45-R.Lovato, fair catch by 80-D.Amendola.",-1.963,0.287
2017,SuperBowl,February 4,neutral,Philadelphia Eagles,https://www.pro-football-reference.com/boxscores/201802040nwe.htm,2,13:11,1,10,NE 37,3,9,(13:11) 12-T.Brady pass deep left to 14-B.Cooks to PHI 40 for 23 yards (27-M.Jenkins) [53-N.Bradham]. NE-14-B.Cooks was injured during the play. He is Out.,1.676,1.608
2017,SuperBowl,February 4,neutral,Philadelphia Eagles,https://www.pro-football-reference.com/boxscores/201802040nwe.htm,2,12:49,1,10,PHI 40,3,9,(12:49) (Shotgun) 12-T.Brady pass incomplete short left to 28-J.White (27-M.Jenkins) [93-T.Jernigan].,3.284,-0.504
2017,SuperBowl,February 4,neutral,Philadelphia Eagles,https://www.pro-football-reference.com/boxscores/201802040nwe.htm,2,12:45,2,10,PHI 40,3,9,(12:45) 33-D.Lewis up the middle to PHI 35 for 5 yards (53-N.Bradham; 24-C.Graham).,2.780,-0.090
2017,SuperBowl,February 4,neutral,Philadelphia Eagles,https://www.pro-football-reference.com/boxscores/201802040nwe.htm,2,12:04,3,5,PHI 35,3,9,(12:04) (Shotgun) 80-D.Amendola pass incomplete short right to 12-T.Brady.,2.690,-1.001
2017,SuperBowl,February 4,neutral,Philadelphia Eagles,https://www.pro-football-reference.com/boxscores/201802040nwe.htm,2,11:58,4,5,PHI 35,3,9,(11:58) (Shotgun) 12-T.Brady pass incomplete deep right to 87-R.Gronkowski (31-J.Mills) [55-B.Graham].,1.690,-3.207
2017,SuperBowl,February 4,neutral,Philadelphia Eagles,https://www.pro-football-reference.com/boxscores/201802040nwe.htm,2,11:53,1,10,PHI 35,3,9,"(11:53) (Shotgun) 36-J.Ajayi right tackle to PHI 34 for -1 yards (98-T.Flowers, 52-E.Roberts).",1.517,-0.729
2017,SuperBowl,February 4,neutral,Philadelphia Eagles,https://www.pro-football-reference.com/boxscores/201802040nwe.htm,2,11:15,2,11,PHI 34,3,9,(11:15) (Shotgun) 36-J.Ajayi left tackle to PHI 38 for 4 yards (32-D.McCourty).,0.788,-0.245
2017,SuperBowl,February 4,neutral,Philadelphia Eagles,https://www.pro-football-reference.com/boxscores/201802040nwe.htm,2,10:30,3,7,PHI 38,3,9,(10:30) (Shotgun) 9-N.Foles pass short middle to 86-Z.Ertz to NE 43 for 19 yards (37-J.Richards).,0.542,2.417
2017,SuperBowl,February 4,neutral,Philadelphia Eagles,https://www.pro-football-reference.com/boxscores/201802040nwe.htm,2,09:45,1,10,NE 43,3,9,(9:45) (Shotgun) 9-N.Foles pass incomplete short right to 17-A.Jeffery.,2.959,-0.468
2017,SuperBowl,February 4,neutral,Philadelphia Eagles,https://www.pro-football-reference.com/boxscores/201802040nwe.htm,2,09:40,2,10,NE 43,3,9,(9:40) (Shotgun) 9-N.Foles pass deep right to 17-A.Jeffery to NE 21 for 22 yards (24-S.Gilmore).,2.491,2.064
2017,SuperBowl,February 4,neutral,Philadelphia Eagles,https://www.pro-football-reference.com/boxscores/201802040nwe.htm,2,08:55,1,10,NE 21,3,15,"(8:55) 73-I.Seumalo reported in as eligible.  29-L.Blount left end for 21 yards, TOUCHDOWN.",4.555,2.445
2017,SuperBowl,February 4,neutral,Philadelphia Eagles,https://www.pro-football-reference.com/boxscores/201802040nwe.htm,2,08:48,,,NE 2,3,15,TWO-POINT CONVERSION ATTEMPT. 9-N.Foles pass to 17-A.Jeffery is incomplete. ATTEMPT FAILS.,0.947,-0.947
2017,SuperBowl,February 4,neutral,Philadelphia Eagles,https://www.pro-football-reference.com/boxscores/201802040nwe.htm,2,08:48,,,PHI 35,3,15,"4-J.Elliott kicks 65 yards from PHI 35 to end zone, Touchback.",1.176,0.000
2017,SuperBowl,February 4,neutral,Philadelphia Eagles,https://www.pro-football-reference.com/boxscores/201802040nwe.htm,2,08:48,1,10,NE 25,3,15,(8:48) 12-T.Brady pass short right to 34-R.Burkhead to PHI 29 for 46 yards (24-C.Graham) [91-F.Cox].,1.176,2.863
2017,SuperBowl,February 4,neutral,Philadelphia Eagles,https://www.pro-football-reference.com/boxscores/201802040nwe.htm,2,08:17,1,10,PHI 29,3,15,(8:17) (No Huddle) 12-T.Brady pass incomplete short right to 80-D.Amendola.,4.039,-0.402
2017,SuperBowl,February 4,neutral,Philadelphia Eagles,https://www.pro-football-reference.com/boxscores/201802040nwe.htm,2,08:12,2,10,PHI 29,3,15,(8:12) (Shotgun) 12-T.Brady pass short left to 80-D.Amendola to PHI 27 for 2 yards (27-M.Jenkins).,3.637,-0.520
2017,SuperBowl,February 4,neutral,Philadelphia Eagles,https://www.pro-football-reference.com/boxscores/201802040nwe.htm,2,07:33,3,8,PHI 27,3,15,(7:33) (Shotgun) 12-T.Brady pass incomplete short right to 28-J.White.,3.117,-1.206
2017,SuperBowl,February 4,neutral,Philadelphia Eagles,https://www.pro-football-reference.com/boxscores/201802040nwe.htm,2,07:29,4,8,PHI 27,6,15,"(7:29) 3-S.Gostkowski 45 yard field goal is GOOD, Center-49-J.Cardona, Holder-6-R.Allen.",1.911,1.089
2017,SuperBowl,February 4,neutral,Philadelphia Eagles,https://www.pro-football-reference.com/boxscores/201802040nwe.htm,2,07:24,,,NE 35,6,15,"3-S.Gostkowski kicks 65 yards from NE 35 to end zone, Touchback.",1.262,0.000
2017,SuperBowl,February 4,neutral,Philadelphia Eagles,https://www.pro-football-reference.com/boxscores/201802040nwe.htm,2,07:24,1,10,PHI 25,6,15,"(7:24) (Shotgun) PENALTY on PHI-86-Z.Ertz, False Start, 5 yards, enforced at PHI 25 - No Play.",1.262,-0.745
2017,SuperBowl,February 4,neutral,Philadelphia Eagles,https://www.pro-football-reference.com/boxscores/201802040nwe.htm,2,07:24,1,15,PHI 20,6,15,(7:24) (Shotgun) 30-C.Clement left end to PHI 21 for 1 yard (52-E.Roberts).,0.517,-0.667
2017,SuperBowl,February 4,neutral,Philadelphia Eagles,https://www.pro-football-reference.com/boxscores/201802040nwe.htm,2,06:40,2,14,PHI 21,6,15,(6:40) (Shotgun) 9-N.Foles pass short right to 82-T.Smith to PHI 31 for 10 yards (24-S.Gilmore).,-0.150,0.783
2017,SuperBowl,February 4,neutral,Philadelphia Eagles,https://www.pro-football-reference.com/boxscores/201802040nwe.htm,2,05:55,3,4,PHI 31,6,15,(5:55) (Shotgun) 36-J.Ajayi right tackle to NE 43 for 26 yards (92-J.Harrison).,0.632,2.432
2017,SuperBowl,February 4,neutral,Philadelphia Eagles,https://www.pro-football-reference.com/boxscores/201802040nwe.htm,2,05:15,1,10,NE 43,6,15,"(5:15) (No Huddle, Shotgun) 9-N.Foles pass deep right intended for 17-A.Jeffery INTERCEPTED by 30-D.Harmon (24-S.Gilmore) at NE 2. 30-D.Harmon to NE 10 for 8 yards (17-A.Jeffery; 88-T.Burton).",3.065,-3.123
2017,SuperBowl,February 4,neutral,Philadelphia Eagles,https://www.pro-football-reference.com/boxscores/201802040nwe.htm,2,05:01,1,10,NE 10,6,15,(5:01) 33-D.Lewis left tackle to NE 14 for 4 yards (93-T.Jernigan; 95-M.Kendricks).,0.058,-0.134
2017,SuperBowl,February 4,neutral,Philadelphia Eagles,https://www.pro-football-reference.com/boxscores/201802040nwe.htm,2,04:23,2,6,NE 14,6,15,(4:23) (Shotgun) 12-T.Brady pass incomplete short left to 87-R.Gronkowski (41-R.Darby).,-0.076,-0.557
2017,SuperBowl,February 4,neutral,Philadelphia Eagles,https://www.pro-football-reference.com/boxscores/201802040nwe.htm,2,04:19,3,6,NE 14,6,15,"(4:19) (Shotgun) 12-T.Brady pass incomplete short left to 15-C.Hogan. PENALTY on PHI-31-J.Mills, Defensive Holding, 5 yards, enforced at NE 14 - No Play.",-0.632,1.240
2017,SuperBowl,February 4,neutral,Philadelphia Eagles,https://www.pro-football-reference.com/boxscores/201802040nwe.htm,2,04:15,1,10,NE 19,6,15,(4:15) 33-D.Lewis left guard to NE 24 for 5 yards (91-F.Cox).,0.608,-0.071
2017,SuperBowl,February 4,neutral,Philadelphia Eagles,https://www.pro-football-reference.com/boxscores/201802040nwe.htm,2,03:46,2,5,NE 24,6,15,(3:46) 33-D.Lewis left end to NE 31 for 7 yards (94-B.Allen; 95-M.Kendricks).,0.537,0.870
2017,SuperBowl,February 4,neutral,Philadelphia Eagles,https://www.pro-football-reference.com/boxscores/201802040nwe.htm,2,02:59,1,10,NE 31,6,15,(2:59) (Shotgun) 12-T.Brady pass incomplete short middle to 87-R.Gronkowski (23-R.McLeod).,1.407,-0.433
2017,SuperBowl,February 4,neutral,Philadelphia Eagles,https://www.pro-football-reference.com/boxscores/201802040nwe.htm,2,02:55,2,10,NE 31,6,15,(2:55) (Shotgun) 12-T.Brady pass deep right to 15-C.Hogan to PHI 26 for 43 yards (31-J.Mills).,0.974,2.889
2017,SuperBowl,February 4,neutral,Philadelphia Eagles,https://www.pro-football-reference.com/boxscores/201802040nwe.htm,2,02:12,1,10,PHI 26,12,15,"(2:12) 28-J.White left guard for 26 yards, TOUCHDOWN.",3.863,3.137
2017,SuperBowl,February 4,neutral,Philadelphia Eagles,https://www.pro-football-reference.com/boxscores/201802040nwe.htm,2,02:04,,,PHI 15,12,15,"3-S.Gostkowski extra point is No Good, Wide Left, Center-49-J.Cardona, Holder-6-R.Allen.",0.949,-0.949
2017,SuperBowl,February 4,neutral,Philadelphia Eagles,https://www.pro-football-reference.com/boxscores/201802040nwe.htm,2,02:04,,,NE 35,12,15,3-S.Gostkowski kicks 62 yards from NE 35 to PHI 3. 38-K.Barner to PHI 30 for 27 yards (3-S.Gostkowski).,1.065,0.264
2017,SuperBowl,February 4,neutral,Philadelphia Eagles,https://www.pro-football-reference.com/boxscores/201802040nwe.htm,2,01:59,1,10,PHI 30,12,15,(1:59) (Shotgun) 9-N.Foles pass short right to 86-Z.Ertz pushed ob at PHI 37 for 7 yards (37-J.Richards).,1.329,-0.043
2017,SuperBowl,February 4,neutral,Philadelphia Eagles,https://www.pro-football-reference.com/boxscores/201802040nwe.htm,2,01:52,2,3,PHI 37,12,15,(1:52) (Shotgun) 9-N.Foles pass incomplete short left to 82-T.Smith (25-E.Rowe).,1.286,-0.472
2017,SuperBowl,February 4,neutral,Philadelphia Eagles,https://www.pro-football-reference.com/boxscores/201802040nwe.htm,2,01:46,3,3,PHI 37,12,15,(1:46) (Shotgun) 9-N.Foles pass short right to 30-C.Clement to NE 8 for 55 yards (23-P.Chung).,0.814,4.327
2017,SuperBowl,February 4,neutral,Philadelphia Eagles,https://www.pro-football-reference.com/boxscores/201802040nwe.htm,2,00:53,1,8,NE 8,12,15,(:53) (Shotgun) 30-C.Clement left guard to NE 2 for 6 yards (30-D.Harmon; 52-E.Roberts).,5.141,0.570
2017,SuperBowl,February 4,neutral,Philadelphia Eagles,https://www.pro-football-reference.com/boxscores/201802040nwe.htm,2,00:45,,,NE 2,12,15,Timeout #1 by NE at 00:45.,5.710,0.000
2017,SuperBowl,February 4,neutral,Philadelphia Eagles,https://www.pro-football-reference.com/boxscores/201802040nwe.htm,2,00:45,2,2,NE 2,12,15,(:45) 30-C.Clement up the middle to NE 1 for 1 yard (53-K.Van Noy).,5.710,-0.165
2017,SuperBowl,February 4,neutral,Philadelphia Eagles,https://www.pro-football-reference.com/boxscores/201802040nwe.htm,2,00:41,,,NE 1,12,15,Timeout #2 by NE at 00:41.,5.545,0.000
2017,SuperBowl,February 4,neutral,Philadelphia Eagles,https://www.pro-football-reference.com/boxscores/201802040nwe.htm,2,00:41,3,1,NE 1,12,15,(:41) (Shotgun) 9-N.Foles pass incomplete short left to 17-A.Jeffery (24-S.Gilmore).,5.545,-1.685
2017,SuperBowl,February 4,neutral,Philadelphia Eagles,https://www.pro-football-reference.com/boxscores/201802040nwe.htm,2,00:38,,,NE 1,12,15,Timeout #1 by PHI at 00:38.,3.861,0.000
2017,SuperBowl,February 4,neutral,Philadelphia Eagles,https://www.pro-football-reference.com/boxscores/201802040nwe.htm,2,00:38,4,1,NE 1,12,21,"(:38) (Shotgun) 88-T.Burton pass short right to 9-N.Foles for 1 yard, TOUCHDOWN. PHI 9-N.Foles first career Reception.",3.861,3.139
2017,SuperBowl,February 4,neutral,Philadelphia Eagles,https://www.pro-football-reference.com/boxscores/201802040nwe.htm,2,00:34,,,NE 15,12,22,"4-J.Elliott extra point is GOOD, Center-45-R.Lovato, Holder-8-D.Jones.",0.949,0.051
2017,SuperBowl,February 4,neutral,Philadelphia Eagles,https://www.pro-football-reference.com/boxscores/201802040nwe.htm,2,00:34,,,PHI 35,12,22,"4-J.Elliott kicks 65 yards from PHI 35 to end zone, Touchback.",0.611,0.000
2017,SuperBowl,February 4,neutral,Philadelphia Eagles,https://www.pro-football-reference.com/boxscores/201802040nwe.htm,2,00:34,1,10,NE 25,12,22,(:34) (Shotgun) 12-T.Brady pass incomplete deep right to 80-D.Amendola.,0.611,-0.232
2017,SuperBowl,February 4,neutral,Philadelphia Eagles,https://www.pro-football-reference.com/boxscores/201802040nwe.htm,2,00:27,2,10,NE 25,12,22,(:27) (Shotgun) 12-T.Brady pass deep left to 13-P.Dorsett to NE 44 for 19 yards (41-R.Darby).,0.379,0.229
2017,SuperBowl,February 4,neutral,Philadelphia Eagles,https://www.pro-football-reference.com/boxscores/201802040nwe.htm,2,00:22,,,NE 44,12,22,Timeout #3 by NE at 00:22.,0.608,0.000
2017,SuperBowl,February 4,neutral,Philadelphia Eagles,https://www.pro-football-reference.com/boxscores/201802040nwe.htm,2,00:22,1,10,NE 44,12,22,(:22) (Shotgun) 12-T.Brady scrambles left end to 50 for 6 yards (55-B.Graham).,0.608,-0.209
2017,SuperBowl,February 4,neutral,Philadelphia Eagles,https://www.pro-football-reference.com/boxscores/201802040nwe.htm,2,00:04,2,4,MID 50,12,22,(:04) 12-T.Brady spiked the ball to stop the clock.,0.399,-0.004
2017,SuperBowl,February 4,neutral,Philadelphia Eagles,https://www.pro-football-reference.com/boxscores/201802040nwe.htm,2,00:03,,,MID 50,12,22,Timeout #2 by PHI at 00:03.,0.394,0.000
2017,SuperBowl,February 4,neutral,Philadelphia Eagles,https://www.pro-football-reference.com/boxscores/201802040nwe.htm,2,00:03,3,4,MID 50,12,22,(:03) (Shotgun) 12-T.Brady pass short right to 80-D.Amendola to PHI 27 for 23 yards (24-C.Graham).,0.394,-0.394
2017,SuperBowl,February 4,neutral,Philadelphia Eagles,https://www.pro-football-reference.com/boxscores/201802040nwe.htm,3,15:00,,,PHI 35,12,22,"4-J.Elliott kicks 65 yards from PHI 35 to end zone, Touchback.",0.840,0.000
2017,SuperBowl,February 4,neutral,Philadelphia Eagles,https://www.pro-football-reference.com/boxscores/201802040nwe.htm,3,15:00,1,10,NE 25,12,22,(15:00) 12-T.Brady pass incomplete short right to 87-R.Gronkowski.,0.840,-0.732
2017,SuperBowl,February 4,neutral,Philadelphia Eagles,https://www.pro-football-reference.com/boxscores/201802040nwe.htm,3,14:57,2,10,NE 25,12,22,(14:57) (Shotgun) 12-T.Brady pass deep right to 87-R.Gronkowski pushed ob at 50 for 25 yards (24-C.Graham).,0.108,2.395
2017,SuperBowl,February 4,neutral,Philadelphia Eagles,https://www.pro-football-reference.com/boxscores/201802040nwe.htm,3,14:33,1,10,MID 50,12,22,(14:33) (Shotgun) 12-T.Brady pass deep right to 87-R.Gronkowski to PHI 26 for 24 yards (24-C.Graham).,2.503,1.745
2017,SuperBowl,February 4,neutral,Philadelphia Eagles,https://www.pro-football-reference.com/boxscores/201802040nwe.htm,3,14:10,1,10,PHI 26,12,22,(14:10) (No Huddle) 28-J.White left tackle to PHI 22 for 4 yards (75-V.Curry).,4.248,0.029
2017,SuperBowl,February 4,neutral,Philadelphia Eagles,https://www.pro-football-reference.com/boxscores/201802040nwe.htm,3,13:32,2,6,PHI 22,12,22,(13:32) (Shotgun) 12-T.Brady pass incomplete short right to 46-J.Develin.,4.277,-0.636
2017,SuperBowl,February 4,neutral,Philadelphia Eagles,https://www.pro-football-reference.com/boxscores/201802040nwe.htm,3,13:25,3,6,PHI 22,12,22,(13:25) (Shotgun) 12-T.Brady pass short left to 87-R.Gronkowski to PHI 8 for 14 yards (24-C.Graham).,3.641,1.770
2017,SuperBowl,February 4,neutral,Philadelphia Eagles,https://www.pro-football-reference.com/boxscores/201802040nwe.htm,3,12:55,1,8,PHI 8,12,22,(12:55) (No Huddle) 28-J.White up the middle to PHI 5 for 3 yards (31-J.Mills; 56-C.Long).,5.411,-0.046
2017,SuperBowl,February 4,neutral,Philadelphia Eagles,https://www.pro-football-reference.com/boxscores/201802040nwe.htm,3,12:19,2,5,PHI 5,18,22,"(12:19) (Shotgun) 12-T.Brady pass short left to 87-R.Gronkowski for 5 yards, TOUCHDOWN.",5.364,1.636
2017,SuperBowl,February 4,neutral,Philadelphia Eagles,https://www.pro-football-reference.com/boxscores/201802040nwe.htm,3,12:15,,,PHI 15,19,22,"3-S.Gostkowski extra point is GOOD, Center-49-J.Cardona, Holder-6-R.Allen.",0.949,0.051
2017,SuperBowl,February 4,neutral,Philadelphia Eagles,https://www.pro-football-reference.com/boxscores/201802040nwe.htm,3,12:15,,,NE 35,19,22,"3-S.Gostkowski kicks 65 yards from NE 35 to PHI 0. 38-K.Barner to PHI 25 for 25 yards (29-J.Bademosi). PENALTY on PHI-54-K.Grugier-Hill, Illegal Block Above the Waist, 10 yards, enforced at PHI 25.",0.934,-0.782
2017,SuperBowl,February 4,neutral,Philadelphia Eagles,https://www.pro-football-reference.com/boxscores/201802040nwe.htm,3,12:08,1,10,PHI 15,19,22,(12:08) (Shotgun) 29-L.Blount left guard to PHI 19 for 4 yards (90-M.Brown; 98-T.Flowers).,0.152,-0.114
2017,SuperBowl,February 4,neutral,Philadelphia Eagles,https://www.pro-football-reference.com/boxscores/201802040nwe.htm,3,11:34,2,6,PHI 19,19,22,(11:34) (Shotgun) 9-N.Foles pass incomplete short left to 13-N.Agholor.,0.038,-0.758
2017,SuperBowl,February 4,neutral,Philadelphia Eagles,https://www.pro-football-reference.com/boxscores/201802040nwe.htm,3,11:27,3,6,PHI 19,19,22,(11:27) (Shotgun) 9-N.Foles pass short left to 13-N.Agholor ran ob at PHI 36 for 17 yards (23-P.Chung).,-0.720,2.347
2017,SuperBowl,February 4,neutral,Philadelphia Eagles,https://www.pro-football-reference.com/boxscores/201802040nwe.htm,3,10:53,1,10,PHI 36,19,22,(10:53) 73-I.Seumalo reported in as eligible.  29-L.Blount right end to PHI 41 for 5 yards (93-L.Guy).,1.627,-0.018
2017,SuperBowl,February 4,neutral,Philadelphia Eagles,https://www.pro-football-reference.com/boxscores/201802040nwe.htm,3,10:10,2,5,PHI 41,19,22,(10:10) (Shotgun) 29-L.Blount left guard to NE 49 for 10 yards (90-M.Brown).,1.609,1.023
2017,SuperBowl,February 4,neutral,Philadelphia Eagles,https://www.pro-football-reference.com/boxscores/201802040nwe.htm,3,09:27,1,10,NE 49,19,22,(9:27) 9-N.Foles pass incomplete short right to 82-T.Smith.,2.632,-0.503
2017,SuperBowl,February 4,neutral,Philadelphia Eagles,https://www.pro-football-reference.com/boxscores/201802040nwe.htm,3,09:23,2,10,NE 49,19,22,(9:23) (Shotgun) 36-J.Ajayi right end to NE 40 for 9 yards (52-E.Roberts; 23-P.Chung).,2.129,0.779
2017,SuperBowl,February 4,neutral,Philadelphia Eagles,https://www.pro-football-reference.com/boxscores/201802040nwe.htm,3,08:57,3,1,NE 40,19,22,(8:57) 73-I.Seumalo reported in as eligible.  9-N.Foles pass short right to 86-Z.Ertz to NE 26 for 14 yards (37-J.Richards).,2.908,1.411
2017,SuperBowl,February 4,neutral,Philadelphia Eagles,https://www.pro-football-reference.com/boxscores/201802040nwe.htm,3,08:14,1,10,NE 26,19,22,(8:14) (Shotgun) 29-L.Blount left end to NE 22 for 4 yards (98-T.Flowers).,4.320,-0.106
2017,SuperBowl,February 4,neutral,Philadelphia Eagles,https://www.pro-football-reference.com/boxscores/201802040nwe.htm,3,07:33,2,6,NE 22,19,22,(7:33) (Shotgun) 9-N.Foles pass incomplete deep right to 88-T.Burton.,4.214,-0.583
2017,SuperBowl,February 4,neutral,Philadelphia Eagles,https://www.pro-football-reference.com/boxscores/201802040nwe.htm,3,07:25,3,6,NE 22,19,28,"(7:25) (Shotgun) 9-N.Foles pass deep left to 30-C.Clement for 22 yards, TOUCHDOWN. The Replay Official reviewed the pass completion ruling, and the play was Upheld. The ruling on the field stands.",3.631,3.369
2017,SuperBowl,February 4,neutral,Philadelphia Eagles,https://www.pro-football-reference.com/boxscores/201802040nwe.htm,3,07:18,,,NE 15,19,29,"4-J.Elliott extra point is GOOD, Center-45-R.Lovato, Holder-8-D.Jones.",0.949,0.051
2017,SuperBowl,February 4,neutral,Philadelphia Eagles,https://www.pro-football-reference.com/boxscores/201802040nwe.htm,3,07:18,,,PHI 35,19,29,4-J.Elliott kicks 65 yards from PHI 35 to NE 0. 33-D.Lewis to NE 25 for 25 yards (52-N.Goode; 88-T.Burton).,0.897,-0.003
2017,SuperBowl,February 4,neutral,Philadelphia Eagles,https://www.pro-football-reference.com/boxscores/201802040nwe.htm,3,07:13,1,10,NE 25,19,29,(7:13) 33-D.Lewis right tackle to NE 26 for 1 yard (31-J.Mills; 75-V.Curry).,0.894,-0.547
2017,SuperBowl,February 4,neutral,Philadelphia Eagles,https://www.pro-football-reference.com/boxscores/201802040nwe.htm,3,06:37,2,9,NE 26,19,29,"(6:37) 12-T.Brady pass incomplete short left to 15-C.Hogan (24-C.Graham). PENALTY on PHI-95-M.Kendricks, Defensive Holding, 5 yards, enforced at NE 26 - No Play.",0.347,0.859
2017,SuperBowl,February 4,neutral,Philadelphia Eagles,https://www.pro-football-reference.com/boxscores/201802040nwe.htm,3,06:32,1,10,NE 31,19,29,(6:32) 33-D.Lewis left guard to NE 32 for 1 yard (75-V.Curry; 53-N.Bradham).,1.206,-0.425
2017,SuperBowl,February 4,neutral,Philadelphia Eagles,https://www.pro-football-reference.com/boxscores/201802040nwe.htm,3,05:51,2,9,NE 32,19,29,(5:51) 12-T.Brady pass short middle to 15-C.Hogan to NE 48 for 16 yards (41-R.Darby).,0.781,1.644
2017,SuperBowl,February 4,neutral,Philadelphia Eagles,https://www.pro-football-reference.com/boxscores/201802040nwe.htm,3,05:20,1,10,NE 48,19,29,(5:20) (Shotgun) 33-D.Lewis left guard to 50 for 2 yards (27-M.Jenkins).,2.425,-0.410
2017,SuperBowl,February 4,neutral,Philadelphia Eagles,https://www.pro-football-reference.com/boxscores/201802040nwe.htm,3,04:45,2,8,MID 50,19,29,(4:45) 33-D.Lewis up the middle to PHI 44 for 6 yards (23-R.McLeod; 31-J.Mills).,2.015,0.219
2017,SuperBowl,February 4,neutral,Philadelphia Eagles,https://www.pro-football-reference.com/boxscores/201802040nwe.htm,3,04:07,3,2,PHI 44,19,29,(4:07) (Shotgun) 12-T.Brady pass deep left to 80-D.Amendola to PHI 26 for 18 yards (21-P.Robinson).,2.234,2.075
2017,SuperBowl,February 4,neutral,Philadelphia Eagles,https://www.pro-football-reference.com/boxscores/201802040nwe.htm,3,03:29,1,10,PHI 26,25,29,"(3:29) 12-T.Brady pass deep right to 15-C.Hogan for 26 yards, TOUCHDOWN.",4.309,2.691
2017,SuperBowl,February 4,neutral,Philadelphia Eagles,https://www.pro-football-reference.com/boxscores/201802040nwe.htm,3,03:23,,,PHI 15,26,29,"3-S.Gostkowski extra point is GOOD, Center-49-J.Cardona, Holder-6-R.Allen.",0.949,0.051
2017,SuperBowl,February 4,neutral,Philadelphia Eagles,https://www.pro-football-reference.com/boxscores/201802040nwe.htm,3,03:23,,,NE 35,26,29,"3-S.Gostkowski kicks 65 yards from NE 35 to end zone, Touchback.",0.916,0.000
2017,SuperBowl,February 4,neutral,Philadelphia Eagles,https://www.pro-football-reference.com/boxscores/201802040nwe.htm,3,03:23,1,10,PHI 25,26,29,(3:23) (Shotgun) 9-N.Foles pass deep right to 13-N.Agholor pushed ob at PHI 49 for 24 yards (23-P.Chung).,0.916,1.579
2017,SuperBowl,February 4,neutral,Philadelphia Eagles,https://www.pro-football-reference.com/boxscores/201802040nwe.htm,3,02:42,1,10,PHI 49,26,29,(2:42) (Shotgun) 9-N.Foles pass short middle to 82-T.Smith to NE 34 for 17 yards (32-D.McCourty).,2.495,1.216
2017,SuperBowl,February 4,neutral,Philadelphia Eagles,https://www.pro-football-reference.com/boxscores/201802040nwe.htm,3,02:04,1,10,NE 34,26,29,(2:04) 73-I.Seumalo reported in as eligible.  29-L.Blount right end to NE 32 for 2 yards (90-M.Brown).,3.710,-0.236
2017,SuperBowl,February 4,neutral,Philadelphia Eagles,https://www.pro-football-reference.com/boxscores/201802040nwe.htm,3,01:23,2,8,NE 32,26,29,"(1:23) 13-N.Agholor left end to NE 23 for 9 yards (25-E.Rowe, 23-P.Chung).",3.474,0.977
2017,SuperBowl,February 4,neutral,Philadelphia Eagles,https://www.pro-football-reference.com/boxscores/201802040nwe.htm,3,00:39,1,10,NE 23,26,29,(:39) (Shotgun) 9-N.Foles pass incomplete deep left to 86-Z.Ertz [92-J.Harrison].,4.451,-0.391
2017,SuperBowl,February 4,neutral,Philadelphia Eagles,https://www.pro-football-reference.com/boxscores/201802040nwe.htm,3,00:34,2,10,NE 23,26,29,(:34) (Shotgun) 9-N.Foles pass short left to 82-T.Smith pushed ob at NE 16 for 7 yards (32-D.McCourty).,4.060,0.068
2017,SuperBowl,February 4,neutral,Philadelphia Eagles,https://www.pro-football-reference.com/boxscores/201802040nwe.htm,4,15:00,3,3,NE 16,26,29,(15:00) 9-N.Foles pass short right to 13-N.Agholor to NE 24 for -8 yards (59-M.Flowers).,4.128,-1.957
2017,SuperBowl,February 4,neutral,Philadelphia Eagles,https://www.pro-football-reference.com/boxscores/201802040nwe.htm,4,14:14,4,11,NE 24,26,32,"(14:14) 4-J.Elliott 42 yard field goal is GOOD, Center-45-R.Lovato, Holder-8-D.Jones. Penalty on NE-92-J.Harrison, Defensive Offside, declined.",2.171,0.829
2017,SuperBowl,February 4,neutral,Philadelphia Eagles,https://www.pro-football-reference.com/boxscores/201802040nwe.htm,4,14:09,,,PHI 35,26,32,"4-J.Elliott kicks 65 yards from PHI 35 to end zone, Touchback.",0.975,0.000
2017,SuperBowl,February 4,neutral,Philadelphia Eagles,https://www.pro-football-reference.com/boxscores/201802040nwe.htm,4,14:09,1,10,NE 25,26,32,(14:09) 34-R.Burkhead right guard to NE 30 for 5 yards (21-P.Robinson).,0.975,-0.007
2017,SuperBowl,February 4,neutral,Philadelphia Eagles,https://www.pro-football-reference.com/boxscores/201802040nwe.htm,4,13:43,2,5,NE 30,26,32,(13:43) (Shotgun) 34-R.Burkhead left guard to NE 39 for 9 yards (75-V.Curry).,0.968,0.810
2017,SuperBowl,February 4,neutral,Philadelphia Eagles,https://www.pro-football-reference.com/boxscores/201802040nwe.htm,4,13:11,1,10,NE 39,26,32,(13:11) 34-R.Burkhead left end to NE 43 for 4 yards (31-J.Mills).,1.778,-0.067
2017,SuperBowl,February 4,neutral,Philadelphia Eagles,https://www.pro-football-reference.com/boxscores/201802040nwe.htm,4,12:29,2,6,NE 43,26,32,(12:29) 12-T.Brady pass short left to 15-C.Hogan to NE 46 for 3 yards (41-R.Darby).,1.711,-0.332
2017,SuperBowl,February 4,neutral,Philadelphia Eagles,https://www.pro-football-reference.com/boxscores/201802040nwe.htm,4,11:49,3,3,NE 46,26,32,(11:49) (Shotgun) 12-T.Brady pass short right to 80-D.Amendola pushed ob at PHI 47 for 7 yards (31-J.Mills).,1.379,1.387
2017,SuperBowl,February 4,neutral,Philadelphia Eagles,https://www.pro-football-reference.com/boxscores/201802040nwe.htm,4,11:24,1,10,PHI 47,26,32,(11:24) 12-T.Brady pass short left to 80-D.Amendola pushed ob at PHI 17 for 30 yards (23-R.McLeod).,2.766,2.072
2017,SuperBowl,February 4,neutral,Philadelphia Eagles,https://www.pro-football-reference.com/boxscores/201802040nwe.htm,4,10:57,1,10,PHI 17,26,32,(10:57) 12-T.Brady pass short left to 80-D.Amendola to PHI 8 for 9 yards (94-B.Allen).,4.838,0.740
2017,SuperBowl,February 4,neutral,Philadelphia Eagles,https://www.pro-football-reference.com/boxscores/201802040nwe.htm,4,10:13,2,1,PHI 8,26,32,(10:13) 28-J.White up the middle to PHI 4 for 4 yards (95-M.Kendricks).,5.578,0.385
2017,SuperBowl,February 4,neutral,Philadelphia Eagles,https://www.pro-football-reference.com/boxscores/201802040nwe.htm,4,09:31,1,4,PHI 4,26,32,(9:31) (Shotgun) 12-T.Brady pass incomplete short left to 28-J.White.,5.963,-0.444
2017,SuperBowl,February 4,neutral,Philadelphia Eagles,https://www.pro-football-reference.com/boxscores/201802040nwe.htm,4,09:26,2,4,PHI 4,32,32,"(9:26) (Shotgun) 12-T.Brady pass short left to 87-R.Gronkowski for 4 yards, TOUCHDOWN.",5.519,1.481
2017,SuperBowl,February 4,neutral,Philadelphia Eagles,https://www.pro-football-reference.com/boxscores/201802040nwe.htm,4,09:22,,,PHI 15,33,32,"3-S.Gostkowski extra point is GOOD, Center-49-J.Cardona, Holder-6-R.Allen.",0.949,0.051
2017,SuperBowl,February 4,neutral,Philadelphia Eagles,https://www.pro-football-reference.com/boxscores/201802040nwe.htm,4,09:22,,,NE 35,33,32,"3-S.Gostkowski kicks 65 yards from NE 35 to end zone, Touchback.",1.154,0.000
2017,SuperBowl,February 4,neutral,Philadelphia Eagles,https://www.pro-football-reference.com/boxscores/201802040nwe.htm,4,09:22,1,10,PHI 25,33,32,(9:22) (Shotgun) 36-J.Ajayi right end to PHI 29 for 4 yards (32-D.McCourty).,1.154,-0.176
2017,SuperBowl,February 4,neutral,Philadelphia Eagles,https://www.pro-football-reference.com/boxscores/201802040nwe.htm,4,08:43,2,6,PHI 29,33,32,(8:43) (Shotgun) 9-N.Foles pass incomplete deep left to 82-T.Smith [92-J.Harrison].,0.978,-0.566
2017,SuperBowl,February 4,neutral,Philadelphia Eagles,https://www.pro-football-reference.com/boxscores/201802040nwe.htm,4,08:35,,,PHI 29,33,32,Timeout #1 by NE at 08:35.,0.412,0.000
2017,SuperBowl,February 4,neutral,Philadelphia Eagles,https://www.pro-football-reference.com/boxscores/201802040nwe.htm,4,08:35,3,6,PHI 29,33,32,(8:35) (Shotgun) 9-N.Foles pass short middle to 86-Z.Ertz to PHI 36 for 7 yards (24-S.Gilmore).,0.412,1.489
2017,SuperBowl,February 4,neutral,Philadelphia Eagles,https://www.pro-football-reference.com/boxscores/201802040nwe.htm,4,07:56,1,10,PHI 36,33,32,(7:56) 73-I.Seumalo reported in as eligible.  29-L.Blount left tackle to PHI 38 for 2 yards (93-L.Guy; 98-T.Flowers).,1.901,-0.402
2017,SuperBowl,February 4,neutral,Philadelphia Eagles,https://www.pro-football-reference.com/boxscores/201802040nwe.htm,4,07:11,2,8,PHI 38,33,32,"(7:11) 9-N.Foles pass short right to 30-C.Clement to PHI 45 for 7 yards (23-P.Chung, 53-K.Van Noy).",1.499,0.531
2017,SuperBowl,February 4,neutral,Philadelphia Eagles,https://www.pro-football-reference.com/boxscores/201802040nwe.htm,4,06:26,3,1,PHI 45,33,32,(6:26) (Shotgun) 9-N.Foles pass short left to 82-T.Smith to PHI 45 for no gain (32-D.McCourty) [53-K.Van Noy].,2.030,-1.728
2017,SuperBowl,February 4,neutral,Philadelphia Eagles,https://www.pro-football-reference.com/boxscores/201802040nwe.htm,4,05:39,4,1,PHI 45,33,32,(5:39) (Shotgun) 9-N.Foles pass short left to 86-Z.Ertz to PHI 47 for 2 yards (30-D.Harmon) [98-T.Flowers].,0.302,1.949
2017,SuperBowl,February 4,neutral,Philadelphia Eagles,https://www.pro-football-reference.com/boxscores/201802040nwe.htm,4,04:52,,,PHI 47,33,32,Timeout #1 by PHI at 04:52.,2.251,0.000
2017,SuperBowl,February 4,neutral,Philadelphia Eagles,https://www.pro-football-reference.com/boxscores/201802040nwe.htm,4,04:52,1,10,PHI 47,33,32,(4:52) (Shotgun) 29-L.Blount left guard to PHI 48 for 1 yard (90-M.Brown; 98-T.Flowers).,2.251,-0.563
2017,SuperBowl,February 4,neutral,Philadelphia Eagles,https://www.pro-football-reference.com/boxscores/201802040nwe.htm,4,04:11,2,9,PHI 48,33,32,(4:11) (Shotgun) 9-N.Foles pass short right to 13-N.Agholor to NE 42 for 10 yards (23-P.Chung).,1.688,1.128
2017,SuperBowl,February 4,neutral,Philadelphia Eagles,https://www.pro-football-reference.com/boxscores/201802040nwe.htm,4,03:25,1,10,NE 42,33,32,(3:25) (Shotgun) 9-N.Foles pass short middle to 13-N.Agholor to NE 24 for 18 yards (32-D.McCourty). NE-23-P.Chung was injured during the play. He is Out.,2.816,1.055
2017,SuperBowl,February 4,neutral,Philadelphia Eagles,https://www.pro-football-reference.com/boxscores/201802040nwe.htm,4,02:43,1,10,NE 24,33,32,(2:43) (Shotgun) 9-N.Foles pass short left to 13-N.Agholor pushed ob at NE 14 for 10 yards (30-D.Harmon).,3.872,0.830
2017,SuperBowl,February 4,neutral,Philadelphia Eagles,https://www.pro-football-reference.com/boxscores/201802040nwe.htm,4,02:37,1,10,NE 14,33,32,(2:37) (Shotgun) 36-J.Ajayi up the middle to NE 11 for 3 yards (90-M.Brown; 93-L.Guy).,4.701,-0.323
2017,SuperBowl,February 4,neutral,Philadelphia Eagles,https://www.pro-football-reference.com/boxscores/201802040nwe.htm,4,02:30,,,NE 11,33,32,Timeout #2 by NE at 02:30.,4.379,0.000
2017,SuperBowl,February 4,neutral,Philadelphia Eagles,https://www.pro-football-reference.com/boxscores/201802040nwe.htm,4,02:30,2,7,NE 11,33,32,(2:30) (Shotgun) 9-N.Foles pass incomplete short right to 17-A.Jeffery [98-T.Flowers].,4.379,-0.741
2017,SuperBowl,February 4,neutral,Philadelphia Eagles,https://www.pro-football-reference.com/boxscores/201802040nwe.htm,4,02:25,3,7,NE 11,33,38,"(2:25) (Shotgun) 9-N.Foles pass short left to 86-Z.Ertz for 11 yards, TOUCHDOWN. The Replay Official reviewed the pass completion ruling, and the play was Upheld. The ruling on the field was confirmed.",3.638,3.362
2017,SuperBowl,February 4,neutral,Philadelphia Eagles,https://www.pro-football-reference.com/boxscores/201802040nwe.htm,4,02:21,,,NE 2,33,38,TWO-POINT CONVERSION ATTEMPT. 9-N.Foles pass to 30-C.Clement is incomplete. ATTEMPT FAILS.,0.947,-0.947
2017,SuperBowl,February 4,neutral,Philadelphia Eagles,https://www.pro-football-reference.com/boxscores/201802040nwe.htm,4,02:21,,,PHI 35,33,38,"4-J.Elliott kicks 65 yards from PHI 35 to end zone, Touchback.",1.273,0.000
2017,SuperBowl,February 4,neutral,Philadelphia Eagles,https://www.pro-football-reference.com/boxscores/201802040nwe.htm,4,02:21,1,10,NE 25,33,38,(2:21) (Shotgun) 12-T.Brady pass short right to 87-R.Gronkowski pushed ob at NE 33 for 8 yards (53-N.Bradham).,1.273,0.326
2017,SuperBowl,February 4,neutral,Philadelphia Eagles,https://www.pro-football-reference.com/boxscores/201802040nwe.htm,4,02:16,2,2,NE 33,33,38,"(2:16) (Shotgun) 12-T.Brady sacked at NE 26 for -7 yards (55-B.Graham). FUMBLES (55-B.Graham) [55-B.Graham], RECOVERED by PHI-96-D.Barnett at NE 28. 96-D.Barnett to NE 31 for -3 yards (60-D.Andrews).",1.599,-4.840
2017,SuperBowl,February 4,neutral,Philadelphia Eagles,https://www.pro-football-reference.com/boxscores/201802040nwe.htm,4,02:09,1,10,NE 31,33,38,(2:09) 29-L.Blount left guard to NE 29 for 2 yards (93-L.Guy; 37-J.Richards).,3.241,-1.266
2017,SuperBowl,February 4,neutral,Philadelphia Eagles,https://www.pro-football-reference.com/boxscores/201802040nwe.htm,4,02:03,,,NE 29,33,38,Timeout #3 by NE at 02:03.,1.975,0.000
2017,SuperBowl,February 4,neutral,Philadelphia Eagles,https://www.pro-football-reference.com/boxscores/201802040nwe.htm,4,02:03,2,8,NE 29,33,38,(2:03) 29-L.Blount right tackle to NE 26 for 3 yards (93-L.Guy).,1.975,0.032
2017,SuperBowl,February 4,neutral,Philadelphia Eagles,https://www.pro-football-reference.com/boxscores/201802040nwe.htm,4,01:56,3,5,NE 26,33,38,"(1:56) 73-I.Seumalo reported in as eligible.  29-L.Blount right tackle to NE 27 for -1 yards (70-A.Butler, 90-M.Brown).",2.007,0.120
2017,SuperBowl,February 4,neutral,Philadelphia Eagles,https://www.pro-football-reference.com/boxscores/201802040nwe.htm,4,01:10,,,NE 27,33,38,Timeout #2 by PHI at 01:10.,2.128,0.000
2017,SuperBowl,February 4,neutral,Philadelphia Eagles,https://www.pro-football-reference.com/boxscores/201802040nwe.htm,4,01:10,4,6,NE 27,33,41,"(1:10) 4-J.Elliott 46 yard field goal is GOOD, Center-45-R.Lovato, Holder-8-D.Jones.",2.128,0.872
2017,SuperBowl,February 4,neutral,Philadelphia Eagles,https://www.pro-football-reference.com/boxscores/201802040nwe.htm,4,01:05,,,PHI 35,33,41,4-J.Elliott kicks 58 yards from PHI 35 to NE 7. 33-D.Lewis to NE 10 for 3 yards. Lateral to 34-R.Burkhead to NE 9 for -1 yards (50-B.Braman).,0.613,-0.444
2017,SuperBowl,February 4,neutral,Philadelphia Eagles,https://www.pro-football-reference.com/boxscores/201802040nwe.htm,4,00:58,1,10,NE 9,33,41,(:58) (Shotgun) 12-T.Brady pass incomplete deep right to 15-C.Hogan.,0.169,-0.110
2017,SuperBowl,February 4,neutral,Philadelphia Eagles,https://www.pro-football-reference.com/boxscores/201802040nwe.htm,4,00:53,2,10,NE 9,33,41,(:53) (Shotgun) 12-T.Brady pass incomplete short left to 28-J.White.,0.058,-0.188
2017,SuperBowl,February 4,neutral,Philadelphia Eagles,https://www.pro-football-reference.com/boxscores/201802040nwe.htm,4,00:48,3,10,NE 9,33,41,(:48) (Shotgun) 12-T.Brady pass incomplete short middle to 80-D.Amendola [56-C.Long].,-0.130,-0.241
2017,SuperBowl,February 4,neutral,Philadelphia Eagles,https://www.pro-football-reference.com/boxscores/201802040nwe.htm,4,00:42,4,10,NE 9,33,41,(:42) (Shotgun) 12-T.Brady pass short middle to 80-D.Amendola to NE 22 for 13 yards (53-N.Bradham) [56-C.Long].,-0.371,0.578
2017,SuperBowl,February 4,neutral,Philadelphia Eagles,https://www.pro-football-reference.com/boxscores/201802040nwe.htm,4,00:27,1,10,NE 22,33,41,(:27) 12-T.Brady spiked the ball to stop the clock.,0.207,-0.013
2017,SuperBowl,February 4,neutral,Philadelphia Eagles,https://www.pro-football-reference.com/boxscores/201802040nwe.htm,4,00:26,2,10,NE 22,33,41,(:26) (Shotgun) 12-T.Brady pass short right to 87-R.Gronkowski pushed ob at NE 33 for 11 yards (21-P.Robinson).,0.194,0.086
2017,SuperBowl,February 4,neutral,Philadelphia Eagles,https://www.pro-football-reference.com/boxscores/201802040nwe.htm,4,00:20,1,10,NE 33,33,41,(:20) (Shotgun) 12-T.Brady pass short right to 87-R.Gronkowski to NE 49 for 16 yards (31-J.Mills) [93-T.Jernigan].,0.280,0.143
2017,SuperBowl,February 4,neutral,Philadelphia Eagles,https://www.pro-football-reference.com/boxscores/201802040nwe.htm,4,00:13,,,NE 49,33,41,Timeout #3 by PHI at 00:13.,0.424,0.000
2017,SuperBowl,February 4,neutral,Philadelphia Eagles,https://www.pro-football-reference.com/boxscores/201802040nwe.htm,4,00:13,1,10,NE 49,33,41,(:13) (Shotgun) 12-T.Brady pass incomplete short left to 13-P.Dorsett (41-R.Darby).,0.424,-0.122
2017,SuperBowl,February 4,neutral,Philadelphia Eagles,https://www.pro-football-reference.com/boxscores/201802040nwe.htm,4,00:09,2,10,NE 49,33,41,(:09) (Shotgun) 12-T.Brady pass incomplete deep right to 87-R.Gronkowski [91-F.Cox].,0.301,-0.301
