season,week,game_date,game_site,opponent,boxscore_url,quarter,time,down,yds_to_go,location,patriots_score,opponent_score,detail,epb,epa
2003,1,September 7,away,Buffalo Bills,https://www.pro-football-reference.com/boxscores/200309070buf.htm,1,15:00,,,NE 30,0,0,4-A.Vinatieri kicks 70 yards from NE 30 to BUF 0. 31-S.Morris pushed ob at BUF 20 for 20 yards (84-F.Baxter).,0.817,0.007
2003,1,September 7,away,Buffalo Bills,https://www.pro-football-reference.com/boxscores/200309070buf.htm,1,14:53,1,10,BUF 20,0,0,(14:53) 20-T.Henry right guard to BUF 27 for 7 yards (37-R.Harrison).,0.824,0.466
2003,1,September 7,away,Buffalo Bills,https://www.pro-football-reference.com/boxscores/200309070buf.htm,1,14:17,2,3,BUF 27,0,0,"(14:17) 11-D.Bledsoe pass incomplete to 80-E.Moulds (24-T.Law). Receiver and breakup at BUF 33, right flat.",1.290,-0.693
2003,1,September 7,away,Buffalo Bills,https://www.pro-football-reference.com/boxscores/200309070buf.htm,1,14:13,3,3,BUF 27,0,0,"(14:13) (Shotgun) 11-D.Bledsoe pass to 81-B.Shaw to BUF 36 for 9 yards (38-T.Poole). Caught at BUF 34, crossing to left flat.",0.597,1.424
2003,1,September 7,away,Buffalo Bills,https://www.pro-football-reference.com/boxscores/200309070buf.htm,1,13:35,1,10,BUF 36,0,0,"(13:35) 20-T.Henry up the middle to BUF 35 for -1 yards (92-T.Washington, 59-R.Colvin).",2.021,-0.825
2003,1,September 7,away,Buffalo Bills,https://www.pro-football-reference.com/boxscores/200309070buf.htm,1,13:01,2,11,BUF 35,0,0,"(13:01) 11-D.Bledsoe pass to 20-T.Henry to NE 47 for 18 yards (37-R.Harrison). Dump pass over middle, caught at BUF 37.",1.195,1.777
2003,1,September 7,away,Buffalo Bills,https://www.pro-football-reference.com/boxscores/200309070buf.htm,1,12:20,1,10,NE 47,0,0,"(12:20) 20-T.Henry left guard to NE 44 for 3 yards (37-R.Harrison, 59-R.Colvin).",2.972,-0.265
2003,1,September 7,away,Buffalo Bills,https://www.pro-football-reference.com/boxscores/200309070buf.htm,1,11:34,2,7,NE 44,0,0,"(11:34) 20-T.Henry up the middle to NE 44 for no gain (93-R.Seymour, 54-T.Bruschi).",2.707,-0.781
2003,1,September 7,away,Buffalo Bills,https://www.pro-football-reference.com/boxscores/200309070buf.htm,1,10:51,3,7,NE 44,0,0,(10:51) (Shotgun) 11-D.Bledsoe pass to 81-B.Shaw to NE 20 for 24 yards (23-A.Harris). Caught along left sideline at NE 22.,1.926,2.608
2003,1,September 7,away,Buffalo Bills,https://www.pro-football-reference.com/boxscores/200309070buf.htm,1,10:06,1,10,NE 20,0,0,"(10:06) 11-D.Bledsoe pass incomplete to 80-E.Moulds. Overthrown, receiver at goal line over middle. PENALTY on NE-24-T.Law, Defensive Pass Interference, 19 yards, enforced at NE 20 - No Play.",4.534,1.859
2003,1,September 7,away,Buffalo Bills,https://www.pro-football-reference.com/boxscores/200309070buf.htm,1,10:01,1,1,NE 1,0,6,"(10:01) 20-T.Henry up the middle for 1 yard, TOUCHDOWN. Key block: S.Gash.",6.394,0.606
2003,1,September 7,away,Buffalo Bills,https://www.pro-football-reference.com/boxscores/200309070buf.htm,1,09:58,,,NE 2,0,7,"9-R.Lindell extra point is GOOD, Center-70-T.Teague, Holder-8-B.Moorman.",0.986,0.014
2003,1,September 7,away,Buffalo Bills,https://www.pro-football-reference.com/boxscores/200309070buf.htm,1,09:58,,,BUF 30,0,7,9-R.Lindell kicks 65 yards from BUF 30 to NE 5. 33-K.Faulk to NE 35 for 30 yards (52-D.Polk).,-0.028,0.886
2003,1,September 7,away,Buffalo Bills,https://www.pro-football-reference.com/boxscores/200309070buf.htm,1,09:51,1,10,NE 35,0,7,"(9:51) 32-A.Smith up the middle to NE 39 for 4 yards (96-J.Posey, 92-R.Denney).",0.858,0.093
2003,1,September 7,away,Buffalo Bills,https://www.pro-football-reference.com/boxscores/200309070buf.htm,1,09:17,2,6,NE 39,0,7,"(9:17) 32-A.Smith right tackle to NE 41 for 2 yards (59-L.Fletcher, 36-L.Milloy).",0.950,-0.457
2003,1,September 7,away,Buffalo Bills,https://www.pro-football-reference.com/boxscores/200309070buf.htm,1,08:38,3,4,NE 41,0,7,"(8:38) 12-T.Brady pass to 31-L.Centers to NE 38 for -3 yards (96-J.Posey, 51-T.Spikes). QB Pressure Buf: C.Kelsay",0.493,-1.736
2003,1,September 7,away,Buffalo Bills,https://www.pro-football-reference.com/boxscores/200309070buf.htm,1,08:03,4,7,NE 38,0,7,"(8:03) 13-K.Walter punts 49 yards to BUF 13, Center-66-L.Paxton. 86-A.Brown to BUF 20 for 7 yards (58-M.Chatham). PENALTY on BUF, Offensive Holding, 10 yards, enforced at BUF 20.",-1.243,1.125
2003,1,September 7,away,Buffalo Bills,https://www.pro-football-reference.com/boxscores/200309070buf.htm,1,07:50,1,10,BUF 10,0,7,(7:50) 11-D.Bledsoe pass to 80-E.Moulds to BUF 21 for 11 yards (24-T.Law). Caught along right sideline at BUF 15.,0.118,0.664
2003,1,September 7,away,Buffalo Bills,https://www.pro-football-reference.com/boxscores/200309070buf.htm,1,07:23,1,10,BUF 21,0,7,"(7:23) 20-T.Henry right end pushed ob at BUF 25 for 4 yards (37-R.Harrison). PENALTY on BUF-75-J.Jennings, Offensive Holding, 10 yards, enforced at BUF 21 - No Play.",0.782,-1.055
2003,1,September 7,away,Buffalo Bills,https://www.pro-football-reference.com/boxscores/200309070buf.htm,1,06:57,1,20,BUF 11,0,7,(6:57) 11-D.Bledsoe pass to 80-E.Moulds to NE 40 for 49 yards (24-T.Law). Caught over middle at NE 50.,-0.273,3.651
2003,1,September 7,away,Buffalo Bills,https://www.pro-football-reference.com/boxscores/200309070buf.htm,1,06:06,1,10,NE 40,0,7,(6:06) 11-D.Bledsoe pass to 84-M.Campbell pushed ob at NE 31 for 9 yards (37-R.Harrison). Caught along right sideline at NE 35.,3.379,0.630
2003,1,September 7,away,Buffalo Bills,https://www.pro-football-reference.com/boxscores/200309070buf.htm,1,05:30,2,1,NE 31,0,7,"(5:30) PENALTY on BUF-80-E.Moulds, False Start, 5 yards, enforced at NE 31 - No Play.",4.008,-0.790
2003,1,September 7,away,Buffalo Bills,https://www.pro-football-reference.com/boxscores/200309070buf.htm,1,05:04,2,6,NE 36,0,7,(5:04) 11-D.Bledsoe sacked at NE 44 for -8 yards (59-R.Colvin).,3.218,-1.912
2003,1,September 7,away,Buffalo Bills,https://www.pro-football-reference.com/boxscores/200309070buf.htm,1,04:28,3,14,NE 44,0,7,"(4:28) (Shotgun) 11-D.Bledsoe pass to 31-S.Morris to NE 20 for 24 yards (24-T.Law, 23-A.Harris). Screen over middle, caught at NE 38. T.Law injured on play, jogs off.",1.307,3.233
2003,1,September 7,away,Buffalo Bills,https://www.pro-football-reference.com/boxscores/200309070buf.htm,1,03:46,1,10,NE 20,0,7,"(3:46) 20-T.Henry left tackle to NE 16 for 4 yards (52-T.Johnson, 37-R.Harrison).",4.540,-0.050
2003,1,September 7,away,Buffalo Bills,https://www.pro-football-reference.com/boxscores/200309070buf.htm,1,02:59,2,6,NE 16,0,7,"(2:59) 20-T.Henry right tackle to NE 14 for 2 yards (91-B.Hamilton, 37-R.Harrison). PENALTY on BUF-70-T.Teague, Offensive Holding, 10 yards, enforced at NE 16 - No Play.",4.490,-1.142
2003,1,September 7,away,Buffalo Bills,https://www.pro-football-reference.com/boxscores/200309070buf.htm,1,02:28,2,16,NE 26,0,7,(2:28) 11-D.Bledsoe pass incomplete (50-M.Vrabel). Pass batted at line.,3.348,-0.689
2003,1,September 7,away,Buffalo Bills,https://www.pro-football-reference.com/boxscores/200309070buf.htm,1,02:22,,,NE 26,0,7,Timeout #1 by BUF at 02:22.,2.659,0.000
2003,1,September 7,away,Buffalo Bills,https://www.pro-football-reference.com/boxscores/200309070buf.htm,1,02:22,3,16,NE 26,0,7,"(2:22) (Shotgun) 11-D.Bledsoe Aborted. 70-T.Teague FUMBLES at NE 26, recovered by BUF-11-D.Bledsoe at NE 40. 11-D.Bledsoe to NE 40 for no gain (54-T.Bruschi).",2.659,-2.373
2003,1,September 7,away,Buffalo Bills,https://www.pro-football-reference.com/boxscores/200309070buf.htm,1,01:42,4,30,NE 40,0,7,"(1:42) 8-B.Moorman punts 33 yards to NE 7, Center-54-J.Dorenbos, fair catch by 80-T.Brown. PENALTY on NE-84-F.Baxter, Defensive Holding, 5 yards, enforced at NE 40 - No Play.",0.286,3.172
2003,1,September 7,away,Buffalo Bills,https://www.pro-football-reference.com/boxscores/200309070buf.htm,1,01:33,1,10,NE 35,0,7,"(1:33) 11-D.Bledsoe pass to 84-M.Campbell to NE 28 for 7 yards (95-R.Phifer, 24-T.Law). Caught in left flat at NE 31.",3.458,0.348
2003,1,September 7,away,Buffalo Bills,https://www.pro-football-reference.com/boxscores/200309070buf.htm,1,00:56,2,3,NE 28,0,7,"(:56) 20-T.Henry right guard to NE 21 for 7 yards (38-T.Poole, 91-B.Hamilton).",3.806,0.580
2003,1,September 7,away,Buffalo Bills,https://www.pro-football-reference.com/boxscores/200309070buf.htm,1,00:12,1,10,NE 21,0,7,"(:12) 20-T.Henry up the middle to NE 18 for 3 yards (52-T.Johnson, 95-R.Phifer).",4.386,-0.065
2003,1,September 7,away,Buffalo Bills,https://www.pro-football-reference.com/boxscores/200309070buf.htm,2,15:00,2,7,NE 18,0,7,"(15:00) 11-D.Bledsoe pass incomplete to 82-J.Reed (38-T.Poole). Pass tipped before reaching receiver, over middle at goal line.",4.321,-0.677
2003,1,September 7,away,Buffalo Bills,https://www.pro-football-reference.com/boxscores/200309070buf.htm,2,14:57,3,7,NE 18,0,7,(14:57) (Shotgun) 31-S.Morris left tackle to NE 8 for 10 yards (38-T.Poole; 55-W.McGinest).,3.644,1.595
2003,1,September 7,away,Buffalo Bills,https://www.pro-football-reference.com/boxscores/200309070buf.htm,2,14:11,1,8,NE 8,0,7,"(14:11) 20-T.Henry up the middle to NE 7 for 1 yard (91-B.Hamilton, 52-T.Johnson).",5.239,-0.382
2003,1,September 7,away,Buffalo Bills,https://www.pro-football-reference.com/boxscores/200309070buf.htm,2,13:26,2,7,NE 7,0,13,"(13:26) 11-D.Bledsoe pass to 83-D.Moore for 7 yards, TOUCHDOWN. Caught over middle at goal line.",4.857,2.143
2003,1,September 7,away,Buffalo Bills,https://www.pro-football-reference.com/boxscores/200309070buf.htm,2,13:22,,,NE 2,0,14,"9-R.Lindell extra point is GOOD, Center-70-T.Teague, Holder-8-B.Moorman.",0.986,0.014
2003,1,September 7,away,Buffalo Bills,https://www.pro-football-reference.com/boxscores/200309070buf.htm,2,13:22,,,BUF 30,0,14,9-R.Lindell kicks 67 yards from BUF 30 to NE 3. 33-K.Faulk to NE 24 for 21 yards (50-D.Stevenson).,0.242,0.137
2003,1,September 7,away,Buffalo Bills,https://www.pro-football-reference.com/boxscores/200309070buf.htm,2,13:16,1,10,NE 24,0,14,(13:16) 12-T.Brady pass incomplete to 44-F.McCrary (59-L.Fletcher). Receiver and coverage over middle at NE 29.,0.378,-0.487
2003,1,September 7,away,Buffalo Bills,https://www.pro-football-reference.com/boxscores/200309070buf.htm,2,13:12,2,10,NE 24,0,14,(13:12) 32-A.Smith right end to NE 26 for 2 yards (59-L.Fletcher).,-0.109,-0.382
2003,1,September 7,away,Buffalo Bills,https://www.pro-football-reference.com/boxscores/200309070buf.htm,2,12:19,3,8,NE 26,0,14,(12:19) 12-T.Brady pass incomplete to 80-T.Brown (51-T.Spikes). Receiver and coverage over middle at NE 30.,-0.491,-1.189
2003,1,September 7,away,Buffalo Bills,https://www.pro-football-reference.com/boxscores/200309070buf.htm,2,12:13,4,8,NE 26,0,14,"(12:13) 13-K.Walter punts 39 yards to BUF 35, Center-66-L.Paxton. 86-A.Brown to BUF 26 for -9 yards (30-J.Cherry).",-1.680,0.701
2003,1,September 7,away,Buffalo Bills,https://www.pro-football-reference.com/boxscores/200309070buf.htm,2,12:02,1,10,BUF 26,0,14,"(12:02) 11-D.Bledsoe pass incomplete to 82-J.Reed (26-E.Wilson). Receiver and coverage at BUF 29, right side.",0.979,-0.482
2003,1,September 7,away,Buffalo Bills,https://www.pro-football-reference.com/boxscores/200309070buf.htm,2,11:58,2,10,BUF 26,0,14,"(11:58) 20-T.Henry left tackle to BUF 31 for 5 yards (38-T.Poole, 95-R.Phifer).",0.498,-0.264
2003,1,September 7,away,Buffalo Bills,https://www.pro-football-reference.com/boxscores/200309070buf.htm,2,11:13,3,5,BUF 31,0,14,(11:13) 11-D.Bledsoe pass to 80-E.Moulds to BUF 34 for 3 yards (38-T.Poole). Caught over middle at BUF 34.,0.233,-0.727
2003,1,September 7,away,Buffalo Bills,https://www.pro-football-reference.com/boxscores/200309070buf.htm,2,10:36,4,2,BUF 34,0,14,"(10:36) 8-B.Moorman punts 43 yards to NE 23, Center-54-J.Dorenbos. 80-T.Brown pushed ob at NE 39 for 16 yards (27-C.Wire).",-0.493,-0.951
2003,1,September 7,away,Buffalo Bills,https://www.pro-football-reference.com/boxscores/200309070buf.htm,2,10:28,1,10,NE 39,0,14,(10:28) 12-T.Brady pass incomplete to 44-F.McCrary (93-P.Williams). Pass tipped at line.,1.444,-0.445
2003,1,September 7,away,Buffalo Bills,https://www.pro-football-reference.com/boxscores/200309070buf.htm,2,10:24,2,10,NE 39,0,20,"(10:24) 12-T.Brady pass INTERCEPTED by 95-S.Adams at NE 37. 95-S.Adams for 37 yards, TOUCHDOWN. Pressure on QB: L.Fletcher. D.Woody injured on play, walks off.",0.999,-7.999
2003,1,September 7,away,Buffalo Bills,https://www.pro-football-reference.com/boxscores/200309070buf.htm,2,10:14,,,NE 2,0,21,"9-R.Lindell extra point is GOOD, Center-70-T.Teague, Holder-8-B.Moorman.",0.986,0.014
2003,1,September 7,away,Buffalo Bills,https://www.pro-football-reference.com/boxscores/200309070buf.htm,2,10:14,,,BUF 30,0,21,9-R.Lindell kicks 57 yards from BUF 30 to NE 13. 33-K.Faulk to NE 26 for 13 yards (52-D.Polk).,0.390,0.326
2003,1,September 7,away,Buffalo Bills,https://www.pro-football-reference.com/boxscores/200309070buf.htm,2,10:09,1,10,NE 26,0,21,(10:09) 12-T.Brady sacked at NE 17 for -9 yards (95-S.Adams).,0.716,-1.514
2003,1,September 7,away,Buffalo Bills,https://www.pro-football-reference.com/boxscores/200309070buf.htm,2,09:37,,,NE 17,0,21,Timeout #1 by NE at 09:37.,-0.798,0.000
2003,1,September 7,away,Buffalo Bills,https://www.pro-football-reference.com/boxscores/200309070buf.htm,2,09:37,2,19,NE 17,0,21,"(9:37) (Shotgun) 12-T.Brady pass to 80-T.Brown to NE 21 for 4 yards (51-T.Spikes). Caught over middle at NE 20. PENALTY on BUF-23-P.Prioleau, Illegal Contact, 5 yards, enforced at NE 17 - No Play.",-0.798,1.148
2003,1,September 7,away,Buffalo Bills,https://www.pro-football-reference.com/boxscores/200309070buf.htm,2,09:17,1,10,NE 22,0,21,"(9:17) 33-K.Faulk up the middle to NE 30 for 8 yards (26-A.Winfield, 36-L.Milloy).",0.350,0.545
2003,1,September 7,away,Buffalo Bills,https://www.pro-football-reference.com/boxscores/200309070buf.htm,2,08:41,2,2,NE 30,0,21,(8:41) 33-K.Faulk up the middle to NE 35 for 5 yards (51-T.Spikes; 36-L.Milloy).,0.895,0.202
2003,1,September 7,away,Buffalo Bills,https://www.pro-football-reference.com/boxscores/200309070buf.htm,2,08:08,1,10,NE 35,0,21,"(8:08) 12-T.Brady pass to 88-C.Fauria to NE 42 for 7 yards (51-T.Spikes, 59-L.Fletcher). Caught at NE 35, right side.",1.096,0.508
2003,1,September 7,away,Buffalo Bills,https://www.pro-football-reference.com/boxscores/200309070buf.htm,2,07:26,2,3,NE 42,0,21,(7:26) 33-K.Faulk right guard to NE 48 for 6 yards (92-R.Denney).,1.605,0.457
2003,1,September 7,away,Buffalo Bills,https://www.pro-football-reference.com/boxscores/200309070buf.htm,2,06:54,1,10,NE 48,0,21,(6:54) 33-K.Faulk right tackle to BUF 44 for 8 yards (90-C.Kelsay).,2.061,0.500
2003,1,September 7,away,Buffalo Bills,https://www.pro-football-reference.com/boxscores/200309070buf.htm,2,06:20,2,2,BUF 44,0,21,"(6:20) 12-T.Brady pass to 32-A.Smith to BUF 47 for -3 yards (26-A.Winfield). Swing pass right, caught at BUF 48. PENALTY on BUF, Defensive 12 On-field, 5 yards, enforced at BUF 44 - No Play.",2.561,0.293
2003,1,September 7,away,Buffalo Bills,https://www.pro-football-reference.com/boxscores/200309070buf.htm,2,05:55,1,10,BUF 39,0,21,"(5:55) 12-T.Brady pass intended for 86-D.Patten INTERCEPTED by 22-N.Clements (36-L.Milloy) at BUF -9. Touchback. Pass batted before INT 9 yds. into end zone, over middle.",2.854,-3.274
2003,1,September 7,away,Buffalo Bills,https://www.pro-football-reference.com/boxscores/200309070buf.htm,2,05:45,1,10,BUF 20,0,21,(5:45) 20-T.Henry left guard to BUF 22 for 2 yards (92-T.Washington; 52-T.Johnson).,0.419,-0.417
2003,1,September 7,away,Buffalo Bills,https://www.pro-football-reference.com/boxscores/200309070buf.htm,2,05:06,2,8,BUF 22,0,21,"(5:06) 11-D.Bledsoe pass incomplete to 82-J.Reed. Overthrown, receiver along right sideline at BUF 35.",0.002,-0.521
2003,1,September 7,away,Buffalo Bills,https://www.pro-football-reference.com/boxscores/200309070buf.htm,2,05:03,3,8,BUF 22,0,21,"(5:03) (Shotgun) 11-D.Bledsoe pass incomplete to 31-S.Morris. Thrown behind receiver, over middle at BUF 26.",-0.519,-0.751
2003,1,September 7,away,Buffalo Bills,https://www.pro-football-reference.com/boxscores/200309070buf.htm,2,04:59,4,8,BUF 22,0,21,"(4:59) 8-B.Moorman punts 71 yards to NE 7, Center-54-J.Dorenbos. 80-T.Brown to NE 28 for 21 yards (52-D.Polk). PENALTY on NE-63-J.Andruzzi, Illegal Block Above the Waist, 8 yards, enforced at NE 17. Return credited to spot of foul.",-1.270,1.550
2003,1,September 7,away,Buffalo Bills,https://www.pro-football-reference.com/boxscores/200309070buf.htm,2,04:44,1,10,NE 9,0,21,"(4:44) 33-K.Faulk left end to NE 7 for -2 yards (51-T.Spikes). Penalty on NE-86-D.Patten, Offensive Holding, declined.",-0.280,-0.842
2003,1,September 7,away,Buffalo Bills,https://www.pro-football-reference.com/boxscores/200309070buf.htm,2,04:21,2,12,NE 7,0,21,"(4:21) 12-T.Brady pass to 33-K.Faulk pushed ob at NE 16 for 9 yards (26-A.Winfield). Swing pass left, caught at NE 10.",-1.121,0.641
2003,1,September 7,away,Buffalo Bills,https://www.pro-football-reference.com/boxscores/200309070buf.htm,2,03:46,3,3,NE 16,0,21,"(3:46) 12-T.Brady pass to 31-L.Centers ran ob at NE 22 for 6 yards. Pass caught at NE 20, left side.",-0.480,0.894
2003,1,September 7,away,Buffalo Bills,https://www.pro-football-reference.com/boxscores/200309070buf.htm,2,03:19,1,10,NE 22,0,21,"(3:19) 12-T.Brady pass incomplete to 80-T.Brown. Thrown wide of receiver at NE 26, left side. Pressure on QB: L.Milloy",0.415,-0.419
2003,1,September 7,away,Buffalo Bills,https://www.pro-football-reference.com/boxscores/200309070buf.htm,2,03:13,2,10,NE 22,0,21,"(3:13) 12-T.Brady pass incomplete to 86-D.Patten. Thrown wide of receiver, over middle at NE 26. Pressure on QB: T.Spikes.",-0.004,-0.468
2003,1,September 7,away,Buffalo Bills,https://www.pro-football-reference.com/boxscores/200309070buf.htm,2,03:11,3,10,NE 22,0,21,"(3:11) PENALTY on NE, Illegal Substitution, 5 yards, enforced at NE 22 - No Play. 12 men in huddle.",-0.472,-0.460
2003,1,September 7,away,Buffalo Bills,https://www.pro-football-reference.com/boxscores/200309070buf.htm,2,03:11,3,15,NE 17,0,21,(3:11) 12-T.Brady sacked at NE 6 for -11 yards (36-L.Milloy).,-0.932,-0.807
2003,1,September 7,away,Buffalo Bills,https://www.pro-football-reference.com/boxscores/200309070buf.htm,2,02:38,4,26,NE 6,0,21,"(2:38) 13-K.Walter punts 47 yards to BUF 47, Center-66-L.Paxton. 86-A.Brown to BUF 44 for -3 yards (53-L.Izzo).",-1.739,0.126
2003,1,September 7,away,Buffalo Bills,https://www.pro-football-reference.com/boxscores/200309070buf.htm,2,02:25,1,10,BUF 44,0,21,"(2:25) 11-D.Bledsoe pass incomplete to 82-J.Reed. Pass dropped at NE 15, right side. Flea-flicker after handoff to T.Henry.",1.613,-0.333
2003,1,September 7,away,Buffalo Bills,https://www.pro-football-reference.com/boxscores/200309070buf.htm,2,02:17,2,10,BUF 44,0,21,"(2:17) 20-T.Henry right tackle to BUF 45 for 1 yard (91-B.Hamilton; 50-M.Vrabel). Penalty on BUF-61-M.Pucillo, Offensive Holding, declined.",1.279,-0.424
2003,1,September 7,away,Buffalo Bills,https://www.pro-football-reference.com/boxscores/200309070buf.htm,2,02:00,3,9,BUF 45,0,21,"(2:00) (Shotgun) PENALTY on NE-50-M.Vrabel, Defensive Offside, 5 yards, enforced at BUF 45 - No Play.",0.856,0.585
2003,1,September 7,away,Buffalo Bills,https://www.pro-football-reference.com/boxscores/200309070buf.htm,2,02:00,3,4,MID 50,0,21,(2:00) 11-D.Bledsoe pass to 81-B.Shaw to NE 32 for 18 yards (37-R.Harrison). Caught over middle NE 40.,1.441,1.551
2003,1,September 7,away,Buffalo Bills,https://www.pro-football-reference.com/boxscores/200309070buf.htm,2,01:21,1,10,NE 32,0,21,(1:21) (Shotgun) 11-D.Bledsoe pass to 84-M.Campbell to NE 24 for 8 yards (22-A.Samuel; 37-R.Harrison). Caught over middle at NE 23.,2.992,0.443
2003,1,September 7,away,Buffalo Bills,https://www.pro-football-reference.com/boxscores/200309070buf.htm,2,00:59,2,2,NE 24,0,21,"(:59) (Shotgun) PENALTY on BUF-75-J.Jennings, False Start, 5 yards, enforced at NE 24 - No Play.",3.435,-0.574
2003,1,September 7,away,Buffalo Bills,https://www.pro-football-reference.com/boxscores/200309070buf.htm,2,00:41,2,7,NE 29,0,21,(:41) (Shotgun) 11-D.Bledsoe sacked at NE 36 for -7 yards (93-R.Seymour).,2.861,-1.311
2003,1,September 7,away,Buffalo Bills,https://www.pro-football-reference.com/boxscores/200309070buf.htm,2,00:25,,,NE 36,0,21,Timeout #2 by BUF at 00:25.,1.550,0.000
2003,1,September 7,away,Buffalo Bills,https://www.pro-football-reference.com/boxscores/200309070buf.htm,2,00:25,3,14,NE 36,0,21,"(:25) (Shotgun) 11-D.Bledsoe pass incomplete to 81-B.Shaw. Thrown wide of receiver at NE 15, right side.",1.550,-0.888
2003,1,September 7,away,Buffalo Bills,https://www.pro-football-reference.com/boxscores/200309070buf.htm,2,00:21,,,,0,21,Timeout #2 by NE at 00:21.,0.662,0.000
2003,1,September 7,away,Buffalo Bills,https://www.pro-football-reference.com/boxscores/200309070buf.htm,2,00:21,,,NE 36,0,21,Timeout #3 by BUF at 00:21.,0.662,0.000
2003,1,September 7,away,Buffalo Bills,https://www.pro-football-reference.com/boxscores/200309070buf.htm,2,00:21,4,14,NE 36,0,21,"(:21) (Shotgun) 11-D.Bledsoe pass intended for 82-J.Reed INTERCEPTED by 26-E.Wilson (22-A.Samuel) at NE 19. 26-E.Wilson to NE 21 for 2 yards (82-J.Reed). Pass tipped before INT, coverage over middle.",0.662,-0.671
2003,1,September 7,away,Buffalo Bills,https://www.pro-football-reference.com/boxscores/200309070buf.htm,2,00:10,1,10,NE 21,0,21,(:10) 33-K.Faulk up the middle to NE 40 for 19 yards (26-A.Winfield).,0.009,-0.149
2003,1,September 7,away,Buffalo Bills,https://www.pro-football-reference.com/boxscores/200309070buf.htm,3,15:00,,,BUF 30,0,21,9-R.Lindell kicks 64 yards from BUF 30 to NE 6. 81-B.Johnson to NE 22 for 16 yards (27-C.Wire).,-0.140,0.068
2003,1,September 7,away,Buffalo Bills,https://www.pro-football-reference.com/boxscores/200309070buf.htm,3,14:54,1,10,NE 22,0,21,(14:54) 33-K.Faulk left tackle to NE 28 for 6 yards (59-L.Fletcher).,-0.072,0.367
2003,1,September 7,away,Buffalo Bills,https://www.pro-football-reference.com/boxscores/200309070buf.htm,3,14:20,2,4,NE 28,0,21,(14:20) 33-K.Faulk up the middle to NE 24 for -4 yards (90-C.Kelsay).,0.296,-1.409
2003,1,September 7,away,Buffalo Bills,https://www.pro-football-reference.com/boxscores/200309070buf.htm,3,13:49,3,8,NE 24,0,21,"(13:49) 12-T.Brady pass incomplete to 80-T.Brown (22-N.Clements). Receiver and coverage over middle at NE 35. PENALTY on BUF-22-N.Clements, Defensive Pass Interference, 11 yards, enforced at NE 24 - No Play.",-1.114,1.938
2003,1,September 7,away,Buffalo Bills,https://www.pro-football-reference.com/boxscores/200309070buf.htm,3,13:43,1,10,NE 35,0,21,"(13:43) 12-T.Brady pass to 33-K.Faulk to NE 38 for 3 yards (26-A.Winfield; 59-L.Fletcher). Screen pass left, caught at NE 35.",0.825,-0.095
2003,1,September 7,away,Buffalo Bills,https://www.pro-football-reference.com/boxscores/200309070buf.htm,3,13:05,2,7,NE 38,0,21,"(13:05) 33-K.Faulk left guard to NE 48 for 10 yards (36-L.Milloy, 59-L.Fletcher).",0.729,1.195
2003,1,September 7,away,Buffalo Bills,https://www.pro-football-reference.com/boxscores/200309070buf.htm,3,12:33,1,10,NE 48,0,21,"(12:33) 33-K.Faulk up the middle to BUF 46 for 6 yards (59-L.Fletcher, 26-A.Winfield).",1.924,0.240
2003,1,September 7,away,Buffalo Bills,https://www.pro-football-reference.com/boxscores/200309070buf.htm,3,11:59,2,4,BUF 46,0,21,"(11:59) PENALTY on NE-82-D.Graham, False Start, 5 yards, enforced at BUF 46 - No Play.",2.164,-0.727
2003,1,September 7,away,Buffalo Bills,https://www.pro-football-reference.com/boxscores/200309070buf.htm,3,11:42,2,9,NE 49,0,21,"(11:42) 12-T.Brady pass incomplete to 82-D.Graham. Thrown behind receiver at BUF 47, right side.",1.437,-0.849
2003,1,September 7,away,Buffalo Bills,https://www.pro-football-reference.com/boxscores/200309070buf.htm,3,11:38,3,9,NE 49,0,21,"(11:38) 31-L.Centers left guard to BUF 43 for 8 yards (51-T.Spikes, 96-J.Posey). Measurement = fourth down.",0.588,-0.269
2003,1,September 7,away,Buffalo Bills,https://www.pro-football-reference.com/boxscores/200309070buf.htm,3,11:03,4,1,BUF 43,0,21,"(11:03) 32-A.Smith up the middle to BUF 42 for 1 yard (51-T.Spikes). Measurement = first down. PENALTY on NE, Illegal Shift, 5 yards, enforced at BUF 43 - No Play.",0.319,-0.992
2003,1,September 7,away,Buffalo Bills,https://www.pro-football-reference.com/boxscores/200309070buf.htm,3,10:51,4,6,BUF 48,0,21,"(10:51) 13-K.Walter punts 23 yards to BUF 25, Center-66-L.Paxton, downed by NE-84-F.Baxter.",-0.673,-0.607
2003,1,September 7,away,Buffalo Bills,https://www.pro-football-reference.com/boxscores/200309070buf.htm,3,10:39,1,10,BUF 25,0,21,"(10:39) 11-D.Bledsoe FUMBLES (Aborted) at BUF 22, RECOVERED by NE-55-W.McGinest at BUF 22.",1.280,-5.455
2003,1,September 7,away,Buffalo Bills,https://www.pro-football-reference.com/boxscores/200309070buf.htm,3,10:35,1,10,BUF 22,0,21,"(10:35) 12-T.Brady pass incomplete to 83-D.Branch. Pressure on QB: S.Adams. Overthrown, receiver at BUF 12, right sideline.",4.174,-0.417
2003,1,September 7,away,Buffalo Bills,https://www.pro-football-reference.com/boxscores/200309070buf.htm,3,10:29,2,10,BUF 22,0,21,"(10:29) 12-T.Brady pass to 33-K.Faulk pushed ob at BUF 14 for 8 yards (23-P.Prioleau). Screen left, caught at BUF 20.",3.757,0.385
2003,1,September 7,away,Buffalo Bills,https://www.pro-football-reference.com/boxscores/200309070buf.htm,3,10:04,3,2,BUF 14,0,21,"(10:04) 12-T.Brady pass to 32-A.Smith to BUF 2 for 12 yards (23-P.Prioleau). Screen left, caught at BUF 11.",4.143,1.915
2003,1,September 7,away,Buffalo Bills,https://www.pro-football-reference.com/boxscores/200309070buf.htm,3,09:22,1,2,BUF 2,0,21,"(9:22) 32-A.Smith left guard to BUF 2 for no gain (52-D.Polk, 59-L.Fletcher).",6.057,-0.443
2003,1,September 7,away,Buffalo Bills,https://www.pro-football-reference.com/boxscores/200309070buf.htm,3,08:49,2,2,BUF 2,0,21,(8:49) 32-A.Smith left tackle to BUF 3 for -1 yards (90-C.Kelsay).,5.614,-1.247
2003,1,September 7,away,Buffalo Bills,https://www.pro-football-reference.com/boxscores/200309070buf.htm,3,08:01,,,BUF 3,0,21,Timeout #1 by NE at 08:01.,4.367,0.000
2003,1,September 7,away,Buffalo Bills,https://www.pro-football-reference.com/boxscores/200309070buf.htm,3,08:01,3,3,BUF 3,0,21,"(8:01) PENALTY on NE-82-D.Graham, False Start, 5 yards, enforced at BUF 3 - No Play.",4.367,-0.673
2003,1,September 7,away,Buffalo Bills,https://www.pro-football-reference.com/boxscores/200309070buf.htm,3,08:01,3,8,BUF 8,0,21,"(8:01) 12-T.Brady pass incomplete to 86-D.Patten. Caught out of bounds, rear left corner of end zone. Play Challenged by NE and Upheld. (Timeout #2.)",3.694,-0.928
2003,1,September 7,away,Buffalo Bills,https://www.pro-football-reference.com/boxscores/200309070buf.htm,3,07:55,4,8,BUF 8,0,21,"(7:55) 12-T.Brady pass incomplete to 83-D.Branch (28-K.Thomas). Receiver and coverage 8 yds. into end zone, over middle.",2.766,-2.976
2003,1,September 7,away,Buffalo Bills,https://www.pro-football-reference.com/boxscores/200309070buf.htm,3,07:49,1,10,BUF 8,0,21,(7:49) 20-T.Henry right guard to BUF 10 for 2 yards (95-R.Phifer).,0.210,-0.700
2003,1,September 7,away,Buffalo Bills,https://www.pro-football-reference.com/boxscores/200309070buf.htm,3,07:02,,,BUF 10,0,21,Timeout #1 by BUF at 07:02.,-0.490,0.000
2003,1,September 7,away,Buffalo Bills,https://www.pro-football-reference.com/boxscores/200309070buf.htm,3,07:02,2,8,BUF 10,0,21,"(7:02) 20-T.Henry right tackle to BUF 13 for 3 yards (95-R.Phifer, 94-T.Warren).",-0.490,-0.282
2003,1,September 7,away,Buffalo Bills,https://www.pro-football-reference.com/boxscores/200309070buf.htm,3,06:20,3,5,BUF 13,0,21,"(6:20) (Shotgun) 11-D.Bledsoe pass to 80-E.Moulds to BUF 31 for 18 yards (23-A.Harris). Caught at BUF 28, crossing from left to middle. PENALTY on BUF-80-E.Moulds, Taunting, 15 yards, enforced between downs.",-0.772,1.449
2003,1,September 7,away,Buffalo Bills,https://www.pro-football-reference.com/boxscores/200309070buf.htm,3,05:50,1,10,BUF 16,0,21,(5:50) 20-T.Henry up the middle to BUF 21 for 5 yards (95-R.Phifer; 93-R.Seymour).,0.677,-0.101
2003,1,September 7,away,Buffalo Bills,https://www.pro-football-reference.com/boxscores/200309070buf.htm,3,05:05,2,5,BUF 21,0,21,"(5:05) 11-D.Bledsoe pass to 82-J.Reed to BUF 26 for 5 yards (38-T.Poole, 37-R.Harrison). Caught in left flat at BUF 23.",0.576,0.689
2003,1,September 7,away,Buffalo Bills,https://www.pro-football-reference.com/boxscores/200309070buf.htm,3,04:07,1,10,BUF 26,0,21,"(4:07) 20-T.Henry right tackle to BUF 25 for -1 yards (50-M.Vrabel, 37-R.Harrison).",1.265,-0.793
2003,1,September 7,away,Buffalo Bills,https://www.pro-football-reference.com/boxscores/200309070buf.htm,3,03:24,2,11,BUF 25,0,21,"(3:24) 20-T.Henry right tackle to BUF 26 for 1 yard (93-R.Seymour, 96-R.Lyle).",0.472,-0.484
2003,1,September 7,away,Buffalo Bills,https://www.pro-football-reference.com/boxscores/200309070buf.htm,3,02:39,3,10,BUF 26,0,21,(2:39) (Shotgun) 11-D.Bledsoe pass incomplete. Pressure on QB: T.Bruschi.,-0.012,-1.258
2003,1,September 7,away,Buffalo Bills,https://www.pro-football-reference.com/boxscores/200309070buf.htm,3,02:31,4,10,BUF 26,0,21,"(2:31) 8-B.Moorman punts 64 yards to NE 10, Center-54-J.Dorenbos. 83-D.Branch to NE 27 for 17 yards (28-K.Thomas). PENALTY on NE-81-B.Johnson, Illegal Block Above the Waist, 10 yards, enforced at NE 21. Return credited to spot of foul.",-1.270,2.034
2003,1,September 7,away,Buffalo Bills,https://www.pro-football-reference.com/boxscores/200309070buf.htm,3,02:17,1,10,NE 11,0,21,"(2:17) 12-T.Brady pass to 33-K.Faulk to NE 16 for 5 yards (26-A.Winfield, 59-L.Fletcher). Dump pass over middle, caught at NE 13.",-0.763,0.168
2003,1,September 7,away,Buffalo Bills,https://www.pro-football-reference.com/boxscores/200309070buf.htm,3,01:40,2,5,NE 16,0,21,(1:40) 12-T.Brady pass to 86-D.Patten to BUF 42 for 42 yards (22-N.Clements). Caught along right sideline at BUF 42.,-0.595,3.315
2003,1,September 7,away,Buffalo Bills,https://www.pro-football-reference.com/boxscores/200309070buf.htm,3,00:51,1,10,BUF 42,0,21,"(:51) 12-T.Brady pass incomplete to 80-T.Brown. Overthrown, receiver at BUF 15, left sideline.",2.719,-0.514
2003,1,September 7,away,Buffalo Bills,https://www.pro-football-reference.com/boxscores/200309070buf.htm,3,00:45,2,10,BUF 42,0,21,(:45) 12-T.Brady pass intended for 33-K.Faulk INTERCEPTED by 51-T.Spikes at BUF 45. 51-T.Spikes to BUF 46 for 1 yard (72-M.Light). Coverage over middle.,2.205,-4.769
2003,1,September 7,away,Buffalo Bills,https://www.pro-football-reference.com/boxscores/200309070buf.htm,3,00:37,1,10,BUF 46,0,21,"(:37) 11-D.Bledsoe pass to 20-T.Henry ran ob at NE 44 for 10 yards. Flare left, caught at BUF 45.",2.564,0.453
2003,1,September 7,away,Buffalo Bills,https://www.pro-football-reference.com/boxscores/200309070buf.htm,3,00:12,1,10,NE 44,0,21,"(:12) 11-D.Bledsoe pass incomplete to 82-J.Reed. Overthrown, receiver at NE15, right side. PENALTY on NE-26-E.Wilson, Defensive Pass Interference, 24 yards, enforced at NE 44 - No Play.",3.016,1.436
2003,1,September 7,away,Buffalo Bills,https://www.pro-football-reference.com/boxscores/200309070buf.htm,3,00:06,1,10,NE 20,0,21,(:06) 20-T.Henry up the middle to NE 16 for 4 yards (92-T.Washington).,4.452,0.028
2003,1,September 7,away,Buffalo Bills,https://www.pro-football-reference.com/boxscores/200309070buf.htm,4,15:00,2,6,NE 16,0,21,"(15:00) 20-T.Henry up the middle to NE 11 for 5 yards (52-T.Johnson, 93-R.Seymour).",4.480,0.297
2003,1,September 7,away,Buffalo Bills,https://www.pro-football-reference.com/boxscores/200309070buf.htm,4,14:15,3,1,NE 11,0,21,(14:15) 20-T.Henry right guard to NE 9 for 2 yards (91-B.Hamilton).,4.777,0.314
2003,1,September 7,away,Buffalo Bills,https://www.pro-football-reference.com/boxscores/200309070buf.htm,4,13:32,1,9,NE 9,0,21,(13:32) 11-D.Bledsoe pass incomplete.,5.091,-0.525
2003,1,September 7,away,Buffalo Bills,https://www.pro-football-reference.com/boxscores/200309070buf.htm,4,13:26,2,9,NE 9,0,27,"(13:26) 20-T.Henry right tackle for 9 yards, TOUCHDOWN. Key block: M.Williams.",4.566,2.434
2003,1,September 7,away,Buffalo Bills,https://www.pro-football-reference.com/boxscores/200309070buf.htm,4,13:21,,,NE 2,0,28,"9-R.Lindell extra point is GOOD, Center-70-T.Teague, Holder-8-B.Moorman.",0.986,0.014
2003,1,September 7,away,Buffalo Bills,https://www.pro-football-reference.com/boxscores/200309070buf.htm,4,13:21,,,BUF 30,0,28,9-R.Lindell kicks 63 yards from BUF 30 to NE 7. 33-K.Faulk to NE 27 for 20 yards (35-J.Burns).,0.369,0.340
2003,1,September 7,away,Buffalo Bills,https://www.pro-football-reference.com/boxscores/200309070buf.htm,4,13:14,1,10,NE 27,0,28,"(13:14) (Shotgun) 12-T.Brady pass to 31-L.Centers to NE 39 for 12 yards (26-A.Winfield, 59-L.Fletcher). Caught over middle NE33",0.708,0.806
2003,1,September 7,away,Buffalo Bills,https://www.pro-football-reference.com/boxscores/200309070buf.htm,4,12:48,1,10,NE 39,0,28,"(12:48) (No Huddle, Shotgun) 12-T.Brady pass to 31-L.Centers to NE 42 for 3 yards (51-T.Spikes). Caught over middle at NE 40.",1.514,-0.253
2003,1,September 7,away,Buffalo Bills,https://www.pro-football-reference.com/boxscores/200309070buf.htm,4,12:19,2,7,NE 42,0,28,"(12:19) (No Huddle, Shotgun) 12-T.Brady pass to 80-T.Brown to BUF 48 for 10 yards (23-P.Prioleau). Caught at 50, left side.",1.261,1.156
2003,1,September 7,away,Buffalo Bills,https://www.pro-football-reference.com/boxscores/200309070buf.htm,4,11:53,1,10,BUF 48,0,28,"(11:53) (No Huddle, Shotgun) 12-T.Brady pass to 82-D.Graham to BUF 47 for 1 yard (28-K.Thomas). Caught at BUF 47, left side.",2.417,-0.458
2003,1,September 7,away,Buffalo Bills,https://www.pro-football-reference.com/boxscores/200309070buf.htm,4,11:20,2,9,BUF 47,0,28,"(11:20) (No Huddle, Shotgun) 31-L.Centers up the middle to BUF 41 for 6 yards (23-P.Prioleau; 59-L.Fletcher).",1.959,0.050
2003,1,September 7,away,Buffalo Bills,https://www.pro-football-reference.com/boxscores/200309070buf.htm,4,11:20,3,3,BUF 41,0,28,"(11:20) (No Huddle, Shotgun) 12-T.Brady pass to 83-D.Branch to BUF 33 for 8 yards (28-K.Thomas). Caught at BUF 34, slanting from left to middle.",2.009,1.342
2003,1,September 7,away,Buffalo Bills,https://www.pro-football-reference.com/boxscores/200309070buf.htm,4,10:21,1,10,BUF 33,0,28,"(10:21) (No Huddle, Shotgun) 31-L.Centers up the middle to BUF 27 for 6 yards (59-L.Fletcher).",3.351,0.283
2003,1,September 7,away,Buffalo Bills,https://www.pro-football-reference.com/boxscores/200309070buf.htm,4,09:52,2,4,BUF 27,0,28,"(9:52) (No Huddle, Shotgun) 12-T.Brady pass intended for 31-L.Centers INTERCEPTED by 51-T.Spikes at BUF 23. 51-T.Spikes pushed ob at BUF 23 for no gain (31-L.Centers). Coverage along right sideline.",3.635,-4.487
2003,1,September 7,away,Buffalo Bills,https://www.pro-football-reference.com/boxscores/200309070buf.htm,4,09:44,1,10,BUF 23,0,28,(9:44) 20-T.Henry right tackle to BUF 27 for 4 yards (59-R.Colvin).,0.853,-0.160
2003,1,September 7,away,Buffalo Bills,https://www.pro-football-reference.com/boxscores/200309070buf.htm,4,08:59,2,6,BUF 27,0,28,"(8:59) 11-D.Bledsoe pass to 20-T.Henry to BUF 36 for 9 yards (55-W.McGinest, 54-T.Bruschi). Caught at BUF 33, over middle.",0.693,0.872
2003,1,September 7,away,Buffalo Bills,https://www.pro-football-reference.com/boxscores/200309070buf.htm,4,08:14,1,10,BUF 36,0,28,"(8:14) 20-T.Henry right tackle to BUF 47 for 11 yards (37-R.Harrison). PENALTY on NE-37-R.Harrison, Face Mask (15 Yards), 15 yards, enforced at BUF 47.",1.564,1.535
2003,1,September 7,away,Buffalo Bills,https://www.pro-football-reference.com/boxscores/200309070buf.htm,4,07:54,1,10,NE 38,0,28,"(7:54) 20-T.Henry right tackle to NE 35 for 3 yards (54-T.Bruschi, 52-T.Johnson).",3.100,-0.280
2003,1,September 7,away,Buffalo Bills,https://www.pro-football-reference.com/boxscores/200309070buf.htm,4,07:11,2,7,NE 35,0,28,(7:11) 20-T.Henry right tackle pushed ob at NE 27 for 8 yards (24-T.Law).,2.820,0.858
2003,1,September 7,away,Buffalo Bills,https://www.pro-football-reference.com/boxscores/200309070buf.htm,4,06:38,1,10,NE 27,0,28,"(6:38) 20-T.Henry left guard to NE 24 for 3 yards (95-R.Phifer, 37-R.Harrison).",3.678,-0.051
2003,1,September 7,away,Buffalo Bills,https://www.pro-football-reference.com/boxscores/200309070buf.htm,4,05:51,2,7,NE 24,0,28,(5:51) 20-T.Henry right tackle to NE 27 for -3 yards (91-B.Hamilton).,3.627,-0.918
2003,1,September 7,away,Buffalo Bills,https://www.pro-football-reference.com/boxscores/200309070buf.htm,4,05:03,,,NE 27,0,28,Timeout #2 by BUF at 05:03.,2.709,0.000
2003,1,September 7,away,Buffalo Bills,https://www.pro-football-reference.com/boxscores/200309070buf.htm,4,05:03,3,10,NE 27,0,28,"(5:03) (Shotgun) 11-D.Bledsoe pass to 31-S.Morris to NE 26 for 1 yard (38-T.Poole). Dump pass right, caught at NE 30.",2.709,-1.037
2003,1,September 7,away,Buffalo Bills,https://www.pro-football-reference.com/boxscores/200309070buf.htm,4,04:22,4,9,NE 26,0,31,"(4:22) 9-R.Lindell 44 yard field goal is GOOD, Center-70-T.Teague, Holder-8-B.Moorman.",1.671,1.329
2003,1,September 7,away,Buffalo Bills,https://www.pro-football-reference.com/boxscores/200309070buf.htm,4,04:16,,,BUF 30,0,31,9-R.Lindell kicks 62 yards from BUF 30 to NE 8. 81-B.Johnson to NE 36 for 28 yards (57-J.Stamer).,0.578,0.670
2003,1,September 7,away,Buffalo Bills,https://www.pro-football-reference.com/boxscores/200309070buf.htm,4,04:08,1,10,NE 36,0,31,"(4:08) R.Davey in at QB. 6-R.Davey pass incomplete to 31-L.Centers. Thrown wide of receiver at NE 40, right side. PENALTY on NE-70-A.Klemm, Face Mask (15 Yards), 15 yards, enforced at NE 36 - No Play.",1.249,-0.977
2003,1,September 7,away,Buffalo Bills,https://www.pro-football-reference.com/boxscores/200309070buf.htm,4,04:04,1,25,NE 21,0,31,"(4:04) 31-L.Centers up the middle to NE 34 for 13 yards (59-L.Fletcher, 26-A.Winfield).",0.272,0.326
2003,1,September 7,away,Buffalo Bills,https://www.pro-football-reference.com/boxscores/200309070buf.htm,4,03:37,2,12,NE 34,0,31,(3:37) 31-L.Centers up the middle to NE 37 for 3 yards (96-J.Posey).,0.597,-0.320
2003,1,September 7,away,Buffalo Bills,https://www.pro-football-reference.com/boxscores/200309070buf.htm,4,03:08,3,9,NE 37,0,31,(3:08) 6-R.Davey pass incomplete to 86-D.Patten (94-A.Schobel). Arm batted at line.,0.277,-0.698
2003,1,September 7,away,Buffalo Bills,https://www.pro-football-reference.com/boxscores/200309070buf.htm,4,03:02,4,9,NE 37,0,31,"(3:02) 13-K.Walter punts 50 yards to BUF 13, Center-66-L.Paxton. 86-A.Brown to BUF 21 for 8 yards (54-T.Bruschi).",-0.420,-0.247
2003,1,September 7,away,Buffalo Bills,https://www.pro-football-reference.com/boxscores/200309070buf.htm,4,02:49,1,10,BUF 21,0,31,"(2:49) A.Van Pelt in at QB. 35-J.Burns up the middle to BUF 24 for 3 yards (96-R.Lyle, 97-J.Green).",0.668,-0.214
2003,1,September 7,away,Buffalo Bills,https://www.pro-football-reference.com/boxscores/200309070buf.htm,4,02:10,2,7,BUF 24,0,31,"(2:10) 35-J.Burns up the middle to BUF 25 for 1 yard (50-M.Vrabel, 94-T.Warren).",0.454,-0.294
2003,1,September 7,away,Buffalo Bills,https://www.pro-football-reference.com/boxscores/200309070buf.htm,4,02:00,3,6,BUF 25,0,31,"(2:00) (Shotgun) 31-S.Morris up the middle to BUF 29 for 4 yards (54-T.Bruschi, 34-C.Akins).",0.160,-0.719
2003,1,September 7,away,Buffalo Bills,https://www.pro-football-reference.com/boxscores/200309070buf.htm,4,01:52,,,BUF 29,0,31,Timeout #3 by NE at 01:52.,-0.559,0.000
2003,1,September 7,away,Buffalo Bills,https://www.pro-football-reference.com/boxscores/200309070buf.htm,4,01:52,4,2,BUF 29,0,31,"(1:52) 8-B.Moorman punts 48 yards to NE 23, Center-54-J.Dorenbos. 81-B.Johnson to NE 25 for 2 yards (28-K.Thomas).",-0.559,-0.089
2003,1,September 7,away,Buffalo Bills,https://www.pro-football-reference.com/boxscores/200309070buf.htm,4,01:39,1,10,NE 25,0,31,(1:39) 6-R.Davey pass to 86-D.Patten to NE 31 for 6 yards (22-N.Clements). Caught On Right Sideline BUF31.,0.649,-0.221
2003,1,September 7,away,Buffalo Bills,https://www.pro-football-reference.com/boxscores/200309070buf.htm,4,01:21,2,4,NE 31,0,31,"(1:21) (No Huddle) 6-R.Davey pass incomplete to 31-L.Centers (22-N.Clements). Receiver and coverage at NE 36, right side.",0.428,-0.222
2003,1,September 7,away,Buffalo Bills,https://www.pro-football-reference.com/boxscores/200309070buf.htm,4,01:13,3,4,NE 31,0,31,"(1:13) (No Huddle) 6-R.Davey pass to 81-B.Johnson to NE 40 for 9 yards (37-D.Sidney). Caught in Left Flat, NE 37.",0.206,0.618
2003,1,September 7,away,Buffalo Bills,https://www.pro-football-reference.com/boxscores/200309070buf.htm,4,00:53,1,10,NE 40,0,31,(:53) (No Huddle) 6-R.Davey pass to 81-B.Johnson to BUF 44 for 16 yards (43-I.Reese).,0.824,0.413
2003,1,September 7,away,Buffalo Bills,https://www.pro-football-reference.com/boxscores/200309070buf.htm,4,00:34,1,10,BUF 44,0,31,"(:34) (No Huddle) 6-R.Davey pass incomplete to 81-B.Johnson. Overthrown, receiver over middle at BUF 30.",1.237,-0.286
2003,1,September 7,away,Buffalo Bills,https://www.pro-football-reference.com/boxscores/200309070buf.htm,4,00:27,2,10,BUF 44,0,31,"(:27) 6-R.Davey pass incomplete to 86-D.Patten (27-C.Wire). Thrown behind receiver, 5 yds. into end zone, over middle. PENALTY on BUF-27-C.Wire, Defensive Pass Interference, 43 yards, enforced at BUF 44 - No Play.",0.950,4.140
2003,1,September 7,away,Buffalo Bills,https://www.pro-football-reference.com/boxscores/200309070buf.htm,4,00:18,1,1,BUF 1,0,31,"(:18) 6-R.Davey pass incomplete to 88-C.Fauria. Overthrown, receiver in rear right corner of end zone.",5.090,-0.848
2003,1,September 7,away,Buffalo Bills,https://www.pro-football-reference.com/boxscores/200309070buf.htm,4,00:11,2,1,BUF 1,0,31,(:11) 32-A.Smith left guard to BUF 1 for no gain (27-C.Wire).,4.243,-4.243
2003,2,September 14,away,Philadelphia Eagles,https://www.pro-football-reference.com/boxscores/200309140phi.htm,1,15:00,,,PHI 30,0,0,2-D.Akers kicks 67 yards from PHI 30 to NE 3. 81-B.Johnson to NE 26 for 23 yards (58-I.Reese).,-0.140,0.457
2003,2,September 14,away,Philadelphia Eagles,https://www.pro-football-reference.com/boxscores/200309140phi.htm,1,14:53,1,10,NE 26,0,0,(14:53) 12-T.Brady pass to 80-T.Brown to NE 32 for 6 yards (51-C.Emmons).,0.317,0.355
2003,2,September 14,away,Philadelphia Eagles,https://www.pro-football-reference.com/boxscores/200309140phi.htm,1,14:13,2,4,NE 32,0,0,(14:13) 12-T.Brady pass incomplete to 80-T.Brown.,0.672,-0.759
2003,2,September 14,away,Philadelphia Eagles,https://www.pro-football-reference.com/boxscores/200309140phi.htm,1,14:13,3,4,NE 32,0,0,"(14:13) PENALTY on PHI-97-D.Walker, Encroachment, 5 yards, enforced at NE 32 - No Play.",-0.087,1.116
2003,2,September 14,away,Philadelphia Eagles,https://www.pro-football-reference.com/boxscores/200309140phi.htm,1,14:11,1,10,NE 37,0,0,(14:11) 12-T.Brady pass incomplete to 88-C.Fauria (53-M.Simoneau).,1.030,-0.486
2003,2,September 14,away,Philadelphia Eagles,https://www.pro-football-reference.com/boxscores/200309140phi.htm,1,14:07,2,10,NE 37,0,0,(14:07) 12-T.Brady pass to 80-T.Brown to NE 43 for 6 yards (54-N.Wayne).,0.544,0.065
2003,2,September 14,away,Philadelphia Eagles,https://www.pro-football-reference.com/boxscores/200309140phi.htm,1,13:24,3,4,NE 43,0,0,"(13:24) 12-T.Brady pass to 31-L.Centers pushed ob at NE 49 for 6 yards (54-N.Wayne). PENALTY on PHI-54-N.Wayne, 5 yards, enforced at NE 49.",0.609,1.691
2003,2,September 14,away,Philadelphia Eagles,https://www.pro-football-reference.com/boxscores/200309140phi.htm,1,13:02,1,10,PHI 46,0,0,(13:02) 33-K.Faulk left tackle to PHI 43 for 3 yards (32-M.Lewis; 57-K.Adams).,2.300,-0.334
2003,2,September 14,away,Philadelphia Eagles,https://www.pro-football-reference.com/boxscores/200309140phi.htm,1,12:30,2,7,PHI 43,0,0,(12:30) 33-K.Faulk left tackle to PHI 40 for 3 yards (78-H.Thomas).,1.966,-0.215
2003,2,September 14,away,Philadelphia Eagles,https://www.pro-football-reference.com/boxscores/200309140phi.htm,1,11:50,3,4,PHI 40,0,0,(11:50) 12-T.Brady pass incomplete to 84-F.Baxter.,1.751,-1.918
2003,2,September 14,away,Philadelphia Eagles,https://www.pro-football-reference.com/boxscores/200309140phi.htm,1,11:42,4,4,PHI 40,0,0,"(11:42) 13-K.Walter punts 37 yards to PHI 3, Center-66-L.Paxton, downed by NE-58-M.Chatham.",-0.167,0.505
2003,2,September 14,away,Philadelphia Eagles,https://www.pro-football-reference.com/boxscores/200309140phi.htm,1,11:32,1,10,PHI 3,0,0,(11:32) 5-D.McNabb scrambles left end ran ob at PHI 17 for 14 yards (54-T.Bruschi).,-0.338,0.972
2003,2,September 14,away,Philadelphia Eagles,https://www.pro-football-reference.com/boxscores/200309140phi.htm,1,11:02,1,10,PHI 17,0,0,(11:02) 5-D.McNabb pass incomplete to 89-C.Lewis (37-R.Harrison).,0.634,-0.555
2003,2,September 14,away,Philadelphia Eagles,https://www.pro-football-reference.com/boxscores/200309140phi.htm,1,10:57,2,10,PHI 17,0,0,"(10:57) 5-D.McNabb sacked at PHI 16 for -1 yards (59-R.Colvin). Penalty on PHI-69-J.Runyan, Clipping, declined.",0.079,-1.015
2003,2,September 14,away,Philadelphia Eagles,https://www.pro-football-reference.com/boxscores/200309140phi.htm,1,10:39,3,11,PHI 16,0,0,(10:39) 5-D.McNabb pass incomplete to 80-J.Thrash.,-0.936,-0.979
2003,2,September 14,away,Philadelphia Eagles,https://www.pro-football-reference.com/boxscores/200309140phi.htm,1,10:35,4,11,PHI 16,0,0,"(10:35) 8-D.Johnson punts 56 yards to NE 28, Center-88-M.Bartrum. 80-T.Brown to NE 37 for 9 yards (29-R.Hood; 36-B.Westbrook).",-1.915,0.818
2003,2,September 14,away,Philadelphia Eagles,https://www.pro-football-reference.com/boxscores/200309140phi.htm,1,10:25,1,10,NE 37,0,0,(10:25) 33-K.Faulk left guard to NE 46 for 9 yards (78-H.Thomas; 32-M.Lewis).,1.098,0.886
2003,2,September 14,away,Philadelphia Eagles,https://www.pro-football-reference.com/boxscores/200309140phi.htm,1,09:49,2,1,NE 46,0,0,(9:49) 32-A.Smith up the middle to NE 46 for no gain (90-C.Simon).,1.983,-0.599
2003,2,September 14,away,Philadelphia Eagles,https://www.pro-football-reference.com/boxscores/200309140phi.htm,1,09:49,3,1,NE 46,0,0,"(9:49) PENALTY on NE-70-A.Klemm, False Start, 5 yards, enforced at NE 46 - No Play.",1.384,-1.088
2003,2,September 14,away,Philadelphia Eagles,https://www.pro-football-reference.com/boxscores/200309140phi.htm,1,08:35,3,6,NE 41,0,0,(8:35) 12-T.Brady pass incomplete to 31-L.Centers (33-C.Hart). Ball tipped at line of scrimmage by #33 Clinton Hart.,0.296,-1.295
2003,2,September 14,away,Philadelphia Eagles,https://www.pro-football-reference.com/boxscores/200309140phi.htm,1,08:31,4,6,NE 41,0,0,"(8:31) 13-K.Walter punts 26 yards to PHI 33, Center-66-L.Paxton, out of bounds.",-0.998,-0.740
2003,2,September 14,away,Philadelphia Eagles,https://www.pro-football-reference.com/boxscores/200309140phi.htm,1,08:24,1,10,PHI 33,0,0,(8:24) 36-B.Westbrook left tackle to PHI 34 for 1 yard (92-T.Washington).,1.738,-0.480
2003,2,September 14,away,Philadelphia Eagles,https://www.pro-football-reference.com/boxscores/200309140phi.htm,1,07:47,2,9,PHI 34,0,0,(7:47) 5-D.McNabb pass incomplete to 89-C.Lewis (54-T.Bruschi).,1.258,-0.692
2003,2,September 14,away,Philadelphia Eagles,https://www.pro-football-reference.com/boxscores/200309140phi.htm,1,07:42,3,9,PHI 34,0,0,"(7:42) 5-D.McNabb pass to 89-C.Lewis to PHI 34 for no gain (26-E.Wilson). PENALTY on PHI-63-H.Fraley, Offensive Holding, 10 yards, enforced at PHI 34 - No Play.",0.566,-1.248
2003,2,September 14,away,Philadelphia Eagles,https://www.pro-football-reference.com/boxscores/200309140phi.htm,1,07:11,3,19,PHI 24,0,0,(7:11) 5-D.McNabb pass to 22-D.Staley to PHI 32 for 8 yards (95-R.Phifer).,-0.683,-0.136
2003,2,September 14,away,Philadelphia Eagles,https://www.pro-football-reference.com/boxscores/200309140phi.htm,1,06:44,4,11,PHI 32,0,0,"(6:44) 8-D.Johnson punts 55 yards to NE 13, Center-88-M.Bartrum. 80-T.Brown pushed ob at NE 24 for 11 yards (29-R.Hood).",-0.819,0.715
2003,2,September 14,away,Philadelphia Eagles,https://www.pro-football-reference.com/boxscores/200309140phi.htm,1,06:33,1,10,NE 24,0,0,(6:33) 12-T.Brady pass to 80-T.Brown to NE 30 for 6 yards (33-C.Hart).,0.104,0.426
2003,2,September 14,away,Philadelphia Eagles,https://www.pro-football-reference.com/boxscores/200309140phi.htm,1,06:04,2,4,NE 30,0,0,(6:04) 12-T.Brady pass to 33-K.Faulk ran ob at PHI 45 for 25 yards (23-T.Vincent).,0.529,1.841
2003,2,September 14,away,Philadelphia Eagles,https://www.pro-football-reference.com/boxscores/200309140phi.htm,1,05:34,1,10,PHI 45,0,0,(5:34) 12-T.Brady pass to 80-T.Brown to PHI 44 for 1 yard (26-L.Sheppard).,2.371,-0.522
2003,2,September 14,away,Philadelphia Eagles,https://www.pro-football-reference.com/boxscores/200309140phi.htm,1,04:59,2,9,PHI 44,0,0,(4:59) 33-K.Faulk right tackle to PHI 46 for -2 yards (58-I.Reese).,1.849,-1.269
2003,2,September 14,away,Philadelphia Eagles,https://www.pro-football-reference.com/boxscores/200309140phi.htm,1,04:16,3,11,PHI 46,0,0,(4:16) 12-T.Brady pass to 83-D.Branch to PHI 31 for 15 yards (23-T.Vincent).,0.580,2.850
2003,2,September 14,away,Philadelphia Eagles,https://www.pro-football-reference.com/boxscores/200309140phi.htm,1,03:38,1,10,PHI 31,0,0,(3:38) 33-K.Faulk right guard to PHI 25 for 6 yards (93-M.Coleman).,3.430,0.284
2003,2,September 14,away,Philadelphia Eagles,https://www.pro-football-reference.com/boxscores/200309140phi.htm,1,03:07,2,4,PHI 25,0,0,(3:07) 12-T.Brady pass to 80-T.Brown to PHI 19 for 6 yards (53-M.Simoneau).,3.714,0.588
2003,2,September 14,away,Philadelphia Eagles,https://www.pro-football-reference.com/boxscores/200309140phi.htm,1,02:28,1,10,PHI 19,0,0,(2:28) 12-T.Brady pass incomplete to 33-K.Faulk (53-M.Simoneau).,4.302,-0.456
2003,2,September 14,away,Philadelphia Eagles,https://www.pro-football-reference.com/boxscores/200309140phi.htm,1,02:22,2,10,PHI 19,0,0,(2:22) 12-T.Brady pass to 86-D.Patten to PHI 19 for no gain (26-L.Sheppard).,3.846,-0.618
2003,2,September 14,away,Philadelphia Eagles,https://www.pro-football-reference.com/boxscores/200309140phi.htm,1,01:40,3,10,PHI 19,0,0,(1:40) 12-T.Brady pass to 83-D.Branch to PHI 10 for 9 yards (26-L.Sheppard).,3.228,-0.460
2003,2,September 14,away,Philadelphia Eagles,https://www.pro-football-reference.com/boxscores/200309140phi.htm,1,01:14,4,1,PHI 10,3,0,"(1:14) 4-A.Vinatieri 27 yard field goal is GOOD, Center-66-L.Paxton, Holder-13-K.Walter.",2.768,0.232
2003,2,September 14,away,Philadelphia Eagles,https://www.pro-football-reference.com/boxscores/200309140phi.htm,1,01:10,,,NE 30,3,0,4-A.Vinatieri kicks 61 yards from NE 30 to PHI 9. 36-B.Westbrook to PHI 33 for 24 yards (26-E.Wilson; 29-A.Morris).,0.748,0.911
2003,2,September 14,away,Philadelphia Eagles,https://www.pro-football-reference.com/boxscores/200309140phi.htm,1,01:10,,,PHI 33,3,0,Timeout at 01:10. Pats' Wilson was apparently injured on the last play.,1.659,0.000
2003,2,September 14,away,Philadelphia Eagles,https://www.pro-football-reference.com/boxscores/200309140phi.htm,1,01:06,1,10,PHI 33,3,0,(1:06) 5-D.McNabb pass to 87-T.Pinkston pushed ob at PHI 46 for 13 yards (38-T.Poole).,1.659,0.847
2003,2,September 14,away,Philadelphia Eagles,https://www.pro-football-reference.com/boxscores/200309140phi.htm,1,00:42,1,10,PHI 46,3,0,(:42) 36-B.Westbrook left end pushed ob at NE 47 for 7 yards (54-T.Bruschi).,2.506,0.212
2003,2,September 14,away,Philadelphia Eagles,https://www.pro-football-reference.com/boxscores/200309140phi.htm,1,00:15,2,3,NE 47,3,0,(:15) 5-D.McNabb pass incomplete to 48-J.Ritchie (93-R.Seymour).,2.718,-0.712
2003,2,September 14,away,Philadelphia Eagles,https://www.pro-football-reference.com/boxscores/200309140phi.htm,1,00:11,3,3,NE 47,3,0,"(:11) 36-B.Westbrook left end to NE 47 for no gain (38-T.Poole). PENALTY on NE-38-T.Poole, Face Mask (15 Yards), 15 yards, enforced at NE 47.",2.007,1.707
2003,2,September 14,away,Philadelphia Eagles,https://www.pro-football-reference.com/boxscores/200309140phi.htm,2,15:00,1,10,NE 32,3,0,(15:00) 5-D.McNabb pass to 28-C.Buckhalter pushed ob at NE 11 for 21 yards (50-M.Vrabel).,3.714,1.239
2003,2,September 14,away,Philadelphia Eagles,https://www.pro-football-reference.com/boxscores/200309140phi.htm,2,14:26,1,10,NE 11,3,0,(14:26) 5-D.McNabb pass incomplete to 80-J.Thrash.,4.953,-0.409
2003,2,September 14,away,Philadelphia Eagles,https://www.pro-football-reference.com/boxscores/200309140phi.htm,2,14:23,2,10,NE 11,3,0,(14:23) 36-B.Westbrook right end to NE 2 for 9 yards (24-T.Law).,4.544,0.888
2003,2,September 14,away,Philadelphia Eagles,https://www.pro-football-reference.com/boxscores/200309140phi.htm,2,14:07,,,,3,0,Timeout #1 by PHI at 14:07.,5.432,0.000
2003,2,September 14,away,Philadelphia Eagles,https://www.pro-football-reference.com/boxscores/200309140phi.htm,2,14:07,,,NE 2,3,0,Timeout #1 by NE at 14:07.,5.432,0.000
2003,2,September 14,away,Philadelphia Eagles,https://www.pro-football-reference.com/boxscores/200309140phi.htm,2,14:07,3,1,NE 2,3,6,"(14:07) 22-D.Staley left guard for 2 yards, TOUCHDOWN.",5.432,1.568
2003,2,September 14,away,Philadelphia Eagles,https://www.pro-football-reference.com/boxscores/200309140phi.htm,2,14:00,,,NE 2,3,7,"2-D.Akers extra point is GOOD, Center-88-M.Bartrum, Holder-10-K.Detmer.",0.986,0.014
2003,2,September 14,away,Philadelphia Eagles,https://www.pro-football-reference.com/boxscores/200309140phi.htm,2,14:00,,,PHI 30,3,7,2-D.Akers kicks 63 yards from PHI 30 to NE 7. 81-B.Johnson to NE 26 for 19 yards (58-I.Reese).,0.132,0.308
2003,2,September 14,away,Philadelphia Eagles,https://www.pro-football-reference.com/boxscores/200309140phi.htm,2,13:54,1,10,NE 26,3,7,(13:54) 12-T.Brady pass to 83-D.Branch to NE 40 for 14 yards (33-C.Hart).,0.441,0.869
2003,2,September 14,away,Philadelphia Eagles,https://www.pro-football-reference.com/boxscores/200309140phi.htm,2,13:21,1,10,NE 40,3,7,(13:21) 32-A.Smith up the middle to NE 43 for 3 yards (78-H.Thomas; 51-C.Emmons).,1.310,-0.131
2003,2,September 14,away,Philadelphia Eagles,https://www.pro-football-reference.com/boxscores/200309140phi.htm,2,12:46,2,7,NE 43,3,7,(12:46) 12-T.Brady pass to 32-A.Smith to PHI 49 for 8 yards (33-C.Hart).,1.179,0.997
2003,2,September 14,away,Philadelphia Eagles,https://www.pro-football-reference.com/boxscores/200309140phi.htm,2,11:24,1,10,PHI 49,3,7,(11:24) 12-T.Brady scrambles up the middle to PHI 46 for 3 yards (97-D.Walker).,2.176,-0.263
2003,2,September 14,away,Philadelphia Eagles,https://www.pro-football-reference.com/boxscores/200309140phi.htm,2,10:43,2,7,PHI 46,3,7,(10:43) 32-A.Smith left tackle to PHI 44 for 2 yards (96-P.Grasmanis; 51-C.Emmons).,1.913,-0.522
2003,2,September 14,away,Philadelphia Eagles,https://www.pro-football-reference.com/boxscores/200309140phi.htm,2,10:33,3,5,PHI 44,3,7,(10:33) 12-T.Brady pass to 83-D.Branch to PHI 28 for 16 yards (26-L.Sheppard).,1.391,2.244
2003,2,September 14,away,Philadelphia Eagles,https://www.pro-football-reference.com/boxscores/200309140phi.htm,2,10:13,1,10,PHI 28,3,7,(10:13) 12-T.Brady pass incomplete to 86-D.Patten.,3.635,-0.358
2003,2,September 14,away,Philadelphia Eagles,https://www.pro-football-reference.com/boxscores/200309140phi.htm,2,10:10,2,10,PHI 28,3,7,(10:10) 12-T.Brady pass to 31-L.Centers to PHI 22 for 6 yards (53-M.Simoneau).,3.277,0.157
2003,2,September 14,away,Philadelphia Eagles,https://www.pro-football-reference.com/boxscores/200309140phi.htm,2,09:58,3,4,PHI 22,3,7,(9:58) 12-T.Brady pass incomplete to 86-D.Patten (24-S.Brown).,3.433,-1.190
2003,2,September 14,away,Philadelphia Eagles,https://www.pro-football-reference.com/boxscores/200309140phi.htm,2,09:22,4,4,PHI 22,3,7,"(9:22) (Field Goal formation) 13-K.Walter Aborted. 66-L.Paxton FUMBLES at PHI 41, touched at PHI 41, recovered by NE-13-K.Walter at PHI 41. 13-K.Walter to PHI 41 for no gain (33-C.Hart).",2.244,-4.079
2003,2,September 14,away,Philadelphia Eagles,https://www.pro-football-reference.com/boxscores/200309140phi.htm,2,09:17,1,10,PHI 41,3,7,"(9:17) 5-D.McNabb sacked at PHI 36 for -5 yards (92-T.Washington). FUMBLES (92-T.Washington), touched at PHI 36, RECOVERED by NE-59-R.Colvin at PHI 36. 59-R.Colvin to PHI 35 for 1 yard (28-C.Buckhalter).",1.835,-4.930
2003,2,September 14,away,Philadelphia Eagles,https://www.pro-football-reference.com/boxscores/200309140phi.htm,2,09:11,1,10,PHI 35,3,7,(9:11) 12-T.Brady pass incomplete to 84-F.Baxter (54-N.Wayne).,3.095,-0.270
2003,2,September 14,away,Philadelphia Eagles,https://www.pro-football-reference.com/boxscores/200309140phi.htm,2,09:06,,,PHI 35,3,7,Timeout #2 by NE at 09:06.,2.825,0.000
2003,2,September 14,away,Philadelphia Eagles,https://www.pro-football-reference.com/boxscores/200309140phi.htm,2,09:05,2,10,PHI 35,3,7,(9:05) (Shotgun) 12-T.Brady pass to 33-K.Faulk pushed ob at PHI 8 for 27 yards (32-M.Lewis).,2.825,2.309
2003,2,September 14,away,Philadelphia Eagles,https://www.pro-football-reference.com/boxscores/200309140phi.htm,2,08:37,1,8,PHI 8,3,7,(8:37) 32-A.Smith left tackle to PHI 8 for no gain (93-M.Coleman).,5.133,-0.553
2003,2,September 14,away,Philadelphia Eagles,https://www.pro-football-reference.com/boxscores/200309140phi.htm,2,08:04,2,8,PHI 8,9,7,"(8:04) 12-T.Brady pass to 88-C.Fauria for 8 yards, TOUCHDOWN.",4.580,2.420
2003,2,September 14,away,Philadelphia Eagles,https://www.pro-football-reference.com/boxscores/200309140phi.htm,2,07:59,,,PHI 2,10,7,"4-A.Vinatieri extra point is GOOD, Center-66-L.Paxton, Holder-13-K.Walter.",0.986,0.014
2003,2,September 14,away,Philadelphia Eagles,https://www.pro-football-reference.com/boxscores/200309140phi.htm,2,07:59,,,NE 30,10,7,4-A.Vinatieri kicks 71 yards from NE 30 to PHI -1. 36-B.Westbrook to PHI 21 for 22 yards (53-L.Izzo; 58-M.Chatham).,0.773,0.002
2003,2,September 14,away,Philadelphia Eagles,https://www.pro-football-reference.com/boxscores/200309140phi.htm,2,07:55,1,10,PHI 21,10,7,(7:55) 5-D.McNabb scrambles right end ran ob at PHI 32 for 11 yards.,0.775,0.552
2003,2,September 14,away,Philadelphia Eagles,https://www.pro-football-reference.com/boxscores/200309140phi.htm,2,07:22,1,10,PHI 32,10,7,(7:22) 36-B.Westbrook left tackle to PHI 39 for 7 yards (92-T.Washington).,1.328,0.171
2003,2,September 14,away,Philadelphia Eagles,https://www.pro-football-reference.com/boxscores/200309140phi.htm,2,06:38,2,3,PHI 39,10,7,(6:38) 5-D.McNabb pass to 36-B.Westbrook to PHI 46 for 7 yards (37-R.Harrison).,1.498,0.492
2003,2,September 14,away,Philadelphia Eagles,https://www.pro-football-reference.com/boxscores/200309140phi.htm,2,05:56,1,10,PHI 46,10,7,(5:56) 5-D.McNabb pass incomplete to 87-T.Pinkston (38-T.Poole).,1.991,-0.489
2003,2,September 14,away,Philadelphia Eagles,https://www.pro-football-reference.com/boxscores/200309140phi.htm,2,05:49,2,10,PHI 46,10,7,(5:49) (Shotgun) 5-D.McNabb scrambles right tackle to PHI 48 for 2 yards (93-R.Seymour).,1.501,-0.674
2003,2,September 14,away,Philadelphia Eagles,https://www.pro-football-reference.com/boxscores/200309140phi.htm,2,05:03,3,8,PHI 48,10,7,(5:03) 5-D.McNabb pass incomplete to 80-J.Thrash.,0.827,-1.226
2003,2,September 14,away,Philadelphia Eagles,https://www.pro-football-reference.com/boxscores/200309140phi.htm,2,04:59,4,8,PHI 48,10,7,"(4:59) 8-D.Johnson punts 32 yards to NE 20, Center-88-M.Bartrum. 80-T.Brown to NE 27 for 7 yards (29-R.Hood).",-0.399,-0.329
2003,2,September 14,away,Philadelphia Eagles,https://www.pro-football-reference.com/boxscores/200309140phi.htm,2,04:52,1,10,NE 27,10,7,(4:52) 12-T.Brady pass to 33-K.Faulk to NE 27 for no gain (78-H.Thomas).,0.728,-0.351
2003,2,September 14,away,Philadelphia Eagles,https://www.pro-football-reference.com/boxscores/200309140phi.htm,2,04:30,2,10,NE 27,10,7,(4:30) 12-T.Brady pass to 86-D.Patten to NE 31 for 4 yards (23-T.Vincent).,0.377,-0.022
2003,2,September 14,away,Philadelphia Eagles,https://www.pro-football-reference.com/boxscores/200309140phi.htm,2,03:32,3,6,NE 31,10,7,(3:32) 31-L.Centers left end to NE 33 for 2 yards (26-L.Sheppard).,0.355,-0.648
2003,2,September 14,away,Philadelphia Eagles,https://www.pro-football-reference.com/boxscores/200309140phi.htm,2,03:03,4,4,NE 33,10,7,"(3:03) 13-K.Walter punts 51 yards to PHI 16, Center-66-L.Paxton. 36-B.Westbrook MUFFS catch, touched at PHI 16, RECOVERED by NE-81-B.Johnson at PHI 14.",-0.293,4.689
2003,2,September 14,away,Philadelphia Eagles,https://www.pro-football-reference.com/boxscores/200309140phi.htm,2,02:52,1,10,PHI 14,10,7,(2:52) 12-T.Brady pass to 83-D.Branch to PHI 5 for 9 yards (33-C.Hart).,4.396,0.986
2003,2,September 14,away,Philadelphia Eagles,https://www.pro-football-reference.com/boxscores/200309140phi.htm,2,02:12,2,1,PHI 5,16,7,"(2:12) 12-T.Brady pass to 88-C.Fauria for 5 yards, TOUCHDOWN.",5.382,1.618
2003,2,September 14,away,Philadelphia Eagles,https://www.pro-football-reference.com/boxscores/200309140phi.htm,2,02:09,,,PHI 2,17,7,"4-A.Vinatieri extra point is GOOD, Center-66-L.Paxton, Holder-13-K.Walter.",0.986,0.014
2003,2,September 14,away,Philadelphia Eagles,https://www.pro-football-reference.com/boxscores/200309140phi.htm,2,02:09,,,NE 30,17,7,4-A.Vinatieri kicks 63 yards from NE 30 to PHI 7. 36-B.Westbrook to PHI 29 for 22 yards (53-L.Izzo).,0.545,0.311
2003,2,September 14,away,Philadelphia Eagles,https://www.pro-football-reference.com/boxscores/200309140phi.htm,2,02:03,1,10,PHI 29,17,7,"(2:03) 5-D.McNabb pass to 80-J.Thrash pushed ob at PHI 42 for 13 yards (38-T.Poole). PENALTY on NE-38-T.Poole, Face Mask (15 Yards), 15 yards, enforced at PHI 42.",0.856,1.085
2003,2,September 14,away,Philadelphia Eagles,https://www.pro-football-reference.com/boxscores/200309140phi.htm,2,01:56,1,10,NE 43,17,7,(1:56) 5-D.McNabb sacked at NE 48 for -5 yards (97-J.Green).,1.941,-0.585
2003,2,September 14,away,Philadelphia Eagles,https://www.pro-football-reference.com/boxscores/200309140phi.htm,2,01:24,2,15,NE 48,17,7,(1:24) 5-D.McNabb pass incomplete to 89-C.Lewis (37-R.Harrison).,1.356,-0.384
2003,2,September 14,away,Philadelphia Eagles,https://www.pro-football-reference.com/boxscores/200309140phi.htm,2,01:21,3,15,NE 48,17,7,(1:21) 5-D.McNabb pass incomplete to 89-C.Lewis (54-T.Bruschi).,0.972,-0.907
2003,2,September 14,away,Philadelphia Eagles,https://www.pro-football-reference.com/boxscores/200309140phi.htm,2,01:15,4,15,NE 48,17,7,"(1:15) 8-D.Johnson punts 36 yards to NE 12, Center-88-M.Bartrum, fair catch by 80-T.Brown.",0.064,-0.135
2003,2,September 14,away,Philadelphia Eagles,https://www.pro-football-reference.com/boxscores/200309140phi.htm,2,01:09,1,10,NE 12,17,7,(1:09) 31-L.Centers up the middle to NE 18 for 6 yards (78-H.Thomas).,0.071,0.128
2003,2,September 14,away,Philadelphia Eagles,https://www.pro-football-reference.com/boxscores/200309140phi.htm,2,01:03,,,NE 18,17,7,Timeout #2 by PHI at 01:03.,0.199,0.000
2003,2,September 14,away,Philadelphia Eagles,https://www.pro-football-reference.com/boxscores/200309140phi.htm,2,01:03,2,4,NE 18,17,7,(1:03) 12-T.Brady pass incomplete to 86-D.Patten.,0.199,-0.141
2003,2,September 14,away,Philadelphia Eagles,https://www.pro-football-reference.com/boxscores/200309140phi.htm,2,01:01,3,4,NE 18,17,7,(1:01) 31-L.Centers right tackle to NE 17 for -1 yards (23-T.Vincent; 53-M.Simoneau).,0.058,-0.433
2003,2,September 14,away,Philadelphia Eagles,https://www.pro-football-reference.com/boxscores/200309140phi.htm,2,00:53,,,NE 17,17,7,Timeout #3 by PHI at 00:53.,-0.376,0.000
2003,2,September 14,away,Philadelphia Eagles,https://www.pro-football-reference.com/boxscores/200309140phi.htm,2,00:53,4,5,NE 17,17,7,"(:53) 13-K.Walter punts 52 yards to PHI 31, Center-66-L.Paxton. 36-B.Westbrook to PHI 31 for no gain (34-C.Akins).",-0.376,0.062
2003,2,September 14,away,Philadelphia Eagles,https://www.pro-football-reference.com/boxscores/200309140phi.htm,2,00:46,1,10,PHI 31,17,7,(:46) 5-D.McNabb pass to 87-T.Pinkston ran ob at PHI 43 for 12 yards.,0.314,0.379
2003,2,September 14,away,Philadelphia Eagles,https://www.pro-football-reference.com/boxscores/200309140phi.htm,2,00:42,1,10,PHI 43,17,7,(:42) 5-D.McNabb scrambles right tackle to NE 45 for 12 yards (93-R.Seymour).,0.693,0.353
2003,2,September 14,away,Philadelphia Eagles,https://www.pro-football-reference.com/boxscores/200309140phi.htm,2,00:25,1,10,NE 45,17,7,(:25) 5-D.McNabb spiked the ball to stop the clock.,1.046,-0.072
2003,2,September 14,away,Philadelphia Eagles,https://www.pro-football-reference.com/boxscores/200309140phi.htm,2,00:24,2,10,NE 45,17,7,(:24) 5-D.McNabb pass incomplete to 89-C.Lewis.,0.974,-0.264
2003,2,September 14,away,Philadelphia Eagles,https://www.pro-football-reference.com/boxscores/200309140phi.htm,2,00:19,3,10,NE 45,17,7,(:19) 5-D.McNabb pass incomplete to 80-J.Thrash.,0.710,-0.450
2003,2,September 14,away,Philadelphia Eagles,https://www.pro-football-reference.com/boxscores/200309140phi.htm,2,00:16,4,10,NE 45,17,7,"(:16) 8-D.Johnson punts 45 yards to end zone, Center-88-M.Bartrum, Touchback.",0.259,-0.259
2003,2,September 14,away,Philadelphia Eagles,https://www.pro-football-reference.com/boxscores/200309140phi.htm,2,00:07,1,10,NE 20,17,7,(:07) 12-T.Brady kneels to NE 19 for -1 yards.,0.000,0.000
2003,2,September 14,away,Philadelphia Eagles,https://www.pro-football-reference.com/boxscores/200309140phi.htm,3,15:00,,,NE 30,17,7,4-A.Vinatieri kicks 57 yards from NE 30 to PHI 13. 36-B.Westbrook to PHI 35 for 22 yards (29-A.Morris).,0.817,0.985
2003,2,September 14,away,Philadelphia Eagles,https://www.pro-football-reference.com/boxscores/200309140phi.htm,3,14:55,1,10,PHI 35,17,7,(14:55) 5-D.McNabb pass to 80-J.Thrash to PHI 44 for 9 yards (54-T.Bruschi).,1.801,0.899
2003,2,September 14,away,Philadelphia Eagles,https://www.pro-football-reference.com/boxscores/200309140phi.htm,3,14:20,2,1,PHI 44,17,7,(14:20) 22-D.Staley up the middle to PHI 46 for 2 yards (92-T.Washington).,2.701,-0.083
2003,2,September 14,away,Philadelphia Eagles,https://www.pro-football-reference.com/boxscores/200309140phi.htm,3,13:42,1,10,PHI 46,17,7,(13:42) 36-B.Westbrook left tackle to NE 49 for 5 yards (37-R.Harrison).,2.618,0.001
2003,2,September 14,away,Philadelphia Eagles,https://www.pro-football-reference.com/boxscores/200309140phi.htm,3,12:57,2,5,NE 49,17,7,(12:57) 5-D.McNabb pass to 22-D.Staley pushed ob at NE 48 for 1 yard (24-T.Law; 50-M.Vrabel).,2.619,-0.675
2003,2,September 14,away,Philadelphia Eagles,https://www.pro-football-reference.com/boxscores/200309140phi.htm,3,12:14,3,4,NE 48,17,7,"(12:14) 22-D.Staley right tackle to NE 47 for 1 yard (95-R.Phifer). FUMBLES (95-R.Phifer), touched at NE 47, RECOVERED by NE-55-W.McGinest at NE 47.",1.944,-3.805
2003,2,September 14,away,Philadelphia Eagles,https://www.pro-football-reference.com/boxscores/200309140phi.htm,3,12:05,1,10,NE 47,17,7,(12:05) 33-K.Faulk left tackle to 50 for 3 yards (53-M.Simoneau).,1.861,-0.262
2003,2,September 14,away,Philadelphia Eagles,https://www.pro-football-reference.com/boxscores/200309140phi.htm,3,11:32,2,7,MID 50,17,7,(11:32) 12-T.Brady pass to 80-T.Brown to PHI 34 for 16 yards (32-M.Lewis).,1.599,1.496
2003,2,September 14,away,Philadelphia Eagles,https://www.pro-football-reference.com/boxscores/200309140phi.htm,3,10:55,1,10,PHI 34,17,7,(10:55) 33-K.Faulk left end pushed ob at PHI 33 for 1 yard (26-L.Sheppard).,3.095,-0.268
2003,2,September 14,away,Philadelphia Eagles,https://www.pro-football-reference.com/boxscores/200309140phi.htm,3,10:28,2,9,PHI 33,17,7,(10:28) 12-T.Brady sacked at PHI 40 for -7 yards (90-C.Simon).,2.827,-2.118
2003,2,September 14,away,Philadelphia Eagles,https://www.pro-football-reference.com/boxscores/200309140phi.htm,3,09:55,,,PHI 40,17,7,Timeout #1 by NE at 09:55.,0.709,0.000
2003,2,September 14,away,Philadelphia Eagles,https://www.pro-football-reference.com/boxscores/200309140phi.htm,3,09:55,3,16,PHI 40,17,7,"(9:55) 12-T.Brady pass incomplete to 86-D.Patten. PENALTY on NE-12-T.Brady, Intentional Grounding, 15 yards, enforced at PHI 40.",0.709,-1.753
2003,2,September 14,away,Philadelphia Eagles,https://www.pro-football-reference.com/boxscores/200309140phi.htm,3,09:51,4,31,NE 45,17,7,"(9:51) 13-K.Walter punts 45 yards to PHI 10, Center-66-L.Paxton. 36-B.Westbrook to PHI 28 for 18 yards (34-C.Akins).",-1.044,-0.704
2003,2,September 14,away,Philadelphia Eagles,https://www.pro-football-reference.com/boxscores/200309140phi.htm,3,09:39,1,10,PHI 28,17,7,(9:39) 5-D.McNabb pass incomplete to 87-T.Pinkston (37-R.Harrison). Play Challenged by NE and Upheld. (Timeout #2.) New England believed an interception occured by Harrison.,1.747,-0.538
2003,2,September 14,away,Philadelphia Eagles,https://www.pro-football-reference.com/boxscores/200309140phi.htm,3,09:28,2,10,PHI 28,17,7,(9:28) 5-D.McNabb pass incomplete to 89-C.Lewis.,1.209,-0.675
2003,2,September 14,away,Philadelphia Eagles,https://www.pro-football-reference.com/boxscores/200309140phi.htm,3,09:23,3,10,PHI 28,17,7,(9:23) 5-D.McNabb pass incomplete to 48-J.Ritchie.,0.534,-1.389
2003,2,September 14,away,Philadelphia Eagles,https://www.pro-football-reference.com/boxscores/200309140phi.htm,3,09:20,4,10,PHI 28,17,7,"(9:20) 8-D.Johnson punts 40 yards to NE 32, Center-88-M.Bartrum. 80-T.Brown to NE 48 for 16 yards (29-R.Hood).",-0.855,-0.848
2003,2,September 14,away,Philadelphia Eagles,https://www.pro-football-reference.com/boxscores/200309140phi.htm,3,09:10,1,10,NE 48,17,7,(9:10) (Shotgun) 12-T.Brady pass to 81-B.Johnson to PHI 35 for 17 yards (54-N.Wayne).,1.703,1.248
2003,2,September 14,away,Philadelphia Eagles,https://www.pro-football-reference.com/boxscores/200309140phi.htm,3,08:26,1,10,PHI 35,17,7,(8:26) 12-T.Brady pass to 82-D.Graham to PHI 32 for 3 yards (23-T.Vincent).,2.952,-0.088
2003,2,September 14,away,Philadelphia Eagles,https://www.pro-football-reference.com/boxscores/200309140phi.htm,3,07:46,2,7,PHI 32,17,7,(7:46) 12-T.Brady pass to 88-C.Fauria to PHI 26 for 6 yards (53-M.Simoneau).,2.863,0.337
2003,2,September 14,away,Philadelphia Eagles,https://www.pro-football-reference.com/boxscores/200309140phi.htm,3,07:07,3,1,PHI 26,23,7,"(7:07) 12-T.Brady pass to 83-D.Branch for 26 yards, TOUCHDOWN.",3.200,3.800
2003,2,September 14,away,Philadelphia Eagles,https://www.pro-football-reference.com/boxscores/200309140phi.htm,3,07:02,,,PHI 2,24,7,"4-A.Vinatieri extra point is GOOD, Center-66-L.Paxton, Holder-13-K.Walter.",0.986,0.014
2003,2,September 14,away,Philadelphia Eagles,https://www.pro-football-reference.com/boxscores/200309140phi.htm,3,07:02,,,NE 30,24,7,4-A.Vinatieri kicks 67 yards from NE 30 to PHI 3. 36-B.Westbrook to PHI 21 for 18 yards (58-M.Chatham).,1.171,0.004
2003,2,September 14,away,Philadelphia Eagles,https://www.pro-football-reference.com/boxscores/200309140phi.htm,3,06:57,1,10,PHI 21,24,7,(6:57) 5-D.McNabb pass incomplete to 87-T.Pinkston (37-R.Harrison).,1.175,-0.535
2003,2,September 14,away,Philadelphia Eagles,https://www.pro-football-reference.com/boxscores/200309140phi.htm,3,06:54,2,10,PHI 21,24,7,(6:54) 5-D.McNabb pass incomplete to 80-J.Thrash (24-T.Law).,0.640,-0.699
2003,2,September 14,away,Philadelphia Eagles,https://www.pro-football-reference.com/boxscores/200309140phi.htm,3,06:47,3,10,PHI 21,24,7,"(6:47) 5-D.McNabb pass incomplete to 84-F.Mitchell (38-T.Poole). Penalty on PHI-89-C.Lewis, Illegal Shift, declined.",-0.059,-1.430
2003,2,September 14,away,Philadelphia Eagles,https://www.pro-football-reference.com/boxscores/200309140phi.htm,3,06:41,4,10,PHI 21,24,7,"(6:41) 8-D.Johnson punts 44 yards to NE 35, Center-88-M.Bartrum. 80-T.Brown to NE 39 for 4 yards (46-Q.Mikell; 59-J.Ena).",-1.489,0.472
2003,2,September 14,away,Philadelphia Eagles,https://www.pro-football-reference.com/boxscores/200309140phi.htm,3,06:29,1,10,NE 39,24,7,(6:29) 32-A.Smith left guard to NE 48 for 9 yards (94-N.Kalu).,1.017,0.881
2003,2,September 14,away,Philadelphia Eagles,https://www.pro-football-reference.com/boxscores/200309140phi.htm,3,05:56,2,1,NE 48,24,7,(5:56) 32-A.Smith up the middle to NE 48 for no gain (54-N.Wayne).,1.898,-0.551
2003,2,September 14,away,Philadelphia Eagles,https://www.pro-football-reference.com/boxscores/200309140phi.htm,3,05:56,3,1,NE 48,24,7,"(5:56) PENALTY on PHI-94-N.Kalu, Encroachment, 5 yards, enforced at NE 48 - No Play.",1.347,0.726
2003,2,September 14,away,Philadelphia Eagles,https://www.pro-football-reference.com/boxscores/200309140phi.htm,3,05:06,1,10,PHI 47,24,7,(5:06) (Shotgun) 12-T.Brady pass to 33-K.Faulk to PHI 40 for 7 yards (53-M.Simoneau).,2.073,0.326
2003,2,September 14,away,Philadelphia Eagles,https://www.pro-football-reference.com/boxscores/200309140phi.htm,3,04:33,2,3,PHI 40,24,7,(4:33) 12-T.Brady pass to 80-T.Brown to PHI 38 for 2 yards (51-C.Emmons).,2.400,-0.279
2003,2,September 14,away,Philadelphia Eagles,https://www.pro-football-reference.com/boxscores/200309140phi.htm,3,03:59,3,1,PHI 38,24,7,(3:59) 44-F.McCrary up the middle to PHI 38 for no gain (53-M.Simoneau; 93-M.Coleman).,2.120,-1.664
2003,2,September 14,away,Philadelphia Eagles,https://www.pro-football-reference.com/boxscores/200309140phi.htm,3,03:29,4,1,PHI 38,24,7,(3:29) 12-T.Brady up the middle to PHI 36 for 2 yards (96-P.Grasmanis).,0.457,2.364
2003,2,September 14,away,Philadelphia Eagles,https://www.pro-football-reference.com/boxscores/200309140phi.htm,3,02:49,1,10,PHI 36,24,7,(2:49) 32-A.Smith left guard to PHI 33 for 3 yards (54-N.Wayne).,2.820,-0.111
2003,2,September 14,away,Philadelphia Eagles,https://www.pro-football-reference.com/boxscores/200309140phi.htm,3,02:08,2,7,PHI 33,24,7,(2:08) 12-T.Brady pass incomplete to 88-C.Fauria (26-L.Sheppard).,2.710,-0.687
2003,2,September 14,away,Philadelphia Eagles,https://www.pro-football-reference.com/boxscores/200309140phi.htm,3,02:02,3,7,PHI 33,24,7,(2:02) (Shotgun) 12-T.Brady sacked at PHI 34 for -1 yards (96-P.Grasmanis).,2.023,-1.895
2003,2,September 14,away,Philadelphia Eagles,https://www.pro-football-reference.com/boxscores/200309140phi.htm,3,02:02,4,8,PHI 34,24,7,"(2:02) (Punt formation) PENALTY on NE-13-K.Walter, Delay of Game, 5 yards, enforced at PHI 34 - No Play.",0.128,-0.898
2003,2,September 14,away,Philadelphia Eagles,https://www.pro-football-reference.com/boxscores/200309140phi.htm,3,01:18,4,13,PHI 39,24,7,"(1:18) 13-K.Walter punts 39 yards to end zone, Center-66-L.Paxton, Touchback.",-0.770,-0.422
2003,2,September 14,away,Philadelphia Eagles,https://www.pro-football-reference.com/boxscores/200309140phi.htm,3,01:08,1,10,PHI 20,24,7,(1:08) 5-D.McNabb pass to 80-J.Thrash pushed ob at PHI 29 for 9 yards (38-T.Poole).,1.193,0.911
2003,2,September 14,away,Philadelphia Eagles,https://www.pro-football-reference.com/boxscores/200309140phi.htm,3,00:53,2,1,PHI 29,24,7,(:53) 22-D.Staley right tackle to PHI 32 for 3 yards (95-R.Phifer).,2.104,-0.175
2003,2,September 14,away,Philadelphia Eagles,https://www.pro-football-reference.com/boxscores/200309140phi.htm,3,00:26,1,10,PHI 32,24,7,(:26) 5-D.McNabb pass incomplete to 89-C.Lewis.,1.929,-0.489
2003,2,September 14,away,Philadelphia Eagles,https://www.pro-football-reference.com/boxscores/200309140phi.htm,3,00:21,2,10,PHI 32,24,7,(:21) 5-D.McNabb pass to 84-F.Mitchell to PHI 35 for 3 yards (22-A.Samuel).,1.440,-0.533
2003,2,September 14,away,Philadelphia Eagles,https://www.pro-football-reference.com/boxscores/200309140phi.htm,4,15:00,3,7,PHI 35,24,7,(15:00) Eagles' Grasmanis is being taken to the locker room for X-rays on his ribs. 5-D.McNabb pass to 87-T.Pinkston to PHI 45 for 10 yards (24-T.Law).,0.907,1.598
2003,2,September 14,away,Philadelphia Eagles,https://www.pro-football-reference.com/boxscores/200309140phi.htm,4,14:49,1,10,PHI 45,24,7,(14:49) 5-D.McNabb sacked at PHI 40 for -5 yards (55-W.McGinest).,2.505,-1.034
2003,2,September 14,away,Philadelphia Eagles,https://www.pro-football-reference.com/boxscores/200309140phi.htm,4,14:13,2,15,PHI 40,24,7,(14:13) 5-D.McNabb pass to 80-J.Thrash pushed ob at NE 36 for 24 yards (54-T.Bruschi).,1.472,2.095
2003,2,September 14,away,Philadelphia Eagles,https://www.pro-football-reference.com/boxscores/200309140phi.htm,4,13:56,,,NE 36,24,7,Timeout at 13:56. Pats' Law was apparently injured on the last play.,3.567,0.000
2003,2,September 14,away,Philadelphia Eagles,https://www.pro-football-reference.com/boxscores/200309140phi.htm,4,13:44,1,10,NE 36,24,7,(13:44) 5-D.McNabb pass incomplete to 84-F.Mitchell.,3.567,-0.450
2003,2,September 14,away,Philadelphia Eagles,https://www.pro-football-reference.com/boxscores/200309140phi.htm,4,13:39,2,10,NE 36,24,7,(13:39) 5-D.McNabb sacked at NE 45 for -9 yards (54-T.Bruschi).,3.117,-1.821
2003,2,September 14,away,Philadelphia Eagles,https://www.pro-football-reference.com/boxscores/200309140phi.htm,4,13:02,3,19,NE 45,24,7,(13:02) 5-D.McNabb pass incomplete to 87-T.Pinkston (38-T.Poole).,1.296,-1.160
2003,2,September 14,away,Philadelphia Eagles,https://www.pro-football-reference.com/boxscores/200309140phi.htm,4,12:55,4,19,NE 45,24,7,"(12:55) 8-D.Johnson punts 36 yards to NE 9, Center-88-M.Bartrum, fair catch by 80-T.Brown. Penalty on NE, Defensive 12 On-field, declined.",0.136,0.728
2003,2,September 14,away,Philadelphia Eagles,https://www.pro-football-reference.com/boxscores/200309140phi.htm,4,12:49,1,10,NE 9,24,7,(12:49) 12-T.Brady left end to NE 9 for no gain (78-H.Thomas).,-0.864,-0.476
2003,2,September 14,away,Philadelphia Eagles,https://www.pro-football-reference.com/boxscores/200309140phi.htm,4,12:49,,,NE 9,24,7,Timeout at 12:49. Eagles' Wayne was apparently injured on the last play.,-1.340,0.000
2003,2,September 14,away,Philadelphia Eagles,https://www.pro-football-reference.com/boxscores/200309140phi.htm,4,12:21,2,10,NE 9,24,7,(12:21) 12-T.Brady pass incomplete to 83-D.Branch (24-S.Brown).,-1.340,-0.469
2003,2,September 14,away,Philadelphia Eagles,https://www.pro-football-reference.com/boxscores/200309140phi.htm,4,12:17,,,NE 9,24,7,Timeout #3 by NE at 12:17.,-1.810,0.000
2003,2,September 14,away,Philadelphia Eagles,https://www.pro-football-reference.com/boxscores/200309140phi.htm,4,12:17,3,10,NE 9,24,7,(12:17) 12-T.Brady pass incomplete to 80-T.Brown.,-1.810,-0.888
2003,2,September 14,away,Philadelphia Eagles,https://www.pro-football-reference.com/boxscores/200309140phi.htm,4,12:11,,,NE 9,24,7,Timeout at 12:11. Eagles' Grasmanis was apparently injured on the last play.,-2.698,0.000
2003,2,September 14,away,Philadelphia Eagles,https://www.pro-football-reference.com/boxscores/200309140phi.htm,4,12:11,4,10,NE 9,24,7,"(12:11) 13-K.Walter punts 37 yards to NE 46, Center-66-L.Paxton. 36-B.Westbrook pushed ob at NE 35 for 11 yards (29-A.Morris).",-2.698,-0.344
2003,2,September 14,away,Philadelphia Eagles,https://www.pro-football-reference.com/boxscores/200309140phi.htm,4,12:02,1,10,NE 35,24,7,(12:02) (Shotgun) 5-D.McNabb pass to 80-J.Thrash ran ob at NE 20 for 15 yards.,3.042,1.233
2003,2,September 14,away,Philadelphia Eagles,https://www.pro-football-reference.com/boxscores/200309140phi.htm,4,11:33,1,10,NE 20,24,7,"(11:33) (Shotgun) 5-D.McNabb pass incomplete to 87-T.Pinkston. PENALTY on PHI-5-D.McNabb, Intentional Grounding, 12 yards, enforced at NE 20.",4.275,-1.948
2003,2,September 14,away,Philadelphia Eagles,https://www.pro-football-reference.com/boxscores/200309140phi.htm,4,11:29,2,22,NE 32,24,7,(11:29) (Shotgun) 5-D.McNabb pass incomplete to 84-F.Mitchell (54-T.Bruschi).,2.327,-0.877
2003,2,September 14,away,Philadelphia Eagles,https://www.pro-football-reference.com/boxscores/200309140phi.htm,4,11:26,3,22,NE 32,24,7,"(11:26) 5-D.McNabb sacked at NE 39 for -7 yards (55-W.McGinest). FUMBLES (55-W.McGinest), touched at NE 39, and recovers at NE 39. 5-D.McNabb to NE 39 for no gain (55-W.McGinest).",1.450,-1.858
2003,2,September 14,away,Philadelphia Eagles,https://www.pro-football-reference.com/boxscores/200309140phi.htm,4,10:54,4,29,NE 39,24,10,"(10:54) 2-D.Akers 57 yard field goal is GOOD, Center-88-M.Bartrum, Holder-10-K.Detmer.",-0.408,3.408
2003,2,September 14,away,Philadelphia Eagles,https://www.pro-football-reference.com/boxscores/200309140phi.htm,4,10:48,,,PHI 30,24,10,2-D.Akers kicks 63 yards from PHI 30 to NE 7. 33-K.Faulk to NE 22 for 15 yards (48-J.Ritchie).,0.276,0.056
2003,2,September 14,away,Philadelphia Eagles,https://www.pro-football-reference.com/boxscores/200309140phi.htm,4,10:41,1,10,NE 22,24,10,(10:41) (Shotgun) 12-T.Brady pass to 81-B.Johnson to NE 26 for 4 yards (51-C.Emmons).,0.332,0.003
2003,2,September 14,away,Philadelphia Eagles,https://www.pro-football-reference.com/boxscores/200309140phi.htm,4,10:10,2,6,NE 26,24,10,(10:10) 12-T.Brady up the middle to NE 30 for 4 yards (78-H.Thomas).,0.335,-0.108
2003,2,September 14,away,Philadelphia Eagles,https://www.pro-football-reference.com/boxscores/200309140phi.htm,4,10:10,3,2,NE 30,24,10,"(10:10) PENALTY on NE-12-T.Brady, False Start, 5 yards, enforced at NE 30 - No Play.",0.227,-0.599
2003,2,September 14,away,Philadelphia Eagles,https://www.pro-football-reference.com/boxscores/200309140phi.htm,4,09:11,3,7,NE 25,24,10,(9:11) 12-T.Brady pass incomplete to 83-D.Branch.,-0.372,-0.822
2003,2,September 14,away,Philadelphia Eagles,https://www.pro-football-reference.com/boxscores/200309140phi.htm,4,09:06,4,7,NE 25,24,10,"(9:06) 13-K.Walter punts 37 yards to PHI 38, Center-66-L.Paxton, fair catch by 36-B.Westbrook.",-1.194,-0.399
2003,2,September 14,away,Philadelphia Eagles,https://www.pro-football-reference.com/boxscores/200309140phi.htm,4,08:59,1,10,PHI 38,24,10,(8:59) (Shotgun) 5-D.McNabb pass incomplete to 84-F.Mitchell.,1.593,-0.479
2003,2,September 14,away,Philadelphia Eagles,https://www.pro-football-reference.com/boxscores/200309140phi.htm,4,08:54,2,10,PHI 38,24,10,(8:54) 5-D.McNabb scrambles left tackle to NE 47 for 15 yards (37-R.Harrison).,1.114,1.066
2003,2,September 14,away,Philadelphia Eagles,https://www.pro-football-reference.com/boxscores/200309140phi.htm,4,08:15,1,10,NE 47,24,10,(8:15) (Shotgun) 5-D.McNabb sacked at NE 49 for -2 yards (50-M.Vrabel).,2.179,-0.884
2003,2,September 14,away,Philadelphia Eagles,https://www.pro-football-reference.com/boxscores/200309140phi.htm,4,07:52,2,12,NE 49,24,10,(7:52) (Shotgun) 5-D.McNabb pass intended for 87-T.Pinkston INTERCEPTED by 29-A.Morris at NE 15. 29-A.Morris to NE 48 for 33 yards (63-H.Fraley).,1.295,-3.439
2003,2,September 14,away,Philadelphia Eagles,https://www.pro-football-reference.com/boxscores/200309140phi.htm,4,07:38,1,10,NE 48,24,10,(7:38) 32-A.Smith right tackle to PHI 46 for 6 yards (54-N.Wayne).,2.143,0.236
2003,2,September 14,away,Philadelphia Eagles,https://www.pro-football-reference.com/boxscores/200309140phi.htm,4,06:55,2,4,PHI 46,24,10,(6:55) 32-A.Smith left tackle to PHI 41 for 5 yards (97-D.Walker).,2.380,0.513
2003,2,September 14,away,Philadelphia Eagles,https://www.pro-football-reference.com/boxscores/200309140phi.htm,4,06:12,1,10,PHI 41,24,10,(6:12) 32-A.Smith left tackle to PHI 40 for 1 yard (78-H.Thomas).,2.893,-0.187
2003,2,September 14,away,Philadelphia Eagles,https://www.pro-football-reference.com/boxscores/200309140phi.htm,4,06:05,,,PHI 40,24,10,Timeout #1 by PHI at 06:05.,2.706,0.000
2003,2,September 14,away,Philadelphia Eagles,https://www.pro-football-reference.com/boxscores/200309140phi.htm,4,06:05,2,9,PHI 40,24,10,(6:05) 12-T.Brady pass to 44-F.McCrary to PHI 37 for 3 yards (33-C.Hart).,2.706,-0.309
2003,2,September 14,away,Philadelphia Eagles,https://www.pro-football-reference.com/boxscores/200309140phi.htm,4,05:41,3,6,PHI 37,24,10,(5:41) 12-T.Brady pass to 32-A.Smith to PHI 43 for -6 yards (24-S.Brown).,2.397,-1.830
2003,2,September 14,away,Philadelphia Eagles,https://www.pro-football-reference.com/boxscores/200309140phi.htm,4,05:24,,,PHI 43,24,10,Timeout #2 by PHI at 05:24.,0.567,0.000
2003,2,September 14,away,Philadelphia Eagles,https://www.pro-football-reference.com/boxscores/200309140phi.htm,4,05:24,4,12,PHI 43,24,10,"(5:24) 13-K.Walter punts 29 yards to PHI 14, Center-66-L.Paxton, downed by NE-81-B.Johnson.",0.567,-0.689
2003,2,September 14,away,Philadelphia Eagles,https://www.pro-football-reference.com/boxscores/200309140phi.htm,4,05:15,1,10,PHI 14,24,10,(5:15) 5-D.McNabb pass incomplete to 80-J.Thrash (26-E.Wilson).,0.122,-0.412
2003,2,September 14,away,Philadelphia Eagles,https://www.pro-football-reference.com/boxscores/200309140phi.htm,4,05:09,2,10,PHI 14,30,10,"(5:09) (Shotgun) 5-D.McNabb pass intended for 84-F.Mitchell INTERCEPTED by 54-T.Bruschi at PHI 18. 54-T.Bruschi for 18 yards, TOUCHDOWN.",-0.290,-6.710
2003,2,September 14,away,Philadelphia Eagles,https://www.pro-football-reference.com/boxscores/200309140phi.htm,4,05:02,,,PHI 2,31,10,"4-A.Vinatieri extra point is GOOD, Center-66-L.Paxton, Holder-13-K.Walter.",0.986,0.014
2003,2,September 14,away,Philadelphia Eagles,https://www.pro-football-reference.com/boxscores/200309140phi.htm,4,05:02,,,NE 30,31,10,"4-A.Vinatieri kicks 63 yards from NE 30 to PHI 7. 36-B.Westbrook to PHI 22 for 15 yards (22-A.Samuel). PENALTY on PHI-55-T.Harrison, Unnecessary Roughness, 11 yards, enforced at PHI 22.",0.566,-0.603
2003,2,September 14,away,Philadelphia Eagles,https://www.pro-football-reference.com/boxscores/200309140phi.htm,4,04:57,1,10,PHI 11,31,10,(4:57) 5-D.McNabb pass incomplete to 84-F.Mitchell (53-L.Izzo).,-0.038,-0.363
2003,2,September 14,away,Philadelphia Eagles,https://www.pro-football-reference.com/boxscores/200309140phi.htm,4,04:53,2,10,PHI 11,31,10,(4:53) 5-D.McNabb pass to 84-F.Mitchell to PHI 20 for 9 yards (38-T.Poole).,-0.401,0.667
2003,2,September 14,away,Philadelphia Eagles,https://www.pro-football-reference.com/boxscores/200309140phi.htm,4,04:28,3,1,PHI 20,31,10,(4:28) 5-D.McNabb pass to 89-C.Lewis to PHI 25 for 5 yards (53-L.Izzo).,0.266,0.450
2003,2,September 14,away,Philadelphia Eagles,https://www.pro-football-reference.com/boxscores/200309140phi.htm,4,04:03,1,10,PHI 25,31,10,(4:03) 5-D.McNabb pass to 89-C.Lewis to PHI 41 for 16 yards (53-L.Izzo).,0.716,0.346
2003,2,September 14,away,Philadelphia Eagles,https://www.pro-football-reference.com/boxscores/200309140phi.htm,4,03:34,1,10,PHI 41,31,10,"(3:34) PENALTY on PHI-89-C.Lewis, False Start, 5 yards, enforced at PHI 41 - No Play.",1.062,-0.216
2003,2,September 14,away,Philadelphia Eagles,https://www.pro-football-reference.com/boxscores/200309140phi.htm,4,03:33,1,15,PHI 36,31,10,"(3:33) 5-D.McNabb pass incomplete to 87-T.Pinkston (26-E.Wilson). PENALTY on NE-26-E.Wilson, Defensive Pass Interference, 19 yards, enforced at PHI 36 - No Play.",0.846,0.834
2003,2,September 14,away,Philadelphia Eagles,https://www.pro-football-reference.com/boxscores/200309140phi.htm,4,03:28,1,10,NE 45,31,10,(3:28) 5-D.McNabb pass to 84-F.Mitchell ran ob at NE 41 for 4 yards.,1.680,-0.368
2003,2,September 14,away,Philadelphia Eagles,https://www.pro-football-reference.com/boxscores/200309140phi.htm,4,03:22,2,6,NE 41,31,10,(3:22) 5-D.McNabb pass to 22-D.Staley to NE 34 for 7 yards (94-T.Warren).,1.312,0.438
2003,2,September 14,away,Philadelphia Eagles,https://www.pro-football-reference.com/boxscores/200309140phi.htm,4,02:51,1,10,NE 34,31,10,"(2:51) 5-D.McNabb sacked at NE 43 for -9 yards (58-M.Chatham). FUMBLES (58-M.Chatham), RECOVERED by NE-98-A.Pleasant at NE 43. 98-A.Pleasant to NE 49 for 6 yards. Lateral to 55-W.McGinest to PHI 31 for 20 yards (22-D.Staley).",1.750,-4.527
2003,2,September 14,away,Philadelphia Eagles,https://www.pro-football-reference.com/boxscores/200309140phi.htm,4,02:40,1,10,PHI 31,31,10,(2:40) 32-A.Smith right end to PHI 35 for -4 yards (97-D.Walker).,2.776,-0.914
2003,2,September 14,away,Philadelphia Eagles,https://www.pro-football-reference.com/boxscores/200309140phi.htm,4,02:00,2,14,PHI 35,31,10,(2:00) 12-T.Brady kneels to PHI 36 for -1 yards.,1.863,-1.283
2003,2,September 14,away,Philadelphia Eagles,https://www.pro-football-reference.com/boxscores/200309140phi.htm,4,01:53,,,PHI 36,31,10,Timeout #3 by PHI at 01:53.,0.580,0.000
2003,2,September 14,away,Philadelphia Eagles,https://www.pro-football-reference.com/boxscores/200309140phi.htm,4,01:53,3,15,PHI 36,31,10,(1:53) 32-A.Smith left guard to PHI 36 for no gain (57-K.Adams).,0.580,-0.418
2003,2,September 14,away,Philadelphia Eagles,https://www.pro-football-reference.com/boxscores/200309140phi.htm,4,01:53,4,15,PHI 36,31,10,"(1:53) (Punt formation) PENALTY on NE-13-K.Walter, Delay of Game, 5 yards, enforced at PHI 36 - No Play.",0.162,-0.079
2003,2,September 14,away,Philadelphia Eagles,https://www.pro-football-reference.com/boxscores/200309140phi.htm,4,01:05,4,20,PHI 41,31,10,"(1:05) 13-K.Walter punts 36 yards to PHI 5, Center-66-L.Paxton, out of bounds.",0.082,-0.062
2003,2,September 14,away,Philadelphia Eagles,https://www.pro-football-reference.com/boxscores/200309140phi.htm,4,00:59,1,10,PHI 5,31,10,(:59) 22-D.Staley up the middle to PHI 14 for 9 yards (91-B.Hamilton).,-0.020,0.044
2003,2,September 14,away,Philadelphia Eagles,https://www.pro-football-reference.com/boxscores/200309140phi.htm,4,00:35,2,1,PHI 14,31,10,(:35) 10-K.Detmer pass to 80-J.Thrash to PHI 24 for 10 yards (38-T.Poole).,0.025,-0.014
2003,2,September 14,away,Philadelphia Eagles,https://www.pro-football-reference.com/boxscores/200309140phi.htm,4,00:11,1,10,PHI 24,31,10,(:11) 10-K.Detmer pass to 89-C.Lewis to PHI 39 for 15 yards (51-D.Davis).,0.010,-0.010
2003,3,September 21,home,New York Jets,https://www.pro-football-reference.com/boxscores/200309210nwe.htm,1,15:00,,,NE 30,0,0,"4-A.Vinatieri kicks 65 yards from NE 30 to NYJ 5. 20-M.Bates to NYJ 28 for 23 yards (51-D.Davis, 58-M.Chatham).",-0.140,0.535
2003,3,September 21,home,New York Jets,https://www.pro-football-reference.com/boxscores/200309210nwe.htm,1,14:51,1,10,NYJ 28,0,0,"(14:51) 16-V.Testaverde pass to 81-C.Conway to NYJ 47 for 19 yards (38-T.Poole, 37-R.Harrison).",0.395,1.396
2003,3,September 21,home,New York Jets,https://www.pro-football-reference.com/boxscores/200309210nwe.htm,1,14:14,1,10,NYJ 47,0,0,"(14:14) 28-C.Martin left end pushed ob at NE 47 for 6 yards (95-R.Phifer). PENALTY on NE-93-R.Seymour, Unnecessary Roughness, 15 yards, enforced at NE 47.",1.791,1.567
2003,3,September 21,home,New York Jets,https://www.pro-football-reference.com/boxscores/200309210nwe.htm,1,13:48,1,10,NE 32,0,0,(13:48) 16-V.Testaverde pass to 86-C.Baker to NE 29 for 3 yards (24-T.Law).,3.359,-0.059
2003,3,September 21,home,New York Jets,https://www.pro-football-reference.com/boxscores/200309210nwe.htm,1,13:12,2,7,NE 29,0,0,"(13:12) 28-C.Martin left guard to NE 24 for 5 yards (37-R.Harrison, 50-M.Vrabel).",3.300,0.286
2003,3,September 21,home,New York Jets,https://www.pro-football-reference.com/boxscores/200309210nwe.htm,1,12:37,3,2,NE 24,0,0,"(12:37) 28-C.Martin right guard to NE 23 for 1 yard (55-W.McGinest, 54-T.Bruschi).",3.586,-1.515
2003,3,September 21,home,New York Jets,https://www.pro-football-reference.com/boxscores/200309210nwe.htm,1,11:55,4,1,NE 23,0,3,"(11:55) 6-D.Brien 41 yard field goal is GOOD, Center-85-J.Dearth, Holder-4-D.Stryzinski.",2.071,0.929
2003,3,September 21,home,New York Jets,https://www.pro-football-reference.com/boxscores/200309210nwe.htm,1,11:45,,,NYJ 30,0,3,"6-D.Brien kicks 63 yards from NYJ 30 to NE 7. 33-K.Faulk to NE 30 for 23 yards (52-K.Wright, 23-J.Henderson).",0.803,0.760
2003,3,September 21,home,New York Jets,https://www.pro-football-reference.com/boxscores/200309210nwe.htm,1,11:39,1,10,NE 30,0,3,"(11:39) 33-K.Faulk left tackle to NE 32 for 2 yards (94-J.Abraham, 56-S.Cowart).",1.563,-0.337
2003,3,September 21,home,New York Jets,https://www.pro-football-reference.com/boxscores/200309210nwe.htm,1,10:59,2,8,NE 32,0,3,"(10:59) 33-K.Faulk right tackle to NE 39 for 7 yards (42-S.Garnes, 56-S.Cowart).",1.226,0.601
2003,3,September 21,home,New York Jets,https://www.pro-football-reference.com/boxscores/200309210nwe.htm,1,10:28,3,1,NE 39,0,3,"(10:28) (No Huddle) 80-T.Brown left end to NE 46 for 7 yards (38-J.McGraw, 24-R.Mickens). started going right end, ended up crossing line at left end",1.827,0.774
2003,3,September 21,home,New York Jets,https://www.pro-football-reference.com/boxscores/200309210nwe.htm,1,09:37,1,10,NE 46,0,3,"(9:37) 32-A.Smith left end to NYJ 48 for 6 yards (38-J.McGraw, 55-M.Jones).",2.601,0.118
2003,3,September 21,home,New York Jets,https://www.pro-football-reference.com/boxscores/200309210nwe.htm,1,09:12,2,4,NYJ 48,0,3,"(9:12) 32-A.Smith left end to NYJ 44 for 4 yards (72-J.Ferguson, 94-J.Abraham).",2.718,0.386
2003,3,September 21,home,New York Jets,https://www.pro-football-reference.com/boxscores/200309210nwe.htm,1,08:37,1,10,NYJ 44,0,3,"(8:37) 33-K.Faulk right end to NYJ 35 for 9 yards (56-S.Cowart, 38-J.McGraw).",3.105,0.632
2003,3,September 21,home,New York Jets,https://www.pro-football-reference.com/boxscores/200309210nwe.htm,1,07:56,2,1,NYJ 35,0,3,(7:56) 12-T.Brady pass to 82-D.Graham to NYJ 4 for 31 yards (38-J.McGraw).,3.736,2.162
2003,3,September 21,home,New York Jets,https://www.pro-football-reference.com/boxscores/200309210nwe.htm,1,07:08,1,4,NYJ 4,0,3,"(7:08) 31-L.Centers up the middle to NYJ 3 for 1 yard (93-J.Reed, 56-S.Cowart).",5.898,-0.242
2003,3,September 21,home,New York Jets,https://www.pro-football-reference.com/boxscores/200309210nwe.htm,1,06:23,2,3,NYJ 3,0,3,(6:23) 12-T.Brady pass incomplete to 31-L.Centers (24-R.Mickens).,5.656,-0.969
2003,3,September 21,home,New York Jets,https://www.pro-football-reference.com/boxscores/200309210nwe.htm,1,06:19,3,3,NYJ 3,0,3,(6:19) 12-T.Brady sacked at NYJ 6 for -3 yards (92-S.Ellis).,4.687,-1.811
2003,3,September 21,home,New York Jets,https://www.pro-football-reference.com/boxscores/200309210nwe.htm,1,06:03,4,6,NYJ 6,3,3,"(6:03) 4-A.Vinatieri 24 yard field goal is GOOD, Center-66-L.Paxton, Holder-13-K.Walter.",2.876,0.124
2003,3,September 21,home,New York Jets,https://www.pro-football-reference.com/boxscores/200309210nwe.htm,1,05:58,,,NE 30,3,3,"4-A.Vinatieri kicks 63 yards from NE 30 to NYJ 7. 20-M.Bates to NYJ 25 for 18 yards (34-C.Akins, 37-R.Harrison). PENALTY on NYJ-32-J.Shepherd, Offensive Holding, 10 yards, enforced at NYJ 25.",-0.034,-0.376
2003,3,September 21,home,New York Jets,https://www.pro-football-reference.com/boxscores/200309210nwe.htm,1,05:52,1,10,NYJ 15,3,3,(5:52) 16-V.Testaverde pass to 33-J.Sowell to NYJ 24 for 9 yards (24-T.Law).,-0.410,0.770
2003,3,September 21,home,New York Jets,https://www.pro-football-reference.com/boxscores/200309210nwe.htm,1,05:14,2,1,NYJ 24,3,3,"(5:14) PENALTY on NYJ-69-J.Fabini, False Start, 4 yards, enforced at NYJ 24 - No Play.",0.360,-0.637
2003,3,September 21,home,New York Jets,https://www.pro-football-reference.com/boxscores/200309210nwe.htm,1,04:56,2,5,NYJ 20,3,3,(4:56) 16-V.Testaverde pass incomplete to 81-C.Conway.,-0.278,-0.732
2003,3,September 21,home,New York Jets,https://www.pro-football-reference.com/boxscores/200309210nwe.htm,1,04:50,3,5,NYJ 20,3,3,"(4:50) 16-V.Testaverde pass incomplete to 81-C.Conway (38-T.Poole). Penalty on NYJ-33-J.Sowell, Chop Block, declined.",-1.010,-1.189
2003,3,September 21,home,New York Jets,https://www.pro-football-reference.com/boxscores/200309210nwe.htm,1,04:44,4,5,NYJ 20,3,3,"(4:44) 4-D.Stryzinski punts 40 yards to NE 40, Center-85-J.Dearth, fair catch by 80-T.Brown. PENALTY on NE-58-M.Chatham, Offensive Holding, 10 yards, enforced at NE 40.",-2.199,0.689
2003,3,September 21,home,New York Jets,https://www.pro-football-reference.com/boxscores/200309210nwe.htm,1,04:39,1,10,NE 30,3,3,(4:39) 33-K.Faulk up the middle to NE 30 for no gain (57-M.Lewis).,1.510,-0.496
2003,3,September 21,home,New York Jets,https://www.pro-football-reference.com/boxscores/200309210nwe.htm,1,04:07,2,10,NE 30,3,3,(4:07) 12-T.Brady pass to 86-D.Patten to 50 for 20 yards (42-S.Garnes).,1.013,1.740
2003,3,September 21,home,New York Jets,https://www.pro-football-reference.com/boxscores/200309210nwe.htm,1,03:30,1,10,MID 50,3,3,(3:30) 33-K.Faulk left end pushed ob at NYJ 38 for 12 yards (21-A.Beasley).,2.754,0.662
2003,3,September 21,home,New York Jets,https://www.pro-football-reference.com/boxscores/200309210nwe.htm,1,02:58,1,10,NYJ 38,3,3,(2:58) 12-T.Brady pass incomplete to 82-D.Graham.,3.416,-0.496
2003,3,September 21,home,New York Jets,https://www.pro-football-reference.com/boxscores/200309210nwe.htm,1,02:54,2,10,NYJ 38,3,3,(2:54) 12-T.Brady pass to 83-D.Branch pushed ob at NYJ 22 for 16 yards (24-R.Mickens).,2.919,1.567
2003,3,September 21,home,New York Jets,https://www.pro-football-reference.com/boxscores/200309210nwe.htm,1,02:18,1,10,NYJ 22,3,3,"(2:18) 33-K.Faulk left guard to NYJ 15 for 7 yards (63-D.Robertson, 55-M.Jones).",4.486,0.364
2003,3,September 21,home,New York Jets,https://www.pro-football-reference.com/boxscores/200309210nwe.htm,1,01:41,2,3,NYJ 15,3,3,"(1:41) 32-A.Smith right end to NYJ 9 for 6 yards (92-S.Ellis, 72-J.Ferguson).",4.851,0.269
2003,3,September 21,home,New York Jets,https://www.pro-football-reference.com/boxscores/200309210nwe.htm,1,01:01,1,9,NYJ 9,3,3,"(1:01) 32-A.Smith right guard to NYJ 4 for 5 yards (42-S.Garnes, 56-S.Cowart).",5.120,0.325
2003,3,September 21,home,New York Jets,https://www.pro-football-reference.com/boxscores/200309210nwe.htm,1,00:23,2,4,NYJ 4,3,3,(:23) 12-T.Brady sacked at NYJ 8 for -4 yards (99-B.Thomas).,5.445,-1.472
2003,3,September 21,home,New York Jets,https://www.pro-football-reference.com/boxscores/200309210nwe.htm,2,15:00,3,8,NYJ 8,3,3,"(15:00) (Shotgun) 12-T.Brady pass incomplete to 80-T.Brown. PENALTY on NYJ-94-J.Abraham, Encroachment, 4 yards, enforced at NYJ 8 - No Play.",3.973,0.488
2003,3,September 21,home,New York Jets,https://www.pro-football-reference.com/boxscores/200309210nwe.htm,2,14:56,3,4,NYJ 4,3,3,(14:56) 12-T.Brady pass incomplete to 80-T.Brown.,4.461,-1.535
2003,3,September 21,home,New York Jets,https://www.pro-football-reference.com/boxscores/200309210nwe.htm,2,14:53,4,4,NYJ 4,6,3,"(14:53) 4-A.Vinatieri 22 yard field goal is GOOD, Center-66-L.Paxton, Holder-13-K.Walter.",2.926,0.074
2003,3,September 21,home,New York Jets,https://www.pro-football-reference.com/boxscores/200309210nwe.htm,2,14:50,,,NE 30,6,3,"4-A.Vinatieri kicks 43 yards from NE 30 to NYJ 27, fair catch by 86-C.Baker.",-0.012,0.431
2003,3,September 21,home,New York Jets,https://www.pro-football-reference.com/boxscores/200309210nwe.htm,2,14:50,1,10,NYJ 27,6,3,"(14:50) 28-C.Martin right tackle to NYJ 30 for 3 yards (95-R.Phifer, 91-B.Hamilton).",0.419,-0.232
2003,3,September 21,home,New York Jets,https://www.pro-football-reference.com/boxscores/200309210nwe.htm,2,14:15,2,7,NYJ 30,6,3,"(14:15) 28-C.Martin left guard to NYJ 33 for 3 yards (55-W.McGinest, 54-T.Bruschi).",0.187,-0.193
2003,3,September 21,home,New York Jets,https://www.pro-football-reference.com/boxscores/200309210nwe.htm,2,13:38,3,4,NYJ 33,6,3,(13:38) 16-V.Testaverde pass to 33-J.Sowell to NYJ 47 for 14 yards (95-R.Phifer).,-0.005,1.793
2003,3,September 21,home,New York Jets,https://www.pro-football-reference.com/boxscores/200309210nwe.htm,2,12:54,1,10,NYJ 47,6,3,(12:54) 16-V.Testaverde pass to 81-C.Conway ran ob at NE 24 for 29 yards.,1.788,2.217
2003,3,September 21,home,New York Jets,https://www.pro-football-reference.com/boxscores/200309210nwe.htm,2,12:32,1,10,NE 24,6,3,"(12:32) 28-C.Martin right guard to NE 24 for no gain (91-B.Hamilton, 50-M.Vrabel).",4.005,-0.345
2003,3,September 21,home,New York Jets,https://www.pro-football-reference.com/boxscores/200309210nwe.htm,2,11:53,2,10,NE 24,6,3,"(11:53) 28-C.Martin right tackle to NE 21 for 3 yards (50-M.Vrabel, 93-R.Seymour).",3.659,-0.450
2003,3,September 21,home,New York Jets,https://www.pro-football-reference.com/boxscores/200309210nwe.htm,2,11:10,3,7,NE 21,6,3,"(11:10) 16-V.Testaverde pass to 81-C.Conway to NE 16 for 5 yards (22-A.Samuel, 54-T.Bruschi).",3.209,-0.584
2003,3,September 21,home,New York Jets,https://www.pro-football-reference.com/boxscores/200309210nwe.htm,2,10:23,4,2,NE 16,6,3,(10:23) (Field Goal formation) 4-D.Stryzinski pass incomplete to 68-K.Mawae.,2.625,-3.145
2003,3,September 21,home,New York Jets,https://www.pro-football-reference.com/boxscores/200309210nwe.htm,2,10:18,1,10,NE 16,6,3,"(10:18) 12-T.Brady pass to 80-T.Brown to NE 35 for 19 yards (38-J.McGraw). PENALTY on NE-70-A.Klemm, Face Mask (15 Yards), 8 yards, enforced at NE 16 - No Play.",0.519,-1.029
2003,3,September 21,home,New York Jets,https://www.pro-football-reference.com/boxscores/200309210nwe.htm,2,10:01,1,18,NE 8,6,3,(10:01) 33-K.Faulk left end pushed ob at NE 13 for 5 yards (57-M.Lewis).,-0.510,-0.096
2003,3,September 21,home,New York Jets,https://www.pro-football-reference.com/boxscores/200309210nwe.htm,2,09:33,2,13,NE 13,6,3,"(9:33) (Shotgun) 12-T.Brady pass to 82-D.Graham to NE 19 for 6 yards (63-D.Robertson, 24-R.Mickens).",-0.606,0.212
2003,3,September 21,home,New York Jets,https://www.pro-football-reference.com/boxscores/200309210nwe.htm,2,08:54,3,7,NE 19,6,3,(8:54) (Shotgun) 12-T.Brady pass incomplete to 88-C.Fauria (72-J.Ferguson).,-0.393,-1.054
2003,3,September 21,home,New York Jets,https://www.pro-football-reference.com/boxscores/200309210nwe.htm,2,08:48,4,7,NE 19,6,3,"(8:48) 13-K.Walter punts 42 yards to NYJ 39, Center-66-L.Paxton, fair catch by 83-S.Moss.",-1.447,0.113
2003,3,September 21,home,New York Jets,https://www.pro-football-reference.com/boxscores/200309210nwe.htm,2,08:42,1,10,NYJ 39,6,3,(8:42) 16-V.Testaverde pass to 83-S.Moss to NE 44 for 17 yards (37-R.Harrison).,1.334,1.054
2003,3,September 21,home,New York Jets,https://www.pro-football-reference.com/boxscores/200309210nwe.htm,2,08:04,1,10,NE 44,6,3,"(8:04) 28-C.Martin left guard to NE 41 for 3 yards (93-R.Seymour, 96-R.Lyle). PENALTY on NE-37-R.Harrison, Unnecessary Roughness, 15 yards, enforced at NE 41.",2.388,1.425
2003,3,September 21,home,New York Jets,https://www.pro-football-reference.com/boxscores/200309210nwe.htm,2,07:42,1,10,NE 26,6,3,(7:42) 16-V.Testaverde pass incomplete to 81-C.Conway.,3.813,-0.388
2003,3,September 21,home,New York Jets,https://www.pro-football-reference.com/boxscores/200309210nwe.htm,2,07:37,2,10,NE 26,6,3,"(7:37) 28-C.Martin up the middle to NE 30 for -4 yards (96-R.Lyle, 91-B.Hamilton).",3.425,-1.445
2003,3,September 21,home,New York Jets,https://www.pro-football-reference.com/boxscores/200309210nwe.htm,2,06:56,3,14,NE 30,6,3,(6:56) 16-V.Testaverde pass to 80-W.Chrebet pushed ob at NE 21 for 9 yards (50-M.Vrabel).,1.980,0.148
2003,3,September 21,home,New York Jets,https://www.pro-football-reference.com/boxscores/200309210nwe.htm,2,06:38,4,5,NE 21,6,6,"(6:38) 6-D.Brien 39 yard field goal is GOOD, Center-85-J.Dearth, Holder-4-D.Stryzinski.",2.128,0.872
2003,3,September 21,home,New York Jets,https://www.pro-football-reference.com/boxscores/200309210nwe.htm,2,06:33,,,NYJ 30,6,6,6-D.Brien kicks 67 yards from NYJ 30 to NE 3. 81-B.Johnson to NE 31 for 28 yards (38-J.McGraw).,0.620,0.728
2003,3,September 21,home,New York Jets,https://www.pro-football-reference.com/boxscores/200309210nwe.htm,2,06:27,1,10,NE 31,6,6,(6:27) 12-T.Brady pass incomplete to 88-C.Fauria.,1.348,-0.415
2003,3,September 21,home,New York Jets,https://www.pro-football-reference.com/boxscores/200309210nwe.htm,2,06:21,2,10,NE 31,6,6,"(6:21) 32-A.Smith up the middle to NE 32 for 1 yard (93-J.Reed, 56-S.Cowart).",0.933,-0.619
2003,3,September 21,home,New York Jets,https://www.pro-football-reference.com/boxscores/200309210nwe.htm,2,05:45,3,9,NE 32,6,6,"(5:45) 12-T.Brady sacked at NE 27 for -5 yards (56-S.Cowart). FUMBLES (56-S.Cowart), recovered by NE-31-L.Centers at NE 27. 31-L.Centers to NE 27 for no gain (56-S.Cowart).",0.314,-1.478
2003,3,September 21,home,New York Jets,https://www.pro-football-reference.com/boxscores/200309210nwe.htm,2,05:26,4,14,NE 27,6,6,"(5:26) 13-K.Walter punts 40 yards to NYJ 33, Center-66-L.Paxton, fair catch by 83-S.Moss.",-1.164,0.123
2003,3,September 21,home,New York Jets,https://www.pro-football-reference.com/boxscores/200309210nwe.htm,2,05:21,1,10,NYJ 33,6,6,(5:21) 16-V.Testaverde pass to 80-W.Chrebet to NYJ 47 for 14 yards (38-T.Poole).,1.042,0.845
2003,3,September 21,home,New York Jets,https://www.pro-football-reference.com/boxscores/200309210nwe.htm,2,04:44,1,10,NYJ 47,6,6,(4:44) 16-V.Testaverde pass to 33-J.Sowell to NE 44 for 9 yards (50-M.Vrabel).,1.886,0.625
2003,3,September 21,home,New York Jets,https://www.pro-football-reference.com/boxscores/200309210nwe.htm,2,03:56,2,1,NE 44,6,6,(3:56) 16-V.Testaverde pass to 88-A.Becht pushed ob at NE 32 for 12 yards (37-R.Harrison).,2.512,0.625
2003,3,September 21,home,New York Jets,https://www.pro-football-reference.com/boxscores/200309210nwe.htm,2,03:27,1,10,NE 32,6,6,"(3:27) 16-V.Testaverde pass to 80-W.Chrebet for 32 yards, TOUCHDOWN NULLIFIED by Penalty. PENALTY on NYJ-80-W.Chrebet, Illegal Touch Pass, 5 yards, enforced at NE 32 - No Play.",3.137,-0.775
2003,3,September 21,home,New York Jets,https://www.pro-football-reference.com/boxscores/200309210nwe.htm,2,03:21,1,15,NE 37,6,6,(3:21) 16-V.Testaverde pass to 33-J.Sowell to NE 34 for 3 yards (26-E.Wilson).,2.362,-0.150
2003,3,September 21,home,New York Jets,https://www.pro-football-reference.com/boxscores/200309210nwe.htm,2,02:44,2,12,NE 34,6,6,(2:44) 16-V.Testaverde pass incomplete to 83-S.Moss.,2.212,-0.567
2003,3,September 21,home,New York Jets,https://www.pro-football-reference.com/boxscores/200309210nwe.htm,2,02:39,3,12,NE 34,6,6,(2:39) 16-V.Testaverde pass incomplete. 22-Samuel & 95-Phifer owith pressure.,1.645,-1.173
2003,3,September 21,home,New York Jets,https://www.pro-football-reference.com/boxscores/200309210nwe.htm,2,02:33,4,12,NE 34,6,6,"(2:33) 4-D.Stryzinski punts 30 yards to NE 4, Center-85-J.Dearth, downed by NYJ-82-K.Swayne.",0.472,-0.468
2003,3,September 21,home,New York Jets,https://www.pro-football-reference.com/boxscores/200309210nwe.htm,2,02:23,1,10,NE 4,6,6,(2:23) 12-T.Brady pass to 80-T.Brown ran ob at NE 20 for 16 yards.,-0.004,0.740
2003,3,September 21,home,New York Jets,https://www.pro-football-reference.com/boxscores/200309210nwe.htm,2,02:02,1,10,NE 20,6,6,"(2:02) 33-K.Faulk left tackle to NE 25 for 5 yards (63-D.Robertson, 38-J.McGraw).",0.735,-0.141
2003,3,September 21,home,New York Jets,https://www.pro-football-reference.com/boxscores/200309210nwe.htm,2,01:57,2,5,NE 25,6,6,"(1:57) (Shotgun) 12-T.Brady sacked at NE 10 for -15 yards. FUMBLES, and recovers at NE 3. 12-T.Brady to NE 3 for no gain (99-B.Thomas).",0.594,-1.631
2003,3,September 21,home,New York Jets,https://www.pro-football-reference.com/boxscores/200309210nwe.htm,2,01:42,,,NE 3,6,6,Timeout #1 by NYJ at 01:42.,-1.036,0.000
2003,3,September 21,home,New York Jets,https://www.pro-football-reference.com/boxscores/200309210nwe.htm,2,01:42,3,27,NE 3,6,6,"(1:42) 33-K.Faulk up the middle to NE 10 for 7 yards (72-J.Ferguson, 38-J.McGraw).",-1.036,0.025
2003,3,September 21,home,New York Jets,https://www.pro-football-reference.com/boxscores/200309210nwe.htm,2,01:36,,,NE 10,6,6,Timeout #2 by NYJ at 01:36.,-1.011,0.000
2003,3,September 21,home,New York Jets,https://www.pro-football-reference.com/boxscores/200309210nwe.htm,2,01:36,4,20,NE 10,6,6,"(1:36) 13-K.Walter punts 51 yards to NYJ 39, Center-66-L.Paxton, downed by NE-34-C.Akins. Penalty on NYJ, Personal Foul, offsetting. Penalty on NE, Personal Foul, offsetting.",-1.011,-0.103
2003,3,September 21,home,New York Jets,https://www.pro-football-reference.com/boxscores/200309210nwe.htm,2,01:23,1,10,NYJ 39,6,6,(1:23) 16-V.Testaverde pass to 28-C.Martin to NYJ 42 for 3 yards (55-W.McGinest).,1.114,-0.189
2003,3,September 21,home,New York Jets,https://www.pro-football-reference.com/boxscores/200309210nwe.htm,2,00:58,2,7,NYJ 42,6,6,(:58) 16-V.Testaverde pass to 80-W.Chrebet pushed ob at NYJ 45 for 3 yards (24-T.Law).,0.925,-0.025
2003,3,September 21,home,New York Jets,https://www.pro-football-reference.com/boxscores/200309210nwe.htm,2,00:55,3,4,NYJ 45,6,6,"(:55) 16-V.Testaverde pass incomplete to 88-A.Becht (24-T.Law). Penalty on NYJ-68-K.Mawae, Offensive Holding, declined. NE 24-Law injured on play.",0.900,-0.815
2003,3,September 21,home,New York Jets,https://www.pro-football-reference.com/boxscores/200309210nwe.htm,2,00:47,,,NYJ 45,6,6,Timeout #1 by NE at 00:47. charged timeout due to injury in last 2 minutes of half.,0.085,0.000
2003,3,September 21,home,New York Jets,https://www.pro-football-reference.com/boxscores/200309210nwe.htm,2,00:47,4,4,NYJ 45,6,6,"(:47) 4-D.Stryzinski punts 55 yards to end zone, Center-85-J.Dearth, Touchback.",0.085,-0.273
2003,3,September 21,home,New York Jets,https://www.pro-football-reference.com/boxscores/200309210nwe.htm,2,00:35,1,10,NE 20,6,6,"(:35) 31-L.Centers right end to NE 26 for 6 yards (53-K.Campbell, 72-J.Ferguson).",0.188,-0.188
2003,3,September 21,home,New York Jets,https://www.pro-football-reference.com/boxscores/200309210nwe.htm,3,15:00,,,NYJ 30,6,6,6-D.Brien kicks 63 yards from NYJ 30 to NE 7. 81-B.Johnson to NE 26 for 19 yards.,0.817,0.503
2003,3,September 21,home,New York Jets,https://www.pro-football-reference.com/boxscores/200309210nwe.htm,3,14:55,1,10,NE 26,6,6,"(14:55) 12-T.Brady pass to 88-C.Fauria to NE 35 for 9 yards (57-M.Lewis, 24-R.Mickens).",1.319,0.776
2003,3,September 21,home,New York Jets,https://www.pro-football-reference.com/boxscores/200309210nwe.htm,3,14:28,2,1,NE 35,6,6,"(14:28) 32-A.Smith left guard to NE 41 for 6 yards (56-S.Cowart, 55-M.Jones).",2.096,0.143
2003,3,September 21,home,New York Jets,https://www.pro-football-reference.com/boxscores/200309210nwe.htm,3,13:55,1,10,NE 41,6,6,"(13:55) 32-A.Smith right end to NYJ 45 for 14 yards (72-J.Ferguson, 38-J.McGraw).",2.238,0.874
2003,3,September 21,home,New York Jets,https://www.pro-football-reference.com/boxscores/200309210nwe.htm,3,13:20,1,10,NYJ 45,6,6,"(13:20) 32-A.Smith right tackle to NYJ 45 for no gain (63-D.Robertson, 57-M.Lewis).",3.113,-0.446
2003,3,September 21,home,New York Jets,https://www.pro-football-reference.com/boxscores/200309210nwe.htm,3,12:45,2,10,NYJ 45,6,6,"(12:45) 32-A.Smith left tackle to NYJ 42 for 3 yards (92-S.Ellis, 56-S.Cowart).",2.667,-0.657
2003,3,September 21,home,New York Jets,https://www.pro-football-reference.com/boxscores/200309210nwe.htm,3,12:03,3,7,NYJ 42,6,6,"(12:03) (Shotgun) 12-T.Brady pass to 31-L.Centers pushed ob at NYJ 30 for 12 yards (56-S.Cowart). Penalty on NYJ-92-S.Ellis, Defensive Offside, declined.",2.010,1.911
2003,3,September 21,home,New York Jets,https://www.pro-football-reference.com/boxscores/200309210nwe.htm,3,11:48,1,10,NYJ 30,6,6,"(11:48) 32-A.Smith right end to NYJ 31 for -1 yards (55-M.Jones, 21-A.Beasley).",3.921,-0.721
2003,3,September 21,home,New York Jets,https://www.pro-football-reference.com/boxscores/200309210nwe.htm,3,11:03,2,11,NYJ 31,6,6,(11:03) (Shotgun) 12-T.Brady pass incomplete to 33-K.Faulk.,3.201,-0.706
2003,3,September 21,home,New York Jets,https://www.pro-football-reference.com/boxscores/200309210nwe.htm,3,10:59,3,11,NYJ 31,6,6,"(10:59) (Shotgun) 12-T.Brady pass to 31-L.Centers to NYJ 24 for 7 yards (94-J.Abraham, 56-S.Cowart).",2.494,-0.033
2003,3,September 21,home,New York Jets,https://www.pro-football-reference.com/boxscores/200309210nwe.htm,3,10:15,4,4,NYJ 24,6,6,"(10:15) (Field Goal formation) PENALTY on NE-63-J.Andruzzi, False Start, 5 yards, enforced at NYJ 24 - No Play.",2.461,-1.328
2003,3,September 21,home,New York Jets,https://www.pro-football-reference.com/boxscores/200309210nwe.htm,3,10:15,4,9,NYJ 29,9,6,"(10:15) 4-A.Vinatieri 47 yard field goal is GOOD, Center-66-L.Paxton, Holder-13-K.Walter.",1.133,1.867
2003,3,September 21,home,New York Jets,https://www.pro-football-reference.com/boxscores/200309210nwe.htm,3,10:10,,,NE 30,9,6,"4-A.Vinatieri kicks 72 yards from NE 30 to NYJ -2. 20-M.Bates to NYJ 25 for 27 yards (51-D.Davis, 29-A.Morris).",-0.017,0.407
2003,3,September 21,home,New York Jets,https://www.pro-football-reference.com/boxscores/200309210nwe.htm,3,10:05,1,10,NYJ 25,9,6,"(10:05) 28-C.Martin left tackle to NYJ 31 for 6 yards (93-R.Seymour, 95-R.Phifer).",0.390,0.199
2003,3,September 21,home,New York Jets,https://www.pro-football-reference.com/boxscores/200309210nwe.htm,3,09:24,2,4,NYJ 31,9,6,"(9:24) 16-V.Testaverde pass to 28-C.Martin to NYJ 33 for 2 yards (55-W.McGinest, 54-T.Bruschi).",0.589,-0.333
2003,3,September 21,home,New York Jets,https://www.pro-football-reference.com/boxscores/200309210nwe.htm,3,08:40,3,2,NYJ 33,9,6,(8:40) 16-V.Testaverde pass incomplete to 81-C.Conway.,0.255,-1.502
2003,3,September 21,home,New York Jets,https://www.pro-football-reference.com/boxscores/200309210nwe.htm,3,08:35,4,2,NYJ 33,9,6,"(8:35) 4-D.Stryzinski punts 42 yards to NE 25, Center-85-J.Dearth, fair catch by 80-T.Brown. PENALTY on NE-51-D.Davis, Offensive Holding, 10 yards, enforced at NE 25.",-1.246,0.769
2003,3,September 21,home,New York Jets,https://www.pro-football-reference.com/boxscores/200309210nwe.htm,3,08:28,1,10,NE 15,9,6,"(8:28) 33-K.Faulk up the middle to NE 19 for 4 yards (55-M.Jones, 93-J.Reed).",0.477,-0.184
2003,3,September 21,home,New York Jets,https://www.pro-football-reference.com/boxscores/200309210nwe.htm,3,07:51,2,6,NE 19,9,6,"(7:51) 12-T.Brady pass to 33-K.Faulk to NE 28 for 9 yards (56-S.Cowart, 75-C.McGlockton).",0.293,0.866
2003,3,September 21,home,New York Jets,https://www.pro-football-reference.com/boxscores/200309210nwe.htm,3,07:14,1,10,NE 28,9,6,"(7:14) 12-T.Brady sacked at NE 23 for -5 yards (75-C.McGlockton). FUMBLES (75-C.McGlockton), RECOVERED by NYJ-93-J.Reed at NE 29. 93-J.Reed to NE 13 for 16 yards (83-D.Branch). Play Challenged by NE and Upheld. (Timeout #1 at 07:03.)",1.160,-5.924
2003,3,September 21,home,New York Jets,https://www.pro-football-reference.com/boxscores/200309210nwe.htm,3,07:03,1,10,NE 13,9,6,(7:03) 16-V.Testaverde pass to 33-J.Sowell to NE 12 for 1 yard (22-A.Samuel).,4.765,-0.413
2003,3,September 21,home,New York Jets,https://www.pro-football-reference.com/boxscores/200309210nwe.htm,3,06:24,2,9,NE 12,9,6,"(6:24) 28-C.Martin right tackle to NE 12 for no gain (54-T.Bruschi, 37-R.Harrison).",4.352,-0.692
2003,3,September 21,home,New York Jets,https://www.pro-football-reference.com/boxscores/200309210nwe.htm,3,05:44,3,9,NE 12,9,6,(5:44) 16-V.Testaverde pass incomplete to 81-C.Conway.,3.660,-1.002
2003,3,September 21,home,New York Jets,https://www.pro-football-reference.com/boxscores/200309210nwe.htm,3,05:40,4,9,NE 12,9,9,"(5:40) 6-D.Brien 30 yard field goal is GOOD, Center-85-J.Dearth, Holder-4-D.Stryzinski.",2.658,0.342
2003,3,September 21,home,New York Jets,https://www.pro-football-reference.com/boxscores/200309210nwe.htm,3,05:37,,,NYJ 30,9,9,"6-D.Brien kicks 59 yards from NYJ 30 to NE 11. 33-K.Faulk to NE 27 for 16 yards (52-K.Wright, 22-T.Carter).",0.637,0.492
2003,3,September 21,home,New York Jets,https://www.pro-football-reference.com/boxscores/200309210nwe.htm,3,05:30,1,10,NE 27,9,9,(5:30) 12-T.Brady pass to 88-C.Fauria to NYJ 45 for 28 yards (42-S.Garnes).,1.129,1.818
2003,3,September 21,home,New York Jets,https://www.pro-football-reference.com/boxscores/200309210nwe.htm,3,04:50,1,10,NYJ 45,9,9,(4:50) 12-T.Brady pass to 88-C.Fauria to NYJ 33 for 12 yards (24-R.Mickens).,2.948,0.678
2003,3,September 21,home,New York Jets,https://www.pro-football-reference.com/boxscores/200309210nwe.htm,3,04:17,1,10,NYJ 33,9,9,(4:17) 33-K.Faulk up the middle to NYJ 30 for 3 yards (72-J.Ferguson).,3.625,-0.150
2003,3,September 21,home,New York Jets,https://www.pro-football-reference.com/boxscores/200309210nwe.htm,3,03:45,2,7,NYJ 30,9,9,"(3:45) 33-K.Faulk right guard to NYJ 29 for 1 yard (63-D.Robertson, 72-J.Ferguson).",3.475,-0.554
2003,3,September 21,home,New York Jets,https://www.pro-football-reference.com/boxscores/200309210nwe.htm,3,03:02,3,6,NYJ 29,9,9,"(3:02) (Shotgun) 12-T.Brady pass to 83-D.Branch to NYJ 20 for 9 yards (21-A.Beasley, 38-J.McGraw).",2.922,1.539
2003,3,September 21,home,New York Jets,https://www.pro-football-reference.com/boxscores/200309210nwe.htm,3,02:23,1,10,NYJ 20,9,9,(2:23) 33-K.Faulk pass incomplete to 82-D.Graham (42-S.Garnes).,4.461,-0.419
2003,3,September 21,home,New York Jets,https://www.pro-football-reference.com/boxscores/200309210nwe.htm,3,02:18,2,10,NYJ 20,9,9,"(2:18) (Shotgun) 12-T.Brady pass incomplete to 80-T.Brown. PENALTY on NYJ-24-R.Mickens, Defensive Pass Interference, 19 yards, enforced at NYJ 20 - No Play.",4.041,2.338
2003,3,September 21,home,New York Jets,https://www.pro-football-reference.com/boxscores/200309210nwe.htm,3,02:13,1,1,NYJ 1,15,9,"(2:13) NE 90-Klecko eligible. 12-T.Brady scrambles right guard for 1 yard, TOUCHDOWN.",6.379,0.621
2003,3,September 21,home,New York Jets,https://www.pro-football-reference.com/boxscores/200309210nwe.htm,3,02:08,,,NYJ 2,16,9,"4-A.Vinatieri extra point is GOOD, Center-66-L.Paxton, Holder-13-K.Walter.",0.986,0.014
2003,3,September 21,home,New York Jets,https://www.pro-football-reference.com/boxscores/200309210nwe.htm,3,02:08,,,NE 30,16,9,"4-A.Vinatieri kicks 70 yards from NE 30 to NYJ 0. 20-M.Bates to NYJ 42 for 42 yards (29-A.Morris, 4-A.Vinatieri).",0.176,1.351
2003,3,September 21,home,New York Jets,https://www.pro-football-reference.com/boxscores/200309210nwe.htm,3,02:01,1,10,NYJ 42,16,9,"(2:01) 34-L.Jordan up the middle to NYJ 47 for 5 yards (90-D.Klecko, 54-T.Bruschi).",1.526,0.218
2003,3,September 21,home,New York Jets,https://www.pro-football-reference.com/boxscores/200309210nwe.htm,3,01:26,2,5,NYJ 47,16,9,"(1:26) 28-C.Martin left end to NE 48 for 5 yards (95-R.Phifer, 54-T.Bruschi).",1.744,0.471
2003,3,September 21,home,New York Jets,https://www.pro-football-reference.com/boxscores/200309210nwe.htm,3,00:42,1,10,NE 48,16,9,(:42) 16-V.Testaverde pass incomplete to 81-C.Conway.,2.215,-0.470
2003,3,September 21,home,New York Jets,https://www.pro-football-reference.com/boxscores/200309210nwe.htm,3,00:36,2,10,NE 48,16,9,(:36) 16-V.Testaverde pass to 86-C.Baker to NE 43 for 5 yards (50-M.Vrabel).,1.745,-0.349
2003,3,September 21,home,New York Jets,https://www.pro-football-reference.com/boxscores/200309210nwe.htm,4,15:00,3,5,NE 43,22,9,"(15:00) 16-V.Testaverde pass intended for 80-W.Chrebet INTERCEPTED by 22-A.Samuel at NE 45. 22-A.Samuel for 55 yards, TOUCHDOWN.",1.396,-8.396
2003,3,September 21,home,New York Jets,https://www.pro-football-reference.com/boxscores/200309210nwe.htm,4,14:49,,,NYJ 2,23,9,"4-A.Vinatieri extra point is GOOD, Center-66-L.Paxton, Holder-13-K.Walter.",0.986,0.014
2003,3,September 21,home,New York Jets,https://www.pro-football-reference.com/boxscores/200309210nwe.htm,4,14:49,,,NE 30,23,9,"4-A.Vinatieri kicks 60 yards from NE 30 to NYJ 10. 34-L.Jordan to NYJ 27 for 17 yards (53-L.Izzo, 51-D.Davis). PENALTY on NE-51-D.Davis, Offside on Free Kick, 5 yards, enforced at NE 30 - No Play.",0.183,0.000
2003,3,September 21,home,New York Jets,https://www.pro-football-reference.com/boxscores/200309210nwe.htm,4,14:45,,,NE 25,23,9,"4-A.Vinatieri kicks 73 yards from NE 25 to NYJ 2. 20-M.Bates to NYJ 32 for 30 yards (84-F.Baxter, 53-L.Izzo).",0.183,0.745
2003,3,September 21,home,New York Jets,https://www.pro-football-reference.com/boxscores/200309210nwe.htm,4,14:37,1,10,NYJ 32,23,9,(14:37) 16-V.Testaverde pass to 34-L.Jordan to NYJ 46 for 14 yards (93-R.Seymour).,0.928,0.957
2003,3,September 21,home,New York Jets,https://www.pro-football-reference.com/boxscores/200309210nwe.htm,4,14:00,1,10,NYJ 46,23,9,(14:00) 28-C.Martin left tackle to NE 42 for 12 yards (26-E.Wilson).,1.885,0.714
2003,3,September 21,home,New York Jets,https://www.pro-football-reference.com/boxscores/200309210nwe.htm,4,13:26,1,10,NE 42,23,9,"(13:26) 16-V.Testaverde pass to 88-A.Becht to NE 29 for 13 yards (54-T.Bruschi). FUMBLES (54-T.Bruschi), ball out of bounds at NE 15.",2.599,1.045
2003,3,September 21,home,New York Jets,https://www.pro-football-reference.com/boxscores/200309210nwe.htm,4,12:58,1,10,NE 29,23,15,"(12:58) 16-V.Testaverde pass to 80-W.Chrebet for 29 yards, TOUCHDOWN.",3.644,3.356
2003,3,September 21,home,New York Jets,https://www.pro-football-reference.com/boxscores/200309210nwe.htm,4,12:53,,,NE 2,23,16,"6-D.Brien extra point is GOOD, Center-85-J.Dearth, Holder-4-D.Stryzinski.",0.986,0.014
2003,3,September 21,home,New York Jets,https://www.pro-football-reference.com/boxscores/200309210nwe.htm,4,12:53,,,NYJ 30,23,16,6-D.Brien kicks 61 yards from NYJ 30 to NE 9. 33-K.Faulk to NE 34 for 25 yards (54-V.Hobson).,0.624,0.807
2003,3,September 21,home,New York Jets,https://www.pro-football-reference.com/boxscores/200309210nwe.htm,4,12:48,1,10,NE 34,23,16,"(12:48) 33-K.Faulk up the middle to NE 37 for 3 yards (72-J.Ferguson, 56-S.Cowart).",1.431,-0.182
2003,3,September 21,home,New York Jets,https://www.pro-football-reference.com/boxscores/200309210nwe.htm,4,12:10,2,7,NE 37,23,16,(12:10) 12-T.Brady pass to 33-K.Faulk to NE 40 for 3 yards (92-S.Ellis). NY 92-Ellis injured on play.,1.249,-0.322
2003,3,September 21,home,New York Jets,https://www.pro-football-reference.com/boxscores/200309210nwe.htm,4,11:30,3,4,NE 40,23,16,"(11:30) (Shotgun) PENALTY on NE-67-D.Koppen, False Start, 4 yards, enforced at NE 40 - No Play.",0.927,-0.523
2003,3,September 21,home,New York Jets,https://www.pro-football-reference.com/boxscores/200309210nwe.htm,4,11:08,3,8,NE 36,23,16,(11:08) 12-T.Brady pass to 31-L.Centers to NE 33 for -3 yards (99-B.Thomas).,0.404,-1.343
2003,3,September 21,home,New York Jets,https://www.pro-football-reference.com/boxscores/200309210nwe.htm,4,10:39,4,11,NE 33,23,16,"(10:39) 13-K.Walter punts 40 yards to NYJ 27, Center-66-L.Paxton. 83-S.Moss to NYJ 42 for 15 yards (84-F.Baxter, 81-B.Johnson).",-0.939,-0.674
2003,3,September 21,home,New York Jets,https://www.pro-football-reference.com/boxscores/200309210nwe.htm,4,10:25,1,10,NYJ 42,23,16,"(10:25) 16-V.Testaverde pass to 81-C.Conway to 50 for 8 yards (38-T.Poole, 26-E.Wilson).",1.613,0.596
2003,3,September 21,home,New York Jets,https://www.pro-football-reference.com/boxscores/200309210nwe.htm,4,09:49,2,2,MID 50,23,16,(9:49) 28-C.Martin right end to NE 44 for 6 yards (55-W.McGinest).,2.209,0.303
2003,3,September 21,home,New York Jets,https://www.pro-football-reference.com/boxscores/200309210nwe.htm,4,09:08,1,10,NE 44,23,16,(9:08) 16-V.Testaverde pass to 81-C.Conway to NE 35 for 9 yards (24-T.Law).,2.513,0.779
2003,3,September 21,home,New York Jets,https://www.pro-football-reference.com/boxscores/200309210nwe.htm,4,08:25,2,1,NE 35,23,16,"(8:25) 28-C.Martin left tackle to NE 31 for 4 yards (97-J.Green, 91-B.Hamilton).",3.291,0.169
2003,3,September 21,home,New York Jets,https://www.pro-football-reference.com/boxscores/200309210nwe.htm,4,07:47,1,10,NE 31,23,16,(7:47) 16-V.Testaverde pass incomplete to 88-A.Becht.,3.461,-0.363
2003,3,September 21,home,New York Jets,https://www.pro-football-reference.com/boxscores/200309210nwe.htm,4,07:43,2,10,NE 31,23,16,(7:43) 16-V.Testaverde left end ran ob at NE 24 for 7 yards.,3.098,0.362
2003,3,September 21,home,New York Jets,https://www.pro-football-reference.com/boxscores/200309210nwe.htm,4,07:17,3,3,NE 24,23,16,(7:17) 16-V.Testaverde pass incomplete to 83-S.Moss.,3.459,-1.596
2003,3,September 21,home,New York Jets,https://www.pro-football-reference.com/boxscores/200309210nwe.htm,4,07:14,4,3,NE 24,23,16,"(7:14) 6-D.Brien 42 yard field goal is No Good, Wide Left, Center-85-J.Dearth, Holder-4-D.Stryzinski.",1.863,-3.156
2003,3,September 21,home,New York Jets,https://www.pro-football-reference.com/boxscores/200309210nwe.htm,4,07:10,1,10,NE 32,23,16,(7:10) 12-T.Brady pass incomplete to 87-D.Givens.,1.293,-0.431
2003,3,September 21,home,New York Jets,https://www.pro-football-reference.com/boxscores/200309210nwe.htm,4,07:05,2,10,NE 32,23,16,(7:05) (Shotgun) 12-T.Brady pass incomplete to 80-T.Brown.,0.861,-0.611
2003,3,September 21,home,New York Jets,https://www.pro-football-reference.com/boxscores/200309210nwe.htm,4,07:03,3,10,NE 32,23,16,(7:03) (Shotgun) 12-T.Brady pass incomplete to 80-T.Brown.,0.250,-1.123
2003,3,September 21,home,New York Jets,https://www.pro-football-reference.com/boxscores/200309210nwe.htm,4,06:57,4,10,NE 32,23,16,"(6:57) 13-K.Walter punts 44 yards to NYJ 24, Center-66-L.Paxton. 83-S.Moss to NYJ 33 for 9 yards (29-A.Morris, 58-M.Chatham).",-0.873,-0.333
2003,3,September 21,home,New York Jets,https://www.pro-football-reference.com/boxscores/200309210nwe.htm,4,06:47,1,10,NYJ 33,23,16,(6:47) 16-V.Testaverde pass incomplete to 83-S.Moss (24-T.Law).,1.206,-0.420
2003,3,September 21,home,New York Jets,https://www.pro-football-reference.com/boxscores/200309210nwe.htm,4,06:41,2,10,NYJ 33,23,16,(6:41) 16-V.Testaverde pass incomplete to 88-A.Becht.,0.785,-0.560
2003,3,September 21,home,New York Jets,https://www.pro-football-reference.com/boxscores/200309210nwe.htm,4,06:38,3,10,NYJ 33,23,16,(6:38) 16-V.Testaverde pass incomplete to 82-K.Swayne.,0.225,-1.119
2003,3,September 21,home,New York Jets,https://www.pro-football-reference.com/boxscores/200309210nwe.htm,4,06:33,4,10,NYJ 33,23,16,"(6:33) 4-D.Stryzinski punts 40 yards to NE 27, Center-85-J.Dearth. 80-T.Brown ran ob at 50 for 23 yards. NY 4-Stryzinski injured on play. PENALTY on NE-53-L.Izzo, Unnecessary Roughness, 15 yards, enforced at 50.",-0.894,-0.434
2003,3,September 21,home,New York Jets,https://www.pro-football-reference.com/boxscores/200309210nwe.htm,4,06:22,1,10,NE 35,23,16,"(6:22) 33-K.Faulk right end to NE 36 for 1 yard (92-S.Ellis, 57-M.Lewis).",1.328,-0.387
2003,3,September 21,home,New York Jets,https://www.pro-football-reference.com/boxscores/200309210nwe.htm,4,05:49,2,9,NE 36,23,16,(5:49) 33-K.Faulk right tackle to NE 39 for 3 yards (55-M.Jones).,0.941,-0.404
2003,3,September 21,home,New York Jets,https://www.pro-football-reference.com/boxscores/200309210nwe.htm,4,05:13,3,6,NE 39,23,16,"(5:13) 33-K.Faulk up the middle to NE 46 for 7 yards (56-S.Cowart, 24-R.Mickens).",0.537,1.419
2003,3,September 21,home,New York Jets,https://www.pro-football-reference.com/boxscores/200309210nwe.htm,4,04:30,1,10,NE 46,23,16,(4:30) 33-K.Faulk left tackle to NE 49 for 3 yards (55-M.Jones).,1.956,-0.383
2003,3,September 21,home,New York Jets,https://www.pro-football-reference.com/boxscores/200309210nwe.htm,4,03:52,2,7,NE 49,23,16,(3:52) 12-T.Brady pass incomplete to 31-L.Centers.,1.573,-0.561
2003,3,September 21,home,New York Jets,https://www.pro-football-reference.com/boxscores/200309210nwe.htm,4,03:48,3,7,NE 49,23,16,"(3:48) 12-T.Brady pass to 31-L.Centers to NYJ 45 for 6 yards (22-T.Carter, 56-S.Cowart).",1.012,-0.271
2003,3,September 21,home,New York Jets,https://www.pro-football-reference.com/boxscores/200309210nwe.htm,4,03:13,,,,23,16,Timeout #1 by NYJ at 03:13.,0.741,0.000
2003,3,September 21,home,New York Jets,https://www.pro-football-reference.com/boxscores/200309210nwe.htm,4,03:13,,,NYJ 45,23,16,Timeout #2 by NE at 03:13.,0.741,0.000
2003,3,September 21,home,New York Jets,https://www.pro-football-reference.com/boxscores/200309210nwe.htm,4,03:13,4,1,NYJ 45,23,16,"(3:13) 13-K.Walter punts 35 yards to NYJ 10, Center-66-L.Paxton, fair catch by 83-S.Moss.",0.741,-0.632
2003,3,September 21,home,New York Jets,https://www.pro-football-reference.com/boxscores/200309210nwe.htm,4,03:06,1,10,NYJ 10,23,16,(3:06) 16-V.Testaverde pass to 88-A.Becht to NYJ 15 for 5 yards (95-R.Phifer).,-0.108,0.075
2003,3,September 21,home,New York Jets,https://www.pro-football-reference.com/boxscores/200309210nwe.htm,4,02:38,2,5,NYJ 15,23,16,"(2:38) (No Huddle) 16-V.Testaverde pass to 28-C.Martin to NYJ 28 for 13 yards (24-T.Law, 54-T.Bruschi).",-0.034,0.668
2003,3,September 21,home,New York Jets,https://www.pro-football-reference.com/boxscores/200309210nwe.htm,4,02:12,1,10,NYJ 28,23,16,(2:12) (No Huddle) 16-V.Testaverde pass incomplete to 33-J.Sowell (22-A.Samuel).,0.634,-0.326
2003,3,September 21,home,New York Jets,https://www.pro-football-reference.com/boxscores/200309210nwe.htm,4,02:09,2,10,NYJ 28,23,16,"(2:09) 16-V.Testaverde pass to 88-A.Becht pushed ob at NYJ 33 for 5 yards (38-T.Poole). PENALTY on NYJ-68-K.Mawae, Offensive Holding, 10 yards, enforced at NYJ 28 - No Play.",0.309,-0.493
2003,3,September 21,home,New York Jets,https://www.pro-football-reference.com/boxscores/200309210nwe.htm,4,02:04,2,20,NYJ 18,23,16,"(2:04) 16-V.Testaverde pass to 28-C.Martin to NYJ 34 for 16 yards (26-E.Wilson, 38-T.Poole).",-0.185,0.495
2003,3,September 21,home,New York Jets,https://www.pro-football-reference.com/boxscores/200309210nwe.htm,4,01:55,3,4,NYJ 34,23,16,(1:55) 16-V.Testaverde pass incomplete to 80-W.Chrebet.,0.311,-0.860
2003,3,September 21,home,New York Jets,https://www.pro-football-reference.com/boxscores/200309210nwe.htm,4,01:52,4,4,NYJ 34,23,16,(1:52) 16-V.Testaverde pass incomplete to 81-C.Conway.,-0.549,-2.298
2003,3,September 21,home,New York Jets,https://www.pro-football-reference.com/boxscores/200309210nwe.htm,4,01:47,1,10,NYJ 34,23,16,(1:47) 32-A.Smith up the middle to NYJ 30 for 4 yards (92-S.Ellis).,2.847,-0.251
2003,3,September 21,home,New York Jets,https://www.pro-football-reference.com/boxscores/200309210nwe.htm,4,01:42,,,NYJ 30,23,16,Timeout #2 by NYJ at 01:42.,2.596,0.000
2003,3,September 21,home,New York Jets,https://www.pro-football-reference.com/boxscores/200309210nwe.htm,4,01:42,2,6,NYJ 30,23,16,"(1:42) 32-A.Smith up the middle to NYJ 25 for 5 yards (92-S.Ellis, 42-S.Garnes).",2.596,-0.697
2003,3,September 21,home,New York Jets,https://www.pro-football-reference.com/boxscores/200309210nwe.htm,4,01:34,,,NYJ 25,23,16,Timeout #3 by NYJ at 01:34.,1.899,0.000
2003,3,September 21,home,New York Jets,https://www.pro-football-reference.com/boxscores/200309210nwe.htm,4,01:34,3,1,NYJ 25,23,16,"(1:34) 32-A.Smith up the middle to NYJ 23 for 2 yards (55-M.Jones, 92-S.Ellis).",1.899,0.784
2003,3,September 21,home,New York Jets,https://www.pro-football-reference.com/boxscores/200309210nwe.htm,4,00:50,1,10,NYJ 23,23,16,(:50) 12-T.Brady kneels to NYJ 24 for -1 yards (55-M.Jones).,2.683,-0.691
2003,3,September 21,home,New York Jets,https://www.pro-football-reference.com/boxscores/200309210nwe.htm,4,00:31,2,11,NYJ 24,23,16,(:31) 12-T.Brady kneels to NYJ 25 for -1 yards.,1.991,-1.991
2003,4,September 28,away,Washington Redskins,https://www.pro-football-reference.com/boxscores/200309280was.htm,1,15:00,,,NE 30,0,0,4-A.Vinatieri kicks 67 yards from NE 30 to WAS 3. 20-C.Morton to WAS 30 for 27 yards (30-J.Cherry).,0.817,0.752
2003,4,September 28,away,Washington Redskins,https://www.pro-football-reference.com/boxscores/200309280was.htm,1,14:55,1,10,WAS 30,0,0,"(14:55) PENALTY on WAS-76-J.Jansen, False Start, 5 yards, enforced at WAS 30 - No Play.",1.569,-0.590
2003,4,September 28,away,Washington Redskins,https://www.pro-football-reference.com/boxscores/200309280was.htm,1,14:55,1,15,WAS 25,0,0,(14:55) 30-T.Canidate right tackle to WAS 28 for 3 yards (54-T.Bruschi).,0.978,-0.353
2003,4,September 28,away,Washington Redskins,https://www.pro-football-reference.com/boxscores/200309280was.htm,1,14:24,2,12,WAS 28,0,0,(14:24) 30-T.Canidate right end to WAS 33 for 5 yards (54-T.Bruschi).,0.626,-0.008
2003,4,September 28,away,Washington Redskins,https://www.pro-football-reference.com/boxscores/200309280was.htm,1,13:37,3,7,WAS 33,0,0,(13:37) (Shotgun) 11-P.Ramsey pass to 20-C.Morton to NE 37 for 30 yards (37-R.Harrison).,0.618,2.974
2003,4,September 28,away,Washington Redskins,https://www.pro-football-reference.com/boxscores/200309280was.htm,1,13:05,1,10,NE 37,0,0,(13:05) 11-P.Ramsey pass to 80-L.Coles to NE 21 for 16 yards (24-T.Law).,3.592,0.965
2003,4,September 28,away,Washington Redskins,https://www.pro-football-reference.com/boxscores/200309280was.htm,1,12:21,1,10,NE 21,0,0,(12:21) 80-L.Coles right end to NE 19 for 2 yards (24-T.Law).,4.557,-0.401
2003,4,September 28,away,Washington Redskins,https://www.pro-football-reference.com/boxscores/200309280was.htm,1,11:37,2,8,NE 19,0,0,(11:37) 11-P.Ramsey pass incomplete to 89-Z.Flemister.,4.157,-0.629
2003,4,September 28,away,Washington Redskins,https://www.pro-football-reference.com/boxscores/200309280was.htm,1,11:30,3,8,NE 19,0,0,(11:30) 11-P.Ramsey pass to 80-L.Coles to NE 9 for 10 yards (23-A.Harris; 26-E.Wilson).,3.528,1.589
2003,4,September 28,away,Washington Redskins,https://www.pro-football-reference.com/boxscores/200309280was.htm,1,10:54,1,9,NE 9,0,0,(10:54) 46-L.Betts to NE 9 for no gain (54-T.Bruschi). 54-T.Bruschi shaken up on the play.,5.117,-0.517
2003,4,September 28,away,Washington Redskins,https://www.pro-football-reference.com/boxscores/200309280was.htm,1,10:31,2,9,NE 9,0,0,(10:31) 11-P.Ramsey sacked at NE 19 for -10 yards (55-W.McGinest).,4.600,-1.572
2003,4,September 28,away,Washington Redskins,https://www.pro-football-reference.com/boxscores/200309280was.htm,1,09:53,3,19,NE 19,0,0,(9:53) 11-P.Ramsey pass incomplete to 80-L.Coles.,3.028,-0.880
2003,4,September 28,away,Washington Redskins,https://www.pro-football-reference.com/boxscores/200309280was.htm,1,09:46,4,19,NE 19,0,3,"(9:46) 10-J.Hall 38 yard field goal is GOOD, Center-71-E.Albright, Holder-4-B.Barker.",2.148,0.852
2003,4,September 28,away,Washington Redskins,https://www.pro-football-reference.com/boxscores/200309280was.htm,1,09:42,,,WAS 30,0,3,10-J.Hall kicks 60 yards from WAS 30 to NE 10. 81-B.Johnson to NE 27 for 17 yards (31-D.Terrell).,-0.017,0.466
2003,4,September 28,away,Washington Redskins,https://www.pro-football-reference.com/boxscores/200309280was.htm,1,09:36,1,10,NE 27,0,3,(9:36) 33-K.Faulk right end to NE 31 for 4 yards (24-C.Bailey).,0.449,-0.020
2003,4,September 28,away,Washington Redskins,https://www.pro-football-reference.com/boxscores/200309280was.htm,1,09:05,2,6,NE 31,0,3,(9:05) 83-D.Branch right end to NE 42 for 11 yards (29-T.Franz). Reverse from Faulk,0.430,0.977
2003,4,September 28,away,Washington Redskins,https://www.pro-football-reference.com/boxscores/200309280was.htm,1,08:24,1,10,NE 42,0,3,(8:24) 12-T.Brady pass to 88-C.Fauria to 50 for 8 yards (98-J.Armstead).,1.407,0.663
2003,4,September 28,away,Washington Redskins,https://www.pro-football-reference.com/boxscores/200309280was.htm,1,07:48,2,2,MID 50,0,3,(7:48) 33-K.Faulk up the middle to WAS 46 for 4 yards (26-I.Ohalete).,2.070,0.228
2003,4,September 28,away,Washington Redskins,https://www.pro-football-reference.com/boxscores/200309280was.htm,1,07:14,1,10,WAS 46,0,3,"(7:14) 33-K.Faulk right guard to WAS 36 for 10 yards (26-I.Ohalete). PENALTY on NE-71-R.Hochstein, Offensive Holding, 10 yards, enforced at WAS 46 - No Play.",2.298,-0.975
2003,4,September 28,away,Washington Redskins,https://www.pro-football-reference.com/boxscores/200309280was.htm,1,06:49,1,20,NE 44,0,3,(6:49) 12-T.Brady pass to 82-D.Graham to WAS 36 for 20 yards (29-T.Franz).,1.323,1.730
2003,4,September 28,away,Washington Redskins,https://www.pro-football-reference.com/boxscores/200309280was.htm,1,06:06,1,10,WAS 36,0,3,(6:06) 12-T.Brady pass to 87-D.Givens pushed ob at WAS 23 for 13 yards (24-C.Bailey).,3.053,0.951
2003,4,September 28,away,Washington Redskins,https://www.pro-football-reference.com/boxscores/200309280was.htm,1,05:26,,,WAS 23,0,3,Timeout #1 by NE at 05:26.,4.004,0.000
2003,4,September 28,away,Washington Redskins,https://www.pro-football-reference.com/boxscores/200309280was.htm,1,05:26,1,10,WAS 23,0,3,(5:26) 33-K.Faulk left end pushed ob at WAS 17 for 6 yards (41-M.Bowen).,4.004,0.367
2003,4,September 28,away,Washington Redskins,https://www.pro-football-reference.com/boxscores/200309280was.htm,1,05:04,2,4,WAS 17,0,3,(5:04) 33-K.Faulk up the middle to WAS 17 for no gain (56-L.Arrington).,4.371,-0.661
2003,4,September 28,away,Washington Redskins,https://www.pro-football-reference.com/boxscores/200309280was.htm,1,04:26,3,4,WAS 17,0,3,(4:26) 12-T.Brady pass to 83-D.Branch to WAS 11 for 6 yards (97-R.Wynn).,3.709,1.071
2003,4,September 28,away,Washington Redskins,https://www.pro-football-reference.com/boxscores/200309280was.htm,1,03:45,1,10,WAS 11,0,3,(3:45) 33-K.Faulk up the middle to WAS 15 for -4 yards (91-R.Upshaw).,4.780,-1.015
2003,4,September 28,away,Washington Redskins,https://www.pro-football-reference.com/boxscores/200309280was.htm,1,03:11,2,14,WAS 15,0,3,(3:11) 12-T.Brady pass incomplete to 88-C.Fauria.,3.765,-0.707
2003,4,September 28,away,Washington Redskins,https://www.pro-football-reference.com/boxscores/200309280was.htm,1,02:59,3,14,WAS 15,0,3,(2:59) 12-T.Brady pass to 80-T.Brown to WAS 6 for 9 yards (21-F.Smoot; 41-M.Bowen).,3.058,-0.147
2003,4,September 28,away,Washington Redskins,https://www.pro-football-reference.com/boxscores/200309280was.htm,1,02:18,4,5,WAS 6,3,3,"(2:18) 4-A.Vinatieri 23 yard field goal is GOOD, Center-66-L.Paxton, Holder-13-K.Walter.",2.910,0.090
2003,4,September 28,away,Washington Redskins,https://www.pro-football-reference.com/boxscores/200309280was.htm,1,02:12,,,NE 30,3,3,4-A.Vinatieri kicks 59 yards from NE 30 to WAS 11. 20-C.Morton to WAS 32 for 21 yards (29-A.Morris).,0.863,0.844
2003,4,September 28,away,Washington Redskins,https://www.pro-football-reference.com/boxscores/200309280was.htm,1,02:07,1,10,WAS 32,3,3,"(2:07) 30-T.Canidate right guard to WAS 37 for 5 yards (93-R.Seymour). PENALTY on NE-55-W.McGinest, Defensive Offside, 5 yards, enforced at WAS 32 - No Play.",1.706,0.551
2003,4,September 28,away,Washington Redskins,https://www.pro-football-reference.com/boxscores/200309280was.htm,1,01:48,1,5,WAS 37,3,3,(1:48) 30-T.Canidate up the middle to WAS 43 for 6 yards (95-R.Phifer).,2.258,0.109
2003,4,September 28,away,Washington Redskins,https://www.pro-football-reference.com/boxscores/200309280was.htm,1,01:11,1,10,WAS 43,3,3,"(1:11) 11-P.Ramsey pass to 87-R.Gardner to NE 48 for 9 yards (38-T.Poole). PENALTY on WAS-80-L.Coles, Offensive Pass Interference, 10 yards, enforced at WAS 43 - No Play.",2.367,-0.908
2003,4,September 28,away,Washington Redskins,https://www.pro-football-reference.com/boxscores/200309280was.htm,1,00:41,1,20,WAS 33,3,3,(:41) (Shotgun) 11-P.Ramsey pass to 30-T.Canidate pushed ob at NE 42 for 25 yards (37-R.Harrison).,1.459,1.580
2003,4,September 28,away,Washington Redskins,https://www.pro-football-reference.com/boxscores/200309280was.htm,1,00:06,,,NE 42,3,3,Timeout #1 by WAS at 00:06.,3.039,0.000
2003,4,September 28,away,Washington Redskins,https://www.pro-football-reference.com/boxscores/200309280was.htm,1,00:06,1,10,NE 42,3,3,(:06) 11-P.Ramsey sacked at NE 45 for -3 yards (90-D.Klecko).,3.039,-0.998
2003,4,September 28,away,Washington Redskins,https://www.pro-football-reference.com/boxscores/200309280was.htm,2,15:00,2,13,NE 45,3,3,(15:00) 11-P.Ramsey pass to 87-R.Gardner to NE 31 for 14 yards (26-E.Wilson).,2.041,1.635
2003,4,September 28,away,Washington Redskins,https://www.pro-football-reference.com/boxscores/200309280was.htm,2,14:27,1,10,NE 31,3,3,(14:27) 46-L.Betts left end to NE 26 for 5 yards (54-T.Bruschi).,3.676,0.143
2003,4,September 28,away,Washington Redskins,https://www.pro-football-reference.com/boxscores/200309280was.htm,2,13:50,2,5,NE 26,3,3,(13:50) 11-P.Ramsey pass to 40-R.Cartwright pushed ob at NE 15 for 11 yards (95-R.Phifer).,3.819,0.941
2003,4,September 28,away,Washington Redskins,https://www.pro-football-reference.com/boxscores/200309280was.htm,2,13:15,1,10,NE 15,3,3,(13:15) (Shotgun) 11-P.Ramsey scrambles right end to NE 8 for 7 yards (55-W.McGinest).,4.760,0.359
2003,4,September 28,away,Washington Redskins,https://www.pro-football-reference.com/boxscores/200309280was.htm,2,12:29,2,3,NE 8,3,3,(12:29) 46-L.Betts left end to NE 11 for -3 yards (37-R.Harrison).,5.120,-1.260
2003,4,September 28,away,Washington Redskins,https://www.pro-football-reference.com/boxscores/200309280was.htm,2,11:49,3,6,NE 11,3,3,(11:49) 11-P.Ramsey pass incomplete to 87-R.Gardner (24-T.Law).,3.859,-1.203
2003,4,September 28,away,Washington Redskins,https://www.pro-football-reference.com/boxscores/200309280was.htm,2,11:43,4,6,NE 11,3,6,"(11:43) 10-J.Hall 29 yard field goal is GOOD, Center-71-E.Albright, Holder-4-B.Barker.",2.656,0.344
2003,4,September 28,away,Washington Redskins,https://www.pro-football-reference.com/boxscores/200309280was.htm,2,11:40,,,WAS 30,3,6,10-J.Hall kicks 75 yards from WAS 30 to NE -5. 81-B.Johnson to NE 15 for 20 yards (84-P.Johnson).,0.235,-0.419
2003,4,September 28,away,Washington Redskins,https://www.pro-football-reference.com/boxscores/200309280was.htm,2,11:35,1,10,NE 15,3,6,(11:35) (Shotgun) 12-T.Brady pass incomplete to 31-L.Centers.,-0.184,-0.496
2003,4,September 28,away,Washington Redskins,https://www.pro-football-reference.com/boxscores/200309280was.htm,2,11:31,2,10,NE 15,3,6,"(11:31) 33-K.Faulk right end to NE 16 for 1 yard (41-M.Bowen, 99-J.Haley).",-0.679,-0.513
2003,4,September 28,away,Washington Redskins,https://www.pro-football-reference.com/boxscores/200309280was.htm,2,10:50,3,9,NE 16,3,6,(10:50) 12-T.Brady pass to 87-D.Givens to NE 27 for 11 yards (41-M.Bowen). 87-D.Givens shaken up on the play,-1.193,1.815
2003,4,September 28,away,Washington Redskins,https://www.pro-football-reference.com/boxscores/200309280was.htm,2,10:17,1,10,NE 27,3,6,(10:17) 12-T.Brady pass incomplete to 82-D.Graham.,0.622,-0.446
2003,4,September 28,away,Washington Redskins,https://www.pro-football-reference.com/boxscores/200309280was.htm,2,10:09,2,10,NE 27,3,6,(10:09) 33-K.Faulk right end to NE 29 for 2 yards (26-I.Ohalete).,0.177,-0.501
2003,4,September 28,away,Washington Redskins,https://www.pro-football-reference.com/boxscores/200309280was.htm,2,09:30,3,8,NE 29,3,6,(9:30) 12-T.Brady pass incomplete to 83-D.Branch (21-F.Smoot).,-0.324,-0.878
2003,4,September 28,away,Washington Redskins,https://www.pro-football-reference.com/boxscores/200309280was.htm,2,09:19,4,8,NE 29,3,6,"(9:19) 13-K.Walter punts 44 yards to WAS 27, Center-66-L.Paxton. 20-C.Morton to WAS 36 for 9 yards (35-P.Pass).",-1.202,-0.400
2003,4,September 28,away,Washington Redskins,https://www.pro-football-reference.com/boxscores/200309280was.htm,2,09:07,1,10,WAS 36,3,6,(9:07) 30-T.Canidate up the middle to WAS 36 for no gain (54-T.Bruschi).,1.602,-0.468
2003,4,September 28,away,Washington Redskins,https://www.pro-football-reference.com/boxscores/200309280was.htm,2,08:34,2,10,WAS 36,3,6,(8:34) 46-L.Betts right guard to WAS 46 for 10 yards (37-R.Harrison).,1.134,1.077
2003,4,September 28,away,Washington Redskins,https://www.pro-football-reference.com/boxscores/200309280was.htm,2,07:50,1,10,WAS 46,3,6,(7:50) 11-P.Ramsey pass to 80-L.Coles pushed ob at NE 30 for 24 yards (26-E.Wilson).,2.211,1.357
2003,4,September 28,away,Washington Redskins,https://www.pro-football-reference.com/boxscores/200309280was.htm,2,07:22,1,10,NE 30,3,6,(7:22) 30-T.Canidate left end to NE 30 for no gain (26-E.Wilson).,3.568,-0.370
2003,4,September 28,away,Washington Redskins,https://www.pro-football-reference.com/boxscores/200309280was.htm,2,06:40,2,10,NE 30,3,6,(6:40) 11-P.Ramsey pass incomplete to 87-R.Gardner.,3.199,-0.642
2003,4,September 28,away,Washington Redskins,https://www.pro-football-reference.com/boxscores/200309280was.htm,2,06:30,3,10,NE 30,3,6,(6:30) (Shotgun) 11-P.Ramsey pass incomplete to 85-D.McCants (22-A.Samuel).,2.557,-1.362
2003,4,September 28,away,Washington Redskins,https://www.pro-football-reference.com/boxscores/200309280was.htm,2,06:24,4,10,NE 30,3,6,"(6:24) 10-J.Hall 48 yard field goal is BLOCKED (90-D.Klecko), Center-71-E.Albright, Holder-4-B.Barker, RECOVERED by NE-34-C.Akins at NE 32. 34-C.Akins to NE 32 for no gain (93-P.Zellner).",1.195,-2.241
2003,4,September 28,away,Washington Redskins,https://www.pro-football-reference.com/boxscores/200309280was.htm,2,06:15,1,10,NE 32,3,6,(6:15) 32-A.Smith right end to NE 35 for 3 yards (54-J.Trotter).,1.045,-0.381
2003,4,September 28,away,Washington Redskins,https://www.pro-football-reference.com/boxscores/200309280was.htm,2,05:45,2,7,NE 35,3,6,(5:45) 32-A.Smith right tackle to NE 38 for 3 yards (54-J.Trotter).,0.665,-0.096
2003,4,September 28,away,Washington Redskins,https://www.pro-football-reference.com/boxscores/200309280was.htm,2,05:11,3,4,NE 38,3,6,(5:11) 12-T.Brady pass to 33-K.Faulk to NE 45 for 7 yards (54-J.Trotter).,0.569,1.078
2003,4,September 28,away,Washington Redskins,https://www.pro-football-reference.com/boxscores/200309280was.htm,2,04:31,1,10,NE 45,3,6,"(4:31) 12-T.Brady pass incomplete to 81-B.Johnson (24-C.Bailey). PENALTY on WAS-24-C.Bailey, Defensive Pass Interference, 25 yards, enforced at NE 45 - No Play.",1.647,1.673
2003,4,September 28,away,Washington Redskins,https://www.pro-football-reference.com/boxscores/200309280was.htm,2,04:25,1,10,WAS 30,3,6,(4:25) 32-A.Smith left guard to WAS 28 for 2 yards (92-M.Chase).,3.320,-0.391
2003,4,September 28,away,Washington Redskins,https://www.pro-football-reference.com/boxscores/200309280was.htm,2,03:55,2,8,WAS 28,3,6,(3:55) 32-A.Smith right end to WAS 27 for 1 yard (24-C.Bailey).,2.929,-0.370
2003,4,September 28,away,Washington Redskins,https://www.pro-football-reference.com/boxscores/200309280was.htm,2,03:13,3,7,WAS 27,3,6,(3:13) (Shotgun) 12-T.Brady pass intended for 83-D.Branch INTERCEPTED by 26-I.Ohalete at WAS 0. Touchback.,2.559,-3.066
2003,4,September 28,away,Washington Redskins,https://www.pro-football-reference.com/boxscores/200309280was.htm,2,03:03,1,10,WAS 20,3,6,(3:03) 30-T.Canidate left end to WAS 25 for 5 yards (55-W.McGinest).,0.508,0.024
2003,4,September 28,away,Washington Redskins,https://www.pro-football-reference.com/boxscores/200309280was.htm,2,02:27,2,5,WAS 25,3,6,(2:27) 30-T.Canidate left end to WAS 33 for 8 yards (26-E.Wilson).,0.532,0.558
2003,4,September 28,away,Washington Redskins,https://www.pro-football-reference.com/boxscores/200309280was.htm,2,02:00,1,10,WAS 33,3,6,(2:00) 11-P.Ramsey pass to 87-R.Gardner to WAS 38 for 5 yards (38-T.Poole).,1.089,-0.041
2003,4,September 28,away,Washington Redskins,https://www.pro-football-reference.com/boxscores/200309280was.htm,2,01:30,2,5,WAS 38,3,6,(1:30) (Shotgun) 11-P.Ramsey pass incomplete to 46-L.Betts (94-T.Warren).,1.049,-0.425
2003,4,September 28,away,Washington Redskins,https://www.pro-football-reference.com/boxscores/200309280was.htm,2,01:23,3,5,WAS 38,3,6,(1:23) (Shotgun) 11-P.Ramsey pass incomplete to 46-L.Betts.,0.623,-0.684
2003,4,September 28,away,Washington Redskins,https://www.pro-football-reference.com/boxscores/200309280was.htm,2,01:18,4,5,WAS 38,3,6,"(1:18) 4-B.Barker punts 35 yards to NE 27, Center-71-E.Albright. 80-T.Brown to NE 44 for 17 yards (31-D.Terrell). PENALTY on NE-30-J.Cherry, Offensive Holding, 10 yards, enforced at NE 44.",-0.061,-0.624
2003,4,September 28,away,Washington Redskins,https://www.pro-football-reference.com/boxscores/200309280was.htm,2,01:05,1,10,NE 34,3,6,(1:05) (Shotgun) 12-T.Brady pass incomplete to 82-D.Graham.,0.685,-0.179
2003,4,September 28,away,Washington Redskins,https://www.pro-football-reference.com/boxscores/200309280was.htm,2,00:59,2,10,NE 34,3,6,(:59) 31-L.Centers right guard to NE 42 for 8 yards (26-I.Ohalete; 91-R.Upshaw).,0.506,0.052
2003,4,September 28,away,Washington Redskins,https://www.pro-football-reference.com/boxscores/200309280was.htm,2,00:30,3,2,NE 42,3,6,"(:30) (No Huddle, Shotgun) 12-T.Brady pass to 83-D.Branch ran ob at WAS 41 for 17 yards.",0.558,0.972
2003,4,September 28,away,Washington Redskins,https://www.pro-football-reference.com/boxscores/200309280was.htm,2,00:26,1,10,WAS 41,3,6,"(:26) (No Huddle, Shotgun) 12-T.Brady pass intended for 87-D.Givens INTERCEPTED by 24-C.Bailey at WAS 9. 24-C.Bailey to WAS 9 for no gain (87-D.Givens).",1.530,-1.530
2003,4,September 28,away,Washington Redskins,https://www.pro-football-reference.com/boxscores/200309280was.htm,2,00:16,,,WAS 9,3,6,Timeout #2 by NE at 00:16.,0.000,0.000
2003,4,September 28,away,Washington Redskins,https://www.pro-football-reference.com/boxscores/200309280was.htm,2,00:16,1,10,WAS 9,3,6,(:16) 11-P.Ramsey kneels to WAS 8 for -1 yards.,0.000,0.000
2003,4,September 28,away,Washington Redskins,https://www.pro-football-reference.com/boxscores/200309280was.htm,3,15:00,,,WAS 30,3,6,"10-J.Hall kicks 70 yards from WAS 30 to end zone, Touchback.",-0.140,0.000
2003,4,September 28,away,Washington Redskins,https://www.pro-football-reference.com/boxscores/200309280was.htm,3,15:00,1,10,NE 20,3,6,(15:00) 12-T.Brady pass to 80-T.Brown to NE 23 for 3 yards (24-C.Bailey).,-0.140,-0.301
2003,4,September 28,away,Washington Redskins,https://www.pro-football-reference.com/boxscores/200309280was.htm,3,14:31,2,7,NE 23,3,6,(14:31) 33-K.Faulk left end to NE 26 for 3 yards (54-J.Trotter).,-0.440,-0.030
2003,4,September 28,away,Washington Redskins,https://www.pro-football-reference.com/boxscores/200309280was.htm,3,13:55,3,4,NE 26,3,6,"(13:55) (Shotgun) 33-K.Faulk right end to NE 21 for -5 yards (24-C.Bailey). FUMBLES (24-C.Bailey), touched at NE 17, RECOVERED by WAS-41-M.Bowen at NE 6. 41-M.Bowen to NE 1 for 5 yards (83-D.Branch).",-0.471,-5.879
2003,4,September 28,away,Washington Redskins,https://www.pro-football-reference.com/boxscores/200309280was.htm,3,13:38,1,1,NE 1,3,12,"(13:38) 46-L.Betts left guard for 1 yard, TOUCHDOWN.",6.350,0.650
2003,4,September 28,away,Washington Redskins,https://www.pro-football-reference.com/boxscores/200309280was.htm,3,13:35,,,NE 2,3,13,"10-J.Hall extra point is GOOD, Center-71-E.Albright, Holder-4-B.Barker.",0.986,0.014
2003,4,September 28,away,Washington Redskins,https://www.pro-football-reference.com/boxscores/200309280was.htm,3,13:35,,,WAS 30,3,13,10-J.Hall kicks 64 yards from WAS 30 to NE 6. 35-P.Pass pushed ob at NE 42 for 36 yards (10-J.Hall).,-0.079,1.458
2003,4,September 28,away,Washington Redskins,https://www.pro-football-reference.com/boxscores/200309280was.htm,3,13:28,1,10,NE 42,3,13,(13:28) 33-K.Faulk left tackle to NE 47 for 5 yards (90-B.Holsey).,1.380,0.259
2003,4,September 28,away,Washington Redskins,https://www.pro-football-reference.com/boxscores/200309280was.htm,3,12:52,2,5,NE 47,3,13,(12:52) 32-A.Smith left guard to WAS 43 for 10 yards (56-L.Arrington).,1.639,0.757
2003,4,September 28,away,Washington Redskins,https://www.pro-football-reference.com/boxscores/200309280was.htm,3,12:11,1,10,WAS 43,3,13,"(12:11) PENALTY on NE-67-D.Koppen, False Start, 5 yards, enforced at WAS 43 - No Play.",2.396,-0.640
2003,4,September 28,away,Washington Redskins,https://www.pro-football-reference.com/boxscores/200309280was.htm,3,11:55,1,15,WAS 48,3,13,"(11:55) 80-T.Brown right end to WAS 30 for 18 yards (56-L.Arrington). PENALTY on NE, Illegal Block Above the Waist, 10 yards, enforced at WAS 38.",1.755,-0.001
2003,4,September 28,away,Washington Redskins,https://www.pro-football-reference.com/boxscores/200309280was.htm,3,11:16,1,15,WAS 48,3,13,(11:16) 32-A.Smith right end to WAS 36 for 12 yards (41-M.Bowen).,1.755,1.136
2003,4,September 28,away,Washington Redskins,https://www.pro-football-reference.com/boxscores/200309280was.htm,3,10:53,2,3,WAS 36,3,13,"(10:53) PENALTY on NE-72-M.Light, False Start, 5 yards, enforced at WAS 36 - No Play.",2.891,-0.729
2003,4,September 28,away,Washington Redskins,https://www.pro-football-reference.com/boxscores/200309280was.htm,3,10:35,2,8,WAS 41,3,13,(10:35) 12-T.Brady pass to 87-D.Givens to WAS 37 for 4 yards (21-F.Smoot).,2.162,-0.189
2003,4,September 28,away,Washington Redskins,https://www.pro-football-reference.com/boxscores/200309280was.htm,3,09:44,3,4,WAS 37,3,13,"(9:44) PENALTY on WAS-78-B.Smith, Defensive Offside, 5 yards, enforced at WAS 37 - No Play.",1.973,1.392
2003,4,September 28,away,Washington Redskins,https://www.pro-football-reference.com/boxscores/200309280was.htm,3,09:44,1,10,WAS 32,3,13,"(9:44) 32-A.Smith left guard to WAS 30 for 2 yards (90-B.Holsey, 54-J.Trotter).",3.365,-0.317
2003,4,September 28,away,Washington Redskins,https://www.pro-football-reference.com/boxscores/200309280was.htm,3,09:02,2,8,WAS 30,3,13,(9:02) 32-A.Smith left guard to WAS 27 for 3 yards (56-L.Arrington).,3.048,-0.120
2003,4,September 28,away,Washington Redskins,https://www.pro-football-reference.com/boxscores/200309280was.htm,3,08:28,3,5,WAS 27,3,13,(8:28) 12-T.Brady pass incomplete to 83-D.Branch (93-P.Zellner).,2.927,-1.196
2003,4,September 28,away,Washington Redskins,https://www.pro-football-reference.com/boxscores/200309280was.htm,3,08:19,4,5,WAS 27,3,13,"(8:19) 4-A.Vinatieri 46 yard field goal is No Good, Wide Left, Center-66-L.Paxton, Holder-13-K.Walter.",1.731,-3.705
2003,4,September 28,away,Washington Redskins,https://www.pro-football-reference.com/boxscores/200309280was.htm,3,08:15,1,10,WAS 36,3,13,(8:15) 30-T.Canidate up the middle to WAS 45 for 9 yards (37-R.Harrison).,1.975,0.717
2003,4,September 28,away,Washington Redskins,https://www.pro-football-reference.com/boxscores/200309280was.htm,3,07:43,2,1,WAS 45,3,13,(7:43) 30-T.Canidate right guard to NE 48 for 7 yards (55-W.McGinest).,2.691,0.162
2003,4,September 28,away,Washington Redskins,https://www.pro-football-reference.com/boxscores/200309280was.htm,3,07:13,1,10,NE 48,3,13,"(7:13) 30-T.Canidate right tackle to NE 47 for 1 yard (95-R.Phifer). PENALTY on WAS-66-D.Dockery, Offensive Holding, 10 yards, enforced at NE 48 - No Play.",2.853,-0.830
2003,4,September 28,away,Washington Redskins,https://www.pro-football-reference.com/boxscores/200309280was.htm,3,06:55,1,20,WAS 42,3,13,"(6:55) 30-T.Canidate left end to NE 35 for 23 yards (38-T.Poole). FUMBLES (38-T.Poole), touched at NE 12, recovered by WAS-87-R.Gardner at NE 12. 87-R.Gardner to NE 12 for no gain (26-E.Wilson).",2.023,2.965
2003,4,September 28,away,Washington Redskins,https://www.pro-football-reference.com/boxscores/200309280was.htm,3,06:05,1,10,NE 12,3,13,(6:05) 46-L.Betts left end to NE 7 for 5 yards (95-R.Phifer).,4.988,0.196
2003,4,September 28,away,Washington Redskins,https://www.pro-football-reference.com/boxscores/200309280was.htm,3,05:20,2,5,NE 7,3,13,"(5:20) PENALTY on NE-93-R.Seymour, Encroachment, 4 yards, enforced at NE 7 - No Play.",5.183,0.792
2003,4,September 28,away,Washington Redskins,https://www.pro-football-reference.com/boxscores/200309280was.htm,3,05:15,2,1,NE 3,3,19,"(5:15) 40-R.Cartwright left end for 3 yards, TOUCHDOWN.",5.975,1.025
2003,4,September 28,away,Washington Redskins,https://www.pro-football-reference.com/boxscores/200309280was.htm,3,05:08,,,NE 2,3,20,"10-J.Hall extra point is GOOD, Center-71-E.Albright, Holder-4-B.Barker.",0.986,0.014
2003,4,September 28,away,Washington Redskins,https://www.pro-football-reference.com/boxscores/200309280was.htm,3,05:08,,,WAS 30,3,20,10-J.Hall kicks 67 yards from WAS 30 to NE 3. 35-P.Pass ran ob at NE 29 for 26 yards.,-0.038,0.645
2003,4,September 28,away,Washington Redskins,https://www.pro-football-reference.com/boxscores/200309280was.htm,3,05:02,1,10,NE 29,3,20,(5:02) 12-T.Brady pass to 32-A.Smith to NE 45 for 16 yards (98-J.Armstead).,0.606,0.982
2003,4,September 28,away,Washington Redskins,https://www.pro-football-reference.com/boxscores/200309280was.htm,3,04:24,1,10,NE 45,3,20,(4:24) 32-A.Smith up the middle to NE 42 for -3 yards (97-R.Wynn).,1.588,-0.960
2003,4,September 28,away,Washington Redskins,https://www.pro-football-reference.com/boxscores/200309280was.htm,3,03:53,2,13,NE 42,3,20,(3:53) 32-A.Smith right end to NE 46 for 4 yards (55-K.Mitchell).,0.628,-0.244
2003,4,September 28,away,Washington Redskins,https://www.pro-football-reference.com/boxscores/200309280was.htm,3,03:18,3,9,NE 46,3,20,(3:18) (Shotgun) 12-T.Brady pass to 80-T.Brown to WAS 34 for 20 yards (25-R.Bauman).,0.384,2.772
2003,4,September 28,away,Washington Redskins,https://www.pro-football-reference.com/boxscores/200309280was.htm,3,02:20,,,WAS 34,3,20,Timeout #1 by WAS at 02:20.,3.157,0.000
2003,4,September 28,away,Washington Redskins,https://www.pro-football-reference.com/boxscores/200309280was.htm,3,02:20,1,10,WAS 34,3,20,"(2:20) PENALTY on WAS-99-J.Haley, Encroachment, 5 yards, enforced at WAS 34 - No Play.",3.157,0.686
2003,4,September 28,away,Washington Redskins,https://www.pro-football-reference.com/boxscores/200309280was.htm,3,02:19,1,5,WAS 29,9,20,"(2:19) 12-T.Brady pass to 87-D.Givens for 29 yards, TOUCHDOWN.",3.843,3.157
2003,4,September 28,away,Washington Redskins,https://www.pro-football-reference.com/boxscores/200309280was.htm,3,02:13,,,WAS 2,10,20,"4-A.Vinatieri extra point is GOOD, Center-66-L.Paxton, Holder-13-K.Walter.",0.986,0.014
2003,4,September 28,away,Washington Redskins,https://www.pro-football-reference.com/boxscores/200309280was.htm,3,02:13,,,NE 30,10,20,4-A.Vinatieri kicks 54 yards from NE 30 to WAS 16. 20-C.Morton to WAS 30 for 14 yards (29-A.Morris).,0.628,0.669
2003,4,September 28,away,Washington Redskins,https://www.pro-football-reference.com/boxscores/200309280was.htm,3,02:08,1,10,WAS 30,10,20,(2:08) 30-T.Canidate right guard to WAS 33 for 3 yards (96-R.Lyle).,1.297,-0.194
2003,4,September 28,away,Washington Redskins,https://www.pro-football-reference.com/boxscores/200309280was.htm,3,01:34,,,WAS 33,10,20,Timeout #1 by NE at 01:34.,1.103,0.000
2003,4,September 28,away,Washington Redskins,https://www.pro-football-reference.com/boxscores/200309280was.htm,3,01:34,2,7,WAS 33,10,20,(1:34) 11-P.Ramsey pass incomplete to 87-R.Gardner (54-T.Bruschi).,1.103,-0.713
2003,4,September 28,away,Washington Redskins,https://www.pro-football-reference.com/boxscores/200309280was.htm,3,01:29,3,7,WAS 33,10,20,(1:29) (Shotgun) 11-P.Ramsey pass to 80-L.Coles to WAS 39 for 6 yards (37-R.Harrison).,0.390,-0.164
2003,4,September 28,away,Washington Redskins,https://www.pro-football-reference.com/boxscores/200309280was.htm,3,00:46,4,1,WAS 39,10,20,"(:46) 4-B.Barker punts 39 yards to NE 22, Center-71-E.Albright, out of bounds.",0.226,-0.377
2003,4,September 28,away,Washington Redskins,https://www.pro-football-reference.com/boxscores/200309280was.htm,3,00:36,1,10,NE 22,10,20,"(:36) 12-T.Brady pass to 80-T.Brown to NE 25 for 3 yards (21-F.Smoot, 25-R.Bauman).",0.151,-0.218
2003,4,September 28,away,Washington Redskins,https://www.pro-football-reference.com/boxscores/200309280was.htm,4,15:00,2,7,NE 25,10,20,(15:00) 32-A.Smith up the middle to NE 29 for 4 yards (97-R.Wynn).,-0.067,-0.074
2003,4,September 28,away,Washington Redskins,https://www.pro-football-reference.com/boxscores/200309280was.htm,4,14:28,3,3,NE 29,10,20,(14:28) 12-T.Brady pass to 80-T.Brown to NE 35 for 6 yards (41-M.Bowen; 25-R.Bauman).,-0.141,1.030
2003,4,September 28,away,Washington Redskins,https://www.pro-football-reference.com/boxscores/200309280was.htm,4,13:48,1,10,NE 35,10,20,(13:48) 12-T.Brady pass incomplete to 83-D.Branch.,0.890,-0.461
2003,4,September 28,away,Washington Redskins,https://www.pro-football-reference.com/boxscores/200309280was.htm,4,13:41,2,10,NE 35,10,20,(13:41) 32-A.Smith up the middle to NE 38 for 3 yards (91-R.Upshaw).,0.429,-0.371
2003,4,September 28,away,Washington Redskins,https://www.pro-football-reference.com/boxscores/200309280was.htm,4,13:07,3,7,NE 38,10,20,(13:07) (Shotgun) 12-T.Brady pass intended for 87-D.Givens INTERCEPTED by 25-R.Bauman at WAS 44. 25-R.Bauman to WAS 44 for no gain (87-D.Givens).,0.058,-2.253
2003,4,September 28,away,Washington Redskins,https://www.pro-football-reference.com/boxscores/200309280was.htm,4,12:49,1,10,WAS 44,10,20,(12:49) 11-P.Ramsey pass incomplete to 87-R.Gardner.,2.195,-0.444
2003,4,September 28,away,Washington Redskins,https://www.pro-football-reference.com/boxscores/200309280was.htm,4,12:44,2,10,WAS 44,10,20,(12:44) 11-P.Ramsey pass to 80-L.Coles pushed ob at 50 for 6 yards (24-T.Law).,1.751,-0.134
2003,4,September 28,away,Washington Redskins,https://www.pro-football-reference.com/boxscores/200309280was.htm,4,12:21,3,4,MID 50,10,20,(12:21) 46-L.Betts left end to NE 43 for 7 yards (90-D.Klecko; 26-E.Wilson).,1.617,1.213
2003,4,September 28,away,Washington Redskins,https://www.pro-football-reference.com/boxscores/200309280was.htm,4,11:37,1,10,NE 43,10,20,(11:37) 46-L.Betts up the middle to NE 40 for 3 yards (54-T.Bruschi).,2.830,-0.237
2003,4,September 28,away,Washington Redskins,https://www.pro-football-reference.com/boxscores/200309280was.htm,4,11:04,2,7,NE 40,10,20,(11:04) 46-L.Betts left guard to NE 37 for 3 yards (96-R.Lyle).,2.593,-0.252
2003,4,September 28,away,Washington Redskins,https://www.pro-football-reference.com/boxscores/200309280was.htm,4,10:21,3,4,NE 37,10,20,(10:21) (Shotgun) 11-P.Ramsey pass incomplete to 85-D.McCants.,2.341,-1.624
2003,4,September 28,away,Washington Redskins,https://www.pro-football-reference.com/boxscores/200309280was.htm,4,10:11,4,4,NE 37,10,20,"(10:11) 4-B.Barker punts 29 yards to NE 8, Center-71-E.Albright, fair catch by 80-T.Brown.",0.717,-0.074
2003,4,September 28,away,Washington Redskins,https://www.pro-football-reference.com/boxscores/200309280was.htm,4,10:04,1,10,NE 8,10,20,(10:04) 12-T.Brady pass to 88-C.Fauria to NE 15 for 7 yards (24-C.Bailey).,-0.643,0.431
2003,4,September 28,away,Washington Redskins,https://www.pro-football-reference.com/boxscores/200309280was.htm,4,09:38,2,3,NE 15,10,20,(9:38) 32-A.Smith up the middle to NE 24 for 9 yards (54-J.Trotter).,-0.212,0.681
2003,4,September 28,away,Washington Redskins,https://www.pro-football-reference.com/boxscores/200309280was.htm,4,09:03,1,10,NE 24,10,20,(9:03) 12-T.Brady pass to 80-T.Brown to NE 30 for 6 yards (41-M.Bowen).,0.469,0.275
2003,4,September 28,away,Washington Redskins,https://www.pro-football-reference.com/boxscores/200309280was.htm,4,08:30,2,4,NE 30,10,20,(8:30) 32-A.Smith left end to NE 33 for 3 yards (54-J.Trotter).,0.744,0.117
2003,4,September 28,away,Washington Redskins,https://www.pro-football-reference.com/boxscores/200309280was.htm,4,07:57,3,1,NE 33,10,20,(7:57) 12-T.Brady up the middle to NE 35 for 2 yards (54-J.Trotter). QB sneak,0.860,0.343
2003,4,September 28,away,Washington Redskins,https://www.pro-football-reference.com/boxscores/200309280was.htm,4,07:25,1,10,NE 35,10,20,(7:25) 12-T.Brady pass to 88-C.Fauria to WAS 49 for 16 yards (26-I.Ohalete).,1.203,0.996
2003,4,September 28,away,Washington Redskins,https://www.pro-football-reference.com/boxscores/200309280was.htm,4,07:12,1,10,WAS 49,10,20,(7:12) (Shotgun) 12-T.Brady sacked at NE 43 for -8 yards (97-R.Wynn).,2.199,-1.203
2003,4,September 28,away,Washington Redskins,https://www.pro-football-reference.com/boxscores/200309280was.htm,4,06:19,2,18,NE 43,10,20,(6:19) (Shotgun) 31-L.Centers right guard to NE 48 for 5 yards (56-L.Arrington).,0.996,-0.452
2003,4,September 28,away,Washington Redskins,https://www.pro-football-reference.com/boxscores/200309280was.htm,4,05:41,3,13,NE 48,10,20,(5:41) (Shotgun) 12-T.Brady pass incomplete to 31-L.Centers.,0.544,-0.923
2003,4,September 28,away,Washington Redskins,https://www.pro-football-reference.com/boxscores/200309280was.htm,4,05:30,4,13,NE 48,10,20,"(5:30) 13-K.Walter punts 52 yards to end zone, Center-66-L.Paxton, Touchback.",-0.379,-0.031
2003,4,September 28,away,Washington Redskins,https://www.pro-football-reference.com/boxscores/200309280was.htm,4,05:19,1,10,WAS 20,10,20,(5:19) 30-T.Canidate left guard to WAS 21 for 1 yard (91-B.Hamilton).,0.410,-0.424
2003,4,September 28,away,Washington Redskins,https://www.pro-football-reference.com/boxscores/200309280was.htm,4,04:43,2,9,WAS 21,10,20,"(4:43) 46-L.Betts right end to WAS 21 for no gain (97-J.Green, 54-T.Bruschi).",-0.014,-0.414
2003,4,September 28,away,Washington Redskins,https://www.pro-football-reference.com/boxscores/200309280was.htm,4,03:55,3,9,WAS 21,10,20,(3:55) 47-B.Johnson left guard to WAS 25 for 4 yards (96-R.Lyle; 93-R.Seymour).,-0.428,-0.570
2003,4,September 28,away,Washington Redskins,https://www.pro-football-reference.com/boxscores/200309280was.htm,4,03:46,,,WAS 25,10,20,Timeout #2 by NE at 03:46.,-0.998,0.000
2003,4,September 28,away,Washington Redskins,https://www.pro-football-reference.com/boxscores/200309280was.htm,4,03:46,4,5,WAS 25,10,20,"(3:46) 4-B.Barker punts 46 yards to NE 29, Center-71-E.Albright. 80-T.Brown to NE 32 for 3 yards (29-T.Franz; 93-P.Zellner).",-0.998,-0.165
2003,4,September 28,away,Washington Redskins,https://www.pro-football-reference.com/boxscores/200309280was.htm,4,03:34,1,10,NE 32,10,20,"(3:34) (Shotgun) 12-T.Brady pass to 80-T.Brown to NE 45 for 13 yards (21-F.Smoot). PENALTY on NE-31-L.Centers, Unnecessary Roughness, 15 yards, enforced at NE 45.",1.163,-0.069
2003,4,September 28,away,Washington Redskins,https://www.pro-football-reference.com/boxscores/200309280was.htm,4,03:23,1,10,NE 30,10,20,"(3:23) (Shotgun) 12-T.Brady pass to 82-D.Graham to WAS 48 for 22 yards (26-I.Ohalete, 98-J.Armstead).",1.094,1.002
2003,4,September 28,away,Washington Redskins,https://www.pro-football-reference.com/boxscores/200309280was.htm,4,03:17,1,10,WAS 48,10,20,(3:17) (No Huddle) 12-T.Brady pass to 31-L.Centers ran ob at WAS 34 for 14 yards.,2.096,0.768
2003,4,September 28,away,Washington Redskins,https://www.pro-football-reference.com/boxscores/200309280was.htm,4,02:55,1,10,WAS 34,10,20,(2:55) (Shotgun) 12-T.Brady pass to 83-D.Branch to WAS 19 for 15 yards (26-I.Ohalete).,2.864,1.069
2003,4,September 28,away,Washington Redskins,https://www.pro-football-reference.com/boxscores/200309280was.htm,4,02:33,1,10,WAS 19,10,20,"(2:33) (No Huddle, Shotgun) 12-T.Brady pass to 82-D.Graham to WAS 7 for 12 yards (21-F.Smoot, 24-C.Bailey). Graham shaken up on the play",3.933,1.012
2003,4,September 28,away,Washington Redskins,https://www.pro-football-reference.com/boxscores/200309280was.htm,4,02:14,,,WAS 7,10,20,Timeout #2 by WAS at 02:14.,4.944,0.000
2003,4,September 28,away,Washington Redskins,https://www.pro-football-reference.com/boxscores/200309280was.htm,4,02:14,1,7,WAS 7,16,20,"(2:14) (Shotgun) 12-T.Brady pass to 31-L.Centers for 7 yards, TOUCHDOWN.",4.944,2.056
2003,4,September 28,away,Washington Redskins,https://www.pro-football-reference.com/boxscores/200309280was.htm,4,02:10,,,WAS 2,17,20,"4-A.Vinatieri extra point is GOOD, Center-66-L.Paxton, Holder-13-K.Walter.",0.986,0.014
2003,4,September 28,away,Washington Redskins,https://www.pro-football-reference.com/boxscores/200309280was.htm,4,02:10,,,NE 30,17,20,(Onside Kick formation) 4-A.Vinatieri kicks 62 yards from NE 30 to WAS 8. 20-C.Morton ran ob at WAS 18 for 10 yards.,0.672,-0.107
2003,4,September 28,away,Washington Redskins,https://www.pro-football-reference.com/boxscores/200309280was.htm,4,02:05,1,10,WAS 18,17,20,(2:05) 46-L.Betts left guard to WAS 22 for 4 yards (93-R.Seymour).,0.565,-0.180
2003,4,September 28,away,Washington Redskins,https://www.pro-football-reference.com/boxscores/200309280was.htm,4,01:59,2,6,WAS 22,17,20,(1:59) 11-P.Ramsey pass incomplete to 80-L.Coles.,0.385,-0.354
2003,4,September 28,away,Washington Redskins,https://www.pro-football-reference.com/boxscores/200309280was.htm,4,01:55,3,6,WAS 22,17,20,"(1:55) (Shotgun) PENALTY on WAS-60-C.Samuels, False Start, 5 yards, enforced at WAS 22 - No Play.",0.031,-0.285
2003,4,September 28,away,Washington Redskins,https://www.pro-football-reference.com/boxscores/200309280was.htm,4,01:55,3,11,WAS 17,17,20,"(1:55) PENALTY on WAS-60-C.Samuels, False Start, 5 yards, enforced at WAS 17 - No Play.",-0.253,-0.221
2003,4,September 28,away,Washington Redskins,https://www.pro-football-reference.com/boxscores/200309280was.htm,4,01:55,3,16,WAS 12,17,20,(1:55) (Shotgun) 11-P.Ramsey pass incomplete to 80-L.Coles. Play Challenged by Replay Official and Upheld.,-0.474,-0.600
2003,4,September 28,away,Washington Redskins,https://www.pro-football-reference.com/boxscores/200309280was.htm,4,01:49,4,16,WAS 12,17,20,"(1:49) PENALTY on WAS-31-D.Terrell, False Start, 5 yards, enforced at WAS 12 - No Play.",-1.074,-0.241
2003,4,September 28,away,Washington Redskins,https://www.pro-football-reference.com/boxscores/200309280was.htm,4,01:48,4,21,WAS 7,17,20,"(1:48) 4-B.Barker punts 38 yards to WAS 45, Center-71-E.Albright, downed by WAS-47-B.Johnson.",-1.315,-0.549
2003,4,September 28,away,Washington Redskins,https://www.pro-football-reference.com/boxscores/200309280was.htm,4,01:39,1,10,WAS 45,17,20,(1:39) (Shotgun) 12-T.Brady pass incomplete to 83-D.Branch.,1.863,-0.269
2003,4,September 28,away,Washington Redskins,https://www.pro-football-reference.com/boxscores/200309280was.htm,4,01:34,2,10,WAS 45,17,20,(1:34) (Shotgun) 12-T.Brady pass to 31-L.Centers to WAS 40 for 5 yards (98-J.Armstead).,1.594,-0.050
2003,4,September 28,away,Washington Redskins,https://www.pro-football-reference.com/boxscores/200309280was.htm,4,01:09,3,5,WAS 40,17,20,"(1:09) (No Huddle, Shotgun) 31-L.Centers up the middle to WAS 38 for 2 yards (98-J.Armstead, 97-R.Wynn).",1.544,-0.862
2003,4,September 28,away,Washington Redskins,https://www.pro-football-reference.com/boxscores/200309280was.htm,4,00:43,4,3,WAS 38,17,20,"(:43) (No Huddle, Shotgun) 12-T.Brady pass incomplete to 82-D.Graham.",0.682,-0.682
2003,4,September 28,away,Washington Redskins,https://www.pro-football-reference.com/boxscores/200309280was.htm,4,00:37,1,10,WAS 38,17,20,(:37) 11-P.Ramsey kneels to WAS 37 for -1 yards.,0.000,0.000
2003,5,October 5,home,Tennessee Titans,https://www.pro-football-reference.com/boxscores/200310050nwe.htm,1,15:00,,,NE 30,0,0,"4-A.Vinatieri kicks 62 yards from NE 30 to TEN 8. 81-J.Schifino MUFFS catch, and recovers at TEN 10. 81-J.Schifino to TEN 26 for 16 yards (51-D.Davis). PENALTY on NE-51-D.Davis, Face Mask (15 Yards), 15 yards, enforced at TEN 26.",-0.140,1.379
2003,5,October 5,home,Tennessee Titans,https://www.pro-football-reference.com/boxscores/200310050nwe.htm,1,14:52,1,10,TEN 41,0,0,(14:52) 27-E.George left end pushed ob at TEN 43 for 2 yards (37-R.Harrison).,1.240,-0.283
2003,5,October 5,home,Tennessee Titans,https://www.pro-football-reference.com/boxscores/200310050nwe.htm,1,14:17,2,8,TEN 43,0,0,"(14:17) 27-E.George up the middle to TEN 46 for 3 yards (58-M.Chatham, 94-T.Warren).",0.957,-0.349
2003,5,October 5,home,Tennessee Titans,https://www.pro-football-reference.com/boxscores/200310050nwe.htm,1,13:34,3,5,TEN 46,0,0,(13:34) 9-S.McNair pass to 85-D.Mason to NE 45 for 9 yards (22-A.Samuel).,0.608,1.769
2003,5,October 5,home,Tennessee Titans,https://www.pro-football-reference.com/boxscores/200310050nwe.htm,1,12:56,1,10,NE 45,0,0,"(12:56) 9-S.McNair pass to 27-E.George to NE 40 for 5 yards (54-T.Bruschi, 95-R.Phifer).",2.377,0.123
2003,5,October 5,home,Tennessee Titans,https://www.pro-football-reference.com/boxscores/200310050nwe.htm,1,12:13,2,5,NE 40,0,0,"(12:13) 9-S.McNair pass to 85-D.Mason to NE 30 for 10 yards (95-R.Phifer, 24-T.Law).",2.500,0.987
2003,5,October 5,home,Tennessee Titans,https://www.pro-football-reference.com/boxscores/200310050nwe.htm,1,11:37,1,10,NE 30,0,0,(11:37) 27-E.George left guard to NE 30 for no gain (24-T.Law).,3.487,-0.420
2003,5,October 5,home,Tennessee Titans,https://www.pro-football-reference.com/boxscores/200310050nwe.htm,1,10:59,2,10,NE 30,0,0,(10:59) 9-S.McNair pass incomplete to 83-D.Bennett (26-E.Wilson).,3.067,-0.674
2003,5,October 5,home,Tennessee Titans,https://www.pro-football-reference.com/boxscores/200310050nwe.htm,1,10:53,3,10,NE 30,0,0,(10:53) (Shotgun) 9-S.McNair pass incomplete to 85-D.Mason.,2.393,-1.023
2003,5,October 5,home,Tennessee Titans,https://www.pro-football-reference.com/boxscores/200310050nwe.htm,1,10:47,4,10,NE 30,0,3,"(10:47) 15-C.Hentrich 48 yard field goal is GOOD, Center-67-T.Ackerman, Holder-83-D.Bennett.",1.370,1.630
2003,5,October 5,home,Tennessee Titans,https://www.pro-football-reference.com/boxscores/200310050nwe.htm,1,10:43,,,TEN 30,0,3,15-C.Hentrich kicks 63 yards from TEN 30 to NE 7. 81-B.Johnson pushed ob at TEN 43 for 50 yards (37-L.Thompson).,0.808,2.297
2003,5,October 5,home,Tennessee Titans,https://www.pro-football-reference.com/boxscores/200310050nwe.htm,1,10:35,1,10,TEN 43,0,3,"(10:35) 32-A.Smith left guard to TEN 24 for 19 yards (22-A.Dyson, 93-K.Carter).",3.105,1.269
2003,5,October 5,home,Tennessee Titans,https://www.pro-football-reference.com/boxscores/200310050nwe.htm,1,09:53,1,10,TEN 24,0,3,(9:53) (Shotgun) 12-T.Brady pass to 86-D.Patten pushed ob at TEN 11 for 13 yards (25-Ta.Williams).,4.373,0.612
2003,5,October 5,home,Tennessee Titans,https://www.pro-football-reference.com/boxscores/200310050nwe.htm,1,09:28,1,10,TEN 11,0,3,"(9:28) PENALTY on NE-12-T.Brady, False Start, 5 yards, enforced at TEN 11 - No Play.",4.985,-0.624
2003,5,October 5,home,Tennessee Titans,https://www.pro-football-reference.com/boxscores/200310050nwe.htm,1,09:11,1,15,TEN 16,0,3,(9:11) 12-T.Brady pass incomplete to 88-C.Fauria.,4.361,-0.465
2003,5,October 5,home,Tennessee Titans,https://www.pro-football-reference.com/boxscores/200310050nwe.htm,1,09:06,2,15,TEN 16,0,3,(9:06) 12-T.Brady pass incomplete to 32-A.Smith. TEN 21-Rolle injured on play.,3.897,-0.722
2003,5,October 5,home,Tennessee Titans,https://www.pro-football-reference.com/boxscores/200310050nwe.htm,1,09:01,3,15,TEN 16,0,3,(9:01) 12-T.Brady pass incomplete to 31-L.Centers.,3.175,-0.810
2003,5,October 5,home,Tennessee Titans,https://www.pro-football-reference.com/boxscores/200310050nwe.htm,1,08:56,4,15,TEN 16,0,3,"(8:56) 4-A.Vinatieri 34 yard field goal is No Good, Wide Left, Center-66-L.Paxton, Holder-13-K.Walter.",2.364,-2.748
2003,5,October 5,home,Tennessee Titans,https://www.pro-football-reference.com/boxscores/200310050nwe.htm,1,08:54,1,10,TEN 25,0,3,(8:54) Ball respotted to 25 yard line. 27-E.George up the middle to TEN 37 for 12 yards (26-E.Wilson).,0.384,0.733
2003,5,October 5,home,Tennessee Titans,https://www.pro-football-reference.com/boxscores/200310050nwe.htm,1,08:19,1,10,TEN 37,0,3,(8:19) 27-E.George up the middle to TEN 39 for 2 yards (54-T.Bruschi).,1.117,-0.399
2003,5,October 5,home,Tennessee Titans,https://www.pro-football-reference.com/boxscores/200310050nwe.htm,1,07:41,2,8,TEN 39,0,3,(7:41) 85-D.Mason right end to TEN 46 for 7 yards (54-T.Bruschi). Lateral from McnAIR,0.718,0.663
2003,5,October 5,home,Tennessee Titans,https://www.pro-football-reference.com/boxscores/200310050nwe.htm,1,06:59,3,1,TEN 46,0,3,"(6:59) 27-E.George up the middle to TEN 47 for 1 yard (91-B.Hamilton, 54-T.Bruschi).",1.380,0.454
2003,5,October 5,home,Tennessee Titans,https://www.pro-football-reference.com/boxscores/200310050nwe.htm,1,05:57,1,10,TEN 47,0,3,"(5:57) 27-E.George right end to TEN 45 for -2 yards (58-M.Chatham, 94-T.Warren).",1.834,-0.908
2003,5,October 5,home,Tennessee Titans,https://www.pro-football-reference.com/boxscores/200310050nwe.htm,1,05:15,2,12,TEN 45,0,3,(5:15) 9-S.McNair pass incomplete to 85-D.Mason (26-E.Wilson).,0.926,-0.877
2003,5,October 5,home,Tennessee Titans,https://www.pro-football-reference.com/boxscores/200310050nwe.htm,1,05:09,3,12,TEN 45,0,3,"(5:09) (Shotgun) 9-S.McNair pass incomplete to 83-D.Bennett. PENALTY on NE-38-T.Poole, Illegal Use of Hands, 5 yards, enforced at TEN 45 - No Play.",0.049,1.970
2003,5,October 5,home,Tennessee Titans,https://www.pro-football-reference.com/boxscores/200310050nwe.htm,1,05:04,1,10,MID 50,0,3,"(5:04) 9-S.McNair pass to 85-D.Mason to NE 33 for 17 yards (24-T.Law, 95-R.Phifer). Penalty on NE, Illegal Contact, declined.",2.019,1.247
2003,5,October 5,home,Tennessee Titans,https://www.pro-football-reference.com/boxscores/200310050nwe.htm,1,04:32,1,10,NE 33,0,3,"(4:32) 35-R.Holcombe left tackle to NE 31 for 2 yards (93-R.Seymour, 95-R.Phifer).",3.267,-0.267
2003,5,October 5,home,Tennessee Titans,https://www.pro-football-reference.com/boxscores/200310050nwe.htm,1,03:52,2,8,NE 31,0,3,(3:52) 9-S.McNair pass incomplete to 86-J.McCareins.,3.000,-0.665
2003,5,October 5,home,Tennessee Titans,https://www.pro-football-reference.com/boxscores/200310050nwe.htm,1,03:46,3,8,NE 31,0,3,(3:46) 9-S.McNair pass to 85-D.Mason to NE 25 for 6 yards (26-E.Wilson).,2.336,-0.425
2003,5,October 5,home,Tennessee Titans,https://www.pro-football-reference.com/boxscores/200310050nwe.htm,1,03:12,4,2,NE 25,0,6,"(3:12) 1-G.Anderson 43 yard field goal is GOOD, Center-67-T.Ackerman, Holder-15-C.Hentrich.",1.910,1.090
2003,5,October 5,home,Tennessee Titans,https://www.pro-football-reference.com/boxscores/200310050nwe.htm,1,03:06,,,TEN 30,0,6,"15-C.Hentrich kicks 55 yards from TEN 30 to NE 15. 81-B.Johnson to NE 31 for 16 yards (82-E.Berlin, 23-D.Nickey).",0.742,0.781
2003,5,October 5,home,Tennessee Titans,https://www.pro-football-reference.com/boxscores/200310050nwe.htm,1,02:59,1,10,NE 31,0,6,"(2:59) 32-A.Smith left guard to NE 34 for 3 yards (53-K.Bulluck, 50-R.Boiman).",1.523,-0.217
2003,5,October 5,home,Tennessee Titans,https://www.pro-football-reference.com/boxscores/200310050nwe.htm,1,02:26,2,7,NE 34,0,6,(2:26) 32-A.Smith up the middle to NE 36 for 2 yards (25-Ta.Williams).,1.306,-0.444
2003,5,October 5,home,Tennessee Titans,https://www.pro-football-reference.com/boxscores/200310050nwe.htm,1,01:45,3,5,NE 36,0,6,"(1:45) 12-T.Brady pass to 31-L.Centers to NE 47 for 11 yards (25-Ta.Williams, 53-K.Bulluck).",0.862,1.711
2003,5,October 5,home,Tennessee Titans,https://www.pro-football-reference.com/boxscores/200310050nwe.htm,1,01:12,1,10,NE 47,0,6,(1:12) 12-T.Brady pass incomplete to 32-A.Smith.,2.573,-0.456
2003,5,October 5,home,Tennessee Titans,https://www.pro-football-reference.com/boxscores/200310050nwe.htm,1,01:08,2,10,NE 47,0,6,"(1:08) PENALTY on NE-80-T.Brown, False Start, 5 yards, enforced at NE 47 - No Play.",2.117,-0.650
2003,5,October 5,home,Tennessee Titans,https://www.pro-football-reference.com/boxscores/200310050nwe.htm,1,01:08,2,15,NE 42,6,6,"(1:08) 12-T.Brady pass to 80-T.Brown for 58 yards, TOUCHDOWN.",1.467,5.533
2003,5,October 5,home,Tennessee Titans,https://www.pro-football-reference.com/boxscores/200310050nwe.htm,1,01:00,,,TEN 2,7,6,"4-A.Vinatieri extra point is GOOD, Center-66-L.Paxton, Holder-13-K.Walter.",0.986,0.014
2003,5,October 5,home,Tennessee Titans,https://www.pro-football-reference.com/boxscores/200310050nwe.htm,1,01:00,,,NE 30,7,6,"4-A.Vinatieri kicks 63 yards from NE 30 to TEN 7. 81-J.Schifino to TEN 31 for 24 yards (30-J.Cherry). PENALTY on TEN-55-B.Kassell, Offensive Holding, 10 yards, enforced at TEN 31.",-0.000,0.010
2003,5,October 5,home,Tennessee Titans,https://www.pro-football-reference.com/boxscores/200310050nwe.htm,1,00:51,1,10,TEN 21,7,6,(:51) 9-S.McNair pass incomplete to 83-D.Bennett (24-T.Law).,0.009,-0.514
2003,5,October 5,home,Tennessee Titans,https://www.pro-football-reference.com/boxscores/200310050nwe.htm,1,00:49,2,10,TEN 21,7,6,"(:49) 27-E.George left guard to TEN 22 for 1 yard (94-T.Warren, 97-J.Green).",-0.505,-0.652
2003,5,October 5,home,Tennessee Titans,https://www.pro-football-reference.com/boxscores/200310050nwe.htm,1,00:08,3,9,TEN 22,7,6,(:08) (Shotgun) 9-S.McNair sacked at TEN 10 for -12 yards (98-A.Pleasant).,-1.157,-1.603
2003,5,October 5,home,Tennessee Titans,https://www.pro-football-reference.com/boxscores/200310050nwe.htm,1,00:06,,,TEN 10,7,6,Timeout #1 by NE at 00:06.,-2.760,0.000
2003,5,October 5,home,Tennessee Titans,https://www.pro-football-reference.com/boxscores/200310050nwe.htm,1,00:05,4,21,TEN 10,7,6,"(:05) 15-C.Hentrich punts 45 yards to NE 45, Center-58-K.Amato, fair catch by 80-T.Brown.",-2.760,0.563
2003,5,October 5,home,Tennessee Titans,https://www.pro-football-reference.com/boxscores/200310050nwe.htm,2,15:00,1,10,NE 45,7,6,(15:00) 12-T.Brady pass to 88-C.Fauria pushed ob at TEN 37 for 18 yards (31-L.Schulters).,2.197,1.082
2003,5,October 5,home,Tennessee Titans,https://www.pro-football-reference.com/boxscores/200310050nwe.htm,2,14:26,1,10,TEN 37,7,6,"(14:26) 32-A.Smith right guard to TEN 34 for 3 yards (31-L.Schulters, 98-R.Smith).",3.279,-0.280
2003,5,October 5,home,Tennessee Titans,https://www.pro-football-reference.com/boxscores/200310050nwe.htm,2,13:58,2,7,TEN 34,7,6,"(13:58) 32-A.Smith right guard to TEN 33 for 1 yard (53-K.Bulluck, 93-K.Carter).",2.999,-0.472
2003,5,October 5,home,Tennessee Titans,https://www.pro-football-reference.com/boxscores/200310050nwe.htm,2,13:13,3,6,TEN 33,7,6,"(13:13) PENALTY on NE-63-J.Andruzzi, False Start, 5 yards, enforced at TEN 33 - No Play.",2.527,-1.074
2003,5,October 5,home,Tennessee Titans,https://www.pro-football-reference.com/boxscores/200310050nwe.htm,2,12:48,3,11,TEN 38,7,6,"(12:48) 12-T.Brady pass to 32-A.Smith to TEN 29 for 9 yards (53-K.Bulluck, 31-L.Schulters).",1.454,0.324
2003,5,October 5,home,Tennessee Titans,https://www.pro-football-reference.com/boxscores/200310050nwe.htm,2,12:19,4,2,TEN 29,7,6,(12:19) 12-T.Brady sacked at TEN 41 for -12 yards (sack split by 25-Ta.Williams and 98-R.Smith).,1.777,-3.301
2003,5,October 5,home,Tennessee Titans,https://www.pro-football-reference.com/boxscores/200310050nwe.htm,2,12:13,1,10,TEN 41,7,6,(12:13) 9-S.McNair pass incomplete to 88-E.Kinney.,1.524,-0.438
2003,5,October 5,home,Tennessee Titans,https://www.pro-football-reference.com/boxscores/200310050nwe.htm,2,12:11,2,10,TEN 41,7,6,"(12:11) 27-E.George up the middle to TEN 38 for -3 yards (91-B.Hamilton, 90-D.Klecko).",1.086,-1.188
2003,5,October 5,home,Tennessee Titans,https://www.pro-football-reference.com/boxscores/200310050nwe.htm,2,11:28,3,13,TEN 38,7,6,"(11:28) (Shotgun) 9-S.McNair pass to 35-R.Holcombe to TEN 42 for 4 yards (22-A.Samuel, 37-R.Harrison).",-0.103,-0.727
2003,5,October 5,home,Tennessee Titans,https://www.pro-football-reference.com/boxscores/200310050nwe.htm,2,10:47,4,9,TEN 42,7,6,"(10:47) 15-C.Hentrich punts 33 yards to NE 25, Center-58-K.Amato. 80-T.Brown to NE 30 for 5 yards (80-D.Hill, 50-R.Boiman).",-0.830,-0.359
2003,5,October 5,home,Tennessee Titans,https://www.pro-football-reference.com/boxscores/200310050nwe.htm,2,10:35,1,10,NE 30,7,6,"(10:35) 32-A.Smith left tackle to NE 36 for 6 yards (53-K.Bulluck, 90-J.Kearse).",1.189,0.233
2003,5,October 5,home,Tennessee Titans,https://www.pro-football-reference.com/boxscores/200310050nwe.htm,2,10:01,2,4,NE 36,7,6,(10:01) 32-A.Smith right guard to NE 50 for 14 yards (97-C.Hall).,1.422,0.959
2003,5,October 5,home,Tennessee Titans,https://www.pro-football-reference.com/boxscores/200310050nwe.htm,2,09:24,1,10,NE 50,7,6,(9:24) 32-A.Smith up the middle to TEN 46 for 4 yards (53-K.Bulluck).,2.380,-0.120
2003,5,October 5,home,Tennessee Titans,https://www.pro-football-reference.com/boxscores/200310050nwe.htm,2,08:51,2,6,TEN 46,7,6,(8:51) 32-A.Smith left tackle to TEN 36 for 10 yards (25-Ta.Williams).,2.260,0.969
2003,5,October 5,home,Tennessee Titans,https://www.pro-football-reference.com/boxscores/200310050nwe.htm,2,08:04,1,10,TEN 36,7,6,(8:04) 12-T.Brady pass incomplete to 80-T.Brown.,3.229,-0.402
2003,5,October 5,home,Tennessee Titans,https://www.pro-football-reference.com/boxscores/200310050nwe.htm,2,07:58,2,10,TEN 36,7,6,"(7:58) (Shotgun) 12-T.Brady pass to 80-T.Brown to TEN 30 for 6 yards (94-J.Thomas, 93-K.Carter).",2.827,0.023
2003,5,October 5,home,Tennessee Titans,https://www.pro-football-reference.com/boxscores/200310050nwe.htm,2,07:15,3,4,TEN 30,7,6,"(7:15) 12-T.Brady sacked at TEN 35 for -5 yards (50-R.Boiman). PENALTY on TEN-96-J.Atkins, Illegal Use of Hands, 5 yards, enforced at TEN 30 - No Play.",2.851,1.036
2003,5,October 5,home,Tennessee Titans,https://www.pro-football-reference.com/boxscores/200310050nwe.htm,2,06:47,1,10,TEN 25,7,6,"(6:47) 32-A.Smith left guard to TEN 24 for 1 yard (50-R.Boiman, 25-Ta.Williams).",3.887,-0.226
2003,5,October 5,home,Tennessee Titans,https://www.pro-football-reference.com/boxscores/200310050nwe.htm,2,06:15,2,9,TEN 24,7,6,(6:15) 12-T.Brady pass to 32-A.Smith to TEN 21 for 3 yards (53-K.Bulluck).,3.661,-0.301
2003,5,October 5,home,Tennessee Titans,https://www.pro-football-reference.com/boxscores/200310050nwe.htm,2,05:28,3,6,TEN 21,7,6,(5:28) (Shotgun) 12-T.Brady pass incomplete to 80-T.Brown (26-A.Woolfolk).,3.359,-1.230
2003,5,October 5,home,Tennessee Titans,https://www.pro-football-reference.com/boxscores/200310050nwe.htm,2,05:23,4,6,TEN 21,7,6,"(5:23) 4-A.Vinatieri 39 yard field goal is No Good, Wide Right, Center-66-L.Paxton, Holder-13-K.Walter.",2.129,-3.033
2003,5,October 5,home,Tennessee Titans,https://www.pro-football-reference.com/boxscores/200310050nwe.htm,2,05:19,1,10,TEN 29,7,6,"(5:19) 27-E.George right guard to TEN 33 for 4 yards (54-T.Bruschi, 91-B.Hamilton).",0.904,-0.136
2003,5,October 5,home,Tennessee Titans,https://www.pro-football-reference.com/boxscores/200310050nwe.htm,2,04:41,2,6,TEN 33,7,6,(4:41) 9-S.McNair pass incomplete to 85-D.Mason.,0.768,-0.496
2003,5,October 5,home,Tennessee Titans,https://www.pro-football-reference.com/boxscores/200310050nwe.htm,2,04:38,3,6,TEN 33,7,6,(4:38) 9-S.McNair pass incomplete to 86-J.McCareins (54-T.Bruschi).,0.271,-1.099
2003,5,October 5,home,Tennessee Titans,https://www.pro-football-reference.com/boxscores/200310050nwe.htm,2,04:34,4,6,TEN 33,7,6,"(4:34) 15-C.Hentrich punts 56 yards to NE 11, Center-58-K.Amato. 80-T.Brown for 89 yards, TOUCHDOWN NULLIFIED by Penalty. PENALTY on NE-30-J.Cherry, Illegal Block Above the Waist, 10 yards, enforced at NE 29.",-0.827,0.473
2003,5,October 5,home,Tennessee Titans,https://www.pro-football-reference.com/boxscores/200310050nwe.htm,2,04:12,1,10,NE 19,7,6,(4:12) 12-T.Brady pass incomplete to 83-D.Branch.,0.354,-0.399
2003,5,October 5,home,Tennessee Titans,https://www.pro-football-reference.com/boxscores/200310050nwe.htm,2,04:06,2,10,NE 19,7,6,(4:06) (Shotgun) 12-T.Brady pass to 31-L.Centers to NE 24 for 5 yards (31-L.Schulters).,-0.045,-0.160
2003,5,October 5,home,Tennessee Titans,https://www.pro-football-reference.com/boxscores/200310050nwe.htm,2,03:22,3,5,NE 24,7,6,(3:22) 12-T.Brady pass incomplete to 31-L.Centers.,-0.205,-0.872
2003,5,October 5,home,Tennessee Titans,https://www.pro-football-reference.com/boxscores/200310050nwe.htm,2,03:18,4,5,NE 24,7,6,"(3:18) 13-K.Walter punts 20 yards to NE 44, Center-66-L.Paxton, downed by NE-58-M.Chatham.",-1.076,-1.199
2003,5,October 5,home,Tennessee Titans,https://www.pro-football-reference.com/boxscores/200310050nwe.htm,2,03:06,1,10,NE 44,7,6,(3:06) 9-S.McNair pass incomplete to 85-D.Mason (38-T.Poole).,2.275,-0.420
2003,5,October 5,home,Tennessee Titans,https://www.pro-football-reference.com/boxscores/200310050nwe.htm,2,03:01,2,10,NE 44,7,6,(3:01) 9-S.McNair pass incomplete.,1.855,-0.564
2003,5,October 5,home,Tennessee Titans,https://www.pro-football-reference.com/boxscores/200310050nwe.htm,2,02:56,3,10,NE 44,7,6,"(2:56) (Shotgun) 9-S.McNair pass to 86-J.McCareins to NE 1 for 43 yards (24-T.Law). PENALTY on NE-93-R.Seymour, Unnecessary Roughness, 0 yards, enforced at NE 1.",1.291,4.895
2003,5,October 5,home,Tennessee Titans,https://www.pro-football-reference.com/boxscores/200310050nwe.htm,2,02:29,1,1,NE 1,7,6,(2:29) 27-E.George up the middle to NE 1 for no gain (90-D.Klecko). 76-Mathews eligible on the play,6.186,-0.332
2003,5,October 5,home,Tennessee Titans,https://www.pro-football-reference.com/boxscores/200310050nwe.htm,2,02:00,2,1,NE 1,7,12,"(2:00) 76-Mathews eligible on the play 9-S.McNair right guard for 1 yard, TOUCHDOWN.",5.854,1.146
2003,5,October 5,home,Tennessee Titans,https://www.pro-football-reference.com/boxscores/200310050nwe.htm,2,01:58,,,NE 2,7,13,"1-G.Anderson extra point is GOOD, Center-67-T.Ackerman, Holder-15-C.Hentrich.",0.986,0.014
2003,5,October 5,home,Tennessee Titans,https://www.pro-football-reference.com/boxscores/200310050nwe.htm,2,01:58,,,TEN 30,7,13,15-C.Hentrich kicks 69 yards from TEN 30 to NE 1. 81-B.Johnson to NE 23 for 22 yards (42-S.McGarrahan).,0.500,0.055
2003,5,October 5,home,Tennessee Titans,https://www.pro-football-reference.com/boxscores/200310050nwe.htm,2,01:52,1,10,NE 23,7,13,"(1:52) (Shotgun) 12-T.Brady sacked at NE 17 for -6 yards (90-J.Kearse). FUMBLES (90-J.Kearse), recovered by NE-63-J.Andruzzi at NE 17. 63-J.Andruzzi to NE 17 for no gain (94-J.Thomas).",0.555,-0.484
2003,5,October 5,home,Tennessee Titans,https://www.pro-football-reference.com/boxscores/200310050nwe.htm,2,01:11,2,16,NE 17,7,13,"(1:11) (Shotgun) 31-L.Centers right guard to NE 23 for 6 yards (50-R.Boiman, 53-K.Bulluck).",0.072,0.096
2003,5,October 5,home,Tennessee Titans,https://www.pro-football-reference.com/boxscores/200310050nwe.htm,2,01:03,,,NE 23,7,13,Timeout #1 by TEN at 01:03.,0.168,0.000
2003,5,October 5,home,Tennessee Titans,https://www.pro-football-reference.com/boxscores/200310050nwe.htm,2,01:03,3,10,NE 23,7,13,(1:03) (Shotgun) 12-T.Brady pass incomplete to 86-D.Patten (22-A.Dyson).,0.168,-0.492
2003,5,October 5,home,Tennessee Titans,https://www.pro-football-reference.com/boxscores/200310050nwe.htm,2,00:57,4,10,NE 23,7,13,"(:57) 13-K.Walter punts 44 yards to TEN 33, Center-66-L.Paxton. 86-J.McCareins to TEN 47 for 14 yards (23-A.Harris, 66-L.Paxton).",-0.324,-0.902
2003,5,October 5,home,Tennessee Titans,https://www.pro-football-reference.com/boxscores/200310050nwe.htm,2,00:45,1,10,TEN 47,7,13,(:45) 9-S.McNair pass to 83-D.Bennett to NE 38 for 15 yards (37-R.Harrison).,1.226,0.660
2003,5,October 5,home,Tennessee Titans,https://www.pro-football-reference.com/boxscores/200310050nwe.htm,2,00:27,1,10,NE 38,7,13,(:27) 9-S.McNair spiked the ball to stop the clock.,1.885,-0.182
2003,5,October 5,home,Tennessee Titans,https://www.pro-football-reference.com/boxscores/200310050nwe.htm,2,00:25,,,NE 38,7,13,Timeout #2 by NE at 00:25.,1.704,0.000
2003,5,October 5,home,Tennessee Titans,https://www.pro-football-reference.com/boxscores/200310050nwe.htm,2,00:25,2,10,NE 38,7,13,(:25) (Shotgun) 9-S.McNair pass incomplete to 83-D.Bennett.,1.704,-0.360
2003,5,October 5,home,Tennessee Titans,https://www.pro-football-reference.com/boxscores/200310050nwe.htm,2,00:20,3,10,NE 38,7,13,(:20) (Shotgun) 9-S.McNair pass to 85-D.Mason pushed ob at NE 29 for 9 yards (37-R.Harrison). Play Challenged by Replay Official and Upheld.,1.344,0.518
2003,5,October 5,home,Tennessee Titans,https://www.pro-football-reference.com/boxscores/200310050nwe.htm,2,00:11,4,1,NE 29,7,13,"(:11) 1-G.Anderson 46 yard field goal is No Good, Hit Left Upright, Center-67-T.Ackerman, Holder-15-C.Hentrich.",1.862,-1.862
2003,5,October 5,home,Tennessee Titans,https://www.pro-football-reference.com/boxscores/200310050nwe.htm,2,00:06,1,10,NE 36,7,13,(:06) 12-T.Brady kneels to NE 35 for -1 yards.,0.000,0.000
2003,5,October 5,home,Tennessee Titans,https://www.pro-football-reference.com/boxscores/200310050nwe.htm,3,15:00,,,TEN 30,7,13,15-C.Hentrich kicks 39 yards from TEN 30 to NE 31. 90-D.Klecko pushed ob at NE 41 for 10 yards (42-S.McGarrahan).,0.817,1.411
2003,5,October 5,home,Tennessee Titans,https://www.pro-football-reference.com/boxscores/200310050nwe.htm,3,14:56,1,10,NE 41,7,13,(14:56) 32-A.Smith left guard to NE 46 for 5 yards (50-R.Boiman).,2.227,0.144
2003,5,October 5,home,Tennessee Titans,https://www.pro-football-reference.com/boxscores/200310050nwe.htm,3,14:29,2,5,NE 46,7,13,"(14:29) 32-A.Smith right tackle to NE 48 for 2 yards (53-K.Bulluck, 22-A.Dyson).",2.372,-0.528
2003,5,October 5,home,Tennessee Titans,https://www.pro-football-reference.com/boxscores/200310050nwe.htm,3,13:53,3,3,NE 48,7,13,(13:53) 12-T.Brady pass to 31-L.Centers pushed ob at TEN 47 for 5 yards (22-A.Dyson).,1.844,1.150
2003,5,October 5,home,Tennessee Titans,https://www.pro-football-reference.com/boxscores/200310050nwe.htm,3,13:30,1,10,TEN 47,7,13,(13:30) 12-T.Brady pass to 32-A.Smith pushed ob at TEN 36 for 11 yards (50-R.Boiman).,2.993,0.654
2003,5,October 5,home,Tennessee Titans,https://www.pro-football-reference.com/boxscores/200310050nwe.htm,3,13:06,1,10,TEN 36,7,13,(13:06) 32-A.Smith right tackle to TEN 30 for 6 yards (25-Ta.Williams).,3.648,0.167
2003,5,October 5,home,Tennessee Titans,https://www.pro-football-reference.com/boxscores/200310050nwe.htm,3,12:36,2,4,TEN 30,7,13,"(12:36) 32-A.Smith up the middle to TEN 29 for 1 yard (93-K.Carter, 99-R.Long).",3.815,-0.517
2003,5,October 5,home,Tennessee Titans,https://www.pro-football-reference.com/boxscores/200310050nwe.htm,3,12:04,3,3,TEN 29,7,13,(12:04) 12-T.Brady up the middle to TEN 25 for 4 yards (25-Ta.Williams).,3.298,0.912
2003,5,October 5,home,Tennessee Titans,https://www.pro-football-reference.com/boxscores/200310050nwe.htm,3,11:28,1,10,TEN 25,7,13,"(11:28) 12-T.Brady pass to 83-D.Branch to TEN 22 for 3 yards (22-A.Dyson). PENALTY on TEN-22-A.Dyson, Face Mask (15 Yards), 11 yards, enforced at TEN 22.",4.210,0.784
2003,5,October 5,home,Tennessee Titans,https://www.pro-football-reference.com/boxscores/200310050nwe.htm,3,11:10,1,10,TEN 11,7,13,"(11:10) PENALTY on NE-72-M.Light, False Start, 5 yards, enforced at TEN 11 - No Play.",4.993,-0.623
2003,5,October 5,home,Tennessee Titans,https://www.pro-football-reference.com/boxscores/200310050nwe.htm,3,10:55,1,15,TEN 16,7,13,(10:55) (Shotgun) 12-T.Brady pass to 31-L.Centers to TEN 19 for -3 yards (50-R.Boiman).,4.371,-0.803
2003,5,October 5,home,Tennessee Titans,https://www.pro-football-reference.com/boxscores/200310050nwe.htm,3,10:14,2,18,TEN 19,7,13,"(10:14) 12-T.Brady pass to 83-D.Branch to TEN 1 for 18 yards (24-T.Beckham, 31-L.Schulters).",3.568,2.826
2003,5,October 5,home,Tennessee Titans,https://www.pro-football-reference.com/boxscores/200310050nwe.htm,3,09:27,1,1,TEN 1,13,13,"(9:27) 90-Klecko eligible. 32-A.Smith left guard for 1 yard, TOUCHDOWN.",6.394,0.606
2003,5,October 5,home,Tennessee Titans,https://www.pro-football-reference.com/boxscores/200310050nwe.htm,3,09:25,,,TEN 2,14,13,"4-A.Vinatieri extra point is GOOD, Center-66-L.Paxton, Holder-13-K.Walter.",0.986,0.014
2003,5,October 5,home,Tennessee Titans,https://www.pro-football-reference.com/boxscores/200310050nwe.htm,3,09:25,,,NE 30,14,13,"4-A.Vinatieri kicks 66 yards from NE 30 to TEN 4. 81-J.Schifino to TEN 25 for 21 yards (30-J.Cherry, 53-L.Izzo).",-0.018,0.394
2003,5,October 5,home,Tennessee Titans,https://www.pro-football-reference.com/boxscores/200310050nwe.htm,3,09:17,1,10,TEN 25,14,13,"(9:17) 27-E.George up the middle to TEN 27 for 2 yards (54-T.Bruschi, 94-T.Warren).",0.376,-0.449
2003,5,October 5,home,Tennessee Titans,https://www.pro-football-reference.com/boxscores/200310050nwe.htm,3,08:36,2,8,TEN 27,14,13,(8:36) 9-S.McNair pass to 84-S.Meier pushed ob at TEN 41 for 14 yards (37-R.Harrison).,-0.073,1.388
2003,5,October 5,home,Tennessee Titans,https://www.pro-football-reference.com/boxscores/200310050nwe.htm,3,08:07,1,10,TEN 41,14,13,"(8:07) 9-S.McNair scrambles up the middle to TEN 42 for 1 yard (58-M.Chatham, 97-J.Green).",1.315,-0.417
2003,5,October 5,home,Tennessee Titans,https://www.pro-football-reference.com/boxscores/200310050nwe.htm,3,07:23,2,9,TEN 42,14,13,(7:23) 9-S.McNair pass to 87-T.Calico pushed ob at NE 18 for 40 yards (26-E.Wilson).,0.898,3.553
2003,5,October 5,home,Tennessee Titans,https://www.pro-football-reference.com/boxscores/200310050nwe.htm,3,06:46,1,10,NE 18,14,13,"(6:46) 35-R.Holcombe left tackle to NE 15 for 3 yards (34-C.Akins, 58-M.Chatham).",4.451,-0.134
2003,5,October 5,home,Tennessee Titans,https://www.pro-football-reference.com/boxscores/200310050nwe.htm,3,06:04,2,7,NE 15,14,13,"(6:04) 27-E.George right guard to NE 15 for no gain (38-T.Poole). Penalty on TEN, Illegal Shift, declined.",4.317,-0.701
2003,5,October 5,home,Tennessee Titans,https://www.pro-football-reference.com/boxscores/200310050nwe.htm,3,05:44,3,7,NE 15,14,13,(5:44) 9-S.McNair pass incomplete to 87-T.Calico.,3.616,-1.068
2003,5,October 5,home,Tennessee Titans,https://www.pro-football-reference.com/boxscores/200310050nwe.htm,3,05:37,4,7,NE 15,14,16,"(5:37) 1-G.Anderson 33 yard field goal is GOOD, Center-67-T.Ackerman, Holder-15-C.Hentrich.",2.548,0.452
2003,5,October 5,home,Tennessee Titans,https://www.pro-football-reference.com/boxscores/200310050nwe.htm,3,05:31,,,TEN 30,14,16,"15-C.Hentrich kicks 63 yards from TEN 30 to NE 7. 81-B.Johnson to NE 36 for 29 yards (24-T.Beckham, 56-R.Wells).",0.771,1.174
2003,5,October 5,home,Tennessee Titans,https://www.pro-football-reference.com/boxscores/200310050nwe.htm,3,05:24,1,10,NE 36,14,16,"(5:24) 32-A.Smith left end to NE 38 for 2 yards (54-R.Calmus, 53-K.Bulluck).",1.945,-0.437
2003,5,October 5,home,Tennessee Titans,https://www.pro-football-reference.com/boxscores/200310050nwe.htm,3,04:50,2,8,NE 38,14,16,(4:50) 12-T.Brady pass to 88-C.Fauria to TEN 47 for 15 yards (22-A.Dyson).,1.509,1.416
2003,5,October 5,home,Tennessee Titans,https://www.pro-football-reference.com/boxscores/200310050nwe.htm,3,04:11,1,10,TEN 47,14,16,(4:11) 12-T.Brady pass incomplete to 86-D.Patten.,2.925,-0.444
2003,5,October 5,home,Tennessee Titans,https://www.pro-football-reference.com/boxscores/200310050nwe.htm,3,04:06,2,10,TEN 47,14,16,"(4:06) 21-M.Cloud right end to TEN 44 for 3 yards (53-K.Bulluck, 25-Ta.Williams). PENALTY on TEN-97-C.Hall, Defensive Offside, 5 yards, enforced at TEN 47 - No Play.",2.481,0.447
2003,5,October 5,home,Tennessee Titans,https://www.pro-football-reference.com/boxscores/200310050nwe.htm,3,03:46,2,5,TEN 42,14,16,(3:46) 21-M.Cloud up the middle to TEN 25 for 17 yards (31-L.Schulters).,2.928,1.259
2003,5,October 5,home,Tennessee Titans,https://www.pro-football-reference.com/boxscores/200310050nwe.htm,3,03:12,1,10,TEN 25,14,16,"(3:12) 21-M.Cloud left guard to TEN 25 for no gain (53-K.Bulluck, 50-R.Boiman).",4.187,-0.400
2003,5,October 5,home,Tennessee Titans,https://www.pro-football-reference.com/boxscores/200310050nwe.htm,3,02:33,2,10,TEN 25,14,16,(2:33) 12-T.Brady pass incomplete to 80-T.Brown.,3.788,-0.594
2003,5,October 5,home,Tennessee Titans,https://www.pro-football-reference.com/boxscores/200310050nwe.htm,3,02:28,3,10,TEN 25,14,16,"(2:28) (Shotgun) 12-T.Brady pass to 83-D.Branch to TEN 8 for 17 yards (31-L.Schulters, 53-K.Bulluck).",3.193,2.142
2003,5,October 5,home,Tennessee Titans,https://www.pro-football-reference.com/boxscores/200310050nwe.htm,3,01:52,1,8,TEN 8,14,16,(1:52) 12-T.Brady pass incomplete to 88-C.Fauria (31-L.Schulters).,5.335,-0.539
2003,5,October 5,home,Tennessee Titans,https://www.pro-football-reference.com/boxscores/200310050nwe.htm,3,01:47,2,8,TEN 8,14,16,"(1:47) 12-T.Brady pass to 83-D.Branch to TEN 1 for 7 yards (24-T.Beckham, 53-K.Bulluck).",4.796,0.869
2003,5,October 5,home,Tennessee Titans,https://www.pro-football-reference.com/boxscores/200310050nwe.htm,3,01:01,,,TEN 1,14,16,Timeout #1 by NE at 01:01.,5.665,0.000
2003,5,October 5,home,Tennessee Titans,https://www.pro-football-reference.com/boxscores/200310050nwe.htm,3,01:00,3,1,TEN 1,20,16,"(1:00) 90-Klecko eligible. 21-M.Cloud left guard for 1 yard, TOUCHDOWN.",5.665,1.335
2003,5,October 5,home,Tennessee Titans,https://www.pro-football-reference.com/boxscores/200310050nwe.htm,3,00:58,,,TEN 2,21,16,"4-A.Vinatieri extra point is GOOD, Center-66-L.Paxton, Holder-13-K.Walter.",0.986,0.014
2003,5,October 5,home,Tennessee Titans,https://www.pro-football-reference.com/boxscores/200310050nwe.htm,3,00:58,,,NE 30,21,16,4-A.Vinatieri kicks 61 yards from NE 30 to TEN 9. 81-J.Schifino to TEN 31 for 22 yards (35-P.Pass).,0.188,0.634
2003,5,October 5,home,Tennessee Titans,https://www.pro-football-reference.com/boxscores/200310050nwe.htm,3,00:52,1,10,TEN 31,21,16,"(:52) 27-E.George left tackle pushed ob at TEN 43 for 12 yards (37-R.Harrison). PENALTY on TEN-85-D.Mason, Offensive Holding, 10 yards, enforced at TEN 31 - No Play.",0.823,-0.966
2003,5,October 5,home,Tennessee Titans,https://www.pro-football-reference.com/boxscores/200310050nwe.htm,3,00:30,1,20,TEN 21,21,16,(:30) (Shotgun) 27-E.George right tackle to TEN 30 for 9 yards (37-R.Harrison).,-0.144,0.265
2003,5,October 5,home,Tennessee Titans,https://www.pro-football-reference.com/boxscores/200310050nwe.htm,4,15:00,2,11,TEN 30,21,16,(15:00) (Shotgun) 9-S.McNair pass to 87-T.Calico to NE 25 for 45 yards (22-A.Samuel).,0.121,3.783
2003,5,October 5,home,Tennessee Titans,https://www.pro-football-reference.com/boxscores/200310050nwe.htm,4,14:12,1,10,NE 25,21,16,(14:12) (Shotgun) 9-S.McNair pass incomplete to 87-T.Calico.,3.904,-0.392
2003,5,October 5,home,Tennessee Titans,https://www.pro-football-reference.com/boxscores/200310050nwe.htm,4,14:07,2,10,NE 25,21,16,"(14:07) (Shotgun) PENALTY on TEN-69-Z.Piller, False Start, 5 yards, enforced at NE 25 - No Play.",3.512,-0.795
2003,5,October 5,home,Tennessee Titans,https://www.pro-football-reference.com/boxscores/200310050nwe.htm,4,14:07,2,15,NE 30,21,16,(14:07) (Shotgun) 9-S.McNair pass incomplete.,2.717,-0.805
2003,5,October 5,home,Tennessee Titans,https://www.pro-football-reference.com/boxscores/200310050nwe.htm,4,14:02,,,NE 30,21,16,Timeout #1 by TEN at 14:02.,1.912,0.000
2003,5,October 5,home,Tennessee Titans,https://www.pro-football-reference.com/boxscores/200310050nwe.htm,4,14:02,3,15,NE 30,21,16,"(14:02) (Shotgun) 9-S.McNair scrambles up the middle to NE 19 for 11 yards (37-R.Harrison, 23-A.Harris).",1.912,0.401
2003,5,October 5,home,Tennessee Titans,https://www.pro-football-reference.com/boxscores/200310050nwe.htm,4,13:22,4,4,NE 19,21,19,"(13:22) 1-G.Anderson 37 yard field goal is GOOD, Center-67-T.Ackerman, Holder-15-C.Hentrich.",2.314,0.686
2003,5,October 5,home,Tennessee Titans,https://www.pro-football-reference.com/boxscores/200310050nwe.htm,4,13:19,,,TEN 30,21,19,15-C.Hentrich kicks 62 yards from TEN 30 to NE 8. 35-P.Pass to NE 30 for 22 yards (80-D.Hill). 80-Hill injured on play.,0.695,0.563
2003,5,October 5,home,Tennessee Titans,https://www.pro-football-reference.com/boxscores/200310050nwe.htm,4,13:13,1,10,NE 30,21,19,(13:13) 21-M.Cloud left guard pushed ob at TEN 28 for 42 yards (22-A.Dyson).,1.258,2.578
2003,5,October 5,home,Tennessee Titans,https://www.pro-football-reference.com/boxscores/200310050nwe.htm,4,12:40,1,10,TEN 28,21,19,"(12:40) 21-M.Cloud left tackle to TEN 30 for -2 yards (50-R.Boiman, 53-K.Bulluck).",3.837,-0.856
2003,5,October 5,home,Tennessee Titans,https://www.pro-football-reference.com/boxscores/200310050nwe.htm,4,12:03,2,12,TEN 30,21,19,(12:03) 12-T.Brady pass incomplete to 83-D.Branch.,2.981,-0.658
2003,5,October 5,home,Tennessee Titans,https://www.pro-football-reference.com/boxscores/200310050nwe.htm,4,11:57,3,12,TEN 30,21,19,(11:57) 12-T.Brady pass incomplete to 31-L.Centers.,2.323,-1.196
2003,5,October 5,home,Tennessee Titans,https://www.pro-football-reference.com/boxscores/200310050nwe.htm,4,11:52,4,12,TEN 30,24,19,"(11:52) 4-A.Vinatieri 48 yard field goal is GOOD, Center-66-L.Paxton, Holder-13-K.Walter.",1.127,1.873
2003,5,October 5,home,Tennessee Titans,https://www.pro-football-reference.com/boxscores/200310050nwe.htm,4,11:47,,,NE 30,24,19,"4-A.Vinatieri kicks 59 yards from NE 30 to TEN 11. 81-J.Schifino to TEN 45 for 34 yards (23-A.Harris). PENALTY on TEN-42-S.McGarrahan, Offensive Holding, 10 yards, enforced at TEN 24.",0.230,-0.523
2003,5,October 5,home,Tennessee Titans,https://www.pro-football-reference.com/boxscores/200310050nwe.htm,4,11:39,1,10,TEN 14,24,19,"(11:39) 9-S.McNair pass to 88-E.Kinney to TEN 20 for 6 yards (95-R.Phifer, 93-R.Seymour).",-0.292,0.431
2003,5,October 5,home,Tennessee Titans,https://www.pro-football-reference.com/boxscores/200310050nwe.htm,4,11:00,2,4,TEN 20,24,19,(11:00) 9-S.McNair pass to 85-D.Mason to TEN 31 for 11 yards (26-E.Wilson). 85-Mason injured on play.,0.138,0.675
2003,5,October 5,home,Tennessee Titans,https://www.pro-football-reference.com/boxscores/200310050nwe.htm,4,10:31,1,10,TEN 31,24,19,"(10:31) 29-C.Brown right tackle to TEN 39 for 8 yards (37-R.Harrison, 95-R.Phifer).",0.813,0.567
2003,5,October 5,home,Tennessee Titans,https://www.pro-football-reference.com/boxscores/200310050nwe.htm,4,09:59,2,2,TEN 39,24,19,"(9:59) 29-C.Brown right guard to TEN 37 for -2 yards (90-D.Klecko, 54-T.Bruschi).",1.380,-0.957
2003,5,October 5,home,Tennessee Titans,https://www.pro-football-reference.com/boxscores/200310050nwe.htm,4,09:18,3,4,TEN 37,24,19,"(9:18) (Shotgun) 9-S.McNair pass incomplete to 87-T.Calico. PENALTY on NE-23-A.Harris, Defensive Holding, 5 yards, enforced at TEN 37 - No Play.",0.423,1.116
2003,5,October 5,home,Tennessee Titans,https://www.pro-football-reference.com/boxscores/200310050nwe.htm,4,09:15,1,10,TEN 42,24,19,(9:15) 9-S.McNair pass incomplete to 83-D.Bennett (38-T.Poole).,1.538,-0.426
2003,5,October 5,home,Tennessee Titans,https://www.pro-football-reference.com/boxscores/200310050nwe.htm,4,09:10,2,10,TEN 42,24,19,"(9:10) (Shotgun) 9-S.McNair pass to 85-D.Mason to NE 45 for 13 yards (37-R.Harrison, 23-A.Harris).",1.112,1.282
2003,5,October 5,home,Tennessee Titans,https://www.pro-football-reference.com/boxscores/200310050nwe.htm,4,08:29,1,10,NE 45,24,19,(8:29) 9-S.McNair pass incomplete to 85-D.Mason.,2.394,-0.415
2003,5,October 5,home,Tennessee Titans,https://www.pro-football-reference.com/boxscores/200310050nwe.htm,4,08:25,2,10,NE 45,24,19,(8:25) (Shotgun) 9-S.McNair pass incomplete to 29-C.Brown.,1.979,-0.485
2003,5,October 5,home,Tennessee Titans,https://www.pro-football-reference.com/boxscores/200310050nwe.htm,4,08:20,,,NE 45,24,19,Timeout #2 by TEN at 08:20.,1.494,0.000
2003,5,October 5,home,Tennessee Titans,https://www.pro-football-reference.com/boxscores/200310050nwe.htm,4,08:20,3,10,NE 45,24,19,"(8:20) (Shotgun) 9-S.McNair pass to 35-R.Holcombe to NE 34 for 11 yards (26-E.Wilson, 54-T.Bruschi).",1.494,1.749
2003,5,October 5,home,Tennessee Titans,https://www.pro-football-reference.com/boxscores/200310050nwe.htm,4,07:34,1,10,NE 34,24,19,(7:34) 9-S.McNair pass to 83-D.Bennett to NE 20 for 14 yards (26-E.Wilson).,3.244,0.975
2003,5,October 5,home,Tennessee Titans,https://www.pro-football-reference.com/boxscores/200310050nwe.htm,4,06:53,1,10,NE 20,24,19,(6:53) 9-S.McNair pass incomplete to 87-T.Calico.,4.219,-0.415
2003,5,October 5,home,Tennessee Titans,https://www.pro-football-reference.com/boxscores/200310050nwe.htm,4,06:48,2,10,NE 20,24,19,"(6:48) (Shotgun) 27-E.George right tackle to NE 16 for 4 yards (54-T.Bruschi, 95-R.Phifer).",3.804,-0.266
2003,5,October 5,home,Tennessee Titans,https://www.pro-football-reference.com/boxscores/200310050nwe.htm,4,06:03,3,6,NE 16,24,19,"(6:03) (Shotgun) 9-S.McNair pass to 83-D.Bennett to NE 4 for 12 yards (26-E.Wilson). Penalty on NE-26-E.Wilson, Illegal Contact, declined.",3.538,2.112
2003,5,October 5,home,Tennessee Titans,https://www.pro-football-reference.com/boxscores/200310050nwe.htm,4,05:41,1,4,NE 4,24,19,"(5:41) 35-R.Holcombe up the middle to NE 5 for -1 yards (58-M.Chatham, 37-R.Harrison).",5.650,-0.608
2003,5,October 5,home,Tennessee Titans,https://www.pro-football-reference.com/boxscores/200310050nwe.htm,4,04:54,2,5,NE 5,24,19,(4:54) 9-S.McNair pass incomplete to 87-T.Calico.,5.042,-0.969
2003,5,October 5,home,Tennessee Titans,https://www.pro-football-reference.com/boxscores/200310050nwe.htm,4,04:50,3,5,NE 5,24,19,(4:50) 9-S.McNair scrambles right end pushed ob at NE 1 for 4 yards (34-C.Akins).,4.072,0.220
2003,5,October 5,home,Tennessee Titans,https://www.pro-football-reference.com/boxscores/200310050nwe.htm,4,04:43,4,1,NE 1,24,25,"(4:43) (Shotgun) 9-S.McNair right guard for 1 yard, TOUCHDOWN.",4.292,2.708
2003,5,October 5,home,Tennessee Titans,https://www.pro-football-reference.com/boxscores/200310050nwe.htm,4,04:40,,,NE 2,24,27,TWO-POINT CONVERSION ATTEMPT. 9-S.McNair pass to 87-T.Calico is complete. ATTEMPT SUCCEEDS.,0.947,1.053
2003,5,October 5,home,Tennessee Titans,https://www.pro-football-reference.com/boxscores/200310050nwe.htm,4,04:40,,,TEN 30,24,27,15-C.Hentrich kicks 71 yards from TEN 30 to NE -1. 81-B.Johnson pushed ob at TEN 30 for 71 yards (24-T.Beckham).,0.455,2.886
2003,5,October 5,home,Tennessee Titans,https://www.pro-football-reference.com/boxscores/200310050nwe.htm,4,04:29,1,10,TEN 30,24,27,"(4:29) 21-M.Cloud left guard to TEN 30 for no gain (50-R.Boiman, 97-C.Hall).",3.340,-0.444
2003,5,October 5,home,Tennessee Titans,https://www.pro-football-reference.com/boxscores/200310050nwe.htm,4,03:58,2,10,TEN 30,24,27,(3:58) 12-T.Brady sacked at TEN 38 for -8 yards (90-J.Kearse).,2.896,-1.825
2003,5,October 5,home,Tennessee Titans,https://www.pro-football-reference.com/boxscores/200310050nwe.htm,4,03:25,3,18,TEN 38,24,27,(3:25) (Shotgun) 12-T.Brady pass to 83-D.Branch pushed ob at TEN 15 for 23 yards (90-J.Kearse).,1.071,3.425
2003,5,October 5,home,Tennessee Titans,https://www.pro-football-reference.com/boxscores/200310050nwe.htm,4,03:18,1,10,TEN 15,30,27,"(3:18) 21-M.Cloud left tackle for 15 yards, TOUCHDOWN.",4.496,2.504
2003,5,October 5,home,Tennessee Titans,https://www.pro-football-reference.com/boxscores/200310050nwe.htm,4,03:14,,,TEN 2,31,27,"4-A.Vinatieri extra point is GOOD, Center-66-L.Paxton, Holder-13-K.Walter.",0.986,0.014
2003,5,October 5,home,Tennessee Titans,https://www.pro-football-reference.com/boxscores/200310050nwe.htm,4,03:14,,,NE 30,31,27,4-A.Vinatieri kicks 66 yards from NE 30 to TEN 4. 81-J.Schifino to TEN 26 for 22 yards (35-P.Pass).,0.636,0.181
2003,5,October 5,home,Tennessee Titans,https://www.pro-football-reference.com/boxscores/200310050nwe.htm,4,03:08,1,10,TEN 26,31,27,"(3:08) (Shotgun) 9-S.McNair Aborted. 77-J.Hartwig FUMBLES at TEN 26, touched at TEN 26, recovered by TEN-9-S.McNair at TEN 24. 9-S.McNair to TEN 24 for no gain (93-R.Seymour).",0.817,-0.544
2003,5,October 5,home,Tennessee Titans,https://www.pro-football-reference.com/boxscores/200310050nwe.htm,4,02:41,2,12,TEN 24,31,27,(2:41) (Shotgun) 9-S.McNair pass to 86-J.McCareins to NE 47 for 29 yards (37-R.Harrison).,0.273,1.853
2003,5,October 5,home,Tennessee Titans,https://www.pro-football-reference.com/boxscores/200310050nwe.htm,4,02:32,1,10,NE 47,31,27,(2:32) (Shotgun) 9-S.McNair pass to 87-T.Calico to NE 40 for 7 yards (24-T.Law).,2.126,0.152
2003,5,October 5,home,Tennessee Titans,https://www.pro-football-reference.com/boxscores/200310050nwe.htm,4,02:01,2,3,NE 40,37,27,"(2:01) (Shotgun) 9-S.McNair pass intended for 87-T.Calico INTERCEPTED by 24-T.Law at NE 35. 24-T.Law for 65 yards, TOUCHDOWN.",2.278,-9.278
2003,5,October 5,home,Tennessee Titans,https://www.pro-football-reference.com/boxscores/200310050nwe.htm,4,01:49,,,TEN 2,38,27,"4-A.Vinatieri extra point is GOOD, Center-66-L.Paxton, Holder-13-K.Walter.",0.986,0.014
2003,5,October 5,home,Tennessee Titans,https://www.pro-football-reference.com/boxscores/200310050nwe.htm,4,01:49,,,NE 30,38,27,"4-A.Vinatieri kicks 64 yards from NE 30 to TEN 6. 81-J.Schifino to TEN 23 for 17 yards (35-P.Pass, 51-D.Davis).",0.386,0.252
2003,5,October 5,home,Tennessee Titans,https://www.pro-football-reference.com/boxscores/200310050nwe.htm,4,01:43,1,10,TEN 23,38,27,(1:43) (Shotgun) 9-S.McNair pass incomplete to 88-E.Kinney.,0.638,-0.189
2003,5,October 5,home,Tennessee Titans,https://www.pro-football-reference.com/boxscores/200310050nwe.htm,4,01:38,2,10,TEN 23,38,27,"(1:38) (Shotgun) 9-S.McNair pass to 27-E.George to TEN 31 for 8 yards (54-T.Bruschi, 23-A.Harris).",0.449,-0.022
2003,5,October 5,home,Tennessee Titans,https://www.pro-football-reference.com/boxscores/200310050nwe.htm,4,01:09,3,2,TEN 31,38,27,"(1:09) (Shotgun) 9-S.McNair pass to 85-D.Mason ran ob at NE 45 for 24 yards. PENALTY on TEN-83-D.Bennett, Offensive Holding, 10 yards, enforced at NE 45.",0.427,0.871
2003,5,October 5,home,Tennessee Titans,https://www.pro-football-reference.com/boxscores/200310050nwe.htm,4,01:00,1,10,TEN 45,38,27,"(1:00) 9-S.McNair pass to 88-E.Kinney to NE 47 for 8 yards. FUMBLES, recovered by TEN-35-R.Holcombe at NE 45. 35-R.Holcombe to NE 16 for 29 yards.",1.298,2.646
2003,5,October 5,home,Tennessee Titans,https://www.pro-football-reference.com/boxscores/200310050nwe.htm,4,00:51,1,10,NE 16,38,27,(:51) 9-S.McNair sacked at NE 23 for -7 yards (93-R.Seymour).,3.944,-1.803
2003,5,October 5,home,Tennessee Titans,https://www.pro-football-reference.com/boxscores/200310050nwe.htm,4,00:40,2,17,NE 23,38,30,"(:40) 1-G.Anderson 41 yard field goal is GOOD, Center-67-T.Ackerman, Holder-15-C.Hentrich.",2.141,0.859
2003,5,October 5,home,Tennessee Titans,https://www.pro-football-reference.com/boxscores/200310050nwe.htm,4,00:36,,,TEN 30,38,30,(Onside Kick formation) 15-C.Hentrich kicks onside 8 yards from TEN 30 to TEN 38. 88-C.Fauria (didn't try to advance) to TEN 38 for no gain.,0.177,1.918
2003,5,October 5,home,Tennessee Titans,https://www.pro-football-reference.com/boxscores/200310050nwe.htm,4,00:34,1,10,TEN 38,38,30,(:34) 12-T.Brady kneels to TEN 39 for -1 yards.,2.094,-2.094
2003,6,October 12,home,New York Giants,https://www.pro-football-reference.com/boxscores/200310120nwe.htm,1,15:00,,,NE 30,0,0,"4-A.Vinatieri kicks 67 yards from NE 30 to NYG 3. 30-B.Mitchell to NYG 29 for 26 yards (34-C.Akins, 30-J.Cherry).",-0.140,0.678
2003,6,October 12,home,New York Giants,https://www.pro-football-reference.com/boxscores/200310120nwe.htm,1,14:54,1,10,NYG 29,0,0,(14:54) 5-K.Collins pass intended for 88-I.Hilliard INTERCEPTED by 38-T.Poole (93-R.Seymour) at NYG 41. 38-T.Poole pushed ob at NYG 28 for 13 yards (77-L.Petitgout).,0.538,-4.574
2003,6,October 12,home,New York Giants,https://www.pro-football-reference.com/boxscores/200310120nwe.htm,1,14:46,1,10,NYG 28,0,0,(14:46) 21-M.Cloud left end pushed ob at NYG 27 for 1 yard (58-M.Barrow).,4.035,-0.374
2003,6,October 12,home,New York Giants,https://www.pro-football-reference.com/boxscores/200310120nwe.htm,1,14:19,2,9,NYG 27,0,0,"(14:19) 21-M.Cloud left guard to NYG 14 for 13 yards (58-M.Barrow, 23-O.Stoutmire).",3.661,1.251
2003,6,October 12,home,New York Giants,https://www.pro-football-reference.com/boxscores/200310120nwe.htm,1,13:41,1,10,NYG 14,0,0,(13:41) 12-T.Brady pass incomplete to 81-B.Johnson.,4.912,-0.396
2003,6,October 12,home,New York Giants,https://www.pro-football-reference.com/boxscores/200310120nwe.htm,1,13:38,2,10,NYG 14,0,0,"(13:38) 12-T.Brady pass to 21-M.Cloud to NYG 2 for 12 yards (36-S.Williams, 24-W.Peterson). PENALTY on NE-63-J.Andruzzi, Offensive Holding, 10 yards, enforced at NYG 14 - No Play.",4.516,-0.893
2003,6,October 12,home,New York Giants,https://www.pro-football-reference.com/boxscores/200310120nwe.htm,1,13:20,2,20,NYG 24,0,0,(13:20) 12-T.Brady pass incomplete to 21-M.Cloud.,3.624,-0.511
2003,6,October 12,home,New York Giants,https://www.pro-football-reference.com/boxscores/200310120nwe.htm,1,13:17,3,20,NYG 24,0,0,(13:17) (Shotgun) 12-T.Brady pass incomplete to 88-C.Fauria.,3.113,-1.407
2003,6,October 12,home,New York Giants,https://www.pro-football-reference.com/boxscores/200310120nwe.htm,1,13:11,4,20,NYG 24,0,0,"(13:11) 4-A.Vinatieri 42 yard field goal is No Good, Wide Left, Center-66-L.Paxton, Holder-13-K.Walter.",1.706,-2.529
2003,6,October 12,home,New York Giants,https://www.pro-football-reference.com/boxscores/200310120nwe.htm,1,13:06,1,10,NYG 32,0,0,(13:06) 5-K.Collins pass to 81-A.Toomer to NYG 42 for 10 yards (38-T.Poole).,0.823,0.573
2003,6,October 12,home,New York Giants,https://www.pro-football-reference.com/boxscores/200310120nwe.htm,1,12:33,1,10,NYG 42,6,0,"(12:33) 21-T.Barber left end to NYG 39 for -3 yards (38-T.Poole). FUMBLES (38-T.Poole), RECOVERED by NE-58-M.Chatham at NYG 38. 58-M.Chatham for 38 yards, TOUCHDOWN. PENALTY on NE-37-R.Harrison, Unnecessary Roughness, 15 yards, enforced between downs.",1.396,-8.396
2003,6,October 12,home,New York Giants,https://www.pro-football-reference.com/boxscores/200310120nwe.htm,1,12:24,,,NYG 2,7,0,"4-A.Vinatieri extra point is GOOD, Center-66-L.Paxton, Holder-13-K.Walter.",0.986,0.014
2003,6,October 12,home,New York Giants,https://www.pro-football-reference.com/boxscores/200310120nwe.htm,1,12:24,,,NE 15,7,0,"4-A.Vinatieri kicks 72 yards from NE 15 to NYG 13. 30-B.Mitchell MUFFS catch, and recovers at NYG 13. 30-B.Mitchell to NYG 32 for 19 yards (51-D.Davis).",-0.021,0.838
2003,6,October 12,home,New York Giants,https://www.pro-football-reference.com/boxscores/200310120nwe.htm,1,12:18,1,10,NYG 32,7,0,(12:18) 5-K.Collins pass to 80-J.Shockey to NYG 38 for 6 yards (24-T.Law).,0.816,0.212
2003,6,October 12,home,New York Giants,https://www.pro-football-reference.com/boxscores/200310120nwe.htm,1,11:39,2,4,NYG 38,7,0,"(11:39) (Shotgun) PENALTY on NYG-21-T.Barber, False Start, 5 yards, enforced at NYG 38 - No Play.",1.029,-0.717
2003,6,October 12,home,New York Giants,https://www.pro-football-reference.com/boxscores/200310120nwe.htm,1,11:32,2,9,NYG 33,7,0,"(11:32) 5-K.Collins pass to 83-M.Rivers to NE 40 for 27 yards (54-T.Bruschi, 26-E.Wilson).",0.312,2.450
2003,6,October 12,home,New York Giants,https://www.pro-football-reference.com/boxscores/200310120nwe.htm,1,10:55,1,10,NE 40,7,0,(10:55) 5-K.Collins pass to 21-T.Barber to NE 36 for 4 yards (58-M.Chatham).,2.762,-0.107
2003,6,October 12,home,New York Giants,https://www.pro-football-reference.com/boxscores/200310120nwe.htm,1,10:19,2,6,NE 36,7,0,(10:19) 21-T.Barber left guard to NE 31 for 5 yards (91-B.Hamilton).,2.655,0.345
2003,6,October 12,home,New York Giants,https://www.pro-football-reference.com/boxscores/200310120nwe.htm,1,09:51,3,1,NE 31,7,0,(9:51) 21-T.Barber left tackle to NE 26 for 5 yards (95-R.Phifer).,3.000,0.842
2003,6,October 12,home,New York Giants,https://www.pro-football-reference.com/boxscores/200310120nwe.htm,1,09:17,1,10,NE 26,7,0,"(9:17) 5-K.Collins pass to 80-J.Shockey pushed ob at NE 3 for 23 yards (37-R.Harrison, 26-E.Wilson).",3.842,2.027
2003,6,October 12,home,New York Giants,https://www.pro-football-reference.com/boxscores/200310120nwe.htm,1,09:00,1,3,NE 3,7,0,"(9:00) (No Huddle) 21-T.Barber up the middle to NE 4 for -1 yards (54-T.Bruschi, 37-R.Harrison).",5.869,-0.635
2003,6,October 12,home,New York Giants,https://www.pro-football-reference.com/boxscores/200310120nwe.htm,1,08:20,2,4,NE 4,7,0,(8:20) 5-K.Collins pass incomplete to 81-A.Toomer.,5.234,-0.987
2003,6,October 12,home,New York Giants,https://www.pro-football-reference.com/boxscores/200310120nwe.htm,1,08:16,3,4,NE 4,7,0,(8:16) (Shotgun) 5-K.Collins pass incomplete to 21-T.Barber. Barber slipped in end zone,4.247,-1.303
2003,6,October 12,home,New York Giants,https://www.pro-football-reference.com/boxscores/200310120nwe.htm,1,08:13,4,4,NE 4,7,3,"(8:13) 9-B.Conway 22 yard field goal is GOOD, Center-57-C.Dach, Holder-10-J.Feagles.",2.944,0.056
2003,6,October 12,home,New York Giants,https://www.pro-football-reference.com/boxscores/200310120nwe.htm,1,08:09,,,NYG 30,7,3,9-B.Conway kicks 56 yards from NYG 30 to NE 14. 81-B.Johnson pushed ob at NE 34 for 20 yards (25-W.Allen).,0.783,0.974
2003,6,October 12,home,New York Giants,https://www.pro-football-reference.com/boxscores/200310120nwe.htm,1,08:02,1,10,NE 34,7,3,"(8:02) 86-D.Patten left end to NE 38 for 4 yards (97-C.Griffin, 24-W.Peterson).",1.757,-0.062
2003,6,October 12,home,New York Giants,https://www.pro-football-reference.com/boxscores/200310120nwe.htm,1,07:18,2,6,NE 38,7,3,(7:18) (Shotgun) 12-T.Brady pass incomplete to 81-B.Johnson.,1.696,-0.768
2003,6,October 12,home,New York Giants,https://www.pro-football-reference.com/boxscores/200310120nwe.htm,1,07:16,3,6,NE 38,7,3,"(7:16) 12-T.Brady pass to 80-T.Brown to NE 48 for 10 yards (24-W.Peterson). PENALTY on NE-81-B.Johnson, Offensive Pass Interference, 10 yards, enforced at NE 38 - No Play.",0.927,-1.179
2003,6,October 12,home,New York Giants,https://www.pro-football-reference.com/boxscores/200310120nwe.htm,1,06:46,3,16,NE 28,7,3,(6:46) (Shotgun) 12-T.Brady pass incomplete to 86-D.Patten.,-0.252,-0.980
2003,6,October 12,home,New York Giants,https://www.pro-football-reference.com/boxscores/200310120nwe.htm,1,06:40,4,16,NE 28,7,3,"(6:40) 13-K.Walter punts 49 yards to NYG 23, Center-66-L.Paxton. 30-B.Mitchell to NYG 31 for 8 yards (23-A.Harris, 35-P.Pass).",-1.232,0.585
2003,6,October 12,home,New York Giants,https://www.pro-football-reference.com/boxscores/200310120nwe.htm,1,06:31,1,10,NYG 31,7,3,"(6:31) 21-T.Barber up the middle to NYG 32 for 1 yard (95-R.Phifer, 94-T.Warren).",0.646,-0.358
2003,6,October 12,home,New York Giants,https://www.pro-football-reference.com/boxscores/200310120nwe.htm,1,06:01,2,9,NYG 32,7,3,"(6:01) 5-K.Collins pass to 21-T.Barber to NYG 40 for 8 yards (24-T.Law, 54-T.Bruschi).",0.288,0.660
2003,6,October 12,home,New York Giants,https://www.pro-football-reference.com/boxscores/200310120nwe.htm,1,05:21,3,1,NYG 40,7,3,(5:21) 21-T.Barber up the middle to NYG 36 for -4 yards (37-R.Harrison).,0.948,-2.147
2003,6,October 12,home,New York Giants,https://www.pro-football-reference.com/boxscores/200310120nwe.htm,1,05:21,4,5,NYG 36,7,3,"(5:21) 10-J.Feagles punts 39 yards to NE 25, Center-57-C.Dach, fair catch by 80-T.Brown.",-1.199,-0.027
2003,6,October 12,home,New York Giants,https://www.pro-football-reference.com/boxscores/200310120nwe.htm,1,04:32,1,10,NE 25,7,3,(4:32) 12-T.Brady pass incomplete to 81-B.Johnson.,1.226,-0.526
2003,6,October 12,home,New York Giants,https://www.pro-football-reference.com/boxscores/200310120nwe.htm,1,04:28,2,10,NE 25,7,3,"(4:28) 21-M.Cloud left tackle to NE 26 for 1 yard (97-C.Griffin, 90-K.Holmes). PENALTY on NYG-75-K.Hamilton, Defensive Offside, 5 yards, enforced at NE 25 - No Play.",0.700,0.544
2003,6,October 12,home,New York Giants,https://www.pro-football-reference.com/boxscores/200310120nwe.htm,1,04:15,2,5,NE 30,7,3,(4:15) 21-M.Cloud left end to NE 33 for 3 yards (58-M.Barrow).,1.244,-0.170
2003,6,October 12,home,New York Giants,https://www.pro-football-reference.com/boxscores/200310120nwe.htm,1,03:35,3,2,NE 33,7,3,"(3:35) 21-M.Cloud left tackle to NE 34 for 1 yard (58-M.Barrow, 55-D.Jones).",1.074,-1.099
2003,6,October 12,home,New York Giants,https://www.pro-football-reference.com/boxscores/200310120nwe.htm,1,02:42,4,1,NE 34,7,3,"(2:42) (Punt formation) PENALTY on NE-53-L.Izzo, False Start, 5 yards, enforced at NE 34 - No Play.",-0.025,-0.821
2003,6,October 12,home,New York Giants,https://www.pro-football-reference.com/boxscores/200310120nwe.htm,1,02:39,4,6,NE 29,7,3,"(2:39) 13-K.Walter punts 41 yards to NYG 30, Center-66-L.Paxton. 30-B.Mitchell to NYG 33 for 3 yards (34-C.Akins). PENALTY on NE-31-L.Centers, Offensive Holding, 10 yards, enforced at NE 29 - No Play.",-0.846,-1.093
2003,6,October 12,home,New York Giants,https://www.pro-football-reference.com/boxscores/200310120nwe.htm,1,02:30,4,16,NE 19,7,3,"(2:30) 13-K.Walter punts 42 yards to NYG 39, Center-66-L.Paxton. 30-B.Mitchell MUFFS catch, and recovers at NYG 40. 30-B.Mitchell to NYG 40 for no gain (30-J.Cherry, 34-C.Akins).",-1.939,0.726
2003,6,October 12,home,New York Giants,https://www.pro-football-reference.com/boxscores/200310120nwe.htm,1,02:21,1,10,NYG 40,7,3,(2:21) 21-T.Barber left end to NYG 49 for 9 yards (95-R.Phifer).,1.213,0.901
2003,6,October 12,home,New York Giants,https://www.pro-football-reference.com/boxscores/200310120nwe.htm,1,01:23,2,1,NYG 49,7,3,"(1:23) 21-T.Barber left end to NE 43 for 8 yards (38-T.Poole, 95-R.Phifer).",2.114,0.208
2003,6,October 12,home,New York Giants,https://www.pro-football-reference.com/boxscores/200310120nwe.htm,1,00:51,1,10,NE 43,7,3,"(:51) 21-T.Barber up the middle to NE 38 for 5 yards (95-R.Phifer, 37-R.Harrison).",2.322,0.207
2003,6,October 12,home,New York Giants,https://www.pro-football-reference.com/boxscores/200310120nwe.htm,1,00:31,2,5,NE 38,7,3,"(:31) 21-T.Barber left end to NE 38 for no gain (55-W.McGinest, 38-T.Poole).",2.529,-0.877
2003,6,October 12,home,New York Giants,https://www.pro-football-reference.com/boxscores/200310120nwe.htm,2,15:00,3,5,NE 38,7,3,(15:00) (Shotgun) 5-K.Collins pass incomplete to 81-A.Toomer.,1.652,-1.849
2003,6,October 12,home,New York Giants,https://www.pro-football-reference.com/boxscores/200310120nwe.htm,2,14:56,4,5,NE 38,7,3,"(14:56) 10-J.Feagles punts 28 yards to NE 10, Center-57-C.Dach, fair catch by 80-T.Brown.",-0.197,0.162
2003,6,October 12,home,New York Giants,https://www.pro-football-reference.com/boxscores/200310120nwe.htm,2,14:48,1,10,NE 10,7,3,(14:48) 21-M.Cloud up the middle to NE 14 for 4 yards (92-M.Strahan).,0.034,-0.180
2003,6,October 12,home,New York Giants,https://www.pro-football-reference.com/boxscores/200310120nwe.htm,2,14:17,2,6,NE 14,7,3,"(14:17) 21-M.Cloud up the middle to NE 8 for -6 yards (92-M.Strahan, 55-D.Jones).",-0.145,-1.436
2003,6,October 12,home,New York Giants,https://www.pro-football-reference.com/boxscores/200310120nwe.htm,2,13:39,3,12,NE 8,7,3,"(13:39) (Shotgun) 12-T.Brady pass to 88-C.Fauria to NE 15 for 7 yards (58-M.Barrow). Penalty on NE-72-M.Light, Offensive Holding, declined.",-1.581,-0.244
2003,6,October 12,home,New York Giants,https://www.pro-football-reference.com/boxscores/200310120nwe.htm,2,13:26,4,5,NE 15,7,3,"(13:26) 13-K.Walter punts 39 yards to NYG 46, Center-66-L.Paxton. 30-B.Mitchell to NE 49 for 5 yards (30-J.Cherry, 51-D.Davis).",-1.825,-0.159
2003,6,October 12,home,New York Giants,https://www.pro-football-reference.com/boxscores/200310120nwe.htm,2,13:22,1,10,NE 49,7,3,(13:22) 5-K.Collins pass to 21-T.Barber to NE 41 for 8 yards (55-W.McGinest).,1.984,0.633
2003,6,October 12,home,New York Giants,https://www.pro-football-reference.com/boxscores/200310120nwe.htm,2,12:49,2,2,NE 41,7,3,(12:49) 21-T.Barber up the middle to NE 41 for no gain (93-R.Seymour).,2.617,-0.773
2003,6,October 12,home,New York Giants,https://www.pro-football-reference.com/boxscores/200310120nwe.htm,2,12:13,3,2,NE 41,7,3,"(12:13) 5-K.Collins pass incomplete to 88-I.Hilliard. PENALTY on NE-37-R.Harrison, Defensive Pass Interference, 10 yards, enforced at NE 41 - No Play.",1.844,1.510
2003,6,October 12,home,New York Giants,https://www.pro-football-reference.com/boxscores/200310120nwe.htm,2,12:05,1,10,NE 31,7,3,(12:05) 5-K.Collins pass incomplete to 21-T.Barber.,3.355,-0.396
2003,6,October 12,home,New York Giants,https://www.pro-football-reference.com/boxscores/200310120nwe.htm,2,12:05,2,10,NE 31,7,3,(12:05) 21-T.Barber left end pushed ob at NE 23 for 8 yards (26-E.Wilson).,2.959,0.581
2003,6,October 12,home,New York Giants,https://www.pro-football-reference.com/boxscores/200310120nwe.htm,2,11:36,3,2,NE 23,7,3,"(11:36) 5-K.Collins pass incomplete to 83-M.Rivers. PENALTY on NYG-62-W.Lucier, Offensive Holding, 10 yards, enforced at NE 23 - No Play.",3.539,-1.759
2003,6,October 12,home,New York Giants,https://www.pro-football-reference.com/boxscores/200310120nwe.htm,2,11:31,3,12,NE 33,7,3,(11:31) (Shotgun) 5-K.Collins scrambles left tackle to NE 29 for 4 yards (90-D.Klecko).,1.781,-0.297
2003,6,October 12,home,New York Giants,https://www.pro-football-reference.com/boxscores/200310120nwe.htm,2,10:45,,,NE 29,7,3,Timeout #1 by NYG at 10:45.,1.484,0.000
2003,6,October 12,home,New York Giants,https://www.pro-football-reference.com/boxscores/200310120nwe.htm,2,10:45,4,8,NE 29,7,3,"(10:45) 9-B.Conway 47 yard field goal is No Good, Wide Right, Center-57-C.Dach, Holder-10-J.Feagles.",1.484,-3.359
2003,6,October 12,home,New York Giants,https://www.pro-football-reference.com/boxscores/200310120nwe.htm,2,10:40,1,10,NE 37,7,3,(10:40) 12-T.Brady pass incomplete to 81-B.Johnson.,1.876,-0.417
2003,6,October 12,home,New York Giants,https://www.pro-football-reference.com/boxscores/200310120nwe.htm,2,10:34,2,10,NE 37,7,3,"(10:34) 21-M.Cloud right tackle to NE 40 for 3 yards (70-L.Legree, 90-K.Holmes).",1.459,-0.521
2003,6,October 12,home,New York Giants,https://www.pro-football-reference.com/boxscores/200310120nwe.htm,2,09:51,3,7,NE 40,7,3,(9:51) 12-T.Brady pass incomplete to 31-L.Centers.,0.938,-1.231
2003,6,October 12,home,New York Giants,https://www.pro-football-reference.com/boxscores/200310120nwe.htm,2,09:44,4,7,NE 40,7,3,"(9:44) 13-K.Walter punts 31 yards to NYG 29, Center-66-L.Paxton, downed by NE-58-M.Chatham.",-0.293,-0.329
2003,6,October 12,home,New York Giants,https://www.pro-football-reference.com/boxscores/200310120nwe.htm,2,09:31,1,10,NYG 29,7,3,"(9:31) 5-K.Collins pass to 83-M.Rivers to NYG 39 for 10 yards (54-T.Bruschi, 55-W.McGinest).",0.622,0.583
2003,6,October 12,home,New York Giants,https://www.pro-football-reference.com/boxscores/200310120nwe.htm,2,08:50,1,10,NYG 39,7,3,(8:50) 5-K.Collins pass to 82-V.Shiancoe to NYG 42 for 3 yards (24-T.Law).,1.205,-0.109
2003,6,October 12,home,New York Giants,https://www.pro-football-reference.com/boxscores/200310120nwe.htm,2,08:11,2,7,NYG 42,7,3,"(8:11) 21-T.Barber up the middle to NYG 45 for 3 yards (95-R.Phifer, 91-B.Hamilton).",1.095,-0.122
2003,6,October 12,home,New York Giants,https://www.pro-football-reference.com/boxscores/200310120nwe.htm,2,07:30,3,4,NYG 45,7,3,(7:30) 5-K.Collins pass to 88-I.Hilliard to NE 46 for 9 yards (37-R.Harrison). Pass tipped by NE 22-Samuel.,0.973,1.320
2003,6,October 12,home,New York Giants,https://www.pro-football-reference.com/boxscores/200310120nwe.htm,2,06:54,1,10,NE 46,7,3,"(6:54) 21-T.Barber left tackle to NE 42 for 4 yards (54-T.Bruschi, 37-R.Harrison).",2.293,-0.050
2003,6,October 12,home,New York Giants,https://www.pro-football-reference.com/boxscores/200310120nwe.htm,2,06:22,2,6,NE 42,7,3,"(6:22) 5-K.Collins pass to 83-M.Rivers to NE 37 for 5 yards (58-M.Chatham, 24-T.Law).",2.244,0.325
2003,6,October 12,home,New York Giants,https://www.pro-football-reference.com/boxscores/200310120nwe.htm,2,05:42,3,1,NE 37,7,3,"(5:42) 21-T.Barber left guard to NE 34 for 3 yards (54-T.Bruschi, 55-W.McGinest).",2.569,0.529
2003,6,October 12,home,New York Giants,https://www.pro-football-reference.com/boxscores/200310120nwe.htm,2,05:06,1,10,NE 34,7,3,(5:06) 5-K.Collins pass incomplete to 80-J.Shockey.,3.098,-0.473
2003,6,October 12,home,New York Giants,https://www.pro-football-reference.com/boxscores/200310120nwe.htm,2,05:01,2,10,NE 34,7,3,"(5:01) 33-D.Joyce left end to NE 34 for no gain (94-T.Warren, 54-T.Bruschi).",2.626,-0.678
2003,6,October 12,home,New York Giants,https://www.pro-football-reference.com/boxscores/200310120nwe.htm,2,04:20,3,10,NE 34,7,3,(4:20) (Shotgun) 5-K.Collins pass to 81-A.Toomer to NE 23 for 11 yards (24-T.Law).,1.948,1.684
2003,6,October 12,home,New York Giants,https://www.pro-football-reference.com/boxscores/200310120nwe.htm,2,03:33,1,10,NE 23,7,3,"(3:33) 21-T.Barber left guard to NE 22 for 1 yard (91-B.Hamilton, 55-W.McGinest).",3.632,-0.548
2003,6,October 12,home,New York Giants,https://www.pro-football-reference.com/boxscores/200310120nwe.htm,2,02:50,2,9,NE 22,7,3,(2:50) 5-K.Collins pass incomplete to 81-A.Toomer.,3.084,-0.341
2003,6,October 12,home,New York Giants,https://www.pro-football-reference.com/boxscores/200310120nwe.htm,2,02:45,,,NE 22,7,3,Timeout #1 by NE at 02:45.,2.744,0.000
2003,6,October 12,home,New York Giants,https://www.pro-football-reference.com/boxscores/200310120nwe.htm,2,02:45,3,9,NE 22,7,3,(2:45) (Shotgun) 5-K.Collins pass intended for 80-J.Shockey INTERCEPTED by 37-R.Harrison (93-R.Seymour) at NE 13. 37-R.Harrison to NE 15 for 2 yards (21-T.Barber).,2.744,-3.105
2003,6,October 12,home,New York Giants,https://www.pro-football-reference.com/boxscores/200310120nwe.htm,2,02:36,1,10,NE 15,7,3,(2:36) 31-L.Centers left end to NE 13 for -2 yards (75-K.Hamilton).,0.361,-0.518
2003,6,October 12,home,New York Giants,https://www.pro-football-reference.com/boxscores/200310120nwe.htm,2,02:22,,,NE 13,7,3,Timeout #2 by NYG at 02:22.,-0.157,0.000
2003,6,October 12,home,New York Giants,https://www.pro-football-reference.com/boxscores/200310120nwe.htm,2,02:22,2,12,NE 13,7,3,(2:22) 12-T.Brady pass incomplete to 87-D.Givens.,-0.157,-0.445
2003,6,October 12,home,New York Giants,https://www.pro-football-reference.com/boxscores/200310120nwe.htm,2,02:17,3,12,NE 13,7,3,(2:17) (Shotgun) 33-K.Faulk right tackle to NE 15 for 2 yards (58-M.Barrow).,-0.601,-0.340
2003,6,October 12,home,New York Giants,https://www.pro-football-reference.com/boxscores/200310120nwe.htm,2,02:00,4,10,NE 15,7,3,"(2:00) 13-K.Walter punts 43 yards to NYG 42, Center-66-L.Paxton. 30-B.Mitchell to NYG 45 for 3 yards (53-L.Izzo, 35-P.Pass).",-0.941,-0.494
2003,6,October 12,home,New York Giants,https://www.pro-football-reference.com/boxscores/200310120nwe.htm,2,01:49,1,10,NYG 45,7,3,(1:49) (Shotgun) 21-T.Barber right guard to NE 39 for 16 yards (26-E.Wilson).,1.435,0.987
2003,6,October 12,home,New York Giants,https://www.pro-football-reference.com/boxscores/200310120nwe.htm,2,01:23,1,10,NE 39,7,3,"(1:23) (No Huddle, Shotgun) 5-K.Collins pass to 80-J.Shockey to NE 35 for 4 yards (95-R.Phifer).",2.422,-0.199
2003,6,October 12,home,New York Giants,https://www.pro-football-reference.com/boxscores/200310120nwe.htm,2,01:03,2,6,NE 35,7,3,"(1:03) (No Huddle, Shotgun) 21-T.Barber right tackle to NE 32 for 3 yards (37-R.Harrison, 54-T.Bruschi).",2.223,0.277
2003,6,October 12,home,New York Giants,https://www.pro-football-reference.com/boxscores/200310120nwe.htm,2,00:37,3,3,NE 32,7,3,"(:37) (No Huddle, Shotgun) 5-K.Collins pass to 80-J.Shockey to NE 26 for 6 yards (95-R.Phifer).",2.500,0.191
2003,6,October 12,home,New York Giants,https://www.pro-football-reference.com/boxscores/200310120nwe.htm,2,00:24,1,10,NE 26,7,3,(:24) 5-K.Collins spiked the ball to stop the clock.,2.690,-0.235
2003,6,October 12,home,New York Giants,https://www.pro-football-reference.com/boxscores/200310120nwe.htm,2,00:23,,,NE 26,7,3,Timeout #2 by NE at 00:23.,2.455,0.000
2003,6,October 12,home,New York Giants,https://www.pro-football-reference.com/boxscores/200310120nwe.htm,2,00:23,2,10,NE 26,7,3,(:23) (Shotgun) 5-K.Collins pass incomplete to 84-T.Carter.,2.455,-0.791
2003,6,October 12,home,New York Giants,https://www.pro-football-reference.com/boxscores/200310120nwe.htm,2,00:19,,,NE 26,7,3,Timeout #3 by NE at 00:19.,1.664,0.000
2003,6,October 12,home,New York Giants,https://www.pro-football-reference.com/boxscores/200310120nwe.htm,2,00:19,3,10,NE 26,7,3,"(:19) (Shotgun) PENALTY on NYG-77-L.Petitgout, False Start, 5 yards, enforced at NE 26 - No Play.",1.664,-0.311
2003,6,October 12,home,New York Giants,https://www.pro-football-reference.com/boxscores/200310120nwe.htm,2,00:19,3,15,NE 31,7,3,(:19) (Shotgun) 5-K.Collins pass incomplete to 88-I.Hilliard (22-A.Samuel).,1.353,0.341
2003,6,October 12,home,New York Giants,https://www.pro-football-reference.com/boxscores/200310120nwe.htm,2,00:14,4,15,NE 31,7,3,"(:14) 9-B.Conway 49 yard field goal is No Good, Short, Center-57-C.Dach, Holder-10-J.Feagles.",1.695,-1.695
2003,6,October 12,home,New York Giants,https://www.pro-football-reference.com/boxscores/200310120nwe.htm,2,00:09,1,10,NE 39,7,3,(:09) 12-T.Brady kneels to NE 38 for -1 yards.,0.000,0.000
2003,6,October 12,home,New York Giants,https://www.pro-football-reference.com/boxscores/200310120nwe.htm,3,15:00,,,NYG 30,7,3,"9-B.Conway kicks 58 yards from NYG 30 to NE 12. 81-B.Johnson to NE 27 for 15 yards (51-W.Mallard, 59-K.Lewis).",0.817,0.568
2003,6,October 12,home,New York Giants,https://www.pro-football-reference.com/boxscores/200310120nwe.htm,3,14:55,1,10,NE 27,7,3,"(14:55) 33-K.Faulk right end to NE 37 for 10 yards (23-O.Stoutmire, 36-S.Williams).",1.385,0.646
2003,6,October 12,home,New York Giants,https://www.pro-football-reference.com/boxscores/200310120nwe.htm,3,14:15,1,10,NE 37,7,3,"(14:15) 33-K.Faulk left end to NE 40 for 3 yards (55-D.Jones, 24-W.Peterson).",2.030,-0.248
2003,6,October 12,home,New York Giants,https://www.pro-football-reference.com/boxscores/200310120nwe.htm,3,13:39,2,7,NE 40,7,3,"(13:39) 12-T.Brady pass to 86-D.Patten to 50 for 10 yards (24-W.Peterson, 55-D.Jones).",1.783,1.064
2003,6,October 12,home,New York Giants,https://www.pro-football-reference.com/boxscores/200310120nwe.htm,3,13:02,1,10,MID 50,7,3,"(13:02) 12-T.Brady pass incomplete to 87-D.Givens. PENALTY on NYG-25-W.Allen, Defensive Pass Interference, 5 yards, enforced at 50 - No Play.",2.847,0.266
2003,6,October 12,home,New York Giants,https://www.pro-football-reference.com/boxscores/200310120nwe.htm,3,12:59,1,10,NYG 45,7,3,(12:59) 12-T.Brady pass to 80-T.Brown to NYG 37 for 8 yards (55-D.Jones).,3.113,0.420
2003,6,October 12,home,New York Giants,https://www.pro-football-reference.com/boxscores/200310120nwe.htm,3,12:21,2,2,NYG 37,7,3,(12:21) 33-K.Faulk left tackle pushed ob at NYG 14 for 23 yards (36-S.Williams).,3.533,1.402
2003,6,October 12,home,New York Giants,https://www.pro-football-reference.com/boxscores/200310120nwe.htm,3,12:05,1,10,NYG 14,7,3,(12:05) 33-K.Faulk right guard to NYG 10 for 4 yards (55-D.Jones).,4.935,-0.189
2003,6,October 12,home,New York Giants,https://www.pro-football-reference.com/boxscores/200310120nwe.htm,3,11:29,2,6,NYG 10,7,3,"(11:29) 33-K.Faulk right end to NYG 10 for no gain (97-C.Griffin, 55-D.Jones).",4.746,-0.730
2003,6,October 12,home,New York Giants,https://www.pro-football-reference.com/boxscores/200310120nwe.htm,3,10:47,3,6,NYG 10,7,3,(10:47) 12-T.Brady pass incomplete to 31-L.Centers. pass hit umpire,4.016,-1.316
2003,6,October 12,home,New York Giants,https://www.pro-football-reference.com/boxscores/200310120nwe.htm,3,10:43,4,6,NYG 10,10,3,"(10:43) 4-A.Vinatieri 28 yard field goal is GOOD, Center-66-L.Paxton, Holder-13-K.Walter.",2.700,0.300
2003,6,October 12,home,New York Giants,https://www.pro-football-reference.com/boxscores/200310120nwe.htm,3,10:39,,,NE 30,10,3,4-A.Vinatieri kicks 55 yards from NE 30 to NYG 15. 30-B.Mitchell to NYG 38 for 23 yards (22-A.Samuel).,-0.017,1.135
2003,6,October 12,home,New York Giants,https://www.pro-football-reference.com/boxscores/200310120nwe.htm,3,10:34,1,10,NYG 38,10,3,(10:34) 21-T.Barber left end pushed ob at NYG 42 for 4 yards (37-R.Harrison).,1.118,0.006
2003,6,October 12,home,New York Giants,https://www.pro-football-reference.com/boxscores/200310120nwe.htm,3,10:08,2,6,NYG 42,10,3,"(10:08) 5-K.Collins pass to 20-J.Finn to NE 47 for 11 yards (24-T.Law, 58-M.Chatham).",1.124,1.113
2003,6,October 12,home,New York Giants,https://www.pro-football-reference.com/boxscores/200310120nwe.htm,3,09:31,1,10,NE 47,10,3,(9:31) 5-K.Collins pass incomplete to 21-T.Barber.,2.237,-0.489
2003,6,October 12,home,New York Giants,https://www.pro-football-reference.com/boxscores/200310120nwe.htm,3,09:27,2,10,NE 47,10,3,"(9:27) 21-T.Barber left guard to NE 46 for 1 yard (94-T.Warren, 91-B.Hamilton).",1.748,-0.714
2003,6,October 12,home,New York Giants,https://www.pro-football-reference.com/boxscores/200310120nwe.htm,3,08:50,,,NE 46,10,3,Timeout #1 by NE at 08:50.,1.034,0.000
2003,6,October 12,home,New York Giants,https://www.pro-football-reference.com/boxscores/200310120nwe.htm,3,08:50,3,9,NE 46,10,3,(8:50) 5-K.Collins pass incomplete to 80-J.Shockey (54-T.Bruschi).,1.034,-1.648
2003,6,October 12,home,New York Giants,https://www.pro-football-reference.com/boxscores/200310120nwe.htm,3,08:46,4,9,NE 46,10,3,"(8:46) (Punt formation) PENALTY on NYG-83-M.Rivers, False Start, 5 yards, enforced at NE 46 - No Play.",-0.614,-0.282
2003,6,October 12,home,New York Giants,https://www.pro-football-reference.com/boxscores/200310120nwe.htm,3,08:46,4,14,NYG 49,10,3,"(8:46) 10-J.Feagles punts 36 yards to NE 15, Center-57-C.Dach, out of bounds.",-0.896,0.548
2003,6,October 12,home,New York Giants,https://www.pro-football-reference.com/boxscores/200310120nwe.htm,3,08:39,1,10,NE 15,10,3,"(8:39) 33-K.Faulk up the middle to NE 19 for 4 yards (58-M.Barrow, 53-B.Short).",0.348,-0.121
2003,6,October 12,home,New York Giants,https://www.pro-football-reference.com/boxscores/200310120nwe.htm,3,08:08,2,6,NE 19,10,3,(8:08) 12-T.Brady sacked at NE 9 for -10 yards (92-M.Strahan).,0.226,-2.027
2003,6,October 12,home,New York Giants,https://www.pro-football-reference.com/boxscores/200310120nwe.htm,3,07:37,,,NE 9,10,3,Timeout #2 by NE at 07:37.,-1.800,0.000
2003,6,October 12,home,New York Giants,https://www.pro-football-reference.com/boxscores/200310120nwe.htm,3,07:37,3,16,NE 9,10,3,(7:37) (Shotgun) 12-T.Brady pass to 87-D.Givens pushed ob at NE 30 for 21 yards (24-W.Peterson).,-1.800,3.209
2003,6,October 12,home,New York Giants,https://www.pro-football-reference.com/boxscores/200310120nwe.htm,3,07:12,1,10,NE 30,10,3,"(7:12) 33-K.Faulk left tackle to NE 36 for 6 yards (23-O.Stoutmire, 97-C.Griffin).",1.408,0.183
2003,6,October 12,home,New York Giants,https://www.pro-football-reference.com/boxscores/200310120nwe.htm,3,06:34,2,4,NE 36,10,3,(6:34) 12-T.Brady pass to 86-D.Patten to NE 42 for 6 yards (24-W.Peterson).,1.591,0.474
2003,6,October 12,home,New York Giants,https://www.pro-football-reference.com/boxscores/200310120nwe.htm,3,05:54,1,10,NE 42,10,3,(5:54) 80-T.Brown left end pushed ob at NE 43 for 1 yard (58-M.Barrow).,2.066,-0.402
2003,6,October 12,home,New York Giants,https://www.pro-football-reference.com/boxscores/200310120nwe.htm,3,05:36,2,9,NE 43,10,3,(5:36) 12-T.Brady pass to 86-D.Patten to NYG 18 for 39 yards (24-W.Peterson).,1.663,2.987
2003,6,October 12,home,New York Giants,https://www.pro-football-reference.com/boxscores/200310120nwe.htm,3,05:36,1,10,NYG 18,10,3,(5:36) (No Huddle) 12-T.Brady up the middle to NYG 16 for 2 yards (75-K.Hamilton).,4.650,-0.390
2003,6,October 12,home,New York Giants,https://www.pro-football-reference.com/boxscores/200310120nwe.htm,3,05:10,2,8,NYG 16,10,3,"(5:10) 12-T.Brady pass to 81-B.Johnson to NYG 1 for 15 yards (36-S.Williams, 58-M.Barrow).",4.260,2.105
2003,6,October 12,home,New York Giants,https://www.pro-football-reference.com/boxscores/200310120nwe.htm,3,04:24,1,1,NYG 1,16,3,"(4:24) 90-Klecko eligible. 21-M.Cloud left guard for 1 yard, TOUCHDOWN.",6.365,0.635
2003,6,October 12,home,New York Giants,https://www.pro-football-reference.com/boxscores/200310120nwe.htm,3,04:22,,,NYG 2,17,3,"4-A.Vinatieri extra point is GOOD, Center-66-L.Paxton, Holder-13-K.Walter.",0.986,0.014
2003,6,October 12,home,New York Giants,https://www.pro-football-reference.com/boxscores/200310120nwe.htm,3,04:22,,,NE 30,17,3,"4-A.Vinatieri kicks 49 yards from NE 30 to NYG 21. 30-B.Mitchell to NYG 38 for 17 yards (53-L.Izzo, 90-D.Klecko). PENALTY on NYG-51-W.Mallard, Offensive Holding, 10 yards, enforced at NYG 31.",0.386,0.003
2003,6,October 12,home,New York Giants,https://www.pro-football-reference.com/boxscores/200310120nwe.htm,3,04:10,1,10,NYG 21,17,3,(4:10) 5-K.Collins pass to 21-T.Barber to NYG 30 for 9 yards (94-T.Warren).,0.389,0.856
2003,6,October 12,home,New York Giants,https://www.pro-football-reference.com/boxscores/200310120nwe.htm,3,03:42,2,1,NYG 30,17,3,"(3:42) 21-T.Barber right end to NYG 34 for 4 yards (54-T.Bruschi, 95-R.Phifer).",1.245,-0.052
2003,6,October 12,home,New York Giants,https://www.pro-football-reference.com/boxscores/200310120nwe.htm,3,03:04,1,10,NYG 34,17,3,(3:04) (Shotgun) 5-K.Collins pass to 81-A.Toomer to NYG 44 for 10 yards (22-A.Samuel).,1.192,0.711
2003,6,October 12,home,New York Giants,https://www.pro-football-reference.com/boxscores/200310120nwe.htm,3,02:28,1,10,NYG 44,17,3,"(2:28) 5-K.Collins pass to 80-J.Shockey to NE 48 for 8 yards (54-T.Bruschi, 55-W.McGinest).",1.903,0.525
2003,6,October 12,home,New York Giants,https://www.pro-football-reference.com/boxscores/200310120nwe.htm,3,01:55,2,2,NE 48,17,3,"(1:55) 5-K.Collins pass to 21-T.Barber to NE 43 for 5 yards (58-M.Chatham, 22-A.Samuel).",2.429,0.237
2003,6,October 12,home,New York Giants,https://www.pro-football-reference.com/boxscores/200310120nwe.htm,3,01:16,1,10,NE 43,17,3,"(1:16) 5-K.Collins pass to 88-I.Hilliard to NE 29 for 14 yards (55-W.McGinest, 95-R.Phifer).",2.666,1.103
2003,6,October 12,home,New York Giants,https://www.pro-football-reference.com/boxscores/200310120nwe.htm,3,00:40,1,10,NE 29,17,3,(:40) 5-K.Collins pass to 80-J.Shockey to NE 23 for 6 yards (54-T.Bruschi).,3.768,0.313
2003,6,October 12,home,New York Giants,https://www.pro-football-reference.com/boxscores/200310120nwe.htm,3,00:02,2,4,NE 23,17,3,"(:02) 5-K.Collins pass to 20-J.Finn to NE 18 for 5 yards (95-R.Phifer, 54-T.Bruschi).",4.081,0.528
2003,6,October 12,home,New York Giants,https://www.pro-football-reference.com/boxscores/200310120nwe.htm,4,15:00,1,10,NE 18,17,3,"(15:00) 5-K.Collins pass to 83-M.Rivers to NE 11 for 7 yards (26-E.Wilson, 55-W.McGinest).",4.609,0.312
2003,6,October 12,home,New York Giants,https://www.pro-football-reference.com/boxscores/200310120nwe.htm,4,14:28,2,3,NE 11,17,3,(14:28) 5-K.Collins sacked at NE 16 for -5 yards (93-R.Seymour).,4.922,-1.392
2003,6,October 12,home,New York Giants,https://www.pro-football-reference.com/boxscores/200310120nwe.htm,4,13:51,3,8,NE 16,17,3,(13:51) (Shotgun) 5-K.Collins pass incomplete to 21-T.Barber.,3.530,-1.104
2003,6,October 12,home,New York Giants,https://www.pro-football-reference.com/boxscores/200310120nwe.htm,4,13:47,4,8,NE 16,17,6,"(13:47) 9-B.Conway 34 yard field goal is GOOD, Center-57-C.Dach, Holder-10-J.Feagles.",2.426,0.574
2003,6,October 12,home,New York Giants,https://www.pro-football-reference.com/boxscores/200310120nwe.htm,4,13:42,,,NYG 30,17,6,"9-B.Conway kicks 49 yards from NYG 30 to NE 21. 35-P.Pass to NE 41 for 20 yards (83-M.Rivers, 59-K.Lewis). PENALTY on NE-23-A.Harris, Offensive Holding, 10 yards, enforced at NE 41.",0.585,0.685
2003,6,October 12,home,New York Giants,https://www.pro-football-reference.com/boxscores/200310120nwe.htm,4,13:34,1,10,NE 31,17,6,"(13:34) 80-T.Brown left end to NYG 43 for 26 yards (53-B.Short, 24-W.Peterson). PENALTY on NE-68-T.Ashworth, Clipping, 15 yards, enforced at NE 42. double reverse.",1.270,-0.451
2003,6,October 12,home,New York Giants,https://www.pro-football-reference.com/boxscores/200310120nwe.htm,4,13:34,1,14,NE 27,17,6,"(13:34) 33-K.Faulk left end to NE 30 for 3 yards (75-K.Hamilton, 23-O.Stoutmire).",0.819,-0.260
2003,6,October 12,home,New York Giants,https://www.pro-football-reference.com/boxscores/200310120nwe.htm,4,12:26,2,11,NE 30,17,6,"(12:26) 12-T.Brady pass to 33-K.Faulk to NE 36 for 6 yards (55-D.Jones, 24-W.Peterson).",0.559,0.069
2003,6,October 12,home,New York Giants,https://www.pro-football-reference.com/boxscores/200310120nwe.htm,4,11:39,3,5,NE 36,17,6,(11:39) 12-T.Brady pass incomplete to 87-D.Givens.,0.628,-1.231
2003,6,October 12,home,New York Giants,https://www.pro-football-reference.com/boxscores/200310120nwe.htm,4,11:34,4,5,NE 36,17,6,"(11:34) 13-K.Walter punts 37 yards to NYG 27, Center-66-L.Paxton. 30-B.Mitchell to NYG 28 for 1 yard (44-F.McCrary, 23-A.Harris).",-0.603,-0.326
2003,6,October 12,home,New York Giants,https://www.pro-football-reference.com/boxscores/200310120nwe.htm,4,11:23,1,10,NYG 28,17,6,(11:23) 5-K.Collins pass to 80-J.Shockey to NYG 46 for 18 yards (95-R.Phifer).,0.929,1.119
2003,6,October 12,home,New York Giants,https://www.pro-football-reference.com/boxscores/200310120nwe.htm,4,10:51,1,10,NYG 46,17,6,(10:51) 5-K.Collins pass incomplete to 81-A.Toomer.,2.048,-0.468
2003,6,October 12,home,New York Giants,https://www.pro-football-reference.com/boxscores/200310120nwe.htm,4,10:44,2,10,NYG 46,17,6,(10:44) 5-K.Collins pass to 80-J.Shockey to NE 45 for 9 yards (23-A.Harris).,1.580,0.618
2003,6,October 12,home,New York Giants,https://www.pro-football-reference.com/boxscores/200310120nwe.htm,4,10:20,3,1,NE 45,17,6,"(10:20) 21-T.Barber left tackle to NE 44 for 1 yard (38-T.Poole, 54-T.Bruschi).",2.198,0.371
2003,6,October 12,home,New York Giants,https://www.pro-football-reference.com/boxscores/200310120nwe.htm,4,09:48,1,10,NE 44,17,6,(9:48) 5-K.Collins pass to 21-T.Barber pushed ob at NE 39 for 5 yards (23-A.Harris).,2.569,0.086
2003,6,October 12,home,New York Giants,https://www.pro-football-reference.com/boxscores/200310120nwe.htm,4,09:21,2,5,NE 39,17,6,(9:21) (Shotgun) 5-K.Collins pass incomplete to 88-I.Hilliard.,2.655,-0.747
2003,6,October 12,home,New York Giants,https://www.pro-football-reference.com/boxscores/200310120nwe.htm,4,09:18,3,5,NE 39,17,6,(9:18) 5-K.Collins pass to 81-A.Toomer pushed ob at NE 30 for 9 yards (23-A.Harris).,1.907,1.637
2003,6,October 12,home,New York Giants,https://www.pro-football-reference.com/boxscores/200310120nwe.htm,4,08:52,1,10,NE 30,17,6,(8:52) 5-K.Collins pass to 21-T.Barber to NE 26 for 4 yards (95-R.Phifer).,3.545,-0.035
2003,6,October 12,home,New York Giants,https://www.pro-football-reference.com/boxscores/200310120nwe.htm,4,08:16,2,6,NE 26,17,6,(8:16) 5-K.Collins pass incomplete to 81-A.Toomer.,3.509,-0.595
2003,6,October 12,home,New York Giants,https://www.pro-football-reference.com/boxscores/200310120nwe.htm,4,08:12,3,6,NE 26,17,6,(8:12) 5-K.Collins pass incomplete to 21-T.Barber.,2.915,-1.133
2003,6,October 12,home,New York Giants,https://www.pro-football-reference.com/boxscores/200310120nwe.htm,4,08:08,4,6,NE 26,17,6,(8:08) (Shotgun) 5-K.Collins pass INTERCEPTED by 37-R.Harrison at NE 22. 37-R.Harrison pushed ob at NE 20 for -2 yards (81-A.Toomer).,1.782,-2.501
2003,6,October 12,home,New York Giants,https://www.pro-football-reference.com/boxscores/200310120nwe.htm,4,07:57,1,10,NE 20,17,6,(7:57) 33-K.Faulk left tackle to NE 25 for 5 yards (53-B.Short).,0.719,0.120
2003,6,October 12,home,New York Giants,https://www.pro-football-reference.com/boxscores/200310120nwe.htm,4,07:27,2,5,NE 25,17,6,(7:27) 33-K.Faulk right end to NE 43 for 18 yards (23-O.Stoutmire).,0.839,1.145
2003,6,October 12,home,New York Giants,https://www.pro-football-reference.com/boxscores/200310120nwe.htm,4,06:44,1,10,NE 43,17,6,"(6:44) 33-K.Faulk left guard to NE 45 for 2 yards (92-M.Strahan, 97-C.Griffin).",1.984,-0.311
2003,6,October 12,home,New York Giants,https://www.pro-football-reference.com/boxscores/200310120nwe.htm,4,06:38,,,NE 45,17,6,Timeout #1 by NYG at 06:38.,1.673,0.000
2003,6,October 12,home,New York Giants,https://www.pro-football-reference.com/boxscores/200310120nwe.htm,4,06:38,2,8,NE 45,17,6,(6:38) 12-T.Brady pass incomplete to 86-D.Patten (24-W.Peterson).,1.673,-0.586
2003,6,October 12,home,New York Giants,https://www.pro-football-reference.com/boxscores/200310120nwe.htm,4,06:35,3,8,NE 45,17,6,(6:35) 12-T.Brady pass incomplete to 86-D.Patten.,1.086,-1.186
2003,6,October 12,home,New York Giants,https://www.pro-football-reference.com/boxscores/200310120nwe.htm,4,06:29,4,8,NE 45,17,6,"(6:29) 13-K.Walter punts 36 yards to NYG 19, Center-66-L.Paxton, downed by NE-34-C.Akins.",-0.100,-0.303
2003,6,October 12,home,New York Giants,https://www.pro-football-reference.com/boxscores/200310120nwe.htm,4,06:19,1,10,NYG 19,17,6,"(6:19) (Shotgun) 5-K.Collins pass to 88-I.Hilliard to NYG 33 for 14 yards (54-T.Bruschi, 95-R.Phifer). NE 54-Bruschi injured on play",0.403,0.708
2003,6,October 12,home,New York Giants,https://www.pro-football-reference.com/boxscores/200310120nwe.htm,4,06:02,1,10,NYG 33,17,6,"(6:02) (Shotgun) 5-K.Collins pass to 84-T.Carter to NYG 40 for 7 yards (22-A.Samuel, 95-R.Phifer).",1.111,0.164
2003,6,October 12,home,New York Giants,https://www.pro-football-reference.com/boxscores/200310120nwe.htm,4,05:38,2,3,NYG 40,17,6,"(5:38) (No Huddle, Shotgun) 5-K.Collins pass to 21-T.Barber to NYG 45 for 5 yards (95-R.Phifer).",1.274,0.379
2003,6,October 12,home,New York Giants,https://www.pro-football-reference.com/boxscores/200310120nwe.htm,4,05:15,1,10,NYG 45,17,6,"(5:15) (No Huddle, Shotgun) 5-K.Collins pass incomplete to 80-J.Shockey (54-T.Bruschi).",1.654,-0.431
2003,6,October 12,home,New York Giants,https://www.pro-football-reference.com/boxscores/200310120nwe.htm,4,05:12,2,10,NYG 45,17,6,"(5:12) 5-K.Collins pass incomplete to 21-T.Barber. PENALTY on NE-90-D.Klecko, Roughing the Passer, 15 yards, enforced at NYG 45 - No Play. NE 93-Seymour injured on play.",1.222,1.549
2003,6,October 12,home,New York Giants,https://www.pro-football-reference.com/boxscores/200310120nwe.htm,4,05:08,1,10,NE 40,17,6,(5:08) (Shotgun) 5-K.Collins sacked at NE 43 for -3 yards (sack split by 97-J.Green and 58-M.Chatham).,2.771,-1.144
2003,6,October 12,home,New York Giants,https://www.pro-football-reference.com/boxscores/200310120nwe.htm,4,04:45,2,13,NE 43,17,6,"(4:45) (No Huddle, Shotgun) 5-K.Collins pass to 84-T.Carter to NE 37 for 6 yards (22-A.Samuel, 95-R.Phifer).",1.627,0.104
2003,6,October 12,home,New York Giants,https://www.pro-football-reference.com/boxscores/200310120nwe.htm,4,04:27,3,7,NE 37,17,6,"(4:27) (No Huddle, Shotgun) 5-K.Collins pass incomplete to 88-I.Hilliard.",1.731,-1.351
2003,6,October 12,home,New York Giants,https://www.pro-football-reference.com/boxscores/200310120nwe.htm,4,04:24,4,7,NE 37,17,6,(4:24) (Shotgun) 5-K.Collins pass incomplete to 81-A.Toomer.,0.380,-1.927
2003,6,October 12,home,New York Giants,https://www.pro-football-reference.com/boxscores/200310120nwe.htm,4,04:20,1,10,NE 37,17,6,(4:20) 33-K.Faulk left tackle to NE 39 for 2 yards (22-R.Brown). NE 88-Fauria injured on play.,1.547,-0.503
2003,6,October 12,home,New York Giants,https://www.pro-football-reference.com/boxscores/200310120nwe.htm,4,03:48,2,8,NE 39,17,6,"(3:48) PENALTY on NYG-90-K.Holmes, Defensive Offside, 5 yards, enforced at NE 39 - No Play.",1.044,0.497
2003,6,October 12,home,New York Giants,https://www.pro-football-reference.com/boxscores/200310120nwe.htm,4,03:44,2,3,NE 44,17,6,"(3:44) NE 90-Klecko & 68-Ashworth eligible. 90-D.Klecko up the middle to NE 49 for 5 yards (90-K.Holmes, 58-M.Barrow).",1.542,0.249
2003,6,October 12,home,New York Giants,https://www.pro-football-reference.com/boxscores/200310120nwe.htm,4,03:36,,,NE 49,17,6,Timeout #2 by NYG at 03:36.,1.791,0.000
2003,6,October 12,home,New York Giants,https://www.pro-football-reference.com/boxscores/200310120nwe.htm,4,03:36,1,10,NE 49,17,6,"(3:36) NE 90-Klecko & 68-Ashworth eligible. 21-M.Cloud left tackle to NYG 48 for 3 yards (55-D.Jones, 97-C.Griffin).",1.791,-0.724
2003,6,October 12,home,New York Giants,https://www.pro-football-reference.com/boxscores/200310120nwe.htm,4,03:26,,,NYG 48,17,6,Timeout #3 by NYG at 03:26.,1.066,0.000
2003,6,October 12,home,New York Giants,https://www.pro-football-reference.com/boxscores/200310120nwe.htm,4,03:26,2,7,NYG 48,17,6,(3:26) 12-T.Brady sacked at NE 41 for -11 yards (92-M.Strahan).,1.066,-0.983
2003,6,October 12,home,New York Giants,https://www.pro-football-reference.com/boxscores/200310120nwe.htm,4,02:42,3,18,NE 41,17,6,"(2:42) 12-T.Brady pass to 80-T.Brown to NYG 24 for 35 yards. PENALTY on NE-72-M.Light, Illegal Use of Hands, 10 yards, enforced at NE 41 - No Play.",0.083,-0.259
2003,6,October 12,home,New York Giants,https://www.pro-football-reference.com/boxscores/200310120nwe.htm,4,02:31,3,28,NE 31,17,6,(2:31) 33-K.Faulk left tackle to NE 36 for 5 yards (55-D.Jones).,-0.176,-0.302
2003,6,October 12,home,New York Giants,https://www.pro-football-reference.com/boxscores/200310120nwe.htm,4,02:00,4,23,NE 36,17,6,"(2:00) 13-K.Walter punts 34 yards to NYG 30, Center-66-L.Paxton. 30-B.Mitchell to NYG 41 for 11 yards (23-A.Harris). Penalty on NYG-85-D.Tyree, Running Into the Kicker, declined.",-0.479,-0.657
2003,6,October 12,home,New York Giants,https://www.pro-football-reference.com/boxscores/200310120nwe.htm,4,01:51,1,10,NYG 41,17,6,"(1:51) (Shotgun) 5-K.Collins pass to 88-I.Hilliard to 50 for 9 yards (95-R.Phifer, 54-T.Bruschi).",1.136,0.398
2003,6,October 12,home,New York Giants,https://www.pro-football-reference.com/boxscores/200310120nwe.htm,4,01:29,2,1,MID 50,17,6,"(1:29) (No Huddle, Shotgun) 5-K.Collins pass to 84-T.Carter to NE 43 for 7 yards (24-T.Law, 37-R.Harrison).",1.534,0.084
2003,6,October 12,home,New York Giants,https://www.pro-football-reference.com/boxscores/200310120nwe.htm,4,01:07,1,10,NE 43,17,6,"(1:07) (No Huddle, Shotgun) 5-K.Collins pass to 88-I.Hilliard to NE 31 for 12 yards (95-R.Phifer, 54-T.Bruschi).",1.618,0.842
2003,6,October 12,home,New York Giants,https://www.pro-football-reference.com/boxscores/200310120nwe.htm,4,00:54,1,10,NE 31,17,6,(:54) (No Huddle) 5-K.Collins spiked the ball to stop the clock.,2.460,-0.215
2003,6,October 12,home,New York Giants,https://www.pro-football-reference.com/boxscores/200310120nwe.htm,4,00:51,2,10,NE 31,17,6,(:51) (Shotgun) 5-K.Collins pass intended for 81-A.Toomer INTERCEPTED by 26-E.Wilson (23-A.Harris) at NE 12. 26-E.Wilson pushed ob at NE 18 for 6 yards (81-A.Toomer).,2.245,-2.245
2003,6,October 12,home,New York Giants,https://www.pro-football-reference.com/boxscores/200310120nwe.htm,4,00:43,1,10,NE 18,17,6,(:43) 12-T.Brady kneels to NE 17 for -1 yards.,0.000,0.000
2003,7,October 19,away,Miami Dolphins,https://www.pro-football-reference.com/boxscores/200310190mia.htm,1,15:00,,,NE 30,0,0,"4-A.Vinatieri kicks 77 yards from NE 30 to MIA -7. 32-C.Rogers, Touchback.",0.817,0.000
2003,7,October 19,away,Miami Dolphins,https://www.pro-football-reference.com/boxscores/200310190mia.htm,1,15:00,1,10,MIA 20,0,0,(15:00) 34-R.Williams left guard to MIA 22 for 2 yards (58-M.Chatham).,0.817,-0.491
2003,7,October 19,away,Miami Dolphins,https://www.pro-football-reference.com/boxscores/200310190mia.htm,1,14:22,2,8,MIA 22,0,0,(14:22) 9-J.Fiedler pass to 88-D.Thompson to MIA 39 for 17 yards (37-R.Harrison).,0.325,1.817
2003,7,October 19,away,Miami Dolphins,https://www.pro-football-reference.com/boxscores/200310190mia.htm,1,13:45,1,10,MIA 39,0,0,(13:45) 34-R.Williams right end to MIA 38 for -1 yards (97-J.Green).,2.142,-0.689
2003,7,October 19,away,Miami Dolphins,https://www.pro-football-reference.com/boxscores/200310190mia.htm,1,13:02,2,11,MIA 38,0,0,(13:02) 9-J.Fiedler pass incomplete to 84-C.Chambers.,1.453,-0.834
2003,7,October 19,away,Miami Dolphins,https://www.pro-football-reference.com/boxscores/200310190mia.htm,1,12:57,3,11,MIA 38,0,0,(12:57) 9-J.Fiedler pass incomplete to 84-C.Chambers.,0.619,-1.128
2003,7,October 19,away,Miami Dolphins,https://www.pro-football-reference.com/boxscores/200310190mia.htm,1,12:52,4,11,MIA 38,0,0,"(12:52) 1-M.Turk punts 46 yards to NE 16, Center-47-J.Grau. 80-T.Brown to NE 18 for 2 yards (50-B.Ayanbadejo; 30-O.Ayanbadejo).",-0.509,0.706
2003,7,October 19,away,Miami Dolphins,https://www.pro-football-reference.com/boxscores/200310190mia.htm,1,12:40,1,10,NE 18,0,0,(12:40) 12-T.Brady pass to 33-K.Faulk to NE 27 for 9 yards (23-P.Surtain).,-0.197,0.900
2003,7,October 19,away,Miami Dolphins,https://www.pro-football-reference.com/boxscores/200310190mia.htm,1,12:03,2,1,NE 27,0,0,(12:03) 12-T.Brady pass incomplete to 88-C.Fauria.,0.703,-0.490
2003,7,October 19,away,Miami Dolphins,https://www.pro-football-reference.com/boxscores/200310190mia.htm,1,11:57,3,1,NE 27,0,0,(11:57) 21-M.Cloud right guard to NE 27 for no gain (54-Z.Thomas; 64-L.Chester).,0.213,-1.518
2003,7,October 19,away,Miami Dolphins,https://www.pro-football-reference.com/boxscores/200310190mia.htm,1,11:57,4,1,NE 27,0,0,"(11:57) 13-K.Walter punts 43 yards to MIA 30, Center-66-L.Paxton. 32-C.Rogers MUFFS catch, recovered by MIA-27-T.Buckley at MIA 31.",-1.305,-0.293
2003,7,October 19,away,Miami Dolphins,https://www.pro-football-reference.com/boxscores/200310190mia.htm,1,11:08,1,10,MIA 31,0,0,(11:08) 34-R.Williams right tackle to MIA 33 for 2 yards (37-R.Harrison).,1.598,-0.366
2003,7,October 19,away,Miami Dolphins,https://www.pro-football-reference.com/boxscores/200310190mia.htm,1,10:31,2,8,MIA 33,0,0,"(10:31) 9-J.Fiedler pass intended for 88-D.Thompson INTERCEPTED by 26-E.Wilson (22-A.Samuel) at NE 27. 26-E.Wilson to NE 27 for no gain (88-D.Thompson). PENALTY on MIA-88-D.Thompson, Face Mask (15 Yards), 15 yards, enforced at NE 27.",1.232,-2.632
2003,7,October 19,away,Miami Dolphins,https://www.pro-football-reference.com/boxscores/200310190mia.htm,1,10:21,1,10,NE 42,0,0,(10:21) 33-K.Faulk left tackle to NE 46 for 4 yards (54-Z.Thomas).,1.400,0.061
2003,7,October 19,away,Miami Dolphins,https://www.pro-football-reference.com/boxscores/200310190mia.htm,1,09:51,2,6,NE 46,0,0,(9:51) 12-T.Brady pass to 33-K.Faulk to MIA 45 for 9 yards (24-S.Knight).,1.462,0.915
2003,7,October 19,away,Miami Dolphins,https://www.pro-football-reference.com/boxscores/200310190mia.htm,1,09:03,1,10,MIA 45,0,0,(9:03) 33-K.Faulk up the middle to MIA 46 for -1 yards (55-J.Seau; 95-T.Bowens).,2.376,-0.845
2003,7,October 19,away,Miami Dolphins,https://www.pro-football-reference.com/boxscores/200310190mia.htm,1,08:27,2,11,MIA 46,0,0,(8:27) 33-K.Faulk up the middle to MIA 43 for 3 yards (24-S.Knight; 54-Z.Thomas).,1.532,-0.489
2003,7,October 19,away,Miami Dolphins,https://www.pro-football-reference.com/boxscores/200310190mia.htm,1,07:42,3,8,MIA 43,0,0,(7:42) 12-T.Brady pass to 87-D.Givens to MIA 40 for 3 yards (29-S.Madison).,1.043,-1.221
2003,7,October 19,away,Miami Dolphins,https://www.pro-football-reference.com/boxscores/200310190mia.htm,1,07:06,4,5,MIA 40,0,0,"(7:06) 13-K.Walter punts 27 yards to MIA 13, Center-66-L.Paxton, downed by NE-81-B.Johnson.",-0.179,-0.108
2003,7,October 19,away,Miami Dolphins,https://www.pro-football-reference.com/boxscores/200310190mia.htm,1,06:55,1,10,MIA 13,0,0,(6:55) 34-R.Williams up the middle to MIA 31 for 18 yards (22-A.Samuel).,0.287,1.269
2003,7,October 19,away,Miami Dolphins,https://www.pro-football-reference.com/boxscores/200310190mia.htm,1,06:10,1,10,MIA 31,0,0,"(6:10) 9-J.Fiedler pass to 84-C.Chambers to MIA 42 for 11 yards (54-T.Bruschi). FUMBLES (54-T.Bruschi), RECOVERED by NE-37-R.Harrison at MIA 42. 37-R.Harrison to MIA 26 for 16 yards (34-R.Williams).",1.556,-5.417
2003,7,October 19,away,Miami Dolphins,https://www.pro-football-reference.com/boxscores/200310190mia.htm,1,05:57,1,10,MIA 26,0,0,(5:57) 12-T.Brady pass incomplete to 80-T.Brown (52-M.Greenwood).,3.861,-0.409
2003,7,October 19,away,Miami Dolphins,https://www.pro-football-reference.com/boxscores/200310190mia.htm,1,05:52,2,10,MIA 26,0,0,(5:52) 33-K.Faulk left guard to MIA 22 for 4 yards (27-T.Buckley).,3.452,-0.169
2003,7,October 19,away,Miami Dolphins,https://www.pro-football-reference.com/boxscores/200310190mia.htm,1,05:09,3,6,MIA 22,0,0,(5:09) 12-T.Brady pass to 33-K.Faulk to MIA 15 for 7 yards (55-J.Seau; 52-M.Greenwood).,3.283,1.375
2003,7,October 19,away,Miami Dolphins,https://www.pro-football-reference.com/boxscores/200310190mia.htm,1,04:19,1,10,MIA 15,0,0,(4:19) 33-K.Faulk right end to MIA 18 for -3 yards (54-Z.Thomas).,4.658,-1.025
2003,7,October 19,away,Miami Dolphins,https://www.pro-football-reference.com/boxscores/200310190mia.htm,1,03:40,2,13,MIA 18,0,0,(3:40) 12-T.Brady pass to 80-T.Brown to MIA 10 for 8 yards (27-T.Buckley; 31-B.Marion).,3.633,0.376
2003,7,October 19,away,Miami Dolphins,https://www.pro-football-reference.com/boxscores/200310190mia.htm,1,03:07,3,5,MIA 10,0,0,(3:07) 12-T.Brady up the middle to MIA 7 for 3 yards (93-A.Ogunleye).,4.009,-1.131
2003,7,October 19,away,Miami Dolphins,https://www.pro-football-reference.com/boxscores/200310190mia.htm,1,02:27,4,2,MIA 7,3,0,"(2:27) 4-A.Vinatieri 25 yard field goal is GOOD, Center-66-L.Paxton, Holder-13-K.Walter.",2.879,0.121
2003,7,October 19,away,Miami Dolphins,https://www.pro-football-reference.com/boxscores/200310190mia.htm,1,02:24,,,NE 30,3,0,4-A.Vinatieri kicks 64 yards from NE 30 to MIA 6. 32-C.Rogers to MIA 36 for 30 yards (23-A.Harris).,0.768,1.159
2003,7,October 19,away,Miami Dolphins,https://www.pro-football-reference.com/boxscores/200310190mia.htm,1,02:17,1,10,MIA 36,3,0,(2:17) 34-R.Williams right end to MIA 43 for 7 yards (58-M.Chatham).,1.928,0.280
2003,7,October 19,away,Miami Dolphins,https://www.pro-football-reference.com/boxscores/200310190mia.htm,1,01:40,2,3,MIA 43,3,0,(1:40) 9-J.Fiedler pass to 30-O.Ayanbadejo pushed ob at NE 47 for 10 yards (95-R.Phifer).,2.208,0.669
2003,7,October 19,away,Miami Dolphins,https://www.pro-football-reference.com/boxscores/200310190mia.htm,1,01:12,1,10,NE 47,3,0,(1:12) 34-R.Williams up the middle to NE 47 for no gain (93-R.Seymour; 58-M.Chatham).,2.877,-0.475
2003,7,October 19,away,Miami Dolphins,https://www.pro-football-reference.com/boxscores/200310190mia.htm,1,00:30,2,10,NE 47,3,0,"(:30) 9-J.Fiedler sacked at NE 48 for -1 yards (94-T.Warren). Penalty on MIA-61-T.Ruddy, Offensive Holding, declined.",2.402,-1.277
2003,7,October 19,away,Miami Dolphins,https://www.pro-football-reference.com/boxscores/200310190mia.htm,2,15:00,3,11,NE 48,3,0,(15:00) 9-J.Fiedler pass to 34-R.Williams to NE 41 for 7 yards (38-T.Poole).,1.125,-0.561
2003,7,October 19,away,Miami Dolphins,https://www.pro-football-reference.com/boxscores/200310190mia.htm,2,14:22,4,4,NE 41,3,0,"(14:22) 1-M.Turk punts 34 yards to NE 7, Center-47-J.Grau, downed by MIA-50-B.Ayanbadejo.",0.564,0.269
2003,7,October 19,away,Miami Dolphins,https://www.pro-football-reference.com/boxscores/200310190mia.htm,2,14:12,1,10,NE 7,3,0,(14:12) 33-K.Faulk left tackle to NE 11 for 4 yards (54-Z.Thomas; 55-J.Seau).,-0.833,-0.048
2003,7,October 19,away,Miami Dolphins,https://www.pro-football-reference.com/boxscores/200310190mia.htm,2,13:36,2,6,NE 11,3,0,(13:36) 33-K.Faulk right end to NE 14 for 3 yards (52-M.Greenwood).,-0.882,-0.369
2003,7,October 19,away,Miami Dolphins,https://www.pro-football-reference.com/boxscores/200310190mia.htm,2,12:55,3,3,NE 14,3,0,"(12:55) 12-T.Brady up the middle to NE 16 for 2 yards. FUMBLES, RECOVERED by MIA-91-J.Williams at NE 16. Play Challenged by NE and Upheld. (Timeout #1 at 12:49.)",-1.250,-3.464
2003,7,October 19,away,Miami Dolphins,https://www.pro-football-reference.com/boxscores/200310190mia.htm,2,12:49,1,10,NE 16,3,0,(12:49) 34-R.Williams right end to NE 10 for 6 yards (54-T.Bruschi).,4.715,0.194
2003,7,October 19,away,Miami Dolphins,https://www.pro-football-reference.com/boxscores/200310190mia.htm,2,12:04,2,4,NE 10,3,0,(12:04) 9-J.Fiedler pass to 81-R.McMichael to NE 5 for 5 yards (37-R.Harrison).,4.909,0.755
2003,7,October 19,away,Miami Dolphins,https://www.pro-football-reference.com/boxscores/200310190mia.htm,2,11:24,1,5,NE 5,3,0,(11:24) 34-R.Williams up the middle to NE 3 for 2 yards (94-T.Warren).,5.664,-0.092
2003,7,October 19,away,Miami Dolphins,https://www.pro-football-reference.com/boxscores/200310190mia.htm,2,10:40,2,3,NE 3,3,0,(10:40) 9-J.Fiedler pass to 30-O.Ayanbadejo pushed ob at NE 6 for -3 yards (54-T.Bruschi).,5.572,-1.476
2003,7,October 19,away,Miami Dolphins,https://www.pro-football-reference.com/boxscores/200310190mia.htm,2,10:08,3,6,NE 6,3,6,"(10:08) 9-J.Fiedler pass to 84-C.Chambers for 6 yards, TOUCHDOWN.",4.095,2.905
2003,7,October 19,away,Miami Dolphins,https://www.pro-football-reference.com/boxscores/200310190mia.htm,2,10:03,,,NE 2,3,7,"10-O.Mare extra point is GOOD, Center-47-J.Grau, Holder-1-M.Turk.",0.986,0.014
2003,7,October 19,away,Miami Dolphins,https://www.pro-football-reference.com/boxscores/200310190mia.htm,2,10:03,,,MIA 30,3,7,10-O.Mare kicks 71 yards from MIA 30 to NE -1. 81-B.Johnson to NE 24 for 25 yards (28-T.Minor).,0.148,0.162
2003,7,October 19,away,Miami Dolphins,https://www.pro-football-reference.com/boxscores/200310190mia.htm,2,09:56,1,10,NE 24,3,7,(9:56) 12-T.Brady pass to 83-D.Branch pushed ob at NE 36 for 12 yards (29-S.Madison).,0.310,0.742
2003,7,October 19,away,Miami Dolphins,https://www.pro-football-reference.com/boxscores/200310190mia.htm,2,09:26,1,10,NE 36,3,7,"(9:26) 33-K.Faulk left guard to NE 42 for 6 yards (31-B.Marion). FUMBLES (31-B.Marion), RECOVERED by MIA-64-L.Chester at NE 40.",1.053,-4.136
2003,7,October 19,away,Miami Dolphins,https://www.pro-football-reference.com/boxscores/200310190mia.htm,2,09:16,1,10,NE 40,3,7,(9:16) 9-J.Fiedler pass to 88-D.Thompson to NE 23 for 17 yards (38-T.Poole).,3.083,1.219
2003,7,October 19,away,Miami Dolphins,https://www.pro-football-reference.com/boxscores/200310190mia.htm,2,08:35,1,10,NE 23,3,7,(8:35) 34-R.Williams left tackle to NE 20 for 3 yards (97-J.Green).,4.302,-0.278
2003,7,October 19,away,Miami Dolphins,https://www.pro-football-reference.com/boxscores/200310190mia.htm,2,07:52,2,7,NE 20,3,7,"(7:52) 9-J.Fiedler pass to 30-O.Ayanbadejo ran ob at NE 16 for 4 yards. PENALTY on NE-37-R.Harrison, Defensive Offside, 5 yards, enforced at NE 20 - No Play.",4.024,0.847
2003,7,October 19,away,Miami Dolphins,https://www.pro-football-reference.com/boxscores/200310190mia.htm,2,07:27,2,2,NE 15,3,7,(7:27) 34-R.Williams up the middle to NE 12 for 3 yards (94-T.Warren).,4.871,-0.028
2003,7,October 19,away,Miami Dolphins,https://www.pro-football-reference.com/boxscores/200310190mia.htm,2,06:43,1,10,NE 12,3,7,(6:43) 34-R.Williams left tackle to NE 3 for 9 yards (37-R.Harrison).,4.843,1.028
2003,7,October 19,away,Miami Dolphins,https://www.pro-football-reference.com/boxscores/200310190mia.htm,2,05:58,2,1,NE 3,3,7,(5:58) 30-O.Ayanbadejo up the middle to NE 5 for -2 yards (91-B.Hamilton).,5.871,-1.456
2003,7,October 19,away,Miami Dolphins,https://www.pro-football-reference.com/boxscores/200310190mia.htm,2,05:18,,,NE 5,3,7,Timeout #2 by NE at 05:18.,4.415,0.000
2003,7,October 19,away,Miami Dolphins,https://www.pro-football-reference.com/boxscores/200310190mia.htm,2,05:18,3,3,NE 5,3,7,(5:18) 9-J.Fiedler pass incomplete to 88-D.Thompson.,4.415,-1.509
2003,7,October 19,away,Miami Dolphins,https://www.pro-football-reference.com/boxscores/200310190mia.htm,2,05:11,4,3,NE 5,3,10,"(5:11) 10-O.Mare 23 yard field goal is GOOD, Center-47-J.Grau, Holder-1-M.Turk.",2.905,0.095
2003,7,October 19,away,Miami Dolphins,https://www.pro-football-reference.com/boxscores/200310190mia.htm,2,05:08,,,MIA 30,3,10,10-O.Mare kicks 69 yards from MIA 30 to NE 1. 81-B.Johnson to NE 34 for 33 yards (52-M.Greenwood).,0.262,0.773
2003,7,October 19,away,Miami Dolphins,https://www.pro-football-reference.com/boxscores/200310190mia.htm,2,05:01,1,10,NE 34,3,10,(5:01) 12-T.Brady pass to 33-K.Faulk to NE 41 for 7 yards (54-Z.Thomas; 55-J.Seau).,1.035,0.243
2003,7,October 19,away,Miami Dolphins,https://www.pro-football-reference.com/boxscores/200310190mia.htm,2,04:29,2,3,NE 41,3,10,(4:29) 44-F.McCrary up the middle to NE 45 for 4 yards (24-S.Knight).,1.278,0.330
2003,7,October 19,away,Miami Dolphins,https://www.pro-football-reference.com/boxscores/200310190mia.htm,2,03:53,1,10,NE 45,3,10,(3:53) 12-T.Brady pass incomplete to 83-D.Branch.,1.608,-0.509
2003,7,October 19,away,Miami Dolphins,https://www.pro-football-reference.com/boxscores/200310190mia.htm,2,03:47,2,10,NE 45,3,10,(3:47) 12-T.Brady pass to 83-D.Branch pushed ob at MIA 46 for 9 yards (29-S.Madison).,1.099,0.718
2003,7,October 19,away,Miami Dolphins,https://www.pro-football-reference.com/boxscores/200310190mia.htm,2,03:18,3,1,MIA 46,3,10,(3:18) 21-M.Cloud up the middle to MIA 44 for 2 yards (54-Z.Thomas; 92-J.Zgonina).,1.817,0.305
2003,7,October 19,away,Miami Dolphins,https://www.pro-football-reference.com/boxscores/200310190mia.htm,2,02:38,1,10,MIA 44,3,10,(2:38) 33-K.Faulk up the middle to MIA 42 for 2 yards (93-A.Ogunleye).,2.122,-0.296
2003,7,October 19,away,Miami Dolphins,https://www.pro-football-reference.com/boxscores/200310190mia.htm,2,02:00,2,8,MIA 42,3,10,(2:00) 33-K.Faulk left guard to MIA 36 for 6 yards (20-A.Freeman; 24-S.Knight).,1.826,0.289
2003,7,October 19,away,Miami Dolphins,https://www.pro-football-reference.com/boxscores/200310190mia.htm,2,01:21,3,2,MIA 36,3,10,"(1:21) 12-T.Brady pass incomplete to 81-B.Johnson. PENALTY on MIA-99-J.Taylor, Roughing the Passer, 15 yards, enforced at MIA 36 - No Play.",2.115,1.466
2003,7,October 19,away,Miami Dolphins,https://www.pro-football-reference.com/boxscores/200310190mia.htm,2,01:16,1,10,MIA 21,3,10,(1:16) 12-T.Brady pass to 80-T.Brown to MIA 2 for 19 yards (31-B.Marion; 24-S.Knight).,3.582,1.915
2003,7,October 19,away,Miami Dolphins,https://www.pro-football-reference.com/boxscores/200310190mia.htm,2,00:28,1,2,MIA 2,3,10,(:28) 90-D.Klecko up the middle to MIA 2 for no gain (54-Z.Thomas).,5.497,-0.864
2003,7,October 19,away,Miami Dolphins,https://www.pro-football-reference.com/boxscores/200310190mia.htm,2,00:20,,,MIA 2,3,10,Timeout #3 by NE at 00:20.,4.633,0.000
2003,7,October 19,away,Miami Dolphins,https://www.pro-football-reference.com/boxscores/200310190mia.htm,2,00:20,2,2,MIA 2,3,10,"(:20) 12-T.Brady pass to 88-C.Fauria for 2 yards, TOUCHDOWN NULLIFIED by Penalty. PENALTY on NE-68-T.Ashworth, Offensive Pass Interference, 10 yards, enforced at MIA 2 - No Play.",4.633,-1.724
2003,7,October 19,away,Miami Dolphins,https://www.pro-football-reference.com/boxscores/200310190mia.htm,2,00:14,2,12,MIA 12,3,10,(:14) 12-T.Brady pass incomplete to 83-D.Branch.,2.909,-0.233
2003,7,October 19,away,Miami Dolphins,https://www.pro-football-reference.com/boxscores/200310190mia.htm,2,00:07,,,MIA 12,3,10,Timeout #1 by MIA at 00:07.,2.676,0.000
2003,7,October 19,away,Miami Dolphins,https://www.pro-football-reference.com/boxscores/200310190mia.htm,2,00:07,3,12,MIA 12,6,10,"(:07) 4-A.Vinatieri 30 yard field goal is GOOD, Center-66-L.Paxton, Holder-13-K.Walter.",2.676,0.324
2003,7,October 19,away,Miami Dolphins,https://www.pro-football-reference.com/boxscores/200310190mia.htm,2,00:02,,,NE 30,6,10,4-A.Vinatieri kicks 43 yards from NE 30 to MIA 27. 85-D.Lee (didn't try to advance) to MIA 27 for no gain.,-0.014,0.014
2003,7,October 19,away,Miami Dolphins,https://www.pro-football-reference.com/boxscores/200310190mia.htm,3,15:00,,,MIA 30,6,10,10-O.Mare kicks 65 yards from MIA 30 to NE 5. 81-B.Johnson to NE 27 for 22 yards (51-T.Hendricks).,-0.140,0.520
2003,7,October 19,away,Miami Dolphins,https://www.pro-football-reference.com/boxscores/200310190mia.htm,3,14:54,1,10,NE 27,6,10,(14:54) 33-K.Faulk left guard to NE 30 for 3 yards (55-J.Seau; 64-L.Chester).,0.380,-0.231
2003,7,October 19,away,Miami Dolphins,https://www.pro-football-reference.com/boxscores/200310190mia.htm,3,14:15,2,7,NE 30,6,10,(14:15) 12-T.Brady pass to 33-K.Faulk to NE 29 for -1 yards (23-P.Surtain).,0.149,-0.759
2003,7,October 19,away,Miami Dolphins,https://www.pro-football-reference.com/boxscores/200310190mia.htm,3,13:45,3,8,NE 29,6,10,(13:45) 12-T.Brady pass incomplete to 83-D.Branch (29-S.Madison).,-0.609,-1.232
2003,7,October 19,away,Miami Dolphins,https://www.pro-football-reference.com/boxscores/200310190mia.htm,3,13:32,4,8,NE 29,6,10,"(13:32) 13-K.Walter punts 21 yards to 50, Center-66-L.Paxton, downed by NE-66-L.Paxton.",-1.841,-1.006
2003,7,October 19,away,Miami Dolphins,https://www.pro-football-reference.com/boxscores/200310190mia.htm,3,13:21,1,10,MID 50,6,10,(13:21) 9-J.Fiedler pass to 81-R.McMichael to NE 28 for 22 yards (95-R.Phifer).,2.847,1.240
2003,7,October 19,away,Miami Dolphins,https://www.pro-football-reference.com/boxscores/200310190mia.htm,3,12:39,1,10,NE 28,6,10,(12:39) 34-R.Williams left end pushed ob at NE 29 for -1 yards (26-E.Wilson).,4.086,-0.735
2003,7,October 19,away,Miami Dolphins,https://www.pro-football-reference.com/boxscores/200310190mia.htm,3,12:05,2,11,NE 29,6,10,(12:05) 9-J.Fiedler pass to 81-R.McMichael to NE 14 for 15 yards (95-R.Phifer).,3.351,1.602
2003,7,October 19,away,Miami Dolphins,https://www.pro-football-reference.com/boxscores/200310190mia.htm,3,11:18,1,10,NE 14,6,10,(11:18) 34-R.Williams right end to NE 18 for -4 yards (58-M.Chatham).,4.953,-1.100
2003,7,October 19,away,Miami Dolphins,https://www.pro-football-reference.com/boxscores/200310190mia.htm,3,10:33,2,14,NE 18,6,10,(10:33) 9-J.Fiedler pass incomplete to 34-R.Williams (94-T.Warren).,3.853,-0.691
2003,7,October 19,away,Miami Dolphins,https://www.pro-football-reference.com/boxscores/200310190mia.htm,3,10:26,3,14,NE 18,6,10,(10:26) 9-J.Fiedler pass to 34-R.Williams to NE 16 for 2 yards (54-T.Bruschi).,3.162,-0.798
2003,7,October 19,away,Miami Dolphins,https://www.pro-football-reference.com/boxscores/200310190mia.htm,3,09:49,4,12,NE 16,6,13,"(9:49) 10-O.Mare 34 yard field goal is GOOD, Center-47-J.Grau, Holder-1-M.Turk.",2.365,0.635
2003,7,October 19,away,Miami Dolphins,https://www.pro-football-reference.com/boxscores/200310190mia.htm,3,09:46,,,MIA 30,6,13,10-O.Mare kicks 66 yards from MIA 30 to NE 4. 87-D.Givens to NE 24 for 20 yards (28-T.Minor).,-0.002,0.132
2003,7,October 19,away,Miami Dolphins,https://www.pro-football-reference.com/boxscores/200310190mia.htm,3,09:38,1,10,NE 24,6,13,(9:38) 12-T.Brady pass to 87-D.Givens to NE 31 for 7 yards (23-P.Surtain).,0.129,0.501
2003,7,October 19,away,Miami Dolphins,https://www.pro-football-reference.com/boxscores/200310190mia.htm,3,09:06,2,3,NE 31,6,13,(9:06) 33-K.Faulk up the middle to NE 32 for 1 yard (64-L.Chester).,0.631,-0.384
2003,7,October 19,away,Miami Dolphins,https://www.pro-football-reference.com/boxscores/200310190mia.htm,3,08:25,3,2,NE 32,6,13,(8:25) 12-T.Brady pass to 83-D.Branch to NE 38 for 6 yards (54-Z.Thomas).,0.247,0.856
2003,7,October 19,away,Miami Dolphins,https://www.pro-football-reference.com/boxscores/200310190mia.htm,3,07:47,1,10,NE 38,6,13,(7:47) 12-T.Brady pass incomplete to 87-D.Givens.,1.102,-0.456
2003,7,October 19,away,Miami Dolphins,https://www.pro-football-reference.com/boxscores/200310190mia.htm,3,07:41,2,10,NE 38,6,13,(7:41) 12-T.Brady pass to 80-T.Brown to NE 44 for 6 yards (93-A.Ogunleye).,0.646,0.029
2003,7,October 19,away,Miami Dolphins,https://www.pro-football-reference.com/boxscores/200310190mia.htm,3,07:08,3,4,NE 44,6,13,(7:08) 12-T.Brady up the middle to NE 49 for 5 yards (54-Z.Thomas; 91-J.Williams).,0.675,1.264
2003,7,October 19,away,Miami Dolphins,https://www.pro-football-reference.com/boxscores/200310190mia.htm,3,06:29,1,10,NE 49,6,13,(6:29) 12-T.Brady pass to 88-C.Fauria to MIA 43 for 8 yards (23-P.Surtain).,1.940,0.479
2003,7,October 19,away,Miami Dolphins,https://www.pro-football-reference.com/boxscores/200310190mia.htm,3,05:57,2,2,MIA 43,6,13,(5:57) 21-M.Cloud up the middle to MIA 39 for 4 yards (64-L.Chester).,2.418,0.419
2003,7,October 19,away,Miami Dolphins,https://www.pro-football-reference.com/boxscores/200310190mia.htm,3,05:17,1,10,MIA 39,6,13,(5:17) 21-M.Cloud right end to MIA 37 for 2 yards (23-P.Surtain).,2.837,-0.450
2003,7,October 19,away,Miami Dolphins,https://www.pro-football-reference.com/boxscores/200310190mia.htm,3,04:41,2,8,MIA 37,6,13,(4:41) 12-T.Brady pass to 82-D.Graham pushed ob at MIA 35 for 2 yards (55-J.Seau).,2.388,-0.419
2003,7,October 19,away,Miami Dolphins,https://www.pro-football-reference.com/boxscores/200310190mia.htm,3,04:00,3,6,MIA 35,6,13,(4:00) 12-T.Brady pass to 83-D.Branch to MIA 24 for 11 yards (24-S.Knight).,1.968,2.062
2003,7,October 19,away,Miami Dolphins,https://www.pro-football-reference.com/boxscores/200310190mia.htm,3,03:13,1,10,MIA 24,6,13,"(3:13) PENALTY on NE-68-T.Ashworth, False Start, 5 yards, enforced at MIA 24 - No Play.",4.030,-0.777
2003,7,October 19,away,Miami Dolphins,https://www.pro-football-reference.com/boxscores/200310190mia.htm,3,02:47,1,15,MIA 29,6,13,(2:47) 12-T.Brady pass incomplete to 87-D.Givens.,3.254,-0.411
2003,7,October 19,away,Miami Dolphins,https://www.pro-football-reference.com/boxscores/200310190mia.htm,3,02:40,2,15,MIA 29,6,13,(2:40) 33-K.Faulk up the middle to MIA 24 for 5 yards (90-R.Burnett; 54-Z.Thomas).,2.842,0.307
2003,7,October 19,away,Miami Dolphins,https://www.pro-football-reference.com/boxscores/200310190mia.htm,3,01:55,3,10,MIA 24,12,13,"(1:55) 12-T.Brady pass to 87-D.Givens for 24 yards, TOUCHDOWN.",3.150,3.850
2003,7,October 19,away,Miami Dolphins,https://www.pro-football-reference.com/boxscores/200310190mia.htm,3,01:49,,,MIA 2,13,13,"4-A.Vinatieri extra point is GOOD, Center-66-L.Paxton, Holder-13-K.Walter.",0.986,0.014
2003,7,October 19,away,Miami Dolphins,https://www.pro-football-reference.com/boxscores/200310190mia.htm,3,01:49,,,NE 30,13,13,4-A.Vinatieri kicks 72 yards from NE 30 to MIA -2. 32-C.Rogers to MIA 26 for 28 yards (84-F.Baxter).,0.760,0.474
2003,7,October 19,away,Miami Dolphins,https://www.pro-football-reference.com/boxscores/200310190mia.htm,3,01:43,1,10,MIA 26,13,13,(1:43) 9-J.Fiedler pass incomplete to 81-R.McMichael (37-R.Harrison).,1.234,-0.521
2003,7,October 19,away,Miami Dolphins,https://www.pro-football-reference.com/boxscores/200310190mia.htm,3,01:37,2,10,MIA 26,13,13,(1:37) 9-J.Fiedler pass to 84-C.Chambers to MIA 39 for 13 yards (37-R.Harrison; 38-T.Poole).,0.713,1.298
2003,7,October 19,away,Miami Dolphins,https://www.pro-football-reference.com/boxscores/200310190mia.htm,3,00:50,1,10,MIA 39,13,13,"(:50) 9-J.Fiedler pass to 80-J.McKnight to NE 45 for 16 yards (95-R.Phifer). FUMBLES (95-R.Phifer), ball out of bounds at NE 45.",2.010,0.916
2003,7,October 19,away,Miami Dolphins,https://www.pro-football-reference.com/boxscores/200310190mia.htm,3,00:21,1,10,NE 45,13,13,(:21) 34-R.Williams right guard to NE 42 for 3 yards (54-T.Bruschi; 94-T.Warren).,2.926,-0.269
2003,7,October 19,away,Miami Dolphins,https://www.pro-football-reference.com/boxscores/200310190mia.htm,4,15:00,2,7,NE 42,13,13,(15:00) 9-J.Fiedler pass incomplete to 84-C.Chambers.,2.657,-0.793
2003,7,October 19,away,Miami Dolphins,https://www.pro-football-reference.com/boxscores/200310190mia.htm,4,14:55,3,7,NE 42,13,13,(14:55) (Shotgun) 9-J.Fiedler pass incomplete to 84-C.Chambers (34-C.Akins).,1.864,-1.661
2003,7,October 19,away,Miami Dolphins,https://www.pro-football-reference.com/boxscores/200310190mia.htm,4,14:48,4,7,NE 42,13,13,"(14:48) 1-M.Turk punts 23 yards to NE 19, Center-47-J.Grau, fair catch by 80-T.Brown.",0.203,-0.091
2003,7,October 19,away,Miami Dolphins,https://www.pro-football-reference.com/boxscores/200310190mia.htm,4,14:41,1,10,NE 19,13,13,(14:41) 12-T.Brady pass to 82-D.Graham to NE 26 for 7 yards (52-M.Greenwood; 24-S.Knight).,-0.112,0.397
2003,7,October 19,away,Miami Dolphins,https://www.pro-football-reference.com/boxscores/200310190mia.htm,4,14:10,2,3,NE 26,13,13,(14:10) 33-K.Faulk left guard to NE 28 for 2 yards (24-S.Knight).,0.285,-0.061
2003,7,October 19,away,Miami Dolphins,https://www.pro-football-reference.com/boxscores/200310190mia.htm,4,13:34,3,1,NE 28,13,13,(13:34) 21-M.Cloud right tackle to NE 28 for no gain (54-Z.Thomas).,0.224,-1.404
2003,7,October 19,away,Miami Dolphins,https://www.pro-football-reference.com/boxscores/200310190mia.htm,4,13:00,4,1,NE 28,13,13,"(13:00) 13-K.Walter punts 45 yards to MIA 27, Center-66-L.Paxton, fair catch by 32-C.Rogers.",-1.180,-0.070
2003,7,October 19,away,Miami Dolphins,https://www.pro-football-reference.com/boxscores/200310190mia.htm,4,12:51,1,10,MIA 27,13,13,(12:51) 34-R.Williams right tackle to MIA 28 for 1 yard (91-B.Hamilton).,1.251,-0.494
2003,7,October 19,away,Miami Dolphins,https://www.pro-football-reference.com/boxscores/200310190mia.htm,4,12:12,2,9,MIA 28,13,13,(12:12) 9-J.Fiedler pass incomplete to 84-C.Chambers.,0.756,-0.641
2003,7,October 19,away,Miami Dolphins,https://www.pro-football-reference.com/boxscores/200310190mia.htm,4,12:08,3,9,MIA 28,13,13,(12:08) 9-J.Fiedler pass incomplete to 81-R.McMichael (95-R.Phifer).,0.115,-1.227
2003,7,October 19,away,Miami Dolphins,https://www.pro-football-reference.com/boxscores/200310190mia.htm,4,12:03,4,9,MIA 28,13,13,"(12:03) 1-M.Turk punts 26 yards to NE 46, Center-47-J.Grau, out of bounds. Penalty on MIA-47-J.Grau, Offensive Holding, declined.",-1.112,-0.685
2003,7,October 19,away,Miami Dolphins,https://www.pro-football-reference.com/boxscores/200310190mia.htm,4,11:56,1,10,NE 46,13,13,(11:56) 12-T.Brady pass to 80-T.Brown pushed ob at MIA 49 for 5 yards (29-S.Madison).,1.797,0.043
2003,7,October 19,away,Miami Dolphins,https://www.pro-football-reference.com/boxscores/200310190mia.htm,4,11:27,2,5,MIA 49,13,13,(11:27) 12-T.Brady pass incomplete to 83-D.Branch.,1.840,-0.809
2003,7,October 19,away,Miami Dolphins,https://www.pro-football-reference.com/boxscores/200310190mia.htm,4,11:21,3,5,MIA 49,13,13,(11:21) 12-T.Brady pass incomplete to 83-D.Branch.,1.031,-1.519
2003,7,October 19,away,Miami Dolphins,https://www.pro-football-reference.com/boxscores/200310190mia.htm,4,11:15,4,5,MIA 49,13,13,"(11:15) 13-K.Walter punts 39 yards to MIA 10, Center-66-L.Paxton, downed by NE-51-D.Davis.",-0.488,0.386
2003,7,October 19,away,Miami Dolphins,https://www.pro-football-reference.com/boxscores/200310190mia.htm,4,11:03,1,10,MIA 10,13,13,(11:03) 34-R.Williams right guard to MIA 10 for no gain (94-T.Warren; 37-R.Harrison).,0.102,-0.504
2003,7,October 19,away,Miami Dolphins,https://www.pro-football-reference.com/boxscores/200310190mia.htm,4,10:41,2,10,MIA 10,13,13,(10:41) 9-J.Fiedler pass incomplete to 84-C.Chambers (38-T.Poole).,-0.402,-0.802
2003,7,October 19,away,Miami Dolphins,https://www.pro-football-reference.com/boxscores/200310190mia.htm,4,10:21,,,MIA 10,13,13,Timeout #1 by MIA at 10:21.,-1.204,0.000
2003,7,October 19,away,Miami Dolphins,https://www.pro-football-reference.com/boxscores/200310190mia.htm,4,10:21,3,10,MIA 10,13,13,(10:21) 9-J.Fiedler pass to 81-R.McMichael to MIA 26 for 16 yards (95-R.Phifer).,-1.204,2.126
2003,7,October 19,away,Miami Dolphins,https://www.pro-football-reference.com/boxscores/200310190mia.htm,4,09:39,1,10,MIA 26,13,13,(9:39) 34-R.Williams up the middle to MIA 26 for no gain (93-R.Seymour; 91-B.Hamilton).,0.922,-0.433
2003,7,October 19,away,Miami Dolphins,https://www.pro-football-reference.com/boxscores/200310190mia.htm,4,08:57,2,10,MIA 26,13,13,(8:57) 9-J.Fiedler scrambles up the middle to MIA 31 for 5 yards (95-R.Phifer).,0.489,-0.213
2003,7,October 19,away,Miami Dolphins,https://www.pro-football-reference.com/boxscores/200310190mia.htm,4,08:14,3,5,MIA 31,13,13,(8:14) 9-J.Fiedler pass to 81-R.McMichael pushed ob at MIA 38 for 7 yards (37-R.Harrison).,0.275,1.412
2003,7,October 19,away,Miami Dolphins,https://www.pro-football-reference.com/boxscores/200310190mia.htm,4,07:31,1,10,MIA 38,13,13,(7:31) 9-J.Fiedler pass to 81-R.McMichael to NE 46 for 16 yards (37-R.Harrison).,1.687,0.902
2003,7,October 19,away,Miami Dolphins,https://www.pro-football-reference.com/boxscores/200310190mia.htm,4,06:48,,,NE 46,13,13,Timeout #1 by NE at 06:48.,2.589,0.000
2003,7,October 19,away,Miami Dolphins,https://www.pro-football-reference.com/boxscores/200310190mia.htm,4,06:48,1,10,NE 46,13,13,(6:48) 9-J.Fiedler pass to 30-O.Ayanbadejo pushed ob at NE 45 for 1 yard (95-R.Phifer).,2.589,-0.390
2003,7,October 19,away,Miami Dolphins,https://www.pro-football-reference.com/boxscores/200310190mia.htm,4,06:09,2,9,NE 45,13,13,(6:09) 9-J.Fiedler pass to 81-R.McMichael to NE 41 for 4 yards (37-R.Harrison).,2.199,-0.141
2003,7,October 19,away,Miami Dolphins,https://www.pro-football-reference.com/boxscores/200310190mia.htm,4,05:22,3,5,NE 41,13,13,"(5:22) 9-J.Fiedler pass incomplete to 84-C.Chambers. PENALTY on NE-38-T.Poole, Defensive Pass Interference, 9 yards, enforced at NE 41 - No Play. Penalty on NE-26-E.Wilson, Illegal Use of Hands, declined.",2.058,1.342
2003,7,October 19,away,Miami Dolphins,https://www.pro-football-reference.com/boxscores/200310190mia.htm,4,05:17,1,10,NE 32,13,13,(5:17) 34-R.Williams up the middle to NE 31 for 1 yard (58-M.Chatham; 91-B.Hamilton).,3.400,-0.455
2003,7,October 19,away,Miami Dolphins,https://www.pro-football-reference.com/boxscores/200310190mia.htm,4,04:34,2,9,NE 31,13,13,(4:34) 9-J.Fiedler pass incomplete to 88-D.Thompson.,2.945,-1.397
2003,7,October 19,away,Miami Dolphins,https://www.pro-football-reference.com/boxscores/200310190mia.htm,4,04:28,,,NE 31,13,13,Timeout #2 by NE at 04:28.,1.548,0.000
2003,7,October 19,away,Miami Dolphins,https://www.pro-football-reference.com/boxscores/200310190mia.htm,4,04:28,3,9,NE 31,13,13,(4:28) 34-R.Williams right guard to NE 21 for 10 yards (26-E.Wilson; 34-C.Akins). Play Challenged by NE and Upheld. (Timeout #3.),1.548,1.921
2003,7,October 19,away,Miami Dolphins,https://www.pro-football-reference.com/boxscores/200310190mia.htm,4,03:58,1,10,NE 21,13,13,(3:58) 34-R.Williams up the middle to NE 17 for 4 yards (37-R.Harrison).,3.470,0.030
2003,7,October 19,away,Miami Dolphins,https://www.pro-football-reference.com/boxscores/200310190mia.htm,4,03:22,2,6,NE 17,13,13,"(3:22) PENALTY on MIA-85-D.Lee, False Start, 5 yards, enforced at NE 17 - No Play.",3.499,-0.903
2003,7,October 19,away,Miami Dolphins,https://www.pro-football-reference.com/boxscores/200310190mia.htm,4,03:18,2,11,NE 22,13,13,(3:18) 34-R.Williams right tackle to NE 18 for 4 yards (91-B.Hamilton).,2.596,-0.184
2003,7,October 19,away,Miami Dolphins,https://www.pro-football-reference.com/boxscores/200310190mia.htm,4,02:33,3,7,NE 18,13,13,(2:33) 34-R.Williams up the middle to NE 17 for 1 yard (54-T.Bruschi; 94-T.Warren).,2.412,0.004
2003,7,October 19,away,Miami Dolphins,https://www.pro-football-reference.com/boxscores/200310190mia.htm,4,02:00,4,6,NE 17,13,13,"(2:00) 10-O.Mare 35 yard field goal is BLOCKED (93-R.Seymour), Center-47-J.Grau, Holder-1-M.Turk, RECOVERED by NE-80-T.Brown at NE 29. 80-T.Brown to NE 35 for 6 yards (10-O.Mare).",2.416,-3.387
2003,7,October 19,away,Miami Dolphins,https://www.pro-football-reference.com/boxscores/200310190mia.htm,4,01:52,1,10,NE 35,13,13,(1:52) 12-T.Brady pass to 83-D.Branch to MIA 45 for 20 yards (31-B.Marion).,0.971,1.038
2003,7,October 19,away,Miami Dolphins,https://www.pro-football-reference.com/boxscores/200310190mia.htm,4,01:35,1,10,MIA 45,13,13,(1:35) 33-K.Faulk up the middle to MIA 43 for 2 yards (64-L.Chester).,2.009,-0.635
2003,7,October 19,away,Miami Dolphins,https://www.pro-football-reference.com/boxscores/200310190mia.htm,4,00:50,2,8,MIA 43,13,13,(:50) 33-K.Faulk left end to 50 for -7 yards (27-T.Buckley).,1.374,-1.022
2003,7,October 19,away,Miami Dolphins,https://www.pro-football-reference.com/boxscores/200310190mia.htm,4,00:18,3,15,MID 50,13,13,(:18) 12-T.Brady pass to 83-D.Branch to MIA 46 for 4 yards (27-T.Buckley).,0.352,-0.352
2003,7,October 19,away,Miami Dolphins,https://www.pro-football-reference.com/boxscores/200310190mia.htm,5,15:00,,,NE 30,13,13,4-A.Vinatieri kicks 68 yards from NE 30 to MIA 2. 32-C.Rogers to MIA 26 for 24 yards (48-T.Banta-Cain).,0.671,0.344
2003,7,October 19,away,Miami Dolphins,https://www.pro-football-reference.com/boxscores/200310190mia.htm,5,14:54,1,10,MIA 26,13,13,(14:54) 9-J.Fiedler pass incomplete to 88-D.Thompson (93-R.Seymour).,1.015,-0.506
2003,7,October 19,away,Miami Dolphins,https://www.pro-football-reference.com/boxscores/200310190mia.htm,5,14:50,2,10,MIA 26,13,13,(14:50) (Shotgun) 9-J.Fiedler pass to 88-D.Thompson to NE 43 for 31 yards (34-C.Akins).,0.508,2.372
2003,7,October 19,away,Miami Dolphins,https://www.pro-football-reference.com/boxscores/200310190mia.htm,5,14:21,1,10,NE 43,13,13,"(14:21) 34-R.Williams up the middle to NE 33 for 10 yards (90-D.Klecko). Penalty on NE, Illegal Substitution, declined.",2.880,0.653
2003,7,October 19,away,Miami Dolphins,https://www.pro-football-reference.com/boxscores/200310190mia.htm,5,14:02,1,10,NE 33,13,13,(14:02) 34-R.Williams right end pushed ob at NE 20 for 13 yards (26-E.Wilson).,3.533,0.869
2003,7,October 19,away,Miami Dolphins,https://www.pro-football-reference.com/boxscores/200310190mia.htm,5,13:32,,,NE 20,13,13,Timeout #1 by NE at 13:32.,4.402,0.000
2003,7,October 19,away,Miami Dolphins,https://www.pro-football-reference.com/boxscores/200310190mia.htm,5,13:32,1,10,NE 20,13,13,(13:32) 34-R.Williams up the middle to NE 19 for 1 yard (93-R.Seymour).,4.402,-0.424
2003,7,October 19,away,Miami Dolphins,https://www.pro-football-reference.com/boxscores/200310190mia.htm,5,12:49,2,9,NE 19,13,13,(12:49) 34-R.Williams left guard to NE 17 for 2 yards (93-R.Seymour; 95-R.Phifer).,3.978,-1.672
2003,7,October 19,away,Miami Dolphins,https://www.pro-football-reference.com/boxscores/200310190mia.htm,5,12:06,,,NE 17,13,13,Timeout #2 by NE at 12:06.,2.306,0.000
2003,7,October 19,away,Miami Dolphins,https://www.pro-football-reference.com/boxscores/200310190mia.htm,5,12:06,3,7,NE 17,13,13,"(12:06) 10-O.Mare 35 yard field goal is No Good, Wide Right, Center-47-J.Grau, Holder-1-M.Turk.",2.306,-3.318
2003,7,October 19,away,Miami Dolphins,https://www.pro-football-reference.com/boxscores/200310190mia.htm,5,12:01,1,10,NE 26,13,13,"(12:01) 12-T.Brady pass to 87-D.Givens to NE 28 for 2 yards (27-T.Buckley). PENALTY on MIA-27-T.Buckley, Illegal Substitution, 5 yards, enforced at NE 26 - No Play.",1.012,0.499
2003,7,October 19,away,Miami Dolphins,https://www.pro-football-reference.com/boxscores/200310190mia.htm,5,11:46,1,5,NE 31,13,13,(11:46) 33-K.Faulk right guard to NE 34 for 3 yards (54-Z.Thomas).,1.511,-0.052
2003,7,October 19,away,Miami Dolphins,https://www.pro-football-reference.com/boxscores/200310190mia.htm,5,11:15,2,2,NE 34,13,13,(11:15) 33-K.Faulk left tackle to NE 37 for 3 yards (24-S.Knight; 55-J.Seau).,1.460,0.268
2003,7,October 19,away,Miami Dolphins,https://www.pro-football-reference.com/boxscores/200310190mia.htm,5,10:37,1,10,NE 37,13,13,(10:37) 12-T.Brady pass incomplete.,1.728,-0.452
2003,7,October 19,away,Miami Dolphins,https://www.pro-football-reference.com/boxscores/200310190mia.htm,5,10:28,2,10,NE 37,13,13,(10:28) 12-T.Brady pass to 80-T.Brown to NE 48 for 11 yards (54-Z.Thomas; 23-P.Surtain).,1.276,1.167
2003,7,October 19,away,Miami Dolphins,https://www.pro-football-reference.com/boxscores/200310190mia.htm,5,09:53,1,10,NE 48,13,13,(9:53) 44-F.McCrary up the middle to NE 47 for -1 yards (92-J.Zgonina).,2.442,-0.785
2003,7,October 19,away,Miami Dolphins,https://www.pro-football-reference.com/boxscores/200310190mia.htm,5,09:15,2,11,NE 47,13,13,"(9:15) PENALTY on NE-72-M.Light, False Start, 5 yards, enforced at NE 47 - No Play.",1.658,-0.414
2003,7,October 19,away,Miami Dolphins,https://www.pro-football-reference.com/boxscores/200310190mia.htm,5,08:55,2,16,NE 42,13,13,(8:55) 12-T.Brady pass to 88-C.Fauria to 50 for 8 yards (23-P.Surtain).,1.244,0.153
2003,7,October 19,away,Miami Dolphins,https://www.pro-football-reference.com/boxscores/200310190mia.htm,5,08:12,3,8,MID 50,13,13,"(8:12) 12-T.Brady sacked at NE 40 for -10 yards (99-J.Taylor). FUMBLES (99-J.Taylor), and recovers at NE 40.",1.397,-1.588
2003,7,October 19,away,Miami Dolphins,https://www.pro-football-reference.com/boxscores/200310190mia.htm,5,07:39,4,18,NE 40,13,13,"(7:39) 13-K.Walter punts 39 yards to MIA 21, Center-66-L.Paxton. 32-C.Rogers to MIA 30 for 9 yards (53-L.Izzo).",-0.191,-1.015
2003,7,October 19,away,Miami Dolphins,https://www.pro-football-reference.com/boxscores/200310190mia.htm,5,07:26,1,10,MIA 30,13,13,(7:26) 9-J.Fiedler pass to 81-R.McMichael to MIA 47 for 17 yards (37-R.Harrison).,1.206,0.559
2003,7,October 19,away,Miami Dolphins,https://www.pro-football-reference.com/boxscores/200310190mia.htm,5,06:49,1,10,MIA 47,13,13,(6:49) 34-R.Williams up the middle to MIA 45 for -2 yards (94-T.Warren).,1.764,-0.960
2003,7,October 19,away,Miami Dolphins,https://www.pro-football-reference.com/boxscores/200310190mia.htm,5,06:14,2,12,MIA 45,13,13,(6:14) 9-J.Fiedler pass incomplete to 84-C.Chambers.,0.805,-0.803
2003,7,October 19,away,Miami Dolphins,https://www.pro-football-reference.com/boxscores/200310190mia.htm,5,06:08,3,12,MIA 45,13,13,(6:08) 9-J.Fiedler pass intended for 84-C.Chambers INTERCEPTED by 38-T.Poole at NE 18. 38-T.Poole to NE 18 for no gain (84-C.Chambers).,0.001,-0.561
2003,7,October 19,away,Miami Dolphins,https://www.pro-football-reference.com/boxscores/200310190mia.htm,5,05:57,1,10,NE 18,19,13,"(5:57) 12-T.Brady pass to 80-T.Brown for 82 yards, TOUCHDOWN.",0.560,6.440
2003,8,October 26,home,Cleveland Browns,https://www.pro-football-reference.com/boxscores/200310260nwe.htm,1,15:00,,,NE 30,0,0,"4-A.Vinatieri kicks 63 yards from NE 30 to CLE 7. 87-A.Davis to CLE 25 for 18 yards (58-M.Chatham, 39-S.Mayer).",-0.140,0.436
2003,8,October 26,home,Cleveland Browns,https://www.pro-football-reference.com/boxscores/200310260nwe.htm,1,14:56,1,10,CLE 25,0,0,"(14:56) 29-J.Jackson up the middle to CLE 28 for 3 yards (93-R.Seymour, 37-R.Harrison).",0.296,-0.350
2003,8,October 26,home,Cleveland Browns,https://www.pro-football-reference.com/boxscores/200310260nwe.htm,1,14:21,2,7,CLE 28,0,0,(14:21) 2-T.Couch pass incomplete to 87-A.Davis.,-0.055,-0.671
2003,8,October 26,home,Cleveland Browns,https://www.pro-football-reference.com/boxscores/200310260nwe.htm,1,14:15,3,7,CLE 28,0,0,(14:15) (Shotgun) 2-T.Couch sacked at CLE 15 for -13 yards (50-M.Vrabel).,-0.725,-2.110
2003,8,October 26,home,Cleveland Browns,https://www.pro-football-reference.com/boxscores/200310260nwe.htm,1,14:01,4,20,CLE 15,0,0,"(14:01) 17-C.Gardocki punts 46 yards to NE 39, Center-64-R.Pontbriand. 80-T.Brown to NE 49 for 10 yards (22-M.Jameson). FUMBLES (22-M.Jameson), ball out of bounds at NE 49.",-2.835,0.086
2003,8,October 26,home,Cleveland Browns,https://www.pro-football-reference.com/boxscores/200310260nwe.htm,1,13:52,1,10,NE 49,0,0,(13:52) 12-T.Brady pass to 81-B.Johnson to CLE 6 for 45 yards (20-E.Little).,2.748,2.803
2003,8,October 26,home,Cleveland Browns,https://www.pro-football-reference.com/boxscores/200310260nwe.htm,1,13:02,1,6,CLE 6,0,0,"(13:02) 12-T.Brady pass incomplete. PENALTY on NE-12-T.Brady, Intentional Grounding, 10 yards, enforced at CLE 6.",5.552,-1.685
2003,8,October 26,home,Cleveland Browns,https://www.pro-football-reference.com/boxscores/200310260nwe.htm,1,12:57,2,16,CLE 16,0,0,(12:57) 12-T.Brady pass to 83-D.Branch to CLE 12 for 4 yards (59-K.Bentley).,3.867,-0.303
2003,8,October 26,home,Cleveland Browns,https://www.pro-football-reference.com/boxscores/200310260nwe.htm,1,12:14,3,12,CLE 12,0,0,(12:14) 12-T.Brady pass to 33-K.Faulk pushed ob at CLE 9 for 3 yards (21-L.Sanders).,3.563,-0.814
2003,8,October 26,home,Cleveland Browns,https://www.pro-football-reference.com/boxscores/200310260nwe.htm,1,11:49,4,9,CLE 9,3,0,"(11:49) 4-A.Vinatieri 27 yard field goal is GOOD, Center-66-L.Paxton, Holder-13-K.Walter.",2.750,0.250
2003,8,October 26,home,Cleveland Browns,https://www.pro-football-reference.com/boxscores/200310260nwe.htm,1,11:46,,,NE 30,3,0,4-A.Vinatieri kicks 67 yards from NE 30 to CLE 3. 87-A.Davis to CLE 23 for 20 yards (53-L.Izzo).,-0.019,0.104
2003,8,October 26,home,Cleveland Browns,https://www.pro-football-reference.com/boxscores/200310260nwe.htm,1,11:41,1,10,CLE 23,3,0,"(11:41) 2-T.Couch pass to 29-J.Jackson to CLE 24 for 1 yard (91-B.Hamilton, 54-T.Bruschi).",0.085,-0.473
2003,8,October 26,home,Cleveland Browns,https://www.pro-football-reference.com/boxscores/200310260nwe.htm,1,11:02,2,9,CLE 24,3,0,"(11:02) 29-J.Jackson up the middle to CLE 24 for no gain (58-M.Chatham, 54-T.Bruschi).",-0.388,-0.672
2003,8,October 26,home,Cleveland Browns,https://www.pro-football-reference.com/boxscores/200310260nwe.htm,1,10:19,3,9,CLE 24,3,0,(10:19) (Shotgun) 2-T.Couch pass to 82-S.Heiden to CLE 29 for 5 yards (24-T.Law).,-1.060,-0.443
2003,8,October 26,home,Cleveland Browns,https://www.pro-football-reference.com/boxscores/200310260nwe.htm,1,09:43,4,4,CLE 29,3,0,"(9:43) 17-C.Gardocki punts 36 yards to NE 35, Center-64-R.Pontbriand, downed by CLE-56-S.Coates.",-1.503,-0.281
2003,8,October 26,home,Cleveland Browns,https://www.pro-football-reference.com/boxscores/200310260nwe.htm,1,09:31,1,10,NE 35,3,0,"(9:31) 33-K.Faulk up the middle to NE 37 for 2 yards (58-B.Taylor, 20-E.Little).",1.784,-0.268
2003,8,October 26,home,Cleveland Browns,https://www.pro-football-reference.com/boxscores/200310260nwe.htm,1,08:57,2,8,NE 37,3,0,(8:57) 33-K.Faulk left end pushed ob at NE 49 for 12 yards (20-E.Little).,1.516,1.234
2003,8,October 26,home,Cleveland Browns,https://www.pro-football-reference.com/boxscores/200310260nwe.htm,1,08:32,1,10,NE 49,3,0,"(8:32) 33-K.Faulk left guard to CLE 48 for 3 yards (58-B.Taylor, 59-K.Bentley).",2.750,-0.294
2003,8,October 26,home,Cleveland Browns,https://www.pro-football-reference.com/boxscores/200310260nwe.htm,1,07:53,2,7,CLE 48,3,0,(7:53) 12-T.Brady pass incomplete to 88-C.Fauria.,2.456,-0.805
2003,8,October 26,home,Cleveland Browns,https://www.pro-football-reference.com/boxscores/200310260nwe.htm,1,07:47,3,7,CLE 48,3,0,(7:47) 12-T.Brady pass incomplete to 88-C.Fauria (20-E.Little).,1.651,-1.481
2003,8,October 26,home,Cleveland Browns,https://www.pro-football-reference.com/boxscores/200310260nwe.htm,1,07:41,4,7,CLE 48,3,0,"(7:41) 13-K.Walter punts 48 yards to end zone, Center-66-L.Paxton, Touchback.",0.170,-0.134
2003,8,October 26,home,Cleveland Browns,https://www.pro-football-reference.com/boxscores/200310260nwe.htm,1,07:28,1,10,CLE 20,3,0,(7:28) 2-T.Couch pass incomplete to 29-J.Jackson (91-B.Hamilton).,-0.035,-0.527
2003,8,October 26,home,Cleveland Browns,https://www.pro-football-reference.com/boxscores/200310260nwe.htm,1,07:23,2,10,CLE 20,3,0,(7:23) 2-T.Couch pass to 85-K.Johnson to CLE 25 for 5 yards (24-T.Law).,-0.562,-0.024
2003,8,October 26,home,Cleveland Browns,https://www.pro-football-reference.com/boxscores/200310260nwe.htm,1,06:41,3,5,CLE 25,3,0,"(6:41) (Shotgun) 2-T.Couch sacked at CLE 19 for -6 yards (50-M.Vrabel). FUMBLES (50-M.Vrabel), RECOVERED by NE-93-R.Seymour at CLE 19. Play Challenged by CLE and REVERSED. (Shotgun) 2-T.Couch pass incomplete.",-0.586,-1.297
2003,8,October 26,home,Cleveland Browns,https://www.pro-football-reference.com/boxscores/200310260nwe.htm,1,06:31,4,5,CLE 25,3,0,"(6:31) 17-C.Gardocki punts 46 yards to NE 29, Center-64-R.Pontbriand. 80-T.Brown to NE 37 for 8 yards (59-K.Bentley, 55-B.Gardner).",-1.883,-0.091
2003,8,October 26,home,Cleveland Browns,https://www.pro-football-reference.com/boxscores/200310260nwe.htm,1,06:20,1,10,NE 37,3,0,"(6:20) 33-K.Faulk right tackle to NE 46 for 9 yards (59-K.Bentley, 94-G.Warren).",1.974,0.794
2003,8,October 26,home,Cleveland Browns,https://www.pro-football-reference.com/boxscores/200310260nwe.htm,1,05:46,2,1,NE 46,3,0,(5:46) 33-K.Faulk up the middle to NE 48 for 2 yards (33-D.McCutcheon).,2.767,-0.082
2003,8,October 26,home,Cleveland Browns,https://www.pro-football-reference.com/boxscores/200310260nwe.htm,1,05:05,1,10,NE 48,3,0,(5:05) 12-T.Brady pass to 33-K.Faulk pushed ob at CLE 47 for 5 yards (37-A.Henry).,2.685,0.009
2003,8,October 26,home,Cleveland Browns,https://www.pro-football-reference.com/boxscores/200310260nwe.htm,1,04:40,2,5,CLE 47,3,0,"(4:40) 33-K.Faulk left tackle to CLE 47 for no gain (94-G.Warren, 96-K.Lang). PENALTY on CLE-90-M.Word, Defensive Offside, 5 yards, enforced at CLE 47 - No Play.",2.694,0.518
2003,8,October 26,home,Cleveland Browns,https://www.pro-football-reference.com/boxscores/200310260nwe.htm,1,04:19,1,10,CLE 42,3,0,(4:19) 12-T.Brady pass incomplete.,3.212,-0.491
2003,8,October 26,home,Cleveland Browns,https://www.pro-football-reference.com/boxscores/200310260nwe.htm,1,04:14,2,10,CLE 42,3,0,"(4:14) 12-T.Brady pass to 82-D.Graham to CLE 38 for 4 yards (96-K.Lang, 59-K.Bentley).",2.722,-0.542
2003,8,October 26,home,Cleveland Browns,https://www.pro-football-reference.com/boxscores/200310260nwe.htm,1,03:28,3,6,CLE 38,3,0,"(3:28) 12-T.Brady pass incomplete to 33-K.Faulk. Penalty on NE, Chop Block, declined.",2.180,-1.761
2003,8,October 26,home,Cleveland Browns,https://www.pro-football-reference.com/boxscores/200310260nwe.htm,1,03:23,4,6,CLE 38,3,0,"(3:23) 13-K.Walter punts 31 yards to CLE 7, Center-66-L.Paxton, downed by NE-66-L.Paxton.",0.419,0.472
2003,8,October 26,home,Cleveland Browns,https://www.pro-football-reference.com/boxscores/200310260nwe.htm,1,03:11,1,10,CLE 7,3,0,"(3:11) 29-J.Jackson right guard to CLE 11 for 4 yards (54-T.Bruschi, 37-R.Harrison).",-0.891,-0.089
2003,8,October 26,home,Cleveland Browns,https://www.pro-football-reference.com/boxscores/200310260nwe.htm,1,02:31,2,6,CLE 11,3,0,"(2:31) 29-J.Jackson right end pushed ob at CLE 17 for 6 yards (37-R.Harrison, 24-T.Law).",-0.980,0.770
2003,8,October 26,home,Cleveland Browns,https://www.pro-football-reference.com/boxscores/200310260nwe.htm,1,02:08,1,10,CLE 17,3,0,(2:08) 29-J.Jackson left tackle to CLE 20 for 3 yards (37-R.Harrison).,-0.210,-0.245
2003,8,October 26,home,Cleveland Browns,https://www.pro-football-reference.com/boxscores/200310260nwe.htm,1,01:31,2,7,CLE 20,3,0,(1:31) 2-T.Couch pass to 87-A.Davis pushed ob at CLE 39 for 19 yards (26-E.Wilson).,-0.455,1.642
2003,8,October 26,home,Cleveland Browns,https://www.pro-football-reference.com/boxscores/200310260nwe.htm,1,01:03,1,10,CLE 39,3,0,"(1:03) 29-J.Jackson right guard to CLE 42 for 3 yards (91-B.Hamilton, 94-T.Warren).",1.187,-0.221
2003,8,October 26,home,Cleveland Browns,https://www.pro-football-reference.com/boxscores/200310260nwe.htm,1,00:20,2,7,CLE 42,3,0,"(:20) 29-J.Jackson left guard to CLE 47 for 5 yards (37-R.Harrison, 91-B.Hamilton).",0.966,0.144
2003,8,October 26,home,Cleveland Browns,https://www.pro-football-reference.com/boxscores/200310260nwe.htm,2,15:00,3,2,CLE 47,3,0,(15:00) 2-T.Couch pass incomplete to 87-A.Davis.,1.110,-1.675
2003,8,October 26,home,Cleveland Browns,https://www.pro-football-reference.com/boxscores/200310260nwe.htm,2,14:55,4,2,CLE 47,3,0,"(14:55) 17-C.Gardocki punts 43 yards to NE 10, Center-64-R.Pontbriand, fair catch by 80-T.Brown.",-0.564,0.530
2003,8,October 26,home,Cleveland Browns,https://www.pro-football-reference.com/boxscores/200310260nwe.htm,2,14:49,1,10,NE 10,3,0,"(14:49) 33-K.Faulk left guard to NE 12 for 2 yards (58-B.Taylor, 97-A.McKinley).",0.034,-0.384
2003,8,October 26,home,Cleveland Browns,https://www.pro-football-reference.com/boxscores/200310260nwe.htm,2,14:13,2,8,NE 12,3,0,"(14:13) 12-T.Brady pass to 82-D.Graham to NE 15 for 3 yards (59-K.Bentley, 37-A.Henry).",-0.350,-0.297
2003,8,October 26,home,Cleveland Browns,https://www.pro-football-reference.com/boxscores/200310260nwe.htm,2,13:40,3,5,NE 15,3,0,(13:40) 12-T.Brady pass to 33-K.Faulk to NE 23 for 8 yards (58-B.Taylor).,-0.647,1.517
2003,8,October 26,home,Cleveland Browns,https://www.pro-football-reference.com/boxscores/200310260nwe.htm,2,13:02,1,10,NE 23,3,0,"(13:02) 33-K.Faulk left end to NE 36 for 13 yards (59-K.Bentley, 37-A.Henry).",0.871,0.940
2003,8,October 26,home,Cleveland Browns,https://www.pro-football-reference.com/boxscores/200310260nwe.htm,2,12:21,1,10,NE 36,3,0,"(12:21) 32-A.Smith right tackle to NE 42 for 6 yards (54-A.Davis, 97-A.McKinley).",1.810,0.174
2003,8,October 26,home,Cleveland Browns,https://www.pro-football-reference.com/boxscores/200310260nwe.htm,2,11:38,2,4,NE 42,3,0,"(11:38) 32-A.Smith right tackle to NE 44 for 2 yards (59-K.Bentley, 97-A.McKinley). NE 88-Fauria injured on play.",1.984,-0.328
2003,8,October 26,home,Cleveland Browns,https://www.pro-football-reference.com/boxscores/200310260nwe.htm,2,10:49,3,2,NE 44,3,0,"(10:49) 33-K.Faulk right end to NE 43 for -1 yards (33-D.McCutcheon, 59-K.Bentley).",1.656,-1.757
2003,8,October 26,home,Cleveland Browns,https://www.pro-football-reference.com/boxscores/200310260nwe.htm,2,10:22,4,3,NE 43,3,0,"(10:22) 13-K.Walter punts 43 yards to CLE 14, Center-66-L.Paxton. 86-D.Northcutt to CLE 13 for -1 yards (34-C.Akins).",-0.101,0.362
2003,8,October 26,home,Cleveland Browns,https://www.pro-football-reference.com/boxscores/200310260nwe.htm,2,10:14,1,10,CLE 13,3,0,(10:14) 29-J.Jackson right tackle to CLE 20 for 7 yards (34-C.Akins).,-0.260,0.415
2003,8,October 26,home,Cleveland Browns,https://www.pro-football-reference.com/boxscores/200310260nwe.htm,2,09:37,2,3,CLE 20,3,0,(9:37) 81-Q.Morgan right end pushed ob at CLE 22 for 2 yards (37-R.Harrison). reverse,0.155,-0.157
2003,8,October 26,home,Cleveland Browns,https://www.pro-football-reference.com/boxscores/200310260nwe.htm,2,08:59,3,1,CLE 22,3,0,(8:59) (Shotgun) 2-T.Couch pass to 85-K.Johnson to CLE 29 for 7 yards (38-T.Poole).,-0.002,0.835
2003,8,October 26,home,Cleveland Browns,https://www.pro-football-reference.com/boxscores/200310260nwe.htm,2,08:24,1,10,CLE 29,3,0,"(8:24) 2-T.Couch pass to 82-S.Heiden to CLE 33 for 4 yards (55-W.McGinest, 54-T.Bruschi).",0.833,0.065
2003,8,October 26,home,Cleveland Browns,https://www.pro-football-reference.com/boxscores/200310260nwe.htm,2,07:44,2,6,CLE 33,3,0,"(7:44) 29-J.Jackson up the middle to CLE 37 for 4 yards (94-T.Warren, 93-R.Seymour).",0.898,0.032
2003,8,October 26,home,Cleveland Browns,https://www.pro-football-reference.com/boxscores/200310260nwe.htm,2,07:00,3,2,CLE 37,3,0,(7:00) (Shotgun) 2-T.Couch pass to 82-S.Heiden to CLE 36 for -1 yards (24-T.Law).,0.930,-1.591
2003,8,October 26,home,Cleveland Browns,https://www.pro-football-reference.com/boxscores/200310260nwe.htm,2,06:24,4,3,CLE 36,3,0,"(6:24) 17-C.Gardocki punts 47 yards to NE 17, Center-64-R.Pontbriand. 80-T.Brown to NE 29 for 12 yards (21-L.Sanders, 55-B.Gardner).",-0.661,-0.600
2003,8,October 26,home,Cleveland Browns,https://www.pro-football-reference.com/boxscores/200310260nwe.htm,2,06:11,1,10,NE 29,3,0,"(6:11) 12-T.Brady pass to 82-D.Graham to CLE 44 for 27 yards (33-D.McCutcheon, 24-R.Griffith).",1.261,1.594
2003,8,October 26,home,Cleveland Browns,https://www.pro-football-reference.com/boxscores/200310260nwe.htm,2,05:30,1,10,CLE 44,3,0,(5:30) 12-T.Brady pass incomplete to 33-K.Faulk.,2.855,-0.389
2003,8,October 26,home,Cleveland Browns,https://www.pro-football-reference.com/boxscores/200310260nwe.htm,2,05:25,2,10,CLE 44,3,0,(5:25) 12-T.Brady pass to 82-D.Graham to CLE 26 for 18 yards (58-B.Taylor).,2.466,1.385
2003,8,October 26,home,Cleveland Browns,https://www.pro-football-reference.com/boxscores/200310260nwe.htm,2,04:43,1,10,CLE 26,3,0,"(4:43) 33-K.Faulk right tackle to CLE 26 for no gain (58-B.Taylor, 90-M.Word). PENALTY on CLE-94-G.Warren, Defensive Holding, 5 yards, enforced at CLE 26.",3.851,0.390
2003,8,October 26,home,Cleveland Browns,https://www.pro-football-reference.com/boxscores/200310260nwe.htm,2,04:23,1,10,CLE 21,3,0,"(4:23) 33-K.Faulk left end to CLE 19 for 2 yards (58-B.Taylor, 59-K.Bentley).",4.241,-0.545
2003,8,October 26,home,Cleveland Browns,https://www.pro-football-reference.com/boxscores/200310260nwe.htm,2,03:44,2,8,CLE 19,3,0,(3:44) 12-T.Brady pass incomplete to 80-T.Brown.,3.696,-0.565
2003,8,October 26,home,Cleveland Browns,https://www.pro-football-reference.com/boxscores/200310260nwe.htm,2,03:39,3,8,CLE 19,3,0,(3:39) 12-T.Brady sacked at CLE 25 for -6 yards (96-K.Lang).,3.131,-1.401
2003,8,October 26,home,Cleveland Browns,https://www.pro-football-reference.com/boxscores/200310260nwe.htm,2,03:22,4,14,CLE 25,3,0,"(3:22) (Field Goal formation) PENALTY on NE-67-D.Koppen, False Start, 5 yards, enforced at CLE 25 - No Play.",1.731,-0.492
2003,8,October 26,home,Cleveland Browns,https://www.pro-football-reference.com/boxscores/200310260nwe.htm,2,03:20,4,19,CLE 30,3,0,"(3:20) 4-A.Vinatieri 48 yard field goal is No Good, Wide Left, Center-66-L.Paxton, Holder-13-K.Walter.",1.239,-2.448
2003,8,October 26,home,Cleveland Browns,https://www.pro-football-reference.com/boxscores/200310260nwe.htm,2,03:15,1,10,CLE 38,3,0,"(3:15) 10 Holcomb now at QB 10-K.Holcomb pass to 30-J.White to CLE 47 for 9 yards (24-T.Law, 26-E.Wilson).",1.209,0.567
2003,8,October 26,home,Cleveland Browns,https://www.pro-football-reference.com/boxscores/200310260nwe.htm,2,02:37,2,1,CLE 47,3,0,"(2:37) 30-J.White right tackle to CLE 49 for 2 yards (93-R.Seymour, 37-R.Harrison).",1.776,0.033
2003,8,October 26,home,Cleveland Browns,https://www.pro-football-reference.com/boxscores/200310260nwe.htm,2,02:37,1,10,CLE 49,3,0,"(2:37) PENALTY on CLE-67-M.Fowler, False Start, 5 yards, enforced at CLE 49 - No Play.",1.809,-0.449
2003,8,October 26,home,Cleveland Browns,https://www.pro-football-reference.com/boxscores/200310260nwe.htm,2,02:00,1,15,CLE 44,3,0,"(2:00) 10-K.Holcomb pass to 82-S.Heiden to NE 47 for 9 yards (38-T.Poole, 37-R.Harrison).",1.360,0.316
2003,8,October 26,home,Cleveland Browns,https://www.pro-football-reference.com/boxscores/200310260nwe.htm,2,01:50,2,6,NE 47,3,0,"(1:50) (Shotgun) 10-K.Holcomb pass to 87-A.Davis to NE 40 for 7 yards (50-M.Vrabel, 95-R.Phifer).",1.676,0.745
2003,8,October 26,home,Cleveland Browns,https://www.pro-football-reference.com/boxscores/200310260nwe.htm,2,01:26,1,10,NE 40,3,0,"(1:26) (No Huddle, Shotgun) 10-K.Holcomb pass to 85-K.Johnson to NE 35 for 5 yards (95-R.Phifer).",2.421,0.109
2003,8,October 26,home,Cleveland Browns,https://www.pro-football-reference.com/boxscores/200310260nwe.htm,2,01:08,2,5,NE 35,3,0,(1:08) 10-K.Holcomb pass incomplete to 86-D.Northcutt.,2.530,-0.373
2003,8,October 26,home,Cleveland Browns,https://www.pro-football-reference.com/boxscores/200310260nwe.htm,2,01:05,3,5,NE 35,3,0,"(1:05) (Shotgun) 10-K.Holcomb pass to 86-D.Northcutt to NE 22 for 13 yards (22-A.Samuel). Penalty on NE-50-M.Vrabel, Defensive Offside, declined.",2.157,1.549
2003,8,October 26,home,Cleveland Browns,https://www.pro-football-reference.com/boxscores/200310260nwe.htm,2,00:57,1,10,NE 22,3,0,(:57) (Shotgun) 10-K.Holcomb pass to 87-A.Davis to NE 12 for 10 yards (50-M.Vrabel).,3.706,0.651
2003,8,October 26,home,Cleveland Browns,https://www.pro-football-reference.com/boxscores/200310260nwe.htm,2,00:48,,,NE 12,3,0,Timeout #1 by CLE at 00:48.,4.358,0.000
2003,8,October 26,home,Cleveland Browns,https://www.pro-football-reference.com/boxscores/200310260nwe.htm,2,00:48,1,10,NE 12,3,0,(:48) (Shotgun) 10-K.Holcomb pass to 30-J.White pushed ob at NE 11 for 1 yard (24-T.Law).,4.358,-0.433
2003,8,October 26,home,Cleveland Browns,https://www.pro-football-reference.com/boxscores/200310260nwe.htm,2,00:41,2,9,NE 11,3,0,(:41) (Shotgun) 10-K.Holcomb pass incomplete to 86-D.Northcutt (50-M.Vrabel).,3.925,-0.543
2003,8,October 26,home,Cleveland Browns,https://www.pro-football-reference.com/boxscores/200310260nwe.htm,2,00:38,,,NE 11,3,0,Timeout #1 by NE at 00:38.,3.382,0.000
2003,8,October 26,home,Cleveland Browns,https://www.pro-football-reference.com/boxscores/200310260nwe.htm,2,00:37,3,9,NE 11,3,0,(:37) (Shotgun) 10-K.Holcomb pass incomplete to 87-A.Davis.,3.382,-0.671
2003,8,October 26,home,Cleveland Browns,https://www.pro-football-reference.com/boxscores/200310260nwe.htm,2,00:28,4,9,NE 11,3,3,"(:28) 4-P.Dawson 29 yard field goal is GOOD, Center-64-R.Pontbriand, Holder-17-C.Gardocki.",2.710,0.290
2003,8,October 26,home,Cleveland Browns,https://www.pro-football-reference.com/boxscores/200310260nwe.htm,2,00:24,,,CLE 30,3,3,"4-P.Dawson kicks 49 yards from CLE 30 to NE 21. 35-P.Pass to NE 46 for 25 yards (55-B.Gardner, 25-C.Crocker).",0.076,0.643
2003,8,October 26,home,Cleveland Browns,https://www.pro-football-reference.com/boxscores/200310260nwe.htm,2,00:19,1,10,NE 46,3,3,(:19) (Shotgun) 12-T.Brady pass to 33-K.Faulk to NE 49 for 3 yards (58-B.Taylor).,0.720,-0.111
2003,8,October 26,home,Cleveland Browns,https://www.pro-football-reference.com/boxscores/200310260nwe.htm,2,00:12,,,NE 49,3,3,Timeout #2 by NE at 00:12.,0.609,0.000
2003,8,October 26,home,Cleveland Browns,https://www.pro-football-reference.com/boxscores/200310260nwe.htm,2,00:12,2,7,NE 49,3,3,(:12) (Shotgun) 12-T.Brady pass incomplete to 33-K.Faulk (20-E.Little).,0.609,-0.298
2003,8,October 26,home,Cleveland Browns,https://www.pro-football-reference.com/boxscores/200310260nwe.htm,2,00:03,3,7,NE 49,3,3,(:03) (Shotgun) 12-T.Brady pass incomplete.,0.310,-0.310
2003,8,October 26,home,Cleveland Browns,https://www.pro-football-reference.com/boxscores/200310260nwe.htm,3,15:00,,,CLE 30,3,3,"4-P.Dawson kicks 51 yards from CLE 30 to NE 19. 81-B.Johnson MUFFS catch, and recovers at NE 22. 81-B.Johnson to NE 22 for no gain (56-S.Coates).",0.817,0.043
2003,8,October 26,home,Cleveland Browns,https://www.pro-football-reference.com/boxscores/200310260nwe.htm,3,14:58,1,10,NE 22,3,3,(14:58) 12-T.Brady pass to 33-K.Faulk to NE 48 for 26 yards (21-L.Sanders).,0.860,1.838
2003,8,October 26,home,Cleveland Browns,https://www.pro-football-reference.com/boxscores/200310260nwe.htm,3,14:14,1,10,NE 48,3,3,"(14:14) 33-K.Faulk right tackle to CLE 49 for 3 yards (54-A.Davis, 58-B.Taylor).",2.698,-0.272
2003,8,October 26,home,Cleveland Browns,https://www.pro-football-reference.com/boxscores/200310260nwe.htm,3,13:36,2,7,CLE 49,3,3,"(13:36) 12-T.Brady pass to 82-D.Graham to CLE 38 for 11 yards (58-B.Taylor, 54-A.Davis).",2.426,1.095
2003,8,October 26,home,Cleveland Browns,https://www.pro-football-reference.com/boxscores/200310260nwe.htm,3,12:51,1,10,CLE 38,3,3,(12:51) 81-B.Johnson left end to 50 for -12 yards (99-O.Roye). reverse,3.521,-1.532
2003,8,October 26,home,Cleveland Browns,https://www.pro-football-reference.com/boxscores/200310260nwe.htm,3,12:10,2,22,MID 50,3,3,(12:10) 12-T.Brady pass incomplete to 82-D.Graham.,1.989,-0.964
2003,8,October 26,home,Cleveland Browns,https://www.pro-football-reference.com/boxscores/200310260nwe.htm,3,12:07,3,22,MID 50,3,3,"(12:07) (Shotgun) 12-T.Brady pass to 81-B.Johnson to CLE 44 for 6 yards (97-A.McKinley, 20-E.Little).",1.025,-0.950
2003,8,October 26,home,Cleveland Browns,https://www.pro-football-reference.com/boxscores/200310260nwe.htm,3,11:35,4,16,CLE 44,3,3,"(11:35) 13-K.Walter punts 30 yards to CLE 14, Center-66-L.Paxton, downed by NE-58-M.Chatham.",0.075,0.425
2003,8,October 26,home,Cleveland Browns,https://www.pro-football-reference.com/boxscores/200310260nwe.htm,3,11:23,1,10,CLE 14,3,3,"(11:23) 29-J.Jackson right guard to CLE 20 for 6 yards (94-T.Warren, 37-R.Harrison).",-0.500,0.365
2003,8,October 26,home,Cleveland Browns,https://www.pro-football-reference.com/boxscores/200310260nwe.htm,3,10:47,2,4,CLE 20,3,3,"(10:47) 10-K.Holcomb pass to 85-K.Johnson to CLE 28 for 8 yards (54-T.Bruschi, 95-R.Phifer).",-0.135,0.600
2003,8,October 26,home,Cleveland Browns,https://www.pro-football-reference.com/boxscores/200310260nwe.htm,3,10:07,1,10,CLE 28,3,3,"(10:07) 29-J.Jackson left guard to CLE 43 for 15 yards (26-E.Wilson, 34-C.Akins).",0.465,1.043
2003,8,October 26,home,Cleveland Browns,https://www.pro-football-reference.com/boxscores/200310260nwe.htm,3,09:31,1,10,CLE 43,3,3,"(9:31) 29-J.Jackson left guard to CLE 45 for 2 yards (94-T.Warren, 55-W.McGinest).",1.509,-0.381
2003,8,October 26,home,Cleveland Browns,https://www.pro-football-reference.com/boxscores/200310260nwe.htm,3,08:53,2,8,CLE 45,3,3,"(8:53) 30-J.White up the middle to CLE 47 for 2 yards (94-T.Warren, 54-T.Bruschi).",1.128,-0.427
2003,8,October 26,home,Cleveland Browns,https://www.pro-football-reference.com/boxscores/200310260nwe.htm,3,08:09,3,6,CLE 47,3,3,"(8:09) (Shotgun) 10-K.Holcomb sacked at CLE 41 for -6 yards (50-M.Vrabel). FUMBLES (50-M.Vrabel), recovered by CLE-30-J.White at CLE 41. 30-J.White to CLE 41 for no gain (50-M.Vrabel).",0.701,-1.945
2003,8,October 26,home,Cleveland Browns,https://www.pro-football-reference.com/boxscores/200310260nwe.htm,3,07:46,4,12,CLE 41,3,3,"(7:46) 17-C.Gardocki punts 39 yards to NE 20, Center-64-R.Pontbriand, out of bounds.",-1.245,0.460
2003,8,October 26,home,Cleveland Browns,https://www.pro-football-reference.com/boxscores/200310260nwe.htm,3,07:42,1,10,NE 20,3,3,"(7:42) 12-T.Brady pass to 82-D.Graham to CLE 42 for 38 yards (24-R.Griffith, 59-K.Bentley).",0.785,2.462
2003,8,October 26,home,Cleveland Browns,https://www.pro-football-reference.com/boxscores/200310260nwe.htm,3,07:01,1,10,CLE 42,3,3,"(7:01) 12-T.Brady pass to 33-K.Faulk to CLE 35 for 7 yards (59-K.Bentley, 58-B.Taylor).",3.247,0.266
2003,8,October 26,home,Cleveland Browns,https://www.pro-football-reference.com/boxscores/200310260nwe.htm,3,06:19,2,3,CLE 35,3,3,"(6:19) 33-K.Faulk up the middle to CLE 30 for 5 yards (54-A.Davis, 96-K.Lang).",3.513,0.403
2003,8,October 26,home,Cleveland Browns,https://www.pro-football-reference.com/boxscores/200310260nwe.htm,3,05:42,1,10,CLE 30,3,3,(5:42) 33-K.Faulk left guard to CLE 16 for 14 yards (58-B.Taylor).,3.915,0.865
2003,8,October 26,home,Cleveland Browns,https://www.pro-football-reference.com/boxscores/200310260nwe.htm,3,05:01,1,10,CLE 16,3,3,"(5:01) 33-K.Faulk up the middle to CLE 9 for 7 yards (96-K.Lang, 20-E.Little).",4.781,0.290
2003,8,October 26,home,Cleveland Browns,https://www.pro-football-reference.com/boxscores/200310260nwe.htm,3,04:24,2,3,CLE 9,3,3,(4:24) 33-K.Faulk up the middle to CLE 10 for -1 yards (58-B.Taylor).,5.071,-0.793
2003,8,October 26,home,Cleveland Browns,https://www.pro-football-reference.com/boxscores/200310260nwe.htm,3,03:43,3,4,CLE 10,3,3,(3:43) 12-T.Brady pass incomplete to 81-B.Johnson.,4.277,-1.573
2003,8,October 26,home,Cleveland Browns,https://www.pro-football-reference.com/boxscores/200310260nwe.htm,3,03:40,4,4,CLE 10,6,3,"(3:40) 4-A.Vinatieri 28 yard field goal is GOOD, Center-66-L.Paxton, Holder-13-K.Walter.",2.705,0.295
2003,8,October 26,home,Cleveland Browns,https://www.pro-football-reference.com/boxscores/200310260nwe.htm,3,03:36,,,NE 30,6,3,"4-A.Vinatieri kicks 63 yards from NE 30 to CLE 7. 87-A.Davis to CLE 20 for 13 yards (39-S.Mayer, 34-C.Akins).",-0.063,0.002
2003,8,October 26,home,Cleveland Browns,https://www.pro-football-reference.com/boxscores/200310260nwe.htm,3,03:30,1,10,CLE 20,6,3,(3:30) 10-K.Holcomb pass incomplete to 82-S.Heiden.,-0.061,-0.509
2003,8,October 26,home,Cleveland Browns,https://www.pro-football-reference.com/boxscores/200310260nwe.htm,3,03:24,2,10,CLE 20,6,3,"(3:24) 29-J.Jackson left guard to CLE 19 for -1 yards (54-T.Bruschi, 37-R.Harrison).",-0.570,-0.933
2003,8,October 26,home,Cleveland Browns,https://www.pro-football-reference.com/boxscores/200310260nwe.htm,3,02:39,3,11,CLE 19,6,3,(2:39) (Shotgun) 10-K.Holcomb pass to 82-S.Heiden to CLE 28 for 9 yards (95-R.Phifer).,-1.503,-0.083
2003,8,October 26,home,Cleveland Browns,https://www.pro-football-reference.com/boxscores/200310260nwe.htm,3,02:00,4,2,CLE 28,6,3,(2:00) (Punt formation) 52-B.Boyer up the middle to CLE 35 for 7 yards (90-D.Klecko).,-1.586,2.429
2003,8,October 26,home,Cleveland Browns,https://www.pro-football-reference.com/boxscores/200310260nwe.htm,3,01:15,1,10,CLE 35,6,3,(1:15) 10-K.Holcomb pass incomplete to 30-J.White.,0.844,-0.478
2003,8,October 26,home,Cleveland Browns,https://www.pro-football-reference.com/boxscores/200310260nwe.htm,3,01:07,2,10,CLE 35,6,3,(1:07) (Shotgun) 10-K.Holcomb pass incomplete to 81-Q.Morgan.,0.366,-0.695
2003,8,October 26,home,Cleveland Browns,https://www.pro-football-reference.com/boxscores/200310260nwe.htm,3,01:03,3,10,CLE 35,6,3,"(1:03) (Shotgun) 10-K.Holcomb pass to 30-J.White to CLE 45 for 10 yards (54-T.Bruschi, 95-R.Phifer).",-0.329,1.909
2003,8,October 26,home,Cleveland Browns,https://www.pro-football-reference.com/boxscores/200310260nwe.htm,3,00:23,1,10,CLE 45,6,3,(:23) 29-J.Jackson right guard to CLE 48 for 3 yards (94-T.Warren).,1.580,-0.126
2003,8,October 26,home,Cleveland Browns,https://www.pro-football-reference.com/boxscores/200310260nwe.htm,4,15:00,2,7,CLE 48,6,3,(15:00) (Shotgun) 10-K.Holcomb pass to 81-Q.Morgan to 50 for 2 yards (95-R.Phifer).,1.454,-0.560
2003,8,October 26,home,Cleveland Browns,https://www.pro-football-reference.com/boxscores/200310260nwe.htm,4,14:16,3,5,MID 50,6,3,"(14:16) (Shotgun) 10-K.Holcomb Aborted. 67-M.Fowler FUMBLES at 50, recovered by CLE-10-K.Holcomb at CLE 30. 10-K.Holcomb pass incomplete.",0.894,-1.496
2003,8,October 26,home,Cleveland Browns,https://www.pro-football-reference.com/boxscores/200310260nwe.htm,4,14:09,4,5,MID 50,6,3,"(14:09) 17-C.Gardocki punts 34 yards to NE 16, Center-64-R.Pontbriand. 80-T.Brown to NE 21 for 5 yards (39-M.Lehan).",-0.602,-0.094
2003,8,October 26,home,Cleveland Browns,https://www.pro-football-reference.com/boxscores/200310260nwe.htm,4,14:03,1,10,NE 21,6,3,(14:03) 12-T.Brady pass to 80-T.Brown pushed ob at NE 26 for 5 yards (33-D.McCutcheon).,0.697,0.189
2003,8,October 26,home,Cleveland Browns,https://www.pro-football-reference.com/boxscores/200310260nwe.htm,4,13:31,2,5,NE 26,6,3,(13:31) 33-K.Faulk left end to NE 27 for 1 yard (58-B.Taylor).,0.886,-0.467
2003,8,October 26,home,Cleveland Browns,https://www.pro-football-reference.com/boxscores/200310260nwe.htm,4,12:54,3,4,NE 27,6,3,"(12:54) 12-T.Brady pass to 82-D.Graham to NE 36 for 9 yards (37-A.Henry, 59-K.Bentley).",0.419,1.415
2003,8,October 26,home,Cleveland Browns,https://www.pro-football-reference.com/boxscores/200310260nwe.htm,4,12:13,1,10,NE 36,6,3,"(12:13) 12-T.Brady pass to 83-D.Branch to CLE 48 for 16 yards (58-B.Taylor, 20-E.Little).",1.834,0.846
2003,8,October 26,home,Cleveland Browns,https://www.pro-football-reference.com/boxscores/200310260nwe.htm,4,11:33,1,10,CLE 48,6,3,(11:33) 12-T.Brady pass incomplete to 83-D.Branch.,2.680,-0.428
2003,8,October 26,home,Cleveland Browns,https://www.pro-football-reference.com/boxscores/200310260nwe.htm,4,11:28,2,10,CLE 48,6,3,"(11:28) 33-K.Faulk left tackle to CLE 47 for 1 yard (20-E.Little, 97-A.McKinley).",2.252,-0.765
2003,8,October 26,home,Cleveland Browns,https://www.pro-football-reference.com/boxscores/200310260nwe.htm,4,10:42,3,9,CLE 47,6,3,"(10:42) (Shotgun) 12-T.Brady pass to 88-C.Fauria pushed ob at CLE 40 for 7 yards (24-R.Griffith). PENALTY on NE-68-T.Ashworth, Chop Block, 15 yards, enforced at CLE 47 - No Play. NE 63-Andruzzi also named in penalty.",1.487,-1.333
2003,8,October 26,home,Cleveland Browns,https://www.pro-football-reference.com/boxscores/200310260nwe.htm,4,10:11,3,24,NE 38,6,3,(10:11) 12-T.Brady pass to 80-T.Brown to NE 43 for 5 yards. Lateral to 33-K.Faulk pushed ob at NE 49 for 6 yards (20-E.Little).,0.154,-0.427
2003,8,October 26,home,Cleveland Browns,https://www.pro-football-reference.com/boxscores/200310260nwe.htm,4,09:49,4,13,NE 49,6,3,"(9:49) 13-K.Walter punts 50 yards to CLE 1, Center-66-L.Paxton, downed by NE-81-B.Johnson.",-0.273,1.732
2003,8,October 26,home,Cleveland Browns,https://www.pro-football-reference.com/boxscores/200310260nwe.htm,4,09:40,1,10,CLE 1,6,3,(9:40) 10-K.Holcomb pass to 82-S.Heiden pushed ob at CLE 9 for 8 yards (38-T.Poole).,-1.459,1.081
2003,8,October 26,home,Cleveland Browns,https://www.pro-football-reference.com/boxscores/200310260nwe.htm,4,09:13,2,2,CLE 9,6,3,(9:13) 29-J.Jackson up the middle to CLE 20 for 11 yards (26-E.Wilson).,-0.378,0.708
2003,8,October 26,home,Cleveland Browns,https://www.pro-football-reference.com/boxscores/200310260nwe.htm,4,08:37,1,10,CLE 20,6,3,(8:37) 10-K.Holcomb pass incomplete to 82-S.Heiden.,0.330,-0.476
2003,8,October 26,home,Cleveland Browns,https://www.pro-football-reference.com/boxscores/200310260nwe.htm,4,08:29,2,10,CLE 20,6,3,"(8:29) PENALTY on CLE-70-E.Demar, False Start, 5 yards, enforced at CLE 20 - No Play.",-0.146,-0.776
2003,8,October 26,home,Cleveland Browns,https://www.pro-football-reference.com/boxscores/200310260nwe.htm,4,08:29,2,15,CLE 15,6,3,(8:29) (Shotgun) 10-K.Holcomb pass to 29-J.Jackson to CLE 18 for 3 yards (24-T.Law).,-0.921,-0.228
2003,8,October 26,home,Cleveland Browns,https://www.pro-football-reference.com/boxscores/200310260nwe.htm,4,07:42,3,12,CLE 18,6,3,(7:42) (Shotgun) 10-K.Holcomb sacked at CLE 10 for -8 yards (50-M.Vrabel).,-1.149,-1.158
2003,8,October 26,home,Cleveland Browns,https://www.pro-football-reference.com/boxscores/200310260nwe.htm,4,07:16,4,20,CLE 10,6,3,"(7:16) 17-C.Gardocki punts 60 yards to NE 30, Center-64-R.Pontbriand. 80-T.Brown MUFFS catch, and recovers at NE 30. 80-T.Brown to NE 39 for 9 yards (55-B.Gardner, 52-B.Boyer).",-2.306,0.434
2003,8,October 26,home,Cleveland Browns,https://www.pro-football-reference.com/boxscores/200310260nwe.htm,4,07:04,1,10,NE 39,6,3,"(7:04) 33-K.Faulk left end to NE 41 for 2 yards (92-C.Brown). PENALTY on CLE-96-K.Lang, Defensive Offside, 5 yards, enforced at NE 39 - No Play.",1.873,0.558
2003,8,October 26,home,Cleveland Browns,https://www.pro-football-reference.com/boxscores/200310260nwe.htm,4,06:40,1,5,NE 44,6,3,(6:40) 33-K.Faulk up the middle to 50 for 6 yards (54-A.Davis).,2.430,0.060
2003,8,October 26,home,Cleveland Browns,https://www.pro-football-reference.com/boxscores/200310260nwe.htm,4,05:59,1,10,MID 50,6,3,"(5:59) 33-K.Faulk left end to CLE 44 for 6 yards (58-B.Taylor, 59-K.Bentley).",2.490,0.257
2003,8,October 26,home,Cleveland Browns,https://www.pro-football-reference.com/boxscores/200310260nwe.htm,4,05:17,2,4,CLE 44,6,3,(5:17) 33-K.Faulk up the middle to CLE 42 for 2 yards (99-O.Roye).,2.748,-0.456
2003,8,October 26,home,Cleveland Browns,https://www.pro-football-reference.com/boxscores/200310260nwe.htm,4,04:34,3,2,CLE 42,6,3,(4:34) (Shotgun) 80-T.Brown left tackle to CLE 39 for 3 yards (58-B.Taylor). direct snap,2.292,0.677
2003,8,October 26,home,Cleveland Browns,https://www.pro-football-reference.com/boxscores/200310260nwe.htm,4,03:54,1,10,CLE 39,6,3,(3:54) 33-K.Faulk up the middle to CLE 37 for 2 yards (92-C.Brown).,2.968,-0.584
2003,8,October 26,home,Cleveland Browns,https://www.pro-football-reference.com/boxscores/200310260nwe.htm,4,03:17,2,8,CLE 37,6,3,"(3:17) 33-K.Faulk left end to CLE 35 for 2 yards (59-K.Bentley, 54-A.Davis).",2.384,-0.298
2003,8,October 26,home,Cleveland Browns,https://www.pro-football-reference.com/boxscores/200310260nwe.htm,4,03:08,,,CLE 35,6,3,Timeout #1 by CLE at 03:08.,2.086,0.000
2003,8,October 26,home,Cleveland Browns,https://www.pro-football-reference.com/boxscores/200310260nwe.htm,4,03:08,3,6,CLE 35,6,3,(3:08) (Shotgun) 12-T.Brady pass to 83-D.Branch ran ob at CLE 25 for 10 yards.,2.086,1.597
2003,8,October 26,home,Cleveland Browns,https://www.pro-football-reference.com/boxscores/200310260nwe.htm,4,03:03,1,10,CLE 25,6,3,"(3:03) 33-K.Faulk right guard to CLE 21 for 4 yards (33-D.McCutcheon, 20-E.Little).",3.683,-0.068
2003,8,October 26,home,Cleveland Browns,https://www.pro-football-reference.com/boxscores/200310260nwe.htm,4,02:20,2,6,CLE 21,6,3,"(2:20) 32-A.Smith left tackle to CLE 20 for 1 yard (58-B.Taylor, 92-C.Brown).",3.615,-0.386
2003,8,October 26,home,Cleveland Browns,https://www.pro-football-reference.com/boxscores/200310260nwe.htm,4,02:12,,,CLE 20,6,3,Timeout #2 by CLE at 02:12.,3.229,0.000
2003,8,October 26,home,Cleveland Browns,https://www.pro-football-reference.com/boxscores/200310260nwe.htm,4,02:12,3,5,CLE 20,6,3,(2:12) 12-T.Brady pass incomplete to 83-D.Branch (37-A.Henry).,3.229,-1.047
2003,8,October 26,home,Cleveland Browns,https://www.pro-football-reference.com/boxscores/200310260nwe.htm,4,02:09,4,5,CLE 20,9,3,"(2:09) 4-A.Vinatieri 38 yard field goal is GOOD, Center-66-L.Paxton, Holder-13-K.Walter.",2.181,0.819
2003,8,October 26,home,Cleveland Browns,https://www.pro-football-reference.com/boxscores/200310260nwe.htm,4,02:05,,,NE 30,9,3,4-A.Vinatieri kicks 63 yards from NE 30 to CLE 7. 87-A.Davis to CLE 33 for 26 yards (51-D.Davis).,0.572,0.502
2003,8,October 26,home,Cleveland Browns,https://www.pro-football-reference.com/boxscores/200310260nwe.htm,4,01:59,1,10,CLE 33,9,3,(1:59) (Shotgun) 10-K.Holcomb pass incomplete to 86-D.Northcutt.,1.074,-0.392
2003,8,October 26,home,Cleveland Browns,https://www.pro-football-reference.com/boxscores/200310260nwe.htm,4,01:55,2,10,CLE 33,9,3,(1:55) (Shotgun) 10-K.Holcomb sacked at CLE 24 for -9 yards (sack split by 90-D.Klecko and 93-R.Seymour).,0.682,-0.732
2003,8,October 26,home,Cleveland Browns,https://www.pro-football-reference.com/boxscores/200310260nwe.htm,4,01:30,3,19,CLE 24,9,3,(1:30) (Shotgun) 10-K.Holcomb pass to 85-K.Johnson to CLE 29 for 5 yards (95-R.Phifer).,-0.050,-0.099
2003,8,October 26,home,Cleveland Browns,https://www.pro-football-reference.com/boxscores/200310260nwe.htm,4,01:19,,,,9,3,Timeout #3 by CLE at 01:19.,-0.149,0.000
2003,8,October 26,home,Cleveland Browns,https://www.pro-football-reference.com/boxscores/200310260nwe.htm,4,01:19,,,CLE 29,9,3,Timeout #1 by NE at 01:19.,-0.149,0.000
2003,8,October 26,home,Cleveland Browns,https://www.pro-football-reference.com/boxscores/200310260nwe.htm,4,01:19,4,14,CLE 29,9,3,"(1:19) (Shotgun) 10-K.Holcomb pass to 86-D.Northcutt to CLE 45 for 16 yards (95-R.Phifer, 26-E.Wilson).",-0.149,1.153
2003,8,October 26,home,Cleveland Browns,https://www.pro-football-reference.com/boxscores/200310260nwe.htm,4,01:00,1,10,CLE 45,9,3,(1:00) (Shotgun) 10-K.Holcomb pass intended for 85-K.Johnson INTERCEPTED by 24-T.Law at NE 25. 24-T.Law to NE 25 for no gain (85-K.Johnson).,1.004,-1.004
2003,8,October 26,home,Cleveland Browns,https://www.pro-football-reference.com/boxscores/200310260nwe.htm,4,00:51,1,10,NE 25,9,3,(:51) 12-T.Brady kneels to NE 24 for -1 yards.,0.000,0.000
2003,8,October 26,home,Cleveland Browns,https://www.pro-football-reference.com/boxscores/200310260nwe.htm,4,00:32,2,11,NE 24,9,3,(:32) 12-T.Brady kneels to NE 23 for -1 yards.,0.000,0.000
2003,9,November 3,away,Denver Broncos,https://www.pro-football-reference.com/boxscores/200311030den.htm,1,15:00,,,NE 30,0,0,4-A.Vinatieri kicks 67 yards from NE 30 to DEN 3. 81-C.Cole to DEN 27 for 24 yards (53-L.Izzo).,0.817,0.568
2003,9,November 3,away,Denver Broncos,https://www.pro-football-reference.com/boxscores/200311030den.htm,1,14:55,1,10,DEN 27,0,0,(14:55) 13-D.Kanell pass incomplete to 38-M.Anderson.,1.385,-0.498
2003,9,November 3,away,Denver Broncos,https://www.pro-football-reference.com/boxscores/200311030den.htm,1,14:50,2,10,DEN 27,0,0,"(14:50) 26-C.Portis left guard to DEN 31 for 4 yards (90-D.Klecko, 55-W.McGinest).",0.887,-0.324
2003,9,November 3,away,Denver Broncos,https://www.pro-football-reference.com/boxscores/200311030den.htm,1,14:12,3,6,DEN 31,0,0,(14:12) 26-C.Portis left end to DEN 36 for 5 yards (95-R.Phifer).,0.562,-0.385
2003,9,November 3,away,Denver Broncos,https://www.pro-football-reference.com/boxscores/200311030den.htm,1,13:35,4,1,DEN 36,0,0,"(13:35) 4-M.Knorr punts 47 yards to NE 17, Center-83-M.Leach. 83-D.Branch pushed ob at NE 27 for 10 yards (23-W.Middlebrooks).",0.177,-0.617
2003,9,November 3,away,Denver Broncos,https://www.pro-football-reference.com/boxscores/200311030den.htm,1,13:24,1,10,NE 27,0,0,(13:24) 12-T.Brady pass to 82-D.Graham to NE 29 for 2 yards (31-K.Herndon).,0.440,-0.304
2003,9,November 3,away,Denver Broncos,https://www.pro-football-reference.com/boxscores/200311030den.htm,1,12:50,2,8,NE 29,0,0,"(12:50) 12-T.Brady FUMBLES (Aborted) at NE 29, RECOVERED by DEN-28-K.Kennedy at NE 29.",0.136,-4.268
2003,9,November 3,away,Denver Broncos,https://www.pro-football-reference.com/boxscores/200311030den.htm,1,12:46,1,10,NE 28,0,0,"(12:46) 26-C.Portis left tackle to NE 24 for 4 yards (95-R.Phifer, 97-J.Green).",4.132,0.044
2003,9,November 3,away,Denver Broncos,https://www.pro-football-reference.com/boxscores/200311030den.htm,1,12:12,2,6,NE 24,0,0,(12:12) 26-C.Portis left tackle to NE 24 for no gain (50-M.Vrabel).,4.176,-0.606
2003,9,November 3,away,Denver Broncos,https://www.pro-football-reference.com/boxscores/200311030den.htm,1,11:33,3,6,NE 24,0,0,(11:33) 13-D.Kanell pass to 80-R.Smith to NE 15 for 9 yards (26-E.Wilson).,3.570,1.324
2003,9,November 3,away,Denver Broncos,https://www.pro-football-reference.com/boxscores/200311030den.htm,1,10:56,1,10,NE 15,0,6,"(10:56) 26-C.Portis up the middle for 15 yards, TOUCHDOWN.",4.894,2.106
2003,9,November 3,away,Denver Broncos,https://www.pro-football-reference.com/boxscores/200311030den.htm,1,10:51,,,NE 2,0,7,"1-J.Elam extra point is GOOD, Center-83-M.Leach, Holder-4-M.Knorr.",0.986,0.014
2003,9,November 3,away,Denver Broncos,https://www.pro-football-reference.com/boxscores/200311030den.htm,1,10:51,,,DEN 30,0,7,4-M.Knorr kicks 63 yards from DEN 30 to NE 7. 81-B.Johnson to NE 24 for 17 yards (55-K.Burns).,-0.020,0.150
2003,9,November 3,away,Denver Broncos,https://www.pro-football-reference.com/boxscores/200311030den.htm,1,10:46,1,10,NE 24,0,7,(10:46) 12-T.Brady pass incomplete to 83-D.Branch.,0.130,-0.512
2003,9,November 3,away,Denver Broncos,https://www.pro-football-reference.com/boxscores/200311030den.htm,1,10:42,2,10,NE 24,0,7,(10:42) 32-A.Smith left tackle to NE 24 for no gain (56-A.Wilson).,-0.382,-0.696
2003,9,November 3,away,Denver Broncos,https://www.pro-football-reference.com/boxscores/200311030den.htm,1,09:56,3,10,NE 24,0,7,(9:56) 12-T.Brady pass intended for 87-D.Givens INTERCEPTED by 28-K.Kennedy at DEN 35. 28-K.Kennedy to DEN 35 for no gain (83-D.Branch).,-1.078,-0.706
2003,9,November 3,away,Denver Broncos,https://www.pro-football-reference.com/boxscores/200311030den.htm,1,09:47,1,10,DEN 35,0,7,(9:47) 26-C.Portis left tackle to DEN 39 for 4 yards (90-D.Klecko).,1.784,0.008
2003,9,November 3,away,Denver Broncos,https://www.pro-football-reference.com/boxscores/200311030den.htm,1,09:08,2,6,DEN 39,0,7,"(9:08) PENALTY on NE-90-D.Klecko, Encroachment, 5 yards, enforced at DEN 39 - No Play.",1.792,0.873
2003,9,November 3,away,Denver Broncos,https://www.pro-football-reference.com/boxscores/200311030den.htm,1,08:50,2,1,DEN 44,0,7,(8:50) 26-C.Portis right tackle to DEN 46 for 2 yards (90-D.Klecko).,2.665,-0.067
2003,9,November 3,away,Denver Broncos,https://www.pro-football-reference.com/boxscores/200311030den.htm,1,08:09,1,10,DEN 46,0,7,(8:09) 13-D.Kanell pass to 80-R.Smith pushed ob at NE 28 for 26 yards (26-E.Wilson).,2.597,1.460
2003,9,November 3,away,Denver Broncos,https://www.pro-football-reference.com/boxscores/200311030den.htm,1,07:41,1,10,NE 28,0,7,(7:41) 26-C.Portis up the middle to NE 28 for no gain (55-W.McGinest).,4.057,-0.365
2003,9,November 3,away,Denver Broncos,https://www.pro-football-reference.com/boxscores/200311030den.htm,1,07:00,2,10,NE 28,0,7,(7:00) 26-C.Portis right end to NE 26 for 2 yards (55-W.McGinest).,3.692,-0.537
2003,9,November 3,away,Denver Broncos,https://www.pro-football-reference.com/boxscores/200311030den.htm,1,06:14,3,8,NE 26,0,7,(6:14) 13-D.Kanell pass incomplete to 80-R.Smith (38-T.Poole).,3.155,-1.618
2003,9,November 3,away,Denver Broncos,https://www.pro-football-reference.com/boxscores/200311030den.htm,1,06:09,4,8,NE 26,0,7,"(6:09) 1-J.Elam 44 yard field goal is No Good, Wide Left, Center-83-M.Leach, Holder-4-M.Knorr.",1.537,-2.371
2003,9,November 3,away,Denver Broncos,https://www.pro-football-reference.com/boxscores/200311030den.htm,1,06:04,1,10,NE 34,6,7,"(6:04) 12-T.Brady pass to 83-D.Branch for 66 yards, TOUCHDOWN.",0.834,6.166
2003,9,November 3,away,Denver Broncos,https://www.pro-football-reference.com/boxscores/200311030den.htm,1,05:55,,,DEN 2,7,7,"4-A.Vinatieri extra point is GOOD, Center-66-L.Paxton, Holder-13-K.Walter.",0.986,0.014
2003,9,November 3,away,Denver Broncos,https://www.pro-football-reference.com/boxscores/200311030den.htm,1,05:55,,,NE 30,7,7,4-A.Vinatieri kicks 68 yards from NE 30 to DEN 2. 81-C.Cole to DEN 18 for 16 yards (48-T.Banta-Cain).,0.768,-0.134
2003,9,November 3,away,Denver Broncos,https://www.pro-football-reference.com/boxscores/200311030den.htm,1,05:50,1,10,DEN 18,7,7,(5:50) 26-C.Portis left tackle to DEN 21 for 3 yards (94-T.Warren).,0.634,-0.319
2003,9,November 3,away,Denver Broncos,https://www.pro-football-reference.com/boxscores/200311030den.htm,1,05:15,2,7,DEN 21,7,7,"(5:15) PENALTY on NE-94-T.Warren, Encroachment, 5 yards, enforced at DEN 21 - No Play.",0.316,1.002
2003,9,November 3,away,Denver Broncos,https://www.pro-football-reference.com/boxscores/200311030den.htm,1,04:55,2,2,DEN 26,7,7,(4:55) 26-C.Portis up the middle to DEN 29 for 3 yards (91-B.Hamilton).,1.318,0.171
2003,9,November 3,away,Denver Broncos,https://www.pro-football-reference.com/boxscores/200311030den.htm,1,04:15,1,10,DEN 29,7,7,(4:15) 13-D.Kanell pass incomplete to 80-R.Smith.,1.489,-0.482
2003,9,November 3,away,Denver Broncos,https://www.pro-football-reference.com/boxscores/200311030den.htm,1,04:11,2,10,DEN 29,7,7,"(4:11) 13-D.Kanell pass to 26-C.Portis to DEN 31 for 2 yards (91-B.Hamilton, 55-W.McGinest).",1.007,-0.663
2003,9,November 3,away,Denver Broncos,https://www.pro-football-reference.com/boxscores/200311030den.htm,1,03:27,3,8,DEN 31,7,7,(3:27) (Shotgun) 13-D.Kanell pass to 26-C.Portis to DEN 34 for 3 yards (22-A.Samuel).,0.345,-0.882
2003,9,November 3,away,Denver Broncos,https://www.pro-football-reference.com/boxscores/200311030den.htm,1,02:44,4,5,DEN 34,7,7,"(2:44) 4-M.Knorr punts 37 yards to NE 29, Center-83-M.Leach. 33-K.Faulk to NE 35 for 6 yards (57-J.Sykes).",-0.537,-0.286
2003,9,November 3,away,Denver Broncos,https://www.pro-football-reference.com/boxscores/200311030den.htm,1,02:34,1,10,NE 35,7,7,(2:34) 32-A.Smith left guard to NE 36 for 1 yard (56-A.Wilson).,0.823,-0.110
2003,9,November 3,away,Denver Broncos,https://www.pro-football-reference.com/boxscores/200311030den.htm,1,02:02,,,NE 36,7,7,Timeout #1 by DEN at 02:02.,0.714,0.000
2003,9,November 3,away,Denver Broncos,https://www.pro-football-reference.com/boxscores/200311030den.htm,1,02:02,2,9,NE 36,7,7,"(2:02) 12-T.Brady pass incomplete to 83-D.Branch. PENALTY on NE-87-D.Givens, Offensive Pass Interference, 10 yards, enforced at NE 36 - No Play.",0.714,-1.012
2003,9,November 3,away,Denver Broncos,https://www.pro-football-reference.com/boxscores/200311030den.htm,1,01:57,2,19,NE 26,7,7,(1:57) 12-T.Brady pass incomplete to 82-D.Graham (42-S.Brandon).,-0.298,-0.706
2003,9,November 3,away,Denver Broncos,https://www.pro-football-reference.com/boxscores/200311030den.htm,1,01:50,3,19,NE 26,7,7,"(1:50) 33-K.Faulk up the middle to NE 42 for 16 yards (28-K.Kennedy, 56-A.Wilson).",-1.004,0.262
2003,9,November 3,away,Denver Broncos,https://www.pro-football-reference.com/boxscores/200311030den.htm,1,01:13,4,3,NE 42,7,7,"(1:13) 13-K.Walter punts 42 yards to DEN 16, Center-66-L.Paxton, fair catch by 24-D.O'Neal.",-0.741,0.347
2003,9,November 3,away,Denver Broncos,https://www.pro-football-reference.com/boxscores/200311030den.htm,1,01:04,1,10,DEN 16,7,7,(1:04) 13-D.Kanell pass to 84-S.Sharpe to DEN 42 for 26 yards (38-T.Poole).,0.395,1.585
2003,9,November 3,away,Denver Broncos,https://www.pro-football-reference.com/boxscores/200311030den.htm,1,00:19,1,10,DEN 42,7,7,(:19) 13-D.Kanell pass incomplete to 80-R.Smith.,1.980,-0.445
2003,9,November 3,away,Denver Broncos,https://www.pro-football-reference.com/boxscores/200311030den.htm,1,00:12,2,10,DEN 42,7,7,(:12) 26-C.Portis right tackle to DEN 45 for 3 yards (37-R.Harrison).,1.535,-0.529
2003,9,November 3,away,Denver Broncos,https://www.pro-football-reference.com/boxscores/200311030den.htm,2,15:00,3,7,DEN 45,7,7,(15:00) (Shotgun) 13-D.Kanell pass incomplete to 80-R.Smith (37-R.Harrison).,1.006,-1.331
2003,9,November 3,away,Denver Broncos,https://www.pro-football-reference.com/boxscores/200311030den.htm,2,14:54,4,7,DEN 45,7,7,"(14:54) 4-M.Knorr punts 45 yards to NE 10, Center-83-M.Leach, fair catch by 83-D.Branch. PENALTY on NE-58-M.Chatham, Offensive Holding, 5 yards, enforced at NE 10.",-0.324,1.151
2003,9,November 3,away,Denver Broncos,https://www.pro-football-reference.com/boxscores/200311030den.htm,2,14:46,1,10,NE 5,7,7,"(14:46) PENALTY on NE-65-D.Woody, False Start, 2 yards, enforced at NE 5 - No Play.",-0.827,-0.461
2003,9,November 3,away,Denver Broncos,https://www.pro-football-reference.com/boxscores/200311030den.htm,2,14:46,1,12,NE 3,7,7,(14:46) 32-A.Smith right guard to NE 9 for 6 yards (28-K.Kennedy).,-1.288,0.425
2003,9,November 3,away,Denver Broncos,https://www.pro-football-reference.com/boxscores/200311030den.htm,2,14:06,2,6,NE 9,7,7,(14:06) 33-K.Faulk left end to NE 11 for 2 yards (56-A.Wilson).,-0.863,-0.306
2003,9,November 3,away,Denver Broncos,https://www.pro-football-reference.com/boxscores/200311030den.htm,2,13:22,3,4,NE 11,7,7,(13:22) 12-T.Brady pass incomplete to 80-T.Brown (31-K.Herndon).,-1.169,-1.135
2003,9,November 3,away,Denver Broncos,https://www.pro-football-reference.com/boxscores/200311030den.htm,2,13:17,4,4,NE 11,7,7,"(13:17) 13-K.Walter punts 34 yards to NE 45, Center-66-L.Paxton. 24-D.O'Neal to NE 42 for 3 yards (44-F.McCrary).",-2.304,-0.595
2003,9,November 3,away,Denver Broncos,https://www.pro-football-reference.com/boxscores/200311030den.htm,2,13:07,1,10,NE 42,7,7,(13:07) 13-D.Kanell pass to 80-R.Smith to NE 29 for 13 yards (38-T.Poole).,2.899,0.838
2003,9,November 3,away,Denver Broncos,https://www.pro-football-reference.com/boxscores/200311030den.htm,2,12:23,1,10,NE 29,7,7,(12:23) 26-C.Portis left tackle to NE 25 for 4 yards (50-M.Vrabel).,3.738,-0.091
2003,9,November 3,away,Denver Broncos,https://www.pro-football-reference.com/boxscores/200311030den.htm,2,11:44,2,6,NE 25,7,7,(11:44) 13-D.Kanell pass incomplete to 84-S.Sharpe.,3.646,-0.603
2003,9,November 3,away,Denver Broncos,https://www.pro-football-reference.com/boxscores/200311030den.htm,2,11:37,3,6,NE 25,7,7,(11:37) (Shotgun) 13-D.Kanell pass incomplete to 22-Q.Griffin.,3.043,-1.318
2003,9,November 3,away,Denver Broncos,https://www.pro-football-reference.com/boxscores/200311030den.htm,2,11:33,4,6,NE 25,7,10,"(11:33) 1-J.Elam 43 yard field goal is GOOD, Center-83-M.Leach, Holder-4-M.Knorr.",1.725,1.275
2003,9,November 3,away,Denver Broncos,https://www.pro-football-reference.com/boxscores/200311030den.htm,2,11:29,,,DEN 30,7,10,"4-M.Knorr kicks 70 yards from DEN 30 to end zone, Touchback.",0.327,0.000
2003,9,November 3,away,Denver Broncos,https://www.pro-football-reference.com/boxscores/200311030den.htm,2,11:29,1,10,NE 20,7,10,(11:29) 12-T.Brady pass to 87-D.Givens to DEN 32 for 48 yards (35-L.Walls).,0.327,3.079
2003,9,November 3,away,Denver Broncos,https://www.pro-football-reference.com/boxscores/200311030den.htm,2,10:42,1,10,DEN 32,7,10,(10:42) 33-K.Faulk left end to DEN 34 for -2 yards (31-K.Herndon).,3.406,-1.011
2003,9,November 3,away,Denver Broncos,https://www.pro-football-reference.com/boxscores/200311030den.htm,2,10:03,2,12,DEN 34,7,10,(10:03) 12-T.Brady pass to 82-D.Graham to DEN 17 for 17 yards (25-N.Ferguson).,2.395,2.114
2003,9,November 3,away,Denver Broncos,https://www.pro-football-reference.com/boxscores/200311030den.htm,2,09:19,1,10,DEN 17,7,10,"(9:19) PENALTY on NE-72-M.Light, False Start, 5 yards, enforced at DEN 17 - No Play.",4.509,-0.669
2003,9,November 3,away,Denver Broncos,https://www.pro-football-reference.com/boxscores/200311030den.htm,2,08:51,1,15,DEN 22,7,10,(8:51) 12-T.Brady pass incomplete to 83-D.Branch.,3.840,-0.431
2003,9,November 3,away,Denver Broncos,https://www.pro-football-reference.com/boxscores/200311030den.htm,2,08:46,2,15,DEN 22,7,10,(8:46) 32-A.Smith left guard to DEN 22 for no gain (25-N.Ferguson).,3.409,-0.654
2003,9,November 3,away,Denver Broncos,https://www.pro-football-reference.com/boxscores/200311030den.htm,2,08:08,3,15,DEN 22,7,10,(8:08) 12-T.Brady pass incomplete to 44-F.McCrary.,2.755,-0.715
2003,9,November 3,away,Denver Broncos,https://www.pro-football-reference.com/boxscores/200311030den.htm,2,08:02,4,15,DEN 22,10,10,"(8:02) 4-A.Vinatieri 40 yard field goal is GOOD, Center-66-L.Paxton, Holder-13-K.Walter.",2.040,0.960
2003,9,November 3,away,Denver Broncos,https://www.pro-football-reference.com/boxscores/200311030den.htm,2,07:57,,,NE 30,10,10,4-A.Vinatieri kicks 70 yards from NE 30 to DEN 0. 81-C.Cole to DEN 28 for 28 yards (51-D.Davis).,0.671,0.355
2003,9,November 3,away,Denver Broncos,https://www.pro-football-reference.com/boxscores/200311030den.htm,2,07:51,1,10,DEN 28,10,10,(7:51) 26-C.Portis right tackle to DEN 25 for -3 yards (55-W.McGinest).,1.026,-0.891
2003,9,November 3,away,Denver Broncos,https://www.pro-football-reference.com/boxscores/200311030den.htm,2,07:10,2,13,DEN 25,10,10,(7:10) 13-D.Kanell pass incomplete to 85-A.Lelie.,0.135,-0.619
2003,9,November 3,away,Denver Broncos,https://www.pro-football-reference.com/boxscores/200311030den.htm,2,07:04,,,DEN 25,10,10,Timeout #2 by DEN at 07:04.,-0.484,0.000
2003,9,November 3,away,Denver Broncos,https://www.pro-football-reference.com/boxscores/200311030den.htm,2,07:04,3,13,DEN 25,10,10,"(7:04) (Shotgun) 13-D.Kanell pass incomplete to 81-C.Cole (38-T.Poole). PENALTY on NE-98-A.Pleasant, Defensive Offside, 5 yards, enforced at DEN 25 - No Play.",-0.484,0.632
2003,9,November 3,away,Denver Broncos,https://www.pro-football-reference.com/boxscores/200311030den.htm,2,06:59,3,8,DEN 30,10,10,"(6:59) (Shotgun) 13-D.Kanell pass incomplete to 80-R.Smith (37-R.Harrison). PENALTY on NE-37-R.Harrison, Defensive Holding, 5 yards, enforced at DEN 30 - No Play.",0.147,1.269
2003,9,November 3,away,Denver Broncos,https://www.pro-football-reference.com/boxscores/200311030den.htm,2,06:54,1,10,DEN 35,10,10,(6:54) 22-Q.Griffin up the middle to DEN 39 for 4 yards (50-M.Vrabel).,1.417,-0.037
2003,9,November 3,away,Denver Broncos,https://www.pro-football-reference.com/boxscores/200311030den.htm,2,06:11,2,6,DEN 39,10,10,(6:11) 22-Q.Griffin up the middle to DEN 35 for -4 yards (54-T.Bruschi).,1.380,-1.084
2003,9,November 3,away,Denver Broncos,https://www.pro-football-reference.com/boxscores/200311030den.htm,2,05:28,3,10,DEN 35,10,10,(5:28) (Shotgun) 13-D.Kanell pass to 81-C.Cole to NE 47 for 18 yards (38-T.Poole).,0.296,2.168
2003,9,November 3,away,Denver Broncos,https://www.pro-football-reference.com/boxscores/200311030den.htm,2,04:47,1,10,NE 47,10,10,"(4:47) 26-C.Portis right tackle to NE 45 for 2 yards (50-M.Vrabel). PENALTY on DEN-78-M.Lepsis, Offensive Holding, 10 yards, enforced at NE 47 - No Play.",2.463,-0.827
2003,9,November 3,away,Denver Broncos,https://www.pro-football-reference.com/boxscores/200311030den.htm,2,04:21,1,20,DEN 43,10,10,(4:21) 13-D.Kanell pass to 80-R.Smith to NE 47 for 10 yards (24-T.Law).,1.636,0.211
2003,9,November 3,away,Denver Broncos,https://www.pro-football-reference.com/boxscores/200311030den.htm,2,03:45,2,10,NE 47,10,10,(3:45) 13-D.Kanell pass to 26-C.Portis to NE 42 for 5 yards (50-M.Vrabel).,1.847,-0.090
2003,9,November 3,away,Denver Broncos,https://www.pro-football-reference.com/boxscores/200311030den.htm,2,03:04,3,5,NE 42,10,10,(3:04) 13-D.Kanell pass to 85-A.Lelie to NE 34 for 8 yards (24-T.Law).,1.757,1.188
2003,9,November 3,away,Denver Broncos,https://www.pro-football-reference.com/boxscores/200311030den.htm,2,02:22,1,10,NE 34,10,10,(2:22) 26-C.Portis left tackle to NE 29 for 5 yards (37-R.Harrison).,2.945,0.108
2003,9,November 3,away,Denver Broncos,https://www.pro-football-reference.com/boxscores/200311030den.htm,2,02:00,2,5,NE 29,10,10,(2:00) 13-D.Kanell pass to 84-S.Sharpe ran ob at NE 17 for 12 yards.,3.053,1.096
2003,9,November 3,away,Denver Broncos,https://www.pro-football-reference.com/boxscores/200311030den.htm,2,01:54,1,10,NE 17,10,10,(1:54) 13-D.Kanell pass incomplete to 38-M.Anderson.,4.149,-0.438
2003,9,November 3,away,Denver Broncos,https://www.pro-football-reference.com/boxscores/200311030den.htm,2,01:49,2,10,NE 17,10,10,(1:49) 26-C.Portis left guard to NE 12 for 5 yards (26-E.Wilson).,3.711,0.056
2003,9,November 3,away,Denver Broncos,https://www.pro-football-reference.com/boxscores/200311030den.htm,2,01:15,,,NE 12,10,10,Timeout #1 by NE at 01:15.,3.767,0.000
2003,9,November 3,away,Denver Broncos,https://www.pro-football-reference.com/boxscores/200311030den.htm,2,01:15,3,5,NE 12,10,10,(1:15) 13-D.Kanell pass to 85-A.Lelie to NE 5 for 7 yards (24-T.Law).,3.767,1.482
2003,9,November 3,away,Denver Broncos,https://www.pro-football-reference.com/boxscores/200311030den.htm,2,00:33,1,5,NE 5,10,10,"(:33) 13-D.Kanell pass incomplete to 80-R.Smith. PENALTY on NE-24-T.Law, Defensive Pass Interference, 4 yards, enforced at NE 5 - No Play.",5.249,0.665
2003,9,November 3,away,Denver Broncos,https://www.pro-football-reference.com/boxscores/200311030den.htm,2,00:28,1,1,NE 1,10,16,"(:28) 13-D.Kanell pass to 38-M.Anderson for 1 yard, TOUCHDOWN.",5.914,1.086
2003,9,November 3,away,Denver Broncos,https://www.pro-football-reference.com/boxscores/200311030den.htm,2,00:24,,,NE 2,10,17,"4-M.Knorr extra point is GOOD, Center-83-M.Leach, Holder-13-D.Kanell.",0.986,0.014
2003,9,November 3,away,Denver Broncos,https://www.pro-football-reference.com/boxscores/200311030den.htm,2,00:24,,,DEN 30,10,17,4-M.Knorr kicks 69 yards from DEN 30 to NE 1. 81-B.Johnson to DEN 36 for 63 yards (23-W.Middlebrooks).,0.056,1.447
2003,9,November 3,away,Denver Broncos,https://www.pro-football-reference.com/boxscores/200311030den.htm,2,00:13,1,10,DEN 36,10,17,(:13) 12-T.Brady pass to 33-K.Faulk to DEN 28 for 8 yards (31-K.Herndon).,1.503,0.439
2003,9,November 3,away,Denver Broncos,https://www.pro-football-reference.com/boxscores/200311030den.htm,2,00:06,,,DEN 28,10,17,Timeout #2 by NE at 00:06.,1.942,0.000
2003,9,November 3,away,Denver Broncos,https://www.pro-football-reference.com/boxscores/200311030den.htm,2,00:06,2,2,DEN 28,13,17,"(:06) 4-A.Vinatieri 46 yard field goal is GOOD, Center-66-L.Paxton, Holder-13-K.Walter.",1.942,1.058
2003,9,November 3,away,Denver Broncos,https://www.pro-football-reference.com/boxscores/200311030den.htm,2,00:01,,,NE 30,13,17,4-A.Vinatieri kicks 55 yards from NE 30 to DEN 15. 38-M.Anderson to DEN 29 for 14 yards (48-T.Banta-Cain).,-0.013,0.013
2003,9,November 3,away,Denver Broncos,https://www.pro-football-reference.com/boxscores/200311030den.htm,3,15:00,,,DEN 30,13,17,"4-M.Knorr kicks 67 yards from DEN 30 to NE 3. 81-B.Johnson to NE 23 for 20 yards (58-T.Pierce). PENALTY on NE-44-F.McCrary, Offensive Holding, 10 yards, enforced at NE 23.",-0.140,-0.467
2003,9,November 3,away,Denver Broncos,https://www.pro-football-reference.com/boxscores/200311030den.htm,3,14:54,1,10,NE 13,13,17,(14:54) 32-A.Smith right guard to NE 15 for 2 yards (93-T.Pryce).,-0.607,-0.424
2003,9,November 3,away,Denver Broncos,https://www.pro-football-reference.com/boxscores/200311030den.htm,3,14:20,2,8,NE 15,13,17,(14:20) 12-T.Brady pass to 83-D.Branch to NE 45 for 30 yards (31-K.Herndon).,-1.031,2.602
2003,9,November 3,away,Denver Broncos,https://www.pro-football-reference.com/boxscores/200311030den.htm,3,13:36,1,10,NE 45,13,17,(13:36) 12-T.Brady pass to 88-C.Fauria to DEN 45 for 10 yards (57-J.Sykes).,1.571,0.806
2003,9,November 3,away,Denver Broncos,https://www.pro-football-reference.com/boxscores/200311030den.htm,3,13:02,1,10,DEN 45,13,17,(13:02) 32-A.Smith up the middle to DEN 42 for 3 yards (90-D.Holland; 57-J.Sykes).,2.377,-0.263
2003,9,November 3,away,Denver Broncos,https://www.pro-football-reference.com/boxscores/200311030den.htm,3,12:28,2,7,DEN 42,13,17,(12:28) 32-A.Smith left tackle to DEN 40 for 2 yards (57-J.Sykes).,2.113,-0.451
2003,9,November 3,away,Denver Broncos,https://www.pro-football-reference.com/boxscores/200311030den.htm,3,11:46,3,5,DEN 40,13,17,(11:46) 12-T.Brady pass incomplete to 88-C.Fauria (31-K.Herndon).,1.663,-1.884
2003,9,November 3,away,Denver Broncos,https://www.pro-football-reference.com/boxscores/200311030den.htm,3,11:40,4,5,DEN 40,13,17,"(11:40) 13-K.Walter punts 20 yards to DEN 20, Center-66-L.Paxton, fair catch by 24-D.O'Neal.",-0.222,-0.584
2003,9,November 3,away,Denver Broncos,https://www.pro-football-reference.com/boxscores/200311030den.htm,3,11:33,1,10,DEN 20,13,17,(11:33) 26-C.Portis up the middle to DEN 20 for no gain (91-B.Hamilton).,0.805,-0.534
2003,9,November 3,away,Denver Broncos,https://www.pro-football-reference.com/boxscores/200311030den.htm,3,10:57,2,10,DEN 20,13,17,(10:57) 26-C.Portis up the middle to DEN 24 for 4 yards (54-T.Bruschi).,0.272,-0.395
2003,9,November 3,away,Denver Broncos,https://www.pro-football-reference.com/boxscores/200311030den.htm,3,10:16,3,6,DEN 24,13,17,"(10:16) (Shotgun) PENALTY on DEN-65-C.Carlisle, False Start, 5 yards, enforced at DEN 24 - No Play.",-0.124,-0.735
2003,9,November 3,away,Denver Broncos,https://www.pro-football-reference.com/boxscores/200311030den.htm,3,09:56,3,11,DEN 19,13,17,(9:56) 13-D.Kanell pass incomplete to 85-A.Lelie.,-0.858,-0.949
2003,9,November 3,away,Denver Broncos,https://www.pro-football-reference.com/boxscores/200311030den.htm,3,09:53,4,11,DEN 19,13,17,"(9:53) 4-M.Knorr punts 41 yards to NE 40, Center-83-M.Leach. 83-D.Branch to NE 44 for 4 yards (55-K.Burns).",-1.807,0.240
2003,9,November 3,away,Denver Broncos,https://www.pro-football-reference.com/boxscores/200311030den.htm,3,09:43,1,10,NE 44,13,17,(9:43) 12-T.Brady pass to 32-A.Smith to DEN 42 for 14 yards (31-K.Herndon).,1.567,1.003
2003,9,November 3,away,Denver Broncos,https://www.pro-football-reference.com/boxscores/200311030den.htm,3,09:03,1,10,DEN 42,13,17,(9:03) 12-T.Brady pass incomplete to 81-B.Johnson.,2.571,-0.521
2003,9,November 3,away,Denver Broncos,https://www.pro-football-reference.com/boxscores/200311030den.htm,3,08:55,2,10,DEN 42,13,17,(8:55) 12-T.Brady pass to 83-D.Branch pushed ob at DEN 31 for 11 yards (24-D.O'Neal).,2.050,1.400
2003,9,November 3,away,Denver Broncos,https://www.pro-football-reference.com/boxscores/200311030den.htm,3,08:32,1,10,DEN 31,13,17,(8:32) 32-A.Smith up the middle to DEN 27 for 4 yards (31-K.Herndon).,3.450,-0.022
2003,9,November 3,away,Denver Broncos,https://www.pro-football-reference.com/boxscores/200311030den.htm,3,07:59,2,6,DEN 27,13,17,(7:59) 12-T.Brady pass to 44-F.McCrary to DEN 18 for 9 yards (57-J.Sykes).,3.428,1.019
2003,9,November 3,away,Denver Broncos,https://www.pro-football-reference.com/boxscores/200311030den.htm,3,07:19,1,10,DEN 18,13,17,(7:19) 32-A.Smith left guard to DEN 7 for 11 yards (42-S.Brandon).,4.447,0.821
2003,9,November 3,away,Denver Broncos,https://www.pro-football-reference.com/boxscores/200311030den.htm,3,06:40,1,7,DEN 7,13,17,(6:40) 33-K.Faulk up the middle to DEN 6 for 1 yard (56-A.Wilson).,5.268,-0.366
2003,9,November 3,away,Denver Broncos,https://www.pro-football-reference.com/boxscores/200311030den.htm,3,06:03,2,6,DEN 6,19,17,"(6:03) 12-T.Brady pass to 82-D.Graham for 6 yards, TOUCHDOWN.",4.903,2.097
2003,9,November 3,away,Denver Broncos,https://www.pro-football-reference.com/boxscores/200311030den.htm,3,05:57,,,DEN 2,20,17,"4-A.Vinatieri extra point is GOOD, Center-66-L.Paxton, Holder-13-K.Walter.",0.986,0.014
2003,9,November 3,away,Denver Broncos,https://www.pro-football-reference.com/boxscores/200311030den.htm,3,05:57,,,NE 30,20,17,4-A.Vinatieri kicks 64 yards from NE 30 to DEN 6. 81-C.Cole to DEN 27 for 21 yards (53-L.Izzo; 58-M.Chatham).,0.773,0.556
2003,9,November 3,away,Denver Broncos,https://www.pro-football-reference.com/boxscores/200311030den.htm,3,05:51,1,10,DEN 27,20,17,(5:51) 26-C.Portis right guard to DEN 29 for 2 yards (96-R.Lyle).,1.329,-0.314
2003,9,November 3,away,Denver Broncos,https://www.pro-football-reference.com/boxscores/200311030den.htm,3,05:15,2,8,DEN 29,20,17,(5:15) 13-D.Kanell pass incomplete to 89-D.Carswell (95-R.Phifer).,1.015,-0.694
2003,9,November 3,away,Denver Broncos,https://www.pro-football-reference.com/boxscores/200311030den.htm,3,05:09,3,8,DEN 29,20,17,(5:09) (Shotgun) 13-D.Kanell pass incomplete to 26-C.Portis.,0.322,-1.256
2003,9,November 3,away,Denver Broncos,https://www.pro-football-reference.com/boxscores/200311030den.htm,3,05:06,4,8,DEN 29,20,17,"(5:06) 4-M.Knorr punts 51 yards to NE 20, Center-83-M.Leach. 83-D.Branch to NE 18 for -2 yards (23-W.Middlebrooks). FUMBLES (23-W.Middlebrooks), RECOVERED by DEN-23-W.Middlebrooks at NE 18. 23-W.Middlebrooks to NE 18 for no gain (51-D.Davis). Play Challenged by NE and REVERSED. 4-M.Knorr punts 51 yards to NE 20, Center-83-M.Leach. 83-D.Branch to NE 21 for 1 yard (23-W.Middlebrooks).",-0.934,0.971
2003,9,November 3,away,Denver Broncos,https://www.pro-football-reference.com/boxscores/200311030den.htm,3,04:53,1,10,NE 21,20,17,(4:53) 12-T.Brady pass to 33-K.Faulk pushed ob at NE 25 for 4 yards (24-D.O'Neal).,-0.037,0.073
2003,9,November 3,away,Denver Broncos,https://www.pro-football-reference.com/boxscores/200311030den.htm,3,04:30,2,6,NE 25,20,17,(4:30) 32-A.Smith left end to NE 30 for 5 yards (57-J.Sykes).,0.036,0.308
2003,9,November 3,away,Denver Broncos,https://www.pro-football-reference.com/boxscores/200311030den.htm,3,03:46,3,1,NE 30,20,17,(3:46) 12-T.Brady pass incomplete to 81-B.Johnson (31-K.Herndon).,0.343,-1.482
2003,9,November 3,away,Denver Broncos,https://www.pro-football-reference.com/boxscores/200311030den.htm,3,03:40,4,1,NE 30,20,17,"(3:40) 13-K.Walter punts 47 yards to DEN 23, Center-66-L.Paxton. 24-D.O'Neal to DEN 23 for no gain (58-M.Chatham). PENALTY on NE-66-L.Paxton, Offensive Holding, 10 yards, enforced at NE 30 - No Play.",-1.139,-1.204
2003,9,November 3,away,Denver Broncos,https://www.pro-football-reference.com/boxscores/200311030den.htm,3,03:20,4,11,NE 20,20,23,"(3:20) 13-K.Walter punts 37 yards to DEN 43, Center-66-L.Paxton. 24-D.O'Neal for 57 yards, TOUCHDOWN.",-2.343,-4.657
2003,9,November 3,away,Denver Broncos,https://www.pro-football-reference.com/boxscores/200311030den.htm,3,03:13,,,NE 2,20,24,"4-M.Knorr extra point is GOOD, Center-83-M.Leach, Holder-13-D.Kanell.",0.986,0.014
2003,9,November 3,away,Denver Broncos,https://www.pro-football-reference.com/boxscores/200311030den.htm,3,03:13,,,DEN 30,20,24,4-M.Knorr kicks 57 yards from DEN 30 to NE 13. 35-P.Pass to NE 31 for 18 yards (57-J.Sykes).,-0.060,0.685
2003,9,November 3,away,Denver Broncos,https://www.pro-football-reference.com/boxscores/200311030den.htm,3,03:08,1,10,NE 31,20,24,(3:08) 12-T.Brady pass to 88-C.Fauria to DEN 49 for 20 yards (25-N.Ferguson).,0.625,1.399
2003,9,November 3,away,Denver Broncos,https://www.pro-football-reference.com/boxscores/200311030den.htm,3,02:32,1,10,DEN 49,20,24,(2:32) 32-A.Smith left guard to DEN 43 for 6 yards (68-M.Fatafehi).,2.024,0.172
2003,9,November 3,away,Denver Broncos,https://www.pro-football-reference.com/boxscores/200311030den.htm,3,01:59,2,4,DEN 43,20,24,(1:59) 32-A.Smith right tackle to DEN 40 for 3 yards (90-D.Holland).,2.196,0.002
2003,9,November 3,away,Denver Broncos,https://www.pro-football-reference.com/boxscores/200311030den.htm,3,01:18,3,1,DEN 40,20,24,(1:18) 32-A.Smith left tackle to DEN 36 for 4 yards (42-S.Brandon).,2.198,0.795
2003,9,November 3,away,Denver Broncos,https://www.pro-football-reference.com/boxscores/200311030den.htm,3,00:41,1,10,DEN 36,20,24,(:41) 33-K.Faulk left guard to DEN 33 for 3 yards (57-J.Sykes).,2.992,-0.104
2003,9,November 3,away,Denver Broncos,https://www.pro-football-reference.com/boxscores/200311030den.htm,4,15:00,2,7,DEN 33,20,24,(15:00) 32-A.Smith right guard to DEN 32 for 1 yard (25-N.Ferguson).,2.888,-0.558
2003,9,November 3,away,Denver Broncos,https://www.pro-football-reference.com/boxscores/200311030den.htm,4,14:19,3,6,DEN 32,20,24,(14:19) 12-T.Brady pass to 87-D.Givens to DEN 11 for 21 yards (57-J.Sykes; 42-S.Brandon).,2.330,2.465
2003,9,November 3,away,Denver Broncos,https://www.pro-football-reference.com/boxscores/200311030den.htm,4,13:40,1,10,DEN 11,20,24,(13:40) 32-A.Smith up the middle to DEN 7 for 4 yards (92-B.Berry).,4.795,0.005
2003,9,November 3,away,Denver Broncos,https://www.pro-football-reference.com/boxscores/200311030den.htm,4,13:03,2,6,DEN 7,20,24,"(13:03) 80-T.Brown left end to DEN 12 for -5 yards (68-M.Fatafehi, 58-T.Pierce).",4.801,-1.413
2003,9,November 3,away,Denver Broncos,https://www.pro-football-reference.com/boxscores/200311030den.htm,4,12:14,3,11,DEN 12,20,24,"(12:14) 12-T.Brady pass to 33-K.Faulk to DEN 5 for 7 yards (68-M.Fatafehi). PENALTY on NE-63-J.Andruzzi, Offensive Holding, 10 yards, enforced at DEN 12 - No Play.",3.387,-0.653
2003,9,November 3,away,Denver Broncos,https://www.pro-football-reference.com/boxscores/200311030den.htm,4,11:49,3,21,DEN 22,20,24,(11:49) 12-T.Brady pass to 32-A.Smith to DEN 10 for 12 yards (31-K.Herndon).,2.734,0.021
2003,9,November 3,away,Denver Broncos,https://www.pro-football-reference.com/boxscores/200311030den.htm,4,11:12,4,9,DEN 10,23,24,"(11:12) 4-A.Vinatieri 28 yard field goal is GOOD, Center-66-L.Paxton, Holder-13-K.Walter.",2.755,0.245
2003,9,November 3,away,Denver Broncos,https://www.pro-football-reference.com/boxscores/200311030den.htm,4,11:08,,,NE 30,23,24,4-A.Vinatieri kicks 67 yards from NE 30 to DEN 3. 81-C.Cole to DEN 28 for 25 yards (53-L.Izzo).,0.762,0.508
2003,9,November 3,away,Denver Broncos,https://www.pro-football-reference.com/boxscores/200311030den.htm,4,11:02,1,10,DEN 28,23,24,(11:02) 13-D.Kanell pass to 85-A.Lelie to DEN 35 for 7 yards (95-R.Phifer).,1.270,0.155
2003,9,November 3,away,Denver Broncos,https://www.pro-football-reference.com/boxscores/200311030den.htm,4,10:19,2,3,DEN 35,23,24,(10:19) 26-C.Portis right tackle to DEN 49 for 14 yards (26-E.Wilson).,1.425,1.040
2003,9,November 3,away,Denver Broncos,https://www.pro-football-reference.com/boxscores/200311030den.htm,4,09:34,1,10,DEN 49,23,24,(9:34) 26-C.Portis left guard to NE 40 for 11 yards (37-R.Harrison).,2.465,0.641
2003,9,November 3,away,Denver Broncos,https://www.pro-football-reference.com/boxscores/200311030den.htm,4,08:52,1,10,NE 40,23,24,(8:52) 22-Q.Griffin left tackle to NE 37 for 3 yards (37-R.Harrison).,3.106,-0.169
2003,9,November 3,away,Denver Broncos,https://www.pro-football-reference.com/boxscores/200311030den.htm,4,08:14,2,7,NE 37,23,24,(8:14) 13-D.Kanell pass incomplete to 38-M.Anderson.,2.937,-0.774
2003,9,November 3,away,Denver Broncos,https://www.pro-football-reference.com/boxscores/200311030den.htm,4,08:08,3,7,NE 37,23,24,"(8:08) 13-D.Kanell pass incomplete to 80-R.Smith (26-E.Wilson). PENALTY on NE-90-D.Klecko, Defensive Offside, 4 yards, enforced at NE 37 - No Play.",2.163,0.589
2003,9,November 3,away,Denver Broncos,https://www.pro-football-reference.com/boxscores/200311030den.htm,4,08:02,,,NE 33,23,24,Timeout #1 by DEN at 08:02.,2.752,0.000
2003,9,November 3,away,Denver Broncos,https://www.pro-football-reference.com/boxscores/200311030den.htm,4,08:02,3,3,NE 33,23,24,(8:02) (Shotgun) 13-D.Kanell pass incomplete to 85-A.Lelie.,2.752,-1.560
2003,9,November 3,away,Denver Broncos,https://www.pro-football-reference.com/boxscores/200311030den.htm,4,07:57,4,3,NE 33,23,24,"(7:57) 4-M.Knorr punts 33 yards to end zone, Center-83-M.Leach, Touchback.",1.192,-1.777
2003,9,November 3,away,Denver Broncos,https://www.pro-football-reference.com/boxscores/200311030den.htm,4,07:47,1,10,NE 20,23,24,(7:47) 12-T.Brady pass to 82-D.Graham to NE 34 for 14 yards (31-K.Herndon).,0.585,0.694
2003,9,November 3,away,Denver Broncos,https://www.pro-football-reference.com/boxscores/200311030den.htm,4,07:14,1,10,NE 34,23,24,(7:14) 32-A.Smith up the middle to NE 37 for 3 yards (58-T.Pierce).,1.279,-0.168
2003,9,November 3,away,Denver Broncos,https://www.pro-football-reference.com/boxscores/200311030den.htm,4,06:39,2,7,NE 37,23,24,(6:39) 12-T.Brady pass incomplete to 35-P.Pass.,1.111,-0.560
2003,9,November 3,away,Denver Broncos,https://www.pro-football-reference.com/boxscores/200311030den.htm,4,06:32,3,7,NE 37,23,24,"(6:32) PENALTY on NE-72-M.Light, False Start, 5 yards, enforced at NE 37 - No Play.",0.551,-0.633
2003,9,November 3,away,Denver Broncos,https://www.pro-football-reference.com/boxscores/200311030den.htm,4,06:32,3,12,NE 32,23,24,(6:32) 12-T.Brady pass incomplete to 87-D.Givens (35-L.Walls).,-0.082,-0.859
2003,9,November 3,away,Denver Broncos,https://www.pro-football-reference.com/boxscores/200311030den.htm,4,06:26,4,12,NE 32,23,24,"(6:26) 13-K.Walter punts 34 yards to DEN 34, Center-66-L.Paxton, downed by NE-58-M.Chatham.",-0.941,-0.364
2003,9,November 3,away,Denver Broncos,https://www.pro-football-reference.com/boxscores/200311030den.htm,4,06:13,1,10,DEN 34,23,24,(6:13) 26-C.Portis left tackle to DEN 40 for 6 yards (54-T.Bruschi).,1.304,0.134
2003,9,November 3,away,Denver Broncos,https://www.pro-football-reference.com/boxscores/200311030den.htm,4,05:37,2,4,DEN 40,23,24,(5:37) 26-C.Portis up the middle to DEN 46 for 6 yards (95-R.Phifer).,1.438,0.501
2003,9,November 3,away,Denver Broncos,https://www.pro-football-reference.com/boxscores/200311030den.htm,4,04:58,1,10,DEN 46,23,24,(4:58) 26-C.Portis left tackle to DEN 49 for 3 yards (50-M.Vrabel).,1.940,-0.332
2003,9,November 3,away,Denver Broncos,https://www.pro-football-reference.com/boxscores/200311030den.htm,4,04:16,2,7,DEN 49,23,24,"(4:16) 13-D.Kanell pass to 26-C.Portis to NE 41 for 10 yards (55-W.McGinest). Penalty on NE-55-W.McGinest, Defensive Holding, declined.",1.608,1.120
2003,9,November 3,away,Denver Broncos,https://www.pro-football-reference.com/boxscores/200311030den.htm,4,04:08,1,10,NE 41,23,24,(4:08) 13-D.Kanell pass incomplete to 84-S.Sharpe.,2.728,-0.409
2003,9,November 3,away,Denver Broncos,https://www.pro-football-reference.com/boxscores/200311030den.htm,4,04:05,2,10,NE 41,23,24,(4:05) 13-D.Kanell pass to 84-S.Sharpe to NE 35 for 6 yards (26-E.Wilson).,2.319,-0.085
2003,9,November 3,away,Denver Broncos,https://www.pro-football-reference.com/boxscores/200311030den.htm,4,03:21,3,4,NE 35,23,24,(3:21) 13-D.Kanell pass incomplete to 84-S.Sharpe (37-R.Harrison).,2.233,-1.369
2003,9,November 3,away,Denver Broncos,https://www.pro-football-reference.com/boxscores/200311030den.htm,4,03:17,4,4,NE 35,23,24,"(3:17) 4-M.Knorr punts 34 yards to NE 1, Center-83-M.Leach, downed by DEN-83-M.Leach.",0.864,0.004
2003,9,November 3,away,Denver Broncos,https://www.pro-football-reference.com/boxscores/200311030den.htm,4,03:06,1,10,NE 1,23,24,(3:06) 12-T.Brady pass incomplete to 83-D.Branch.,-0.868,-0.386
2003,9,November 3,away,Denver Broncos,https://www.pro-football-reference.com/boxscores/200311030den.htm,4,03:01,2,10,NE 1,23,24,(3:01) 12-T.Brady pass incomplete to 82-D.Graham (42-S.Brandon).,-1.254,-0.286
2003,9,November 3,away,Denver Broncos,https://www.pro-football-reference.com/boxscores/200311030den.htm,4,02:56,3,10,NE 1,23,24,(2:56) 12-T.Brady pass incomplete to 80-T.Brown (92-B.Berry).,-1.541,-0.472
2003,9,November 3,away,Denver Broncos,https://www.pro-football-reference.com/boxscores/200311030den.htm,4,02:51,4,10,NE 1,23,26,"(2:51) (Punt formation) 13-K.Walter Aborted. 66-L.Paxton FUMBLES at NE 0, ball out of bounds in End Zone, SAFETY.",-2.013,0.013
2003,9,November 3,away,Denver Broncos,https://www.pro-football-reference.com/boxscores/200311030den.htm,4,02:49,,,NE 20,23,26,13-K.Walter kicks 64 yards from NE 20 to DEN 16. 24-D.O'Neal to DEN 15 for -1 yards (48-T.Banta-Cain).,0.569,-0.206
2003,9,November 3,away,Denver Broncos,https://www.pro-football-reference.com/boxscores/200311030den.htm,4,02:46,1,10,DEN 15,23,26,(2:46) 26-C.Portis right guard to DEN 17 for 2 yards (96-R.Lyle).,0.364,-0.359
2003,9,November 3,away,Denver Broncos,https://www.pro-football-reference.com/boxscores/200311030den.htm,4,02:41,,,DEN 17,23,26,Timeout #1 by NE at 02:41.,0.005,0.000
2003,9,November 3,away,Denver Broncos,https://www.pro-football-reference.com/boxscores/200311030den.htm,4,02:41,2,8,DEN 17,23,26,"(2:41) PENALTY on DEN-78-M.Lepsis, False Start, 5 yards, enforced at DEN 17 - No Play.",0.005,-0.252
2003,9,November 3,away,Denver Broncos,https://www.pro-football-reference.com/boxscores/200311030den.htm,4,02:41,2,13,DEN 12,23,26,(2:41) 26-C.Portis up the middle to DEN 19 for 7 yards (50-M.Vrabel).,-0.248,-0.002
2003,9,November 3,away,Denver Broncos,https://www.pro-football-reference.com/boxscores/200311030den.htm,4,02:31,,,DEN 19,23,26,Timeout #2 by NE at 02:31.,-0.249,0.000
2003,9,November 3,away,Denver Broncos,https://www.pro-football-reference.com/boxscores/200311030den.htm,4,02:31,3,6,DEN 19,23,26,(2:31) 13-D.Kanell pass incomplete to 85-A.Lelie (24-T.Law).,-0.249,-0.704
2003,9,November 3,away,Denver Broncos,https://www.pro-football-reference.com/boxscores/200311030den.htm,4,02:26,4,6,DEN 19,23,26,"(2:26) 4-M.Knorr punts 48 yards to NE 33, Center-83-M.Leach. 80-T.Brown to NE 42 for 9 yards (55-K.Burns).",-0.953,-0.609
2003,9,November 3,away,Denver Broncos,https://www.pro-football-reference.com/boxscores/200311030den.htm,4,02:15,1,10,NE 42,23,26,(2:15) 12-T.Brady pass to 33-K.Faulk to NE 47 for 5 yards (57-J.Sykes).,1.562,0.022
2003,9,November 3,away,Denver Broncos,https://www.pro-football-reference.com/boxscores/200311030den.htm,4,02:00,2,5,NE 47,23,26,"(2:00) 12-T.Brady pass to 33-K.Faulk to DEN 34 for 19 yards (56-A.Wilson). Penalty on DEN-25-N.Ferguson, Defensive Holding, declined.",1.584,1.145
2003,9,November 3,away,Denver Broncos,https://www.pro-football-reference.com/boxscores/200311030den.htm,4,01:50,1,10,DEN 34,23,26,(1:50) (Shotgun) 12-T.Brady pass incomplete to 80-T.Brown.,2.730,-0.322
2003,9,November 3,away,Denver Broncos,https://www.pro-football-reference.com/boxscores/200311030den.htm,4,01:46,2,10,DEN 34,23,26,(1:46) 32-A.Smith up the middle to DEN 34 for no gain (56-A.Wilson).,2.407,-0.322
2003,9,November 3,away,Denver Broncos,https://www.pro-football-reference.com/boxscores/200311030den.htm,4,01:05,3,10,DEN 34,23,26,(1:05) (Shotgun) 12-T.Brady pass to 33-K.Faulk to DEN 18 for 16 yards (35-L.Walls).,2.085,1.738
2003,9,November 3,away,Denver Broncos,https://www.pro-football-reference.com/boxscores/200311030den.htm,4,00:36,1,10,DEN 18,29,26,"(:36) 12-T.Brady pass to 87-D.Givens for 18 yards, TOUCHDOWN.",3.823,3.177
2003,9,November 3,away,Denver Broncos,https://www.pro-football-reference.com/boxscores/200311030den.htm,4,00:30,,,DEN 2,30,26,"4-A.Vinatieri extra point is GOOD, Center-66-L.Paxton, Holder-13-K.Walter.",0.986,0.014
2003,9,November 3,away,Denver Broncos,https://www.pro-football-reference.com/boxscores/200311030den.htm,4,00:30,,,NE 30,30,26,"4-A.Vinatieri kicks 74 yards from NE 30 to DEN -4. 81-C.Cole to DEN 23 for 27 yards (39-S.Mayer). PENALTY on DEN-58-T.Pierce, Offensive Holding, 10 yards, enforced at DEN 23.",0.085,-0.068
2003,9,November 3,away,Denver Broncos,https://www.pro-football-reference.com/boxscores/200311030den.htm,4,00:23,1,10,DEN 13,30,26,(:23) (Shotgun) 13-D.Kanell pass incomplete to 26-C.Portis.,0.017,-0.025
2003,9,November 3,away,Denver Broncos,https://www.pro-football-reference.com/boxscores/200311030den.htm,4,00:19,2,10,DEN 13,30,26,(:19) (Shotgun) 13-D.Kanell pass intended for 85-A.Lelie INTERCEPTED by 22-A.Samuel at NE 34. 22-A.Samuel to NE 34 for no gain (85-A.Lelie).,-0.008,0.008
2003,9,November 3,away,Denver Broncos,https://www.pro-football-reference.com/boxscores/200311030den.htm,4,00:07,1,10,NE 34,30,26,(:07) 12-T.Brady kneels to NE 33 for -1 yards.,0.000,0.000
2003,11,November 16,home,Dallas Cowboys,https://www.pro-football-reference.com/boxscores/200311160nwe.htm,1,15:00,,,NE 30,0,0,"4-A.Vinatieri kicks 64 yards from NE 30 to DAL 6. 87-Z.Smith to DAL 28 for 22 yards (48-T.Banta-Cain, 58-M.Chatham).",-0.140,0.507
2003,11,November 16,home,Dallas Cowboys,https://www.pro-football-reference.com/boxscores/200311160nwe.htm,1,14:56,1,10,DAL 28,0,0,(14:56) 42-T.Hambrick left end to DAL 33 for 5 yards (38-T.Poole).,0.367,0.184
2003,11,November 16,home,Dallas Cowboys,https://www.pro-football-reference.com/boxscores/200311160nwe.htm,1,14:17,2,5,DAL 33,0,0,(14:17) 42-T.Hambrick right tackle to DAL 37 for 4 yards (95-R.Phifer).,0.551,0.268
2003,11,November 16,home,Dallas Cowboys,https://www.pro-football-reference.com/boxscores/200311160nwe.htm,1,13:47,3,1,DAL 37,0,0,"(13:47) 42-T.Hambrick left guard to DAL 40 for 3 yards (95-R.Phifer, 93-R.Seymour).",0.819,0.429
2003,11,November 16,home,Dallas Cowboys,https://www.pro-football-reference.com/boxscores/200311160nwe.htm,1,13:09,1,10,DAL 40,0,0,"(13:09) 42-T.Hambrick up the middle to DAL 43 for 3 yards (92-T.Washington, 37-R.Harrison).",1.248,-0.115
2003,11,November 16,home,Dallas Cowboys,https://www.pro-football-reference.com/boxscores/200311160nwe.htm,1,12:31,2,7,DAL 43,0,0,(12:31) 17-Q.Carter pass to 82-J.Witten ran ob at DAL 49 for 6 yards.,1.133,0.475
2003,11,November 16,home,Dallas Cowboys,https://www.pro-football-reference.com/boxscores/200311160nwe.htm,1,12:11,3,1,DAL 49,0,0,"(12:11) 17-Q.Carter left guard to NE 49 for 2 yards (92-T.Washington, 37-R.Harrison).",1.608,0.455
2003,11,November 16,home,Dallas Cowboys,https://www.pro-football-reference.com/boxscores/200311160nwe.htm,1,11:33,1,10,NE 49,0,0,"(11:33) 42-T.Hambrick right end to 50 for -1 yards (55-W.McGinest, 54-T.Bruschi).",2.063,-0.767
2003,11,November 16,home,Dallas Cowboys,https://www.pro-football-reference.com/boxscores/200311160nwe.htm,1,10:51,2,11,MID 50,0,0,(10:51) 88-A.Bryant left end to NE 48 for 2 yards (37-R.Harrison). reverse,1.296,-0.586
2003,11,November 16,home,Dallas Cowboys,https://www.pro-football-reference.com/boxscores/200311160nwe.htm,1,10:51,3,9,NE 48,0,0,"(10:51) (Shotgun) 17-Q.Carter to NE 48 for no gain. FUMBLES, and recovers at DAL 38. 17-Q.Carter pass incomplete. shotgun snap mishandled by Carter.",0.710,-1.595
2003,11,November 16,home,Dallas Cowboys,https://www.pro-football-reference.com/boxscores/200311160nwe.htm,1,09:57,4,9,NE 48,0,0,"(9:57) 4-T.Gowin punts 27 yards to NE 21, Center-85-J.Robinson, out of bounds. PENALTY on NE-30-J.Cherry, Running Into the Kicker, 5 yards, enforced at NE 48 - No Play.",-0.885,0.563
2003,11,November 16,home,Dallas Cowboys,https://www.pro-football-reference.com/boxscores/200311160nwe.htm,1,09:49,4,4,NE 43,0,0,"(9:49) 4-T.Gowin punts 23 yards to NE 20, Center-85-J.Robinson, fair catch by 33-K.Faulk.",-0.322,-0.478
2003,11,November 16,home,Dallas Cowboys,https://www.pro-football-reference.com/boxscores/200311160nwe.htm,1,09:41,1,10,NE 20,0,0,"(9:41) 32-A.Smith up the middle to NE 22 for 2 yards (99-W.Blade, 51-A.Singleton).",0.800,-0.512
2003,11,November 16,home,Dallas Cowboys,https://www.pro-football-reference.com/boxscores/200311160nwe.htm,1,09:08,2,8,NE 22,0,0,(9:08) 32-A.Smith left tackle to NE 24 for 2 yards (59-D.Nguyen).,0.287,-0.393
2003,11,November 16,home,Dallas Cowboys,https://www.pro-football-reference.com/boxscores/200311160nwe.htm,1,08:27,3,6,NE 24,0,0,(8:27) (Shotgun) 12-T.Brady pass to 33-K.Faulk to NE 27 for 3 yards (51-A.Singleton).,-0.105,-0.780
2003,11,November 16,home,Dallas Cowboys,https://www.pro-football-reference.com/boxscores/200311160nwe.htm,1,07:50,4,3,NE 27,0,0,"(7:50) 13-K.Walter punts 26 yards to DAL 47, Center-66-L.Paxton, downed by NE-51-D.Davis.",-0.885,-0.963
2003,11,November 16,home,Dallas Cowboys,https://www.pro-football-reference.com/boxscores/200311160nwe.htm,1,07:43,1,10,DAL 47,0,0,(7:43) 42-T.Hambrick up the middle to DAL 49 for 2 yards (92-T.Washington).,1.848,-0.413
2003,11,November 16,home,Dallas Cowboys,https://www.pro-football-reference.com/boxscores/200311160nwe.htm,1,07:02,2,8,DAL 49,0,0,(7:02) 17-Q.Carter pass incomplete to 20-R.Anderson (24-T.Law).,1.435,-0.837
2003,11,November 16,home,Dallas Cowboys,https://www.pro-football-reference.com/boxscores/200311160nwe.htm,1,06:57,3,8,DAL 49,0,0,"(6:57) 17-Q.Carter pass incomplete. Penalty on DAL-75-R.Young, Illegal Touch Pass, declined. Penalty on DAL-82-J.Witten, Offensive Pass Interference, declined.",0.598,-1.500
2003,11,November 16,home,Dallas Cowboys,https://www.pro-football-reference.com/boxscores/200311160nwe.htm,1,06:52,4,8,DAL 49,0,0,"(6:52) 4-T.Gowin punts 37 yards to NE 14, Center-85-J.Robinson. 33-K.Faulk to NE 25 for 11 yards (51-A.Singleton, 38-L.Scott).",-0.902,-0.334
2003,11,November 16,home,Dallas Cowboys,https://www.pro-football-reference.com/boxscores/200311160nwe.htm,1,06:43,1,10,NE 25,0,0,(6:43) 12-T.Brady pass incomplete to 83-D.Branch.,1.236,-0.533
2003,11,November 16,home,Dallas Cowboys,https://www.pro-football-reference.com/boxscores/200311160nwe.htm,1,06:38,2,10,NE 25,0,0,"(6:38) 12-T.Brady pass to 88-C.Fauria to NE 31 for 6 yards (51-A.Singleton, 27-M.Edwards).",0.703,-0.009
2003,11,November 16,home,Dallas Cowboys,https://www.pro-football-reference.com/boxscores/200311160nwe.htm,1,05:59,3,4,NE 31,0,0,"(5:59) 12-T.Brady pass to 88-C.Fauria to NE 42 for 11 yards (51-A.Singleton, 31-R.Williams).",0.695,1.540
2003,11,November 16,home,Dallas Cowboys,https://www.pro-football-reference.com/boxscores/200311160nwe.htm,1,05:26,1,10,NE 42,0,0,"(5:26) 32-A.Smith left end to NE 43 for 1 yard (96-E.Ekuban, 52-D.Coakley).",2.234,-0.355
2003,11,November 16,home,Dallas Cowboys,https://www.pro-football-reference.com/boxscores/200311160nwe.htm,1,04:47,2,9,NE 43,0,0,(4:47) (Shotgun) 12-T.Brady pass incomplete to 33-K.Faulk.,1.879,-0.771
2003,11,November 16,home,Dallas Cowboys,https://www.pro-football-reference.com/boxscores/200311160nwe.htm,1,04:43,3,9,NE 43,0,0,(4:43) (Shotgun) 12-T.Brady pass to 83-D.Branch to DAL 11 for 46 yards (41-T.Newman).,1.108,3.907
2003,11,November 16,home,Dallas Cowboys,https://www.pro-football-reference.com/boxscores/200311160nwe.htm,1,03:55,1,10,DAL 11,0,0,(3:55) 12-T.Brady pass incomplete to 35-P.Pass.,5.015,-0.411
2003,11,November 16,home,Dallas Cowboys,https://www.pro-football-reference.com/boxscores/200311160nwe.htm,1,03:50,2,10,DAL 11,0,0,"(3:50) 32-A.Smith right guard to DAL 5 for 6 yards (51-A.Singleton, 31-R.Williams).",4.604,-0.194
2003,11,November 16,home,Dallas Cowboys,https://www.pro-football-reference.com/boxscores/200311160nwe.htm,1,03:14,3,4,DAL 5,0,0,(3:14) 12-T.Brady pass incomplete to 83-D.Branch.,4.410,-1.506
2003,11,November 16,home,Dallas Cowboys,https://www.pro-football-reference.com/boxscores/200311160nwe.htm,1,03:09,4,4,DAL 5,3,0,"(3:09) 4-A.Vinatieri 23 yard field goal is GOOD, Center-66-L.Paxton, Holder-13-K.Walter.",2.904,0.096
2003,11,November 16,home,Dallas Cowboys,https://www.pro-football-reference.com/boxscores/200311160nwe.htm,1,03:05,,,NE 30,3,0,"4-A.Vinatieri kicks 62 yards from NE 30 to DAL 8. 21-D.Ross pushed ob at DAL 30 for 22 yards (23-A.Harris). PENALTY on DAL-56-B.James, Offensive Holding, 10 yards, enforced at DAL 21.",-0.052,-0.611
2003,11,November 16,home,Dallas Cowboys,https://www.pro-football-reference.com/boxscores/200311160nwe.htm,1,02:58,1,10,DAL 11,3,0,"(2:58) 17-Q.Carter pass to 86-D.Campbell to DAL 23 for 12 yards (55-W.McGinest, 54-T.Bruschi).",-0.663,0.740
2003,11,November 16,home,Dallas Cowboys,https://www.pro-football-reference.com/boxscores/200311160nwe.htm,1,02:19,1,10,DAL 23,3,0,(2:19) 17-Q.Carter pass to 42-T.Hambrick to DAL 36 for 13 yards (37-R.Harrison).,0.077,0.963
2003,11,November 16,home,Dallas Cowboys,https://www.pro-football-reference.com/boxscores/200311160nwe.htm,1,01:35,1,10,DAL 36,3,0,"(1:35) 42-T.Hambrick left end to DAL 38 for 2 yards (37-R.Harrison, 50-M.Vrabel).",1.040,-0.441
2003,11,November 16,home,Dallas Cowboys,https://www.pro-football-reference.com/boxscores/200311160nwe.htm,1,00:52,2,8,DAL 38,3,0,(:52) 20-R.Anderson up the middle to DAL 35 for -3 yards (93-R.Seymour).,0.599,-1.102
2003,11,November 16,home,Dallas Cowboys,https://www.pro-football-reference.com/boxscores/200311160nwe.htm,1,00:08,3,11,DAL 35,3,0,(:08) 17-Q.Carter scrambles up the middle to DAL 41 for 6 yards (95-R.Phifer).,-0.503,-0.460
2003,11,November 16,home,Dallas Cowboys,https://www.pro-football-reference.com/boxscores/200311160nwe.htm,2,15:00,4,5,DAL 41,3,0,"(15:00) 4-T.Gowin punts 37 yards to NE 22, Center-85-J.Robinson. 38-T.Poole to NE 32 for 10 yards (81-J.Whalen, 54-K.O'Neil).",-0.964,-0.581
2003,11,November 16,home,Dallas Cowboys,https://www.pro-football-reference.com/boxscores/200311160nwe.htm,2,14:50,1,10,NE 32,3,0,"(14:50) 12-T.Brady pass to 87-D.Givens to NE 42 for 10 yards (51-A.Singleton). Penalty on DAL, Illegal Contact, declined.",1.545,0.531
2003,11,November 16,home,Dallas Cowboys,https://www.pro-football-reference.com/boxscores/200311160nwe.htm,2,14:22,1,10,NE 42,3,0,"(14:22) 32-A.Smith right guard to NE 42 for no gain (59-D.Nguyen, 31-R.Williams).",2.076,-0.430
2003,11,November 16,home,Dallas Cowboys,https://www.pro-football-reference.com/boxscores/200311160nwe.htm,2,13:54,2,10,NE 42,3,0,(13:54) 12-T.Brady pass incomplete to 83-D.Branch.,1.646,-0.759
2003,11,November 16,home,Dallas Cowboys,https://www.pro-football-reference.com/boxscores/200311160nwe.htm,2,13:49,3,10,NE 42,3,0,"(13:49) (Shotgun) 12-T.Brady pass to 83-D.Branch to DAL 35 for 23 yards (28-D.Woodson, 31-R.Williams). PENALTY on NE-83-D.Branch, Taunting, 15 yards, enforced between downs.",0.887,1.710
2003,11,November 16,home,Dallas Cowboys,https://www.pro-football-reference.com/boxscores/200311160nwe.htm,2,13:06,1,10,MID 50,3,0,(13:06) 33-K.Faulk left end to DAL 47 for 3 yards (51-A.Singleton).,2.597,-0.239
2003,11,November 16,home,Dallas Cowboys,https://www.pro-football-reference.com/boxscores/200311160nwe.htm,2,12:47,2,7,DAL 47,3,0,(12:47) 12-T.Brady pass incomplete to 83-D.Branch.,2.358,-0.778
2003,11,November 16,home,Dallas Cowboys,https://www.pro-football-reference.com/boxscores/200311160nwe.htm,2,12:41,3,7,DAL 47,3,0,(12:41) 12-T.Brady pass incomplete to 83-D.Branch.,1.580,-1.494
2003,11,November 16,home,Dallas Cowboys,https://www.pro-football-reference.com/boxscores/200311160nwe.htm,2,12:30,4,7,DAL 47,3,0,"(12:30) 13-K.Walter punts 39 yards to DAL 8, Center-66-L.Paxton, downed by NE-58-M.Chatham.",0.086,0.651
2003,11,November 16,home,Dallas Cowboys,https://www.pro-football-reference.com/boxscores/200311160nwe.htm,2,12:19,1,10,DAL 8,3,0,(12:19) 17-Q.Carter pass to 88-A.Bryant pushed ob at DAL 13 for 5 yards (52-T.Johnson).,-0.737,0.094
2003,11,November 16,home,Dallas Cowboys,https://www.pro-football-reference.com/boxscores/200311160nwe.htm,2,11:44,2,5,DAL 13,3,0,(11:44) 42-T.Hambrick left tackle to DAL 17 for 4 yards (93-R.Seymour).,-0.643,0.163
2003,11,November 16,home,Dallas Cowboys,https://www.pro-football-reference.com/boxscores/200311160nwe.htm,2,11:15,3,1,DAL 17,3,0,(11:15) 17-Q.Carter up the middle to DAL 19 for 2 yards (91-B.Hamilton).,-0.480,0.552
2003,11,November 16,home,Dallas Cowboys,https://www.pro-football-reference.com/boxscores/200311160nwe.htm,2,10:36,1,10,DAL 19,3,0,(10:36) 17-Q.Carter pass to 20-R.Anderson pushed ob at DAL 28 for 9 yards (24-T.Law).,0.072,0.788
2003,11,November 16,home,Dallas Cowboys,https://www.pro-football-reference.com/boxscores/200311160nwe.htm,2,10:09,2,1,DAL 28,3,0,(10:09) 42-T.Hambrick up the middle to DAL 32 for 4 yards (52-T.Johnson).,0.861,0.050
2003,11,November 16,home,Dallas Cowboys,https://www.pro-football-reference.com/boxscores/200311160nwe.htm,2,09:28,1,10,DAL 32,3,0,(9:28) 42-T.Hambrick left tackle to DAL 40 for 8 yards (37-R.Harrison).,0.910,0.550
2003,11,November 16,home,Dallas Cowboys,https://www.pro-football-reference.com/boxscores/200311160nwe.htm,2,08:45,2,2,DAL 40,3,0,(8:45) 42-T.Hambrick left tackle to DAL 44 for 4 yards (93-R.Seymour).,1.461,0.250
2003,11,November 16,home,Dallas Cowboys,https://www.pro-football-reference.com/boxscores/200311160nwe.htm,2,08:04,1,10,DAL 44,3,0,(8:04) 17-Q.Carter pass incomplete to 88-A.Bryant (24-T.Law).,1.711,-0.377
2003,11,November 16,home,Dallas Cowboys,https://www.pro-football-reference.com/boxscores/200311160nwe.htm,2,07:58,2,10,DAL 44,3,0,"(7:58) 17-Q.Carter pass to 20-R.Anderson to NE 49 for 7 yards (52-T.Johnson, 95-R.Phifer).",1.333,0.155
2003,11,November 16,home,Dallas Cowboys,https://www.pro-football-reference.com/boxscores/200311160nwe.htm,2,07:14,3,3,NE 49,3,0,"(7:14) 17-Q.Carter left guard to NE 45 for 4 yards (52-T.Johnson). PENALTY on DAL-65-A.Gurode, Offensive Holding, 10 yards, enforced at NE 49 - No Play.",1.488,-1.442
2003,11,November 16,home,Dallas Cowboys,https://www.pro-football-reference.com/boxscores/200311160nwe.htm,2,06:42,,,DAL 41,3,0,Timeout #1 by DAL at 06:42.,0.046,0.000
2003,11,November 16,home,Dallas Cowboys,https://www.pro-football-reference.com/boxscores/200311160nwe.htm,2,06:42,3,13,DAL 41,3,0,(6:42) (Shotgun) 17-Q.Carter pass to 88-A.Bryant to NE 38 for 21 yards (37-R.Harrison).,0.046,2.855
2003,11,November 16,home,Dallas Cowboys,https://www.pro-football-reference.com/boxscores/200311160nwe.htm,2,06:10,1,10,NE 38,3,0,"(6:10) 42-T.Hambrick up the middle to NE 36 for 2 yards (91-B.Hamilton, 95-R.Phifer).",2.901,-0.392
2003,11,November 16,home,Dallas Cowboys,https://www.pro-football-reference.com/boxscores/200311160nwe.htm,2,05:28,2,8,NE 36,3,0,(5:28) 17-Q.Carter pass incomplete to 88-A.Bryant.,2.509,-0.661
2003,11,November 16,home,Dallas Cowboys,https://www.pro-football-reference.com/boxscores/200311160nwe.htm,2,05:23,3,8,NE 36,3,0,"(5:23) 17-Q.Carter pass incomplete to 87-Z.Smith. PENALTY on DAL-76-F.Adams, Illegal Use of Hands, 10 yards, enforced at NE 36 - No Play. Penalty on DAL-73-L.Allen, Illegal Use of Hands, declined.",1.849,-1.170
2003,11,November 16,home,Dallas Cowboys,https://www.pro-football-reference.com/boxscores/200311160nwe.htm,2,05:16,,,NE 46,3,0,Timeout #1 by NE at 05:16.,0.679,0.000
2003,11,November 16,home,Dallas Cowboys,https://www.pro-football-reference.com/boxscores/200311160nwe.htm,2,05:16,3,18,NE 46,3,0,(5:16) (Shotgun) 17-Q.Carter pass incomplete to 88-A.Bryant (38-T.Poole).,0.679,-0.838
2003,11,November 16,home,Dallas Cowboys,https://www.pro-football-reference.com/boxscores/200311160nwe.htm,2,05:10,4,18,NE 46,3,0,"(5:10) 4-T.Gowin punts 46 yards to end zone, Center-85-J.Robinson, Touchback.",-0.159,-0.235
2003,11,November 16,home,Dallas Cowboys,https://www.pro-football-reference.com/boxscores/200311160nwe.htm,2,04:56,1,10,NE 20,3,0,"(4:56) 32-A.Smith up the middle to NE 25 for 5 yards (59-D.Nguyen, 52-D.Coakley).",0.394,0.022
2003,11,November 16,home,Dallas Cowboys,https://www.pro-football-reference.com/boxscores/200311160nwe.htm,2,04:21,2,5,NE 25,3,0,"(4:21) 32-A.Smith left guard to NE 34 for 9 yards (52-D.Coakley, 51-A.Singleton).",0.416,0.744
2003,11,November 16,home,Dallas Cowboys,https://www.pro-football-reference.com/boxscores/200311160nwe.htm,2,03:50,1,10,NE 34,3,0,"(3:50) 32-A.Smith right tackle to NE 38 for 4 yards (93-K.Coleman, 28-D.Woodson).",1.160,-0.240
2003,11,November 16,home,Dallas Cowboys,https://www.pro-football-reference.com/boxscores/200311160nwe.htm,2,03:07,2,6,NE 38,3,0,(3:07) 12-T.Brady pass incomplete to 82-D.Graham.,0.920,-0.453
2003,11,November 16,home,Dallas Cowboys,https://www.pro-football-reference.com/boxscores/200311160nwe.htm,2,03:02,3,6,NE 38,3,0,"(3:02) (Shotgun) 12-T.Brady pass to 87-D.Givens to DAL 5 for 57 yards (41-T.Newman). PENALTY on DAL-51-A.Singleton, Roughing the Passer, 3 yards, enforced at DAL 5.",0.467,5.519
2003,11,November 16,home,Dallas Cowboys,https://www.pro-football-reference.com/boxscores/200311160nwe.htm,2,02:38,1,2,DAL 2,9,0,"(2:38) 32-A.Smith right guard for 2 yards, TOUCHDOWN.",5.986,1.014
2003,11,November 16,home,Dallas Cowboys,https://www.pro-football-reference.com/boxscores/200311160nwe.htm,2,02:34,,,DAL 2,9,0,"4-A.Vinatieri extra point is Blocked (76-F.Adams), Center-66-L.Paxton, Holder-13-K.Walter.",0.986,-0.986
2003,11,November 16,home,Dallas Cowboys,https://www.pro-football-reference.com/boxscores/200311160nwe.htm,2,02:34,,,NE 30,9,0,4-A.Vinatieri kicks 54 yards from NE 30 to DAL 16. 21-D.Ross to DAL 36 for 20 yards (58-M.Chatham).,0.431,0.683
2003,11,November 16,home,Dallas Cowboys,https://www.pro-football-reference.com/boxscores/200311160nwe.htm,2,02:30,1,10,DAL 36,9,0,(2:30) (Shotgun) 17-Q.Carter pass to 20-R.Anderson pushed ob at DAL 41 for 5 yards (95-R.Phifer).,1.115,-0.065
2003,11,November 16,home,Dallas Cowboys,https://www.pro-football-reference.com/boxscores/200311160nwe.htm,2,02:00,2,5,DAL 41,9,0,"(2:00) 20-R.Anderson up the middle to DAL 45 for 4 yards (95-R.Phifer). PENALTY on DAL-73-L.Allen, Offensive Holding, 10 yards, enforced at DAL 41 - No Play.",1.050,-0.696
2003,11,November 16,home,Dallas Cowboys,https://www.pro-football-reference.com/boxscores/200311160nwe.htm,2,01:57,2,15,DAL 31,9,0,(1:57) (Shotgun) 17-Q.Carter pass to 42-T.Hambrick ran ob at DAL 34 for 3 yards.,0.354,-0.283
2003,11,November 16,home,Dallas Cowboys,https://www.pro-football-reference.com/boxscores/200311160nwe.htm,2,01:51,3,12,DAL 34,9,0,(1:51) (Shotgun) 17-Q.Carter pass incomplete to 88-A.Bryant.,0.070,-0.568
2003,11,November 16,home,Dallas Cowboys,https://www.pro-football-reference.com/boxscores/200311160nwe.htm,2,01:42,4,12,DAL 34,9,0,"(1:42) 4-T.Gowin punts 40 yards to NE 26, Center-85-J.Robinson. 33-K.Faulk pushed ob at NE 45 for 19 yards (82-J.Witten, 47-P.Hunter).",-0.497,-1.088
2003,11,November 16,home,Dallas Cowboys,https://www.pro-football-reference.com/boxscores/200311160nwe.htm,2,01:31,1,10,NE 45,9,0,(1:31) (Shotgun) 12-T.Brady sacked at NE 39 for -6 yards (98-G.Ellis).,1.585,-0.862
2003,11,November 16,home,Dallas Cowboys,https://www.pro-football-reference.com/boxscores/200311160nwe.htm,2,00:59,2,16,NE 39,9,0,(:59) (Shotgun) 12-T.Brady pass incomplete to 33-K.Faulk.,0.723,-0.235
2003,11,November 16,home,Dallas Cowboys,https://www.pro-football-reference.com/boxscores/200311160nwe.htm,2,00:55,3,16,NE 39,9,0,"(:55) 12-T.Brady right guard to NE 39 for no gain (91-L.Carson). PENALTY on DAL-90-E.Ogbogu, Defensive Offside, 5 yards, enforced at NE 39 - No Play.",0.488,0.111
2003,11,November 16,home,Dallas Cowboys,https://www.pro-football-reference.com/boxscores/200311160nwe.htm,2,00:49,3,11,NE 44,9,0,"(:49) 33-K.Faulk right end to NE 44 for no gain (59-D.Nguyen, 52-D.Coakley).",0.599,-0.603
2003,11,November 16,home,Dallas Cowboys,https://www.pro-football-reference.com/boxscores/200311160nwe.htm,2,00:42,,,NE 44,9,0,Timeout #2 by DAL at 00:42.,-0.004,0.000
2003,11,November 16,home,Dallas Cowboys,https://www.pro-football-reference.com/boxscores/200311160nwe.htm,2,00:42,4,11,NE 44,9,0,"(:42) 13-K.Walter punts 34 yards to DAL 22, Center-66-L.Paxton, downed by NE-58-M.Chatham.",-0.004,-0.085
2003,11,November 16,home,Dallas Cowboys,https://www.pro-football-reference.com/boxscores/200311160nwe.htm,2,00:30,1,10,DAL 22,9,0,(:30) (Shotgun) 17-Q.Carter scrambles up the middle to DAL 28 for 6 yards (22-A.Samuel).,0.089,-0.050
2003,11,November 16,home,Dallas Cowboys,https://www.pro-football-reference.com/boxscores/200311160nwe.htm,2,00:07,2,4,DAL 28,9,0,(:07) (Shotgun) 17-Q.Carter pass to 20-R.Anderson ran ob at DAL 33 for 5 yards.,0.039,-0.026
2003,11,November 16,home,Dallas Cowboys,https://www.pro-football-reference.com/boxscores/200311160nwe.htm,2,00:02,,,DAL 33,9,0,Timeout #2 by NE at 00:02.,0.014,0.000
2003,11,November 16,home,Dallas Cowboys,https://www.pro-football-reference.com/boxscores/200311160nwe.htm,2,00:02,1,10,DAL 33,9,0,"(:02) (Shotgun) 17-Q.Carter pass to 20-R.Anderson to NE 30 for 37 yards (37-R.Harrison). Penalty on DAL-89-Ra.Williams, Offensive Holding, declined.",0.014,-0.014
2003,11,November 16,home,Dallas Cowboys,https://www.pro-football-reference.com/boxscores/200311160nwe.htm,3,15:00,,,DAL 30,9,0,"4-T.Gowin kicks 49 yards from DAL 30 to NE 21. 50-M.Vrabel to NE 35 for 14 yards (54-K.O'Neil, 56-B.James).",0.817,0.985
2003,11,November 16,home,Dallas Cowboys,https://www.pro-football-reference.com/boxscores/200311160nwe.htm,3,14:55,1,10,NE 35,9,0,"(14:55) 33-K.Faulk left guard to NE 35 for no gain (97-L.Glover, 96-E.Ekuban).",1.801,-0.469
2003,11,November 16,home,Dallas Cowboys,https://www.pro-football-reference.com/boxscores/200311160nwe.htm,3,14:15,2,10,NE 35,9,0,(14:15) 12-T.Brady pass incomplete to 82-D.Graham.,1.332,-0.747
2003,11,November 16,home,Dallas Cowboys,https://www.pro-football-reference.com/boxscores/200311160nwe.htm,3,14:10,3,10,NE 35,9,0,(14:10) (Shotgun) 12-T.Brady pass incomplete to 33-K.Faulk.,0.586,-1.210
2003,11,November 16,home,Dallas Cowboys,https://www.pro-football-reference.com/boxscores/200311160nwe.htm,3,14:07,4,10,NE 35,9,0,"(14:07) 13-K.Walter punts 41 yards to DAL 24, Center-66-L.Paxton. 87-Z.Smith to DAL 33 for 9 yards (53-L.Izzo, 66-L.Paxton).",-0.625,-0.137
2003,11,November 16,home,Dallas Cowboys,https://www.pro-football-reference.com/boxscores/200311160nwe.htm,3,13:57,1,10,DAL 33,9,0,"(13:57) 42-T.Hambrick left guard to DAL 36 for 3 yards (95-R.Phifer, 50-M.Vrabel).",0.762,-0.110
2003,11,November 16,home,Dallas Cowboys,https://www.pro-football-reference.com/boxscores/200311160nwe.htm,3,13:18,2,7,DAL 36,9,0,(13:18) 17-Q.Carter pass incomplete to 88-A.Bryant.,0.652,-0.743
2003,11,November 16,home,Dallas Cowboys,https://www.pro-football-reference.com/boxscores/200311160nwe.htm,3,13:13,3,7,DAL 36,9,0,"(13:13) 17-Q.Carter pass to 87-Z.Smith to DAL 42 for 6 yards (54-T.Bruschi, 24-T.Law).",-0.091,-0.394
2003,11,November 16,home,Dallas Cowboys,https://www.pro-football-reference.com/boxscores/200311160nwe.htm,3,12:25,4,1,DAL 42,9,0,"(12:25) 4-T.Gowin punts 32 yards to NE 26, Center-85-J.Robinson, fair catch by 33-K.Faulk.",-0.485,-0.825
2003,11,November 16,home,Dallas Cowboys,https://www.pro-football-reference.com/boxscores/200311160nwe.htm,3,12:18,1,10,NE 26,9,0,"(12:18) 32-A.Smith right guard to NE 30 for 4 yards (28-D.Woodson, 52-D.Coakley).",1.310,-0.090
2003,11,November 16,home,Dallas Cowboys,https://www.pro-football-reference.com/boxscores/200311160nwe.htm,3,11:45,2,6,NE 30,9,0,(11:45) 32-A.Smith left tackle to NE 29 for -1 yards (59-D.Nguyen).,1.220,-0.792
2003,11,November 16,home,Dallas Cowboys,https://www.pro-football-reference.com/boxscores/200311160nwe.htm,3,11:03,3,7,NE 29,9,0,(11:03) (Shotgun) 12-T.Brady pass incomplete to 82-D.Graham (96-E.Ekuban).,0.428,-1.258
2003,11,November 16,home,Dallas Cowboys,https://www.pro-football-reference.com/boxscores/200311160nwe.htm,3,10:56,4,7,NE 29,9,0,"(10:56) 13-K.Walter punts 40 yards to DAL 31, Center-66-L.Paxton. 87-Z.Smith to DAL 30 for -1 yards (34-C.Akins).",-0.831,0.194
2003,11,November 16,home,Dallas Cowboys,https://www.pro-football-reference.com/boxscores/200311160nwe.htm,3,10:49,1,10,DAL 30,9,0,(10:49) 17-Q.Carter pass incomplete to 88-A.Bryant.,0.637,-0.494
2003,11,November 16,home,Dallas Cowboys,https://www.pro-football-reference.com/boxscores/200311160nwe.htm,3,10:44,2,10,DAL 30,9,0,"(10:44) 42-T.Hambrick left end to DAL 30 for no gain (55-W.McGinest, 92-T.Washington). PENALTY on DAL-75-R.Young, Tripping, 10 yards, enforced at DAL 30.",0.143,-1.014
2003,11,November 16,home,Dallas Cowboys,https://www.pro-football-reference.com/boxscores/200311160nwe.htm,3,10:16,2,20,DAL 20,9,0,(10:16) 17-Q.Carter pass incomplete to 42-T.Hambrick (54-T.Bruschi).,-0.871,-0.691
2003,11,November 16,home,Dallas Cowboys,https://www.pro-football-reference.com/boxscores/200311160nwe.htm,3,10:11,3,20,DAL 20,9,0,(10:11) (Shotgun) 17-Q.Carter scrambles right end ran ob at DAL 26 for 6 yards.,-1.562,-0.510
2003,11,November 16,home,Dallas Cowboys,https://www.pro-football-reference.com/boxscores/200311160nwe.htm,3,09:42,4,14,DAL 26,9,0,"(9:42) 4-T.Gowin punts 41 yards to NE 33, Center-85-J.Robinson, fair catch by 33-K.Faulk.",-2.072,0.343
2003,11,November 16,home,Dallas Cowboys,https://www.pro-football-reference.com/boxscores/200311160nwe.htm,3,09:35,1,10,NE 33,9,0,(9:35) 12-T.Brady pass to 81-B.Johnson to NE 49 for 16 yards (41-T.Newman).,1.729,1.017
2003,11,November 16,home,Dallas Cowboys,https://www.pro-football-reference.com/boxscores/200311160nwe.htm,3,09:03,1,10,NE 49,9,0,(9:03) 12-T.Brady pass incomplete to 88-C.Fauria (59-D.Nguyen).,2.747,-0.462
2003,11,November 16,home,Dallas Cowboys,https://www.pro-football-reference.com/boxscores/200311160nwe.htm,3,08:58,2,10,NE 49,9,0,"(8:58) 12-T.Brady pass to 33-K.Faulk to DAL 25 for 26 yards (41-T.Newman). PENALTY on NE-67-D.Koppen, Offensive Holding, 10 yards, enforced at NE 49 - No Play.",2.285,-0.900
2003,11,November 16,home,Dallas Cowboys,https://www.pro-football-reference.com/boxscores/200311160nwe.htm,3,08:20,2,20,NE 39,9,0,"(8:20) 12-T.Brady pass to 32-A.Smith to NE 41 for 2 yards (52-D.Coakley, 91-L.Carson). PENALTY on NE-63-J.Andruzzi, Unnecessary Roughness, 15 yards, enforced at NE 41.",1.384,-1.873
2003,11,November 16,home,Dallas Cowboys,https://www.pro-football-reference.com/boxscores/200311160nwe.htm,3,07:48,3,33,NE 26,9,0,(7:48) 12-T.Brady pass to 35-P.Pass to NE 22 for -4 yards (31-R.Williams).,-0.489,-1.225
2003,11,November 16,home,Dallas Cowboys,https://www.pro-football-reference.com/boxscores/200311160nwe.htm,3,07:13,4,37,NE 22,9,0,"(7:13) 13-K.Walter punts 34 yards to DAL 44, Center-66-L.Paxton, downed by NE-51-D.Davis.",-1.714,0.163
2003,11,November 16,home,Dallas Cowboys,https://www.pro-football-reference.com/boxscores/200311160nwe.htm,3,07:02,1,10,DAL 44,9,0,(7:02) 17-Q.Carter scrambles right end ran ob at NE 45 for 11 yards.,1.551,0.822
2003,11,November 16,home,Dallas Cowboys,https://www.pro-football-reference.com/boxscores/200311160nwe.htm,3,06:33,1,10,NE 45,9,0,"(6:33) 20-R.Anderson up the middle to NE 45 for no gain (92-T.Washington, 54-T.Bruschi).",2.373,-0.483
2003,11,November 16,home,Dallas Cowboys,https://www.pro-football-reference.com/boxscores/200311160nwe.htm,3,05:53,2,10,NE 45,9,0,(5:53) 17-Q.Carter pass to 83-T.Glenn ran ob at NE 37 for 8 yards.,1.890,0.270
2003,11,November 16,home,Dallas Cowboys,https://www.pro-football-reference.com/boxscores/200311160nwe.htm,3,05:22,3,2,NE 37,9,0,"(5:22) 17-Q.Carter pass to 20-R.Anderson to NE 30 for 7 yards (54-T.Bruschi, 24-T.Law).",2.160,1.336
2003,11,November 16,home,Dallas Cowboys,https://www.pro-football-reference.com/boxscores/200311160nwe.htm,3,04:39,1,10,NE 30,9,0,"(4:39) 29-A.Murrell up the middle to NE 25 for 5 yards (55-W.McGinest, 37-R.Harrison).",3.496,0.174
2003,11,November 16,home,Dallas Cowboys,https://www.pro-football-reference.com/boxscores/200311160nwe.htm,3,04:00,2,5,NE 25,9,0,"(4:00) 29-A.Murrell up the middle to NE 22 for 3 yards (54-T.Bruschi, 94-T.Warren).",3.670,-0.074
2003,11,November 16,home,Dallas Cowboys,https://www.pro-football-reference.com/boxscores/200311160nwe.htm,3,03:17,3,2,NE 22,9,0,"(3:17) 29-A.Murrell left end to NE 19 for 3 yards (26-E.Wilson, 38-T.Poole).",3.596,0.703
2003,11,November 16,home,Dallas Cowboys,https://www.pro-football-reference.com/boxscores/200311160nwe.htm,3,02:33,1,10,NE 19,9,0,(2:33) 17-Q.Carter pass intended for 82-J.Witten INTERCEPTED by 24-T.Law at NE 17. 24-T.Law to NE 19 for 2 yards (82-J.Witten).,4.299,-4.980
2003,11,November 16,home,Dallas Cowboys,https://www.pro-football-reference.com/boxscores/200311160nwe.htm,3,02:26,1,10,NE 19,9,0,(2:26) 12-T.Brady pass incomplete to 83-D.Branch (28-D.Woodson).,0.681,-0.541
2003,11,November 16,home,Dallas Cowboys,https://www.pro-football-reference.com/boxscores/200311160nwe.htm,3,02:19,2,10,NE 19,9,0,(2:19) 12-T.Brady pass incomplete to 82-D.Graham.,0.140,-0.703
2003,11,November 16,home,Dallas Cowboys,https://www.pro-football-reference.com/boxscores/200311160nwe.htm,3,02:13,3,10,NE 19,9,0,"(2:13) 12-T.Brady pass to 33-K.Faulk to NE 31 for 12 yards (59-D.Nguyen, 41-T.Newman).",-0.563,2.091
2003,11,November 16,home,Dallas Cowboys,https://www.pro-football-reference.com/boxscores/200311160nwe.htm,3,01:33,1,10,NE 31,9,0,(1:33) 32-A.Smith left tackle to NE 35 for 4 yards (96-E.Ekuban).,1.528,-0.166
2003,11,November 16,home,Dallas Cowboys,https://www.pro-football-reference.com/boxscores/200311160nwe.htm,3,00:52,2,6,NE 35,9,0,"(:52) 32-A.Smith right end to NE 37 for 2 yards (52-D.Coakley, 31-R.Williams).",1.362,-0.344
2003,11,November 16,home,Dallas Cowboys,https://www.pro-football-reference.com/boxscores/200311160nwe.htm,3,00:07,3,4,NE 37,9,0,(:07) 12-T.Brady pass to 82-D.Graham to NE 42 for 5 yards (28-D.Woodson).,1.018,1.114
2003,11,November 16,home,Dallas Cowboys,https://www.pro-football-reference.com/boxscores/200311160nwe.htm,4,15:00,1,10,NE 42,9,0,(15:00) 33-K.Faulk left guard to NE 46 for 4 yards (52-D.Coakley).,2.132,-0.083
2003,11,November 16,home,Dallas Cowboys,https://www.pro-football-reference.com/boxscores/200311160nwe.htm,4,14:18,2,6,NE 46,9,0,(14:18) 12-T.Brady pass incomplete to 82-D.Graham. flea flicker handoff top Smith,2.049,-0.808
2003,11,November 16,home,Dallas Cowboys,https://www.pro-football-reference.com/boxscores/200311160nwe.htm,4,14:11,3,6,NE 46,9,0,(14:11) 12-T.Brady pass to 33-K.Faulk to DAL 47 for 7 yards (59-D.Nguyen).,1.241,1.515
2003,11,November 16,home,Dallas Cowboys,https://www.pro-football-reference.com/boxscores/200311160nwe.htm,4,13:29,1,10,DAL 47,9,0,"(13:29) 33-K.Faulk up the middle to DAL 43 for 4 yards (51-A.Singleton, 96-E.Ekuban). PENALTY on NE-67-D.Koppen, Offensive Holding, 10 yards, enforced at DAL 47 - No Play.",2.756,-0.793
2003,11,November 16,home,Dallas Cowboys,https://www.pro-football-reference.com/boxscores/200311160nwe.htm,4,13:03,1,20,NE 43,9,0,(13:03) 12-T.Brady pass incomplete to 35-P.Pass (59-D.Nguyen).,1.963,-0.475
2003,11,November 16,home,Dallas Cowboys,https://www.pro-football-reference.com/boxscores/200311160nwe.htm,4,12:55,2,20,NE 43,9,0,"(12:55) 33-K.Faulk right guard to NE 42 for -1 yards (91-L.Carson, 59-D.Nguyen).",1.488,-0.967
2003,11,November 16,home,Dallas Cowboys,https://www.pro-football-reference.com/boxscores/200311160nwe.htm,4,12:14,3,21,NE 42,9,0,"(12:14) (Shotgun) 12-T.Brady sacked at NE 39 for -3 yards (96-E.Ekuban). FUMBLES (96-E.Ekuban), recovered by NE-67-D.Koppen at NE 39. 67-D.Koppen to NE 39 for no gain (98-G.Ellis).",0.521,-1.202
2003,11,November 16,home,Dallas Cowboys,https://www.pro-football-reference.com/boxscores/200311160nwe.htm,4,11:30,4,24,NE 39,9,0,"(11:30) 13-K.Walter punts 35 yards to DAL 26, Center-66-L.Paxton, downed by NE-54-T.Bruschi.",-0.681,0.162
2003,11,November 16,home,Dallas Cowboys,https://www.pro-football-reference.com/boxscores/200311160nwe.htm,4,11:23,1,10,DAL 26,9,0,(11:23) 17-Q.Carter pass incomplete to 83-T.Glenn (91-B.Hamilton).,0.519,-0.501
2003,11,November 16,home,Dallas Cowboys,https://www.pro-football-reference.com/boxscores/200311160nwe.htm,4,11:20,2,10,DAL 26,9,0,"(11:20) 17-Q.Carter pass incomplete to 20-R.Anderson. PENALTY on NE-93-R.Seymour, Roughing the Passer, 15 yards, enforced at DAL 26 - No Play.",0.018,1.379
2003,11,November 16,home,Dallas Cowboys,https://www.pro-football-reference.com/boxscores/200311160nwe.htm,4,11:16,1,10,DAL 41,9,0,"(11:16) PENALTY on DAL-65-A.Gurode, False Start, 5 yards, enforced at DAL 41 - No Play.",1.397,-0.489
2003,11,November 16,home,Dallas Cowboys,https://www.pro-football-reference.com/boxscores/200311160nwe.htm,4,11:15,1,15,DAL 36,9,0,(11:15) 17-Q.Carter pass to 29-A.Murrell to DAL 41 for 5 yards (55-W.McGinest).,0.908,0.063
2003,11,November 16,home,Dallas Cowboys,https://www.pro-football-reference.com/boxscores/200311160nwe.htm,4,10:27,2,10,DAL 41,9,0,"(10:27) 17-Q.Carter pass to 88-A.Bryant to 50 for 9 yards (50-M.Vrabel, 95-R.Phifer).",0.972,0.719
2003,11,November 16,home,Dallas Cowboys,https://www.pro-football-reference.com/boxscores/200311160nwe.htm,4,09:51,3,1,MID 50,9,0,(9:51) 42-T.Hambrick up the middle to 50 for no gain (50-M.Vrabel).,1.690,-1.541
2003,11,November 16,home,Dallas Cowboys,https://www.pro-football-reference.com/boxscores/200311160nwe.htm,4,09:21,,,MID 50,9,0,Timeout #1 by DAL at 09:21.,0.149,0.000
2003,11,November 16,home,Dallas Cowboys,https://www.pro-football-reference.com/boxscores/200311160nwe.htm,4,09:21,4,1,MID 50,9,0,(9:21) 42-T.Hambrick up the middle to DAL 48 for -2 yards (54-T.Bruschi).,0.149,-2.769
2003,11,November 16,home,Dallas Cowboys,https://www.pro-football-reference.com/boxscores/200311160nwe.htm,4,09:17,1,10,DAL 48,9,0,(9:17) 12-T.Brady pass incomplete to 81-B.Johnson.,2.620,-0.390
2003,11,November 16,home,Dallas Cowboys,https://www.pro-football-reference.com/boxscores/200311160nwe.htm,4,09:11,2,10,DAL 48,9,0,(9:11) 32-A.Smith left end to DAL 42 for 6 yards (59-D.Nguyen).,2.230,-0.079
2003,11,November 16,home,Dallas Cowboys,https://www.pro-football-reference.com/boxscores/200311160nwe.htm,4,08:20,3,4,DAL 42,9,0,(8:20) 12-T.Brady pass incomplete to 83-D.Branch.,2.151,-1.616
2003,11,November 16,home,Dallas Cowboys,https://www.pro-football-reference.com/boxscores/200311160nwe.htm,4,08:16,4,4,DAL 42,9,0,"(8:16) 13-K.Walter punts 28 yards to DAL 14, Center-66-L.Paxton, fair catch by 87-Z.Smith.",0.535,-0.282
2003,11,November 16,home,Dallas Cowboys,https://www.pro-football-reference.com/boxscores/200311160nwe.htm,4,08:09,1,10,DAL 14,9,0,(8:09) 17-Q.Carter pass to 29-A.Murrell to DAL 19 for 5 yards (55-W.McGinest).,-0.254,0.347
2003,11,November 16,home,Dallas Cowboys,https://www.pro-football-reference.com/boxscores/200311160nwe.htm,4,07:31,2,5,DAL 19,9,0,(7:31) 17-Q.Carter pass intended for 83-T.Glenn INTERCEPTED by 38-T.Poole at DAL 44. 38-T.Poole to DAL 44 for no gain (83-T.Glenn).,0.093,-2.953
2003,11,November 16,home,Dallas Cowboys,https://www.pro-football-reference.com/boxscores/200311160nwe.htm,4,07:24,1,10,DAL 44,9,0,(7:24) 33-K.Faulk left end to DAL 40 for 4 yards (59-D.Nguyen).,2.860,-0.103
2003,11,November 16,home,Dallas Cowboys,https://www.pro-football-reference.com/boxscores/200311160nwe.htm,4,06:45,2,6,DAL 40,9,0,"(6:45) 12-T.Brady pass to 35-P.Pass to DAL 29 for 11 yards (64-D.Stewart, 52-D.Coakley).",2.757,0.988
2003,11,November 16,home,Dallas Cowboys,https://www.pro-football-reference.com/boxscores/200311160nwe.htm,4,05:56,1,10,DAL 29,9,0,"(5:56) 33-K.Faulk left tackle to DAL 30 for -1 yards (28-D.Woodson, 97-L.Glover).",3.745,-0.732
2003,11,November 16,home,Dallas Cowboys,https://www.pro-football-reference.com/boxscores/200311160nwe.htm,4,05:19,2,11,DAL 30,9,0,"(5:19) 33-K.Faulk up the middle to DAL 28 for 2 yards (52-D.Coakley, 28-D.Woodson).",3.013,-0.296
2003,11,November 16,home,Dallas Cowboys,https://www.pro-football-reference.com/boxscores/200311160nwe.htm,4,04:40,3,9,DAL 28,9,0,"(4:40) 12-T.Brady pass to 88-C.Fauria to DAL 21 for 7 yards (27-M.Edwards, 51-A.Singleton).",2.717,-0.295
2003,11,November 16,home,Dallas Cowboys,https://www.pro-football-reference.com/boxscores/200311160nwe.htm,4,03:51,,,DAL 21,9,0,Timeout #1 by NE at 03:51.,2.422,0.000
2003,11,November 16,home,Dallas Cowboys,https://www.pro-football-reference.com/boxscores/200311160nwe.htm,4,03:51,4,2,DAL 21,9,0,"(3:51) 4-A.Vinatieri 39 yard field goal is GOOD, NULLIFIED by Penalty, Center-66-L.Paxton, Holder-13-K.Walter. PENALTY on DAL-41-T.Newman, Defensive Offside, 5 yards, enforced at DAL 21 - No Play.",2.422,2.043
2003,11,November 16,home,Dallas Cowboys,https://www.pro-football-reference.com/boxscores/200311160nwe.htm,4,03:47,1,10,DAL 16,9,0,"(3:47) 32-A.Smith right guard to DAL 14 for 2 yards (90-E.Ogbogu, 41-T.Newman).",4.465,-0.331
2003,11,November 16,home,Dallas Cowboys,https://www.pro-football-reference.com/boxscores/200311160nwe.htm,4,03:10,2,8,DAL 14,9,0,(3:10) 32-A.Smith right tackle to DAL 11 for 3 yards (90-E.Ogbogu).,4.133,-0.265
2003,11,November 16,home,Dallas Cowboys,https://www.pro-football-reference.com/boxscores/200311160nwe.htm,4,02:28,3,5,DAL 11,9,0,"(2:28) 12-T.Brady left end to DAL 8 for 3 yards (59-D.Nguyen, 90-E.Ogbogu).",3.868,-1.056
2003,11,November 16,home,Dallas Cowboys,https://www.pro-football-reference.com/boxscores/200311160nwe.htm,4,02:00,4,2,DAL 8,12,0,"(2:00) 4-A.Vinatieri 26 yard field goal is GOOD, Center-66-L.Paxton, Holder-13-K.Walter.",2.812,0.188
2003,11,November 16,home,Dallas Cowboys,https://www.pro-football-reference.com/boxscores/200311160nwe.htm,4,01:56,,,NE 30,12,0,4-A.Vinatieri kicks 62 yards from NE 30 to DAL 8. 87-Z.Smith pushed ob at DAL 33 for 25 yards (48-T.Banta-Cain).,0.251,0.574
2003,11,November 16,home,Dallas Cowboys,https://www.pro-football-reference.com/boxscores/200311160nwe.htm,4,01:49,1,10,DAL 33,12,0,(1:49) (Shotgun) 17-Q.Carter pass to 20-R.Anderson ran ob at DAL 36 for 3 yards.,0.826,-0.187
2003,11,November 16,home,Dallas Cowboys,https://www.pro-football-reference.com/boxscores/200311160nwe.htm,4,01:44,2,7,DAL 36,12,0,(1:44) (Shotgun) 17-Q.Carter pass to 20-R.Anderson to DAL 48 for 12 yards (22-A.Samuel).,0.639,0.992
2003,11,November 16,home,Dallas Cowboys,https://www.pro-football-reference.com/boxscores/200311160nwe.htm,4,01:23,1,10,DAL 48,12,0,"(1:23) (No Huddle, Shotgun) 17-Q.Carter pass to 87-Z.Smith to NE 20 for 32 yards (26-E.Wilson).",1.630,2.072
2003,11,November 16,home,Dallas Cowboys,https://www.pro-football-reference.com/boxscores/200311160nwe.htm,4,00:55,1,10,NE 20,12,0,(:55) (No Huddle) 17-Q.Carter pass incomplete to 88-A.Bryant.,3.702,-0.341
2003,11,November 16,home,Dallas Cowboys,https://www.pro-football-reference.com/boxscores/200311160nwe.htm,4,00:49,2,10,NE 20,12,0,(:49) 17-Q.Carter sacked at NE 23 for -3 yards (93-R.Seymour).,3.361,-0.703
2003,11,November 16,home,Dallas Cowboys,https://www.pro-football-reference.com/boxscores/200311160nwe.htm,4,00:23,3,13,NE 23,12,0,"(:23) (No Huddle) 17-Q.Carter pass incomplete to 88-A.Bryant. PENALTY on DAL-78-K.Vollers, Offensive Holding, 10 yards, enforced at NE 23 - No Play.",2.657,-0.981
2003,11,November 16,home,Dallas Cowboys,https://www.pro-football-reference.com/boxscores/200311160nwe.htm,4,00:17,3,23,NE 33,12,0,"(:17) 17-Q.Carter pass incomplete to 88-A.Bryant. PENALTY on NE-26-E.Wilson, Unnecessary Roughness, 14 yards, enforced at NE 33.",1.677,0.853
2003,11,November 16,home,Dallas Cowboys,https://www.pro-football-reference.com/boxscores/200311160nwe.htm,4,00:11,1,10,NE 19,12,0,"(:11) 17-Q.Carter pass intended for 88-A.Bryant INTERCEPTED by 24-T.Law at NE -5. 24-T.Law to NE 40 for 45 yards. FUMBLES, RECOVERED by DAL-89-Ra.Williams at 50. 89-Ra.Williams to 50 for no gain (24-T.Law). Penalty on NE, Illegal Block Above the Waist, declined.",2.530,-2.530
2003,12,November 23,away,Houston Texans,https://www.pro-football-reference.com/boxscores/200311230htx.htm,1,15:00,,,NE 30,0,0,4-A.Vinatieri kicks 63 yards from NE 30 to HOU 7. 84-J.Moses to HOU 30 for 23 yards (39-S.Mayer).,0.788,0.706
2003,12,November 23,away,Houston Texans,https://www.pro-football-reference.com/boxscores/200311230htx.htm,1,14:53,1,10,HOU 30,0,0,(14:53) 37-D.Davis left guard to HOU 32 for 2 yards (92-T.Washington).,1.494,-0.357
2003,12,November 23,away,Houston Texans,https://www.pro-football-reference.com/boxscores/200311230htx.htm,1,14:15,2,8,HOU 32,0,0,(14:15) 37-D.Davis right guard to HOU 38 for 6 yards (95-R.Phifer).,1.136,0.148
2003,12,November 23,away,Houston Texans,https://www.pro-football-reference.com/boxscores/200311230htx.htm,1,13:34,3,2,HOU 38,0,0,(13:34) 12-T.Banks sacked at HOU 30 for -8 yards (93-R.Seymour).,1.284,-2.362
2003,12,November 23,away,Houston Texans,https://www.pro-football-reference.com/boxscores/200311230htx.htm,1,12:56,4,10,HOU 30,0,0,"(12:56) 7-C.Stanley punts 41 yards to NE 29, Center-48-B.Pittman. 38-T.Poole ran ob at NE 30 for 1 yard (21-D.Vaughn).",-1.077,-0.080
2003,12,November 23,away,Houston Texans,https://www.pro-football-reference.com/boxscores/200311230htx.htm,1,12:46,1,10,NE 30,0,0,(12:46) 12-T.Brady sacked at NE 24 for -6 yards (99-S.Martin).,1.157,-1.306
2003,12,November 23,away,Houston Texans,https://www.pro-football-reference.com/boxscores/200311230htx.htm,1,12:12,2,16,NE 24,0,0,(12:12) 33-K.Faulk up the middle to NE 29 for 5 yards (56-J.Foreman).,-0.149,-0.053
2003,12,November 23,away,Houston Texans,https://www.pro-football-reference.com/boxscores/200311230htx.htm,1,11:32,3,11,NE 29,0,0,(11:32) 12-T.Brady pass incomplete to 17-D.Ward.,-0.202,-1.148
2003,12,November 23,away,Houston Texans,https://www.pro-football-reference.com/boxscores/200311230htx.htm,1,11:26,4,11,NE 29,0,0,"(11:26) 13-K.Walter punts 51 yards to HOU 20, Center-66-L.Paxton. 84-J.Moses to HOU 20 for no gain (34-C.Akins).",-1.350,0.553
2003,12,November 23,away,Houston Texans,https://www.pro-football-reference.com/boxscores/200311230htx.htm,1,11:17,1,10,HOU 20,0,0,"(11:17) 12-T.Banks pass to 89-J.Holloway to HOU 25 for 5 yards (26-E.Wilson, 54-T.Bruschi). 2 yards after catch.",0.797,0.110
2003,12,November 23,away,Houston Texans,https://www.pro-football-reference.com/boxscores/200311230htx.htm,1,10:34,2,5,HOU 25,0,0,(10:34) 25-T.Hollings right end to HOU 24 for -1 yards (55-W.McGinest).,0.907,-1.113
2003,12,November 23,away,Houston Texans,https://www.pro-football-reference.com/boxscores/200311230htx.htm,1,09:49,3,6,HOU 24,0,0,(9:49) (Shotgun) 12-T.Banks scrambles up the middle to HOU 30 for 6 yards (55-W.McGinest; 93-R.Seymour).,-0.206,1.683
2003,12,November 23,away,Houston Texans,https://www.pro-football-reference.com/boxscores/200311230htx.htm,1,08:40,1,10,HOU 30,0,0,(8:40) 37-D.Davis left guard to HOU 44 for 14 yards (95-R.Phifer).,1.477,0.842
2003,12,November 23,away,Houston Texans,https://www.pro-football-reference.com/boxscores/200311230htx.htm,1,07:58,1,10,HOU 44,0,0,(7:58) 37-D.Davis right end to 50 for 6 yards (91-B.Hamilton; 54-T.Bruschi).,2.319,0.226
2003,12,November 23,away,Houston Texans,https://www.pro-football-reference.com/boxscores/200311230htx.htm,1,07:14,2,4,MID 50,0,0,(7:14) 12-T.Banks pass incomplete to 80-A.Johnson. Pass attempted by HOU Banks (12) on a flea-flicker.,2.545,-1.067
2003,12,November 23,away,Houston Texans,https://www.pro-football-reference.com/boxscores/200311230htx.htm,1,07:06,,,MID 50,0,0,Timeout #1 by HOU at 07:06.,1.478,0.000
2003,12,November 23,away,Houston Texans,https://www.pro-football-reference.com/boxscores/200311230htx.htm,1,07:06,3,4,MID 50,0,0,(7:06) 12-T.Banks pass to 85-C.Bradford to NE 40 for 10 yards (38-T.Poole). 2 yards after catch.,1.478,1.672
2003,12,November 23,away,Houston Texans,https://www.pro-football-reference.com/boxscores/200311230htx.htm,1,06:25,1,10,NE 40,0,0,"(6:25) PENALTY on HOU-12-T.Banks, False Start, 5 yards, enforced at NE 40 - No Play.",3.150,-0.707
2003,12,November 23,away,Houston Texans,https://www.pro-football-reference.com/boxscores/200311230htx.htm,1,06:04,1,15,NE 45,0,0,"(6:04) 12-T.Banks pass to 80-A.Johnson to NE 42 for 3 yards (54-T.Bruschi, 26-E.Wilson).",2.444,-0.305
2003,12,November 23,away,Houston Texans,https://www.pro-football-reference.com/boxscores/200311230htx.htm,1,05:17,2,12,NE 42,0,0,"(5:17) PENALTY on NE-26-E.Wilson, Defensive Pass Interference, 28 yards, enforced at NE 42. Penalty on NE-54-T.Bruschi, Defensive Holding, declined.",2.139,2.849
2003,12,November 23,away,Houston Texans,https://www.pro-football-reference.com/boxscores/200311230htx.htm,1,05:10,1,10,NE 14,0,0,"(5:10) 86-J.Gaffney up the middle to NE 1 for 13 yards (24-T.Law, 26-E.Wilson). Lateral to HOU Gafney (86) in the left flat, ran up the middle.",4.988,1.439
2003,12,November 23,away,Houston Texans,https://www.pro-football-reference.com/boxscores/200311230htx.htm,1,04:07,1,1,NE 1,0,0,"(4:07) 37-D.Davis right guard to NE 1 for no gain (95-R.Phifer, 34-C.Akins).",6.427,-0.257
2003,12,November 23,away,Houston Texans,https://www.pro-football-reference.com/boxscores/200311230htx.htm,1,03:28,2,1,NE 1,0,0,(3:28) 37-D.Davis up the middle to NE 1 for no gain (92-T.Washington).,6.170,-0.412
2003,12,November 23,away,Houston Texans,https://www.pro-football-reference.com/boxscores/200311230htx.htm,1,02:43,3,1,NE 1,0,0,(2:43) 12-T.Banks pass incomplete to 80-A.Johnson (24-T.Law).,5.758,-2.817
2003,12,November 23,away,Houston Texans,https://www.pro-football-reference.com/boxscores/200311230htx.htm,1,02:39,4,1,NE 1,0,3,"(2:39) 3-K.Brown 19 yard field goal is GOOD, Center-48-B.Pittman, Holder-7-C.Stanley.",2.941,0.059
2003,12,November 23,away,Houston Texans,https://www.pro-football-reference.com/boxscores/200311230htx.htm,1,02:36,,,HOU 30,0,3,3-K.Brown kicks 66 yards from HOU 30 to NE 4. 35-P.Pass to NE 33 for 29 yards (41-R.Walker).,0.681,0.745
2003,12,November 23,away,Houston Texans,https://www.pro-football-reference.com/boxscores/200311230htx.htm,1,02:29,1,10,NE 33,0,3,(2:29) 35-P.Pass left guard to NE 37 for 4 yards (95-J.DeLoach).,1.425,0.028
2003,12,November 23,away,Houston Texans,https://www.pro-football-reference.com/boxscores/200311230htx.htm,1,01:56,2,6,NE 37,0,3,(1:56) 12-T.Brady pass incomplete to 81-B.Johnson (29-M.McCree).,1.453,-0.748
2003,12,November 23,away,Houston Texans,https://www.pro-football-reference.com/boxscores/200311230htx.htm,1,01:47,3,6,NE 37,0,3,"(1:47) 12-T.Brady pass to 33-K.Faulk to NE 46 for 9 yards (95-J.DeLoach, 53-S.Orr).",0.705,1.621
2003,12,November 23,away,Houston Texans,https://www.pro-football-reference.com/boxscores/200311230htx.htm,1,01:01,1,10,NE 46,0,3,(1:01) 12-T.Brady pass incomplete to 83-D.Branch.,2.326,-0.456
2003,12,November 23,away,Houston Texans,https://www.pro-football-reference.com/boxscores/200311230htx.htm,1,00:57,2,10,NE 46,0,3,(:57) 12-T.Brady pass to 82-D.Graham to HOU 48 for 6 yards (24-E.Brown).,1.869,-0.140
2003,12,November 23,away,Houston Texans,https://www.pro-football-reference.com/boxscores/200311230htx.htm,1,00:16,3,4,HOU 48,0,3,(:16) 12-T.Brady up the middle to HOU 42 for 6 yards (55-J.Sharper).,1.729,1.264
2003,12,November 23,away,Houston Texans,https://www.pro-football-reference.com/boxscores/200311230htx.htm,2,15:00,1,10,HOU 42,0,3,(15:00) 33-K.Faulk left end to HOU 36 for 6 yards (95-J.DeLoach).,2.993,0.260
2003,12,November 23,away,Houston Texans,https://www.pro-football-reference.com/boxscores/200311230htx.htm,2,14:23,2,4,HOU 36,0,3,(14:23) 12-T.Brady pass to 81-B.Johnson ran ob at HOU 29 for 7 yards (55-J.Sharper). 6 yards after catch.,3.253,0.691
2003,12,November 23,away,Houston Texans,https://www.pro-football-reference.com/boxscores/200311230htx.htm,2,13:57,1,10,HOU 29,0,3,"(13:57) 33-K.Faulk up the middle to HOU 27 for 2 yards (95-J.DeLoach, 55-J.Sharper).",3.945,-0.308
2003,12,November 23,away,Houston Texans,https://www.pro-football-reference.com/boxscores/200311230htx.htm,2,13:21,2,8,HOU 27,6,3,"(13:21) 12-T.Brady pass to 81-B.Johnson for 27 yards, TOUCHDOWN. 6 yards after catch.",3.637,3.363
2003,12,November 23,away,Houston Texans,https://www.pro-football-reference.com/boxscores/200311230htx.htm,2,13:12,,,HOU 2,7,3,"4-A.Vinatieri extra point is GOOD, Center-66-L.Paxton, Holder-13-K.Walter.",0.976,0.024
2003,12,November 23,away,Houston Texans,https://www.pro-football-reference.com/boxscores/200311230htx.htm,2,13:12,,,NE 30,7,3,"4-A.Vinatieri kicks 70 yards from NE 30 to end zone, Touchback.",0.519,0.000
2003,12,November 23,away,Houston Texans,https://www.pro-football-reference.com/boxscores/200311230htx.htm,2,13:12,1,10,HOU 20,7,3,"(13:12) 37-D.Davis up the middle to HOU 22 for 2 yards (92-T.Washington, 54-T.Bruschi).",0.519,-0.483
2003,12,November 23,away,Houston Texans,https://www.pro-football-reference.com/boxscores/200311230htx.htm,2,12:26,2,8,HOU 22,7,3,(12:26) 12-T.Banks pass incomplete to 87-D.Armstrong (24-T.Law).,0.037,-0.710
2003,12,November 23,away,Houston Texans,https://www.pro-football-reference.com/boxscores/200311230htx.htm,2,12:21,3,8,HOU 22,7,3,(12:21) (Shotgun) 12-T.Banks sacked at HOU 19 for -3 yards (37-R.Harrison).,-0.673,-1.333
2003,12,November 23,away,Houston Texans,https://www.pro-football-reference.com/boxscores/200311230htx.htm,2,11:45,4,11,HOU 19,7,3,"(11:45) 7-C.Stanley punts 43 yards to NE 38, Center-48-B.Pittman. 38-T.Poole to HOU 48 for 14 yards (41-R.Walker). Punt hang time 3.98 seconds.",-2.006,-0.694
2003,12,November 23,away,Houston Texans,https://www.pro-football-reference.com/boxscores/200311230htx.htm,2,11:33,1,10,HOU 48,7,3,(11:33) 12-T.Brady pass to 33-K.Faulk to HOU 26 for 22 yards (99-S.Martin).,2.700,1.477
2003,12,November 23,away,Houston Texans,https://www.pro-football-reference.com/boxscores/200311230htx.htm,2,10:47,1,10,HOU 26,7,3,(10:47) 33-K.Faulk left end to HOU 20 for 6 yards (99-S.Martin; 24-E.Brown).,4.177,0.190
2003,12,November 23,away,Houston Texans,https://www.pro-football-reference.com/boxscores/200311230htx.htm,2,10:12,2,4,HOU 20,7,3,"(10:12) 21-M.Cloud right guard to HOU 15 for 5 yards (56-J.Foreman, 24-E.Brown).",4.366,0.548
2003,12,November 23,away,Houston Texans,https://www.pro-football-reference.com/boxscores/200311230htx.htm,2,09:35,1,10,HOU 15,7,3,"(9:35) 32-A.Smith up the middle to HOU 12 for 3 yards (99-S.Martin, 92-C.Sears).",4.914,-0.177
2003,12,November 23,away,Houston Texans,https://www.pro-football-reference.com/boxscores/200311230htx.htm,2,08:56,2,7,HOU 12,7,3,"(8:56) 12-T.Brady pass to 81-B.Johnson to HOU 10 for 2 yards (31-A.Glenn, 52-K.Wong). 2 yards after catch.",4.737,-0.448
2003,12,November 23,away,Houston Texans,https://www.pro-football-reference.com/boxscores/200311230htx.htm,2,08:10,3,5,HOU 10,7,3,"(8:10) 12-T.Brady pass intended for 81-B.Johnson INTERCEPTED by 24-E.Brown at HOU 2. 24-E.Brown to HOU 7 for 5 yards (81-B.Johnson). FUMBLES (81-B.Johnson), RECOVERED by NE-81-B.Johnson at HOU 7. 81-B.Johnson to HOU 7 for no gain (55-J.Sharper).",4.289,1.196
2003,12,November 23,away,Houston Texans,https://www.pro-football-reference.com/boxscores/200311230htx.htm,2,07:57,1,7,HOU 7,7,3,"(7:57) PENALTY on NE-65-D.Woody, False Start, 5 yards, enforced at HOU 7 - No Play.",5.485,-0.741
2003,12,November 23,away,Houston Texans,https://www.pro-football-reference.com/boxscores/200311230htx.htm,2,07:57,1,12,HOU 12,7,3,(7:57) 32-A.Smith up the middle to HOU 9 for 3 yards (92-C.Sears).,4.745,-0.084
2003,12,November 23,away,Houston Texans,https://www.pro-football-reference.com/boxscores/200311230htx.htm,2,07:25,2,9,HOU 9,7,3,(7:25) 12-T.Brady scrambles left end to HOU 6 for 3 yards (94-J.Ioane; 55-J.Sharper).,4.661,-0.403
2003,12,November 23,away,Houston Texans,https://www.pro-football-reference.com/boxscores/200311230htx.htm,2,06:41,3,6,HOU 6,7,3,(6:41) (Shotgun) 12-T.Brady scrambles up the middle to HOU 3 for 3 yards (55-J.Sharper).,4.258,-1.341
2003,12,November 23,away,Houston Texans,https://www.pro-football-reference.com/boxscores/200311230htx.htm,2,05:58,4,3,HOU 3,10,3,"(5:58) 4-A.Vinatieri 21 yard field goal is GOOD, Center-66-L.Paxton, Holder-13-K.Walter.",2.917,0.083
2003,12,November 23,away,Houston Texans,https://www.pro-football-reference.com/boxscores/200311230htx.htm,2,05:55,,,NE 30,10,3,4-A.Vinatieri kicks 63 yards from NE 30 to HOU 7. 25-T.Hollings to HOU 37 for 30 yards (58-M.Chatham).,0.318,1.099
2003,12,November 23,away,Houston Texans,https://www.pro-football-reference.com/boxscores/200311230htx.htm,2,05:47,1,10,HOU 37,10,3,(5:47) 12-T.Banks pass incomplete to 80-A.Johnson (38-T.Poole).,1.416,-0.494
2003,12,November 23,away,Houston Texans,https://www.pro-football-reference.com/boxscores/200311230htx.htm,2,05:40,2,10,HOU 37,10,3,"(5:40) 37-D.Davis right guard to HOU 43 for 6 yards (37-R.Harrison, 24-T.Law).",0.922,-0.075
2003,12,November 23,away,Houston Texans,https://www.pro-football-reference.com/boxscores/200311230htx.htm,2,04:54,3,4,HOU 43,10,3,(4:54) 12-T.Banks pass incomplete to 82-B.Miller (93-R.Seymour).,0.848,-1.423
2003,12,November 23,away,Houston Texans,https://www.pro-football-reference.com/boxscores/200311230htx.htm,2,04:50,4,4,HOU 43,10,3,"(4:50) 7-C.Stanley punts 42 yards to NE 15, Center-48-B.Pittman, fair catch by 38-T.Poole.",-0.575,0.260
2003,12,November 23,away,Houston Texans,https://www.pro-football-reference.com/boxscores/200311230htx.htm,2,04:40,1,10,NE 15,10,3,(4:40) 12-T.Brady pass incomplete to 82-D.Graham.,0.316,-0.470
2003,12,November 23,away,Houston Texans,https://www.pro-football-reference.com/boxscores/200311230htx.htm,2,04:36,2,10,NE 15,10,3,"(4:36) 33-K.Faulk right guard to NE 19 for 4 yards (56-J.Foreman, 24-E.Brown).",-0.154,-0.053
2003,12,November 23,away,Houston Texans,https://www.pro-football-reference.com/boxscores/200311230htx.htm,2,03:56,3,6,NE 19,10,3,(3:56) 12-T.Brady pass to 33-K.Faulk to NE 29 for 10 yards (31-A.Glenn; 42-M.Coleman). 9 yards after catch.,-0.207,1.463
2003,12,November 23,away,Houston Texans,https://www.pro-football-reference.com/boxscores/200311230htx.htm,2,03:20,1,10,NE 29,10,3,"(3:20) 33-K.Faulk left guard to NE 31 for 2 yards (29-M.McCree). PENALTY on NE-81-B.Johnson, Offensive Holding, 10 yards, enforced at NE 31.",1.256,-0.732
2003,12,November 23,away,Houston Texans,https://www.pro-football-reference.com/boxscores/200311230htx.htm,2,03:01,1,18,NE 21,10,3,(3:01) 21-M.Cloud left guard to NE 24 for 3 yards (94-J.Ioane).,0.524,-0.223
2003,12,November 23,away,Houston Texans,https://www.pro-football-reference.com/boxscores/200311230htx.htm,2,02:17,,,NE 24,10,3,Timeout #1 by NE at 02:17.,0.300,0.000
2003,12,November 23,away,Houston Texans,https://www.pro-football-reference.com/boxscores/200311230htx.htm,2,02:17,2,15,NE 24,10,3,"(2:17) 12-T.Brady pass to 21-M.Cloud to NE 32 for 8 yards (56-J.Foreman, 52-K.Wong). 5 yards after catch.",0.300,0.236
2003,12,November 23,away,Houston Texans,https://www.pro-football-reference.com/boxscores/200311230htx.htm,2,02:00,3,7,NE 32,10,3,"(2:00) 12-T.Brady pass incomplete to 81-B.Johnson (31-A.Glenn, 55-J.Sharper).",0.536,-1.136
2003,12,November 23,away,Houston Texans,https://www.pro-football-reference.com/boxscores/200311230htx.htm,2,01:53,4,7,NE 32,10,3,"(1:53) 13-K.Walter punts 43 yards to HOU 25, Center-66-L.Paxton, fair catch by 84-J.Moses.",-0.600,-0.129
2003,12,November 23,away,Houston Texans,https://www.pro-football-reference.com/boxscores/200311230htx.htm,2,01:44,1,10,HOU 25,10,3,(1:44) 37-D.Davis left guard to HOU 27 for 2 yards (93-R.Seymour).,0.729,-0.307
2003,12,November 23,away,Houston Texans,https://www.pro-football-reference.com/boxscores/200311230htx.htm,2,01:21,2,8,HOU 27,10,3,(1:21) (Shotgun) 12-T.Banks pass incomplete to 80-A.Johnson.,0.422,-0.261
2003,12,November 23,away,Houston Texans,https://www.pro-football-reference.com/boxscores/200311230htx.htm,2,01:17,3,8,HOU 27,10,3,(1:17) (Shotgun) 37-D.Davis right tackle to HOU 30 for 3 yards (55-W.McGinest).,0.161,-0.470
2003,12,November 23,away,Houston Texans,https://www.pro-football-reference.com/boxscores/200311230htx.htm,2,01:10,,,HOU 30,10,3,Timeout #2 by NE at 01:10.,-0.309,0.000
2003,12,November 23,away,Houston Texans,https://www.pro-football-reference.com/boxscores/200311230htx.htm,2,01:10,4,5,HOU 30,10,3,"(1:10) 7-C.Stanley punts 37 yards to NE 33, Center-48-B.Pittman. 38-T.Poole to NE 42 for 9 yards (21-D.Vaughn).",-0.309,-1.105
2003,12,November 23,away,Houston Texans,https://www.pro-football-reference.com/boxscores/200311230htx.htm,2,00:58,1,10,NE 42,10,3,(:58) (Shotgun) 12-T.Brady pass to 17-D.Ward pushed ob at HOU 47 for 11 yards (31-A.Glenn).,1.414,0.730
2003,12,November 23,away,Houston Texans,https://www.pro-football-reference.com/boxscores/200311230htx.htm,2,00:52,1,10,HOU 47,10,3,"(:52) (Shotgun) 12-T.Brady pass to 17-D.Ward to HOU 30 for 17 yards (56-J.Foreman, 24-E.Brown). 2 yards after catch.",2.144,0.650
2003,12,November 23,away,Houston Texans,https://www.pro-football-reference.com/boxscores/200311230htx.htm,2,00:25,1,10,HOU 30,10,3,(:25) (Shotgun) 12-T.Brady pass incomplete to 82-D.Graham.,2.794,-0.314
2003,12,November 23,away,Houston Texans,https://www.pro-football-reference.com/boxscores/200311230htx.htm,2,00:21,2,10,HOU 30,10,3,(:21) (Shotgun) 12-T.Brady pass to 33-K.Faulk to HOU 21 for 9 yards (56-J.Foreman).,2.480,0.240
2003,12,November 23,away,Houston Texans,https://www.pro-football-reference.com/boxscores/200311230htx.htm,2,00:13,3,1,HOU 21,10,3,(:13) 12-T.Brady pass incomplete to 82-D.Graham (55-J.Sharper).,2.720,-0.300
2003,12,November 23,away,Houston Texans,https://www.pro-football-reference.com/boxscores/200311230htx.htm,2,00:06,4,1,HOU 21,10,3,"(:06) 4-A.Vinatieri 38 yard field goal is No Good, Hit Right Upright, Center-66-L.Paxton, Holder-13-K.Walter.",2.420,-2.420
2003,12,November 23,away,Houston Texans,https://www.pro-football-reference.com/boxscores/200311230htx.htm,2,00:01,1,10,HOU 28,10,3,(:01) 12-T.Banks kneels to HOU 27 for -1 yards.,0.000,0.000
2003,12,November 23,away,Houston Texans,https://www.pro-football-reference.com/boxscores/200311230htx.htm,3,15:00,,,HOU 30,10,3,3-K.Brown kicks 61 yards from HOU 30 to NE 9. 35-P.Pass to NE 29 for 20 yards (38-D.Faggins).,0.447,0.611
2003,12,November 23,away,Houston Texans,https://www.pro-football-reference.com/boxscores/200311230htx.htm,3,14:53,1,10,NE 29,10,3,"(14:53) 35-P.Pass up the middle to NE 40 for 11 yards (24-E.Brown, 29-M.McCree).",1.058,0.566
2003,12,November 23,away,Houston Texans,https://www.pro-football-reference.com/boxscores/200311230htx.htm,3,14:18,1,10,NE 40,10,3,(14:18) 12-T.Brady pass to 83-D.Branch to NE 43 for 3 yards (31-A.Glenn).,1.624,-0.129
2003,12,November 23,away,Houston Texans,https://www.pro-football-reference.com/boxscores/200311230htx.htm,3,13:44,2,7,NE 43,10,3,"(13:44) 33-K.Faulk right tackle to NE 48 for 5 yards (95-J.DeLoach, 31-A.Glenn).",1.495,0.118
2003,12,November 23,away,Houston Texans,https://www.pro-football-reference.com/boxscores/200311230htx.htm,3,13:03,3,2,NE 48,10,3,"(13:03) 32-A.Smith right guard to 50 for 2 yards (24-E.Brown, 52-K.Wong).",1.614,0.800
2003,12,November 23,away,Houston Texans,https://www.pro-football-reference.com/boxscores/200311230htx.htm,3,12:28,1,10,MID 50,10,3,"(12:28) 12-T.Brady pass to 33-K.Faulk to HOU 41 for 9 yards (56-J.Foreman, 95-J.DeLoach). 10 yards after catch.",2.414,0.824
2003,12,November 23,away,Houston Texans,https://www.pro-football-reference.com/boxscores/200311230htx.htm,3,11:49,2,1,HOU 41,10,3,"(11:49) 32-A.Smith right guard to HOU 41 for no gain (56-J.Foreman, 42-M.Coleman).",3.238,-0.599
2003,12,November 23,away,Houston Texans,https://www.pro-football-reference.com/boxscores/200311230htx.htm,3,11:05,3,1,HOU 41,10,3,"(11:05) 32-A.Smith left tackle to HOU 39 for 2 yards (99-S.Martin, 55-J.Sharper).",2.639,0.565
2003,12,November 23,away,Houston Texans,https://www.pro-football-reference.com/boxscores/200311230htx.htm,3,10:23,1,10,HOU 39,10,3,(10:23) (Shotgun) 12-T.Brady pass incomplete to 33-K.Faulk (99-S.Martin).,3.204,-0.528
2003,12,November 23,away,Houston Texans,https://www.pro-football-reference.com/boxscores/200311230htx.htm,3,10:16,2,10,HOU 39,10,3,"(10:16) PENALTY on NE-72-M.Light, False Start, 5 yards, enforced at HOU 39 - No Play.",2.676,-0.785
2003,12,November 23,away,Houston Texans,https://www.pro-football-reference.com/boxscores/200311230htx.htm,3,10:16,2,15,HOU 44,10,3,"(10:16) 33-K.Faulk up the middle to HOU 42 for 2 yards (92-C.Sears, 50-C.Clemons).",1.891,-0.826
2003,12,November 23,away,Houston Texans,https://www.pro-football-reference.com/boxscores/200311230htx.htm,3,09:38,3,13,HOU 42,10,3,"(9:38) 12-T.Brady pass to 35-P.Pass to HOU 34 for 8 yards (56-J.Foreman, 52-K.Wong).",1.064,-0.082
2003,12,November 23,away,Houston Texans,https://www.pro-football-reference.com/boxscores/200311230htx.htm,3,08:47,4,5,HOU 34,10,3,(8:47) 12-T.Brady pass incomplete to 83-D.Branch (43-K.Wright).,0.982,-2.665
2003,12,November 23,away,Houston Texans,https://www.pro-football-reference.com/boxscores/200311230htx.htm,3,08:41,1,10,HOU 34,10,3,(8:41) 37-D.Davis left guard to HOU 37 for 3 yards (54-T.Bruschi).,1.683,-0.190
2003,12,November 23,away,Houston Texans,https://www.pro-football-reference.com/boxscores/200311230htx.htm,3,08:07,2,7,HOU 37,10,3,"(8:07) 12-T.Banks pass to 80-A.Johnson to HOU 49 for 12 yards (24-T.Law, 95-R.Phifer).",1.494,1.151
2003,12,November 23,away,Houston Texans,https://www.pro-football-reference.com/boxscores/200311230htx.htm,3,07:25,1,10,HOU 49,10,3,(7:25) 37-D.Davis right tackle to HOU 49 for no gain (91-B.Hamilton).,2.645,-0.488
2003,12,November 23,away,Houston Texans,https://www.pro-football-reference.com/boxscores/200311230htx.htm,3,06:44,2,10,HOU 49,10,3,(6:44) 12-T.Banks pass incomplete to 80-A.Johnson (93-R.Seymour).,2.157,-0.857
2003,12,November 23,away,Houston Texans,https://www.pro-football-reference.com/boxscores/200311230htx.htm,3,06:39,3,10,HOU 49,10,3,(6:39) (Shotgun) 12-T.Banks pass incomplete to 80-A.Johnson.,1.301,-1.541
2003,12,November 23,away,Houston Texans,https://www.pro-football-reference.com/boxscores/200311230htx.htm,3,06:39,4,10,HOU 49,10,3,"(6:39) 7-C.Stanley punts 42 yards to NE 9, Center-48-B.Pittman, downed by HOU-21-D.Vaughn.",-0.241,0.388
2003,12,November 23,away,Houston Texans,https://www.pro-football-reference.com/boxscores/200311230htx.htm,3,06:26,1,10,NE 9,10,3,(6:26) 12-T.Brady pass to 81-B.Johnson pushed ob at NE 24 for 15 yards (56-J.Foreman).,-0.147,0.833
2003,12,November 23,away,Houston Texans,https://www.pro-football-reference.com/boxscores/200311230htx.htm,3,06:02,1,10,NE 24,10,3,"(6:02) 33-K.Faulk left guard to NE 33 for 9 yards (56-J.Foreman, 42-M.Coleman).",0.686,0.819
2003,12,November 23,away,Houston Texans,https://www.pro-football-reference.com/boxscores/200311230htx.htm,3,05:23,2,1,NE 33,10,3,(5:23) 33-K.Faulk up the middle to NE 34 for 1 yard (56-J.Foreman).,1.505,-0.162
2003,12,November 23,away,Houston Texans,https://www.pro-football-reference.com/boxscores/200311230htx.htm,3,04:53,1,10,NE 34,10,3,(4:53) 12-T.Brady pass incomplete to 82-D.Graham (24-E.Brown).,1.344,-0.466
2003,12,November 23,away,Houston Texans,https://www.pro-football-reference.com/boxscores/200311230htx.htm,3,04:48,2,10,NE 34,10,3,(4:48) 12-T.Brady pass incomplete to 83-D.Branch (31-A.Glenn).,0.878,-0.681
2003,12,November 23,away,Houston Texans,https://www.pro-football-reference.com/boxscores/200311230htx.htm,3,04:43,3,10,NE 34,10,3,(4:43) 12-T.Brady pass intended for 17-D.Ward INTERCEPTED by 42-M.Coleman (53-S.Orr) at NE 40. 42-M.Coleman pushed ob at NE 11 for 29 yards (17-D.Ward).,0.197,-5.338
2003,12,November 23,away,Houston Texans,https://www.pro-football-reference.com/boxscores/200311230htx.htm,3,04:33,1,10,NE 11,10,3,(4:33) 37-D.Davis left end ran ob at NE 10 for 1 yard (37-R.Harrison).,5.141,-0.444
2003,12,November 23,away,Houston Texans,https://www.pro-football-reference.com/boxscores/200311230htx.htm,3,04:05,2,9,NE 10,10,9,"(4:05) 12-T.Banks pass to 80-A.Johnson for 10 yards, TOUCHDOWN.",4.697,2.303
2003,12,November 23,away,Houston Texans,https://www.pro-football-reference.com/boxscores/200311230htx.htm,3,04:01,,,NE 2,10,10,"3-K.Brown extra point is GOOD, Center-48-B.Pittman, Holder-7-C.Stanley.",0.976,0.024
2003,12,November 23,away,Houston Texans,https://www.pro-football-reference.com/boxscores/200311230htx.htm,3,04:01,,,HOU 30,10,10,3-K.Brown kicks 59 yards from HOU 30 to NE 11. 21-M.Cloud pushed ob at NE 30 for 19 yards (33-J.Bell).,0.570,0.568
2003,12,November 23,away,Houston Texans,https://www.pro-football-reference.com/boxscores/200311230htx.htm,3,03:54,1,10,NE 30,10,10,(3:54) 12-T.Brady pass to 82-D.Graham to NE 40 for 10 yards (31-A.Glenn).,1.138,0.533
2003,12,November 23,away,Houston Texans,https://www.pro-football-reference.com/boxscores/200311230htx.htm,3,03:18,1,10,NE 40,10,10,(3:18) 12-T.Brady pass to 83-D.Branch to HOU 41 for 19 yards (42-M.Coleman). 5 yards after catch.,1.671,1.385
2003,12,November 23,away,Houston Texans,https://www.pro-football-reference.com/boxscores/200311230htx.htm,3,02:45,1,10,HOU 41,10,10,"(2:45) 33-K.Faulk right guard to HOU 39 for 2 yards (94-J.Ioane, 55-J.Sharper).",3.057,-0.469
2003,12,November 23,away,Houston Texans,https://www.pro-football-reference.com/boxscores/200311230htx.htm,3,02:10,2,8,HOU 39,10,10,(2:10) 12-T.Brady pass incomplete to 83-D.Branch (53-S.Orr).,2.587,-0.781
2003,12,November 23,away,Houston Texans,https://www.pro-football-reference.com/boxscores/200311230htx.htm,3,02:02,3,8,HOU 39,10,10,(2:02) 12-T.Brady pass to 85-J.Stokes pushed ob at HOU 8 for 31 yards (38-D.Faggins). 15 yards after catch.,1.806,3.456
2003,12,November 23,away,Houston Texans,https://www.pro-football-reference.com/boxscores/200311230htx.htm,3,01:29,1,8,HOU 8,10,10,(1:29) 32-A.Smith left end to HOU 12 for -4 yards (99-S.Martin).,5.262,-1.015
2003,12,November 23,away,Houston Texans,https://www.pro-football-reference.com/boxscores/200311230htx.htm,3,00:46,2,12,HOU 12,10,10,"(:46) 33-K.Faulk left guard to HOU 10 for 2 yards (29-M.McCree, 50-C.Clemons).",4.247,-0.408
2003,12,November 23,away,Houston Texans,https://www.pro-football-reference.com/boxscores/200311230htx.htm,3,00:04,3,10,HOU 10,10,10,(:04) 12-T.Brady sacked at HOU 14 for -4 yards (sack split by 94-J.Ioane and 53-S.Orr).,3.839,-1.178
2003,12,November 23,away,Houston Texans,https://www.pro-football-reference.com/boxscores/200311230htx.htm,4,15:00,4,14,HOU 14,13,10,"(15:00) 4-A.Vinatieri 32 yard field goal is GOOD, Center-66-L.Paxton, Holder-13-K.Walter.",2.662,0.338
2003,12,November 23,away,Houston Texans,https://www.pro-football-reference.com/boxscores/200311230htx.htm,4,14:57,,,NE 30,13,10,4-A.Vinatieri kicks 63 yards from NE 30 to HOU 7. 25-T.Hollings to HOU 28 for 21 yards (51-D.Davis).,0.659,0.453
2003,12,November 23,away,Houston Texans,https://www.pro-football-reference.com/boxscores/200311230htx.htm,4,14:50,1,10,HOU 28,13,10,"(14:50) 37-D.Davis left end to HOU 28 for no gain (52-T.Johnson, 38-T.Poole).",1.112,-0.511
2003,12,November 23,away,Houston Texans,https://www.pro-football-reference.com/boxscores/200311230htx.htm,4,14:08,2,10,HOU 28,13,10,(14:08) 12-T.Banks sacked at HOU 26 for -2 yards (92-T.Washington).,0.602,-1.030
2003,12,November 23,away,Houston Texans,https://www.pro-football-reference.com/boxscores/200311230htx.htm,4,13:28,3,12,HOU 26,13,10,"(13:28) (Shotgun) 12-T.Banks pass incomplete to 86-J.Gaffney (24-T.Law, 55-W.McGinest).",-0.428,-1.117
2003,12,November 23,away,Houston Texans,https://www.pro-football-reference.com/boxscores/200311230htx.htm,4,13:22,4,12,HOU 26,13,10,"(13:22) 7-C.Stanley punts 50 yards to NE 24, Center-48-B.Pittman. 38-T.Poole to NE 42 for 18 yards (53-S.Orr, 33-J.Bell). Punt hang time 4.13 seconds.",-1.545,-0.308
2003,12,November 23,away,Houston Texans,https://www.pro-football-reference.com/boxscores/200311230htx.htm,4,13:10,1,10,NE 42,13,10,(13:10) 33-K.Faulk up the middle to NE 45 for 3 yards (95-J.DeLoach).,1.853,-0.173
2003,12,November 23,away,Houston Texans,https://www.pro-football-reference.com/boxscores/200311230htx.htm,4,12:33,2,7,NE 45,13,10,(12:33) 12-T.Brady pass to 33-K.Faulk to HOU 43 for 12 yards (55-J.Sharper; 50-C.Clemons). 9 yards after catch.,1.681,1.074
2003,12,November 23,away,Houston Texans,https://www.pro-football-reference.com/boxscores/200311230htx.htm,4,11:52,1,10,HOU 43,13,10,(11:52) 33-K.Faulk left end to HOU 40 for 3 yards (95-J.DeLoach).,2.754,-0.091
2003,12,November 23,away,Houston Texans,https://www.pro-football-reference.com/boxscores/200311230htx.htm,4,11:10,2,7,HOU 40,13,10,(11:10) 33-K.Faulk left end pushed ob at HOU 38 for 2 yards (55-J.Sharper).,2.663,-0.352
2003,12,November 23,away,Houston Texans,https://www.pro-football-reference.com/boxscores/200311230htx.htm,4,10:44,,,HOU 38,13,10,Timeout #1 by HOU at 10:44.,2.311,0.000
2003,12,November 23,away,Houston Texans,https://www.pro-football-reference.com/boxscores/200311230htx.htm,4,10:44,3,5,HOU 38,13,10,"(10:44) 12-T.Brady up the middle to HOU 35 for 3 yards (55-J.Sharper, 99-S.Martin).",2.311,-0.653
2003,12,November 23,away,Houston Texans,https://www.pro-football-reference.com/boxscores/200311230htx.htm,4,09:47,4,2,HOU 35,13,10,(9:47) 33-K.Faulk left guard to HOU 31 for 4 yards (55-J.Sharper).,1.658,2.070
2003,12,November 23,away,Houston Texans,https://www.pro-football-reference.com/boxscores/200311230htx.htm,4,09:10,1,10,HOU 31,13,10,"(9:10) 12-T.Brady sacked at HOU 36 for -5 yards (52-K.Wong). FUMBLES (52-K.Wong), touched at HOU 36, RECOVERED by HOU-56-J.Foreman at HOU 36. 56-J.Foreman ran ob at NE 31 for 33 yards (35-P.Pass). Play Challenged by NE and Upheld. (Timeout #1 at 08:59.)",3.728,-7.331
2003,12,November 23,away,Houston Texans,https://www.pro-football-reference.com/boxscores/200311230htx.htm,4,08:59,1,10,NE 31,13,10,(8:59) 12-T.Banks pass to 37-D.Davis to NE 25 for 6 yards (52-T.Johnson).,3.602,0.290
2003,12,November 23,away,Houston Texans,https://www.pro-football-reference.com/boxscores/200311230htx.htm,4,08:26,2,4,NE 25,13,10,(8:26) 12-T.Banks pass incomplete to 37-D.Davis (93-R.Seymour).,3.892,-0.617
2003,12,November 23,away,Houston Texans,https://www.pro-football-reference.com/boxscores/200311230htx.htm,4,08:22,3,4,NE 25,13,10,"(8:22) (Shotgun) PENALTY on HOU-69-C.Pitts, False Start, 5 yards, enforced at NE 25 - No Play.",3.276,-0.687
2003,12,November 23,away,Houston Texans,https://www.pro-football-reference.com/boxscores/200311230htx.htm,4,08:22,3,9,NE 30,13,10,(8:22) (Shotgun) 12-T.Banks pass to 80-A.Johnson to NE 18 for 12 yards (22-A.Samuel; 38-T.Poole).,2.588,1.966
2003,12,November 23,away,Houston Texans,https://www.pro-football-reference.com/boxscores/200311230htx.htm,4,07:36,1,10,NE 18,13,10,(7:36) 37-D.Davis right end to NE 16 for 2 yards (26-E.Wilson).,4.555,-0.354
2003,12,November 23,away,Houston Texans,https://www.pro-football-reference.com/boxscores/200311230htx.htm,4,06:55,2,8,NE 16,13,16,"(6:55) 12-T.Banks pass to 82-B.Miller for 16 yards, TOUCHDOWN. 2 yards after catch.",4.201,2.799
2003,12,November 23,away,Houston Texans,https://www.pro-football-reference.com/boxscores/200311230htx.htm,4,06:49,,,NE 2,13,17,"3-K.Brown extra point is GOOD, Center-48-B.Pittman, Holder-7-C.Stanley.",0.976,0.024
2003,12,November 23,away,Houston Texans,https://www.pro-football-reference.com/boxscores/200311230htx.htm,4,06:49,,,HOU 30,13,17,3-K.Brown kicks 62 yards from HOU 30 to NE 8. 35-P.Pass to NE 29 for 21 yards (41-R.Walker).,0.818,0.521
2003,12,November 23,away,Houston Texans,https://www.pro-football-reference.com/boxscores/200311230htx.htm,4,06:44,1,10,NE 29,13,17,(6:44) 33-K.Faulk left end to NE 34 for 5 yards (95-J.DeLoach).,1.338,-0.010
2003,12,November 23,away,Houston Texans,https://www.pro-football-reference.com/boxscores/200311230htx.htm,4,06:08,2,5,NE 34,13,17,(6:08) 33-K.Faulk left end to NE 34 for no gain (55-J.Sharper).,1.329,-0.700
2003,12,November 23,away,Houston Texans,https://www.pro-football-reference.com/boxscores/200311230htx.htm,4,05:28,3,5,NE 34,13,17,"(5:28) 12-T.Brady FUMBLES (Aborted) at NE 34, touched at NE 34, and recovers at NE 34. 12-T.Brady to NE 32 for -2 yards (53-S.Orr).",0.629,-1.447
2003,12,November 23,away,Houston Texans,https://www.pro-football-reference.com/boxscores/200311230htx.htm,4,04:59,4,7,NE 32,13,17,"(4:59) 13-K.Walter punt is BLOCKED by 41-R.Walker, Center-66-L.Paxton, recovered by NE-13-K.Walter at NE 20. 13-K.Walter to NE 20 for no gain (32-J.Wells).",-0.817,-3.524
2003,12,November 23,away,Houston Texans,https://www.pro-football-reference.com/boxscores/200311230htx.htm,4,04:50,1,10,NE 20,13,17,(4:50) 12-T.Banks pass incomplete to 89-J.Holloway (93-R.Seymour).,4.341,-0.403
2003,12,November 23,away,Houston Texans,https://www.pro-football-reference.com/boxscores/200311230htx.htm,4,04:45,2,10,NE 20,13,17,"(4:45) 37-D.Davis right guard to NE 15 for 5 yards (37-R.Harrison, 91-B.Hamilton).",3.939,-0.049
2003,12,November 23,away,Houston Texans,https://www.pro-football-reference.com/boxscores/200311230htx.htm,4,03:59,3,5,NE 15,13,17,(3:59) 37-D.Davis right guard to NE 12 for 3 yards (55-W.McGinest).,3.890,-1.167
2003,12,November 23,away,Houston Texans,https://www.pro-football-reference.com/boxscores/200311230htx.htm,4,03:15,,,NE 12,13,17,Timeout #2 by HOU at 03:15.,2.723,0.000
2003,12,November 23,away,Houston Texans,https://www.pro-football-reference.com/boxscores/200311230htx.htm,4,03:15,4,2,NE 12,13,20,"(3:15) 3-K.Brown 31 yard field goal is GOOD, Center-48-B.Pittman, Holder-7-C.Stanley.",2.723,0.277
2003,12,November 23,away,Houston Texans,https://www.pro-football-reference.com/boxscores/200311230htx.htm,4,03:11,,,HOU 30,13,20,"3-K.Brown kicks 59 yards from HOU 30 to NE 11. 21-M.Cloud to NE 34 for 23 yards (41-R.Walker). PENALTY on NE-94-T.Warren, Offensive Holding, 10 yards, enforced at NE 30.",0.684,-0.012
2003,12,November 23,away,Houston Texans,https://www.pro-football-reference.com/boxscores/200311230htx.htm,4,03:04,1,10,NE 20,13,20,(3:04) 12-T.Brady pass to 83-D.Branch to NE 33 for 13 yards (42-M.Coleman).,0.672,0.552
2003,12,November 23,away,Houston Texans,https://www.pro-football-reference.com/boxscores/200311230htx.htm,4,02:36,1,10,NE 33,13,20,(2:36) (Shotgun) 12-T.Brady pass incomplete to 83-D.Branch.,1.223,-0.355
2003,12,November 23,away,Houston Texans,https://www.pro-football-reference.com/boxscores/200311230htx.htm,4,02:31,2,10,NE 33,13,20,(2:31) (Shotgun) 12-T.Brady pass incomplete to 81-B.Johnson.,0.869,-0.473
2003,12,November 23,away,Houston Texans,https://www.pro-football-reference.com/boxscores/200311230htx.htm,4,02:26,3,10,NE 33,13,20,(2:26) 12-T.Brady pass to 82-D.Graham to HOU 34 for 33 yards (26-M.Stevens).,0.396,2.534
2003,12,November 23,away,Houston Texans,https://www.pro-football-reference.com/boxscores/200311230htx.htm,4,02:00,1,10,HOU 34,13,20,(2:00) (Shotgun) 12-T.Brady pass to 33-K.Faulk pushed ob at HOU 13 for 21 yards (38-D.Faggins).,2.929,1.637
2003,12,November 23,away,Houston Texans,https://www.pro-football-reference.com/boxscores/200311230htx.htm,4,01:49,1,10,HOU 13,13,20,(1:49) (Shotgun) 12-T.Brady pass incomplete to 85-J.Stokes (95-J.DeLoach).,4.566,-0.387
2003,12,November 23,away,Houston Texans,https://www.pro-football-reference.com/boxscores/200311230htx.htm,4,01:44,2,10,HOU 13,13,20,(1:44) (Shotgun) 12-T.Brady pass to 83-D.Branch to HOU 9 for 4 yards (56-J.Foreman).,4.179,-0.447
2003,12,November 23,away,Houston Texans,https://www.pro-football-reference.com/boxscores/200311230htx.htm,4,01:14,3,6,HOU 9,13,20,"(1:14) 33-K.Faulk up the middle to HOU 4 for 5 yards (56-J.Foreman, 29-M.McCree).",3.731,-0.147
2003,12,November 23,away,Houston Texans,https://www.pro-football-reference.com/boxscores/200311230htx.htm,4,00:48,,,HOU 4,13,20,Timeout #2 by NE at 00:48.,3.584,0.000
2003,12,November 23,away,Houston Texans,https://www.pro-football-reference.com/boxscores/200311230htx.htm,4,00:40,4,1,HOU 4,19,20,"(:40) 12-T.Brady pass to 82-D.Graham for 4 yards, TOUCHDOWN. PENALTY on HOU-52-K.Wong, Roughing the Passer, 15 yards, enforced between downs.",3.584,3.416
2003,12,November 23,away,Houston Texans,https://www.pro-football-reference.com/boxscores/200311230htx.htm,4,00:40,,,HOU 2,20,20,"4-A.Vinatieri extra point is GOOD, Center-66-L.Paxton, Holder-13-K.Walter.",0.976,0.024
2003,12,November 23,away,Houston Texans,https://www.pro-football-reference.com/boxscores/200311230htx.htm,4,00:40,,,NE 45,20,20,4-A.Vinatieri kicks 57 yards from NE 45 to HOU -2. 25-T.Hollings to HOU 19 for 21 yards (39-S.Mayer). Roughing the passer on the touchdown pass enforced on the kickoff.,0.134,0.008
2003,12,November 23,away,Houston Texans,https://www.pro-football-reference.com/boxscores/200311230htx.htm,4,00:33,1,10,HOU 19,20,20,(:33) (Shotgun) 37-D.Davis right guard to HOU 25 for 6 yards (54-T.Bruschi).,0.143,-0.093
2003,12,November 23,away,Houston Texans,https://www.pro-football-reference.com/boxscores/200311230htx.htm,4,00:12,2,4,HOU 25,20,20,(:12) (Shotgun) 37-D.Davis left guard to HOU 27 for 2 yards (22-A.Samuel).,0.050,-0.050
2003,12,November 23,away,Houston Texans,https://www.pro-football-reference.com/boxscores/200311230htx.htm,5,15:00,,,NE 30,20,20,"4-A.Vinatieri kicks 67 yards from NE 30 to HOU 3. 25-T.Hollings to HOU 23 for 20 yards (53-L.Izzo). PENALTY on HOU-53-S.Orr, Offensive Holding, 10 yards, enforced at HOU 23.",0.566,-0.582
2003,12,November 23,away,Houston Texans,https://www.pro-football-reference.com/boxscores/200311230htx.htm,5,14:55,1,10,HOU 13,20,20,(14:55) 12-T.Banks pass intended for 85-C.Bradford INTERCEPTED by 50-M.Vrabel at HOU 27. 50-M.Vrabel to HOU 23 for 4 yards (77-T.Washington).,-0.017,-4.228
2003,12,November 23,away,Houston Texans,https://www.pro-football-reference.com/boxscores/200311230htx.htm,5,14:45,1,10,HOU 23,20,20,"(14:45) 32-A.Smith up the middle to HOU 22 for 1 yard (92-C.Sears, 56-J.Foreman).",4.245,-0.370
2003,12,November 23,away,Houston Texans,https://www.pro-football-reference.com/boxscores/200311230htx.htm,5,14:05,2,9,HOU 22,20,20,"(14:05) 32-A.Smith right end to HOU 19 for 3 yards (99-S.Martin, 56-J.Foreman).",3.874,-0.348
2003,12,November 23,away,Houston Texans,https://www.pro-football-reference.com/boxscores/200311230htx.htm,5,13:28,3,6,HOU 19,20,20,(13:28) 12-T.Brady up the middle to HOU 19 for no gain (99-S.Martin).,3.526,-1.177
2003,12,November 23,away,Houston Texans,https://www.pro-football-reference.com/boxscores/200311230htx.htm,5,12:54,,,HOU 19,20,20,Timeout #1 by HOU at 12:54.,2.350,0.000
2003,12,November 23,away,Houston Texans,https://www.pro-football-reference.com/boxscores/200311230htx.htm,5,12:54,4,6,HOU 19,20,20,"(12:54) 4-A.Vinatieri 37 yard field goal is BLOCKED (41-R.Walker), Center-66-L.Paxton, Holder-13-K.Walter, recovered by NE-82-D.Graham at HOU 27. 82-D.Graham to HOU 27 for no gain (54-T.Evans).",2.350,-3.467
2003,12,November 23,away,Houston Texans,https://www.pro-football-reference.com/boxscores/200311230htx.htm,5,12:46,1,10,HOU 27,20,20,(12:46) 37-D.Davis right guard to HOU 31 for 4 yards (92-T.Washington).,1.117,-0.160
2003,12,November 23,away,Houston Texans,https://www.pro-football-reference.com/boxscores/200311230htx.htm,5,12:06,2,6,HOU 31,20,20,"(12:06) 80-A.Johnson left end to HOU 32 for 1 yard (37-R.Harrison, 93-R.Seymour).",0.956,-0.596
2003,12,November 23,away,Houston Texans,https://www.pro-football-reference.com/boxscores/200311230htx.htm,5,11:21,3,5,HOU 32,20,20,(11:21) (Shotgun) 12-T.Banks pass to 85-C.Bradford to HOU 41 for 9 yards (37-R.Harrison).,0.360,1.637
2003,12,November 23,away,Houston Texans,https://www.pro-football-reference.com/boxscores/200311230htx.htm,5,10:42,1,10,HOU 41,20,20,(10:42) 37-D.Davis left end to HOU 39 for -2 yards (55-W.McGinest).,1.997,-0.934
2003,12,November 23,away,Houston Texans,https://www.pro-football-reference.com/boxscores/200311230htx.htm,5,09:59,2,12,HOU 39,20,20,(9:59) 37-D.Davis right tackle to HOU 48 for 9 yards (55-W.McGinest; 24-T.Law).,1.062,0.710
2003,12,November 23,away,Houston Texans,https://www.pro-football-reference.com/boxscores/200311230htx.htm,5,09:10,,,HOU 48,20,20,Timeout #2 by HOU at 09:10.,1.773,0.000
2003,12,November 23,away,Houston Texans,https://www.pro-football-reference.com/boxscores/200311230htx.htm,5,09:10,3,3,HOU 48,20,20,(9:10) (Shotgun) 12-T.Banks pass to 87-D.Armstrong pushed ob at NE 42 for 10 yards (38-T.Poole).,1.773,1.562
2003,12,November 23,away,Houston Texans,https://www.pro-football-reference.com/boxscores/200311230htx.htm,5,08:35,1,10,NE 42,20,20,(8:35) 80-A.Johnson right end to NE 40 for 2 yards (24-T.Law). HOU Johnson (80) bobbles the ball.,3.335,-0.531
2003,12,November 23,away,Houston Texans,https://www.pro-football-reference.com/boxscores/200311230htx.htm,5,08:01,2,8,NE 40,20,20,(8:01) 12-T.Banks pass incomplete to 80-A.Johnson (38-T.Poole).,2.805,-0.744
2003,12,November 23,away,Houston Texans,https://www.pro-football-reference.com/boxscores/200311230htx.htm,5,07:54,3,8,NE 40,20,20,(7:54) 12-T.Banks pass incomplete to 80-A.Johnson (38-T.Poole).,2.061,-1.737
2003,12,November 23,away,Houston Texans,https://www.pro-football-reference.com/boxscores/200311230htx.htm,5,07:50,4,8,NE 40,20,20,"(7:50) 7-C.Stanley punts 31 yards to NE 9, Center-48-B.Pittman, fair catch by 33-K.Faulk.",0.324,-0.171
2003,12,November 23,away,Houston Texans,https://www.pro-football-reference.com/boxscores/200311230htx.htm,5,07:41,1,10,NE 9,20,20,"(7:41) 33-K.Faulk up the middle to NE 13 for 4 yards (52-K.Wong, 95-J.DeLoach).",-0.153,-0.103
2003,12,November 23,away,Houston Texans,https://www.pro-football-reference.com/boxscores/200311230htx.htm,5,07:08,2,6,NE 13,20,20,(7:08) 33-K.Faulk right tackle to NE 13 for no gain (24-E.Brown).,-0.256,-0.776
2003,12,November 23,away,Houston Texans,https://www.pro-football-reference.com/boxscores/200311230htx.htm,5,06:27,3,6,NE 13,20,20,(6:27) 12-T.Brady sacked at NE 4 for -9 yards (55-J.Sharper).,-1.032,-1.811
2003,12,November 23,away,Houston Texans,https://www.pro-football-reference.com/boxscores/200311230htx.htm,5,05:58,4,15,NE 4,20,20,"(5:58) 13-K.Walter punts 31 yards to NE 35, Center-66-L.Paxton, downed by NE-51-D.Davis.",-2.844,-0.836
2003,12,November 23,away,Houston Texans,https://www.pro-football-reference.com/boxscores/200311230htx.htm,5,05:50,1,10,NE 35,20,20,(5:50) 37-D.Davis right tackle to NE 35 for no gain (55-W.McGinest).,3.680,-0.399
2003,12,November 23,away,Houston Texans,https://www.pro-football-reference.com/boxscores/200311230htx.htm,5,05:17,2,10,NE 35,20,20,(5:17) 37-D.Davis left end to NE 40 for -5 yards (55-W.McGinest).,3.281,-1.749
2003,12,November 23,away,Houston Texans,https://www.pro-football-reference.com/boxscores/200311230htx.htm,5,04:34,3,15,NE 40,20,20,(4:34) (Shotgun) 12-T.Banks pass incomplete to 80-A.Johnson.,1.533,-0.996
2003,12,November 23,away,Houston Texans,https://www.pro-football-reference.com/boxscores/200311230htx.htm,5,04:28,4,15,NE 40,20,20,"(4:28) 7-C.Stanley punts 26 yards to NE 14, Center-48-B.Pittman, fair catch by 33-K.Faulk. Punt hang time 3.44 seconds.",0.536,-0.675
2003,12,November 23,away,Houston Texans,https://www.pro-football-reference.com/boxscores/200311230htx.htm,5,04:20,1,10,NE 14,20,20,(4:20) 12-T.Brady pass to 33-K.Faulk to NE 30 for 16 yards (94-J.Ioane).,0.139,0.706
2003,12,November 23,away,Houston Texans,https://www.pro-football-reference.com/boxscores/200311230htx.htm,5,03:42,1,10,NE 30,20,20,"(3:42) (Shotgun) 12-T.Brady pass incomplete to 33-K.Faulk. PENALTY on HOU-55-J.Sharper, Defensive Holding, 5 yards, enforced at NE 30 - No Play.",0.845,0.121
2003,12,November 23,away,Houston Texans,https://www.pro-football-reference.com/boxscores/200311230htx.htm,5,03:36,1,10,NE 35,20,20,(3:36) (Shotgun) 12-T.Brady pass to 17-D.Ward pushed ob at NE 40 for 5 yards (31-A.Glenn).,0.966,-0.310
2003,12,November 23,away,Houston Texans,https://www.pro-football-reference.com/boxscores/200311230htx.htm,5,03:28,2,5,NE 40,20,20,(3:28) (Shotgun) 12-T.Brady pass to 81-B.Johnson to HOU 46 for 14 yards (42-M.Coleman).,0.656,0.728
2003,12,November 23,away,Houston Texans,https://www.pro-football-reference.com/boxscores/200311230htx.htm,5,02:54,1,10,HOU 46,20,20,"(2:54) (Shotgun) PENALTY on HOU-43-K.Wright, Defensive Holding, 5 yards, enforced at HOU 46 - No Play. NE Brady's (12) pass was intercepted by HOU McCree (29) at the HOU 3, negated by the penalty.",1.384,0.131
2003,12,November 23,away,Houston Texans,https://www.pro-football-reference.com/boxscores/200311230htx.htm,5,02:46,1,10,HOU 41,20,20,(2:46) 12-T.Brady pass incomplete to 17-D.Ward.,1.515,-0.364
2003,12,November 23,away,Houston Texans,https://www.pro-football-reference.com/boxscores/200311230htx.htm,5,02:40,2,10,HOU 41,20,20,(2:40) (Shotgun) 12-T.Brady pass to 83-D.Branch pushed ob at HOU 28 for 13 yards (43-K.Wright).,1.151,1.092
2003,12,November 23,away,Houston Texans,https://www.pro-football-reference.com/boxscores/200311230htx.htm,5,02:34,1,10,HOU 28,20,20,(2:34) (Shotgun) 12-T.Brady pass to 88-C.Fauria to HOU 18 for 10 yards (43-K.Wright).,2.242,1.228
2003,12,November 23,away,Houston Texans,https://www.pro-football-reference.com/boxscores/200311230htx.htm,5,02:00,,,HOU 18,20,20,Timeout at 02:00.,3.470,0.000
2003,12,November 23,away,Houston Texans,https://www.pro-football-reference.com/boxscores/200311230htx.htm,5,02:00,1,10,HOU 18,20,20,(2:00) 33-K.Faulk up the middle to HOU 13 for 5 yards (50-C.Clemons).,3.470,0.147
2003,12,November 23,away,Houston Texans,https://www.pro-football-reference.com/boxscores/200311230htx.htm,5,01:26,2,5,HOU 13,20,20,(1:26) 33-K.Faulk up the middle to HOU 10 for 3 yards (55-J.Sharper).,3.617,-0.806
2003,12,November 23,away,Houston Texans,https://www.pro-football-reference.com/boxscores/200311230htx.htm,5,00:45,3,2,HOU 10,23,20,"(:45) 4-A.Vinatieri 28 yard field goal is GOOD, Center-66-L.Paxton, Holder-13-K.Walter.",2.812,0.188
2003,13,November 30,away,Indianapolis Colts,https://www.pro-football-reference.com/boxscores/200311300clt.htm,1,15:00,,,IND 30,0,0,"13-M.Vanderjagt kicks 53 yards from IND 30 to NE 17. 81-B.Johnson MUFFS catch, and recovers at NE 25. 81-B.Johnson to NE 25 for no gain (34-J.Doering).",0.028,0.429
2003,13,November 30,away,Indianapolis Colts,https://www.pro-football-reference.com/boxscores/200311300clt.htm,1,14:51,1,10,NE 25,0,0,"(14:51) 12-T.Brady pass to 88-C.Fauria to NE 34 for 9 yards (50-D.Thornton, 20-M.Doss).",0.457,0.776
2003,13,November 30,away,Indianapolis Colts,https://www.pro-football-reference.com/boxscores/200311300clt.htm,1,14:23,2,1,NE 34,0,0,(14:23) 12-T.Brady pass to 33-K.Faulk pushed ob at NE 41 for 7 yards (33-D.Rhodes).,1.233,0.129
2003,13,November 30,away,Indianapolis Colts,https://www.pro-football-reference.com/boxscores/200311300clt.htm,1,13:46,1,10,NE 41,0,0,(13:46) 33-K.Faulk up the middle to NE 42 for 1 yard (20-M.Doss).,1.361,-0.389
2003,13,November 30,away,Indianapolis Colts,https://www.pro-football-reference.com/boxscores/200311300clt.htm,1,13:10,2,9,NE 42,0,0,(13:10) 12-T.Brady pass to 83-D.Branch pushed ob at IND 44 for 14 yards (20-M.Doss).,0.972,1.508
2003,13,November 30,away,Indianapolis Colts,https://www.pro-football-reference.com/boxscores/200311300clt.htm,1,12:44,1,10,IND 44,0,0,"(12:44) 33-K.Faulk up the middle to IND 42 for 2 yards (20-M.Doss, 75-L.Tripplett).",2.480,-0.369
2003,13,November 30,away,Indianapolis Colts,https://www.pro-football-reference.com/boxscores/200311300clt.htm,1,12:08,2,8,IND 42,0,0,"(12:08) 12-T.Brady pass to 88-C.Fauria to IND 35 for 7 yards (50-D.Thornton, 94-R.Morris).",2.111,0.646
2003,13,November 30,away,Indianapolis Colts,https://www.pro-football-reference.com/boxscores/200311300clt.htm,1,11:29,3,1,IND 35,0,0,"(11:29) 21-M.Cloud left tackle to IND 31 for 4 yards (96-J.Williams, 50-D.Thornton).",2.758,0.874
2003,13,November 30,away,Indianapolis Colts,https://www.pro-football-reference.com/boxscores/200311300clt.htm,1,10:50,1,10,IND 31,0,0,(10:50) 33-K.Faulk right guard to IND 32 for -1 yards (75-L.Tripplett).,3.632,-0.745
2003,13,November 30,away,Indianapolis Colts,https://www.pro-football-reference.com/boxscores/200311300clt.htm,1,10:08,2,11,IND 32,0,0,(10:08) 12-T.Brady sacked at IND 38 for -6 yards (93-D.Freeney).,2.887,-1.973
2003,13,November 30,away,Indianapolis Colts,https://www.pro-football-reference.com/boxscores/200311300clt.htm,1,09:31,3,17,IND 38,0,0,(9:31) 12-T.Brady pass to 83-D.Branch ran ob at IND 25 for 13 yards (21-W.Harris).,0.914,1.168
2003,13,November 30,away,Indianapolis Colts,https://www.pro-football-reference.com/boxscores/200311300clt.htm,1,09:09,4,4,IND 25,3,0,"(9:09) 4-A.Vinatieri 43 yard field goal is GOOD, Center-66-L.Paxton, Holder-13-K.Walter.",2.082,0.918
2003,13,November 30,away,Indianapolis Colts,https://www.pro-football-reference.com/boxscores/200311300clt.htm,1,09:04,,,NE 30,3,0,4-A.Vinatieri kicks 63 yards from NE 30 to IND 7. 10-T.Wilkins to IND 17 for 10 yards (48-T.Banta-Cain).,1.035,-0.167
2003,13,November 30,away,Indianapolis Colts,https://www.pro-football-reference.com/boxscores/200311300clt.htm,1,08:59,1,10,IND 17,3,0,(8:59) 32-E.James up the middle to IND 18 for 1 yard (55-W.McGinest).,0.868,-0.537
2003,13,November 30,away,Indianapolis Colts,https://www.pro-football-reference.com/boxscores/200311300clt.htm,1,08:31,2,9,IND 18,3,0,(8:31) 18-P.Manning pass to 81-M.Pollard to IND 33 for 15 yards (26-E.Wilson).,0.331,1.515
2003,13,November 30,away,Indianapolis Colts,https://www.pro-football-reference.com/boxscores/200311300clt.htm,1,07:53,1,10,IND 33,3,0,(7:53) 32-E.James left guard to IND 35 for 2 yards (52-T.Johnson).,1.845,-0.483
2003,13,November 30,away,Indianapolis Colts,https://www.pro-football-reference.com/boxscores/200311300clt.htm,1,07:21,2,8,IND 35,3,0,"(7:21) 18-P.Manning pass to 44-D.Clark to IND 45 for 10 yards (52-T.Johnson). Penalty on NE-91-B.Hamilton, Defensive Offside, declined.",1.362,1.173
2003,13,November 30,away,Indianapolis Colts,https://www.pro-football-reference.com/boxscores/200311300clt.htm,1,07:05,1,10,IND 45,3,0,"(7:05) 18-P.Manning pass to 32-E.James to 50 for 5 yards (39-S.Mayer, 95-R.Phifer).",2.535,0.073
2003,13,November 30,away,Indianapolis Colts,https://www.pro-football-reference.com/boxscores/200311300clt.htm,1,06:32,2,5,MID 50,3,0,(6:32) 32-E.James right end to IND 46 for -4 yards (52-T.Johnson).,2.608,-1.296
2003,13,November 30,away,Indianapolis Colts,https://www.pro-football-reference.com/boxscores/200311300clt.htm,1,05:48,3,9,IND 46,3,0,"(5:48) (Shotgun) 18-P.Manning pass to 44-D.Clark to NE 18 for 36 yards (26-E.Wilson). PENALTY on IND-44-D.Clark, Illegal Touch Pass, 5 yards, enforced at IND 46 - No Play.",1.312,-0.663
2003,13,November 30,away,Indianapolis Colts,https://www.pro-football-reference.com/boxscores/200311300clt.htm,1,05:14,3,14,IND 41,3,0,"(5:14) (Shotgun) 18-P.Manning sacked at IND 37 for -4 yards (50-M.Vrabel). FUMBLES (50-M.Vrabel), RECOVERED by NE-90-D.Klecko at IND 40. 90-D.Klecko to IND 36 for 4 yards (76-M.Freitas). Vrabel credited with -1 sack yards on play.",0.650,-3.823
2003,13,November 30,away,Indianapolis Colts,https://www.pro-football-reference.com/boxscores/200311300clt.htm,1,05:04,1,10,IND 36,3,0,(5:04) 12-T.Brady pass to 83-D.Branch to IND 31 for 5 yards (94-R.Morris).,3.174,0.244
2003,13,November 30,away,Indianapolis Colts,https://www.pro-football-reference.com/boxscores/200311300clt.htm,1,04:33,2,5,IND 31,3,0,"(4:33) 33-K.Faulk up the middle to IND 31 for no gain (93-D.Freeney, 20-M.Doss).",3.418,-0.680
2003,13,November 30,away,Indianapolis Colts,https://www.pro-football-reference.com/boxscores/200311300clt.htm,1,03:52,3,5,IND 31,3,0,(3:52) (Shotgun) 12-T.Brady pass to 33-K.Faulk pushed ob at IND 15 for 16 yards (58-G.Brackett).,2.738,2.116
2003,13,November 30,away,Indianapolis Colts,https://www.pro-football-reference.com/boxscores/200311300clt.htm,1,03:52,1,10,IND 15,3,0,(3:52) 12-T.Brady pass to 83-D.Branch ran ob at IND 7 for 8 yards (25-N.Harper).,4.854,0.486
2003,13,November 30,away,Indianapolis Colts,https://www.pro-football-reference.com/boxscores/200311300clt.htm,1,03:08,2,2,IND 7,3,0,"(3:08) 12-T.Brady pass to 87-D.Givens pushed ob at IND 4 for 3 yards (25-N.Harper, 30-D.Strickland).",5.339,0.508
2003,13,November 30,away,Indianapolis Colts,https://www.pro-football-reference.com/boxscores/200311300clt.htm,1,02:36,1,4,IND 4,9,0,"(2:36) 21-M.Cloud left end for 4 yards, TOUCHDOWN.",5.848,1.152
2003,13,November 30,away,Indianapolis Colts,https://www.pro-football-reference.com/boxscores/200311300clt.htm,1,02:32,,,IND 2,9,0,"4-A.Vinatieri extra point is GOOD, Center-66-L.Paxton, Holder-13-K.Walter. PENALTY on NE-68-T.Ashworth, False Start, 5 yards, enforced at IND 2 - No Play.",0.965,0.000
2003,13,November 30,away,Indianapolis Colts,https://www.pro-football-reference.com/boxscores/200311300clt.htm,1,02:32,,,IND 7,10,0,"4-A.Vinatieri extra point is GOOD, Center-66-L.Paxton, Holder-13-K.Walter.",0.965,0.035
2003,13,November 30,away,Indianapolis Colts,https://www.pro-football-reference.com/boxscores/200311300clt.htm,1,02:32,,,NE 30,10,0,4-A.Vinatieri kicks 68 yards from NE 30 to IND 2. 10-T.Wilkins to IND 28 for 26 yards (39-S.Mayer).,0.982,0.524
2003,13,November 30,away,Indianapolis Colts,https://www.pro-football-reference.com/boxscores/200311300clt.htm,1,02:26,1,10,IND 28,10,0,"(2:26) 32-E.James right end to IND 31 for 3 yards (54-T.Bruschi, 92-T.Washington).",1.506,-0.234
2003,13,November 30,away,Indianapolis Colts,https://www.pro-football-reference.com/boxscores/200311300clt.htm,1,01:56,2,7,IND 31,10,0,(1:56) 18-P.Manning pass to 87-R.Wayne to IND 35 for 4 yards (52-T.Johnson).,1.272,-0.212
2003,13,November 30,away,Indianapolis Colts,https://www.pro-football-reference.com/boxscores/200311300clt.htm,1,01:11,3,3,IND 35,10,0,(1:11) (Shotgun) 18-P.Manning pass incomplete to 86-T.Walters.,1.060,-1.470
2003,13,November 30,away,Indianapolis Colts,https://www.pro-football-reference.com/boxscores/200311300clt.htm,1,01:07,4,3,IND 35,10,0,"(1:07) 17-H.Smith punts 41 yards to NE 24, Center-48-J.Snow. 38-T.Poole to NE 27 for 3 yards (31-C.Crosby, 42-D.Smith).",-0.410,-0.202
2003,13,November 30,away,Indianapolis Colts,https://www.pro-football-reference.com/boxscores/200311300clt.htm,1,00:57,1,10,NE 27,10,0,(:57) 12-T.Brady pass to 35-P.Pass to NE 33 for 6 yards (99-B.Scioli).,0.612,0.202
2003,13,November 30,away,Indianapolis Colts,https://www.pro-football-reference.com/boxscores/200311300clt.htm,1,00:15,2,4,NE 33,10,0,(:15) 12-T.Brady pass to 81-B.Johnson to NE 43 for 10 yards (25-N.Harper).,0.814,0.749
2003,13,November 30,away,Indianapolis Colts,https://www.pro-football-reference.com/boxscores/200311300clt.htm,2,15:00,1,10,NE 43,10,0,(15:00) 12-T.Brady pass to 33-K.Faulk ran ob at IND 49 for 8 yards (25-N.Harper).,1.563,0.570
2003,13,November 30,away,Indianapolis Colts,https://www.pro-football-reference.com/boxscores/200311300clt.htm,2,14:36,2,2,IND 49,10,0,(14:36) 33-K.Faulk up the middle to IND 44 for 5 yards (20-M.Doss).,2.133,0.259
2003,13,November 30,away,Indianapolis Colts,https://www.pro-football-reference.com/boxscores/200311300clt.htm,2,14:03,1,10,IND 44,10,0,(14:03) 12-T.Brady pass incomplete to 83-D.Branch.,2.391,-0.473
2003,13,November 30,away,Indianapolis Colts,https://www.pro-football-reference.com/boxscores/200311300clt.htm,2,13:57,2,10,IND 44,10,0,(13:57) 33-K.Faulk up the middle to IND 34 for 10 yards (30-D.Strickland).,1.918,1.242
2003,13,November 30,away,Indianapolis Colts,https://www.pro-football-reference.com/boxscores/200311300clt.htm,2,13:18,1,10,IND 34,10,0,(13:18) 12-T.Brady pass to 88-C.Fauria to IND 28 for 6 yards (58-G.Brackett).,3.160,0.487
2003,13,November 30,away,Indianapolis Colts,https://www.pro-football-reference.com/boxscores/200311300clt.htm,2,12:45,2,4,IND 28,10,0,(12:45) 21-M.Cloud left end to IND 31 for -3 yards (25-N.Harper).,3.646,-1.159
2003,13,November 30,away,Indianapolis Colts,https://www.pro-football-reference.com/boxscores/200311300clt.htm,2,12:01,3,7,IND 31,16,0,"(12:01) (Shotgun) 12-T.Brady pass to 17-D.Ward for 31 yards, TOUCHDOWN.",2.488,4.512
2003,13,November 30,away,Indianapolis Colts,https://www.pro-football-reference.com/boxscores/200311300clt.htm,2,11:54,,,IND 2,17,0,"4-A.Vinatieri extra point is GOOD, Center-66-L.Paxton, Holder-13-K.Walter.",0.982,0.018
2003,13,November 30,away,Indianapolis Colts,https://www.pro-football-reference.com/boxscores/200311300clt.htm,2,11:54,,,NE 30,17,0,4-A.Vinatieri kicks 71 yards from NE 30 to IND -1. 10-T.Wilkins to IND 25 for 26 yards (39-S.Mayer).,0.975,0.361
2003,13,November 30,away,Indianapolis Colts,https://www.pro-football-reference.com/boxscores/200311300clt.htm,2,11:49,1,10,IND 25,17,0,(11:49) 18-P.Manning pass to 44-D.Clark to IND 33 for 8 yards (24-T.Law). IND - Clark (44) injured on play.,1.336,0.431
2003,13,November 30,away,Indianapolis Colts,https://www.pro-football-reference.com/boxscores/200311300clt.htm,2,11:13,2,2,IND 33,17,0,(11:13) 32-E.James up the middle to IND 39 for 6 yards (95-R.Phifer).,1.767,0.299
2003,13,November 30,away,Indianapolis Colts,https://www.pro-football-reference.com/boxscores/200311300clt.htm,2,11:13,1,10,IND 39,17,0,"(11:13) 18-P.Manning pass to 88-M.Harrison to IND 43 for 4 yards (24-T.Law, 95-R.Phifer).",2.067,-0.092
2003,13,November 30,away,Indianapolis Colts,https://www.pro-football-reference.com/boxscores/200311300clt.htm,2,11:13,2,6,IND 43,17,0,(11:13) 32-E.James left end to IND 43 for no gain (95-R.Phifer).,1.975,-0.783
2003,13,November 30,away,Indianapolis Colts,https://www.pro-football-reference.com/boxscores/200311300clt.htm,2,09:15,3,6,IND 43,17,0,"(9:15) (Shotgun) 18-P.Manning pass to 86-T.Walters to NE 31 for 26 yards (50-M.Vrabel, 26-E.Wilson). FUMBLES (50-M.Vrabel), RECOVERED by NE-37-R.Harrison at NE 26. 37-R.Harrison to NE 36 for 10 yards (76-M.Freitas). PENALTY on NE-55-W.McGinest, Defensive Offside, 5 yards, enforced at IND 43 - No Play.",1.192,0.984
2003,13,November 30,away,Indianapolis Colts,https://www.pro-football-reference.com/boxscores/200311300clt.htm,2,09:03,3,1,IND 48,17,0,"(9:03) 32-E.James right guard to IND 48 for no gain (54-T.Bruschi, 91-B.Hamilton).",2.176,-1.673
2003,13,November 30,away,Indianapolis Colts,https://www.pro-football-reference.com/boxscores/200311300clt.htm,2,08:47,4,1,IND 48,17,0,"(8:47) 17-H.Smith punts 49 yards to NE 3, Center-48-J.Snow, downed by IND. PENALTY on NE-91-B.Hamilton, Running Into the Kicker, 5 yards, enforced at IND 48 - No Play.",0.503,2.222
2003,13,November 30,away,Indianapolis Colts,https://www.pro-football-reference.com/boxscores/200311300clt.htm,2,08:35,1,10,NE 47,17,0,(8:35) 18-P.Manning pass to 88-M.Harrison to NE 27 for 20 yards (54-T.Bruschi).,2.725,1.277
2003,13,November 30,away,Indianapolis Colts,https://www.pro-football-reference.com/boxscores/200311300clt.htm,2,07:56,1,10,NE 27,17,0,"(7:56) 18-P.Manning pass to 32-E.James to NE 22 for 5 yards (95-R.Phifer, 54-T.Bruschi).",4.002,0.224
2003,13,November 30,away,Indianapolis Colts,https://www.pro-football-reference.com/boxscores/200311300clt.htm,2,07:20,2,5,NE 22,17,0,(7:20) (Shotgun) 18-P.Manning pass incomplete to 88-M.Harrison.,4.225,-0.645
2003,13,November 30,away,Indianapolis Colts,https://www.pro-football-reference.com/boxscores/200311300clt.htm,2,07:13,,,NE 22,17,0,Timeout #1 by IND at 07:13.,3.581,0.000
2003,13,November 30,away,Indianapolis Colts,https://www.pro-football-reference.com/boxscores/200311300clt.htm,2,07:13,3,5,NE 22,17,0,(7:13) (Shotgun) 18-P.Manning pass incomplete to 32-E.James.,3.581,-1.397
2003,13,November 30,away,Indianapolis Colts,https://www.pro-football-reference.com/boxscores/200311300clt.htm,2,07:09,4,5,NE 22,17,3,"(7:09) 13-M.Vanderjagt 40 yard field goal is GOOD, Center-48-J.Snow, Holder-17-H.Smith.",2.184,0.816
2003,13,November 30,away,Indianapolis Colts,https://www.pro-football-reference.com/boxscores/200311300clt.htm,2,07:04,,,IND 30,17,3,"13-M.Vanderjagt kicks 63 yards from IND 30 to NE 7. 35-P.Pass to NE 29 for 22 yards (42-D.Smith, 27-D.Macklin).",0.629,0.518
2003,13,November 30,away,Indianapolis Colts,https://www.pro-football-reference.com/boxscores/200311300clt.htm,2,06:59,1,10,NE 29,17,3,"(6:59) 12-T.Brady pass to 88-C.Fauria to NE 45 for 16 yards (93-D.Freeney, 30-D.Strickland).",1.147,0.866
2003,13,November 30,away,Indianapolis Colts,https://www.pro-football-reference.com/boxscores/200311300clt.htm,2,06:24,1,10,NE 45,17,3,(6:24) 35-P.Pass up the middle to IND 48 for 7 yards (53-M.Washington).,2.013,0.310
2003,13,November 30,away,Indianapolis Colts,https://www.pro-football-reference.com/boxscores/200311300clt.htm,2,05:49,2,3,IND 48,17,3,"(5:49) 33-K.Faulk up the middle to IND 42 for 6 yards (25-N.Harper, 94-R.Morris).",2.323,0.472
2003,13,November 30,away,Indianapolis Colts,https://www.pro-football-reference.com/boxscores/200311300clt.htm,2,05:16,1,10,IND 42,17,3,(5:16) 12-T.Brady pass incomplete to 81-B.Johnson.,2.795,-0.426
2003,13,November 30,away,Indianapolis Colts,https://www.pro-football-reference.com/boxscores/200311300clt.htm,2,05:10,2,10,IND 42,17,3,(5:10) 33-K.Faulk up the middle to IND 42 for no gain (79-R.Brock).,2.369,-0.820
2003,13,November 30,away,Indianapolis Colts,https://www.pro-football-reference.com/boxscores/200311300clt.htm,2,04:29,3,10,IND 42,17,3,(4:29) (Shotgun) 12-T.Brady pass to 33-K.Faulk to IND 40 for 2 yards (25-N.Harper).,1.549,-1.534
2003,13,November 30,away,Indianapolis Colts,https://www.pro-football-reference.com/boxscores/200311300clt.htm,2,03:42,4,8,IND 40,17,3,"(3:42) 13-K.Walter punts 26 yards to IND 14, Center-66-L.Paxton. 10-T.Wilkins MUFFS catch, ball out of bounds at IND 14.",0.014,-0.305
2003,13,November 30,away,Indianapolis Colts,https://www.pro-football-reference.com/boxscores/200311300clt.htm,2,03:32,1,10,IND 14,17,3,(3:32) 18-P.Manning pass to 32-E.James to IND 14 for no gain (22-A.Samuel).,0.291,-0.357
2003,13,November 30,away,Indianapolis Colts,https://www.pro-football-reference.com/boxscores/200311300clt.htm,2,02:59,2,10,IND 14,17,3,(2:59) 32-E.James left tackle to IND 27 for 13 yards (22-A.Samuel).,-0.066,1.059
2003,13,November 30,away,Indianapolis Colts,https://www.pro-football-reference.com/boxscores/200311300clt.htm,2,02:30,1,10,IND 27,17,3,"(2:30) (Shotgun) 18-P.Manning sacked at IND 22 for -5 yards (93-R.Seymour). PENALTY on NE-95-R.Phifer, Illegal Contact, 5 yards, enforced at IND 27 - No Play.",0.993,0.389
2003,13,November 30,away,Indianapolis Colts,https://www.pro-football-reference.com/boxscores/200311300clt.htm,2,02:15,1,10,IND 32,17,3,(2:15) (Shotgun) 18-P.Manning pass incomplete to 88-M.Harrison.,1.382,-0.404
2003,13,November 30,away,Indianapolis Colts,https://www.pro-football-reference.com/boxscores/200311300clt.htm,2,02:09,2,10,IND 32,17,3,(2:09) (Shotgun) 18-P.Manning pass incomplete to 81-M.Pollard (95-R.Phifer).,0.978,-0.414
2003,13,November 30,away,Indianapolis Colts,https://www.pro-football-reference.com/boxscores/200311300clt.htm,2,02:04,3,10,IND 32,17,3,(2:04) (Shotgun) 18-P.Manning pass to 32-E.James ran ob at IND 49 for 17 yards (26-E.Wilson).,0.564,1.409
2003,13,November 30,away,Indianapolis Colts,https://www.pro-football-reference.com/boxscores/200311300clt.htm,2,01:56,1,10,IND 49,17,3,(1:56) 32-E.James left end to NE 31 for 20 yards (95-R.Phifer).,1.973,1.152
2003,13,November 30,away,Indianapolis Colts,https://www.pro-football-reference.com/boxscores/200311300clt.htm,2,01:25,1,10,NE 31,17,3,(1:25) (Shotgun) 18-P.Manning pass to 88-M.Harrison to NE 22 for 9 yards (24-T.Law).,3.125,0.834
2003,13,November 30,away,Indianapolis Colts,https://www.pro-football-reference.com/boxscores/200311300clt.htm,2,01:25,2,1,NE 22,17,3,(1:25) (Shotgun) 18-P.Manning pass to 86-T.Walters to NE 8 for 14 yards (22-A.Samuel).,3.959,0.891
2003,13,November 30,away,Indianapolis Colts,https://www.pro-football-reference.com/boxscores/200311300clt.htm,2,00:49,,,NE 8,17,3,Timeout #2 by IND at 00:49.,4.850,0.000
2003,13,November 30,away,Indianapolis Colts,https://www.pro-football-reference.com/boxscores/200311300clt.htm,2,00:49,1,8,NE 8,17,3,"(:49) 33-D.Rhodes left tackle to NE 8 for no gain (50-M.Vrabel, 93-R.Seymour).",4.850,-0.536
2003,13,November 30,away,Indianapolis Colts,https://www.pro-football-reference.com/boxscores/200311300clt.htm,2,00:23,2,8,NE 8,17,3,(:23) (Shotgun) 18-P.Manning pass incomplete to 81-M.Pollard (54-T.Bruschi).,4.314,-0.650
2003,13,November 30,away,Indianapolis Colts,https://www.pro-football-reference.com/boxscores/200311300clt.htm,2,00:19,,,NE 8,17,3,Timeout #1 by NE at 00:19.,3.664,0.000
2003,13,November 30,away,Indianapolis Colts,https://www.pro-football-reference.com/boxscores/200311300clt.htm,2,00:19,3,8,NE 8,17,9,"(:19) (Shotgun) 18-P.Manning pass to 81-M.Pollard for 8 yards, TOUCHDOWN.",3.664,3.336
2003,13,November 30,away,Indianapolis Colts,https://www.pro-football-reference.com/boxscores/200311300clt.htm,2,00:12,,,NE 2,17,10,"13-M.Vanderjagt extra point is GOOD, Center-48-J.Snow, Holder-17-H.Smith.",0.982,0.018
2003,13,November 30,away,Indianapolis Colts,https://www.pro-football-reference.com/boxscores/200311300clt.htm,2,00:12,,,IND 30,23,10,"13-M.Vanderjagt kicks 62 yards from IND 30 to NE 8. 81-B.Johnson for 92 yards, TOUCHDOWN. Penalty on IND-13-M.Vanderjagt, Unsportsmanlike Conduct, declined. Play Challenged by Replay Official and Upheld.",0.038,6.962
2003,13,November 30,away,Indianapolis Colts,https://www.pro-football-reference.com/boxscores/200311300clt.htm,2,00:00,,,IND 2,24,10,"4-A.Vinatieri extra point is GOOD, Center-66-L.Paxton, Holder-13-K.Walter.",0.982,0.018
2003,13,November 30,away,Indianapolis Colts,https://www.pro-football-reference.com/boxscores/200311300clt.htm,3,15:00,,,NE 30,24,10,"4-A.Vinatieri kicks 66 yards from NE 30 to IND 4. 10-T.Wilkins to IND 22 for 18 yards (58-M.Chatham). PENALTY on IND-34-J.Doering, Offensive Holding, 10 yards, enforced at IND 22.",1.087,-0.460
2003,13,November 30,away,Indianapolis Colts,https://www.pro-football-reference.com/boxscores/200311300clt.htm,3,14:52,1,10,IND 12,24,10,(14:52) 18-P.Manning pass to 86-T.Walters ran ob at IND 21 for 9 yards (95-R.Phifer).,0.627,0.805
2003,13,November 30,away,Indianapolis Colts,https://www.pro-football-reference.com/boxscores/200311300clt.htm,3,14:33,2,1,IND 21,24,10,"(14:33) 32-E.James up the middle to IND 24 for 3 yards (93-R.Seymour, 95-R.Phifer).",1.433,-0.178
2003,13,November 30,away,Indianapolis Colts,https://www.pro-football-reference.com/boxscores/200311300clt.htm,3,14:04,1,10,IND 24,24,10,(14:04) 32-E.James right tackle to IND 26 for 2 yards (92-T.Washington).,1.255,-0.252
2003,13,November 30,away,Indianapolis Colts,https://www.pro-football-reference.com/boxscores/200311300clt.htm,3,13:33,2,8,IND 26,24,10,(13:33) (Shotgun) 18-P.Manning pass incomplete to 81-M.Pollard (54-T.Bruschi).,1.003,-0.666
2003,13,November 30,away,Indianapolis Colts,https://www.pro-football-reference.com/boxscores/200311300clt.htm,3,13:28,3,8,IND 26,24,10,(13:28) (Shotgun) 18-P.Manning pass incomplete to 87-R.Wayne (38-T.Poole).,0.337,-1.434
2003,13,November 30,away,Indianapolis Colts,https://www.pro-football-reference.com/boxscores/200311300clt.htm,3,13:22,4,8,IND 26,24,10,"(13:22) 17-H.Smith punts 53 yards to NE 21, Center-48-J.Snow. 33-K.Faulk to NE 39 for 18 yards (34-J.Doering, 23-J.Mungro).",-1.097,-0.227
2003,13,November 30,away,Indianapolis Colts,https://www.pro-football-reference.com/boxscores/200311300clt.htm,3,13:09,1,10,NE 39,24,10,(13:09) 33-K.Faulk up the middle to NE 40 for 1 yard (53-M.Washington).,1.324,-0.495
2003,13,November 30,away,Indianapolis Colts,https://www.pro-football-reference.com/boxscores/200311300clt.htm,3,12:38,2,9,NE 40,24,10,"(12:38) 12-T.Brady pass to 88-C.Fauria to NE 47 for 7 yards (50-D.Thornton, 53-M.Washington).",0.829,0.421
2003,13,November 30,away,Indianapolis Colts,https://www.pro-football-reference.com/boxscores/200311300clt.htm,3,12:00,3,2,NE 47,24,10,(12:00) 33-K.Faulk up the middle to 50 for 3 yards (20-M.Doss).,1.250,0.879
2003,13,November 30,away,Indianapolis Colts,https://www.pro-football-reference.com/boxscores/200311300clt.htm,3,11:20,1,10,MID 50,24,10,(11:20) 12-T.Brady pass to 83-D.Branch to IND 39 for 11 yards (25-N.Harper).,2.128,0.826
2003,13,November 30,away,Indianapolis Colts,https://www.pro-football-reference.com/boxscores/200311300clt.htm,3,10:47,1,10,IND 39,24,10,"(10:47) 12-T.Brady sacked at IND 46 for -7 yards (53-M.Washington). FUMBLES (53-M.Washington), recovered by NE-35-P.Pass at IND 43. 35-P.Pass to IND 43 for no gain (20-M.Doss). M Washington credited sack -4 yards",2.954,-1.379
2003,13,November 30,away,Indianapolis Colts,https://www.pro-football-reference.com/boxscores/200311300clt.htm,3,09:58,2,14,IND 43,24,10,(9:58) 12-T.Brady pass incomplete to 83-D.Branch (21-W.Harris).,1.575,-0.961
2003,13,November 30,away,Indianapolis Colts,https://www.pro-football-reference.com/boxscores/200311300clt.htm,3,09:58,3,14,IND 43,24,10,(9:58) 12-T.Brady pass to 17-D.Ward ran ob at IND 24 for 19 yards.,0.614,3.606
2003,13,November 30,away,Indianapolis Colts,https://www.pro-football-reference.com/boxscores/200311300clt.htm,3,09:33,1,10,IND 24,24,10,"(9:33) 33-K.Faulk left tackle to IND 19 for 5 yards (50-D.Thornton, 30-D.Strickland).",4.220,0.011
2003,13,November 30,away,Indianapolis Colts,https://www.pro-football-reference.com/boxscores/200311300clt.htm,3,08:58,2,5,IND 19,24,10,(8:58) 12-T.Brady pass to 85-J.Stokes to IND 12 for 7 yards (27-D.Macklin).,4.231,0.726
2003,13,November 30,away,Indianapolis Colts,https://www.pro-football-reference.com/boxscores/200311300clt.htm,3,08:18,1,10,IND 12,24,10,"(8:18) 12-T.Brady pass incomplete to 85-J.Stokes. PENALTY on IND-21-W.Harris, Defensive Pass Interference, 11 yards, enforced at IND 12 - No Play.",4.957,1.381
2003,13,November 30,away,Indianapolis Colts,https://www.pro-football-reference.com/boxscores/200311300clt.htm,3,08:18,1,1,IND 1,24,10,"(8:18) 12-T.Brady pass to 63-J.Andruzzi to IND 1 for no gain (75-L.Tripplett). FUMBLES (75-L.Tripplett), recovered by NE-65-D.Woody at IND 1. 65-D.Woody to IND 1 for no gain (99-B.Scioli).",6.338,-0.274
2003,13,November 30,away,Indianapolis Colts,https://www.pro-football-reference.com/boxscores/200311300clt.htm,3,07:37,2,1,IND 1,30,10,"(7:37) 21-M.Cloud left tackle for 1 yard, TOUCHDOWN.",6.064,0.936
2003,13,November 30,away,Indianapolis Colts,https://www.pro-football-reference.com/boxscores/200311300clt.htm,3,07:36,,,IND 2,31,10,"4-A.Vinatieri extra point is GOOD, Center-66-L.Paxton, Holder-13-K.Walter.",0.982,0.018
2003,13,November 30,away,Indianapolis Colts,https://www.pro-football-reference.com/boxscores/200311300clt.htm,3,07:36,,,NE 30,31,10,4-A.Vinatieri kicks 65 yards from NE 30 to IND 5. 10-T.Wilkins to IND 28 for 23 yards (39-S.Mayer).,1.014,0.504
2003,13,November 30,away,Indianapolis Colts,https://www.pro-football-reference.com/boxscores/200311300clt.htm,3,07:30,1,10,IND 28,31,10,"(7:30) 32-E.James right guard to IND 29 for 1 yard (54-T.Bruschi, 55-W.McGinest).",1.518,-0.361
2003,13,November 30,away,Indianapolis Colts,https://www.pro-football-reference.com/boxscores/200311300clt.htm,3,06:55,2,9,IND 29,31,10,(6:55) (Shotgun) 18-P.Manning pass to 81-M.Pollard to IND 33 for 4 yards (38-T.Poole).,1.157,-0.356
2003,13,November 30,away,Indianapolis Colts,https://www.pro-football-reference.com/boxscores/200311300clt.htm,3,06:18,3,5,IND 33,31,10,(6:18) (Shotgun) 18-P.Manning pass intended for 87-R.Wayne INTERCEPTED by 38-T.Poole at IND 39. 38-T.Poole to IND 32 for 7 yards (87-R.Wayne).,0.801,-4.342
2003,13,November 30,away,Indianapolis Colts,https://www.pro-football-reference.com/boxscores/200311300clt.htm,3,06:12,1,10,IND 32,31,10,(6:12) 12-T.Brady pass to 81-B.Johnson to IND 35 for -3 yards (25-N.Harper).,3.540,-1.168
2003,13,November 30,away,Indianapolis Colts,https://www.pro-football-reference.com/boxscores/200311300clt.htm,3,05:39,2,13,IND 35,31,10,"(5:39) 12-T.Brady pass intended for 81-B.Johnson INTERCEPTED by 30-D.Strickland at IND 17. 30-D.Strickland to IND 41 for 24 yards (81-B.Johnson). PENALTY on NE-88-C.Fauria, Unnecessary Roughness, 15 yards, enforced at IND 41.",2.372,-5.521
2003,13,November 30,away,Indianapolis Colts,https://www.pro-football-reference.com/boxscores/200311300clt.htm,3,05:24,1,10,NE 44,31,10,(5:24) 18-P.Manning pass to 32-E.James to NE 35 for 9 yards (22-A.Samuel).,3.148,0.650
2003,13,November 30,away,Indianapolis Colts,https://www.pro-football-reference.com/boxscores/200311300clt.htm,3,04:58,2,1,NE 35,31,10,(4:58) 32-E.James left tackle to NE 28 for 7 yards (97-J.Green).,3.798,0.353
2003,13,November 30,away,Indianapolis Colts,https://www.pro-football-reference.com/boxscores/200311300clt.htm,3,04:21,1,10,NE 28,31,10,"(4:21) 32-E.James up the middle to NE 21 for 7 yards (22-A.Samuel, 54-T.Bruschi).",4.151,0.356
2003,13,November 30,away,Indianapolis Colts,https://www.pro-football-reference.com/boxscores/200311300clt.htm,3,03:51,2,3,NE 21,31,10,"(3:51) 18-P.Manning FUMBLES (Aborted) at NE 23, and recovers at NE 23. 18-P.Manning to NE 23 for no gain (50-M.Vrabel).",4.507,-0.726
2003,13,November 30,away,Indianapolis Colts,https://www.pro-football-reference.com/boxscores/200311300clt.htm,3,03:16,3,5,NE 23,31,10,(3:16) 18-P.Manning pass to 81-M.Pollard to NE 14 for 9 yards (95-R.Phifer).,3.781,1.289
2003,13,November 30,away,Indianapolis Colts,https://www.pro-football-reference.com/boxscores/200311300clt.htm,3,02:45,1,10,NE 14,31,10,(2:45) 32-E.James right guard to NE 10 for 4 yards (58-M.Chatham).,5.070,-0.223
2003,13,November 30,away,Indianapolis Colts,https://www.pro-football-reference.com/boxscores/200311300clt.htm,3,02:45,2,6,NE 10,31,10,"(2:45) 32-E.James left tackle to NE 13 for -3 yards (97-J.Green, 22-A.Samuel).",4.847,-0.960
2003,13,November 30,away,Indianapolis Colts,https://www.pro-football-reference.com/boxscores/200311300clt.htm,3,01:30,3,9,NE 13,31,10,(1:30) (Shotgun) 18-P.Manning pass incomplete to 87-R.Wayne.,3.887,-1.054
2003,13,November 30,away,Indianapolis Colts,https://www.pro-football-reference.com/boxscores/200311300clt.htm,3,01:25,,,NE 13,31,10,Timeout #1 by NE at 01:25.,2.833,0.000
2003,13,November 30,away,Indianapolis Colts,https://www.pro-football-reference.com/boxscores/200311300clt.htm,3,01:25,4,9,NE 13,31,16,"(1:25) (Shotgun) 18-P.Manning pass to 87-R.Wayne for 13 yards, TOUCHDOWN.",2.833,4.167
2003,13,November 30,away,Indianapolis Colts,https://www.pro-football-reference.com/boxscores/200311300clt.htm,3,01:20,,,NE 2,31,17,"13-M.Vanderjagt extra point is GOOD, Center-48-J.Snow, Holder-17-H.Smith.",0.982,0.018
2003,13,November 30,away,Indianapolis Colts,https://www.pro-football-reference.com/boxscores/200311300clt.htm,3,01:20,,,IND 30,31,17,"13-M.Vanderjagt kicks 65 yards from IND 30 to NE 5. 81-B.Johnson to NE 18 for 13 yards (59-C.June, 25-N.Harper).",0.160,-0.161
2003,13,November 30,away,Indianapolis Colts,https://www.pro-football-reference.com/boxscores/200311300clt.htm,3,01:13,1,10,NE 18,31,17,(1:13) 12-T.Brady pass incomplete to 87-D.Givens.,-0.000,-0.558
2003,13,November 30,away,Indianapolis Colts,https://www.pro-football-reference.com/boxscores/200311300clt.htm,3,01:11,2,10,NE 18,31,17,(1:11) 12-T.Brady pass to 33-K.Faulk to NE 21 for 3 yards (50-D.Thornton).,-0.558,-0.438
2003,13,November 30,away,Indianapolis Colts,https://www.pro-football-reference.com/boxscores/200311300clt.htm,3,00:26,,,NE 21,31,17,Timeout #2 by NE at 00:26.,-0.997,0.000
2003,13,November 30,away,Indianapolis Colts,https://www.pro-football-reference.com/boxscores/200311300clt.htm,3,00:26,3,7,NE 21,31,17,(:26) (Shotgun) 12-T.Brady pass intended for 33-K.Faulk INTERCEPTED by 25-N.Harper at NE 29. 25-N.Harper to NE 26 for 3 yards (33-K.Faulk).,-0.997,-3.286
2003,13,November 30,away,Indianapolis Colts,https://www.pro-football-reference.com/boxscores/200311300clt.htm,3,00:20,1,10,NE 26,31,23,"(:20) 18-P.Manning pass to 88-M.Harrison for 26 yards, TOUCHDOWN.",4.283,2.717
2003,13,November 30,away,Indianapolis Colts,https://www.pro-football-reference.com/boxscores/200311300clt.htm,3,00:14,,,NE 2,31,24,"13-M.Vanderjagt extra point is GOOD, Center-48-J.Snow, Holder-17-H.Smith.",0.982,0.018
2003,13,November 30,away,Indianapolis Colts,https://www.pro-football-reference.com/boxscores/200311300clt.htm,3,00:14,,,IND 30,31,24,"13-M.Vanderjagt kicks 68 yards from IND 30 to NE 2. 81-B.Johnson to NE 22 for 20 yards (25-N.Harper, 59-C.June).",0.173,0.047
2003,13,November 30,away,Indianapolis Colts,https://www.pro-football-reference.com/boxscores/200311300clt.htm,3,00:09,1,10,NE 22,31,24,(:09) 33-K.Faulk up the middle to NE 29 for 7 yards (20-M.Doss).,0.221,0.422
2003,13,November 30,away,Indianapolis Colts,https://www.pro-football-reference.com/boxscores/200311300clt.htm,4,15:00,2,3,NE 29,31,24,(15:00) 35-P.Pass up the middle to NE 31 for 2 yards (50-D.Thornton).,0.643,-0.347
2003,13,November 30,away,Indianapolis Colts,https://www.pro-football-reference.com/boxscores/200311300clt.htm,4,14:34,3,1,NE 31,31,24,(14:34) 33-K.Faulk left tackle to NE 31 for no gain (20-M.Doss).,0.296,-1.117
2003,13,November 30,away,Indianapolis Colts,https://www.pro-football-reference.com/boxscores/200311300clt.htm,4,14:17,,,NE 31,31,24,Timeout #1 by IND at 14:17.,-0.820,0.000
2003,13,November 30,away,Indianapolis Colts,https://www.pro-football-reference.com/boxscores/200311300clt.htm,4,14:16,4,1,NE 31,31,24,"(14:16) 13-K.Walter punts 38 yards to IND 31, Center-66-L.Paxton, downed by NE-82-D.Graham.",-0.820,-0.775
2003,13,November 30,away,Indianapolis Colts,https://www.pro-football-reference.com/boxscores/200311300clt.htm,4,14:08,1,10,IND 31,31,24,(14:08) 18-P.Manning pass to 88-M.Harrison to IND 45 for 14 yards (54-T.Bruschi).,1.595,0.800
2003,13,November 30,away,Indianapolis Colts,https://www.pro-football-reference.com/boxscores/200311300clt.htm,4,13:40,1,10,IND 45,31,24,"(13:40) 32-E.James right end to IND 48 for 3 yards (92-T.Washington, 93-R.Seymour).",2.396,-0.256
2003,13,November 30,away,Indianapolis Colts,https://www.pro-football-reference.com/boxscores/200311300clt.htm,4,13:05,2,7,IND 48,31,24,(13:05) (Shotgun) 18-P.Manning pass to 86-T.Walters ran ob at NE 37 for 15 yards (26-E.Wilson).,2.139,1.254
2003,13,November 30,away,Indianapolis Colts,https://www.pro-football-reference.com/boxscores/200311300clt.htm,4,12:35,1,10,NE 37,31,24,(12:35) 18-P.Manning pass incomplete to 88-M.Harrison.,3.394,-0.481
2003,13,November 30,away,Indianapolis Colts,https://www.pro-football-reference.com/boxscores/200311300clt.htm,4,12:30,2,10,NE 37,31,24,(12:30) (Shotgun) 18-P.Manning scrambles right end ran ob at NE 36 for 1 yard (93-R.Seymour).,2.913,-0.708
2003,13,November 30,away,Indianapolis Colts,https://www.pro-football-reference.com/boxscores/200311300clt.htm,4,11:54,3,9,NE 36,31,24,(11:54) (Shotgun) 18-P.Manning pass to 86-T.Walters to NE 24 for 12 yards (22-A.Samuel).,2.205,2.000
2003,13,November 30,away,Indianapolis Colts,https://www.pro-football-reference.com/boxscores/200311300clt.htm,4,11:13,1,10,NE 24,31,24,"(11:13) 18-P.Manning pass incomplete to 86-T.Walters. PENALTY on NE-26-E.Wilson, Defensive Pass Interference, 17 yards, enforced at NE 24 - No Play.",4.204,1.164
2003,13,November 30,away,Indianapolis Colts,https://www.pro-football-reference.com/boxscores/200311300clt.htm,4,11:07,1,7,NE 7,31,24,"(11:07) 32-E.James up the middle to NE 6 for 1 yard (92-T.Washington, 48-T.Banta-Cain).",5.369,-0.371
2003,13,November 30,away,Indianapolis Colts,https://www.pro-football-reference.com/boxscores/200311300clt.htm,4,10:30,2,6,NE 6,31,24,(10:30) (Shotgun) 18-P.Manning pass incomplete to 86-T.Walters (26-E.Wilson).,4.997,-0.908
2003,13,November 30,away,Indianapolis Colts,https://www.pro-football-reference.com/boxscores/200311300clt.htm,4,10:26,3,6,NE 6,31,30,"(10:26) (Shotgun) 18-P.Manning pass to 86-T.Walters for 6 yards, TOUCHDOWN.",4.090,2.910
2003,13,November 30,away,Indianapolis Colts,https://www.pro-football-reference.com/boxscores/200311300clt.htm,4,10:21,,,NE 2,31,31,"13-M.Vanderjagt extra point is GOOD, Center-48-J.Snow, Holder-17-H.Smith.",0.982,0.018
2003,13,November 30,away,Indianapolis Colts,https://www.pro-football-reference.com/boxscores/200311300clt.htm,4,10:21,,,IND 30,31,31,13-M.Vanderjagt kicks 68 yards from IND 30 to NE 2. 81-B.Johnson pushed ob at IND 31 for 67 yards (50-D.Thornton).,0.689,2.884
2003,13,November 30,away,Indianapolis Colts,https://www.pro-football-reference.com/boxscores/200311300clt.htm,4,10:10,1,10,IND 31,31,31,(10:10) 12-T.Brady pass to 87-D.Givens to IND 16 for 15 yards (25-N.Harper).,3.573,1.016
2003,13,November 30,away,Indianapolis Colts,https://www.pro-football-reference.com/boxscores/200311300clt.htm,4,09:28,1,10,IND 16,31,31,"(9:28) 12-T.Brady pass to 87-D.Givens to IND 13 for 3 yards (50-D.Thornton, 94-R.Morris).",4.589,-0.064
2003,13,November 30,away,Indianapolis Colts,https://www.pro-football-reference.com/boxscores/200311300clt.htm,4,08:47,2,7,IND 13,31,31,(8:47) 12-T.Brady pass incomplete to 35-P.Pass.,4.525,-0.723
2003,13,November 30,away,Indianapolis Colts,https://www.pro-football-reference.com/boxscores/200311300clt.htm,4,08:41,3,7,IND 13,37,31,"(8:41) 12-T.Brady pass to 83-D.Branch for 13 yards, TOUCHDOWN.",3.802,3.198
2003,13,November 30,away,Indianapolis Colts,https://www.pro-football-reference.com/boxscores/200311300clt.htm,4,08:36,,,IND 2,38,31,"4-A.Vinatieri extra point is GOOD, Center-66-L.Paxton, Holder-13-K.Walter.",0.982,0.018
2003,13,November 30,away,Indianapolis Colts,https://www.pro-football-reference.com/boxscores/200311300clt.htm,4,08:36,,,NE 30,38,31,4-A.Vinatieri kicks 62 yards from NE 30 to IND 8. 10-T.Wilkins to IND 29 for 21 yards (58-M.Chatham).,0.958,0.390
2003,13,November 30,away,Indianapolis Colts,https://www.pro-football-reference.com/boxscores/200311300clt.htm,4,08:31,1,10,IND 29,38,31,(8:31) 18-P.Manning pass to 32-E.James to IND 35 for 6 yards (91-B.Hamilton).,1.349,0.122
2003,13,November 30,away,Indianapolis Colts,https://www.pro-football-reference.com/boxscores/200311300clt.htm,4,08:02,2,4,IND 35,38,31,"(8:02) 32-E.James left end to IND 44 for 9 yards (92-T.Washington, 54-T.Bruschi).",1.470,0.636
2003,13,November 30,away,Indianapolis Colts,https://www.pro-football-reference.com/boxscores/200311300clt.htm,4,07:20,1,10,IND 44,38,31,"(7:20) 18-P.Manning pass to 32-E.James to IND 47 for 3 yards (55-W.McGinest, 54-T.Bruschi).",2.107,-0.288
2003,13,November 30,away,Indianapolis Colts,https://www.pro-football-reference.com/boxscores/200311300clt.htm,4,06:39,2,7,IND 47,38,31,(6:39) (Shotgun) 18-P.Manning pass to 88-M.Harrison to NE 47 for 6 yards (24-T.Law).,1.819,0.413
2003,13,November 30,away,Indianapolis Colts,https://www.pro-football-reference.com/boxscores/200311300clt.htm,4,06:02,3,1,NE 47,38,31,(6:02) (Shotgun) 18-P.Manning pass incomplete to 87-R.Wayne.,2.232,-1.376
2003,13,November 30,away,Indianapolis Colts,https://www.pro-football-reference.com/boxscores/200311300clt.htm,4,05:57,4,1,NE 47,38,31,"(5:57) 32-E.James right guard to NE 44 for 3 yards (91-B.Hamilton, 54-T.Bruschi).",0.857,1.898
2003,13,November 30,away,Indianapolis Colts,https://www.pro-football-reference.com/boxscores/200311300clt.htm,4,05:10,,,NE 44,38,31,Timeout #2 by IND at 05:10.,2.755,0.000
2003,13,November 30,away,Indianapolis Colts,https://www.pro-football-reference.com/boxscores/200311300clt.htm,4,05:10,1,10,NE 44,38,31,(5:10) (Shotgun) 18-P.Manning sacked at NE 49 for -5 yards (sack split by 50-M.Vrabel and 55-W.McGinest).,2.755,-1.181
2003,13,November 30,away,Indianapolis Colts,https://www.pro-football-reference.com/boxscores/200311300clt.htm,4,04:54,2,15,NE 49,38,31,(4:54) 18-P.Manning pass incomplete to 32-E.James.,1.574,-0.698
2003,13,November 30,away,Indianapolis Colts,https://www.pro-football-reference.com/boxscores/200311300clt.htm,4,04:49,3,15,NE 49,38,31,(4:49) (Shotgun) 18-P.Manning pass incomplete to 81-M.Pollard (95-R.Phifer).,0.875,-0.906
2003,13,November 30,away,Indianapolis Colts,https://www.pro-football-reference.com/boxscores/200311300clt.htm,4,04:42,4,15,NE 49,38,31,"(4:42) 17-H.Smith punts 41 yards to NE 8, Center-48-J.Snow, fair catch by 33-K.Faulk.",-0.031,0.353
2003,13,November 30,away,Indianapolis Colts,https://www.pro-football-reference.com/boxscores/200311300clt.htm,4,04:36,1,10,NE 8,38,31,"(4:36) 33-K.Faulk up the middle to NE 12 for 4 yards (50-D.Thornton, 96-J.Williams).",-0.322,0.126
2003,13,November 30,away,Indianapolis Colts,https://www.pro-football-reference.com/boxscores/200311300clt.htm,4,03:53,2,6,NE 12,38,31,"(3:53) 33-K.Faulk up the middle to NE 10 for -2 yards (53-M.Washington). FUMBLES (53-M.Washington), RECOVERED by IND-79-R.Brock at NE 11. 79-R.Brock to NE 11 for no gain (67-D.Koppen).",-0.196,-4.528
2003,13,November 30,away,Indianapolis Colts,https://www.pro-football-reference.com/boxscores/200311300clt.htm,4,03:45,1,10,NE 11,38,31,(3:45) (Shotgun) 18-P.Manning pass incomplete to 86-T.Walters (93-R.Seymour).,4.724,-0.453
2003,13,November 30,away,Indianapolis Colts,https://www.pro-football-reference.com/boxscores/200311300clt.htm,4,03:42,2,10,NE 11,38,31,(3:42) (Shotgun) 18-P.Manning pass incomplete to 87-R.Wayne.,4.271,-0.705
2003,13,November 30,away,Indianapolis Colts,https://www.pro-football-reference.com/boxscores/200311300clt.htm,4,03:38,3,10,NE 11,38,31,(3:38) (Shotgun) 18-P.Manning pass incomplete to 87-R.Wayne.,3.566,-0.784
2003,13,November 30,away,Indianapolis Colts,https://www.pro-football-reference.com/boxscores/200311300clt.htm,4,03:31,4,10,NE 11,38,34,"(3:31) 13-M.Vanderjagt 29 yard field goal is GOOD, Center-48-J.Snow, Holder-17-H.Smith.",2.782,0.218
2003,13,November 30,away,Indianapolis Colts,https://www.pro-football-reference.com/boxscores/200311300clt.htm,4,03:27,,,IND 30,38,34,13-M.Vanderjagt kicks 57 yards from IND 30 to NE 13. 35-P.Pass to NE 28 for 15 yards (50-D.Thornton).,0.609,0.234
2003,13,November 30,away,Indianapolis Colts,https://www.pro-football-reference.com/boxscores/200311300clt.htm,4,03:23,1,10,NE 28,38,34,"(3:23) (Shotgun) 12-T.Brady pass incomplete to 87-D.Givens. PENALTY on IND-25-N.Harper, Defensive Holding, 5 yards, enforced at NE 28 - No Play.",0.843,0.297
2003,13,November 30,away,Indianapolis Colts,https://www.pro-football-reference.com/boxscores/200311300clt.htm,4,03:18,1,10,NE 33,38,34,(3:18) 12-T.Brady pass incomplete to 83-D.Branch.,1.140,-0.401
2003,13,November 30,away,Indianapolis Colts,https://www.pro-football-reference.com/boxscores/200311300clt.htm,4,03:14,2,10,NE 33,38,34,"(3:14) 12-T.Brady FUMBLES (Aborted) at NE 33, ball out of bounds at NE 30.",0.738,-0.655
2003,13,November 30,away,Indianapolis Colts,https://www.pro-football-reference.com/boxscores/200311300clt.htm,4,03:12,,,NE 30,38,34,Timeout #3 by NE at 03:12.,0.083,0.000
2003,13,November 30,away,Indianapolis Colts,https://www.pro-football-reference.com/boxscores/200311300clt.htm,4,03:12,3,13,NE 30,38,34,(3:12) (Shotgun) 12-T.Brady pass incomplete to 87-D.Givens (50-D.Thornton).,0.083,-0.593
2003,13,November 30,away,Indianapolis Colts,https://www.pro-football-reference.com/boxscores/200311300clt.htm,4,03:07,4,13,NE 30,38,34,"(3:07) 13-K.Walter punts 18 yards to NE 48, Center-66-L.Paxton, downed by NE-35-P.Pass.",-0.511,-0.865
2003,13,November 30,away,Indianapolis Colts,https://www.pro-football-reference.com/boxscores/200311300clt.htm,4,02:57,1,10,NE 48,38,34,(2:57) (Shotgun) 18-P.Manning pass to 32-E.James to NE 43 for 5 yards (24-T.Law).,1.376,-0.207
2003,13,November 30,away,Indianapolis Colts,https://www.pro-football-reference.com/boxscores/200311300clt.htm,4,02:26,2,5,NE 43,38,34,(2:26) (Shotgun) 18-P.Manning pass to 87-R.Wayne to NE 30 for 13 yards (26-E.Wilson).,1.169,0.885
2003,13,November 30,away,Indianapolis Colts,https://www.pro-football-reference.com/boxscores/200311300clt.htm,4,02:26,1,10,NE 30,38,34,(2:26) 33-D.Rhodes left tackle to NE 21 for 9 yards (26-E.Wilson).,2.054,0.870
2003,13,November 30,away,Indianapolis Colts,https://www.pro-football-reference.com/boxscores/200311300clt.htm,4,01:55,2,1,NE 21,38,34,(1:55) 32-E.James up the middle to NE 18 for 3 yards (92-T.Washington).,2.923,0.401
2003,13,November 30,away,Indianapolis Colts,https://www.pro-football-reference.com/boxscores/200311300clt.htm,4,01:32,1,10,NE 18,38,34,(1:32) (Shotgun) 18-P.Manning pass to 88-M.Harrison to NE 9 for 9 yards (24-T.Law).,3.324,0.772
2003,13,November 30,away,Indianapolis Colts,https://www.pro-football-reference.com/boxscores/200311300clt.htm,4,01:09,,,NE 9,38,34,Timeout at 01:09.,4.096,0.000
2003,13,November 30,away,Indianapolis Colts,https://www.pro-football-reference.com/boxscores/200311300clt.htm,4,00:59,2,1,NE 9,38,34,(:59) 32-E.James up the middle to NE 2 for 7 yards (22-A.Samuel).,4.096,1.357
2003,13,November 30,away,Indianapolis Colts,https://www.pro-football-reference.com/boxscores/200311300clt.htm,4,00:40,1,2,NE 2,38,34,"(:40) 32-E.James right tackle to NE 1 for 1 yard (54-T.Bruschi, 50-M.Vrabel).",5.453,-0.457
2003,13,November 30,away,Indianapolis Colts,https://www.pro-football-reference.com/boxscores/200311300clt.htm,4,00:24,2,1,NE 1,38,34,"(:24) 32-E.James up the middle to NE 1 for no gain (54-T.Bruschi, 37-R.Harrison).",4.996,-0.727
2003,13,November 30,away,Indianapolis Colts,https://www.pro-football-reference.com/boxscores/200311300clt.htm,4,00:18,,,NE 1,38,34,Timeout #3 by IND at 00:18.,4.269,0.000
2003,13,November 30,away,Indianapolis Colts,https://www.pro-football-reference.com/boxscores/200311300clt.htm,4,00:18,3,1,NE 1,38,34,(:18) 18-P.Manning pass incomplete to 85-A.Moorehead.,4.269,-1.313
2003,13,November 30,away,Indianapolis Colts,https://www.pro-football-reference.com/boxscores/200311300clt.htm,4,00:14,4,1,NE 1,38,34,(:14) 32-E.James up the middle to NE 2 for -1 yards (55-W.McGinest).,2.955,-2.955
2003,13,November 30,away,Indianapolis Colts,https://www.pro-football-reference.com/boxscores/200311300clt.htm,4,00:11,1,10,NE 2,38,34,(:11) 12-T.Brady kneels to NE 1 for -1 yards.,0.000,0.000
2003,14,December 7,home,Miami Dolphins,https://www.pro-football-reference.com/boxscores/200312070nwe.htm,1,15:00,,,MIA 30,0,0,10-O.Mare kicks 68 yards from MIA 30 to NE 2. 33-K.Faulk to NE 25 for 23 yards (20-A.Freeman).,0.817,0.476
2003,14,December 7,home,Miami Dolphins,https://www.pro-football-reference.com/boxscores/200312070nwe.htm,1,14:54,1,10,NE 25,0,0,"(14:54) 32-A.Smith right guard to NE 25 for no gain (92-J.Zgonina, 54-Z.Thomas).",1.293,-0.526
2003,14,December 7,home,Miami Dolphins,https://www.pro-football-reference.com/boxscores/200312070nwe.htm,1,14:21,2,10,NE 25,0,0,"(14:21) 32-A.Smith up the middle to NE 31 for 6 yards (55-J.Seau, 52-M.Greenwood).",0.767,-0.020
2003,14,December 7,home,Miami Dolphins,https://www.pro-football-reference.com/boxscores/200312070nwe.htm,1,13:40,3,4,NE 31,0,0,"(13:40) 33-K.Faulk up the middle to NE 35 for 4 yards (99-J.Taylor, 31-B.Marion).",0.747,1.103
2003,14,December 7,home,Miami Dolphins,https://www.pro-football-reference.com/boxscores/200312070nwe.htm,1,13:01,1,10,NE 35,0,0,(13:01) 32-A.Smith right guard to NE 35 for no gain (93-A.Ogunleye).,1.850,-0.541
2003,14,December 7,home,Miami Dolphins,https://www.pro-football-reference.com/boxscores/200312070nwe.htm,1,12:28,2,10,NE 35,0,0,"(12:28) 12-T.Brady pass to 82-D.Graham pushed ob at NE 39 for 4 yards (29-S.Madison, 54-Z.Thomas).",1.309,-0.291
2003,14,December 7,home,Miami Dolphins,https://www.pro-football-reference.com/boxscores/200312070nwe.htm,1,11:45,3,6,NE 39,0,0,(11:45) 12-T.Brady pass to 83-D.Branch to MIA 45 for 16 yards (24-S.Knight).,1.018,2.053
2003,14,December 7,home,Miami Dolphins,https://www.pro-football-reference.com/boxscores/200312070nwe.htm,1,11:05,1,10,MIA 45,0,0,"(11:05) 32-A.Smith up the middle to MIA 39 for 6 yards (24-S.Knight, 52-M.Greenwood).",3.071,0.161
2003,14,December 7,home,Miami Dolphins,https://www.pro-football-reference.com/boxscores/200312070nwe.htm,1,10:32,2,4,MIA 39,0,0,(10:32) 32-A.Smith up the middle to MIA 38 for 1 yard (92-J.Zgonina).,3.231,-0.672
2003,14,December 7,home,Miami Dolphins,https://www.pro-football-reference.com/boxscores/200312070nwe.htm,1,09:53,3,3,MIA 38,0,0,(9:53) 12-T.Brady pass incomplete to 81-B.Johnson.,2.559,-1.811
2003,14,December 7,home,Miami Dolphins,https://www.pro-football-reference.com/boxscores/200312070nwe.htm,1,09:47,4,3,MIA 38,0,0,"(9:47) 8-B.Barnard punts 31 yards to MIA 7, Center-66-L.Paxton, out of bounds.",0.748,0.173
2003,14,December 7,home,Miami Dolphins,https://www.pro-football-reference.com/boxscores/200312070nwe.htm,1,09:39,1,10,MIA 7,0,0,"(9:39) 34-R.Williams left guard to MIA 8 for 1 yard (92-T.Washington, 91-B.Hamilton).",-0.921,-0.469
2003,14,December 7,home,Miami Dolphins,https://www.pro-football-reference.com/boxscores/200312070nwe.htm,1,09:05,2,9,MIA 8,0,0,"(9:05) 34-R.Williams up the middle to MIA 12 for 4 yards (93-R.Seymour, 37-R.Harrison).",-1.390,-0.030
2003,14,December 7,home,Miami Dolphins,https://www.pro-football-reference.com/boxscores/200312070nwe.htm,1,08:23,3,5,MIA 12,0,0,(8:23) 9-J.Fiedler pass incomplete to 84-C.Chambers (24-T.Law).,-1.420,-1.058
2003,14,December 7,home,Miami Dolphins,https://www.pro-football-reference.com/boxscores/200312070nwe.htm,1,08:17,4,5,MIA 12,0,0,"(8:17) 1-M.Turk punts 44 yards to NE 44, Center-47-J.Grau. 38-T.Poole to NE 48 for 4 yards (28-T.Minor, 47-J.Grau).",-2.478,-0.230
2003,14,December 7,home,Miami Dolphins,https://www.pro-football-reference.com/boxscores/200312070nwe.htm,1,08:08,1,10,NE 48,0,0,"(8:08) 12-T.Brady pass to 82-D.Graham pushed ob at MIA 47 for 5 yards (24-S.Knight, 54-Z.Thomas).",2.708,0.012
2003,14,December 7,home,Miami Dolphins,https://www.pro-football-reference.com/boxscores/200312070nwe.htm,1,07:23,2,5,MIA 47,0,0,"(7:23) 32-A.Smith right guard to MIA 43 for 4 yards (24-S.Knight, 64-L.Chester).",2.721,0.034
2003,14,December 7,home,Miami Dolphins,https://www.pro-football-reference.com/boxscores/200312070nwe.htm,1,06:46,3,1,MIA 43,0,0,"(6:46) NE 93-Seymour eligible. 32-A.Smith left guard to MIA 41 for 2 yards (52-M.Greenwood, 23-P.Surtain).",2.755,0.611
2003,14,December 7,home,Miami Dolphins,https://www.pro-football-reference.com/boxscores/200312070nwe.htm,1,06:04,1,10,MIA 41,0,0,"(6:04) 32-A.Smith right end to MIA 43 for -2 yards (52-M.Greenwood, 54-Z.Thomas).",3.366,-1.025
2003,14,December 7,home,Miami Dolphins,https://www.pro-football-reference.com/boxscores/200312070nwe.htm,1,05:25,2,12,MIA 43,0,0,(5:25) 33-K.Faulk up the middle to MIA 33 for 10 yards (24-S.Knight).,2.341,0.827
2003,14,December 7,home,Miami Dolphins,https://www.pro-football-reference.com/boxscores/200312070nwe.htm,1,04:40,3,2,MIA 33,0,0,"(4:40) NE 93-Seymour eligible. 32-A.Smith left tackle to MIA 32 for 1 yard (99-J.Taylor, 52-M.Greenwood).",3.168,-1.041
2003,14,December 7,home,Miami Dolphins,https://www.pro-football-reference.com/boxscores/200312070nwe.htm,1,04:09,4,1,MIA 32,0,0,"(4:09) NE 93-Seymour eligible. 32-A.Smith left guard to MIA 31 for 1 yard (55-J.Seau, 64-L.Chester).",2.127,1.724
2003,14,December 7,home,Miami Dolphins,https://www.pro-football-reference.com/boxscores/200312070nwe.htm,1,03:37,1,10,MIA 31,0,0,(3:37) 12-T.Brady pass to 87-D.Givens to MIA 23 for 8 yards (23-P.Surtain).,3.851,0.623
2003,14,December 7,home,Miami Dolphins,https://www.pro-football-reference.com/boxscores/200312070nwe.htm,1,03:05,2,2,MIA 23,0,0,"(3:05) 33-K.Faulk left tackle to MIA 20 for 3 yards (52-M.Greenwood, 24-S.Knight). PENALTY on MIA-29-S.Madison, Unnecessary Roughness, 10 yards, enforced at MIA 20.",4.474,0.563
2003,14,December 7,home,Miami Dolphins,https://www.pro-football-reference.com/boxscores/200312070nwe.htm,1,02:35,1,10,MIA 10,0,0,(2:35) 33-K.Faulk right guard to MIA 11 for -1 yards (55-J.Seau).,5.037,-0.733
2003,14,December 7,home,Miami Dolphins,https://www.pro-football-reference.com/boxscores/200312070nwe.htm,1,01:59,2,11,MIA 11,0,0,(1:59) 12-T.Brady pass incomplete to 33-K.Faulk (55-J.Seau).,4.304,-0.716
2003,14,December 7,home,Miami Dolphins,https://www.pro-football-reference.com/boxscores/200312070nwe.htm,1,01:54,3,11,MIA 11,0,0,(1:54) (Shotgun) 12-T.Brady pass incomplete to 87-D.Givens.,3.589,-0.938
2003,14,December 7,home,Miami Dolphins,https://www.pro-football-reference.com/boxscores/200312070nwe.htm,1,01:50,4,11,MIA 11,3,0,"(1:50) 4-A.Vinatieri 29 yard field goal is GOOD, Center-66-L.Paxton, Holder-19-D.Huard.",2.650,0.350
2003,14,December 7,home,Miami Dolphins,https://www.pro-football-reference.com/boxscores/200312070nwe.htm,1,01:46,,,NE 30,3,0,4-A.Vinatieri kicks 66 yards from NE 30 to MIA 4. 28-T.Minor to MIA 21 for 17 yards (30-J.Cherry).,-0.009,0.011
2003,14,December 7,home,Miami Dolphins,https://www.pro-football-reference.com/boxscores/200312070nwe.htm,1,01:41,1,10,MIA 21,3,0,(1:41) 9-J.Fiedler pass incomplete to 81-R.McMichael.,0.002,-0.526
2003,14,December 7,home,Miami Dolphins,https://www.pro-football-reference.com/boxscores/200312070nwe.htm,1,01:38,2,10,MIA 21,3,0,"(1:38) 9-J.Fiedler pass to 34-R.Williams to MIA 26 for 5 yards (95-R.Phifer, 93-R.Seymour).",-0.524,-0.024
2003,14,December 7,home,Miami Dolphins,https://www.pro-football-reference.com/boxscores/200312070nwe.htm,1,00:54,3,5,MIA 26,3,0,(:54) 9-J.Fiedler pass incomplete to 80-J.McKnight.,-0.548,-1.205
2003,14,December 7,home,Miami Dolphins,https://www.pro-football-reference.com/boxscores/200312070nwe.htm,1,00:48,4,5,MIA 26,3,0,"(:48) 1-M.Turk punts 56 yards to NE 18, Center-47-J.Grau. 38-T.Poole pushed ob at NE 30 for 12 yards (57-C.Jenkins).",-1.753,0.288
2003,14,December 7,home,Miami Dolphins,https://www.pro-football-reference.com/boxscores/200312070nwe.htm,1,00:37,1,10,NE 30,3,0,"(:37) 32-A.Smith up the middle to NE 32 for 2 yards (24-S.Knight, 64-L.Chester).",1.466,-0.363
2003,14,December 7,home,Miami Dolphins,https://www.pro-football-reference.com/boxscores/200312070nwe.htm,2,15:00,2,8,NE 32,3,0,(15:00) 12-T.Brady pass to 83-D.Branch to NE 44 for 12 yards (31-B.Marion).,1.102,1.131
2003,14,December 7,home,Miami Dolphins,https://www.pro-football-reference.com/boxscores/200312070nwe.htm,2,14:27,1,10,NE 44,3,0,(14:27) 12-T.Brady pass to 82-D.Graham pushed ob at MIA 43 for 13 yards (24-S.Knight).,2.233,0.647
2003,14,December 7,home,Miami Dolphins,https://www.pro-football-reference.com/boxscores/200312070nwe.htm,2,14:03,1,10,MIA 43,3,0,"(14:03) (No Huddle, Shotgun) 12-T.Brady pass incomplete to 82-D.Graham.",2.880,-0.413
2003,14,December 7,home,Miami Dolphins,https://www.pro-football-reference.com/boxscores/200312070nwe.htm,2,13:55,2,10,MIA 43,3,0,"(13:55) (No Huddle, Shotgun) 12-T.Brady pass incomplete to 33-K.Faulk.",2.466,-0.785
2003,14,December 7,home,Miami Dolphins,https://www.pro-football-reference.com/boxscores/200312070nwe.htm,2,13:55,3,10,MIA 43,3,0,(13:55) 12-T.Brady pass to 83-D.Branch to MIA 34 for 9 yards (20-A.Freeman).,1.682,0.149
2003,14,December 7,home,Miami Dolphins,https://www.pro-football-reference.com/boxscores/200312070nwe.htm,2,13:14,4,1,MIA 34,3,0,"(13:14) NE 93-Seymour eligible. 32-A.Smith right guard to MIA 32 for 2 yards (94-D.Romero, 51-T.Hendricks). PENALTY on NE-93-R.Seymour, Illegal Motion, 4 yards, enforced at MIA 34 - No Play.",1.830,-1.401
2003,14,December 7,home,Miami Dolphins,https://www.pro-football-reference.com/boxscores/200312070nwe.htm,2,12:58,4,5,MIA 38,3,0,"(12:58) 8-B.Barnard punts 38 yards to end zone, Center-66-L.Paxton, Touchback.",0.429,-0.526
2003,14,December 7,home,Miami Dolphins,https://www.pro-football-reference.com/boxscores/200312070nwe.htm,2,12:53,1,10,MIA 20,3,0,"(12:53) 34-R.Williams right guard to MIA 23 for 3 yards (52-T.Johnson, 92-T.Washington).",0.096,-0.348
2003,14,December 7,home,Miami Dolphins,https://www.pro-football-reference.com/boxscores/200312070nwe.htm,2,12:16,2,7,MIA 23,3,0,(12:16) 9-J.Fiedler pass to 84-C.Chambers to MIA 26 for 3 yards (26-E.Wilson).,-0.251,-0.017
2003,14,December 7,home,Miami Dolphins,https://www.pro-football-reference.com/boxscores/200312070nwe.htm,2,11:30,3,4,MIA 26,3,0,(11:30) 9-J.Fiedler pass incomplete to 81-R.McMichael.,-0.268,-1.296
2003,14,December 7,home,Miami Dolphins,https://www.pro-football-reference.com/boxscores/200312070nwe.htm,2,11:26,4,4,MIA 26,3,0,"(11:26) 1-M.Turk punts 37 yards to NE 37, Center-47-J.Grau. 38-T.Poole to NE 36 for -1 yards (30-O.Ayanbadejo).",-1.564,-0.271
2003,14,December 7,home,Miami Dolphins,https://www.pro-football-reference.com/boxscores/200312070nwe.htm,2,11:17,1,10,NE 36,3,0,(11:17) 32-A.Smith left end to NE 45 for 9 yards (24-S.Knight).,1.835,0.681
2003,14,December 7,home,Miami Dolphins,https://www.pro-football-reference.com/boxscores/200312070nwe.htm,2,10:39,2,1,NE 45,3,0,"(10:39) 32-A.Smith left tackle to NE 45 for no gain (93-A.Ogunleye, 54-Z.Thomas).",2.516,-0.599
2003,14,December 7,home,Miami Dolphins,https://www.pro-football-reference.com/boxscores/200312070nwe.htm,2,10:01,3,1,NE 45,3,0,(10:01) 32-A.Smith left guard to NE 45 for no gain (54-Z.Thomas).,1.918,-1.464
2003,14,December 7,home,Miami Dolphins,https://www.pro-football-reference.com/boxscores/200312070nwe.htm,2,09:23,4,1,NE 45,3,0,"(9:23) 8-B.Barnard punts 39 yards to MIA 16, Center-66-L.Paxton. 32-C.Rogers to MIA 10 for -6 yards (51-D.Davis, 82-D.Graham).",0.453,-0.001
2003,14,December 7,home,Miami Dolphins,https://www.pro-football-reference.com/boxscores/200312070nwe.htm,2,09:12,1,10,MIA 10,3,0,"(9:12) 34-R.Williams up the middle to MIA 17 for 7 yards (92-T.Washington, 24-T.Law).",-0.453,0.401
2003,14,December 7,home,Miami Dolphins,https://www.pro-football-reference.com/boxscores/200312070nwe.htm,2,08:38,2,3,MIA 17,3,0,(8:38) 34-R.Williams up the middle to MIA 19 for 2 yards (97-J.Green).,-0.052,-0.001
2003,14,December 7,home,Miami Dolphins,https://www.pro-football-reference.com/boxscores/200312070nwe.htm,2,07:59,3,1,MIA 19,3,0,(7:59) 34-R.Williams right guard to MIA 35 for 16 yards (26-E.Wilson).,-0.053,1.265
2003,14,December 7,home,Miami Dolphins,https://www.pro-football-reference.com/boxscores/200312070nwe.htm,2,07:14,1,10,MIA 35,3,0,"(7:14) 34-R.Williams up the middle to MIA 37 for 2 yards (37-R.Harrison, 92-T.Washington).",1.212,-0.272
2003,14,December 7,home,Miami Dolphins,https://www.pro-football-reference.com/boxscores/200312070nwe.htm,2,06:47,2,8,MIA 37,3,0,(6:47) 9-J.Fiedler pass incomplete to 84-C.Chambers.,0.940,-0.617
2003,14,December 7,home,Miami Dolphins,https://www.pro-football-reference.com/boxscores/200312070nwe.htm,2,06:41,3,8,MIA 37,3,0,(6:41) (Shotgun) 9-J.Fiedler pass to 86-O.Gadsden to MIA 48 for 11 yards (22-A.Samuel).,0.323,1.745
2003,14,December 7,home,Miami Dolphins,https://www.pro-football-reference.com/boxscores/200312070nwe.htm,2,05:58,1,10,MIA 48,3,0,(5:58) 34-R.Williams left guard to NE 49 for 3 yards (37-R.Harrison).,2.068,-0.267
2003,14,December 7,home,Miami Dolphins,https://www.pro-football-reference.com/boxscores/200312070nwe.htm,2,05:20,2,7,NE 49,3,0,(5:20) 9-J.Fiedler sacked at MIA 44 for -7 yards (sack split by 55-W.McGinest and 50-M.Vrabel).,1.800,-1.553
2003,14,December 7,home,Miami Dolphins,https://www.pro-football-reference.com/boxscores/200312070nwe.htm,2,04:51,3,14,MIA 44,3,0,(4:51) 9-J.Fiedler pass to 28-T.Minor to MIA 40 for -4 yards (37-R.Harrison).,0.247,-1.061
2003,14,December 7,home,Miami Dolphins,https://www.pro-football-reference.com/boxscores/200312070nwe.htm,2,04:16,4,18,MIA 40,3,0,"(4:16) 1-M.Turk punts 30 yards to NE 30, Center-47-J.Grau, fair catch by 38-T.Poole.",-0.814,-0.341
2003,14,December 7,home,Miami Dolphins,https://www.pro-football-reference.com/boxscores/200312070nwe.htm,2,04:09,1,10,NE 30,3,0,(4:09) 12-T.Brady pass incomplete to 83-D.Branch.,1.155,-0.436
2003,14,December 7,home,Miami Dolphins,https://www.pro-football-reference.com/boxscores/200312070nwe.htm,2,04:05,2,10,NE 30,3,0,(4:05) 12-T.Brady pass incomplete to 82-D.Graham.,0.718,-0.533
2003,14,December 7,home,Miami Dolphins,https://www.pro-football-reference.com/boxscores/200312070nwe.htm,2,04:01,3,10,NE 30,3,0,(4:01) 12-T.Brady pass incomplete.,0.185,-1.082
2003,14,December 7,home,Miami Dolphins,https://www.pro-football-reference.com/boxscores/200312070nwe.htm,2,03:54,4,10,NE 30,3,0,"(3:54) 8-B.Barnard punts 30 yards to MIA 40, Center-66-L.Paxton, downed by NE-54-T.Bruschi.",-0.897,-0.348
2003,14,December 7,home,Miami Dolphins,https://www.pro-football-reference.com/boxscores/200312070nwe.htm,2,03:43,1,10,MIA 40,3,0,(3:43) 34-R.Williams left tackle to MIA 35 for -5 yards (37-R.Harrison).,1.245,-0.750
2003,14,December 7,home,Miami Dolphins,https://www.pro-football-reference.com/boxscores/200312070nwe.htm,2,02:59,2,15,MIA 35,3,0,(2:59) 9-J.Fiedler pass incomplete to 81-R.McMichael (55-W.McGinest).,0.495,-0.448
2003,14,December 7,home,Miami Dolphins,https://www.pro-football-reference.com/boxscores/200312070nwe.htm,2,02:54,3,15,MIA 35,3,0,"(2:54) 34-R.Williams right end to MIA 37 for 2 yards (54-T.Bruschi, 95-R.Phifer).",0.047,-0.594
2003,14,December 7,home,Miami Dolphins,https://www.pro-football-reference.com/boxscores/200312070nwe.htm,2,02:54,,,MIA 37,3,0,Timeout #1 by NE at 02:54.,-0.547,0.000
2003,14,December 7,home,Miami Dolphins,https://www.pro-football-reference.com/boxscores/200312070nwe.htm,2,02:47,4,13,MIA 37,3,0,"(2:47) 1-M.Turk punts 29 yards to NE 34, Center-47-J.Grau, fair catch by 38-T.Poole.",-0.547,-0.688
2003,14,December 7,home,Miami Dolphins,https://www.pro-football-reference.com/boxscores/200312070nwe.htm,2,02:40,1,10,NE 34,3,0,(2:40) 12-T.Brady pass to 82-D.Graham pushed ob at NE 37 for 3 yards (52-M.Greenwood).,1.234,-0.257
2003,14,December 7,home,Miami Dolphins,https://www.pro-football-reference.com/boxscores/200312070nwe.htm,2,02:24,2,7,NE 37,3,0,"(2:24) (No Huddle, Shotgun) 12-T.Brady pass to 82-D.Graham to NE 41 for 4 yards (23-P.Surtain, 52-M.Greenwood).",0.978,-0.012
2003,14,December 7,home,Miami Dolphins,https://www.pro-football-reference.com/boxscores/200312070nwe.htm,2,02:00,3,3,NE 41,3,0,(2:00) 12-T.Brady pass incomplete to 33-K.Faulk.,0.965,-1.075
2003,14,December 7,home,Miami Dolphins,https://www.pro-football-reference.com/boxscores/200312070nwe.htm,2,01:56,4,3,NE 41,3,0,"(1:56) 8-B.Barnard punts 44 yards to MIA 15, Center-66-L.Paxton, fair catch by 32-C.Rogers.",-0.110,0.094
2003,14,December 7,home,Miami Dolphins,https://www.pro-football-reference.com/boxscores/200312070nwe.htm,2,01:50,1,10,MIA 15,3,0,(1:50) 34-R.Williams left end to MIA 12 for -3 yards (50-M.Vrabel).,0.016,-0.168
2003,14,December 7,home,Miami Dolphins,https://www.pro-football-reference.com/boxscores/200312070nwe.htm,2,01:07,2,13,MIA 12,3,0,"(1:07) 34-R.Williams up the middle to MIA 13 for 1 yard (92-T.Washington, 54-T.Bruschi).",-0.152,-0.125
2003,14,December 7,home,Miami Dolphins,https://www.pro-football-reference.com/boxscores/200312070nwe.htm,2,01:07,,,MIA 13,3,0,Timeout #2 by NE at 01:07.,-0.277,0.000
2003,14,December 7,home,Miami Dolphins,https://www.pro-football-reference.com/boxscores/200312070nwe.htm,2,01:02,3,12,MIA 13,3,0,"(1:02) 34-R.Williams left guard to MIA 17 for 4 yards (37-R.Harrison, 95-R.Phifer).",-0.277,-0.165
2003,14,December 7,home,Miami Dolphins,https://www.pro-football-reference.com/boxscores/200312070nwe.htm,2,01:02,,,MIA 17,3,0,Timeout #3 by NE at 01:02.,-0.442,0.000
2003,14,December 7,home,Miami Dolphins,https://www.pro-football-reference.com/boxscores/200312070nwe.htm,2,00:56,4,8,MIA 17,3,0,"(:56) 1-M.Turk punts 35 yards to NE 48, Center-47-J.Grau. 38-T.Poole to MIA 47 for 5 yards (80-J.McKnight, 50-B.Ayanbadejo).",-0.442,-1.058
2003,14,December 7,home,Miami Dolphins,https://www.pro-football-reference.com/boxscores/200312070nwe.htm,2,00:48,1,10,MIA 47,3,0,(:48) (Shotgun) 12-T.Brady pass incomplete to 83-D.Branch (27-T.Buckley).,1.501,-0.168
2003,14,December 7,home,Miami Dolphins,https://www.pro-football-reference.com/boxscores/200312070nwe.htm,2,00:42,2,10,MIA 47,3,0,(:42) (Shotgun) 12-T.Brady sacked at MIA 49 for -2 yards (93-A.Ogunleye).,1.332,-0.911
2003,14,December 7,home,Miami Dolphins,https://www.pro-football-reference.com/boxscores/200312070nwe.htm,2,00:16,3,12,MIA 49,3,0,"(:16) (No Huddle, Shotgun) 12-T.Brady pass to 83-D.Branch to MIA 36 for 13 yards (20-A.Freeman).",0.422,0.472
2003,14,December 7,home,Miami Dolphins,https://www.pro-football-reference.com/boxscores/200312070nwe.htm,2,00:04,1,10,MIA 36,3,0,(:04) 12-T.Brady spiked the ball to stop the clock.,0.894,0.447
2003,14,December 7,home,Miami Dolphins,https://www.pro-football-reference.com/boxscores/200312070nwe.htm,2,00:03,2,10,MIA 36,3,0,"(:03) 4-A.Vinatieri 54 yard field goal is No Good, Wide Right, Center-66-L.Paxton, Holder-19-D.Huard.",1.341,-1.341
2003,14,December 7,home,Miami Dolphins,https://www.pro-football-reference.com/boxscores/200312070nwe.htm,3,15:00,,,NE 30,3,0,"4-A.Vinatieri kicks 49 yards from NE 30 to MIA 21. 28-T.Minor to MIA 32 for 11 yards (30-J.Cherry, 39-S.Mayer).",-0.140,0.772
2003,14,December 7,home,Miami Dolphins,https://www.pro-football-reference.com/boxscores/200312070nwe.htm,3,14:57,1,10,MIA 32,3,0,"(14:57) 34-R.Williams right guard to MIA 34 for 2 yards (92-T.Washington, 55-W.McGinest).",0.633,-0.344
2003,14,December 7,home,Miami Dolphins,https://www.pro-football-reference.com/boxscores/200312070nwe.htm,3,14:19,2,8,MIA 34,3,0,"(14:19) 9-J.Fiedler pass to 84-C.Chambers to NE 49 for 17 yards (24-T.Law, 37-R.Harrison).",0.288,1.725
2003,14,December 7,home,Miami Dolphins,https://www.pro-football-reference.com/boxscores/200312070nwe.htm,3,13:35,1,10,NE 49,3,0,"(13:35) 9-J.Fiedler pass to 80-J.McKnight to NE 45 for 4 yards (54-T.Bruschi, 38-T.Poole).",2.013,0.027
2003,14,December 7,home,Miami Dolphins,https://www.pro-football-reference.com/boxscores/200312070nwe.htm,3,12:55,2,6,NE 45,3,0,"(12:55) 34-R.Williams up the middle to NE 43 for 2 yards (92-T.Washington, 54-T.Bruschi).",2.039,-0.587
2003,14,December 7,home,Miami Dolphins,https://www.pro-football-reference.com/boxscores/200312070nwe.htm,3,12:14,3,4,NE 43,3,0,(12:14) 9-J.Fiedler pass incomplete to 84-C.Chambers.,1.452,-1.791
2003,14,December 7,home,Miami Dolphins,https://www.pro-football-reference.com/boxscores/200312070nwe.htm,3,12:09,4,4,NE 43,3,0,"(12:09) 1-M.Turk punts 43 yards to end zone, Center-47-J.Grau, Touchback.",-0.339,-0.460
2003,14,December 7,home,Miami Dolphins,https://www.pro-football-reference.com/boxscores/200312070nwe.htm,3,12:00,1,10,NE 20,3,0,"(12:00) 32-A.Smith up the middle to NE 20 for no gain (92-J.Zgonina, 55-J.Seau).",0.799,-0.530
2003,14,December 7,home,Miami Dolphins,https://www.pro-football-reference.com/boxscores/200312070nwe.htm,3,11:32,2,10,NE 20,3,0,"(11:32) 32-A.Smith up the middle to NE 29 for 9 yards (31-B.Marion, 24-S.Knight).",0.269,1.022
2003,14,December 7,home,Miami Dolphins,https://www.pro-football-reference.com/boxscores/200312070nwe.htm,3,10:56,3,1,NE 29,3,0,"(10:56) 32-A.Smith right guard to NE 27 for -2 yards (24-S.Knight, 93-A.Ogunleye).",1.292,-2.194
2003,14,December 7,home,Miami Dolphins,https://www.pro-football-reference.com/boxscores/200312070nwe.htm,3,10:13,4,3,NE 27,3,0,"(10:13) 8-B.Barnard punts 49 yards to MIA 24, Center-66-L.Paxton. 32-C.Rogers to MIA 35 for 11 yards (54-T.Bruschi, 38-T.Poole).",-0.902,0.050
2003,14,December 7,home,Miami Dolphins,https://www.pro-football-reference.com/boxscores/200312070nwe.htm,3,10:01,1,10,MIA 35,3,0,(10:01) 9-J.Fiedler pass to 44-R.Konrad to MIA 42 for 7 yards (95-R.Phifer).,0.852,0.484
2003,14,December 7,home,Miami Dolphins,https://www.pro-football-reference.com/boxscores/200312070nwe.htm,3,09:31,2,3,MIA 42,3,0,"(9:31) 34-R.Williams up the middle to MIA 44 for 2 yards (91-B.Hamilton, 92-T.Washington).",1.336,-0.093
2003,14,December 7,home,Miami Dolphins,https://www.pro-football-reference.com/boxscores/200312070nwe.htm,3,09:31,3,1,MIA 44,3,0,"(9:31) (No Huddle) PENALTY on MIA-71-T.Wade, False Start, 5 yards, enforced at MIA 44 - No Play.",1.243,-1.072
2003,14,December 7,home,Miami Dolphins,https://www.pro-football-reference.com/boxscores/200312070nwe.htm,3,08:48,3,6,MIA 39,3,0,(8:48) (Shotgun) 9-J.Fiedler pass incomplete to 80-J.McKnight.,0.171,-1.256
2003,14,December 7,home,Miami Dolphins,https://www.pro-football-reference.com/boxscores/200312070nwe.htm,3,08:43,4,6,MIA 39,3,0,"(8:43) 1-M.Turk punts 53 yards to NE 8, Center-47-J.Grau, downed by MIA. PENALTY on MIA-88-D.Thompson, Illegal Touch Kick, 5 yards, enforced at MIA 39 - No Play.",-1.084,-0.400
2003,14,December 7,home,Miami Dolphins,https://www.pro-football-reference.com/boxscores/200312070nwe.htm,3,08:29,4,11,MIA 34,3,0,"(8:29) 1-M.Turk punts 44 yards to NE 22, Center-47-J.Grau. 33-K.Faulk to NE 34 for 12 yards (52-M.Greenwood).",-1.485,-0.307
2003,14,December 7,home,Miami Dolphins,https://www.pro-football-reference.com/boxscores/200312070nwe.htm,3,08:21,1,10,NE 34,3,0,(8:21) 12-T.Brady sacked at NE 25 for -9 yards (sack split by 52-M.Greenwood and 99-J.Taylor).,1.792,-1.404
2003,14,December 7,home,Miami Dolphins,https://www.pro-football-reference.com/boxscores/200312070nwe.htm,3,07:48,2,19,NE 25,3,0,(7:48) 12-T.Brady pass to 17-D.Ward ran ob at NE 39 for 14 yards.,0.388,0.665
2003,14,December 7,home,Miami Dolphins,https://www.pro-football-reference.com/boxscores/200312070nwe.htm,3,07:19,3,5,NE 39,3,0,(7:19) 12-T.Brady pass incomplete to 87-D.Givens.,1.053,-1.349
2003,14,December 7,home,Miami Dolphins,https://www.pro-football-reference.com/boxscores/200312070nwe.htm,3,07:15,4,5,NE 39,3,0,"(7:15) 8-B.Barnard punts 26 yards to MIA 35, Center-66-L.Paxton. 27-T.Buckley to MIA 37 for 2 yards (58-M.Chatham, 54-T.Bruschi).",-0.296,-0.781
2003,14,December 7,home,Miami Dolphins,https://www.pro-football-reference.com/boxscores/200312070nwe.htm,3,07:07,1,10,MIA 37,3,0,(7:07) 9-J.Fiedler pass to 88-D.Thompson pushed ob at MIA 46 for 9 yards (50-M.Vrabel).,1.077,0.900
2003,14,December 7,home,Miami Dolphins,https://www.pro-football-reference.com/boxscores/200312070nwe.htm,3,06:46,2,1,MIA 46,3,0,"(6:46) 34-R.Williams up the middle to MIA 48 for 2 yards (50-M.Vrabel, 52-T.Johnson).",1.977,-0.067
2003,14,December 7,home,Miami Dolphins,https://www.pro-football-reference.com/boxscores/200312070nwe.htm,3,06:07,1,10,MIA 48,3,0,"(6:07) 9-J.Fiedler pass to 44-R.Konrad to 50 for 2 yards (24-T.Law, 52-T.Johnson).",1.910,-0.415
2003,14,December 7,home,Miami Dolphins,https://www.pro-football-reference.com/boxscores/200312070nwe.htm,3,05:23,2,8,MID 50,3,0,(5:23) 9-J.Fiedler pass incomplete to 81-R.McMichael.,1.495,-0.825
2003,14,December 7,home,Miami Dolphins,https://www.pro-football-reference.com/boxscores/200312070nwe.htm,3,05:19,3,8,MID 50,3,0,(5:19) 9-J.Fiedler pass to 86-O.Gadsden to NE 27 for 23 yards (37-R.Harrison).,0.670,3.087
2003,14,December 7,home,Miami Dolphins,https://www.pro-football-reference.com/boxscores/200312070nwe.htm,3,04:35,1,10,NE 27,3,0,(4:35) 9-J.Fiedler pass incomplete to 84-C.Chambers.,3.757,-0.399
2003,14,December 7,home,Miami Dolphins,https://www.pro-football-reference.com/boxscores/200312070nwe.htm,3,04:30,2,10,NE 27,3,0,(4:30) 34-R.Williams left end pushed ob at NE 24 for 3 yards (26-E.Wilson).,3.358,-0.165
2003,14,December 7,home,Miami Dolphins,https://www.pro-football-reference.com/boxscores/200312070nwe.htm,3,03:58,3,7,NE 24,3,0,"(3:58) (Shotgun) 9-J.Fiedler pass to 84-C.Chambers to NE 17 for 7 yards (37-R.Harrison, 26-E.Wilson).",3.192,1.330
2003,14,December 7,home,Miami Dolphins,https://www.pro-football-reference.com/boxscores/200312070nwe.htm,3,03:14,1,10,NE 17,3,0,(3:14) 9-J.Fiedler pass to 84-C.Chambers pushed ob at NE 12 for 5 yards (24-T.Law).,4.523,0.153
2003,14,December 7,home,Miami Dolphins,https://www.pro-football-reference.com/boxscores/200312070nwe.htm,3,02:31,2,5,NE 12,3,0,"(2:31) 34-R.Williams right guard to NE 10 for 2 yards (92-T.Washington, 37-R.Harrison).",4.676,-0.512
2003,14,December 7,home,Miami Dolphins,https://www.pro-football-reference.com/boxscores/200312070nwe.htm,3,01:49,3,3,NE 10,3,0,"(1:49) 9-J.Fiedler sacked at NE 20 for -10 yards (37-R.Harrison). FUMBLES (37-R.Harrison), touched at NE 22, RECOVERED by NE-50-M.Vrabel at NE 30.",4.164,-5.648
2003,14,December 7,home,Miami Dolphins,https://www.pro-football-reference.com/boxscores/200312070nwe.htm,3,01:40,1,10,NE 30,3,0,(1:40) 32-A.Smith up the middle to NE 26 for -4 yards (93-A.Ogunleye).,1.485,-1.084
2003,14,December 7,home,Miami Dolphins,https://www.pro-football-reference.com/boxscores/200312070nwe.htm,3,01:10,2,14,NE 26,3,0,(1:10) 12-T.Brady pass incomplete to 88-C.Fauria.,0.401,-0.754
2003,14,December 7,home,Miami Dolphins,https://www.pro-football-reference.com/boxscores/200312070nwe.htm,3,01:02,3,14,NE 26,3,0,"(1:02) 33-K.Faulk up the middle to NE 30 for 4 yards (20-A.Freeman, 99-J.Taylor).",-0.353,-0.584
2003,14,December 7,home,Miami Dolphins,https://www.pro-football-reference.com/boxscores/200312070nwe.htm,3,00:23,4,10,NE 30,3,0,"(:23) 8-B.Barnard punts 38 yards to MIA 32, Center-66-L.Paxton. 32-C.Rogers to MIA 43 for 11 yards (35-P.Pass, 54-T.Bruschi).",-0.937,-0.523
2003,14,December 7,home,Miami Dolphins,https://www.pro-football-reference.com/boxscores/200312070nwe.htm,3,00:13,1,10,MIA 43,3,0,"(:13) 9-J.Fiedler pass to 88-D.Thompson to NE 35 for 22 yards (26-E.Wilson, 52-T.Johnson).",1.460,1.585
2003,14,December 7,home,Miami Dolphins,https://www.pro-football-reference.com/boxscores/200312070nwe.htm,4,15:00,1,10,NE 35,3,0,(15:00) 9-J.Fiedler pass incomplete to 84-C.Chambers (24-T.Law).,3.045,-0.485
2003,14,December 7,home,Miami Dolphins,https://www.pro-football-reference.com/boxscores/200312070nwe.htm,4,14:56,2,10,NE 35,3,0,"(14:56) 9-J.Fiedler sacked at NE 45 for -10 yards (50-M.Vrabel). FUMBLES (50-M.Vrabel), recovered by MIA-71-T.Wade at NE 45.",2.560,-2.129
2003,14,December 7,home,Miami Dolphins,https://www.pro-football-reference.com/boxscores/200312070nwe.htm,4,14:13,3,20,NE 45,3,0,"(14:13) (Shotgun) 9-J.Fiedler sacked at MIA 42 for -13 yards (93-R.Seymour). Penalty on MIA, Offensive Holding, declined.",0.432,-1.460
2003,14,December 7,home,Miami Dolphins,https://www.pro-football-reference.com/boxscores/200312070nwe.htm,4,14:04,4,33,MIA 42,3,0,"(14:04) 1-M.Turk punts 28 yards to NE 30, Center-47-J.Grau. 38-T.Poole MUFFS catch, recovered by NE-33-K.Faulk at NE 30. 33-K.Faulk to NE 30 for no gain (25-J.Wyrick).",-1.028,-0.345
2003,14,December 7,home,Miami Dolphins,https://www.pro-football-reference.com/boxscores/200312070nwe.htm,4,13:58,1,10,NE 30,3,0,"(13:58) 12-T.Brady pass to 33-K.Faulk to NE 45 for 15 yards (31-B.Marion). FUMBLES (31-B.Marion), RECOVERED by MIA-91-J.Williams at NE 45. 91-J.Williams to NE 45 for no gain (88-C.Fauria).",1.373,-3.652
2003,14,December 7,home,Miami Dolphins,https://www.pro-football-reference.com/boxscores/200312070nwe.htm,4,13:50,1,10,NE 45,3,0,(13:50) 34-R.Williams up the middle to NE 41 for 4 yards (54-T.Bruschi).,2.279,-0.052
2003,14,December 7,home,Miami Dolphins,https://www.pro-football-reference.com/boxscores/200312070nwe.htm,4,13:16,2,6,NE 41,3,0,"(13:16) 34-R.Williams right guard to NE 38 for 3 yards (92-T.Washington, 50-M.Vrabel).",2.227,-0.392
2003,14,December 7,home,Miami Dolphins,https://www.pro-football-reference.com/boxscores/200312070nwe.htm,4,12:32,3,3,NE 38,3,0,(12:32) 9-J.Fiedler pass incomplete to 84-C.Chambers.,1.835,-2.002
2003,14,December 7,home,Miami Dolphins,https://www.pro-football-reference.com/boxscores/200312070nwe.htm,4,12:28,4,3,NE 38,3,0,"(12:28) 1-M.Turk punts 23 yards to NE 15, Center-47-J.Grau, fair catch by 17-D.Ward.",-0.167,-0.249
2003,14,December 7,home,Miami Dolphins,https://www.pro-football-reference.com/boxscores/200312070nwe.htm,4,12:22,1,10,NE 15,3,0,(12:22) 12-T.Brady pass to 83-D.Branch to NE 40 for 25 yards (31-B.Marion).,0.416,1.589
2003,14,December 7,home,Miami Dolphins,https://www.pro-football-reference.com/boxscores/200312070nwe.htm,4,11:37,1,10,NE 40,3,0,(11:37) 32-A.Smith left guard to NE 43 for 3 yards (99-J.Taylor).,2.005,-0.169
2003,14,December 7,home,Miami Dolphins,https://www.pro-football-reference.com/boxscores/200312070nwe.htm,4,11:09,2,7,NE 43,3,0,(11:09) 12-T.Brady pass incomplete to 87-D.Givens.,1.835,-0.746
2003,14,December 7,home,Miami Dolphins,https://www.pro-football-reference.com/boxscores/200312070nwe.htm,4,11:04,3,7,NE 43,3,0,(11:04) 12-T.Brady pass to 83-D.Branch to MIA 39 for 18 yards (31-B.Marion).,1.089,2.098
2003,14,December 7,home,Miami Dolphins,https://www.pro-football-reference.com/boxscores/200312070nwe.htm,4,10:22,1,10,MIA 39,3,0,(10:22) 32-A.Smith left tackle to MIA 38 for 1 yard (54-Z.Thomas).,3.187,-0.429
2003,14,December 7,home,Miami Dolphins,https://www.pro-football-reference.com/boxscores/200312070nwe.htm,4,09:40,2,9,MIA 38,3,0,(9:40) 12-T.Brady pass incomplete to 88-C.Fauria.,2.758,-0.794
2003,14,December 7,home,Miami Dolphins,https://www.pro-football-reference.com/boxscores/200312070nwe.htm,4,09:36,3,9,MIA 38,3,0,"(9:36) 12-T.Brady sacked at MIA 40 for -2 yards (99-J.Taylor, 93-A.Ogunleye).",1.965,-1.858
2003,14,December 7,home,Miami Dolphins,https://www.pro-football-reference.com/boxscores/200312070nwe.htm,4,09:06,4,11,MIA 40,3,0,"(9:06) 8-B.Barnard punts 36 yards to MIA 4, Center-66-L.Paxton, out of bounds.",0.107,0.819
2003,14,December 7,home,Miami Dolphins,https://www.pro-football-reference.com/boxscores/200312070nwe.htm,4,08:59,1,10,MIA 4,9,0,"(8:59) 9-J.Fiedler pass intended for 84-C.Chambers INTERCEPTED by 54-T.Bruschi at MIA 5. 54-T.Bruschi for 5 yards, TOUCHDOWN.",-0.926,-6.074
2003,14,December 7,home,Miami Dolphins,https://www.pro-football-reference.com/boxscores/200312070nwe.htm,4,08:55,,,MIA 2,10,0,"4-A.Vinatieri extra point is GOOD, Center-66-L.Paxton, Holder-19-D.Huard. PENALTY on MIA-24-S.Knight, Defensive Offside, 5 yards, enforced between downs.",0.986,0.014
2003,14,December 7,home,Miami Dolphins,https://www.pro-football-reference.com/boxscores/200312070nwe.htm,4,08:55,,,NE 35,10,0,"4-A.Vinatieri kicks 60 yards from NE 35 to MIA 5. 28-T.Minor to MIA 27 for 22 yards (23-A.Harris, 51-D.Davis).",0.275,0.374
2003,14,December 7,home,Miami Dolphins,https://www.pro-football-reference.com/boxscores/200312070nwe.htm,4,08:49,1,10,MIA 27,10,0,(8:49) 34-R.Williams left guard to MIA 34 for 7 yards (54-T.Bruschi).,0.649,0.328
2003,14,December 7,home,Miami Dolphins,https://www.pro-football-reference.com/boxscores/200312070nwe.htm,4,08:20,2,3,MIA 34,10,0,(8:20) 34-R.Williams left guard to MIA 36 for 2 yards (94-T.Warren).,0.977,0.221
2003,14,December 7,home,Miami Dolphins,https://www.pro-football-reference.com/boxscores/200312070nwe.htm,4,07:43,3,1,MIA 36,10,0,"(7:43) 34-R.Williams up the middle to MIA 36 for no gain (38-T.Poole, 93-R.Seymour).",1.198,-1.556
2003,14,December 7,home,Miami Dolphins,https://www.pro-football-reference.com/boxscores/200312070nwe.htm,4,06:59,4,1,MIA 36,10,0,"(6:59) 1-M.Turk punts 37 yards to NE 27, Center-47-J.Grau, fair catch by 17-D.Ward.",-0.358,-0.757
2003,14,December 7,home,Miami Dolphins,https://www.pro-football-reference.com/boxscores/200312070nwe.htm,4,06:53,1,10,NE 27,10,0,"(6:53) 32-A.Smith left tackle to NE 27 for no gain (99-J.Taylor, 93-A.Ogunleye).",1.116,-0.526
2003,14,December 7,home,Miami Dolphins,https://www.pro-football-reference.com/boxscores/200312070nwe.htm,4,06:17,2,10,NE 27,10,0,"(6:17) 32-A.Smith right guard to NE 28 for 1 yard (93-A.Ogunleye, 54-Z.Thomas).",0.590,-0.695
2003,14,December 7,home,Miami Dolphins,https://www.pro-football-reference.com/boxscores/200312070nwe.htm,4,05:40,3,9,NE 28,10,0,"(5:40) (Shotgun) 12-T.Brady pass to 82-D.Graham to NE 23 for -5 yards (55-J.Seau, 93-A.Ogunleye).",-0.105,-1.210
2003,14,December 7,home,Miami Dolphins,https://www.pro-football-reference.com/boxscores/200312070nwe.htm,4,05:31,,,NE 23,10,0,Timeout #1 by MIA at 05:31.,-1.315,0.000
2003,14,December 7,home,Miami Dolphins,https://www.pro-football-reference.com/boxscores/200312070nwe.htm,4,05:30,4,14,NE 23,10,0,"(5:30) 8-B.Barnard punts 42 yards to MIA 35, Center-66-L.Paxton, downed by NE-23-A.Harris. PENALTY on NE-66-L.Paxton, Offensive Holding, 10 yards, enforced at NE 23 - No Play.",-1.315,-0.480
2003,14,December 7,home,Miami Dolphins,https://www.pro-football-reference.com/boxscores/200312070nwe.htm,4,05:20,4,24,NE 13,10,0,"(5:20) 8-B.Barnard punts 34 yards to NE 47, Center-66-L.Paxton. 32-C.Rogers to NE 45 for 2 yards (30-J.Cherry, 23-A.Harris).",-1.795,-0.609
2003,14,December 7,home,Miami Dolphins,https://www.pro-football-reference.com/boxscores/200312070nwe.htm,4,05:10,1,10,NE 45,10,0,(5:10) 9-J.Fiedler pass incomplete to 84-C.Chambers.,2.404,-0.418
2003,14,December 7,home,Miami Dolphins,https://www.pro-football-reference.com/boxscores/200312070nwe.htm,4,05:04,2,10,NE 45,10,0,(5:04) 9-J.Fiedler pass incomplete to 88-D.Thompson (38-T.Poole).,1.986,-0.751
2003,14,December 7,home,Miami Dolphins,https://www.pro-football-reference.com/boxscores/200312070nwe.htm,4,04:59,3,10,NE 45,10,0,(4:59) (Shotgun) 9-J.Fiedler pass intended for 84-C.Chambers INTERCEPTED by 24-T.Law at NE 32. 24-T.Law to NE 32 for no gain (84-C.Chambers).,1.234,-2.491
2003,14,December 7,home,Miami Dolphins,https://www.pro-football-reference.com/boxscores/200312070nwe.htm,4,04:53,1,10,NE 32,10,0,(4:53) 32-A.Smith left tackle to NE 34 for 2 yards (24-S.Knight).,1.257,-0.390
2003,14,December 7,home,Miami Dolphins,https://www.pro-football-reference.com/boxscores/200312070nwe.htm,4,04:53,,,NE 34,10,0,Timeout #2 by MIA at 04:53.,0.867,0.000
2003,14,December 7,home,Miami Dolphins,https://www.pro-football-reference.com/boxscores/200312070nwe.htm,4,04:46,2,8,NE 34,10,0,"(4:46) 12-T.Brady pass to 87-D.Givens to NE 43 for 9 yards (52-M.Greenwood, 55-J.Seau).",0.867,0.849
2003,14,December 7,home,Miami Dolphins,https://www.pro-football-reference.com/boxscores/200312070nwe.htm,4,04:03,1,10,NE 43,10,0,(4:03) 32-A.Smith left end to MIA 37 for 20 yards (31-B.Marion).,1.716,0.956
2003,14,December 7,home,Miami Dolphins,https://www.pro-football-reference.com/boxscores/200312070nwe.htm,4,03:15,1,10,MIA 37,10,0,"(3:15) 32-A.Smith left tackle to MIA 38 for -1 yards (54-Z.Thomas, 55-J.Seau).",2.672,-1.673
2003,14,December 7,home,Miami Dolphins,https://www.pro-football-reference.com/boxscores/200312070nwe.htm,4,03:15,,,MIA 38,10,0,Timeout #3 by MIA at 03:15.,0.999,0.000
2003,14,December 7,home,Miami Dolphins,https://www.pro-football-reference.com/boxscores/200312070nwe.htm,4,03:03,2,11,MIA 38,10,0,"(3:03) NE 93-Seymour eligible. 32-A.Smith right tackle to MIA 34 for 4 yards (24-S.Knight, 54-Z.Thomas).",0.999,-0.182
2003,14,December 7,home,Miami Dolphins,https://www.pro-football-reference.com/boxscores/200312070nwe.htm,4,02:22,3,7,MIA 34,10,0,"(2:22) NE 93-Seymour eligible. 32-A.Smith left tackle to MIA 37 for -3 yards (54-Z.Thomas, 51-T.Hendricks).",0.817,-0.747
2003,14,December 7,home,Miami Dolphins,https://www.pro-football-reference.com/boxscores/200312070nwe.htm,4,02:00,4,10,MIA 37,10,0,"(2:00) (Shotgun) 12-T.Brady punts 36 yards to MIA 1, Center-67-D.Koppen, downed by NE-87-D.Givens. Quick Kick.",0.070,0.372
2003,14,December 7,home,Miami Dolphins,https://www.pro-football-reference.com/boxscores/200312070nwe.htm,4,01:51,1,10,MIA 1,10,0,"(1:51) 34-R.Williams up the middle to MIA 3 for 2 yards (93-R.Seymour, 97-J.Green).",-0.442,-0.094
2003,14,December 7,home,Miami Dolphins,https://www.pro-football-reference.com/boxscores/200312070nwe.htm,4,01:25,2,8,MIA 3,10,0,(1:25) (Shotgun) 9-J.Fiedler pass incomplete to 81-R.McMichael.,-0.536,-0.201
2003,14,December 7,home,Miami Dolphins,https://www.pro-football-reference.com/boxscores/200312070nwe.htm,4,01:22,3,8,MIA 3,10,0,(1:22) 9-J.Fiedler pass incomplete to 34-R.Williams.,-0.737,-0.300
2003,14,December 7,home,Miami Dolphins,https://www.pro-football-reference.com/boxscores/200312070nwe.htm,4,01:18,4,8,MIA 3,12,0,"(1:18) (Shotgun) 9-J.Fiedler sacked in End Zone for -3 yards, SAFETY (sack split by 97-J.Green and 50-M.Vrabel).",-1.037,-0.963
2003,14,December 7,home,Miami Dolphins,https://www.pro-football-reference.com/boxscores/200312070nwe.htm,4,01:13,,,MIA 20,12,0,"1-M.Turk kicks 47 yards from MIA 20 to NE 33, fair catch by 81-B.Johnson.",0.278,-0.278
2003,14,December 7,home,Miami Dolphins,https://www.pro-football-reference.com/boxscores/200312070nwe.htm,4,01:12,1,10,NE 33,12,0,(1:12) 12-T.Brady kneels to NE 32 for -1 yards.,0.000,0.000
2003,14,December 7,home,Miami Dolphins,https://www.pro-football-reference.com/boxscores/200312070nwe.htm,4,00:33,2,11,NE 32,12,0,(:33) 12-T.Brady kneels to NE 31 for -1 yards.,0.000,0.000
2003,15,December 14,home,Jacksonville Jaguars,https://www.pro-football-reference.com/boxscores/200312140nwe.htm,1,15:00,,,JAX 30,0,0,"6-S.Marler kicks 47 yards from JAX 30 to NE 23. 87-D.Givens to NE 34 for 11 yards (50-T.Gilbert, 23-R.Perryman).",0.817,0.979
2003,15,December 14,home,Jacksonville Jaguars,https://www.pro-football-reference.com/boxscores/200312140nwe.htm,1,14:57,1,10,NE 34,0,0,(14:57) 12-T.Brady pass to 33-K.Faulk to NE 30 for -4 yards (90-T.Brackens).,1.796,-1.030
2003,15,December 14,home,Jacksonville Jaguars,https://www.pro-football-reference.com/boxscores/200312140nwe.htm,1,14:20,2,14,NE 30,0,0,"(14:20) 33-K.Faulk right guard to NE 35 for 5 yards (98-J.Henderson, 54-M.Peterson).",0.765,-0.165
2003,15,December 14,home,Jacksonville Jaguars,https://www.pro-football-reference.com/boxscores/200312140nwe.htm,1,13:41,3,9,NE 35,0,0,(13:41) (Shotgun) 12-T.Brady pass to 83-D.Branch ran ob at JAX 49 for 16 yards.,0.601,2.265
2003,15,December 14,home,Jacksonville Jaguars,https://www.pro-football-reference.com/boxscores/200312140nwe.htm,1,13:14,1,10,JAX 49,0,0,"(13:14) 12-T.Brady pass incomplete to 83-D.Branch. PENALTY on JAX-58-H.Douglas, Encroachment, 5 yards, enforced at JAX 49 - No Play.",2.866,0.507
2003,15,December 14,home,Jacksonville Jaguars,https://www.pro-football-reference.com/boxscores/200312140nwe.htm,1,13:08,1,5,JAX 44,0,0,"(13:08) 12-T.Brady pass to 87-D.Givens to JAX 38 for 6 yards (27-R.Mathis, 35-D.Cooper).",3.373,0.121
2003,15,December 14,home,Jacksonville Jaguars,https://www.pro-football-reference.com/boxscores/200312140nwe.htm,1,12:32,1,10,JAX 38,0,0,(12:32) 33-K.Faulk left end pushed ob at JAX 37 for 1 yard (20-D.Darius).,3.494,-0.459
2003,15,December 14,home,Jacksonville Jaguars,https://www.pro-football-reference.com/boxscores/200312140nwe.htm,1,12:05,2,9,JAX 37,0,0,"(12:05) 12-T.Brady pass to 82-D.Graham to JAX 31 for 6 yards (51-A.Ayodele, 54-M.Peterson).",3.035,0.133
2003,15,December 14,home,Jacksonville Jaguars,https://www.pro-football-reference.com/boxscores/200312140nwe.htm,1,11:22,3,3,JAX 31,0,0,"(11:22) 31-L.Centers up the middle to JAX 30 for 1 yard (98-J.Henderson, 35-D.Cooper).",3.168,-1.462
2003,15,December 14,home,Jacksonville Jaguars,https://www.pro-football-reference.com/boxscores/200312140nwe.htm,1,10:43,4,2,JAX 30,0,0,"(10:43) 12-T.Brady pass to 87-D.Givens to JAX 27 for 3 yards (27-R.Mathis, 35-D.Cooper).",1.707,2.382
2003,15,December 14,home,Jacksonville Jaguars,https://www.pro-football-reference.com/boxscores/200312140nwe.htm,1,10:08,1,10,JAX 27,6,0,"(10:08) 12-T.Brady pass to 82-D.Graham for 27 yards, TOUCHDOWN.",4.089,2.911
2003,15,December 14,home,Jacksonville Jaguars,https://www.pro-football-reference.com/boxscores/200312140nwe.htm,1,10:02,,,JAX 2,7,0,"4-A.Vinatieri extra point is GOOD, Center-49-S.McDermott, Holder-13-K.Walter.",0.986,0.014
2003,15,December 14,home,Jacksonville Jaguars,https://www.pro-football-reference.com/boxscores/200312140nwe.htm,1,10:02,,,NE 30,7,0,"4-A.Vinatieri kicks 63 yards from NE 30 to JAX 7. 34-D.Allen to JAX 24 for 17 yards (51-D.Davis, 58-M.Chatham).",-0.009,0.132
2003,15,December 14,home,Jacksonville Jaguars,https://www.pro-football-reference.com/boxscores/200312140nwe.htm,1,09:57,1,10,JAX 24,7,0,(9:57) 7-B.Leftwich pass to 82-J.Smith to NE 9 for 67 yards (37-R.Harrison).,0.122,4.780
2003,15,December 14,home,Jacksonville Jaguars,https://www.pro-football-reference.com/boxscores/200312140nwe.htm,1,09:10,1,9,NE 9,7,0,"(9:10) 28-F.Taylor up the middle to NE 6 for 3 yards (92-T.Washington, 95-R.Phifer).",4.903,-0.024
2003,15,December 14,home,Jacksonville Jaguars,https://www.pro-football-reference.com/boxscores/200312140nwe.htm,1,08:30,2,6,NE 6,7,0,"(8:30) PENALTY on JAX-85-C.Hankton, False Start, 5 yards, enforced at NE 6 - No Play.",4.879,-0.803
2003,15,December 14,home,Jacksonville Jaguars,https://www.pro-football-reference.com/boxscores/200312140nwe.htm,1,08:03,2,11,NE 11,7,0,"(8:03) (Shotgun) 7-B.Leftwich pass to 80-K.Brady to NE 5 for 6 yards (55-W.McGinest, 24-T.Law).",4.076,0.060
2003,15,December 14,home,Jacksonville Jaguars,https://www.pro-football-reference.com/boxscores/200312140nwe.htm,1,07:27,3,5,NE 5,7,0,(7:27) (Shotgun) 7-B.Leftwich pass incomplete to 80-K.Brady.,4.136,-1.208
2003,15,December 14,home,Jacksonville Jaguars,https://www.pro-football-reference.com/boxscores/200312140nwe.htm,1,07:23,4,5,NE 5,7,3,"(7:23) 6-S.Marler 24 yard field goal is GOOD, Center-88-J.Zelenka, Holder-3-M.Royals.",2.928,0.072
2003,15,December 14,home,Jacksonville Jaguars,https://www.pro-football-reference.com/boxscores/200312140nwe.htm,1,07:19,,,JAX 30,7,3,"6-S.Marler kicks 42 yards from JAX 30 to NE 28. 54-T.Bruschi to NE 37 for 9 yards (23-R.Perryman, 17-J.Redmond). squib kick",0.781,1.196
2003,15,December 14,home,Jacksonville Jaguars,https://www.pro-football-reference.com/boxscores/200312140nwe.htm,1,07:14,1,10,NE 37,7,3,"(7:14) 12-T.Brady pass to 33-K.Faulk to NE 43 for 6 yards (92-R.Meier, 95-P.Spicer).",1.977,0.259
2003,15,December 14,home,Jacksonville Jaguars,https://www.pro-football-reference.com/boxscores/200312140nwe.htm,1,06:40,2,4,NE 43,7,3,"(6:40) 33-K.Faulk left end to NE 44 for 1 yard (54-M.Peterson, 27-R.Mathis).",2.236,-0.601
2003,15,December 14,home,Jacksonville Jaguars,https://www.pro-football-reference.com/boxscores/200312140nwe.htm,1,06:00,,,NE 44,7,3,Timeout #1 by JAX at 06:00.,1.635,0.000
2003,15,December 14,home,Jacksonville Jaguars,https://www.pro-football-reference.com/boxscores/200312140nwe.htm,1,06:00,3,3,NE 44,7,3,(6:00) 12-T.Brady up the middle to JAX 49 for 7 yards (25-F.Bryant).,1.635,1.234
2003,15,December 14,home,Jacksonville Jaguars,https://www.pro-football-reference.com/boxscores/200312140nwe.htm,1,05:28,1,10,JAX 49,7,3,(5:28) 12-T.Brady pass incomplete to 33-K.Faulk.,2.868,-0.456
2003,15,December 14,home,Jacksonville Jaguars,https://www.pro-football-reference.com/boxscores/200312140nwe.htm,1,05:26,2,10,JAX 49,7,3,(5:26) 33-K.Faulk up the middle to NE 47 for -4 yards (99-M.Stroud).,2.412,-1.413
2003,15,December 14,home,Jacksonville Jaguars,https://www.pro-football-reference.com/boxscores/200312140nwe.htm,1,04:51,3,14,NE 47,7,3,(4:51) (Shotgun) 12-T.Brady pass to 87-D.Givens to JAX 35 for 18 yards (25-F.Bryant).,0.999,2.610
2003,15,December 14,home,Jacksonville Jaguars,https://www.pro-football-reference.com/boxscores/200312140nwe.htm,1,04:13,1,10,JAX 35,7,3,(4:13) 12-T.Brady sacked at JAX 45 for -10 yards (98-J.Henderson).,3.609,-1.489
2003,15,December 14,home,Jacksonville Jaguars,https://www.pro-football-reference.com/boxscores/200312140nwe.htm,1,03:49,2,20,JAX 45,7,3,"(3:49) (Shotgun) 12-T.Brady pass to 82-D.Graham to JAX 45 for no gain (25-F.Bryant, 99-M.Stroud).",2.120,-0.904
2003,15,December 14,home,Jacksonville Jaguars,https://www.pro-football-reference.com/boxscores/200312140nwe.htm,1,03:08,3,20,JAX 45,7,3,(3:08) (Shotgun) 12-T.Brady pass to 80-T.Brown to JAX 22 for 23 yards (35-D.Cooper).,1.216,3.265
2003,15,December 14,home,Jacksonville Jaguars,https://www.pro-football-reference.com/boxscores/200312140nwe.htm,1,02:20,1,10,JAX 22,7,3,"(2:20) 33-K.Faulk up the middle to JAX 18 for 4 yards (98-J.Henderson, 54-M.Peterson).",4.481,-0.058
2003,15,December 14,home,Jacksonville Jaguars,https://www.pro-football-reference.com/boxscores/200312140nwe.htm,1,01:47,2,6,JAX 18,7,3,"(1:47) 12-T.Brady pass to 82-D.Graham to JAX 12 for 6 yards (51-A.Ayodele, 27-R.Mathis).",4.423,0.544
2003,15,December 14,home,Jacksonville Jaguars,https://www.pro-football-reference.com/boxscores/200312140nwe.htm,1,01:03,1,10,JAX 12,7,3,(1:03) 33-K.Faulk right guard to JAX 5 for 7 yards (20-D.Darius).,4.967,0.439
2003,15,December 14,home,Jacksonville Jaguars,https://www.pro-football-reference.com/boxscores/200312140nwe.htm,1,00:27,2,3,JAX 5,7,3,"(:27) 32-A.Smith up the middle to JAX 3 for 2 yards (54-M.Peterson, 55-D.Clark).",5.407,0.055
2003,15,December 14,home,Jacksonville Jaguars,https://www.pro-football-reference.com/boxscores/200312140nwe.htm,2,15:00,3,1,JAX 3,7,3,"(15:00) NE 90-Klecko eligible. 32-A.Smith left guard to JAX 4 for -1 yards (90-T.Brackens, 42-A.Mitchell).",5.461,-2.537
2003,15,December 14,home,Jacksonville Jaguars,https://www.pro-football-reference.com/boxscores/200312140nwe.htm,2,14:16,4,2,JAX 4,10,3,"(14:16) 4-A.Vinatieri 22 yard field goal is GOOD, Center-49-S.McDermott, Holder-13-K.Walter.",2.925,0.075
2003,15,December 14,home,Jacksonville Jaguars,https://www.pro-football-reference.com/boxscores/200312140nwe.htm,2,14:13,,,NE 30,10,3,4-A.Vinatieri kicks 66 yards from NE 30 to JAX 4. 34-D.Allen pushed ob at JAX 27 for 23 yards (35-P.Pass).,-0.098,0.382
2003,15,December 14,home,Jacksonville Jaguars,https://www.pro-football-reference.com/boxscores/200312140nwe.htm,2,14:07,1,10,JAX 27,10,3,(14:07) 28-F.Taylor right guard to JAX 31 for 4 yards (91-B.Hamilton).,0.285,-0.003
2003,15,December 14,home,Jacksonville Jaguars,https://www.pro-football-reference.com/boxscores/200312140nwe.htm,2,13:29,2,6,JAX 31,10,3,(13:29) 7-B.Leftwich pass to 89-C.Luzar ran ob at NE 48 for 21 yards.,0.281,1.642
2003,15,December 14,home,Jacksonville Jaguars,https://www.pro-football-reference.com/boxscores/200312140nwe.htm,2,13:06,1,10,NE 48,10,3,(13:06) 28-F.Taylor right tackle to NE 43 for 5 yards (54-T.Bruschi).,1.924,0.037
2003,15,December 14,home,Jacksonville Jaguars,https://www.pro-football-reference.com/boxscores/200312140nwe.htm,2,12:28,2,5,NE 43,10,3,"(12:28) 28-F.Taylor left tackle to NE 33 for 10 yards (37-R.Harrison, 38-T.Poole).",1.961,1.132
2003,15,December 14,home,Jacksonville Jaguars,https://www.pro-football-reference.com/boxscores/200312140nwe.htm,2,11:46,1,10,NE 33,10,3,(11:46) (Shotgun) 7-B.Leftwich pass to 80-K.Brady pushed ob at NE 31 for 2 yards (38-T.Poole).,3.093,-0.262
2003,15,December 14,home,Jacksonville Jaguars,https://www.pro-football-reference.com/boxscores/200312140nwe.htm,2,11:23,2,8,NE 31,10,3,(11:23) (Shotgun) 7-B.Leftwich pass to 83-K.Johnson to NE 16 for 15 yards (37-R.Harrison).,2.831,1.627
2003,15,December 14,home,Jacksonville Jaguars,https://www.pro-football-reference.com/boxscores/200312140nwe.htm,2,10:43,1,10,NE 16,10,3,(10:43) 7-B.Leftwich scrambles right guard to NE 15 for 1 yard (54-T.Bruschi).,4.458,-0.371
2003,15,December 14,home,Jacksonville Jaguars,https://www.pro-football-reference.com/boxscores/200312140nwe.htm,2,10:04,2,9,NE 15,10,3,"(10:04) 28-F.Taylor right tackle to NE 14 for 1 yard (24-T.Law, 92-T.Washington).",4.087,-0.699
2003,15,December 14,home,Jacksonville Jaguars,https://www.pro-football-reference.com/boxscores/200312140nwe.htm,2,09:22,3,8,NE 14,10,3,(9:22) 7-B.Leftwich pass to 83-K.Johnson to NE 5 for 9 yards (24-T.Law).,3.388,2.110
2003,15,December 14,home,Jacksonville Jaguars,https://www.pro-football-reference.com/boxscores/200312140nwe.htm,2,08:46,1,5,NE 5,10,3,(8:46) 28-F.Taylor up the middle to NE 4 for 1 yard (93-R.Seymour).,5.498,-0.271
2003,15,December 14,home,Jacksonville Jaguars,https://www.pro-football-reference.com/boxscores/200312140nwe.htm,2,08:11,2,4,NE 4,10,3,"(8:11) 28-F.Taylor left end to NE 5 for -1 yards (37-R.Harrison, 26-E.Wilson).",5.227,-1.128
2003,15,December 14,home,Jacksonville Jaguars,https://www.pro-football-reference.com/boxscores/200312140nwe.htm,2,07:24,3,5,NE 5,10,3,(7:24) 7-B.Leftwich pass incomplete to 28-F.Taylor.,4.100,-1.182
2003,15,December 14,home,Jacksonville Jaguars,https://www.pro-football-reference.com/boxscores/200312140nwe.htm,2,07:20,4,5,NE 5,10,6,"(7:20) 6-S.Marler 23 yard field goal is GOOD, Center-88-J.Zelenka, Holder-3-M.Royals.",2.917,0.083
2003,15,December 14,home,Jacksonville Jaguars,https://www.pro-football-reference.com/boxscores/200312140nwe.htm,2,07:18,,,JAX 30,10,6,6-S.Marler kicks 52 yards from JAX 30 to NE 18. 33-K.Faulk to NE 39 for 21 yards (85-C.Hankton). squib kick.,0.811,1.069
2003,15,December 14,home,Jacksonville Jaguars,https://www.pro-football-reference.com/boxscores/200312140nwe.htm,2,07:08,1,10,NE 39,10,6,"(7:08) 12-T.Brady pass to 80-T.Brown to NE 41 for 2 yards (54-M.Peterson, 58-H.Douglas). Jacksonville #58 Douglas injured on play",1.880,-0.397
2003,15,December 14,home,Jacksonville Jaguars,https://www.pro-football-reference.com/boxscores/200312140nwe.htm,2,06:38,2,8,NE 41,10,6,(6:38) 12-T.Brady pass incomplete to 82-D.Graham (27-R.Mathis).,1.484,-0.590
2003,15,December 14,home,Jacksonville Jaguars,https://www.pro-football-reference.com/boxscores/200312140nwe.htm,2,06:32,3,8,NE 41,10,6,(6:32) (Shotgun) 12-T.Brady pass incomplete to 80-T.Brown.,0.894,-1.225
2003,15,December 14,home,Jacksonville Jaguars,https://www.pro-football-reference.com/boxscores/200312140nwe.htm,2,06:28,4,8,NE 41,10,6,"(6:28) 13-K.Walter punts 37 yards to JAX 22, Center-49-S.McDermott. 34-D.Allen MUFFS catch, and recovers at JAX 19. 34-D.Allen to JAX 19 for no gain (35-P.Pass).",-0.331,0.126
2003,15,December 14,home,Jacksonville Jaguars,https://www.pro-football-reference.com/boxscores/200312140nwe.htm,2,06:18,1,10,JAX 19,10,6,"(6:18) 7-B.Leftwich sacked at JAX 13 for -6 yards (93-R.Seymour). FUMBLES (93-R.Seymour), recovered by JAX-63-B.Meester at JAX 13.",0.205,-1.237
2003,15,December 14,home,Jacksonville Jaguars,https://www.pro-football-reference.com/boxscores/200312140nwe.htm,2,05:41,2,16,JAX 13,10,6,"(5:41) 28-F.Taylor left guard to JAX 14 for 1 yard (93-R.Seymour, 50-M.Vrabel).",-1.032,-0.434
2003,15,December 14,home,Jacksonville Jaguars,https://www.pro-football-reference.com/boxscores/200312140nwe.htm,2,04:58,3,15,JAX 14,10,6,(4:58) (Shotgun) 7-B.Leftwich pass incomplete to 83-K.Johnson (22-A.Samuel).,-1.465,-0.426
2003,15,December 14,home,Jacksonville Jaguars,https://www.pro-football-reference.com/boxscores/200312140nwe.htm,2,04:52,4,15,JAX 14,10,6,"(4:52) 3-M.Royals punts 36 yards to 50, Center-88-J.Zelenka. 80-T.Brown to JAX 44 for 6 yards (88-J.Zelenka, 23-R.Perryman).",-1.892,-0.852
2003,15,December 14,home,Jacksonville Jaguars,https://www.pro-football-reference.com/boxscores/200312140nwe.htm,2,04:42,1,10,JAX 44,10,6,"(4:42) 32-A.Smith left tackle to JAX 43 for 1 yard (51-A.Ayodele, 98-J.Henderson).",2.744,-0.646
2003,15,December 14,home,Jacksonville Jaguars,https://www.pro-football-reference.com/boxscores/200312140nwe.htm,2,04:11,2,9,JAX 43,10,6,(4:11) 12-T.Brady pass to 87-D.Givens to JAX 11 for 32 yards (27-R.Mathis).,2.098,2.743
2003,15,December 14,home,Jacksonville Jaguars,https://www.pro-football-reference.com/boxscores/200312140nwe.htm,2,03:25,1,10,JAX 11,10,6,(3:25) 12-T.Brady pass incomplete to 80-T.Brown.,4.841,-0.406
2003,15,December 14,home,Jacksonville Jaguars,https://www.pro-football-reference.com/boxscores/200312140nwe.htm,2,03:20,2,10,JAX 11,10,6,"(3:20) 12-T.Brady pass to 32-A.Smith to JAX 13 for -2 yards (54-M.Peterson, 94-L.Barnes).",4.435,-1.066
2003,15,December 14,home,Jacksonville Jaguars,https://www.pro-football-reference.com/boxscores/200312140nwe.htm,2,02:40,3,12,JAX 13,10,6,(2:40) 12-T.Brady pass incomplete to 31-L.Centers.,3.368,-0.824
2003,15,December 14,home,Jacksonville Jaguars,https://www.pro-football-reference.com/boxscores/200312140nwe.htm,2,02:34,4,12,JAX 13,13,6,"(2:34) 4-A.Vinatieri 31 yard field goal is GOOD, Center-49-S.McDermott, Holder-13-K.Walter.",2.545,0.455
2003,15,December 14,home,Jacksonville Jaguars,https://www.pro-football-reference.com/boxscores/200312140nwe.htm,2,02:30,,,NE 30,13,6,"4-A.Vinatieri kicks 59 yards from NE 30 to JAX 11. 34-D.Allen to JAX 36 for 25 yards (39-S.Mayer, 23-A.Harris).",0.361,0.758
2003,15,December 14,home,Jacksonville Jaguars,https://www.pro-football-reference.com/boxscores/200312140nwe.htm,2,02:24,1,10,JAX 36,13,6,(2:24) (Shotgun) 7-B.Leftwich pass to 44-M.Edwards pushed ob at JAX 48 for 12 yards (24-T.Law).,1.119,0.580
2003,15,December 14,home,Jacksonville Jaguars,https://www.pro-football-reference.com/boxscores/200312140nwe.htm,2,02:00,1,10,JAX 48,13,6,(2:00) (Shotgun) 7-B.Leftwich pass to 83-K.Johnson pushed ob at NE 24 for 28 yards (24-T.Law).,1.699,1.701
2003,15,December 14,home,Jacksonville Jaguars,https://www.pro-football-reference.com/boxscores/200312140nwe.htm,2,01:55,1,10,NE 24,13,6,(1:55) (Shotgun) 7-B.Leftwich pass incomplete to 83-K.Johnson.,3.400,-0.391
2003,15,December 14,home,Jacksonville Jaguars,https://www.pro-football-reference.com/boxscores/200312140nwe.htm,2,01:50,2,10,NE 24,13,6,(1:50) (Shotgun) 7-B.Leftwich scrambles up the middle to NE 19 for 5 yards (37-R.Harrison).,3.009,0.224
2003,15,December 14,home,Jacksonville Jaguars,https://www.pro-football-reference.com/boxscores/200312140nwe.htm,2,01:09,3,5,NE 19,13,6,(1:09) (Shotgun) 7-B.Leftwich pass to 85-C.Hankton to NE 16 for 3 yards (37-R.Harrison).,3.233,-0.726
2003,15,December 14,home,Jacksonville Jaguars,https://www.pro-football-reference.com/boxscores/200312140nwe.htm,2,00:26,,,NE 16,13,6,Timeout #1 by NE at 00:26.,2.507,0.000
2003,15,December 14,home,Jacksonville Jaguars,https://www.pro-football-reference.com/boxscores/200312140nwe.htm,2,00:26,4,2,NE 16,13,6,"(:26) 6-S.Marler 34 yard field goal is No Good, Wide Right, Center-88-J.Zelenka, Holder-3-M.Royals.",2.507,-2.613
2003,15,December 14,home,Jacksonville Jaguars,https://www.pro-football-reference.com/boxscores/200312140nwe.htm,2,00:22,1,10,NE 24,13,6,"(:22) (Shotgun) PENALTY on JAX-95-P.Spicer, Encroachment, 5 yards, enforced at NE 24 - No Play.",0.106,0.079
2003,15,December 14,home,Jacksonville Jaguars,https://www.pro-football-reference.com/boxscores/200312140nwe.htm,2,00:22,1,5,NE 29,13,6,(:22) (Shotgun) 12-T.Brady pass incomplete to 87-D.Givens.,0.185,-0.127
2003,15,December 14,home,Jacksonville Jaguars,https://www.pro-football-reference.com/boxscores/200312140nwe.htm,2,00:16,2,5,NE 29,13,6,(:16) (Shotgun) 12-T.Brady sacked at NE 23 for -6 yards (54-M.Peterson).,0.058,-0.058
2003,15,December 14,home,Jacksonville Jaguars,https://www.pro-football-reference.com/boxscores/200312140nwe.htm,3,15:00,,,NE 30,13,6,"4-A.Vinatieri kicks 58 yards from NE 30 to JAX 12. 34-D.Allen to JAX 33 for 21 yards (58-M.Chatham, 35-P.Pass). PENALTY on JAX-23-R.Perryman, Face Mask (15 Yards), 15 yards, enforced at JAX 30.",-0.140,-0.362
2003,15,December 14,home,Jacksonville Jaguars,https://www.pro-football-reference.com/boxscores/200312140nwe.htm,3,14:54,1,10,JAX 15,13,6,"(14:54) 28-F.Taylor left guard to JAX 20 for 5 yards (54-T.Bruschi, 93-R.Seymour).",-0.502,0.196
2003,15,December 14,home,Jacksonville Jaguars,https://www.pro-football-reference.com/boxscores/200312140nwe.htm,3,14:18,2,5,JAX 20,13,6,"(14:18) 28-F.Taylor left tackle to JAX 26 for 6 yards (54-T.Bruschi, 50-M.Vrabel).",-0.306,0.654
2003,15,December 14,home,Jacksonville Jaguars,https://www.pro-football-reference.com/boxscores/200312140nwe.htm,3,13:34,1,10,JAX 26,13,6,(13:34) 7-B.Leftwich pass incomplete to 80-K.Brady.,0.348,-0.479
2003,15,December 14,home,Jacksonville Jaguars,https://www.pro-football-reference.com/boxscores/200312140nwe.htm,3,13:30,2,10,JAX 26,13,6,"(13:30) 28-F.Taylor right end to JAX 27 for 1 yard (91-B.Hamilton, 54-T.Bruschi).",-0.130,-0.600
2003,15,December 14,home,Jacksonville Jaguars,https://www.pro-football-reference.com/boxscores/200312140nwe.htm,3,12:46,3,9,JAX 27,13,6,(12:46) (Shotgun) 7-B.Leftwich pass incomplete to 82-J.Smith.,-0.730,-1.237
2003,15,December 14,home,Jacksonville Jaguars,https://www.pro-football-reference.com/boxscores/200312140nwe.htm,3,12:42,4,9,JAX 27,13,6,"(12:42) 3-M.Royals punts 38 yards to NE 35, Center-88-J.Zelenka. 80-T.Brown pushed ob at JAX 48 for 17 yards (23-R.Perryman). PENALTY on NE-35-P.Pass, Offensive Holding, 10 yards, enforced at NE 40.",-1.967,0.406
2003,15,December 14,home,Jacksonville Jaguars,https://www.pro-football-reference.com/boxscores/200312140nwe.htm,3,12:30,1,10,NE 30,13,6,(12:30) 12-T.Brady pass incomplete to 33-K.Faulk. snow begins to fall.,1.561,-0.493
2003,15,December 14,home,Jacksonville Jaguars,https://www.pro-football-reference.com/boxscores/200312140nwe.htm,3,12:26,2,10,NE 30,13,6,(12:26) 12-T.Brady pass incomplete to 82-D.Graham (99-M.Stroud).,1.067,-0.720
2003,15,December 14,home,Jacksonville Jaguars,https://www.pro-football-reference.com/boxscores/200312140nwe.htm,3,12:23,3,10,NE 30,13,6,"(12:23) 12-T.Brady pass to 33-K.Faulk to NE 37 for 7 yards (54-M.Peterson, 51-A.Ayodele).",0.348,-0.636
2003,15,December 14,home,Jacksonville Jaguars,https://www.pro-football-reference.com/boxscores/200312140nwe.htm,3,11:42,4,3,NE 37,13,6,"(11:42) 13-K.Walter punts 37 yards to JAX 26, Center-49-S.McDermott. 34-D.Allen to JAX 25 for -1 yards (58-M.Chatham, 82-D.Graham).",-0.289,-0.092
2003,15,December 14,home,Jacksonville Jaguars,https://www.pro-football-reference.com/boxscores/200312140nwe.htm,3,11:32,1,10,JAX 25,13,6,"(11:32) 7-B.Leftwich pass to 28-F.Taylor to JAX 33 for 8 yards (93-R.Seymour, 38-T.Poole). PENALTY on JAX-67-V.Manuwai, Personal Foul, 15 yards, enforced at JAX 33.",0.381,-1.449
2003,15,December 14,home,Jacksonville Jaguars,https://www.pro-football-reference.com/boxscores/200312140nwe.htm,3,11:07,2,17,JAX 18,13,6,"(11:07) 28-F.Taylor left guard to JAX 20 for 2 yards (55-W.McGinest, 54-T.Bruschi).",-1.069,-0.483
2003,15,December 14,home,Jacksonville Jaguars,https://www.pro-football-reference.com/boxscores/200312140nwe.htm,3,10:24,3,15,JAX 20,13,6,(10:24) (Shotgun) 7-B.Leftwich pass to 82-J.Smith to JAX 26 for 6 yards (95-R.Phifer).,-1.551,-0.419
2003,15,December 14,home,Jacksonville Jaguars,https://www.pro-football-reference.com/boxscores/200312140nwe.htm,3,09:51,4,9,JAX 26,13,6,"(9:51) 3-M.Royals punts 50 yards to NE 24, Center-88-J.Zelenka. 80-T.Brown MUFFS catch, and recovers at NE 24. 80-T.Brown to NE 35 for 11 yards (56-D.Humphrey). PENALTY on JAX-17-J.Redmond, Player Out of Bounds on Punt, 5 yards, enforced at JAX 26 - No Play.",-1.971,-0.458
2003,15,December 14,home,Jacksonville Jaguars,https://www.pro-football-reference.com/boxscores/200312140nwe.htm,3,09:39,4,14,JAX 21,13,6,"(9:39) 3-M.Royals punts 50 yards to NE 29, Center-88-J.Zelenka. 80-T.Brown to NE 47 for 18 yards (41-N.Sorensen).",-2.429,-0.219
2003,15,December 14,home,Jacksonville Jaguars,https://www.pro-football-reference.com/boxscores/200312140nwe.htm,3,09:23,1,10,NE 47,13,6,"(9:23) 33-K.Faulk up the middle to JAX 46 for 7 yards (20-D.Darius, 35-D.Cooper).",2.648,0.245
2003,15,December 14,home,Jacksonville Jaguars,https://www.pro-football-reference.com/boxscores/200312140nwe.htm,3,08:55,2,3,JAX 46,13,6,"(8:55) 33-K.Faulk right tackle to JAX 38 for 8 yards (51-A.Ayodele, 54-M.Peterson).",2.893,0.594
2003,15,December 14,home,Jacksonville Jaguars,https://www.pro-football-reference.com/boxscores/200312140nwe.htm,3,08:11,1,10,JAX 38,13,6,(8:11) 12-T.Brady pass to 87-D.Givens to JAX 32 for 6 yards (25-F.Bryant).,3.486,0.245
2003,15,December 14,home,Jacksonville Jaguars,https://www.pro-football-reference.com/boxscores/200312140nwe.htm,3,07:33,2,4,JAX 32,13,6,"(7:33) 35-P.Pass left end to JAX 33 for -1 yards (98-J.Henderson, 55-D.Clark).",3.731,-0.816
2003,15,December 14,home,Jacksonville Jaguars,https://www.pro-football-reference.com/boxscores/200312140nwe.htm,3,06:53,3,5,JAX 33,13,6,(6:53) 12-T.Brady pass to 80-T.Brown pushed ob at JAX 25 for 8 yards (25-F.Bryant).,2.916,1.294
2003,15,December 14,home,Jacksonville Jaguars,https://www.pro-football-reference.com/boxscores/200312140nwe.htm,3,06:31,1,10,JAX 25,13,6,"(6:31) 33-K.Faulk up the middle to JAX 22 for 3 yards (54-M.Peterson, 20-D.Darius).",4.210,-0.054
2003,15,December 14,home,Jacksonville Jaguars,https://www.pro-football-reference.com/boxscores/200312140nwe.htm,3,06:00,2,7,JAX 22,13,6,"(6:00) 12-T.Brady pass incomplete to 33-K.Faulk. PENALTY on NE-72-M.Light, Unnecessary Roughness, 15 yards, enforced at JAX 22.",4.156,-2.589
2003,15,December 14,home,Jacksonville Jaguars,https://www.pro-football-reference.com/boxscores/200312140nwe.htm,3,05:54,3,22,JAX 37,13,6,(5:54) (Shotgun) 12-T.Brady pass incomplete to 17-D.Ward.,1.567,-1.117
2003,15,December 14,home,Jacksonville Jaguars,https://www.pro-football-reference.com/boxscores/200312140nwe.htm,3,05:49,4,22,JAX 37,13,6,"(5:49) 13-K.Walter punts 33 yards to JAX 4, Center-49-S.McDermott, downed by NE-30-J.Cherry.",0.450,0.620
2003,15,December 14,home,Jacksonville Jaguars,https://www.pro-football-reference.com/boxscores/200312140nwe.htm,3,05:37,1,10,JAX 4,13,6,"(5:37) 28-F.Taylor up the middle to JAX 6 for 2 yards (92-T.Washington, 93-R.Seymour).",-1.070,-0.384
2003,15,December 14,home,Jacksonville Jaguars,https://www.pro-football-reference.com/boxscores/200312140nwe.htm,3,04:58,2,8,JAX 6,13,6,(4:58) 7-B.Leftwich pass incomplete to 86-T.Edwards.,-1.454,-0.552
2003,15,December 14,home,Jacksonville Jaguars,https://www.pro-football-reference.com/boxscores/200312140nwe.htm,3,04:53,3,8,JAX 6,13,6,(4:53) (Shotgun) 7-B.Leftwich pass to 86-T.Edwards ran ob at JAX 23 for 17 yards.,-2.006,2.058
2003,15,December 14,home,Jacksonville Jaguars,https://www.pro-football-reference.com/boxscores/200312140nwe.htm,3,04:35,1,10,JAX 23,13,6,(4:35) (Shotgun) 7-B.Leftwich pass incomplete to 82-J.Smith.,0.052,-0.511
2003,15,December 14,home,Jacksonville Jaguars,https://www.pro-football-reference.com/boxscores/200312140nwe.htm,3,04:31,2,10,JAX 23,13,6,"(4:31) 7-B.Leftwich pass to 28-F.Taylor to JAX 27 for 4 yards (54-T.Bruschi, 37-R.Harrison). shovel pass.",-0.459,-0.128
2003,15,December 14,home,Jacksonville Jaguars,https://www.pro-football-reference.com/boxscores/200312140nwe.htm,3,03:49,3,6,JAX 27,13,6,(3:49) (Shotgun) 7-B.Leftwich pass incomplete to 82-J.Smith.,-0.587,-1.173
2003,15,December 14,home,Jacksonville Jaguars,https://www.pro-football-reference.com/boxscores/200312140nwe.htm,3,03:48,4,6,JAX 27,13,6,"(3:48) 3-M.Royals punts 50 yards to NE 23, Center-88-J.Zelenka. 80-T.Brown to NE 32 for 9 yards (51-A.Ayodele, 88-J.Zelenka).",-1.760,0.098
2003,15,December 14,home,Jacksonville Jaguars,https://www.pro-football-reference.com/boxscores/200312140nwe.htm,3,03:38,1,10,NE 32,13,6,(3:38) 12-T.Brady pass to 82-D.Graham to JAX 38 for 30 yards (35-D.Cooper).,1.662,1.754
2003,15,December 14,home,Jacksonville Jaguars,https://www.pro-football-reference.com/boxscores/200312140nwe.htm,3,03:01,1,10,JAX 38,13,6,"(3:01) 32-A.Smith up the middle to JAX 24 for 14 yards (35-D.Cooper, 20-D.Darius). JAX 20-Darius injured on play.",3.417,0.962
2003,15,December 14,home,Jacksonville Jaguars,https://www.pro-football-reference.com/boxscores/200312140nwe.htm,3,02:37,1,10,JAX 24,13,6,(2:37) 32-A.Smith right guard to JAX 26 for -2 yards (90-T.Brackens).,4.379,-0.920
2003,15,December 14,home,Jacksonville Jaguars,https://www.pro-football-reference.com/boxscores/200312140nwe.htm,3,02:04,2,12,JAX 26,13,6,"(2:04) 12-T.Brady pass to 32-A.Smith to JAX 15 for 11 yards (55-D.Clark). FUMBLES (55-D.Clark), RECOVERED by JAX-95-P.Spicer at JAX 11.",3.458,-2.832
2003,15,December 14,home,Jacksonville Jaguars,https://www.pro-football-reference.com/boxscores/200312140nwe.htm,3,01:49,1,10,JAX 11,13,6,(1:49) 7-B.Leftwich pass incomplete to 82-J.Smith (55-W.McGinest).,-0.627,-0.484
2003,15,December 14,home,Jacksonville Jaguars,https://www.pro-football-reference.com/boxscores/200312140nwe.htm,3,01:44,2,10,JAX 11,13,6,(1:44) 28-F.Taylor left guard to JAX 18 for 7 yards (37-R.Harrison).,-1.111,0.152
2003,15,December 14,home,Jacksonville Jaguars,https://www.pro-football-reference.com/boxscores/200312140nwe.htm,3,01:07,3,3,JAX 18,13,6,"(1:07) 28-F.Taylor left tackle to JAX 23 for 5 yards (37-R.Harrison, 54-T.Bruschi).",-0.959,1.052
2003,15,December 14,home,Jacksonville Jaguars,https://www.pro-football-reference.com/boxscores/200312140nwe.htm,3,00:31,1,10,JAX 23,13,6,"(:31) 7-B.Leftwich pass to 44-M.Edwards to JAX 35 for 12 yards (54-T.Bruschi, 55-W.McGinest).",0.093,0.734
2003,15,December 14,home,Jacksonville Jaguars,https://www.pro-football-reference.com/boxscores/200312140nwe.htm,4,15:00,1,10,JAX 35,13,6,(15:00) 7-B.Leftwich pass intended for 82-J.Smith INTERCEPTED by 38-T.Poole at NE 48. 38-T.Poole to JAX 35 for 17 yards (65-C.Naeole).,0.828,-4.304
2003,15,December 14,home,Jacksonville Jaguars,https://www.pro-football-reference.com/boxscores/200312140nwe.htm,4,14:49,1,10,JAX 35,13,6,(14:49) 12-T.Brady pass to 17-D.Ward to JAX 26 for 9 yards (27-R.Mathis).,3.476,0.730
2003,15,December 14,home,Jacksonville Jaguars,https://www.pro-football-reference.com/boxscores/200312140nwe.htm,4,14:13,2,1,JAX 26,13,6,"(14:13) 33-K.Faulk left guard to JAX 24 for 2 yards (35-D.Cooper, 54-M.Peterson).",4.206,0.102
2003,15,December 14,home,Jacksonville Jaguars,https://www.pro-football-reference.com/boxscores/200312140nwe.htm,4,13:35,1,10,JAX 24,13,6,"(13:35) 32-A.Smith up the middle to JAX 20 for 4 yards (51-A.Ayodele, 35-D.Cooper).",4.308,-0.176
2003,15,December 14,home,Jacksonville Jaguars,https://www.pro-football-reference.com/boxscores/200312140nwe.htm,4,12:59,2,6,JAX 20,13,6,(12:59) 12-T.Brady pass incomplete to 87-D.Givens (51-A.Ayodele).,4.132,-0.595
2003,15,December 14,home,Jacksonville Jaguars,https://www.pro-football-reference.com/boxscores/200312140nwe.htm,4,12:55,3,6,JAX 20,13,6,(12:55) (Shotgun) 12-T.Brady pass to 31-L.Centers to JAX 12 for 8 yards (54-M.Peterson).,3.537,1.366
2003,15,December 14,home,Jacksonville Jaguars,https://www.pro-football-reference.com/boxscores/200312140nwe.htm,4,12:16,1,10,JAX 12,13,6,(12:16) 32-A.Smith right end to JAX 10 for 2 yards (25-F.Bryant).,4.903,-0.396
2003,15,December 14,home,Jacksonville Jaguars,https://www.pro-football-reference.com/boxscores/200312140nwe.htm,4,11:40,2,8,JAX 10,13,6,"(11:40) 33-K.Faulk up the middle to JAX 10 for no gain (92-R.Meier, 54-M.Peterson).",4.507,-0.740
2003,15,December 14,home,Jacksonville Jaguars,https://www.pro-football-reference.com/boxscores/200312140nwe.htm,4,11:02,3,8,JAX 10,19,6,"(11:02) 12-T.Brady pass to 80-T.Brown for 10 yards, TOUCHDOWN.",3.767,3.233
2003,15,December 14,home,Jacksonville Jaguars,https://www.pro-football-reference.com/boxscores/200312140nwe.htm,4,10:57,,,JAX 2,20,6,"4-A.Vinatieri extra point is GOOD, Center-49-S.McDermott, Holder-13-K.Walter.",0.986,0.014
2003,15,December 14,home,Jacksonville Jaguars,https://www.pro-football-reference.com/boxscores/200312140nwe.htm,4,10:57,,,NE 30,20,6,"4-A.Vinatieri kicks 63 yards from NE 30 to JAX 7. 34-D.Allen to JAX 43 for 36 yards (39-S.Mayer, 51-D.Davis).",0.164,1.393
2003,15,December 14,home,Jacksonville Jaguars,https://www.pro-football-reference.com/boxscores/200312140nwe.htm,4,10:50,1,10,JAX 43,20,6,(10:50) (Shotgun) 7-B.Leftwich pass incomplete to 28-F.Taylor.,1.557,-0.432
2003,15,December 14,home,Jacksonville Jaguars,https://www.pro-football-reference.com/boxscores/200312140nwe.htm,4,10:46,2,10,JAX 43,20,6,"(10:46) (Shotgun) PENALTY on JAX-74-M.Williams, False Start, 5 yards, enforced at JAX 43 - No Play.",1.125,-0.671
2003,15,December 14,home,Jacksonville Jaguars,https://www.pro-football-reference.com/boxscores/200312140nwe.htm,4,10:46,2,15,JAX 38,20,6,"(10:46) 34-D.Allen up the middle to JAX 43 for 5 yards (94-T.Warren, 90-D.Klecko).",0.454,-0.044
2003,15,December 14,home,Jacksonville Jaguars,https://www.pro-football-reference.com/boxscores/200312140nwe.htm,4,10:06,3,10,JAX 43,20,6,(10:06) (Shotgun) 7-B.Leftwich pass incomplete to 83-K.Johnson.,0.411,-1.293
2003,15,December 14,home,Jacksonville Jaguars,https://www.pro-football-reference.com/boxscores/200312140nwe.htm,4,10:01,4,10,JAX 43,20,6,"(10:01) 3-M.Royals punts 42 yards to NE 15, Center-88-J.Zelenka. 80-T.Brown pushed ob at NE 26 for 11 yards (17-J.Redmond).",-0.882,-0.302
2003,15,December 14,home,Jacksonville Jaguars,https://www.pro-football-reference.com/boxscores/200312140nwe.htm,4,09:51,1,10,NE 26,20,6,"(9:51) 32-A.Smith up the middle to NE 30 for 4 yards (99-M.Stroud, 98-J.Henderson).",1.183,-0.199
2003,15,December 14,home,Jacksonville Jaguars,https://www.pro-football-reference.com/boxscores/200312140nwe.htm,4,09:12,2,6,NE 30,20,6,"(9:12) 32-A.Smith up the middle to NE 30 for no gain (98-J.Henderson, 51-A.Ayodele).",0.984,-0.628
2003,15,December 14,home,Jacksonville Jaguars,https://www.pro-football-reference.com/boxscores/200312140nwe.htm,4,08:29,3,6,NE 30,20,6,(8:29) (Shotgun) 12-T.Brady pass incomplete to 31-L.Centers.,0.356,-1.179
2003,15,December 14,home,Jacksonville Jaguars,https://www.pro-football-reference.com/boxscores/200312140nwe.htm,4,08:25,4,6,NE 30,20,6,"(8:25) 13-K.Walter punts 51 yards to JAX 19, Center-49-S.McDermott, downed by NE-23-A.Harris.",-0.822,0.527
2003,15,December 14,home,Jacksonville Jaguars,https://www.pro-football-reference.com/boxscores/200312140nwe.htm,4,08:11,1,10,JAX 19,20,6,"(8:11) 7-B.Leftwich pass to 83-K.Johnson to JAX 27 for 8 yards (37-R.Harrison, 93-R.Seymour).",0.295,0.582
2003,15,December 14,home,Jacksonville Jaguars,https://www.pro-football-reference.com/boxscores/200312140nwe.htm,4,07:44,2,2,JAX 27,20,6,"(7:44) 28-F.Taylor right guard to JAX 32 for 5 yards (90-D.Klecko, 94-T.Warren).",0.877,0.257
2003,15,December 14,home,Jacksonville Jaguars,https://www.pro-football-reference.com/boxscores/200312140nwe.htm,4,07:11,1,10,JAX 32,20,6,(7:11) 7-B.Leftwich pass to 28-F.Taylor to JAX 39 for 7 yards (54-T.Bruschi).,1.135,0.273
2003,15,December 14,home,Jacksonville Jaguars,https://www.pro-football-reference.com/boxscores/200312140nwe.htm,4,06:39,2,3,JAX 39,20,6,(6:39) 7-B.Leftwich pass incomplete to 82-J.Smith (24-T.Law).,1.407,-0.764
2003,15,December 14,home,Jacksonville Jaguars,https://www.pro-football-reference.com/boxscores/200312140nwe.htm,4,06:33,,,JAX 39,20,6,Timeout #1 by JAX at 06:33.,0.643,0.000
2003,15,December 14,home,Jacksonville Jaguars,https://www.pro-football-reference.com/boxscores/200312140nwe.htm,4,06:33,3,3,JAX 39,20,6,(6:33) 7-B.Leftwich scrambles left end to JAX 43 for 4 yards (38-T.Poole).,0.643,0.915
2003,15,December 14,home,Jacksonville Jaguars,https://www.pro-football-reference.com/boxscores/200312140nwe.htm,4,05:59,1,10,JAX 43,20,6,"(5:59) (No Huddle, Shotgun) 7-B.Leftwich pass incomplete to 83-K.Johnson.",1.558,-0.443
2003,15,December 14,home,Jacksonville Jaguars,https://www.pro-football-reference.com/boxscores/200312140nwe.htm,4,05:56,2,10,JAX 43,20,6,"(5:56) (Shotgun) 7-B.Leftwich pass intended for 86-T.Edwards INTERCEPTED by 38-T.Poole at JAX 47. 38-T.Poole to JAX 3 for 44 yards (22-L.Toefield). Penalty on JAX-74-M.Williams, Illegal Use of Hands, declined.",1.116,-7.043
2003,15,December 14,home,Jacksonville Jaguars,https://www.pro-football-reference.com/boxscores/200312140nwe.htm,4,05:45,1,3,JAX 3,20,6,(5:45) NE 90-Klecko eligible. 32-A.Smith right guard to JAX 2 for 1 yard (27-R.Mathis).,5.928,-0.178
2003,15,December 14,home,Jacksonville Jaguars,https://www.pro-football-reference.com/boxscores/200312140nwe.htm,4,05:11,2,2,JAX 2,20,6,(5:11) NE 90-Klecko eligible. 32-A.Smith right guard to JAX 1 for 1 yard (98-J.Henderson).,5.750,-0.226
2003,15,December 14,home,Jacksonville Jaguars,https://www.pro-football-reference.com/boxscores/200312140nwe.htm,4,,,,JAX 1,20,6,Timeout #1 by NE.,5.524,0.000
2003,15,December 14,home,Jacksonville Jaguars,https://www.pro-football-reference.com/boxscores/200312140nwe.htm,4,04:23,3,1,JAX 1,26,6,"(4:23) NE 93-Seymour eligible. 32-A.Smith up the middle for 1 yard, TOUCHDOWN. PENALTY on NE-93-R.Seymour, Personal Foul, 15 yards, enforced between downs.",5.524,1.476
2003,15,December 14,home,Jacksonville Jaguars,https://www.pro-football-reference.com/boxscores/200312140nwe.htm,4,04:18,,,JAX 2,27,6,"4-A.Vinatieri extra point is GOOD, Center-49-S.McDermott, Holder-13-K.Walter.",0.986,0.014
2003,15,December 14,home,Jacksonville Jaguars,https://www.pro-football-reference.com/boxscores/200312140nwe.htm,4,04:18,,,NE 15,27,6,"4-A.Vinatieri kicks 66 yards from NE 15 to JAX 19. 34-D.Allen to JAX 47 for 28 yards (53-L.Izzo, 35-P.Pass).",0.345,1.392
2003,15,December 14,home,Jacksonville Jaguars,https://www.pro-football-reference.com/boxscores/200312140nwe.htm,4,04:12,1,10,JAX 47,27,6,"(4:12) (Shotgun) 7-B.Leftwich pass to 28-F.Taylor to NE 40 for 13 yards (50-M.Vrabel, 37-R.Harrison).",1.737,0.683
2003,15,December 14,home,Jacksonville Jaguars,https://www.pro-football-reference.com/boxscores/200312140nwe.htm,4,03:45,1,10,NE 40,27,6,(3:45) (Shotgun) 7-B.Leftwich pass to 44-M.Edwards pushed ob at NE 27 for 13 yards (26-E.Wilson).,2.420,0.940
2003,15,December 14,home,Jacksonville Jaguars,https://www.pro-football-reference.com/boxscores/200312140nwe.htm,4,03:36,1,10,NE 27,27,6,(3:36) (Shotgun) 7-B.Leftwich pass incomplete to 28-F.Taylor (97-J.Green).,3.359,-0.365
2003,15,December 14,home,Jacksonville Jaguars,https://www.pro-football-reference.com/boxscores/200312140nwe.htm,4,03:33,2,10,NE 27,27,6,(3:33) (Shotgun) 7-B.Leftwich pass incomplete to 82-J.Smith.,2.994,-0.447
2003,15,December 14,home,Jacksonville Jaguars,https://www.pro-football-reference.com/boxscores/200312140nwe.htm,4,03:28,3,10,NE 27,27,12,"(3:28) (Shotgun) 7-B.Leftwich pass to 83-K.Johnson for 27 yards, TOUCHDOWN. PENALTY on NE-38-T.Poole, Roughing the Passer, 15 yards, enforced between downs.",2.547,4.453
2003,15,December 14,home,Jacksonville Jaguars,https://www.pro-football-reference.com/boxscores/200312140nwe.htm,4,03:22,,,NE 2,27,13,"6-S.Marler extra point is GOOD, Center-88-J.Zelenka, Holder-3-M.Royals.",0.986,0.014
2003,15,December 14,home,Jacksonville Jaguars,https://www.pro-football-reference.com/boxscores/200312140nwe.htm,4,03:22,,,JAX 45,27,13,(Onside Kick formation) 6-S.Marler kicks onside 8 yards from JAX 45 to NE 47. 53-L.Izzo (didn't try to advance) to NE 47 for no gain (17-J.Redmond).,0.496,1.299
2003,15,December 14,home,Jacksonville Jaguars,https://www.pro-football-reference.com/boxscores/200312140nwe.htm,4,03:21,1,10,NE 47,27,13,(3:21) 32-A.Smith left guard to 50 for 3 yards (99-M.Stroud).,1.796,-0.250
2003,15,December 14,home,Jacksonville Jaguars,https://www.pro-football-reference.com/boxscores/200312140nwe.htm,4,02:41,2,7,MID 50,27,13,"(2:41) 35-P.Pass up the middle to JAX 45 for 5 yards (99-M.Stroud, 55-D.Clark). PENALTY on JAX-95-P.Spicer, Defensive Offside, 5 yards, enforced at 50 - No Play.",1.546,0.611
2003,15,December 14,home,Jacksonville Jaguars,https://www.pro-football-reference.com/boxscores/200312140nwe.htm,4,02:35,2,2,JAX 45,27,13,(2:35) 35-P.Pass up the middle to JAX 41 for 4 yards (92-R.Meier).,2.157,0.222
2003,15,December 14,home,Jacksonville Jaguars,https://www.pro-football-reference.com/boxscores/200312140nwe.htm,4,02:00,1,10,JAX 41,27,13,"(2:00) 32-A.Smith left end to JAX 41 for no gain (94-L.Barnes, 99-M.Stroud).",2.379,-0.628
2003,15,December 14,home,Jacksonville Jaguars,https://www.pro-football-reference.com/boxscores/200312140nwe.htm,4,01:46,,,JAX 41,27,13,Timeout #2 by JAX at 01:46.,1.751,0.000
2003,15,December 14,home,Jacksonville Jaguars,https://www.pro-football-reference.com/boxscores/200312140nwe.htm,4,01:46,2,10,JAX 41,27,13,"(1:46) 32-A.Smith right end to JAX 37 for 4 yards (51-A.Ayodele, 35-D.Cooper).",1.751,-0.999
2003,15,December 14,home,Jacksonville Jaguars,https://www.pro-football-reference.com/boxscores/200312140nwe.htm,4,01:39,,,JAX 37,27,13,Timeout #3 by JAX at 01:39.,0.752,0.000
2003,15,December 14,home,Jacksonville Jaguars,https://www.pro-football-reference.com/boxscores/200312140nwe.htm,4,01:39,3,6,JAX 37,27,13,"(1:39) 32-A.Smith left tackle to JAX 33 for 4 yards (98-J.Henderson, 95-P.Spicer).",0.752,0.012
2003,15,December 14,home,Jacksonville Jaguars,https://www.pro-football-reference.com/boxscores/200312140nwe.htm,4,00:57,4,2,JAX 33,27,13,(:57) 32-A.Smith right guard to JAX 32 for 1 yard (20-D.Darius).,0.765,-1.131
2003,15,December 14,home,Jacksonville Jaguars,https://www.pro-football-reference.com/boxscores/200312140nwe.htm,4,00:51,1,10,JAX 32,27,13,(:51) 7-B.Leftwich pass to 34-D.Allen to JAX 38 for 6 yards (97-J.Green).,0.366,-0.142
2003,15,December 14,home,Jacksonville Jaguars,https://www.pro-football-reference.com/boxscores/200312140nwe.htm,4,00:22,2,4,JAX 38,27,13,"(:22) (No Huddle, Shotgun) 7-B.Leftwich pass incomplete to 44-M.Edwards.",0.225,-0.052
2003,15,December 14,home,Jacksonville Jaguars,https://www.pro-football-reference.com/boxscores/200312140nwe.htm,4,00:20,3,4,JAX 38,27,13,(:20) (Shotgun) 7-B.Leftwich pass to 44-M.Edwards to JAX 42 for 4 yards (38-T.Poole).,0.172,-0.172
2003,16,December 20,away,New York Jets,https://www.pro-football-reference.com/boxscores/200312200nyj.htm,1,15:00,,,NE 30,0,0,"4-A.Vinatieri kicks 63 yards from NE 30 to NYJ 7. 34-L.Jordan to NYJ 28 for 21 yards (30-J.Cherry, 39-S.Mayer).",0.817,0.583
2003,16,December 20,away,New York Jets,https://www.pro-football-reference.com/boxscores/200312200nyj.htm,1,14:54,1,10,NYJ 28,0,0,(14:54) 10-C.Pennington pass to 33-J.Sowell to NYJ 40 for 12 yards (54-T.Bruschi).,1.400,0.766
2003,16,December 20,away,New York Jets,https://www.pro-football-reference.com/boxscores/200312200nyj.htm,1,14:28,1,10,NYJ 40,0,0,"(14:28) 10-C.Pennington pass intended for 88-A.Becht INTERCEPTED by 54-T.Bruschi at NYJ 38. 54-T.Bruschi to NYJ 35 for 3 yards (28-C.Martin, 74-B.Smith).",2.166,-5.248
2003,16,December 20,away,New York Jets,https://www.pro-football-reference.com/boxscores/200312200nyj.htm,1,14:20,1,10,NYJ 35,6,0,"(14:20) 12-T.Brady pass to 87-D.Givens for 35 yards, TOUCHDOWN.",3.082,3.918
2003,16,December 20,away,New York Jets,https://www.pro-football-reference.com/boxscores/200312200nyj.htm,1,14:12,,,NYJ 2,7,0,"4-A.Vinatieri extra point is GOOD, Center-46-B.Kinchen, Holder-13-K.Walter.",0.986,0.014
2003,16,December 20,away,New York Jets,https://www.pro-football-reference.com/boxscores/200312200nyj.htm,1,14:12,,,NE 30,7,0,4-A.Vinatieri kicks 62 yards from NE 30 to NYJ 8. 34-L.Jordan to NYJ 17 for 9 yards (48-T.Banta-Cain).,0.830,-0.167
2003,16,December 20,away,New York Jets,https://www.pro-football-reference.com/boxscores/200312200nyj.htm,1,14:06,1,10,NYJ 17,7,0,(14:06) 10-C.Pennington pass to 88-A.Becht pushed ob at NYJ 32 for 15 yards (26-E.Wilson).,0.663,1.095
2003,16,December 20,away,New York Jets,https://www.pro-football-reference.com/boxscores/200312200nyj.htm,1,13:40,1,10,NYJ 32,7,0,(13:40) 28-C.Martin right end pushed ob at NYJ 40 for 8 yards (26-E.Wilson).,1.758,0.526
2003,16,December 20,away,New York Jets,https://www.pro-football-reference.com/boxscores/200312200nyj.htm,1,13:13,2,2,NYJ 40,7,0,(13:13) 10-C.Pennington pass to 88-A.Becht to NYJ 43 for 3 yards (55-W.McGinest).,2.284,0.100
2003,16,December 20,away,New York Jets,https://www.pro-football-reference.com/boxscores/200312200nyj.htm,1,12:32,1,10,NYJ 43,7,0,(12:32) 28-C.Martin up the middle to NYJ 48 for 5 yards (93-R.Seymour).,2.384,0.082
2003,16,December 20,away,New York Jets,https://www.pro-football-reference.com/boxscores/200312200nyj.htm,1,11:55,2,5,NYJ 48,7,0,(11:55) 28-C.Martin right guard to NE 45 for 7 yards (37-R.Harrison).,2.466,0.609
2003,16,December 20,away,New York Jets,https://www.pro-football-reference.com/boxscores/200312200nyj.htm,1,11:32,1,10,NE 45,7,0,(11:32) 10-C.Pennington pass incomplete to 33-J.Sowell.,3.075,-0.452
2003,16,December 20,away,New York Jets,https://www.pro-football-reference.com/boxscores/200312200nyj.htm,1,11:18,2,10,NE 45,7,0,(11:18) 10-C.Pennington scrambles up the middle to NE 44 for 1 yard (55-W.McGinest).,2.622,-0.800
2003,16,December 20,away,New York Jets,https://www.pro-football-reference.com/boxscores/200312200nyj.htm,1,10:31,3,9,NE 44,7,0,(10:31) 10-C.Pennington pass to 89-K.Lockett to NE 33 for 11 yards (24-T.Law).,1.823,1.927
2003,16,December 20,away,New York Jets,https://www.pro-football-reference.com/boxscores/200312200nyj.htm,1,09:47,1,10,NE 33,7,0,(9:47) 28-C.Martin left end to NE 31 for 2 yards (38-T.Poole).,3.749,-0.294
2003,16,December 20,away,New York Jets,https://www.pro-football-reference.com/boxscores/200312200nyj.htm,1,09:04,2,8,NE 31,7,0,(9:04) 10-C.Pennington pass to 83-S.Moss pushed ob at NE 21 for 10 yards (24-T.Law).,3.455,1.055
2003,16,December 20,away,New York Jets,https://www.pro-football-reference.com/boxscores/200312200nyj.htm,1,08:34,1,10,NE 21,7,0,"(8:34) 10-C.Pennington pass to 81-C.Conway to NE 18 for 3 yards (38-T.Poole, 50-M.Vrabel).",4.510,-0.118
2003,16,December 20,away,New York Jets,https://www.pro-football-reference.com/boxscores/200312200nyj.htm,1,07:54,2,7,NE 18,7,0,"(7:54) 28-C.Martin up the middle to NE 15 for 3 yards (92-T.Washington, 54-T.Bruschi).",4.392,-0.278
2003,16,December 20,away,New York Jets,https://www.pro-football-reference.com/boxscores/200312200nyj.htm,1,07:13,3,4,NE 15,7,0,(7:13) 10-C.Pennington pass to 81-C.Conway to NE 11 for 4 yards (24-T.Law).,4.114,0.898
2003,16,December 20,away,New York Jets,https://www.pro-football-reference.com/boxscores/200312200nyj.htm,1,06:32,1,10,NE 11,7,0,"(6:32) 10-C.Pennington pass to 88-A.Becht to NE 12 for -1 yards (37-R.Harrison). PENALTY on NE-55-W.McGinest, Roughing the Passer, 6 yards, enforced at NE 11 - No Play.",5.012,0.734
2003,16,December 20,away,New York Jets,https://www.pro-football-reference.com/boxscores/200312200nyj.htm,1,06:25,1,5,NE 5,7,0,(6:25) 28-C.Martin left guard to NE 1 for 4 yards (55-W.McGinest).,5.746,0.393
2003,16,December 20,away,New York Jets,https://www.pro-football-reference.com/boxscores/200312200nyj.htm,1,05:40,2,1,NE 1,7,0,"(5:40) 28-C.Martin up the middle to NE 1 for no gain (37-R.Harrison, 24-T.Law).",6.139,-0.427
2003,16,December 20,away,New York Jets,https://www.pro-football-reference.com/boxscores/200312200nyj.htm,1,04:59,3,1,NE 1,7,6,"(4:59) 10-C.Pennington right end for 1 yard, TOUCHDOWN.",5.712,1.288
2003,16,December 20,away,New York Jets,https://www.pro-football-reference.com/boxscores/200312200nyj.htm,1,04:52,,,NE 2,7,7,"6-D.Brien extra point is GOOD, Center-85-J.Dearth, Holder-4-D.Stryzinski.",0.986,0.014
2003,16,December 20,away,New York Jets,https://www.pro-football-reference.com/boxscores/200312200nyj.htm,1,04:52,,,NYJ 30,7,7,6-D.Brien kicks 54 yards from NYJ 30 to NE 16. 81-B.Johnson to NE 43 for 27 yards (35-B.Askew).,-0.045,1.515
2003,16,December 20,away,New York Jets,https://www.pro-football-reference.com/boxscores/200312200nyj.htm,1,04:44,1,10,NE 43,7,7,"(4:44) 32-A.Smith right tackle to NYJ 49 for 8 yards (42-S.Garnes, 56-S.Cowart).",1.470,0.603
2003,16,December 20,away,New York Jets,https://www.pro-football-reference.com/boxscores/200312200nyj.htm,1,04:13,2,2,NYJ 49,7,7,(4:13) 32-A.Smith left end to NYJ 39 for 10 yards (22-T.Carter). Pitch left.,2.073,0.721
2003,16,December 20,away,New York Jets,https://www.pro-football-reference.com/boxscores/200312200nyj.htm,1,03:36,1,10,NYJ 39,7,7,(3:36) 12-T.Brady pass incomplete to 83-D.Branch (24-R.Mickens).,2.794,-0.542
2003,16,December 20,away,New York Jets,https://www.pro-football-reference.com/boxscores/200312200nyj.htm,1,03:30,2,10,NYJ 39,7,7,(3:30) 12-T.Brady pass incomplete to 82-D.Graham (56-S.Cowart). Pressure by NYJ #63 Robertson and NYJ #72 Ferguson.,2.252,-0.876
2003,16,December 20,away,New York Jets,https://www.pro-football-reference.com/boxscores/200312200nyj.htm,1,03:23,3,10,NYJ 39,7,7,(3:23) 12-T.Brady pass incomplete to 83-D.Branch. Pressure by NYJ #92 Ellis.,1.376,-1.854
2003,16,December 20,away,New York Jets,https://www.pro-football-reference.com/boxscores/200312200nyj.htm,1,03:23,4,10,NYJ 39,7,7,"(3:23) 13-K.Walter punts 26 yards to NYJ 13, Center-46-B.Kinchen, fair catch by 83-S.Moss.",-0.477,0.223
2003,16,December 20,away,New York Jets,https://www.pro-football-reference.com/boxscores/200312200nyj.htm,1,03:05,1,10,NYJ 13,7,7,(3:05) 10-C.Pennington sacked at NYJ 6 for -7 yards (50-M.Vrabel).,0.254,-1.363
2003,16,December 20,away,New York Jets,https://www.pro-football-reference.com/boxscores/200312200nyj.htm,1,02:32,2,17,NYJ 6,7,7,(2:32) 28-C.Martin right tackle to NYJ 8 for 2 yards (91-B.Hamilton).,-1.109,-0.553
2003,16,December 20,away,New York Jets,https://www.pro-football-reference.com/boxscores/200312200nyj.htm,1,01:49,3,15,NYJ 8,7,7,(1:49) 10-C.Pennington pass to 81-C.Conway to NYJ 17 for 9 yards (54-T.Bruschi).,-1.661,-0.095
2003,16,December 20,away,New York Jets,https://www.pro-football-reference.com/boxscores/200312200nyj.htm,1,01:49,4,6,NYJ 17,7,7,"(1:49) 4-D.Stryzinski punts 37 yards to NE 46, Center-85-J.Dearth. 80-T.Brown to NYJ 48 for 6 yards (54-V.Hobson).",-1.757,-0.296
2003,16,December 20,away,New York Jets,https://www.pro-football-reference.com/boxscores/200312200nyj.htm,1,01:02,1,10,NYJ 48,7,7,"(1:02) 32-A.Smith right end to NYJ 45 for 3 yards (56-S.Cowart, 92-S.Ellis).",2.052,-0.163
2003,16,December 20,away,New York Jets,https://www.pro-football-reference.com/boxscores/200312200nyj.htm,1,00:24,2,7,NYJ 45,7,7,"(:24) 32-A.Smith left guard to NYJ 41 for 4 yards (56-S.Cowart, 72-J.Ferguson).",1.889,-0.159
2003,16,December 20,away,New York Jets,https://www.pro-football-reference.com/boxscores/200312200nyj.htm,2,15:00,3,3,NYJ 41,7,7,(15:00) (Shotgun) 12-T.Brady pass incomplete to 88-C.Fauria.,1.730,-1.876
2003,16,December 20,away,New York Jets,https://www.pro-football-reference.com/boxscores/200312200nyj.htm,2,14:55,4,3,NYJ 41,7,7,"(14:55) 13-K.Walter punts 34 yards to NYJ 7, Center-46-B.Kinchen, downed by NE-23-A.Harris.",-0.146,0.269
2003,16,December 20,away,New York Jets,https://www.pro-football-reference.com/boxscores/200312200nyj.htm,2,14:44,1,10,NYJ 7,7,7,(14:44) 10-C.Pennington pass to 83-S.Moss pushed ob at NYJ 12 for 5 yards (24-T.Law).,-0.123,0.001
2003,16,December 20,away,New York Jets,https://www.pro-football-reference.com/boxscores/200312200nyj.htm,2,14:18,2,5,NYJ 12,7,7,"(14:18) 28-C.Martin left end to NYJ 15 for 3 yards (54-T.Bruschi, 50-M.Vrabel).",-0.122,-0.097
2003,16,December 20,away,New York Jets,https://www.pro-football-reference.com/boxscores/200312200nyj.htm,2,13:32,3,2,NYJ 15,13,7,"(13:32) 10-C.Pennington pass intended for 81-C.Conway INTERCEPTED by 55-W.McGinest at NYJ 15. 55-W.McGinest for 15 yards, TOUCHDOWN.",-0.219,-6.781
2003,16,December 20,away,New York Jets,https://www.pro-football-reference.com/boxscores/200312200nyj.htm,2,13:24,,,NYJ 2,14,7,"4-A.Vinatieri extra point is GOOD, Center-46-B.Kinchen, Holder-13-K.Walter.",0.986,0.014
2003,16,December 20,away,New York Jets,https://www.pro-football-reference.com/boxscores/200312200nyj.htm,2,13:24,,,NE 30,14,7,4-A.Vinatieri kicks 42 yards from NE 30 to NYJ 28. 77-J.Machado to NYJ 36 for 8 yards (51-D.Davis).,0.722,1.076
2003,16,December 20,away,New York Jets,https://www.pro-football-reference.com/boxscores/200312200nyj.htm,2,13:21,1,10,NYJ 36,14,7,"(13:21) 28-C.Martin left guard to NYJ 41 for 5 yards (52-T.Johnson, 95-R.Phifer).",1.798,0.008
2003,16,December 20,away,New York Jets,https://www.pro-football-reference.com/boxscores/200312200nyj.htm,2,12:49,2,5,NYJ 41,14,7,"(12:49) 28-C.Martin left guard to NYJ 43 for 2 yards (92-T.Washington, 97-J.Green).",1.807,-0.405
2003,16,December 20,away,New York Jets,https://www.pro-football-reference.com/boxscores/200312200nyj.htm,2,12:08,3,3,NYJ 43,14,7,(12:08) 10-C.Pennington pass incomplete to 28-C.Martin.,1.402,-1.540
2003,16,December 20,away,New York Jets,https://www.pro-football-reference.com/boxscores/200312200nyj.htm,2,12:03,4,3,NYJ 43,14,7,"(12:03) 4-D.Stryzinski punts 48 yards to NE 9, Center-85-J.Dearth, fair catch by 80-T.Brown.",-0.138,0.708
2003,16,December 20,away,New York Jets,https://www.pro-football-reference.com/boxscores/200312200nyj.htm,2,11:53,1,10,NE 9,14,7,"(11:53) 32-A.Smith left end to NE 39 for 30 yards (21-A.Beasley, 63-D.Robertson). Pitch left",-0.569,1.861
2003,16,December 20,away,New York Jets,https://www.pro-football-reference.com/boxscores/200312200nyj.htm,2,11:12,1,10,NE 39,14,7,"(11:12) 32-A.Smith left guard to NE 42 for 3 yards (72-J.Ferguson, 99-B.Thomas).",1.291,-0.213
2003,16,December 20,away,New York Jets,https://www.pro-football-reference.com/boxscores/200312200nyj.htm,2,10:37,2,7,NE 42,14,7,(10:37) 33-K.Faulk left tackle to NE 43 for 1 yard (63-D.Robertson).,1.079,-0.522
2003,16,December 20,away,New York Jets,https://www.pro-football-reference.com/boxscores/200312200nyj.htm,2,09:53,3,6,NE 43,14,7,(9:53) (Shotgun) 12-T.Brady pass to 80-T.Brown to NYJ 45 for 12 yards (29-D.Abraham).,0.556,1.812
2003,16,December 20,away,New York Jets,https://www.pro-football-reference.com/boxscores/200312200nyj.htm,2,09:10,1,10,NYJ 45,14,7,(9:10) 33-K.Faulk left end to NYJ 41 for 4 yards (55-M.Jones).,2.368,-0.018
2003,16,December 20,away,New York Jets,https://www.pro-football-reference.com/boxscores/200312200nyj.htm,2,08:31,2,6,NYJ 41,14,7,(8:31) 12-T.Brady pass incomplete to 83-D.Branch. Pressure by 93-Reed,2.351,-0.787
2003,16,December 20,away,New York Jets,https://www.pro-football-reference.com/boxscores/200312200nyj.htm,2,08:25,3,6,NYJ 41,14,7,"(8:25) 12-T.Brady pass to 80-T.Brown to NYJ 36 for 5 yards (56-S.Cowart, 21-A.Beasley).",1.564,-0.275
2003,16,December 20,away,New York Jets,https://www.pro-football-reference.com/boxscores/200312200nyj.htm,2,07:47,4,1,NYJ 36,14,7,"(7:47) 12-T.Brady right guard to NYJ 34 for 2 yards (91-J.Evans, 75-C.McGlockton).",1.288,1.834
2003,16,December 20,away,New York Jets,https://www.pro-football-reference.com/boxscores/200312200nyj.htm,2,07:09,1,10,NYJ 34,14,7,(7:09) 32-A.Smith up the middle to NYJ 36 for -2 yards (95-M.Walters).,3.122,-0.842
2003,16,December 20,away,New York Jets,https://www.pro-football-reference.com/boxscores/200312200nyj.htm,2,06:29,2,12,NYJ 36,14,7,(6:29) 12-T.Brady pass to 32-A.Smith to NYJ 39 for -3 yards (91-J.Evans).,2.280,-1.069
2003,16,December 20,away,New York Jets,https://www.pro-football-reference.com/boxscores/200312200nyj.htm,2,05:46,3,15,NYJ 39,14,7,"(5:46) (Shotgun) 12-T.Brady pass to 82-D.Graham to NYJ 35 for 4 yards (56-S.Cowart, 91-J.Evans).",1.211,-0.481
2003,16,December 20,away,New York Jets,https://www.pro-football-reference.com/boxscores/200312200nyj.htm,2,05:10,4,11,NYJ 35,14,7,"(5:10) 13-K.Walter punts 30 yards to NYJ 5, Center-46-B.Kinchen, downed by NE-54-T.Bruschi.",0.730,-0.408
2003,16,December 20,away,New York Jets,https://www.pro-football-reference.com/boxscores/200312200nyj.htm,2,04:55,1,10,NYJ 5,14,7,(4:55) 10-C.Pennington pass to 28-C.Martin pushed ob at NYJ 12 for 7 yards (38-T.Poole).,-0.321,0.273
2003,16,December 20,away,New York Jets,https://www.pro-football-reference.com/boxscores/200312200nyj.htm,2,04:29,2,3,NYJ 12,14,7,(4:29) 10-C.Pennington pass incomplete to 81-C.Conway.,-0.048,-0.487
2003,16,December 20,away,New York Jets,https://www.pro-football-reference.com/boxscores/200312200nyj.htm,2,04:22,3,3,NYJ 12,14,7,"(4:22) 10-C.Pennington pass incomplete to 28-C.Martin. Penalty on NYJ-68-K.Mawae, Ineligible Downfield Pass, declined. Penalty on NYJ, Offensive Pass Interference, declined.",-0.535,-0.981
2003,16,December 20,away,New York Jets,https://www.pro-football-reference.com/boxscores/200312200nyj.htm,2,04:15,4,3,NYJ 12,14,7,"(4:15) 4-D.Stryzinski punts 38 yards to 50, Center-85-J.Dearth. 80-T.Brown to NYJ 43 for 7 yards (55-M.Jones, 51-Q.Stewart).",-1.516,-0.873
2003,16,December 20,away,New York Jets,https://www.pro-football-reference.com/boxscores/200312200nyj.htm,2,03:57,1,10,NYJ 43,14,7,(3:57) 12-T.Brady pass to 80-T.Brown to NYJ 30 for 13 yards (54-V.Hobson).,2.389,0.845
2003,16,December 20,away,New York Jets,https://www.pro-football-reference.com/boxscores/200312200nyj.htm,2,03:16,1,10,NYJ 30,14,7,"(3:16) 32-A.Smith up the middle to NYJ 28 for 2 yards (63-D.Robertson, 72-J.Ferguson).",3.235,-0.538
2003,16,December 20,away,New York Jets,https://www.pro-football-reference.com/boxscores/200312200nyj.htm,2,02:39,2,8,NYJ 28,14,7,(2:39) 12-T.Brady pass incomplete to 83-D.Branch. Pressure 63-Robertson,2.696,-0.415
2003,16,December 20,away,New York Jets,https://www.pro-football-reference.com/boxscores/200312200nyj.htm,2,02:32,3,8,NYJ 28,14,7,"(2:32) 31-L.Centers left guard to NYJ 25 for 3 yards (58-J.Glenn, 99-B.Thomas).",2.281,-0.464
2003,16,December 20,away,New York Jets,https://www.pro-football-reference.com/boxscores/200312200nyj.htm,2,02:00,4,5,NYJ 25,14,7,(2:00) 12-T.Brady pass incomplete to 33-K.Faulk.,1.817,-2.571
2003,16,December 20,away,New York Jets,https://www.pro-football-reference.com/boxscores/200312200nyj.htm,2,01:55,1,10,NYJ 25,14,7,(1:55) 28-C.Martin right guard to NYJ 31 for 6 yards (95-R.Phifer).,0.754,0.282
2003,16,December 20,away,New York Jets,https://www.pro-football-reference.com/boxscores/200312200nyj.htm,2,01:31,2,4,NYJ 31,14,7,(1:31) 10-C.Pennington pass to 83-S.Moss ran ob at NYJ 46 for 15 yards.,1.036,0.734
2003,16,December 20,away,New York Jets,https://www.pro-football-reference.com/boxscores/200312200nyj.htm,2,01:24,1,10,NYJ 46,14,7,(1:24) 10-C.Pennington pass to 89-K.Lockett to NE 31 for 23 yards (26-E.Wilson).,1.770,1.187
2003,16,December 20,away,New York Jets,https://www.pro-football-reference.com/boxscores/200312200nyj.htm,2,01:15,,,NE 31,14,7,Timeout #1 by NYJ at 01:15.,2.957,0.000
2003,16,December 20,away,New York Jets,https://www.pro-football-reference.com/boxscores/200312200nyj.htm,2,01:15,1,10,NE 31,14,7,(1:15) 10-C.Pennington pass incomplete to 83-S.Moss (37-R.Harrison). Pennington hit as he passed by 37- R.Harrison,2.957,-0.251
2003,16,December 20,away,New York Jets,https://www.pro-football-reference.com/boxscores/200312200nyj.htm,2,01:11,,,NE 31,14,7,Timeout #1 by NE at 01:11.,2.706,0.000
2003,16,December 20,away,New York Jets,https://www.pro-football-reference.com/boxscores/200312200nyj.htm,2,01:11,2,10,NE 31,14,7,"(1:11) 28-C.Martin right guard to NE 24 for 7 yards (54-T.Bruschi, 55-W.McGinest).",2.706,0.349
2003,16,December 20,away,New York Jets,https://www.pro-football-reference.com/boxscores/200312200nyj.htm,2,00:52,3,3,NE 24,14,7,(:52) 10-C.Pennington pass to 86-C.Baker pushed ob at NE 21 for 3 yards (24-T.Law).,3.055,0.648
2003,16,December 20,away,New York Jets,https://www.pro-football-reference.com/boxscores/200312200nyj.htm,2,00:44,1,10,NE 21,14,7,(:44) 10-C.Pennington pass incomplete to 83-S.Moss (24-T.Law).,3.703,-0.307
2003,16,December 20,away,New York Jets,https://www.pro-football-reference.com/boxscores/200312200nyj.htm,2,00:38,2,10,NE 21,14,7,(:38) 10-C.Pennington pass to 86-C.Baker to NE 5 for 16 yards (37-R.Harrison).,3.396,1.852
2003,16,December 20,away,New York Jets,https://www.pro-football-reference.com/boxscores/200312200nyj.htm,2,00:31,,,NE 5,14,7,Timeout #2 by NYJ at 00:31.,5.248,0.000
2003,16,December 20,away,New York Jets,https://www.pro-football-reference.com/boxscores/200312200nyj.htm,2,00:31,1,5,NE 5,14,7,"(:31) PENALTY on NYJ-33-J.Sowell, False Start, 5 yards, enforced at NE 5 - No Play.",5.248,-0.919
2003,16,December 20,away,New York Jets,https://www.pro-football-reference.com/boxscores/200312200nyj.htm,2,00:31,1,10,NE 10,14,7,(:31) 10-C.Pennington pass to 28-C.Martin to NE 11 for -1 yards (24-T.Law).,4.329,-1.332
2003,16,December 20,away,New York Jets,https://www.pro-football-reference.com/boxscores/200312200nyj.htm,2,00:10,2,11,NE 11,14,7,(:10) 10-C.Pennington pass incomplete to 86-C.Baker.,2.997,-0.282
2003,16,December 20,away,New York Jets,https://www.pro-football-reference.com/boxscores/200312200nyj.htm,2,00:06,3,11,NE 11,14,10,"(:06) 6-D.Brien 29 yard field goal is GOOD, Center-85-J.Dearth, Holder-4-D.Stryzinski.",2.716,0.284
2003,16,December 20,away,New York Jets,https://www.pro-football-reference.com/boxscores/200312200nyj.htm,2,00:01,,,NYJ 30,14,10,6-D.Brien kicks 33 yards from NYJ 30 to NE 37. 50-M.Vrabel to NE 45 for 8 yards (52-K.Wright).,-0.013,0.013
2003,16,December 20,away,New York Jets,https://www.pro-football-reference.com/boxscores/200312200nyj.htm,3,15:00,,,NYJ 30,14,10,6-D.Brien kicks 62 yards from NYJ 30 to NE 8. 81-B.Johnson to NE 40 for 32 yards (22-T.Carter).,-0.140,1.320
2003,16,December 20,away,New York Jets,https://www.pro-football-reference.com/boxscores/200312200nyj.htm,3,14:44,1,10,NE 40,14,10,(14:44) 12-T.Brady pass to 87-D.Givens to NYJ 44 for 16 yards (21-A.Beasley).,1.181,1.159
2003,16,December 20,away,New York Jets,https://www.pro-football-reference.com/boxscores/200312200nyj.htm,3,14:20,1,10,NYJ 44,14,10,(14:20) 12-T.Brady pass to 31-L.Centers to NYJ 42 for 2 yards (57-M.Lewis).,2.340,-0.341
2003,16,December 20,away,New York Jets,https://www.pro-football-reference.com/boxscores/200312200nyj.htm,3,13:33,2,8,NYJ 42,14,10,(13:33) 32-A.Smith left tackle to NYJ 19 for 23 yards (21-A.Beasley).,1.999,2.330
2003,16,December 20,away,New York Jets,https://www.pro-football-reference.com/boxscores/200312200nyj.htm,3,12:54,1,10,NYJ 19,14,10,(12:54) 32-A.Smith up the middle to NYJ 14 for 5 yards (63-D.Robertson).,4.329,0.238
2003,16,December 20,away,New York Jets,https://www.pro-football-reference.com/boxscores/200312200nyj.htm,3,12:14,2,5,NYJ 14,14,10,"(12:14) 12-T.Brady pass to 83-D.Branch to NYJ 8 for 6 yards (24-R.Mickens, 57-M.Lewis).",4.567,0.576
2003,16,December 20,away,New York Jets,https://www.pro-football-reference.com/boxscores/200312200nyj.htm,3,11:36,1,8,NYJ 8,14,10,"(11:36) 33-K.Faulk up the middle to NYJ 5 for 3 yards (72-J.Ferguson, 75-C.McGlockton).",5.143,-0.068
2003,16,December 20,away,New York Jets,https://www.pro-football-reference.com/boxscores/200312200nyj.htm,3,11:00,2,5,NYJ 5,20,10,"(11:00) 12-T.Brady pass to 87-D.Givens for 5 yards, TOUCHDOWN.",5.076,1.924
2003,16,December 20,away,New York Jets,https://www.pro-football-reference.com/boxscores/200312200nyj.htm,3,10:53,,,NYJ 2,21,10,"4-A.Vinatieri extra point is GOOD, Center-46-B.Kinchen, Holder-13-K.Walter.",0.986,0.014
2003,16,December 20,away,New York Jets,https://www.pro-football-reference.com/boxscores/200312200nyj.htm,3,10:53,,,NE 30,21,10,4-A.Vinatieri kicks 42 yards from NE 30 to NYJ 28. 35-B.Askew pushed ob at NE 45 for 27 yards (87-D.Givens).,0.807,2.265
2003,16,December 20,away,New York Jets,https://www.pro-football-reference.com/boxscores/200312200nyj.htm,3,10:44,1,10,NE 45,21,10,(10:44) 10-C.Pennington pass to 88-A.Becht to NE 36 for 9 yards (55-W.McGinest).,3.072,0.594
2003,16,December 20,away,New York Jets,https://www.pro-football-reference.com/boxscores/200312200nyj.htm,3,10:10,2,1,NE 36,21,10,"(10:10) 28-C.Martin left guard to NE 34 for 2 yards (54-T.Bruschi, 37-R.Harrison).",3.666,-0.041
2003,16,December 20,away,New York Jets,https://www.pro-football-reference.com/boxscores/200312200nyj.htm,3,09:33,1,10,NE 34,21,10,(9:33) 10-C.Pennington scrambles up the middle to NE 26 for 8 yards (54-T.Bruschi).,3.625,0.555
2003,16,December 20,away,New York Jets,https://www.pro-football-reference.com/boxscores/200312200nyj.htm,3,08:53,2,2,NE 26,21,10,(8:53) 28-C.Martin up the middle to NE 22 for 4 yards (37-R.Harrison).,4.180,0.318
2003,16,December 20,away,New York Jets,https://www.pro-football-reference.com/boxscores/200312200nyj.htm,3,07:26,1,10,NE 22,21,10,"(7:26) 10-C.Pennington sacked at NE 28 for -6 yards (50-M.Vrabel). FUMBLES (50-M.Vrabel), recovered by NYJ-67-K.McKenzie at NE 23. 67-K.McKenzie to NE 23 for no gain (93-R.Seymour).",4.498,-0.707
2003,16,December 20,away,New York Jets,https://www.pro-football-reference.com/boxscores/200312200nyj.htm,3,07:23,2,11,NE 23,21,10,(7:23) 28-C.Martin right end to NE 21 for 2 yards (22-A.Samuel).,3.791,-0.313
2003,16,December 20,away,New York Jets,https://www.pro-football-reference.com/boxscores/200312200nyj.htm,3,06:42,3,9,NE 21,21,10,(6:42) 10-C.Pennington pass intended for 83-S.Moss INTERCEPTED by 24-T.Law at NE 0. Touchback.,3.478,-3.440
2003,16,December 20,away,New York Jets,https://www.pro-football-reference.com/boxscores/200312200nyj.htm,3,06:35,1,10,NE 20,21,10,(6:35) 32-A.Smith right end to NE 22 for 2 yards (93-J.Reed).,-0.038,-0.507
2003,16,December 20,away,New York Jets,https://www.pro-football-reference.com/boxscores/200312200nyj.htm,3,05:53,2,8,NE 22,21,10,(5:53) 12-T.Brady pass to 87-D.Givens to NE 27 for 5 yards (21-A.Beasley).,-0.545,0.246
2003,16,December 20,away,New York Jets,https://www.pro-football-reference.com/boxscores/200312200nyj.htm,3,05:15,3,3,NE 27,21,10,"(5:15) 12-T.Brady pass to 83-D.Branch to NE 45 for 18 yards (22-T.Carter, 42-S.Garnes).",-0.300,1.907
2003,16,December 20,away,New York Jets,https://www.pro-football-reference.com/boxscores/200312200nyj.htm,3,05:15,1,10,NE 45,21,10,"(5:15) PENALTY on NE-12-T.Brady, Delay of Game, 5 yards, enforced at NE 45 - No Play.",1.607,-0.655
2003,16,December 20,away,New York Jets,https://www.pro-football-reference.com/boxscores/200312200nyj.htm,3,04:11,1,15,NE 40,21,10,(4:11) 12-T.Brady pass incomplete to 82-D.Graham.,0.952,-0.506
2003,16,December 20,away,New York Jets,https://www.pro-football-reference.com/boxscores/200312200nyj.htm,3,04:05,2,15,NE 40,21,10,"(4:05) 12-T.Brady pass incomplete to 82-D.Graham. Pressure by #63 -Robertson PENALTY on NE-12-T.Brady, Intentional Grounding, 10 yards, enforced at NE 40.",0.446,-1.435
2003,16,December 20,away,New York Jets,https://www.pro-football-reference.com/boxscores/200312200nyj.htm,3,03:57,3,25,NE 30,21,10,(3:57) 12-T.Brady pass incomplete to 87-D.Givens.,-0.989,-0.879
2003,16,December 20,away,New York Jets,https://www.pro-football-reference.com/boxscores/200312200nyj.htm,3,03:51,4,25,NE 30,21,10,"(3:51) 13-K.Walter punts 36 yards to NYJ 34, Center-46-B.Kinchen. 83-S.Moss to NYJ 42 for 8 yards (53-L.Izzo, 50-M.Vrabel).",-1.868,-0.344
2003,16,December 20,away,New York Jets,https://www.pro-football-reference.com/boxscores/200312200nyj.htm,3,03:39,1,10,NYJ 42,21,10,"(3:39) 10-C.Pennington pass to 83-S.Moss to NYJ 40 for -2 yards (50-M.Vrabel, 38-T.Poole).",2.212,-0.810
2003,16,December 20,away,New York Jets,https://www.pro-football-reference.com/boxscores/200312200nyj.htm,3,03:01,2,12,NYJ 40,21,10,"(3:01) 28-C.Martin right guard to NYJ 41 for 1 yard (54-T.Bruschi, 94-T.Warren).",1.402,-0.675
2003,16,December 20,away,New York Jets,https://www.pro-football-reference.com/boxscores/200312200nyj.htm,3,02:20,3,11,NYJ 41,21,10,"(2:20) 10-C.Pennington pass to 86-C.Baker to NE 47 for 12 yards (95-R.Phifer, 38-T.Poole).",0.727,2.152
2003,16,December 20,away,New York Jets,https://www.pro-football-reference.com/boxscores/200312200nyj.htm,3,01:44,1,10,NE 47,21,10,"(1:44) 28-C.Martin right tackle to NE 43 for 4 yards (94-T.Warren, 95-R.Phifer).",2.879,-0.224
2003,16,December 20,away,New York Jets,https://www.pro-football-reference.com/boxscores/200312200nyj.htm,3,01:03,2,6,NE 43,21,10,"(1:03) PENALTY on NYJ-69-J.Fabini, False Start, 5 yards, enforced at NE 43 - No Play.",2.655,-0.602
2003,16,December 20,away,New York Jets,https://www.pro-football-reference.com/boxscores/200312200nyj.htm,3,00:39,2,11,NE 48,21,10,(:39) 10-C.Pennington pass incomplete to 81-C.Conway.,2.054,-0.896
2003,16,December 20,away,New York Jets,https://www.pro-football-reference.com/boxscores/200312200nyj.htm,3,00:33,3,11,NE 48,21,10,"(:33) 10-C.Pennington pass to 83-S.Moss to NE 24 for 24 yards (24-T.Law, 37-R.Harrison).",1.157,3.173
2003,16,December 20,away,New York Jets,https://www.pro-football-reference.com/boxscores/200312200nyj.htm,4,15:00,,,NE 24,21,10,Timeout #1 by NE at 15:00.,4.330,0.000
2003,16,December 20,away,New York Jets,https://www.pro-football-reference.com/boxscores/200312200nyj.htm,4,15:00,1,10,NE 24,21,10,"(15:00) 10-C.Pennington pass incomplete to 81-C.Conway. PENALTY on NYJ-67-K.McKenzie, Offensive Holding, 10 yards, enforced at NE 24 - No Play.",4.330,-1.281
2003,16,December 20,away,New York Jets,https://www.pro-football-reference.com/boxscores/200312200nyj.htm,4,14:51,1,20,NE 34,21,10,(14:51) 10-C.Pennington pass incomplete to 89-K.Lockett (22-A.Samuel).,3.049,-0.504
2003,16,December 20,away,New York Jets,https://www.pro-football-reference.com/boxscores/200312200nyj.htm,4,14:46,2,20,NE 34,21,10,"(14:46) 10-C.Pennington sacked at NE 34 for 0 yards (55-W.McGinest). FUMBLES (55-W.McGinest), and recovers at NE 36. 10-C.Pennington to NE 36 for no gain (55-W.McGinest).",2.546,-0.881
2003,16,December 20,away,New York Jets,https://www.pro-football-reference.com/boxscores/200312200nyj.htm,4,13:53,3,22,NE 36,21,10,(13:53) 10-C.Pennington pass to 81-C.Conway to NE 14 for 22 yards (38-T.Poole).,1.665,3.134
2003,16,December 20,away,New York Jets,https://www.pro-football-reference.com/boxscores/200312200nyj.htm,4,13:05,,,NE 14,21,10,Timeout #1 by NYJ at 13:05.,4.799,0.000
2003,16,December 20,away,New York Jets,https://www.pro-football-reference.com/boxscores/200312200nyj.htm,4,13:05,1,10,NE 14,21,10,(13:05) 28-C.Martin right guard to NE 10 for 4 yards (55-W.McGinest).,4.799,-0.184
2003,16,December 20,away,New York Jets,https://www.pro-football-reference.com/boxscores/200312200nyj.htm,4,12:23,2,6,NE 10,21,10,(12:23) 10-C.Pennington pass incomplete to 86-C.Baker.,4.615,-0.716
2003,16,December 20,away,New York Jets,https://www.pro-football-reference.com/boxscores/200312200nyj.htm,4,12:18,3,6,NE 10,21,16,"(12:18) 10-C.Pennington scrambles up the middle for 10 yards, TOUCHDOWN.",3.899,3.101
2003,16,December 20,away,New York Jets,https://www.pro-football-reference.com/boxscores/200312200nyj.htm,4,12:11,,,NE 2,21,16,TWO-POINT CONVERSION ATTEMPT. 10-C.Pennington pass to 89-K.Lockett is incomplete. ATTEMPT FAILS.,0.947,-0.947
2003,16,December 20,away,New York Jets,https://www.pro-football-reference.com/boxscores/200312200nyj.htm,4,12:11,,,NYJ 30,21,16,6-D.Brien kicks 38 yards from NYJ 30 to NE 32. 90-D.Klecko to NE 42 for 10 yards (51-Q.Stewart).,0.222,1.281
2003,16,December 20,away,New York Jets,https://www.pro-football-reference.com/boxscores/200312200nyj.htm,4,12:06,1,10,NE 42,21,16,"(12:06) 32-A.Smith right end to NE 44 for 2 yards (72-J.Ferguson, 56-S.Cowart).",1.504,-0.290
2003,16,December 20,away,New York Jets,https://www.pro-football-reference.com/boxscores/200312200nyj.htm,4,11:28,2,8,NE 44,21,16,(11:28) 12-T.Brady pass to 32-A.Smith to NE 49 for 5 yards (55-M.Jones).,1.213,-0.012
2003,16,December 20,away,New York Jets,https://www.pro-football-reference.com/boxscores/200312200nyj.htm,4,10:34,3,3,NE 49,21,16,"(10:34) PENALTY on NE-72-M.Light, False Start, 5 yards, enforced at NE 49 - No Play.",1.202,-0.740
2003,16,December 20,away,New York Jets,https://www.pro-football-reference.com/boxscores/200312200nyj.htm,4,10:20,3,8,NE 44,21,16,"(10:20) (Shotgun) 12-T.Brady pass to 80-T.Brown to NE 49 for 5 yards (24-R.Mickens, 91-J.Evans).",0.461,-0.762
2003,16,December 20,away,New York Jets,https://www.pro-football-reference.com/boxscores/200312200nyj.htm,4,09:43,4,3,NE 49,21,16,"(9:43) 13-K.Walter punts 35 yards to NYJ 16, Center-46-B.Kinchen, downed by NE-23-A.Harris.",-0.301,-0.078
2003,16,December 20,away,New York Jets,https://www.pro-football-reference.com/boxscores/200312200nyj.htm,4,09:32,1,10,NYJ 16,21,16,"(9:32) 10-C.Pennington pass to 28-C.Martin to NYJ 25 for 9 yards (91-B.Hamilton, 55-W.McGinest).",0.379,0.805
2003,16,December 20,away,New York Jets,https://www.pro-football-reference.com/boxscores/200312200nyj.htm,4,08:57,2,1,NYJ 25,21,16,(8:57) 28-C.Martin up the middle to NYJ 33 for 8 yards (37-R.Harrison).,1.184,0.130
2003,16,December 20,away,New York Jets,https://www.pro-football-reference.com/boxscores/200312200nyj.htm,4,08:19,1,10,NYJ 33,21,16,(8:19) 10-C.Pennington pass intended for 83-S.Moss INTERCEPTED by 37-R.Harrison at NE 27. 37-R.Harrison to NE 27 for no gain (83-S.Moss).,1.314,-2.029
2003,16,December 20,away,New York Jets,https://www.pro-football-reference.com/boxscores/200312200nyj.htm,4,08:09,1,10,NE 27,21,16,"(8:09) PENALTY on NYJ-72-J.Ferguson, Defensive Offside, 5 yards, enforced at NE 27 - No Play.",0.715,0.554
2003,16,December 20,away,New York Jets,https://www.pro-football-reference.com/boxscores/200312200nyj.htm,4,07:58,1,5,NE 32,21,16,(7:58) 32-A.Smith left end to NE 45 for 13 yards (22-T.Carter).,1.269,0.581
2003,16,December 20,away,New York Jets,https://www.pro-football-reference.com/boxscores/200312200nyj.htm,4,07:17,1,10,NE 45,21,16,(7:17) End around pass by 87-D.Givens. 87-D.Givens pass intended for 83-D.Branch INTERCEPTED by 22-T.Carter at NYJ 23. 22-T.Carter to NYJ 46 for 23 yards (88-C.Fauria).,1.850,-4.006
2003,16,December 20,away,New York Jets,https://www.pro-football-reference.com/boxscores/200312200nyj.htm,4,07:04,1,10,NYJ 46,21,16,(7:04) 28-C.Martin up the middle to NYJ 49 for 3 yards (92-T.Washington).,2.157,-0.295
2003,16,December 20,away,New York Jets,https://www.pro-football-reference.com/boxscores/200312200nyj.htm,4,06:23,2,7,NYJ 49,21,16,(6:23) 10-C.Pennington pass incomplete to 33-J.Sowell (93-R.Seymour).,1.861,-0.640
2003,16,December 20,away,New York Jets,https://www.pro-football-reference.com/boxscores/200312200nyj.htm,4,06:17,3,7,NYJ 49,21,16,(6:17) 10-C.Pennington sacked at NYJ 42 for -7 yards (sack split by 93-R.Seymour and 55-W.McGinest). NE 37 - Harrison injured on play.,1.222,-1.631
2003,16,December 20,away,New York Jets,https://www.pro-football-reference.com/boxscores/200312200nyj.htm,4,06:06,4,14,NYJ 42,21,16,"(6:06) 4-D.Stryzinski punts 25 yards to NE 33, Center-85-J.Dearth, fair catch by 80-T.Brown.",-0.409,-0.592
2003,16,December 20,away,New York Jets,https://www.pro-football-reference.com/boxscores/200312200nyj.htm,4,05:57,1,10,NE 33,21,16,(5:57) 32-A.Smith up the middle to NE 38 for 5 yards (91-J.Evans).,1.001,0.006
2003,16,December 20,away,New York Jets,https://www.pro-football-reference.com/boxscores/200312200nyj.htm,4,05:16,2,5,NE 38,21,16,(5:16) 32-A.Smith right end to NE 42 for 4 yards (54-V.Hobson).,1.007,0.130
2003,16,December 20,away,New York Jets,https://www.pro-football-reference.com/boxscores/200312200nyj.htm,4,04:34,3,1,NE 42,21,16,"(4:34) PENALTY on NE-82-D.Graham, False Start, 5 yards, enforced at NE 42 - No Play.",1.138,-0.800
2003,16,December 20,away,New York Jets,https://www.pro-football-reference.com/boxscores/200312200nyj.htm,4,04:33,3,6,NE 37,21,16,(4:33) 12-T.Brady pass to 88-C.Fauria to NE 47 for 10 yards (58-J.Glenn).,0.338,1.408
2003,16,December 20,away,New York Jets,https://www.pro-football-reference.com/boxscores/200312200nyj.htm,4,03:50,1,10,NE 47,21,16,"(3:50) 32-A.Smith right guard to NYJ 48 for 5 yards (92-S.Ellis, 54-V.Hobson).",1.746,-0.048
2003,16,December 20,away,New York Jets,https://www.pro-football-reference.com/boxscores/200312200nyj.htm,4,03:11,2,5,NYJ 48,21,16,"(3:11) 32-A.Smith right tackle to NYJ 45 for 3 yards (75-C.McGlockton, 99-B.Thomas).",1.699,0.055
2003,16,December 20,away,New York Jets,https://www.pro-football-reference.com/boxscores/200312200nyj.htm,4,02:28,,,NYJ 45,21,16,Timeout #2 by NE at 02:28.,1.753,0.000
2003,16,December 20,away,New York Jets,https://www.pro-football-reference.com/boxscores/200312200nyj.htm,4,02:28,3,2,NYJ 45,21,16,(2:28) 32-A.Smith left guard to NYJ 44 for 1 yard (72-J.Ferguson).,1.753,-1.085
2003,16,December 20,away,New York Jets,https://www.pro-football-reference.com/boxscores/200312200nyj.htm,4,02:22,,,NYJ 44,21,16,Timeout #2 by NYJ at 02:22.,0.669,0.000
2003,16,December 20,away,New York Jets,https://www.pro-football-reference.com/boxscores/200312200nyj.htm,4,02:21,4,1,NYJ 44,21,16,"(2:21) 13-K.Walter punts 26 yards to NYJ 18, Center-46-B.Kinchen, downed by NE-23-A.Harris.",0.669,-1.230
2003,16,December 20,away,New York Jets,https://www.pro-football-reference.com/boxscores/200312200nyj.htm,4,02:12,1,10,NYJ 18,21,16,"(2:12) 28-C.Martin right guard to NYJ 25 for 7 yards (95-R.Phifer, 90-D.Klecko).",0.561,0.064
2003,16,December 20,away,New York Jets,https://www.pro-football-reference.com/boxscores/200312200nyj.htm,4,02:00,2,3,NYJ 25,21,16,(2:00) 10-C.Pennington pass to 28-C.Martin to NYJ 31 for 6 yards (22-A.Samuel).,0.626,0.391
2003,16,December 20,away,New York Jets,https://www.pro-football-reference.com/boxscores/200312200nyj.htm,4,01:37,1,10,NYJ 31,21,16,(1:37) 10-C.Pennington pass to 88-A.Becht pushed ob at NYJ 33 for 2 yards (24-T.Law).,1.017,-0.254
2003,16,December 20,away,New York Jets,https://www.pro-football-reference.com/boxscores/200312200nyj.htm,4,01:30,2,8,NYJ 33,21,16,(1:30) 10-C.Pennington pass incomplete to 33-J.Sowell.,0.763,-0.382
2003,16,December 20,away,New York Jets,https://www.pro-football-reference.com/boxscores/200312200nyj.htm,4,01:25,3,8,NYJ 33,21,16,"(1:25) 10-C.Pennington pass to 33-J.Sowell to NYJ 45 for 12 yards (22-A.Samuel, 55-W.McGinest).",0.382,0.902
2003,16,December 20,away,New York Jets,https://www.pro-football-reference.com/boxscores/200312200nyj.htm,4,00:56,1,10,NYJ 45,21,16,(:56) 10-C.Pennington pass incomplete to 81-C.Conway. Pressure by 95 - Phifer.,1.284,-0.521
2003,16,December 20,away,New York Jets,https://www.pro-football-reference.com/boxscores/200312200nyj.htm,4,00:50,,,NYJ 45,21,16,Timeout #3 by NYJ at 00:50.,0.763,0.000
2003,16,December 20,away,New York Jets,https://www.pro-football-reference.com/boxscores/200312200nyj.htm,4,00:50,2,10,NYJ 45,21,16,(:50) 10-C.Pennington pass incomplete to 81-C.Conway. Pressure by 37 - Harrison.,0.763,-0.268
2003,16,December 20,away,New York Jets,https://www.pro-football-reference.com/boxscores/200312200nyj.htm,4,00:45,3,10,NYJ 45,21,16,(:45) 10-C.Pennington pass intended for 83-S.Moss INTERCEPTED by 26-E.Wilson at NE 36. 26-E.Wilson to NE 46 for 10 yards (81-C.Conway).,0.495,-0.495
2003,16,December 20,away,New York Jets,https://www.pro-football-reference.com/boxscores/200312200nyj.htm,4,00:35,1,10,NE 46,21,16,(:35) 12-T.Brady kneels to NE 45 for -1 yards.,0.000,0.000
2003,17,December 27,home,Buffalo Bills,https://www.pro-football-reference.com/boxscores/200312270nwe.htm,1,15:00,,,BUF 30,0,0,(Onside Kick formation) 9-R.Lindell kicks 55 yards from BUF 30 to NE 15. 81-B.Johnson pushed ob at NE 38 for 23 yards (28-K.Thomas).,0.817,1.225
2003,17,December 27,home,Buffalo Bills,https://www.pro-football-reference.com/boxscores/200312270nwe.htm,1,14:55,1,10,NE 38,0,0,"(14:55) 12-T.Brady pass to 87-D.Givens to NE 47 for 9 yards (24-T.McGee, 26-A.Winfield).",2.042,0.833
2003,17,December 27,home,Buffalo Bills,https://www.pro-football-reference.com/boxscores/200312270nwe.htm,1,14:25,2,1,NE 47,0,0,(14:25) (No Huddle) 12-T.Brady pass to 88-C.Fauria to BUF 49 for 4 yards (59-L.Fletcher).,2.875,-0.054
2003,17,December 27,home,Buffalo Bills,https://www.pro-football-reference.com/boxscores/200312270nwe.htm,1,13:58,1,10,BUF 49,0,0,(13:58) (No Huddle) 12-T.Brady pass to 83-D.Branch to BUF 42 for 7 yards (22-N.Clements).,2.821,0.327
2003,17,December 27,home,Buffalo Bills,https://www.pro-football-reference.com/boxscores/200312270nwe.htm,1,13:26,2,3,BUF 42,0,0,"(13:26) (No Huddle) 12-T.Brady up the middle to BUF 31 for 11 yards (26-A.Winfield, 36-L.Milloy).",3.148,0.812
2003,17,December 27,home,Buffalo Bills,https://www.pro-football-reference.com/boxscores/200312270nwe.htm,1,12:48,1,10,BUF 31,0,0,"(12:48) (No Huddle, Shotgun) 12-T.Brady pass to 80-T.Brown to BUF 26 for 5 yards (26-A.Winfield).",3.960,0.056
2003,17,December 27,home,Buffalo Bills,https://www.pro-football-reference.com/boxscores/200312270nwe.htm,1,12:18,2,5,BUF 26,0,0,(12:18) (No Huddle) 12-T.Brady pass to 80-T.Brown pushed ob at BUF 17 for 9 yards (24-T.McGee).,4.016,0.775
2003,17,December 27,home,Buffalo Bills,https://www.pro-football-reference.com/boxscores/200312270nwe.htm,1,11:55,1,10,BUF 17,0,0,"(11:55) (No Huddle, Shotgun) 12-T.Brady pass incomplete to 80-T.Brown.",4.791,-0.409
2003,17,December 27,home,Buffalo Bills,https://www.pro-football-reference.com/boxscores/200312270nwe.htm,1,11:50,2,10,BUF 17,0,0,"(11:50) PENALTY on NE-67-D.Koppen, False Start, 5 yards, enforced at BUF 17 - No Play.",4.381,-0.638
2003,17,December 27,home,Buffalo Bills,https://www.pro-football-reference.com/boxscores/200312270nwe.htm,1,11:50,2,15,BUF 22,0,0,"(11:50) (No Huddle, Shotgun) 12-T.Brady pass incomplete to 88-C.Fauria. PENALTY on BUF-59-L.Fletcher, Defensive Holding, 5 yards, enforced at BUF 22 - No Play.",3.743,1.045
2003,17,December 27,home,Buffalo Bills,https://www.pro-football-reference.com/boxscores/200312270nwe.htm,1,11:45,1,10,BUF 17,0,0,"(11:45) (No Huddle, Shotgun) 12-T.Brady scrambles up the middle to BUF 6 for 11 yards (27-C.Wire, 24-T.McGee).",4.787,0.792
2003,17,December 27,home,Buffalo Bills,https://www.pro-football-reference.com/boxscores/200312270nwe.htm,1,10:58,1,6,BUF 6,0,0,"(10:58) (No Huddle) 12-T.Brady pass incomplete to 87-D.Givens. PENALTY on BUF-36-L.Milloy, Defensive Pass Interference, 5 yards, enforced at BUF 6 - No Play.",5.579,0.815
2003,17,December 27,home,Buffalo Bills,https://www.pro-football-reference.com/boxscores/200312270nwe.htm,1,10:54,1,1,BUF 1,6,0,"(10:54) NE 90-Klecko eligible. (No Huddle) 12-T.Brady pass to 82-D.Graham for 1 yard, TOUCHDOWN.",6.394,0.606
2003,17,December 27,home,Buffalo Bills,https://www.pro-football-reference.com/boxscores/200312270nwe.htm,1,10:50,,,BUF 2,7,0,"4-A.Vinatieri extra point is GOOD, Center-46-B.Kinchen, Holder-13-K.Walter.",0.986,0.014
2003,17,December 27,home,Buffalo Bills,https://www.pro-football-reference.com/boxscores/200312270nwe.htm,1,10:50,,,NE 30,7,0,"4-A.Vinatieri kicks 67 yards from NE 30 to BUF 3. 86-A.Brown to BUF 22 for 19 yards (34-C.Akins, 51-D.Davis).",-0.020,0.035
2003,17,December 27,home,Buffalo Bills,https://www.pro-football-reference.com/boxscores/200312270nwe.htm,1,10:45,1,10,BUF 22,7,0,(10:45) 20-T.Henry right tackle to BUF 26 for 4 yards (91-B.Hamilton).,0.015,0.087
2003,17,December 27,home,Buffalo Bills,https://www.pro-football-reference.com/boxscores/200312270nwe.htm,1,10:05,2,6,BUF 26,7,0,(10:05) 20-T.Henry left tackle to BUF 33 for 7 yards (38-T.Poole).,0.102,0.711
2003,17,December 27,home,Buffalo Bills,https://www.pro-football-reference.com/boxscores/200312270nwe.htm,1,09:25,1,10,BUF 33,7,0,(9:25) 11-D.Bledsoe pass intended for 84-M.Campbell INTERCEPTED by 50-M.Vrabel at BUF 48. 50-M.Vrabel pushed ob at BUF 34 for 14 yards (74-M.Sullivan). QB pressure by NE 54-Bruschi,0.813,-4.424
2003,17,December 27,home,Buffalo Bills,https://www.pro-football-reference.com/boxscores/200312270nwe.htm,1,09:17,1,10,BUF 34,7,0,(9:17) (Shotgun) 12-T.Brady pass to 80-T.Brown pushed ob at BUF 28 for 6 yards (26-A.Winfield).,3.611,0.302
2003,17,December 27,home,Buffalo Bills,https://www.pro-football-reference.com/boxscores/200312270nwe.htm,1,08:58,2,4,BUF 28,7,0,(8:58) (No Huddle) 12-T.Brady pass to 83-D.Branch to BUF 25 for 3 yards (22-N.Clements).,3.913,-0.145
2003,17,December 27,home,Buffalo Bills,https://www.pro-football-reference.com/boxscores/200312270nwe.htm,1,08:26,3,1,BUF 25,7,0,(8:26) 12-T.Brady up the middle to BUF 22 for 3 yards (51-T.Spikes).,3.768,0.717
2003,17,December 27,home,Buffalo Bills,https://www.pro-football-reference.com/boxscores/200312270nwe.htm,1,07:54,1,10,BUF 22,7,0,"(7:54) (No Huddle) 12-T.Brady pass to 87-D.Givens to BUF 19 for 3 yards (96-J.Posey, 26-A.Winfield).",4.486,-0.245
2003,17,December 27,home,Buffalo Bills,https://www.pro-football-reference.com/boxscores/200312270nwe.htm,1,07:15,2,7,BUF 19,7,0,"(7:15) (No Huddle, Shotgun) 12-T.Brady pass to 87-D.Givens pushed ob at BUF 13 for 6 yards (24-T.McGee).",4.241,0.500
2003,17,December 27,home,Buffalo Bills,https://www.pro-football-reference.com/boxscores/200312270nwe.htm,1,06:41,3,1,BUF 13,7,0,"(6:41) 31-L.Centers up the middle to BUF 10 for 3 yards (51-T.Spikes, 94-A.Schobel).",4.741,0.291
2003,17,December 27,home,Buffalo Bills,https://www.pro-football-reference.com/boxscores/200312270nwe.htm,1,06:05,1,10,BUF 10,7,0,"(6:05) 32-A.Smith left end to BUF 9 for 1 yard (36-L.Milloy, 59-L.Fletcher).",5.032,-0.413
2003,17,December 27,home,Buffalo Bills,https://www.pro-football-reference.com/boxscores/200312270nwe.htm,1,05:28,2,9,BUF 9,13,0,"(5:28) (Shotgun) 12-T.Brady pass to 81-B.Johnson for 9 yards, TOUCHDOWN.",4.619,2.381
2003,17,December 27,home,Buffalo Bills,https://www.pro-football-reference.com/boxscores/200312270nwe.htm,1,05:23,,,BUF 2,14,0,"4-A.Vinatieri extra point is GOOD, Center-46-B.Kinchen, Holder-13-K.Walter.",0.986,0.014
2003,17,December 27,home,Buffalo Bills,https://www.pro-football-reference.com/boxscores/200312270nwe.htm,1,05:23,,,NE 30,14,0,4-A.Vinatieri kicks 60 yards from NE 30 to BUF 10. 31-S.Morris to BUF 26 for 16 yards (34-C.Akins).,-0.036,0.412
2003,17,December 27,home,Buffalo Bills,https://www.pro-football-reference.com/boxscores/200312270nwe.htm,1,05:19,1,10,BUF 26,14,0,(5:19) 11-D.Bledsoe pass incomplete to 83-D.Moore. QB pressure by NE 91-Hamilton,0.376,-0.508
2003,17,December 27,home,Buffalo Bills,https://www.pro-football-reference.com/boxscores/200312270nwe.htm,1,05:15,2,10,BUF 26,14,0,"(5:15) 20-T.Henry up the middle to BUF 31 for 5 yards (50-M.Vrabel, 93-R.Seymour).",-0.132,0.001
2003,17,December 27,home,Buffalo Bills,https://www.pro-football-reference.com/boxscores/200312270nwe.htm,1,04:36,,,BUF 31,14,0,Timeout #1 by NE at 04:36.,-0.132,0.000
2003,17,December 27,home,Buffalo Bills,https://www.pro-football-reference.com/boxscores/200312270nwe.htm,1,04:36,3,5,BUF 31,14,0,(4:36) 11-D.Bledsoe pass incomplete to 83-D.Moore (95-R.Phifer).,-0.132,-1.237
2003,17,December 27,home,Buffalo Bills,https://www.pro-football-reference.com/boxscores/200312270nwe.htm,1,04:31,4,5,BUF 31,14,0,"(4:31) 8-B.Moorman punts 49 yards to NE 20, Center-54-J.Dorenbos. 80-T.Brown to NE 32 for 12 yards (50-D.Stevenson, 35-J.Burns).",-1.369,-0.114
2003,17,December 27,home,Buffalo Bills,https://www.pro-football-reference.com/boxscores/200312270nwe.htm,1,04:20,1,10,NE 32,14,0,"(4:20) (Shotgun) 12-T.Brady pass to 83-D.Branch to NE 34 for 2 yards (22-N.Clements, 23-P.Prioleau).",1.483,-0.439
2003,17,December 27,home,Buffalo Bills,https://www.pro-football-reference.com/boxscores/200312270nwe.htm,1,03:46,2,8,NE 34,14,0,"(3:46) (No Huddle, Shotgun) 12-T.Brady sacked at NE 29 for -5 yards (96-J.Posey). FUMBLES (96-J.Posey), RECOVERED by BUF-51-T.Spikes at NE 29.",1.044,-4.714
2003,17,December 27,home,Buffalo Bills,https://www.pro-football-reference.com/boxscores/200312270nwe.htm,1,03:38,1,10,NE 29,14,0,(3:38) 20-T.Henry left guard to NE 26 for 3 yards (50-M.Vrabel).,3.670,-0.147
2003,17,December 27,home,Buffalo Bills,https://www.pro-football-reference.com/boxscores/200312270nwe.htm,1,03:02,2,7,NE 26,14,0,(3:02) 11-D.Bledsoe pass incomplete to 80-E.Moulds.,3.523,-0.598
2003,17,December 27,home,Buffalo Bills,https://www.pro-football-reference.com/boxscores/200312270nwe.htm,1,02:59,3,7,NE 26,14,0,(2:59) (Shotgun) 11-D.Bledsoe pass incomplete to 82-J.Reed (24-T.Law).,2.925,-1.187
2003,17,December 27,home,Buffalo Bills,https://www.pro-football-reference.com/boxscores/200312270nwe.htm,1,02:55,4,7,NE 26,14,0,"(2:55) (Field Goal formation) PENALTY on BUF-8-B.Moorman, Delay of Game, 5 yards, enforced at NE 26 - No Play.",1.738,-0.833
2003,17,December 27,home,Buffalo Bills,https://www.pro-football-reference.com/boxscores/200312270nwe.htm,1,02:55,4,12,NE 31,14,0,(2:55) (Shotgun) 11-D.Bledsoe pass incomplete to 82-J.Reed.,0.905,-2.373
2003,17,December 27,home,Buffalo Bills,https://www.pro-football-reference.com/boxscores/200312270nwe.htm,1,02:51,1,10,NE 32,14,0,(2:51) ball respotted on change of possession 12-T.Brady pass incomplete to 31-L.Centers (92-R.Denney).,1.468,-0.475
2003,17,December 27,home,Buffalo Bills,https://www.pro-football-reference.com/boxscores/200312270nwe.htm,1,02:47,2,10,NE 32,14,0,(2:47) 32-A.Smith left guard to NE 44 for 12 yards (27-C.Wire).,0.993,1.222
2003,17,December 27,home,Buffalo Bills,https://www.pro-football-reference.com/boxscores/200312270nwe.htm,1,02:14,1,10,NE 44,14,0,(2:14) 12-T.Brady pass to 83-D.Branch to NE 46 for 2 yards (27-C.Wire).,2.216,-0.346
2003,17,December 27,home,Buffalo Bills,https://www.pro-football-reference.com/boxscores/200312270nwe.htm,1,01:44,2,8,NE 46,14,0,(1:44) 12-T.Brady pass incomplete to 83-D.Branch.,1.870,-0.834
2003,17,December 27,home,Buffalo Bills,https://www.pro-football-reference.com/boxscores/200312270nwe.htm,1,01:39,3,8,NE 46,14,0,(1:39) (Shotgun) 12-T.Brady pass to 87-D.Givens ran ob at BUF 44 for 10 yards.,1.035,1.868
2003,17,December 27,home,Buffalo Bills,https://www.pro-football-reference.com/boxscores/200312270nwe.htm,1,01:10,1,10,BUF 44,14,0,(1:10) 12-T.Brady pass to 83-D.Branch to BUF 30 for 14 yards (24-T.McGee).,2.903,0.829
2003,17,December 27,home,Buffalo Bills,https://www.pro-football-reference.com/boxscores/200312270nwe.htm,1,00:28,1,10,BUF 30,14,0,"(:28) 32-A.Smith up the middle to BUF 22 for 8 yards (24-T.McGee, 96-J.Posey).",3.732,0.655
2003,17,December 27,home,Buffalo Bills,https://www.pro-football-reference.com/boxscores/200312270nwe.htm,2,15:00,2,2,BUF 22,14,0,"(15:00) 32-A.Smith up the middle to BUF 19 for 3 yards (36-L.Milloy, 93-P.Williams).",4.387,0.081
2003,17,December 27,home,Buffalo Bills,https://www.pro-football-reference.com/boxscores/200312270nwe.htm,2,14:27,1,10,BUF 19,14,0,(14:27) (No Huddle) 12-T.Brady pass incomplete to 83-D.Branch.,4.468,-0.421
2003,17,December 27,home,Buffalo Bills,https://www.pro-football-reference.com/boxscores/200312270nwe.htm,2,14:24,2,10,BUF 19,14,0,(14:24) (Shotgun) 12-T.Brady pass incomplete to 87-D.Givens (27-C.Wire).,4.047,-0.627
2003,17,December 27,home,Buffalo Bills,https://www.pro-football-reference.com/boxscores/200312270nwe.htm,2,14:19,3,10,BUF 19,20,0,"(14:19) (Shotgun) 12-T.Brady pass to 80-T.Brown for 19 yards, TOUCHDOWN.",3.420,3.580
2003,17,December 27,home,Buffalo Bills,https://www.pro-football-reference.com/boxscores/200312270nwe.htm,2,14:14,,,BUF 2,21,0,"4-A.Vinatieri extra point is GOOD, Center-46-B.Kinchen, Holder-13-K.Walter.",0.986,0.014
2003,17,December 27,home,Buffalo Bills,https://www.pro-football-reference.com/boxscores/200312270nwe.htm,2,14:14,,,NE 30,21,0,"4-A.Vinatieri kicks 63 yards from NE 30 to BUF 7. 31-S.Morris to BUF 23 for 16 yards (34-C.Akins, 48-T.Banta-Cain).",0.198,0.098
2003,17,December 27,home,Buffalo Bills,https://www.pro-football-reference.com/boxscores/200312270nwe.htm,2,14:09,1,10,BUF 23,21,0,(14:09) 11-D.Bledsoe pass incomplete to 80-E.Moulds.,0.296,-0.500
2003,17,December 27,home,Buffalo Bills,https://www.pro-football-reference.com/boxscores/200312270nwe.htm,2,14:05,2,10,BUF 23,21,0,(14:05) 11-D.Bledsoe pass to 82-J.Reed to BUF 28 for 5 yards (38-T.Poole).,-0.204,-0.070
2003,17,December 27,home,Buffalo Bills,https://www.pro-football-reference.com/boxscores/200312270nwe.htm,2,13:27,3,5,BUF 28,21,0,(13:27) (Shotgun) 11-D.Bledsoe pass incomplete to 83-D.Moore.,-0.274,-1.174
2003,17,December 27,home,Buffalo Bills,https://www.pro-football-reference.com/boxscores/200312270nwe.htm,2,13:24,4,5,BUF 28,21,0,"(13:24) 8-B.Moorman punts 52 yards to NE 20, Center-54-J.Dorenbos. 80-T.Brown pushed ob at NE 35 for 15 yards (50-D.Stevenson).",-1.449,0.026
2003,17,December 27,home,Buffalo Bills,https://www.pro-football-reference.com/boxscores/200312270nwe.htm,2,13:14,1,10,NE 35,21,0,"(13:14) 32-A.Smith left tackle to NE 37 for 2 yards (51-T.Spikes, 96-J.Posey).",1.423,-0.267
2003,17,December 27,home,Buffalo Bills,https://www.pro-football-reference.com/boxscores/200312270nwe.htm,2,12:42,2,8,NE 37,21,0,(12:42) 12-T.Brady sacked at NE 28 for -9 yards (92-R.Denney).,1.156,-1.678
2003,17,December 27,home,Buffalo Bills,https://www.pro-football-reference.com/boxscores/200312270nwe.htm,2,12:09,3,17,NE 28,21,0,(12:09) 12-T.Brady pass incomplete to 87-D.Givens.,-0.523,-0.821
2003,17,December 27,home,Buffalo Bills,https://www.pro-football-reference.com/boxscores/200312270nwe.htm,2,12:02,4,17,NE 28,21,0,"(12:02) 13-K.Walter punts 47 yards to BUF 25, Center-46-B.Kinchen. 22-N.Clements to NE 45 for 30 yards (51-D.Davis, 54-T.Bruschi).",-1.344,-1.082
2003,17,December 27,home,Buffalo Bills,https://www.pro-football-reference.com/boxscores/200312270nwe.htm,2,11:47,1,10,NE 45,21,0,"(11:47) 11-D.Bledsoe pass to 80-E.Moulds pushed ob at NE 29 for 16 yards (26-E.Wilson). Penalty on NE-50-M.Vrabel, Defensive Offside, declined.",2.426,1.175
2003,17,December 27,home,Buffalo Bills,https://www.pro-football-reference.com/boxscores/200312270nwe.htm,2,11:30,1,10,NE 29,21,0,"(11:30) 11-D.Bledsoe pass to 20-T.Henry to NE 28 for 1 yard (50-M.Vrabel, 91-B.Hamilton).",3.601,-0.377
2003,17,December 27,home,Buffalo Bills,https://www.pro-football-reference.com/boxscores/200312270nwe.htm,2,10:51,2,9,NE 28,21,0,"(10:51) 20-T.Henry right guard to NE 27 for 1 yard (54-T.Bruschi, 95-R.Phifer).",3.223,-0.487
2003,17,December 27,home,Buffalo Bills,https://www.pro-football-reference.com/boxscores/200312270nwe.htm,2,10:07,3,8,NE 27,21,0,(10:07) (Shotgun) 11-D.Bledsoe pass to 80-E.Moulds to NE 18 for 9 yards (24-T.Law).,2.736,1.719
2003,17,December 27,home,Buffalo Bills,https://www.pro-football-reference.com/boxscores/200312270nwe.htm,2,09:34,1,10,NE 18,21,0,(9:34) 11-D.Bledsoe pass to 33-S.Gash pushed ob at NE 15 for 3 yards (95-R.Phifer).,4.455,-0.152
2003,17,December 27,home,Buffalo Bills,https://www.pro-football-reference.com/boxscores/200312270nwe.htm,2,08:58,2,7,NE 15,21,0,(8:58) 11-D.Bledsoe pass incomplete to 84-M.Campbell (91-B.Hamilton).,4.302,-0.711
2003,17,December 27,home,Buffalo Bills,https://www.pro-football-reference.com/boxscores/200312270nwe.htm,2,08:55,3,7,NE 15,21,0,(8:55) (Shotgun) 11-D.Bledsoe sacked at NE 22 for -7 yards (37-R.Harrison).,3.591,-1.519
2003,17,December 27,home,Buffalo Bills,https://www.pro-football-reference.com/boxscores/200312270nwe.htm,2,08:51,4,14,NE 22,21,0,"(8:51) 9-R.Lindell 40 yard field goal is No Good, Wide Left, Center-54-J.Dorenbos, Holder-8-B.Moorman.",2.072,-3.200
2003,17,December 27,home,Buffalo Bills,https://www.pro-football-reference.com/boxscores/200312270nwe.htm,2,08:47,1,10,NE 30,21,0,(8:47) 32-A.Smith left tackle to NE 35 for 5 yards (93-P.Williams).,1.129,-0.001
2003,17,December 27,home,Buffalo Bills,https://www.pro-football-reference.com/boxscores/200312270nwe.htm,2,08:15,2,5,NE 35,21,0,"(8:15) 32-A.Smith right tackle to NE 38 for 3 yards (90-C.Kelsay, 93-P.Williams).",1.127,0.043
2003,17,December 27,home,Buffalo Bills,https://www.pro-football-reference.com/boxscores/200312270nwe.htm,2,07:41,3,2,NE 38,21,0,(7:41) 32-A.Smith right tackle to NE 40 for 2 yards (59-L.Fletcher).,1.170,0.552
2003,17,December 27,home,Buffalo Bills,https://www.pro-football-reference.com/boxscores/200312270nwe.htm,2,06:59,1,10,NE 40,21,0,(6:59) 12-T.Brady pass to 87-D.Givens to BUF 33 for 27 yards (36-L.Milloy).,1.722,1.647
2003,17,December 27,home,Buffalo Bills,https://www.pro-football-reference.com/boxscores/200312270nwe.htm,2,06:16,1,10,BUF 33,21,0,"(6:16) 32-A.Smith left end to BUF 30 for 3 yards (94-A.Schobel, 51-T.Spikes).",3.369,-0.101
2003,17,December 27,home,Buffalo Bills,https://www.pro-football-reference.com/boxscores/200312270nwe.htm,2,05:35,2,7,BUF 30,21,0,"(5:35) 33-K.Faulk up the middle to BUF 24 for 6 yards (96-J.Posey, 90-C.Kelsay). PENALTY on BUF-94-A.Schobel, Defensive Offside, 5 yards, enforced at BUF 30 - No Play.",3.268,0.608
2003,17,December 27,home,Buffalo Bills,https://www.pro-football-reference.com/boxscores/200312270nwe.htm,2,05:14,2,2,BUF 25,21,0,"(5:14) 33-K.Faulk up the middle to BUF 22 for 3 yards (90-C.Kelsay, 59-L.Fletcher). PENALTY on BUF-51-T.Spikes, Face Mask (15 Yards), 11 yards, enforced at BUF 22.",3.875,0.879
2003,17,December 27,home,Buffalo Bills,https://www.pro-football-reference.com/boxscores/200312270nwe.htm,2,04:51,1,10,BUF 11,21,0,"(4:51) 33-K.Faulk up the middle to BUF 10 for 1 yard (93-P.Williams, 90-C.Kelsay).",4.754,-0.419
2003,17,December 27,home,Buffalo Bills,https://www.pro-football-reference.com/boxscores/200312270nwe.htm,2,04:05,2,9,BUF 10,21,0,(4:05) 12-T.Brady pass incomplete to 83-D.Branch.,4.335,-0.723
2003,17,December 27,home,Buffalo Bills,https://www.pro-football-reference.com/boxscores/200312270nwe.htm,2,04:01,,,BUF 10,21,0,Timeout #1 by BUF at 04:01.,3.612,0.000
2003,17,December 27,home,Buffalo Bills,https://www.pro-football-reference.com/boxscores/200312270nwe.htm,2,04:01,3,9,BUF 10,27,0,"(4:01) 12-T.Brady pass to 87-D.Givens for 10 yards, TOUCHDOWN.",3.612,3.388
2003,17,December 27,home,Buffalo Bills,https://www.pro-football-reference.com/boxscores/200312270nwe.htm,2,03:55,,,BUF 2,28,0,"4-A.Vinatieri extra point is GOOD, Center-46-B.Kinchen, Holder-13-K.Walter.",0.986,0.014
2003,17,December 27,home,Buffalo Bills,https://www.pro-football-reference.com/boxscores/200312270nwe.htm,2,03:55,,,NE 30,28,0,4-A.Vinatieri kicks 69 yards from NE 30 to BUF 1. 86-A.Brown to BUF 20 for 19 yards (81-B.Johnson).,0.337,0.031
2003,17,December 27,home,Buffalo Bills,https://www.pro-football-reference.com/boxscores/200312270nwe.htm,2,03:48,1,10,BUF 20,28,0,"(3:48) (Shotgun) 20-T.Henry left guard to BUF 29 for 9 yards (37-R.Harrison, 54-T.Bruschi).",0.368,0.452
2003,17,December 27,home,Buffalo Bills,https://www.pro-football-reference.com/boxscores/200312270nwe.htm,2,03:13,2,1,BUF 29,28,0,(3:13) (Shotgun) 11-D.Bledsoe pass incomplete to 80-E.Moulds (54-T.Bruschi).,0.820,-0.330
2003,17,December 27,home,Buffalo Bills,https://www.pro-football-reference.com/boxscores/200312270nwe.htm,2,03:09,3,1,BUF 29,28,0,"(3:09) 11-D.Bledsoe up the middle to BUF 32 for 3 yards (54-T.Bruschi, 55-W.McGinest).",0.490,0.495
2003,17,December 27,home,Buffalo Bills,https://www.pro-football-reference.com/boxscores/200312270nwe.htm,2,02:48,1,10,BUF 32,28,0,"(2:48) (No Huddle, Shotgun) 11-D.Bledsoe pass to 80-E.Moulds to BUF 40 for 8 yards (24-T.Law).",0.985,0.188
2003,17,December 27,home,Buffalo Bills,https://www.pro-football-reference.com/boxscores/200312270nwe.htm,2,02:24,2,2,BUF 40,28,0,"(2:24) (No Huddle, Shotgun) 11-D.Bledsoe pass incomplete to 85-C.Coleman.",1.172,-0.397
2003,17,December 27,home,Buffalo Bills,https://www.pro-football-reference.com/boxscores/200312270nwe.htm,2,02:21,3,2,BUF 40,28,0,(2:21) (Shotgun) 31-S.Morris right guard to BUF 47 for 7 yards (37-R.Harrison).,0.776,0.863
2003,17,December 27,home,Buffalo Bills,https://www.pro-football-reference.com/boxscores/200312270nwe.htm,2,02:00,1,10,BUF 47,28,0,(2:00) (Shotgun) 11-D.Bledsoe pass to 80-E.Moulds to NE 48 for 5 yards (38-T.Poole).,1.639,0.066
2003,17,December 27,home,Buffalo Bills,https://www.pro-football-reference.com/boxscores/200312270nwe.htm,2,01:39,2,5,NE 48,28,0,"(1:39) (No Huddle) 31-S.Morris right end to NE 45 for 3 yards (50-M.Vrabel, 54-T.Bruschi).",1.705,-0.076
2003,17,December 27,home,Buffalo Bills,https://www.pro-football-reference.com/boxscores/200312270nwe.htm,2,01:09,3,2,NE 45,28,0,"(1:09) (No Huddle, Shotgun) PENALTY on BUF-74-M.Sullivan, False Start, 5 yards, enforced at NE 45 - No Play.",1.629,-0.502
2003,17,December 27,home,Buffalo Bills,https://www.pro-football-reference.com/boxscores/200312270nwe.htm,2,01:08,3,7,MID 50,28,0,"(1:08) (Shotgun) 11-D.Bledsoe pass incomplete to 82-J.Reed. Penalty on BUF-65-R.Tucker, Illegal Use of Hands, declined.",1.127,-0.954
2003,17,December 27,home,Buffalo Bills,https://www.pro-football-reference.com/boxscores/200312270nwe.htm,2,01:04,4,7,MID 50,28,0,"(1:04) 8-B.Moorman punts 40 yards to NE 10, Center-54-J.Dorenbos. 80-T.Brown to NE 20 for 10 yards (57-J.Stamer, 50-D.Stevenson).",0.173,-0.173
2003,17,December 27,home,Buffalo Bills,https://www.pro-football-reference.com/boxscores/200312270nwe.htm,2,00:54,1,10,NE 20,28,0,(:54) 12-T.Brady kneels to NE 19 for -1 yards.,0.000,0.000
2003,17,December 27,home,Buffalo Bills,https://www.pro-football-reference.com/boxscores/200312270nwe.htm,2,00:18,2,11,NE 19,28,0,(:18) 12-T.Brady kneels to NE 18 for -1 yards.,0.000,0.000
2003,17,December 27,home,Buffalo Bills,https://www.pro-football-reference.com/boxscores/200312270nwe.htm,3,15:00,,,NE 30,28,0,4-A.Vinatieri kicks 63 yards from NE 30 to BUF 7. 86-A.Brown to NE 18 for 75 yards (81-B.Johnson).,-0.140,4.640
2003,17,December 27,home,Buffalo Bills,https://www.pro-football-reference.com/boxscores/200312270nwe.htm,3,14:48,1,10,NE 18,28,0,"(14:48) 20-T.Henry right guard to NE 17 for 1 yard (55-W.McGinest, 54-T.Bruschi).",4.500,-0.389
2003,17,December 27,home,Buffalo Bills,https://www.pro-football-reference.com/boxscores/200312270nwe.htm,3,14:15,2,9,NE 17,28,0,"(14:15) 11-D.Bledsoe pass incomplete to 82-J.Reed. Penalty on BUF-80-E.Moulds, Offensive Offside, declined.",4.112,-0.676
2003,17,December 27,home,Buffalo Bills,https://www.pro-football-reference.com/boxscores/200312270nwe.htm,3,14:11,3,9,NE 17,28,0,"(14:11) (Shotgun) PENALTY on BUF-65-R.Tucker, False Start, 5 yards, enforced at NE 17 - No Play.",3.435,-0.558
2003,17,December 27,home,Buffalo Bills,https://www.pro-football-reference.com/boxscores/200312270nwe.htm,3,14:11,3,14,NE 22,28,0,(14:11) 11-D.Bledsoe sacked at NE 29 for -7 yards (48-T.Banta-Cain).,2.878,-1.459
2003,17,December 27,home,Buffalo Bills,https://www.pro-football-reference.com/boxscores/200312270nwe.htm,3,13:43,4,21,NE 29,28,0,(13:43) (Shotgun) 11-D.Bledsoe pass incomplete to 82-J.Reed.,1.419,-3.010
2003,17,December 27,home,Buffalo Bills,https://www.pro-football-reference.com/boxscores/200312270nwe.htm,3,13:40,1,10,NE 30,28,0,(13:40) ball respotted on change of possession 12-T.Brady pass to 83-D.Branch to BUF 40 for 30 yards (26-A.Winfield).,1.591,1.828
2003,17,December 27,home,Buffalo Bills,https://www.pro-football-reference.com/boxscores/200312270nwe.htm,3,12:58,1,10,BUF 40,28,0,(12:58) 32-A.Smith right tackle to BUF 31 for 9 yards (51-T.Spikes).,3.418,0.628
2003,17,December 27,home,Buffalo Bills,https://www.pro-football-reference.com/boxscores/200312270nwe.htm,3,12:22,2,1,BUF 31,28,0,"(12:22) 32-A.Smith up the middle to BUF 25 for 6 yards (97-J.Bannan, 36-L.Milloy).",4.046,0.179
2003,17,December 27,home,Buffalo Bills,https://www.pro-football-reference.com/boxscores/200312270nwe.htm,3,11:43,1,10,BUF 25,28,0,"(11:43) 32-A.Smith right tackle to BUF 16 for 9 yards (27-C.Wire, 36-L.Milloy).",4.226,0.738
2003,17,December 27,home,Buffalo Bills,https://www.pro-football-reference.com/boxscores/200312270nwe.htm,3,11:05,2,1,BUF 16,28,0,"(11:05) 35-P.Pass left tackle to BUF 15 for 1 yard (51-T.Spikes, 94-A.Schobel). PENALTY on NE-71-R.Hochstein, Offensive Holding, 9 yards, enforced at BUF 16 - No Play.",4.963,-1.158
2003,17,December 27,home,Buffalo Bills,https://www.pro-football-reference.com/boxscores/200312270nwe.htm,3,10:41,2,10,BUF 25,28,0,(10:41) 12-T.Brady pass to 87-D.Givens pushed ob at BUF 10 for 15 yards (22-N.Clements).,3.805,1.202
2003,17,December 27,home,Buffalo Bills,https://www.pro-football-reference.com/boxscores/200312270nwe.htm,3,10:10,1,10,BUF 10,28,0,"(10:10) 33-K.Faulk up the middle to BUF 7 for 3 yards (93-P.Williams, 96-J.Posey).",5.007,-0.047
2003,17,December 27,home,Buffalo Bills,https://www.pro-football-reference.com/boxscores/200312270nwe.htm,3,09:30,2,7,BUF 7,28,0,(9:30) 12-T.Brady pass incomplete to 87-D.Givens.,4.960,-0.832
2003,17,December 27,home,Buffalo Bills,https://www.pro-football-reference.com/boxscores/200312270nwe.htm,3,09:26,3,7,BUF 7,28,0,(9:26) 12-T.Brady pass incomplete to 80-T.Brown.,4.128,-1.289
2003,17,December 27,home,Buffalo Bills,https://www.pro-football-reference.com/boxscores/200312270nwe.htm,3,09:21,4,7,BUF 7,28,0,"(9:21) 4-A.Vinatieri 24 yard field goal is No Good, Hit Left Upright, Center-46-B.Kinchen, Holder-13-K.Walter.",2.839,-2.817
2003,17,December 27,home,Buffalo Bills,https://www.pro-football-reference.com/boxscores/200312270nwe.htm,3,09:18,1,10,BUF 20,28,0,(9:18) 11-D.Bledsoe pass to 33-S.Gash to BUF 23 for 3 yards (58-M.Chatham).,-0.022,-0.343
2003,17,December 27,home,Buffalo Bills,https://www.pro-football-reference.com/boxscores/200312270nwe.htm,3,08:43,2,7,BUF 23,28,0,"(8:43) 20-T.Henry right tackle to BUF 35 for 12 yards (37-R.Harrison, 54-T.Bruschi).",-0.365,1.216
2003,17,December 27,home,Buffalo Bills,https://www.pro-football-reference.com/boxscores/200312270nwe.htm,3,08:09,1,10,BUF 35,28,0,"(8:09) 20-T.Henry right guard to BUF 36 for 1 yard (91-B.Hamilton, 92-T.Washington).",0.851,-0.296
2003,17,December 27,home,Buffalo Bills,https://www.pro-football-reference.com/boxscores/200312270nwe.htm,3,07:28,2,9,BUF 36,28,0,(7:28) (Shotgun) 11-D.Bledsoe pass incomplete to 80-E.Moulds.,0.555,-0.737
2003,17,December 27,home,Buffalo Bills,https://www.pro-football-reference.com/boxscores/200312270nwe.htm,3,07:24,3,9,BUF 36,28,0,(7:24) (Shotgun) 11-D.Bledsoe pass to 82-J.Reed ran ob at NE 47 for 17 yards.,-0.183,2.423
2003,17,December 27,home,Buffalo Bills,https://www.pro-football-reference.com/boxscores/200312270nwe.htm,3,06:53,1,10,NE 47,28,0,(6:53) (Shotgun) 11-D.Bledsoe pass incomplete to 85-C.Coleman.,2.240,-0.479
2003,17,December 27,home,Buffalo Bills,https://www.pro-football-reference.com/boxscores/200312270nwe.htm,3,06:50,2,10,NE 47,28,0,"(6:50) 11-D.Bledsoe pass to 80-E.Moulds to NE 38 for 9 yards (37-R.Harrison, 24-T.Law).",1.761,0.570
2003,17,December 27,home,Buffalo Bills,https://www.pro-football-reference.com/boxscores/200312270nwe.htm,3,06:09,3,1,NE 38,28,0,"(6:09) 20-T.Henry up the middle to NE 30 for 8 yards (37-R.Harrison, 95-R.Phifer).",2.332,1.170
2003,17,December 27,home,Buffalo Bills,https://www.pro-football-reference.com/boxscores/200312270nwe.htm,3,05:19,1,10,NE 30,28,0,"(5:19) 11-D.Bledsoe pass incomplete to 85-C.Coleman (38-T.Poole). PENALTY on BUF-65-R.Tucker, Offensive Holding, 10 yards, enforced at NE 30 - No Play.",3.501,-1.166
2003,17,December 27,home,Buffalo Bills,https://www.pro-football-reference.com/boxscores/200312270nwe.htm,3,05:14,1,20,NE 40,28,0,(5:14) (Shotgun) 20-T.Henry left end pushed ob at NE 41 for -1 yards (54-T.Bruschi).,2.335,-0.676
2003,17,December 27,home,Buffalo Bills,https://www.pro-football-reference.com/boxscores/200312270nwe.htm,3,04:28,2,21,NE 41,28,0,(4:28) (Shotgun) 11-D.Bledsoe pass incomplete to 80-E.Moulds.,1.659,-0.955
2003,17,December 27,home,Buffalo Bills,https://www.pro-football-reference.com/boxscores/200312270nwe.htm,3,04:24,3,21,NE 41,28,0,(4:24) (Shotgun) 11-D.Bledsoe pass to 80-E.Moulds ran ob at NE 38 for 3 yards.,0.704,-1.465
2003,17,December 27,home,Buffalo Bills,https://www.pro-football-reference.com/boxscores/200312270nwe.htm,3,03:52,4,18,NE 38,28,0,"(3:52) (Punt formation) PENALTY on BUF-74-M.Sullivan, False Start, 5 yards, enforced at NE 38 - No Play.",-0.762,-0.111
2003,17,December 27,home,Buffalo Bills,https://www.pro-football-reference.com/boxscores/200312270nwe.htm,3,03:52,4,23,NE 43,28,0,"(3:52) 8-B.Moorman punts 27 yards to NE 16, Center-54-J.Dorenbos, fair catch by 80-T.Brown.",-0.873,0.346
2003,17,December 27,home,Buffalo Bills,https://www.pro-football-reference.com/boxscores/200312270nwe.htm,3,03:46,1,10,NE 16,28,0,(3:46) 32-A.Smith right end to NE 22 for 6 yards.,0.527,0.083
2003,17,December 27,home,Buffalo Bills,https://www.pro-football-reference.com/boxscores/200312270nwe.htm,3,03:26,2,4,NE 22,28,0,"(3:26) 32-A.Smith left guard to NE 25 for 3 yards (94-A.Schobel, 51-T.Spikes).",0.610,0.327
2003,17,December 27,home,Buffalo Bills,https://www.pro-football-reference.com/boxscores/200312270nwe.htm,3,02:53,3,1,NE 25,28,0,"(2:53) 31-L.Centers up the middle to NE 27 for 2 yards (96-J.Posey, 95-S.Adams).",0.937,0.378
2003,17,December 27,home,Buffalo Bills,https://www.pro-football-reference.com/boxscores/200312270nwe.htm,3,02:17,1,10,NE 27,28,0,"(2:17) 33-K.Faulk right end to NE 30 for 3 yards (90-C.Kelsay, 36-L.Milloy).",1.315,-0.249
2003,17,December 27,home,Buffalo Bills,https://www.pro-football-reference.com/boxscores/200312270nwe.htm,3,01:32,2,7,NE 30,28,0,(1:32) 12-T.Brady pass incomplete to 81-B.Johnson.,1.065,-0.686
2003,17,December 27,home,Buffalo Bills,https://www.pro-football-reference.com/boxscores/200312270nwe.htm,3,01:27,3,7,NE 30,28,0,(1:27) (Shotgun) 12-T.Brady pass incomplete to 81-B.Johnson.,0.380,-1.235
2003,17,December 27,home,Buffalo Bills,https://www.pro-football-reference.com/boxscores/200312270nwe.htm,3,01:21,4,7,NE 30,28,0,"(1:21) 13-K.Walter punts 37 yards to BUF 33, Center-46-B.Kinchen. 22-N.Clements to BUF 33 for no gain (30-J.Cherry).",-0.855,0.059
2003,17,December 27,home,Buffalo Bills,https://www.pro-football-reference.com/boxscores/200312270nwe.htm,3,01:14,1,10,BUF 33,28,0,"(1:14) 20-T.Henry left tackle to BUF 30 for -3 yards (37-R.Harrison, 54-T.Bruschi).",0.796,-0.928
2003,17,December 27,home,Buffalo Bills,https://www.pro-football-reference.com/boxscores/200312270nwe.htm,3,00:28,2,13,BUF 30,28,0,"(:28) 11-D.Bledsoe pass to 82-J.Reed to BUF 34 for 4 yards (38-T.Poole, 22-A.Samuel).",-0.132,-0.205
2003,17,December 27,home,Buffalo Bills,https://www.pro-football-reference.com/boxscores/200312270nwe.htm,4,15:00,3,9,BUF 34,28,0,"(15:00) (Shotgun) 11-D.Bledsoe sacked at BUF 27 for -7 yards (54-T.Bruschi). FUMBLES (54-T.Bruschi), RECOVERED by NE-54-T.Bruschi at BUF 27. 54-T.Bruschi to BUF 14 for 13 yards (31-S.Morris, 82-J.Reed).",-0.337,-4.550
2003,17,December 27,home,Buffalo Bills,https://www.pro-football-reference.com/boxscores/200312270nwe.htm,4,14:53,1,10,BUF 14,28,0,(14:53) 32-A.Smith up the middle to BUF 12 for 2 yards (91-K.McKenzie).,4.887,-0.390
2003,17,December 27,home,Buffalo Bills,https://www.pro-football-reference.com/boxscores/200312270nwe.htm,4,14:19,2,8,BUF 12,28,0,"(14:19) 31-L.Centers up the middle to BUF 9 for 3 yards (97-J.Bannan, 91-K.McKenzie).",4.498,-0.326
2003,17,December 27,home,Buffalo Bills,https://www.pro-football-reference.com/boxscores/200312270nwe.htm,4,13:36,3,5,BUF 9,28,0,"(13:36) 33-K.Faulk left guard to BUF 6 for 3 yards (94-A.Schobel, 51-T.Spikes).",4.172,-1.294
2003,17,December 27,home,Buffalo Bills,https://www.pro-football-reference.com/boxscores/200312270nwe.htm,4,12:54,4,2,BUF 6,31,0,"(12:54) 4-A.Vinatieri 24 yard field goal is GOOD, Center-46-B.Kinchen, Holder-13-K.Walter.",2.877,0.123
2003,17,December 27,home,Buffalo Bills,https://www.pro-football-reference.com/boxscores/200312270nwe.htm,4,12:50,,,NE 30,31,0,"4-A.Vinatieri kicks 56 yards from NE 30 to BUF 14. 86-A.Brown to BUF 30 for 16 yards (58-M.Chatham, 51-D.Davis).",0.096,0.588
2003,17,December 27,home,Buffalo Bills,https://www.pro-football-reference.com/boxscores/200312270nwe.htm,4,12:45,1,10,BUF 30,31,0,"(12:45) BUF 5-Brown now at QB. (Shotgun) 5-Tr.Brown pass to 82-J.Reed to BUF 39 for 9 yards (37-R.Harrison, 26-E.Wilson).",0.684,0.756
2003,17,December 27,home,Buffalo Bills,https://www.pro-football-reference.com/boxscores/200312270nwe.htm,4,12:01,2,1,BUF 39,31,0,"(12:01) 20-T.Henry up the middle to BUF 42 for 3 yards (94-T.Warren, 90-D.Klecko).",1.441,0.019
2003,17,December 27,home,Buffalo Bills,https://www.pro-football-reference.com/boxscores/200312270nwe.htm,4,11:23,1,10,BUF 42,31,0,"(11:23) (Shotgun) 5-Tr.Brown pass incomplete to 31-S.Morris. PENALTY on NE-90-D.Klecko, Defensive Offside, 5 yards, enforced at BUF 42 - No Play.",1.460,0.655
2003,17,December 27,home,Buffalo Bills,https://www.pro-football-reference.com/boxscores/200312270nwe.htm,4,11:18,1,5,BUF 47,31,0,(11:18) 5-Tr.Brown pass to 84-M.Campbell to NE 27 for 26 yards (37-R.Harrison). BUF 84-Campbell injured on play.,2.115,1.612
2003,17,December 27,home,Buffalo Bills,https://www.pro-football-reference.com/boxscores/200312270nwe.htm,4,10:41,1,10,NE 27,31,0,(10:41) 5-Tr.Brown pass to 80-E.Moulds to NE 22 for 5 yards (26-E.Wilson).,3.727,0.163
2003,17,December 27,home,Buffalo Bills,https://www.pro-football-reference.com/boxscores/200312270nwe.htm,4,10:04,2,5,NE 22,31,0,"(10:04) 20-T.Henry left end to NE 13 for 9 yards (38-T.Poole, 26-E.Wilson). FUMBLES (38-T.Poole), RECOVERED by NE-58-M.Chatham at NE 10. 58-M.Chatham to NE 10 for no gain (73-M.Price). Play Challenged by BUF and Upheld. (Timeout #1 at 09:56.)",3.889,-4.024
2003,17,December 27,home,Buffalo Bills,https://www.pro-football-reference.com/boxscores/200312270nwe.htm,4,09:56,1,10,NE 10,31,0,"(9:56) 33-K.Faulk right tackle to NE 16 for 6 yards (36-L.Milloy, 92-R.Denney). PENALTY on BUF-36-L.Milloy, Face Mask (15 Yards), 15 yards, enforced at NE 16.",0.135,1.241
2003,17,December 27,home,Buffalo Bills,https://www.pro-football-reference.com/boxscores/200312270nwe.htm,4,09:33,1,10,NE 31,31,0,"(9:33) 33-K.Faulk right end to NE 34 for 3 yards (92-R.Denney, 51-T.Spikes).",1.376,-0.240
2003,17,December 27,home,Buffalo Bills,https://www.pro-football-reference.com/boxscores/200312270nwe.htm,4,08:49,2,7,NE 34,31,0,(8:49) 31-L.Centers up the middle to NE 35 for 1 yard (93-P.Williams).,1.136,-0.414
2003,17,December 27,home,Buffalo Bills,https://www.pro-football-reference.com/boxscores/200312270nwe.htm,4,08:07,3,6,NE 35,31,0,(8:07) 12-T.Brady pass to 80-T.Brown to NE 48 for 13 yards (27-C.Wire).,0.722,1.699
2003,17,December 27,home,Buffalo Bills,https://www.pro-football-reference.com/boxscores/200312270nwe.htm,4,07:21,1,10,NE 48,31,0,"(7:21) 33-K.Faulk up the middle to NE 47 for -1 yards (93-P.Williams, 94-A.Schobel).",2.421,-0.765
2003,17,December 27,home,Buffalo Bills,https://www.pro-football-reference.com/boxscores/200312270nwe.htm,4,06:39,2,11,NE 47,31,0,"(6:39) NE 19-Huard now at QB. 33-K.Faulk right tackle to BUF 48 for 5 yards (92-R.Denney, 93-P.Williams).",1.657,-0.085
2003,17,December 27,home,Buffalo Bills,https://www.pro-football-reference.com/boxscores/200312270nwe.htm,4,05:53,3,6,BUF 48,31,0,(5:53) 19-D.Huard pass incomplete to 83-D.Branch.,1.572,-1.399
2003,17,December 27,home,Buffalo Bills,https://www.pro-football-reference.com/boxscores/200312270nwe.htm,4,05:47,4,6,BUF 48,31,0,"(5:47) 13-K.Walter punts 46 yards to BUF 2, Center-46-B.Kinchen. 23-P.Prioleau to BUF 2 for no gain (53-L.Izzo).",0.173,0.910
2003,17,December 27,home,Buffalo Bills,https://www.pro-football-reference.com/boxscores/200312270nwe.htm,4,05:34,1,10,BUF 2,31,0,"(5:34) 20-T.Henry left guard to BUF 5 for 3 yards (95-R.Phifer, 54-T.Bruschi).",-1.083,-0.052
2003,17,December 27,home,Buffalo Bills,https://www.pro-football-reference.com/boxscores/200312270nwe.htm,4,05:03,2,7,BUF 5,31,0,"(5:03) (Shotgun) 5-Tr.Brown pass to 20-T.Henry to BUF 5 for no gain (22-A.Samuel, 58-M.Chatham).",-1.135,-0.434
2003,17,December 27,home,Buffalo Bills,https://www.pro-football-reference.com/boxscores/200312270nwe.htm,4,04:19,3,7,BUF 5,31,0,(4:19) 5-Tr.Brown pass to 85-C.Coleman to BUF 13 for 8 yards (53-L.Izzo).,-1.569,1.479
2003,17,December 27,home,Buffalo Bills,https://www.pro-football-reference.com/boxscores/200312270nwe.htm,4,03:54,1,10,BUF 13,31,0,(3:54) (No Huddle) 5-Tr.Brown pass to 82-J.Reed to BUF 18 for 5 yards (53-L.Izzo).,-0.090,-0.027
2003,17,December 27,home,Buffalo Bills,https://www.pro-football-reference.com/boxscores/200312270nwe.htm,4,03:29,2,5,BUF 18,31,0,(3:29) (No Huddle) 5-Tr.Brown pass incomplete to 85-C.Coleman.,-0.117,-0.477
2003,17,December 27,home,Buffalo Bills,https://www.pro-football-reference.com/boxscores/200312270nwe.htm,4,03:25,3,5,BUF 18,31,0,"(3:25) 31-S.Morris right guard to BUF 25 for 7 yards (52-T.Johnson, 58-M.Chatham).",-0.594,1.126
2003,17,December 27,home,Buffalo Bills,https://www.pro-football-reference.com/boxscores/200312270nwe.htm,4,02:55,1,10,BUF 25,31,0,(2:55) (No Huddle) 5-Tr.Brown pass to 85-C.Coleman pushed ob at BUF 28 for 3 yards (30-J.Cherry).,0.532,-0.269
2003,17,December 27,home,Buffalo Bills,https://www.pro-football-reference.com/boxscores/200312270nwe.htm,4,02:48,2,7,BUF 28,31,0,(2:48) 5-Tr.Brown pass incomplete to 82-J.Reed.,0.262,-0.440
2003,17,December 27,home,Buffalo Bills,https://www.pro-football-reference.com/boxscores/200312270nwe.htm,4,02:42,3,7,BUF 28,31,0,(2:42) 5-Tr.Brown pass to 31-S.Morris pushed ob at BUF 36 for 8 yards (53-L.Izzo).,-0.178,1.293
2003,17,December 27,home,Buffalo Bills,https://www.pro-football-reference.com/boxscores/200312270nwe.htm,4,02:12,1,10,BUF 36,31,0,"(2:12) (No Huddle) 5-Tr.Brown pass incomplete to 82-J.Reed. PENALTY on NE-94-T.Warren, Roughing the Passer, 15 yards, enforced at BUF 36 - No Play.",1.116,0.687
2003,17,December 27,home,Buffalo Bills,https://www.pro-football-reference.com/boxscores/200312270nwe.htm,4,02:09,1,10,NE 49,31,0,(2:09) 5-Tr.Brown pass to 85-C.Coleman to NE 40 for 9 yards (30-J.Cherry).,1.803,0.539
2003,17,December 27,home,Buffalo Bills,https://www.pro-football-reference.com/boxscores/200312270nwe.htm,4,02:00,2,1,NE 40,31,0,(2:00) 5-Tr.Brown sacked at NE 47 for -7 yards (30-J.Cherry).,2.342,-1.066
2003,17,December 27,home,Buffalo Bills,https://www.pro-football-reference.com/boxscores/200312270nwe.htm,4,01:25,3,8,NE 47,31,0,"(1:25) (No Huddle) 31-S.Morris left guard to NE 47 for no gain (30-J.Cherry, 94-T.Warren).",1.276,-1.058
2003,17,December 27,home,Buffalo Bills,https://www.pro-football-reference.com/boxscores/200312270nwe.htm,4,00:54,4,8,NE 47,31,0,(:54) (No Huddle) 5-Tr.Brown pass to 84-M.Campbell to NE 29 for 18 yards (39-S.Mayer).,0.217,2.405
2003,17,December 27,home,Buffalo Bills,https://www.pro-football-reference.com/boxscores/200312270nwe.htm,4,00:28,1,10,NE 29,31,0,(:28) (No Huddle) 5-Tr.Brown pass to 83-D.Moore to NE 1 for 28 yards (39-S.Mayer).,2.622,2.806
2003,17,December 27,home,Buffalo Bills,https://www.pro-football-reference.com/boxscores/200312270nwe.htm,4,00:17,,,,31,0,Timeout #2 by BUF at 00:17.,5.428,0.000
2003,17,December 27,home,Buffalo Bills,https://www.pro-football-reference.com/boxscores/200312270nwe.htm,4,00:17,,,NE 1,31,0,Timeout #1 by NE at 00:17.,5.428,0.000
2003,17,December 27,home,Buffalo Bills,https://www.pro-football-reference.com/boxscores/200312270nwe.htm,4,00:17,1,1,NE 1,31,0,(:17) 5-Tr.Brown pass intended for 83-D.Moore INTERCEPTED by 53-L.Izzo at NE 0. Touchback.,5.428,-5.428
2003,17,December 27,home,Buffalo Bills,https://www.pro-football-reference.com/boxscores/200312270nwe.htm,4,00:13,1,10,NE 20,31,0,(:13) 19-D.Huard kneels to NE 19 for -1 yards.,0.000,0.000
2003,Division,January 10,home,Tennessee Titans,https://www.pro-football-reference.com/boxscores/200401100nwe.htm,1,15:00,,,NE 30,0,0,"4-A.Vinatieri kicks 68 yards from NE 30 to TEN 2. 86-J.McCareins to TEN 38 for 36 yards (51-D.Davis, 39-S.Mayer).",-0.140,1.162
2003,Division,January 10,home,Tennessee Titans,https://www.pro-football-reference.com/boxscores/200401100nwe.htm,1,14:53,1,10,TEN 38,0,0,"(14:53) PENALTY on TEN-72-B.Hopkins, False Start, 5 yards, enforced at TEN 38 - No Play.",1.022,-0.593
2003,Division,January 10,home,Tennessee Titans,https://www.pro-football-reference.com/boxscores/200401100nwe.htm,1,14:53,1,15,TEN 33,0,0,(14:53) 9-S.McNair pass incomplete to 85-D.Mason.,0.429,-0.538
2003,Division,January 10,home,Tennessee Titans,https://www.pro-football-reference.com/boxscores/200401100nwe.htm,1,14:47,2,15,TEN 33,0,0,"(14:47) 27-E.George left guard to TEN 35 for 2 yards (92-T.Washington, 50-M.Vrabel).",-0.109,-0.665
2003,Division,January 10,home,Tennessee Titans,https://www.pro-football-reference.com/boxscores/200401100nwe.htm,1,13:58,3,13,TEN 35,0,0,"(13:58) (Shotgun) 9-S.McNair pass incomplete to 83-D.Bennett. Penalty on TEN-72-B.Hopkins, Illegal Use of Hands, declined.",-0.774,-0.954
2003,Division,January 10,home,Tennessee Titans,https://www.pro-football-reference.com/boxscores/200401100nwe.htm,1,13:58,4,13,TEN 35,0,0,"(13:58) 15-C.Hentrich punts 34 yards to NE 31, Center-58-K.Amato, fair catch by 80-T.Brown.",-1.727,0.098
2003,Division,January 10,home,Tennessee Titans,https://www.pro-football-reference.com/boxscores/200401100nwe.htm,1,13:51,1,10,NE 31,0,0,"(13:51) 32-A.Smith up the middle to NE 30 for -1 yards (92-A.Haynesworth, 98-R.Smith).",1.629,-0.682
2003,Division,January 10,home,Tennessee Titans,https://www.pro-football-reference.com/boxscores/200401100nwe.htm,1,13:14,2,11,NE 30,0,0,"(13:14) 32-A.Smith right tackle to NE 36 for 6 yards (93-K.Carter, 25-Ta.Williams).",0.947,-0.023
2003,Division,January 10,home,Tennessee Titans,https://www.pro-football-reference.com/boxscores/200401100nwe.htm,1,12:32,3,5,NE 36,0,0,(12:32) (Shotgun) 12-T.Brady pass to 33-K.Faulk to TEN 45 for 19 yards (59-P.Sirmon).,0.924,2.155
2003,Division,January 10,home,Tennessee Titans,https://www.pro-football-reference.com/boxscores/200401100nwe.htm,1,11:54,1,10,TEN 45,0,0,(11:54) 12-T.Brady pass incomplete to 87-D.Givens.,3.079,-0.451
2003,Division,January 10,home,Tennessee Titans,https://www.pro-football-reference.com/boxscores/200401100nwe.htm,1,11:49,2,10,TEN 45,0,0,"(11:49) 12-T.Brady pass to 31-L.Centers to TEN 41 for 4 yards (59-P.Sirmon, 55-B.Kassell).",2.628,-0.604
2003,Division,January 10,home,Tennessee Titans,https://www.pro-football-reference.com/boxscores/200401100nwe.htm,1,11:05,,,TEN 41,0,0,Timeout #1 by NE at 11:05.,2.024,0.000
2003,Division,January 10,home,Tennessee Titans,https://www.pro-football-reference.com/boxscores/200401100nwe.htm,1,11:05,3,6,TEN 41,6,0,"(11:05) (Shotgun) 12-T.Brady pass to 81-B.Johnson for 41 yards, TOUCHDOWN. ball caught at TEN11",2.024,4.976
2003,Division,January 10,home,Tennessee Titans,https://www.pro-football-reference.com/boxscores/200401100nwe.htm,1,10:59,,,TEN 2,7,0,"4-A.Vinatieri extra point is GOOD, Center-46-B.Kinchen, Holder-13-K.Walter.",0.986,0.014
2003,Division,January 10,home,Tennessee Titans,https://www.pro-football-reference.com/boxscores/200401100nwe.htm,1,10:59,,,NE 30,7,0,4-A.Vinatieri kicks 53 yards from NE 30 to TEN 17. 86-J.McCareins to TEN 39 for 22 yards (53-L.Izzo).,0.134,1.224
2003,Division,January 10,home,Tennessee Titans,https://www.pro-football-reference.com/boxscores/200401100nwe.htm,1,10:56,1,10,TEN 39,7,0,"(10:56) 9-S.McNair pass to 85-D.Mason to NE 46 for 15 yards (26-E.Wilson, 38-T.Poole). ball caught at NE 47.",1.358,1.028
2003,Division,January 10,home,Tennessee Titans,https://www.pro-football-reference.com/boxscores/200401100nwe.htm,1,10:16,1,10,NE 46,7,0,(10:16) 27-E.George left end to NE 46 for no gain (50-M.Vrabel).,2.385,-0.491
2003,Division,January 10,home,Tennessee Titans,https://www.pro-football-reference.com/boxscores/200401100nwe.htm,1,09:30,2,10,NE 46,7,0,(9:30) 9-S.McNair pass to 83-D.Bennett pushed ob at NE 22 for 24 yards (26-E.Wilson). ball caught at NE 42,1.895,2.278
2003,Division,January 10,home,Tennessee Titans,https://www.pro-football-reference.com/boxscores/200401100nwe.htm,1,08:56,1,10,NE 22,7,0,(8:56) 27-E.George right tackle to NE 18 for 4 yards (54-T.Bruschi).,4.173,-0.041
2003,Division,January 10,home,Tennessee Titans,https://www.pro-football-reference.com/boxscores/200401100nwe.htm,1,08:16,2,6,NE 18,7,0,"(8:16) 9-S.McNair pass incomplete to 85-D.Mason (95-R.Phifer). PENALTY on NE-93-R.Seymour, Roughing the Passer, 9 yards, enforced at NE 18 - No Play.",4.132,0.786
2003,Division,January 10,home,Tennessee Titans,https://www.pro-football-reference.com/boxscores/200401100nwe.htm,1,08:13,1,9,NE 9,7,0,"(8:13) 29-C.Brown left tackle to NE 5 for 4 yards (54-T.Bruschi, 95-R.Phifer).",4.918,0.179
2003,Division,January 10,home,Tennessee Titans,https://www.pro-football-reference.com/boxscores/200401100nwe.htm,1,07:35,2,5,NE 5,7,6,"(7:35) 29-C.Brown right guard for 5 yards, TOUCHDOWN.",5.097,1.903
2003,Division,January 10,home,Tennessee Titans,https://www.pro-football-reference.com/boxscores/200401100nwe.htm,1,07:31,,,NE 2,7,7,"1-G.Anderson extra point is GOOD, Center-67-T.Ackerman, Holder-15-C.Hentrich.",0.986,0.014
2003,Division,January 10,home,Tennessee Titans,https://www.pro-football-reference.com/boxscores/200401100nwe.htm,1,07:31,,,TEN 30,7,7,"15-C.Hentrich kicks 48 yards from TEN 30 to NE 22. 33-K.Faulk to NE 36 for 14 yards (42-S.McGarrahan, 23-D.Nickey).",0.651,1.146
2003,Division,January 10,home,Tennessee Titans,https://www.pro-football-reference.com/boxscores/200401100nwe.htm,1,07:26,1,10,NE 36,7,7,(7:26) 12-T.Brady pass incomplete to 31-L.Centers.,1.797,-0.496
2003,Division,January 10,home,Tennessee Titans,https://www.pro-football-reference.com/boxscores/200401100nwe.htm,1,07:21,2,10,NE 36,7,7,(7:21) 12-T.Brady pass to 17-D.Ward to TEN 42 for 22 yards (21-S.Rolle). ball caught at NE45,1.301,1.834
2003,Division,January 10,home,Tennessee Titans,https://www.pro-football-reference.com/boxscores/200401100nwe.htm,1,06:46,1,10,TEN 42,7,7,(6:46) 12-T.Brady pass to 87-D.Givens pushed ob at TEN 34 for 8 yards (22-A.Dyson). ball caught at TEN35,3.135,0.386
2003,Division,January 10,home,Tennessee Titans,https://www.pro-football-reference.com/boxscores/200401100nwe.htm,1,06:27,2,2,TEN 34,7,7,(6:27) 32-A.Smith right guard to TEN 33 for 1 yard (53-K.Bulluck).,3.521,-0.265
2003,Division,January 10,home,Tennessee Titans,https://www.pro-football-reference.com/boxscores/200401100nwe.htm,1,05:51,3,1,TEN 33,7,7,(5:51) 31-L.Centers up the middle to TEN 33 for no gain (97-C.Hall).,3.256,-1.186
2003,Division,January 10,home,Tennessee Titans,https://www.pro-football-reference.com/boxscores/200401100nwe.htm,1,05:32,4,1,TEN 33,7,7,(5:32) 12-T.Brady pass to 88-C.Fauria to TEN 24 for 9 yards (25-Ta.Williams).,2.070,2.240
2003,Division,January 10,home,Tennessee Titans,https://www.pro-football-reference.com/boxscores/200401100nwe.htm,1,04:51,1,10,TEN 24,7,7,"(4:51) 32-A.Smith left end to TEN 21 for 3 yards (55-B.Kassell, 31-L.Schulters).",4.310,-0.224
2003,Division,January 10,home,Tennessee Titans,https://www.pro-football-reference.com/boxscores/200401100nwe.htm,1,04:13,2,7,TEN 21,7,7,(4:13) 12-T.Brady pass incomplete to 33-K.Faulk.,4.086,-0.589
2003,Division,January 10,home,Tennessee Titans,https://www.pro-football-reference.com/boxscores/200401100nwe.htm,1,04:11,3,7,TEN 21,7,7,"(4:11) (Shotgun) PENALTY on NE-68-T.Ashworth, False Start, 5 yards, enforced at TEN 21 - No Play.",3.497,-0.703
2003,Division,January 10,home,Tennessee Titans,https://www.pro-football-reference.com/boxscores/200401100nwe.htm,1,04:11,3,12,TEN 26,7,7,(4:11) (Shotgun) 12-T.Brady pass incomplete to 83-D.Branch.,2.794,-1.194
2003,Division,January 10,home,Tennessee Titans,https://www.pro-football-reference.com/boxscores/200401100nwe.htm,1,04:04,4,12,TEN 26,7,7,"(4:04) 4-A.Vinatieri 44 yard field goal is No Good, Wide Left, Center-46-B.Kinchen, Holder-13-K.Walter.",1.600,-2.571
2003,Division,January 10,home,Tennessee Titans,https://www.pro-football-reference.com/boxscores/200401100nwe.htm,1,03:59,1,10,TEN 34,7,7,(3:59) 9-S.McNair pass intended for 84-S.Meier INTERCEPTED by 37-R.Harrison at NE 36. 37-R.Harrison to NE 43 for 7 yards (86-J.McCareins).,0.971,-3.140
2003,Division,January 10,home,Tennessee Titans,https://www.pro-football-reference.com/boxscores/200401100nwe.htm,1,03:48,1,10,NE 43,7,7,"(3:48) 32-A.Smith left end to NE 40 for -3 yards (90-J.Kearse, 98-R.Smith).",2.169,-1.028
2003,Division,January 10,home,Tennessee Titans,https://www.pro-football-reference.com/boxscores/200401100nwe.htm,1,03:10,2,13,NE 40,7,7,(3:10) 12-T.Brady pass incomplete to 32-A.Smith.,1.141,-0.892
2003,Division,January 10,home,Tennessee Titans,https://www.pro-football-reference.com/boxscores/200401100nwe.htm,1,03:04,3,13,NE 40,7,7,(3:04) (Shotgun) 12-T.Brady pass to 81-B.Johnson to TEN 46 for 14 yards (53-K.Bulluck). ball caught at NE43 key block by Brady.,0.248,2.584
2003,Division,January 10,home,Tennessee Titans,https://www.pro-football-reference.com/boxscores/200401100nwe.htm,1,02:13,1,10,TEN 46,7,7,(2:13) 12-T.Brady pass to 88-C.Fauria pushed ob at TEN 27 for 19 yards (53-K.Bulluck).,2.832,1.142
2003,Division,January 10,home,Tennessee Titans,https://www.pro-football-reference.com/boxscores/200401100nwe.htm,1,01:48,1,10,TEN 27,7,7,(1:48) 12-T.Brady pass incomplete to 87-D.Givens.,3.974,-0.386
2003,Division,January 10,home,Tennessee Titans,https://www.pro-football-reference.com/boxscores/200401100nwe.htm,1,01:43,2,10,TEN 27,7,7,"(1:43) 12-T.Brady pass to 88-C.Fauria to TEN 13 for 14 yards (59-P.Sirmon). Penalty on TEN-99-R.Long, Defensive Holding, declined.",3.589,1.327
2003,Division,January 10,home,Tennessee Titans,https://www.pro-football-reference.com/boxscores/200401100nwe.htm,1,01:24,1,10,TEN 13,7,7,"(1:24) 32-A.Smith up the middle to TEN 8 for 5 yards (94-J.Thomas, 55-B.Kassell).",4.915,0.158
2003,Division,January 10,home,Tennessee Titans,https://www.pro-football-reference.com/boxscores/200401100nwe.htm,1,00:35,2,5,TEN 8,7,7,(:35) 12-T.Brady pass to 83-D.Branch to TEN 6 for 2 yards (22-A.Dyson). ball caught at TEN8,5.073,-0.626
2003,Division,January 10,home,Tennessee Titans,https://www.pro-football-reference.com/boxscores/200401100nwe.htm,2,15:00,3,3,TEN 6,7,7,"(15:00) 12-T.Brady right end to TEN 3 for 3 yards (93-K.Carter, 59-P.Sirmon).",4.447,1.549
2003,Division,January 10,home,Tennessee Titans,https://www.pro-football-reference.com/boxscores/200401100nwe.htm,2,14:31,1,3,TEN 3,7,7,"(14:31) NE 90-Klecko & 50-Vrabel eligible. 32-A.Smith left tackle to TEN 1 for 2 yards (53-K.Bulluck, 59-P.Sirmon).",5.995,0.066
2003,Division,January 10,home,Tennessee Titans,https://www.pro-football-reference.com/boxscores/200401100nwe.htm,2,13:49,2,1,TEN 1,13,7,"(13:49) NE 90-Klecko & 50-Vrabel eligible. 32-A.Smith left guard for 1 yard, TOUCHDOWN.",6.061,0.939
2003,Division,January 10,home,Tennessee Titans,https://www.pro-football-reference.com/boxscores/200401100nwe.htm,2,13:46,,,TEN 2,14,7,"4-A.Vinatieri extra point is GOOD, Center-46-B.Kinchen, Holder-13-K.Walter.",0.986,0.014
2003,Division,January 10,home,Tennessee Titans,https://www.pro-football-reference.com/boxscores/200401100nwe.htm,2,13:46,,,NE 30,14,7,4-A.Vinatieri kicks 50 yards from NE 30 to TEN 20. 86-J.McCareins pushed ob at TEN 38 for 18 yards (39-S.Mayer).,0.223,1.031
2003,Division,January 10,home,Tennessee Titans,https://www.pro-football-reference.com/boxscores/200401100nwe.htm,2,13:42,1,10,TEN 38,14,7,(13:42) 9-S.McNair pass to 89-F.Wycheck to TEN 44 for 6 yards (52-T.Johnson). ball caught at TEN41,1.254,0.350
2003,Division,January 10,home,Tennessee Titans,https://www.pro-football-reference.com/boxscores/200401100nwe.htm,2,13:04,2,4,TEN 44,14,7,"(13:04) 27-E.George up the middle to TEN 46 for 2 yards (93-R.Seymour, 54-T.Bruschi).",1.604,-0.376
2003,Division,January 10,home,Tennessee Titans,https://www.pro-football-reference.com/boxscores/200401100nwe.htm,2,12:20,3,2,TEN 46,14,7,(12:20) (Shotgun) 9-S.McNair pass to 85-D.Mason pushed ob at NE 44 for 10 yards (26-E.Wilson). ball caught at 50,1.229,1.239
2003,Division,January 10,home,Tennessee Titans,https://www.pro-football-reference.com/boxscores/200401100nwe.htm,2,11:53,1,10,NE 44,14,7,(11:53) 9-S.McNair pass to 27-E.George to NE 40 for 4 yards (54-T.Bruschi).,2.467,-0.092
2003,Division,January 10,home,Tennessee Titans,https://www.pro-football-reference.com/boxscores/200401100nwe.htm,2,11:06,2,6,NE 40,14,7,"(11:06) 27-E.George left guard to NE 37 for 3 yards (92-T.Washington, 91-B.Hamilton).",2.375,-0.213
2003,Division,January 10,home,Tennessee Titans,https://www.pro-football-reference.com/boxscores/200401100nwe.htm,2,10:24,3,3,NE 37,14,7,(10:24) (Shotgun) 9-S.McNair pass to 85-D.Mason pushed ob at NE 25 for 12 yards (26-E.Wilson). ball caught at NE36,2.162,1.748
2003,Division,January 10,home,Tennessee Titans,https://www.pro-football-reference.com/boxscores/200401100nwe.htm,2,09:54,1,10,NE 25,14,7,(9:54) (Shotgun) 9-S.McNair pass to 85-D.Mason pushed ob at NE 19 for 6 yards (26-E.Wilson). ball caught at NE22,3.911,0.267
2003,Division,January 10,home,Tennessee Titans,https://www.pro-football-reference.com/boxscores/200401100nwe.htm,2,09:26,2,4,NE 19,14,7,(9:26) (Shotgun) 9-S.McNair sacked at NE 26 for -7 yards (55-W.McGinest).,4.178,-1.572
2003,Division,January 10,home,Tennessee Titans,https://www.pro-football-reference.com/boxscores/200401100nwe.htm,2,08:29,3,11,NE 26,14,7,"(8:29) (Shotgun) PENALTY on TEN-9-S.McNair, Delay of Game, 5 yards, enforced at NE 26 - No Play.",2.606,-0.684
2003,Division,January 10,home,Tennessee Titans,https://www.pro-football-reference.com/boxscores/200401100nwe.htm,2,08:15,3,16,NE 31,14,7,"(8:15) (Shotgun) 9-S.McNair pass to 89-F.Wycheck to NE 28 for 3 yards (55-W.McGinest, 93-R.Seymour). ball caught at NE33",1.922,-0.446
2003,Division,January 10,home,Tennessee Titans,https://www.pro-football-reference.com/boxscores/200401100nwe.htm,2,08:15,4,13,NE 28,14,7,"(8:15) PENALTY on TEN-15-C.Hentrich, Delay of Game, 5 yards, enforced at NE 28 - No Play.",1.476,-0.787
2003,Division,January 10,home,Tennessee Titans,https://www.pro-football-reference.com/boxscores/200401100nwe.htm,2,07:08,4,18,NE 33,14,7,"(7:08) 15-C.Hentrich punts 14 yards to NE 19, Center-58-K.Amato, downed by TEN-42-S.McGarrahan.",0.689,-1.216
2003,Division,January 10,home,Tennessee Titans,https://www.pro-football-reference.com/boxscores/200401100nwe.htm,2,06:57,1,10,NE 19,14,7,"(6:57) 32-A.Smith up the middle to NE 32 for 13 yards (25-Ta.Williams, 42-S.McGarrahan).",0.527,0.731
2003,Division,January 10,home,Tennessee Titans,https://www.pro-football-reference.com/boxscores/200401100nwe.htm,2,06:25,1,10,NE 32,14,7,(6:25) 32-A.Smith right guard to NE 37 for 5 yards (59-P.Sirmon).,1.257,-0.071
2003,Division,January 10,home,Tennessee Titans,https://www.pro-football-reference.com/boxscores/200401100nwe.htm,2,05:45,2,5,NE 37,14,7,(5:45) 12-T.Brady pass incomplete to 83-D.Branch.,1.187,-0.615
2003,Division,January 10,home,Tennessee Titans,https://www.pro-football-reference.com/boxscores/200401100nwe.htm,2,05:41,3,5,NE 37,14,7,(5:41) 12-T.Brady pass incomplete to 80-T.Brown (37-L.Thompson).,0.571,-1.156
2003,Division,January 10,home,Tennessee Titans,https://www.pro-football-reference.com/boxscores/200401100nwe.htm,2,05:35,4,5,NE 37,14,7,"(5:35) 13-K.Walter punts 27 yards to TEN 36, Center-46-B.Kinchen, downed by NE-30-J.Cherry.",-0.585,-0.757
2003,Division,January 10,home,Tennessee Titans,https://www.pro-football-reference.com/boxscores/200401100nwe.htm,2,05:23,1,10,TEN 36,14,7,"(5:23) 27-E.George left guard to TEN 38 for 2 yards (97-J.Green, 92-T.Washington).",1.342,-0.495
2003,Division,January 10,home,Tennessee Titans,https://www.pro-football-reference.com/boxscores/200401100nwe.htm,2,04:44,2,8,TEN 38,14,7,(4:44) 9-S.McNair pass to 85-D.Mason ran ob at NE 33 for 29 yards. ball caught at NE35,0.847,2.411
2003,Division,January 10,home,Tennessee Titans,https://www.pro-football-reference.com/boxscores/200401100nwe.htm,2,04:17,1,10,NE 33,14,7,"(4:17) 27-E.George up the middle to NE 30 for 3 yards (55-W.McGinest, 92-T.Washington).",3.259,-0.334
2003,Division,January 10,home,Tennessee Titans,https://www.pro-football-reference.com/boxscores/200401100nwe.htm,2,03:36,2,7,NE 30,14,7,"(3:36) 27-E.George left tackle to NE 28 for 2 yards (97-J.Green, 52-T.Johnson).",2.925,-0.319
2003,Division,January 10,home,Tennessee Titans,https://www.pro-football-reference.com/boxscores/200401100nwe.htm,2,02:54,3,5,NE 28,14,7,"(2:54) (Shotgun) 29-C.Brown up the middle to NE 15 for 13 yards (50-M.Vrabel, 37-R.Harrison).",2.606,1.798
2003,Division,January 10,home,Tennessee Titans,https://www.pro-football-reference.com/boxscores/200401100nwe.htm,2,02:12,1,10,NE 15,14,7,(2:12) 29-C.Brown right guard to NE 13 for 2 yards (55-W.McGinest).,4.403,-0.272
2003,Division,January 10,home,Tennessee Titans,https://www.pro-football-reference.com/boxscores/200401100nwe.htm,2,02:00,2,8,NE 13,14,7,(2:00) 9-S.McNair sacked at NE 13 for 0 yards (50-M.Vrabel).,4.131,-0.662
2003,Division,January 10,home,Tennessee Titans,https://www.pro-football-reference.com/boxscores/200401100nwe.htm,2,01:11,3,8,NE 13,14,7,(1:11) (Shotgun) 9-S.McNair pass incomplete to 86-J.McCareins.,3.470,-0.888
2003,Division,January 10,home,Tennessee Titans,https://www.pro-football-reference.com/boxscores/200401100nwe.htm,2,01:08,4,8,NE 13,14,7,"(1:08) 1-G.Anderson 31 yard field goal is BLOCKED (93-R.Seymour), Center-67-T.Ackerman, Holder-15-C.Hentrich, recovered by TEN-84-S.Meier at NE 22. 84-S.Meier to NE 22 for no gain (58-M.Chatham). Penalty on TEN-71-F.Miller, Unnecessary Roughness, declined. high snap",2.581,-3.026
2003,Division,January 10,home,Tennessee Titans,https://www.pro-football-reference.com/boxscores/200401100nwe.htm,2,01:00,1,10,NE 22,14,7,(1:00) (Shotgun) 12-T.Brady pass to 80-T.Brown to NE 29 for 7 yards (53-K.Bulluck). ball caught at NE25,0.445,-0.111
2003,Division,January 10,home,Tennessee Titans,https://www.pro-football-reference.com/boxscores/200401100nwe.htm,2,00:47,,,NE 29,14,7,Timeout #2 by NE at 00:47.,0.334,0.000
2003,Division,January 10,home,Tennessee Titans,https://www.pro-football-reference.com/boxscores/200401100nwe.htm,2,00:47,2,3,NE 29,14,7,(:47) (Shotgun) 12-T.Brady pass incomplete to 87-D.Givens.,0.334,-0.181
2003,Division,January 10,home,Tennessee Titans,https://www.pro-football-reference.com/boxscores/200401100nwe.htm,2,00:41,3,3,NE 29,14,7,"(:41) PENALTY on TEN-90-J.Kearse, Encroachment, 5 yards, enforced at NE 29 - No Play.",0.153,0.385
2003,Division,January 10,home,Tennessee Titans,https://www.pro-football-reference.com/boxscores/200401100nwe.htm,2,00:41,1,10,NE 34,14,7,(:41) (Shotgun) 12-T.Brady pass to 33-K.Faulk to NE 41 for 7 yards (59-P.Sirmon). ball caught at NE36,0.538,0.099
2003,Division,January 10,home,Tennessee Titans,https://www.pro-football-reference.com/boxscores/200401100nwe.htm,2,00:24,2,3,NE 41,14,7,(:24) (No Huddle) 12-T.Brady spiked the ball to stop the clock.,0.637,-0.134
2003,Division,January 10,home,Tennessee Titans,https://www.pro-football-reference.com/boxscores/200401100nwe.htm,2,00:23,3,3,NE 41,14,7,(:23) 12-T.Brady pass incomplete to 82-D.Graham.,0.503,-0.418
2003,Division,January 10,home,Tennessee Titans,https://www.pro-football-reference.com/boxscores/200401100nwe.htm,2,00:20,4,3,NE 41,14,7,"(:20) 13-K.Walter punts 25 yards to TEN 34, Center-46-B.Kinchen, fair catch by 85-D.Mason.",0.085,-0.085
2003,Division,January 10,home,Tennessee Titans,https://www.pro-football-reference.com/boxscores/200401100nwe.htm,2,00:13,1,10,TEN 34,14,7,(:13) 9-S.McNair kneels to TEN 33 for -1 yards.,0.000,0.000
2003,Division,January 10,home,Tennessee Titans,https://www.pro-football-reference.com/boxscores/200401100nwe.htm,3,15:00,,,TEN 30,14,7,15-C.Hentrich kicks 56 yards from TEN 30 to NE 14. 81-B.Johnson pushed ob at NE 30 for 16 yards (24-T.Beckham).,0.817,0.754
2003,Division,January 10,home,Tennessee Titans,https://www.pro-football-reference.com/boxscores/200401100nwe.htm,3,14:54,1,10,NE 30,14,7,"(14:54) 32-A.Smith left tackle to NE 33 for 3 yards (90-J.Kearse, 55-B.Kassell).",1.571,-0.230
2003,Division,January 10,home,Tennessee Titans,https://www.pro-football-reference.com/boxscores/200401100nwe.htm,3,14:17,2,7,NE 33,14,7,(14:17) 32-A.Smith left end to NE 43 for 10 yards (55-B.Kassell).,1.341,1.060
2003,Division,January 10,home,Tennessee Titans,https://www.pro-football-reference.com/boxscores/200401100nwe.htm,3,13:35,1,10,NE 43,14,7,(13:35) 12-T.Brady pass to 83-D.Branch to NE 45 for 2 yards (21-S.Rolle). ball caught at NE43,2.401,-0.336
2003,Division,January 10,home,Tennessee Titans,https://www.pro-football-reference.com/boxscores/200401100nwe.htm,3,12:56,2,8,NE 45,14,7,"(12:56) 12-T.Brady pass to 32-A.Smith to NE 46 for 1 yard (21-S.Rolle, 90-J.Kearse). ball caught at NE45",2.065,-0.690
2003,Division,January 10,home,Tennessee Titans,https://www.pro-football-reference.com/boxscores/200401100nwe.htm,3,12:14,3,7,NE 46,14,7,(12:14) (Shotgun) 12-T.Brady pass incomplete to 83-D.Branch.,1.375,-1.465
2003,Division,January 10,home,Tennessee Titans,https://www.pro-football-reference.com/boxscores/200401100nwe.htm,3,12:09,4,7,NE 46,14,7,"(12:09) 13-K.Walter punts 24 yards to TEN 30, Center-46-B.Kinchen, downed by NE-58-M.Chatham. high snap",-0.090,-0.544
2003,Division,January 10,home,Tennessee Titans,https://www.pro-football-reference.com/boxscores/200401100nwe.htm,3,12:01,1,10,TEN 30,14,7,"(12:01) 27-E.George left end to TEN 30 for no gain (54-T.Bruschi, 91-B.Hamilton).",0.634,-0.490
2003,Division,January 10,home,Tennessee Titans,https://www.pro-football-reference.com/boxscores/200401100nwe.htm,3,11:17,2,10,TEN 30,14,7,(11:17) 27-E.George right guard to TEN 39 for 9 yards (37-R.Harrison).,0.144,0.805
2003,Division,January 10,home,Tennessee Titans,https://www.pro-football-reference.com/boxscores/200401100nwe.htm,3,10:31,3,1,TEN 39,14,7,"(10:31) PENALTY on TEN-69-Z.Piller, False Start, 5 yards, enforced at TEN 39 - No Play.",0.949,-1.108
2003,Division,January 10,home,Tennessee Titans,https://www.pro-football-reference.com/boxscores/200401100nwe.htm,3,10:11,3,6,TEN 34,14,7,(10:11) (Shotgun) 9-S.McNair pass to 87-T.Calico to NE 36 for 30 yards (38-T.Poole). ball caught at NE40,-0.159,3.205
2003,Division,January 10,home,Tennessee Titans,https://www.pro-football-reference.com/boxscores/200401100nwe.htm,3,09:48,1,10,NE 36,14,7,(9:48) 27-E.George left end to NE 28 for 8 yards (93-R.Seymour).,3.046,0.633
2003,Division,January 10,home,Tennessee Titans,https://www.pro-football-reference.com/boxscores/200401100nwe.htm,3,09:07,2,2,NE 28,14,7,(9:07) 9-S.McNair pass to 27-E.George to NE 25 for 3 yards (95-R.Phifer).,3.679,0.195
2003,Division,January 10,home,Tennessee Titans,https://www.pro-football-reference.com/boxscores/200401100nwe.htm,3,08:20,1,10,NE 25,14,7,"(8:20) PENALTY on TEN-9-S.McNair, Delay of Game, 5 yards, enforced at NE 25 - No Play.",3.874,-0.740
2003,Division,January 10,home,Tennessee Titans,https://www.pro-football-reference.com/boxscores/200401100nwe.htm,3,08:00,1,15,NE 30,14,7,"(8:00) 29-C.Brown left end to NE 26 for 4 yards (37-R.Harrison, 93-R.Seymour).",3.134,0.065
2003,Division,January 10,home,Tennessee Titans,https://www.pro-football-reference.com/boxscores/200401100nwe.htm,3,07:19,2,11,NE 26,14,7,"(7:19) 9-S.McNair pass to 88-E.Kinney to NE 21 for 5 yards (50-M.Vrabel, 55-W.McGinest).",3.199,0.100
2003,Division,January 10,home,Tennessee Titans,https://www.pro-football-reference.com/boxscores/200401100nwe.htm,3,06:34,3,6,NE 21,14,7,(6:34) (Shotgun) 9-S.McNair pass to 86-J.McCareins to NE 11 for 10 yards (26-E.Wilson). ball caught at NE20,3.299,1.502
2003,Division,January 10,home,Tennessee Titans,https://www.pro-football-reference.com/boxscores/200401100nwe.htm,3,05:56,1,10,NE 11,14,7,"(5:56) 27-E.George left guard to NE 6 for 5 yards (37-R.Harrison, 95-R.Phifer).",4.801,0.284
2003,Division,January 10,home,Tennessee Titans,https://www.pro-football-reference.com/boxscores/200401100nwe.htm,3,05:13,2,5,NE 6,14,7,"(5:13) PENALTY on TEN-71-F.Miller, False Start, 5 yards, enforced at NE 6 - No Play.",5.085,-0.698
2003,Division,January 10,home,Tennessee Titans,https://www.pro-football-reference.com/boxscores/200401100nwe.htm,3,04:59,2,10,NE 11,14,7,"(4:59) 27-E.George left tackle to NE 11 for no gain (50-M.Vrabel, 54-T.Bruschi).",4.387,-0.697
2003,Division,January 10,home,Tennessee Titans,https://www.pro-football-reference.com/boxscores/200401100nwe.htm,3,04:19,3,10,NE 11,14,13,"(4:19) (Shotgun) 9-S.McNair pass to 85-D.Mason for 11 yards, TOUCHDOWN. ball caught at NE6",3.691,3.309
2003,Division,January 10,home,Tennessee Titans,https://www.pro-football-reference.com/boxscores/200401100nwe.htm,3,04:14,,,NE 2,14,14,"1-G.Anderson extra point is GOOD, Center-67-T.Ackerman, Holder-15-C.Hentrich.",0.986,0.014
2003,Division,January 10,home,Tennessee Titans,https://www.pro-football-reference.com/boxscores/200401100nwe.htm,3,04:14,,,TEN 30,14,14,"15-C.Hentrich kicks 51 yards from TEN 30 to NE 19. 35-P.Pass to NE 37 for 18 yards (80-D.Hill, 25-Ta.Williams).",0.746,1.203
2003,Division,January 10,home,Tennessee Titans,https://www.pro-football-reference.com/boxscores/200401100nwe.htm,3,04:05,1,10,NE 37,14,14,(4:05) 12-T.Brady pass incomplete to 83-D.Branch.,1.949,-0.451
2003,Division,January 10,home,Tennessee Titans,https://www.pro-football-reference.com/boxscores/200401100nwe.htm,3,03:59,2,10,NE 37,14,14,(3:59) 12-T.Brady pass to 87-D.Givens to NE 43 for 6 yards (53-K.Bulluck). ball caught at NE40,1.499,-0.063
2003,Division,January 10,home,Tennessee Titans,https://www.pro-football-reference.com/boxscores/200401100nwe.htm,3,03:24,3,4,NE 43,14,14,(3:24) 33-K.Faulk right end pushed ob at TEN 49 for 8 yards (31-L.Schulters). direct snap,1.435,1.341
2003,Division,January 10,home,Tennessee Titans,https://www.pro-football-reference.com/boxscores/200401100nwe.htm,3,03:06,1,10,TEN 49,14,14,"(3:06) 32-A.Smith left tackle to TEN 46 for 3 yards (59-P.Sirmon, 53-K.Bulluck).",2.777,-0.237
2003,Division,January 10,home,Tennessee Titans,https://www.pro-football-reference.com/boxscores/200401100nwe.htm,3,02:14,2,7,TEN 46,14,14,"(2:14) 12-T.Brady pass to 82-D.Graham to TEN 47 for -1 yards (93-K.Carter). FUMBLES (93-K.Carter), RECOVERED by TEN-97-C.Hall at TEN 47. 97-C.Hall to TEN 47 for no gain (63-J.Andruzzi). ball caught at NE47",2.539,-4.346
2003,Division,January 10,home,Tennessee Titans,https://www.pro-football-reference.com/boxscores/200401100nwe.htm,3,02:06,1,10,TEN 47,14,14,(2:06) 89-F.Wycheck sacked at TEN 37 for -10 yards (55-W.McGinest).,1.807,-1.498
2003,Division,January 10,home,Tennessee Titans,https://www.pro-football-reference.com/boxscores/200401100nwe.htm,3,01:23,2,20,TEN 37,14,14,"(1:23) 29-C.Brown left guard to TEN 39 for 2 yards (50-M.Vrabel, 92-T.Washington).",0.309,-0.730
2003,Division,January 10,home,Tennessee Titans,https://www.pro-football-reference.com/boxscores/200401100nwe.htm,3,00:41,3,18,TEN 39,14,14,(:41) (Shotgun) 9-S.McNair pass incomplete to 85-D.Mason.,-0.421,-0.944
2003,Division,January 10,home,Tennessee Titans,https://www.pro-football-reference.com/boxscores/200401100nwe.htm,3,00:37,4,18,TEN 39,14,14,"(:37) 15-C.Hentrich punts 56 yards to NE 5, Center-58-K.Amato, downed by TEN-42-S.McGarrahan.",-1.365,1.558
2003,Division,January 10,home,Tennessee Titans,https://www.pro-football-reference.com/boxscores/200401100nwe.htm,3,00:24,1,10,NE 5,14,14,"(:24) 32-A.Smith left end to NE 22 for 17 yards (59-P.Sirmon, 90-J.Kearse).",-0.193,0.932
2003,Division,January 10,home,Tennessee Titans,https://www.pro-football-reference.com/boxscores/200401100nwe.htm,4,15:00,1,10,NE 22,14,14,(15:00) (Shotgun) 12-T.Brady pass incomplete to 87-D.Givens.,0.739,-0.523
2003,Division,January 10,home,Tennessee Titans,https://www.pro-football-reference.com/boxscores/200401100nwe.htm,4,14:57,2,10,NE 22,14,14,(14:57) (Shotgun) 12-T.Brady pass to 33-K.Faulk to NE 27 for 5 yards (53-K.Bulluck). ball caught at NE23,0.216,-0.023
2003,Division,January 10,home,Tennessee Titans,https://www.pro-football-reference.com/boxscores/200401100nwe.htm,4,14:22,3,5,NE 27,14,14,"(14:22) (No Huddle, Shotgun) 12-T.Brady pass to 87-D.Givens ran ob at NE 33 for 6 yards.",0.194,1.326
2003,Division,January 10,home,Tennessee Titans,https://www.pro-football-reference.com/boxscores/200401100nwe.htm,4,14:06,1,10,NE 33,14,14,"(14:06) (No Huddle, Shotgun) 12-T.Brady pass incomplete to 83-D.Branch.",1.520,-0.441
2003,Division,January 10,home,Tennessee Titans,https://www.pro-football-reference.com/boxscores/200401100nwe.htm,4,14:00,2,10,NE 33,14,14,(14:00) (Shotgun) 12-T.Brady pass to 87-D.Givens to NE 39 for 6 yards (21-S.Rolle).,1.079,-0.010
2003,Division,January 10,home,Tennessee Titans,https://www.pro-football-reference.com/boxscores/200401100nwe.htm,4,13:31,3,4,NE 39,14,14,"(13:31) (No Huddle, Shotgun) 12-T.Brady pass to 83-D.Branch to NE 45 for 6 yards (59-P.Sirmon). ball caught at NE41",1.068,1.232
2003,Division,January 10,home,Tennessee Titans,https://www.pro-football-reference.com/boxscores/200401100nwe.htm,4,12:57,1,10,NE 45,14,14,"(12:57) (No Huddle, Shotgun) 33-K.Faulk up the middle to 50 for 5 yards (90-J.Kearse).",2.300,0.048
2003,Division,January 10,home,Tennessee Titans,https://www.pro-football-reference.com/boxscores/200401100nwe.htm,4,12:27,2,5,MID 50,14,14,"(12:27) (No Huddle, Shotgun) 12-T.Brady scrambles right end ran ob at TEN 45 for 5 yards.",2.349,0.510
2003,Division,January 10,home,Tennessee Titans,https://www.pro-football-reference.com/boxscores/200401100nwe.htm,4,11:57,1,10,TEN 45,14,14,(11:57) (Shotgun) 12-T.Brady pass incomplete to 83-D.Branch. TEN 99-Long injured on play.,2.859,-0.433
2003,Division,January 10,home,Tennessee Titans,https://www.pro-football-reference.com/boxscores/200401100nwe.htm,4,11:52,2,10,TEN 45,14,14,(11:52) 33-K.Faulk up the middle to TEN 40 for 5 yards (93-K.Carter).,2.426,-0.347
2003,Division,January 10,home,Tennessee Titans,https://www.pro-football-reference.com/boxscores/200401100nwe.htm,4,11:14,3,5,TEN 40,14,14,"(11:14) (No Huddle, Shotgun) 12-T.Brady scrambles up the middle to TEN 39 for 1 yard (92-A.Haynesworth).",2.078,-1.539
2003,Division,January 10,home,Tennessee Titans,https://www.pro-football-reference.com/boxscores/200401100nwe.htm,4,10:38,4,4,TEN 39,14,14,"(10:38) 13-K.Walter punts 32 yards to TEN 7, Center-46-B.Kinchen, downed by NE-35-P.Pass.",0.540,0.179
2003,Division,January 10,home,Tennessee Titans,https://www.pro-football-reference.com/boxscores/200401100nwe.htm,4,10:28,1,10,TEN 7,14,14,"(10:28) 27-E.George left guard to TEN 10 for 3 yards (38-T.Poole, 26-E.Wilson).",-0.719,-0.132
2003,Division,January 10,home,Tennessee Titans,https://www.pro-football-reference.com/boxscores/200401100nwe.htm,4,09:47,2,7,TEN 10,14,14,"(9:47) 27-E.George up the middle to TEN 13 for 3 yards (91-B.Hamilton, 92-T.Washington).",-0.851,-0.154
2003,Division,January 10,home,Tennessee Titans,https://www.pro-football-reference.com/boxscores/200401100nwe.htm,4,09:06,3,4,TEN 13,14,14,"(9:06) (Shotgun) 29-C.Brown left guard to TEN 18 for 5 yards (54-T.Bruschi, 37-R.Harrison).",-1.005,1.165
2003,Division,January 10,home,Tennessee Titans,https://www.pro-football-reference.com/boxscores/200401100nwe.htm,4,08:08,1,10,TEN 18,14,14,"(8:08) 27-E.George left guard to TEN 20 for 2 yards (50-M.Vrabel, 54-T.Bruschi).",0.160,-0.198
2003,Division,January 10,home,Tennessee Titans,https://www.pro-football-reference.com/boxscores/200401100nwe.htm,4,07:23,2,8,TEN 20,14,14,(7:23) 9-S.McNair sacked at TEN 17 for -3 yards (55-W.McGinest).,-0.038,-1.228
2003,Division,January 10,home,Tennessee Titans,https://www.pro-football-reference.com/boxscores/200401100nwe.htm,4,06:53,,,TEN 17,14,14,Timeout #1 by TEN at 06:53.,-1.266,0.000
2003,Division,January 10,home,Tennessee Titans,https://www.pro-football-reference.com/boxscores/200401100nwe.htm,4,06:53,3,11,TEN 17,14,14,(6:53) (Shotgun) 9-S.McNair pass incomplete to 87-T.Calico.,-1.266,-0.686
2003,Division,January 10,home,Tennessee Titans,https://www.pro-football-reference.com/boxscores/200401100nwe.htm,4,06:49,4,11,TEN 17,14,14,"(6:49) 15-C.Hentrich punts 32 yards to TEN 49, Center-58-K.Amato. 80-T.Brown to TEN 40 for 9 yards (53-K.Bulluck, 56-R.Wells).",-1.952,-1.128
2003,Division,January 10,home,Tennessee Titans,https://www.pro-football-reference.com/boxscores/200401100nwe.htm,4,06:40,1,10,TEN 40,14,14,"(6:40) 32-A.Smith up the middle to TEN 35 for 5 yards (59-P.Sirmon, 53-K.Bulluck).",3.080,0.033
2003,Division,January 10,home,Tennessee Titans,https://www.pro-football-reference.com/boxscores/200401100nwe.htm,4,05:57,2,5,TEN 35,14,14,"(5:57) 33-K.Faulk left guard to TEN 33 for 2 yards (53-K.Bulluck, 59-P.Sirmon).",3.113,-0.209
2003,Division,January 10,home,Tennessee Titans,https://www.pro-football-reference.com/boxscores/200401100nwe.htm,4,05:18,3,3,TEN 33,14,14,(5:18) 12-T.Brady pass incomplete to 31-L.Centers.,2.904,-1.553
2003,Division,January 10,home,Tennessee Titans,https://www.pro-football-reference.com/boxscores/200401100nwe.htm,4,05:14,4,3,TEN 33,14,14,(5:14) (Shotgun) 12-T.Brady pass to 80-T.Brown pushed ob at TEN 29 for 4 yards (31-L.Schulters).,1.351,2.304
2003,Division,January 10,home,Tennessee Titans,https://www.pro-football-reference.com/boxscores/200401100nwe.htm,4,04:59,1,10,TEN 29,14,14,"(4:59) 33-K.Faulk right tackle to TEN 27 for 2 yards (55-B.Kassell, 31-L.Schulters).",3.655,-0.447
2003,Division,January 10,home,Tennessee Titans,https://www.pro-football-reference.com/boxscores/200401100nwe.htm,4,04:21,,,TEN 27,14,14,Timeout #2 by TEN at 04:21.,3.208,0.000
2003,Division,January 10,home,Tennessee Titans,https://www.pro-football-reference.com/boxscores/200401100nwe.htm,4,04:21,2,8,TEN 27,14,14,(4:21) 12-T.Brady pass incomplete to 82-D.Graham.,3.208,-0.526
2003,Division,January 10,home,Tennessee Titans,https://www.pro-football-reference.com/boxscores/200401100nwe.htm,4,04:17,3,8,TEN 27,14,14,(4:17) (Shotgun) 12-T.Brady pass incomplete to 82-D.Graham.,2.682,-1.105
2003,Division,January 10,home,Tennessee Titans,https://www.pro-football-reference.com/boxscores/200401100nwe.htm,4,04:11,4,8,TEN 27,17,14,"(4:11) 4-A.Vinatieri 46 yard field goal is GOOD, Center-46-B.Kinchen, Holder-13-K.Walter.",1.577,1.423
2003,Division,January 10,home,Tennessee Titans,https://www.pro-football-reference.com/boxscores/200401100nwe.htm,4,04:06,,,NE 30,17,14,"4-A.Vinatieri kicks 62 yards from NE 30 to TEN 8. 86-J.McCareins to TEN 24 for 16 yards (58-M.Chatham, 35-P.Pass).",0.331,0.144
2003,Division,January 10,home,Tennessee Titans,https://www.pro-football-reference.com/boxscores/200401100nwe.htm,4,04:02,1,10,TEN 24,17,14,(4:02) (Shotgun) 9-S.McNair pass to 86-J.McCareins to TEN 35 for 11 yards (38-T.Poole). ball caught at TEN28,0.476,0.764
2003,Division,January 10,home,Tennessee Titans,https://www.pro-football-reference.com/boxscores/200401100nwe.htm,4,03:20,1,10,TEN 35,17,14,(3:20) (Shotgun) 9-S.McNair pass to 83-D.Bennett pushed ob at TEN 48 for 13 yards (38-T.Poole). Play Challenged by NE and Upheld. (Timeout #1.),1.239,0.644
2003,Division,January 10,home,Tennessee Titans,https://www.pro-football-reference.com/boxscores/200401100nwe.htm,4,03:14,1,10,TEN 48,17,14,"(3:14) (Shotgun) 9-S.McNair scrambles left guard to NE 40 for 12 yards (22-A.Samuel, 93-R.Seymour).",1.884,0.479
2003,Division,January 10,home,Tennessee Titans,https://www.pro-football-reference.com/boxscores/200401100nwe.htm,4,02:30,1,10,NE 40,17,14,"(2:30) (Shotgun) 9-S.McNair pass to 85-D.Mason to NE 33 for 7 yards (22-A.Samuel, 54-T.Bruschi). ball caught at NE36",2.363,0.503
2003,Division,January 10,home,Tennessee Titans,https://www.pro-football-reference.com/boxscores/200401100nwe.htm,4,02:00,2,3,NE 33,17,14,"(2:00) (Shotgun) 9-S.McNair pass incomplete to 85-D.Mason. PENALTY on TEN-9-S.McNair, Intentional Grounding, 10 yards, enforced at NE 33.",2.866,-1.647
2003,Division,January 10,home,Tennessee Titans,https://www.pro-football-reference.com/boxscores/200401100nwe.htm,4,01:56,3,13,NE 43,17,14,"(1:56) (Shotgun) 9-S.McNair pass to 83-D.Bennett to NE 31 for 12 yards (38-T.Poole, 22-A.Samuel). ball caught at NE41 PENALTY on TEN-75-B.Olson, Offensive Holding, 10 yards, enforced at NE 43 - No Play.",1.219,-0.507
2003,Division,January 10,home,Tennessee Titans,https://www.pro-football-reference.com/boxscores/200401100nwe.htm,4,01:49,3,23,TEN 47,17,14,(1:49) (Shotgun) 9-S.McNair pass to 83-D.Bennett ran ob at NE 42 for 11 yards. Play Challenged by Replay Official and Upheld.,0.711,-0.493
2003,Division,January 10,home,Tennessee Titans,https://www.pro-football-reference.com/boxscores/200401100nwe.htm,4,01:45,4,12,NE 42,17,14,(1:45) (Shotgun) 9-S.McNair pass incomplete to 83-D.Bennett.,0.218,-1.513
2003,Division,January 10,home,Tennessee Titans,https://www.pro-football-reference.com/boxscores/200401100nwe.htm,4,01:38,1,10,NE 42,17,14,"(1:38) NE 90-Klecko & 50-Vrabel eligible. 32-A.Smith left tackle to NE 41 for -1 yards (98-R.Smith, 55-B.Kassell).",1.294,-1.294
2003,Division,January 10,home,Tennessee Titans,https://www.pro-football-reference.com/boxscores/200401100nwe.htm,4,01:33,,,NE 41,17,14,Timeout #3 by TEN at 01:33.,0.000,0.000
2003,Division,January 10,home,Tennessee Titans,https://www.pro-football-reference.com/boxscores/200401100nwe.htm,4,01:33,2,11,NE 41,17,14,(1:33) NE 90-Klecko & 50-Vrabel eligible. 12-T.Brady kneels to NE 38 for -3 yards (93-K.Carter).,0.000,0.000
2003,Division,January 10,home,Tennessee Titans,https://www.pro-football-reference.com/boxscores/200401100nwe.htm,4,00:50,3,14,NE 38,17,14,(:50) 12-T.Brady kneels to NE 37 for -1 yards.,0.000,-0.060
2003,Division,January 10,home,Tennessee Titans,https://www.pro-football-reference.com/boxscores/200401100nwe.htm,4,00:03,,,NE 37,17,14,Timeout #2 by NE at 00:03.,-0.060,0.000
2003,Division,January 10,home,Tennessee Titans,https://www.pro-football-reference.com/boxscores/200401100nwe.htm,4,00:03,4,15,NE 37,17,14,(:03) 12-T.Brady pass incomplete to 87-D.Givens.,-0.060,0.060
2003,Conf. Champ.,January 18,home,Indianapolis Colts,https://www.pro-football-reference.com/boxscores/200401180nwe.htm,1,15:00,,,IND 30,0,0,"13-M.Vanderjagt kicks 51 yards from IND 30 to NE 19. 33-K.Faulk to NE 35 for 16 yards (52-K.Whiteside, 58-G.Brackett).",0.817,0.996
2003,Conf. Champ.,January 18,home,Indianapolis Colts,https://www.pro-football-reference.com/boxscores/200401180nwe.htm,1,14:56,1,10,NE 35,0,0,(14:56) 32-A.Smith left guard to NE 44 for 9 yards (30-D.Strickland).,1.812,0.885
2003,Conf. Champ.,January 18,home,Indianapolis Colts,https://www.pro-football-reference.com/boxscores/200401180nwe.htm,1,14:15,2,1,NE 44,0,0,(14:15) 12-T.Brady pass incomplete to 88-C.Fauria (20-M.Doss).,2.697,-0.558
2003,Conf. Champ.,January 18,home,Indianapolis Colts,https://www.pro-football-reference.com/boxscores/200401180nwe.htm,1,14:11,3,1,NE 44,0,0,"(14:11) 31-L.Centers up the middle to NE 44 for no gain (79-R.Brock, 94-R.Morris).",2.138,-1.627
2003,Conf. Champ.,January 18,home,Indianapolis Colts,https://www.pro-football-reference.com/boxscores/200401180nwe.htm,1,13:30,4,1,NE 44,0,0,(13:30) 12-T.Brady up the middle to NE 46 for 2 yards (90-M.Reagor).,0.511,2.142
2003,Conf. Champ.,January 18,home,Indianapolis Colts,https://www.pro-football-reference.com/boxscores/200401180nwe.htm,1,12:51,1,10,NE 46,0,0,"(12:51) (Shotgun) 12-T.Brady pass to 87-D.Givens to IND 49 for 5 yards (39-A.Floyd, 92-C.Bratzke).",2.653,-0.067
2003,Conf. Champ.,January 18,home,Indianapolis Colts,https://www.pro-football-reference.com/boxscores/200401180nwe.htm,1,12:22,2,5,IND 49,0,0,(12:22) 12-T.Brady pass incomplete to 80-T.Brown.,2.586,-0.822
2003,Conf. Champ.,January 18,home,Indianapolis Colts,https://www.pro-football-reference.com/boxscores/200401180nwe.htm,1,12:17,3,5,IND 49,0,0,(12:17) (Shotgun) 12-T.Brady pass to 83-D.Branch ran ob at IND 35 for 14 yards.,1.764,1.883
2003,Conf. Champ.,January 18,home,Indianapolis Colts,https://www.pro-football-reference.com/boxscores/200401180nwe.htm,1,11:51,1,10,IND 35,0,0,"(11:51) 32-A.Smith left end to IND 31 for 4 yards (20-M.Doss, 94-R.Morris).",3.648,-0.082
2003,Conf. Champ.,January 18,home,Indianapolis Colts,https://www.pro-football-reference.com/boxscores/200401180nwe.htm,1,11:13,2,6,IND 31,0,0,(11:13) 12-T.Brady pass to 87-D.Givens to IND 22 for 9 yards (21-W.Harris).,3.566,0.906
2003,Conf. Champ.,January 18,home,Indianapolis Colts,https://www.pro-football-reference.com/boxscores/200401180nwe.htm,1,10:30,,,IND 22,0,0,Timeout #1 by IND at 10:30.,4.472,0.000
2003,Conf. Champ.,January 18,home,Indianapolis Colts,https://www.pro-football-reference.com/boxscores/200401180nwe.htm,1,10:30,1,10,IND 22,0,0,"(10:30) 12-T.Brady pass to 87-D.Givens pushed ob at IND 17 for 5 yards (27-D.Macklin, 21-W.Harris). ball caught at IND 19",4.472,0.137
2003,Conf. Champ.,January 18,home,Indianapolis Colts,https://www.pro-football-reference.com/boxscores/200401180nwe.htm,1,09:44,2,5,IND 17,0,0,"(9:44) 32-A.Smith left guard to IND 16 for 1 yard (75-L.Tripplett, 94-R.Morris).",4.609,-0.597
2003,Conf. Champ.,January 18,home,Indianapolis Colts,https://www.pro-football-reference.com/boxscores/200401180nwe.htm,1,09:02,3,4,IND 16,0,0,(9:02) (Shotgun) 12-T.Brady pass to 83-D.Branch to IND 7 for 9 yards (39-A.Floyd).,4.013,1.402
2003,Conf. Champ.,January 18,home,Indianapolis Colts,https://www.pro-football-reference.com/boxscores/200401180nwe.htm,1,08:19,1,7,IND 7,6,0,"(8:19) 12-T.Brady pass to 87-D.Givens for 7 yards, TOUCHDOWN. ball caught at IND1",5.415,1.585
2003,Conf. Champ.,January 18,home,Indianapolis Colts,https://www.pro-football-reference.com/boxscores/200401180nwe.htm,1,08:16,,,IND 2,7,0,"4-A.Vinatieri extra point is GOOD, Center-46-B.Kinchen, Holder-13-K.Walter.",0.986,0.014
2003,Conf. Champ.,January 18,home,Indianapolis Colts,https://www.pro-football-reference.com/boxscores/200401180nwe.htm,1,08:16,,,NE 30,7,0,"4-A.Vinatieri kicks 56 yards from NE 30 to IND 14. 33-D.Rhodes to IND 27 for 13 yards (35-P.Pass, 39-S.Mayer).",-0.059,0.352
2003,Conf. Champ.,January 18,home,Indianapolis Colts,https://www.pro-football-reference.com/boxscores/200401180nwe.htm,1,08:10,1,10,IND 27,7,0,"(8:10) PENALTY on IND-64-R.DeMulling, False Start, 5 yards, enforced at IND 27 - No Play.",0.293,-0.685
2003,Conf. Champ.,January 18,home,Indianapolis Colts,https://www.pro-football-reference.com/boxscores/200401180nwe.htm,1,08:10,1,15,IND 22,7,0,(8:10) 18-P.Manning pass to 81-M.Pollard pushed ob at NE 46 for 32 yards (26-E.Wilson). ball caught at NE49,-0.392,2.610
2003,Conf. Champ.,January 18,home,Indianapolis Colts,https://www.pro-football-reference.com/boxscores/200401180nwe.htm,1,07:38,1,10,NE 46,7,0,"(7:38) (No Huddle) 32-E.James left guard to NE 34 for 12 yards (37-R.Harrison). Penalty on NE-55-W.McGinest, Defensive Offside, declined.",2.217,0.810
2003,Conf. Champ.,January 18,home,Indianapolis Colts,https://www.pro-football-reference.com/boxscores/200401180nwe.htm,1,07:19,1,10,NE 34,7,0,"(7:19) (No Huddle, Shotgun) 18-P.Manning pass incomplete to 83-B.Stokley.",3.028,-0.474
2003,Conf. Champ.,January 18,home,Indianapolis Colts,https://www.pro-football-reference.com/boxscores/200401180nwe.htm,1,07:15,2,10,NE 34,7,0,"(7:15) 32-E.James left tackle to NE 25 for 9 yards (95-R.Phifer, 37-R.Harrison).",2.554,0.772
2003,Conf. Champ.,January 18,home,Indianapolis Colts,https://www.pro-football-reference.com/boxscores/200401180nwe.htm,1,06:34,3,1,NE 25,7,0,"(6:34) 32-E.James up the middle to NE 23 for 2 yards (93-R.Seymour, 92-T.Washington).",3.325,0.687
2003,Conf. Champ.,January 18,home,Indianapolis Colts,https://www.pro-football-reference.com/boxscores/200401180nwe.htm,1,05:48,1,10,NE 23,7,0,(5:48) 18-P.Manning pass incomplete to 32-E.James.,4.012,-0.364
2003,Conf. Champ.,January 18,home,Indianapolis Colts,https://www.pro-football-reference.com/boxscores/200401180nwe.htm,1,05:42,2,10,NE 23,7,0,(5:42) (No Huddle) 32-E.James right guard to NE 12 for 11 yards (95-R.Phifer).,3.648,1.098
2003,Conf. Champ.,January 18,home,Indianapolis Colts,https://www.pro-football-reference.com/boxscores/200401180nwe.htm,1,05:04,1,10,NE 12,7,0,"(5:04) (No Huddle) 33-D.Rhodes up the middle to NE 11 for 1 yard (93-R.Seymour, 55-W.McGinest).",4.746,-0.417
2003,Conf. Champ.,January 18,home,Indianapolis Colts,https://www.pro-football-reference.com/boxscores/200401180nwe.htm,1,04:20,2,9,NE 11,7,0,"(4:20) (No Huddle, Shotgun) 18-P.Manning pass to 87-R.Wayne to NE 5 for 6 yards (24-T.Law, 37-R.Harrison). ball caught at NE7",4.329,-0.066
2003,Conf. Champ.,January 18,home,Indianapolis Colts,https://www.pro-football-reference.com/boxscores/200401180nwe.htm,1,03:31,3,3,NE 5,7,0,"(3:31) (No Huddle, Shotgun) 18-P.Manning pass intended for 81-M.Pollard INTERCEPTED by 37-R.Harrison at NE 0. Touchback.",4.263,-5.101
2003,Conf. Champ.,January 18,home,Indianapolis Colts,https://www.pro-football-reference.com/boxscores/200401180nwe.htm,1,03:26,1,10,NE 20,7,0,(3:26) 32-A.Smith left guard to NE 25 for 5 yards (79-R.Brock).,0.838,0.142
2003,Conf. Champ.,January 18,home,Indianapolis Colts,https://www.pro-football-reference.com/boxscores/200401180nwe.htm,1,02:51,2,5,NE 25,7,0,(2:51) 32-A.Smith right guard to NE 27 for 2 yards (90-M.Reagor).,0.981,-0.413
2003,Conf. Champ.,January 18,home,Indianapolis Colts,https://www.pro-football-reference.com/boxscores/200401180nwe.htm,1,02:11,3,3,NE 27,7,0,"(2:11) 12-T.Brady pass to 80-T.Brown to NE 35 for 8 yards (25-N.Harper, 30-D.Strickland). ball caught at NE30",0.567,1.201
2003,Conf. Champ.,January 18,home,Indianapolis Colts,https://www.pro-football-reference.com/boxscores/200401180nwe.htm,1,01:32,1,10,NE 35,7,0,(1:32) 12-T.Brady pass to 87-D.Givens to NE 41 for 6 yards (50-D.Thornton). ball caught at NE40,1.769,0.308
2003,Conf. Champ.,January 18,home,Indianapolis Colts,https://www.pro-football-reference.com/boxscores/200401180nwe.htm,1,00:56,2,4,NE 41,7,0,"(:56) 32-A.Smith left guard to 50 for 9 yards (20-M.Doss, 30-D.Strickland).",2.076,0.657
2003,Conf. Champ.,January 18,home,Indianapolis Colts,https://www.pro-football-reference.com/boxscores/200401180nwe.htm,1,00:20,1,10,MID 50,7,0,(:20) 12-T.Brady pass incomplete to 83-D.Branch.,2.733,-0.446
2003,Conf. Champ.,January 18,home,Indianapolis Colts,https://www.pro-football-reference.com/boxscores/200401180nwe.htm,1,00:14,2,10,MID 50,7,0,"(:14) 33-K.Faulk left guard to IND 45 for 5 yards (25-N.Harper, 90-M.Reagor).",2.287,-0.322
2003,Conf. Champ.,January 18,home,Indianapolis Colts,https://www.pro-football-reference.com/boxscores/200401180nwe.htm,2,15:00,3,5,IND 45,7,0,(15:00) 12-T.Brady pass to 80-T.Brown to IND 34 for 11 yards (98-R.Mathis). ball caught at IND40,1.965,1.545
2003,Conf. Champ.,January 18,home,Indianapolis Colts,https://www.pro-football-reference.com/boxscores/200401180nwe.htm,2,14:23,1,10,IND 34,7,0,(14:23) (Shotgun) 12-T.Brady pass to 80-T.Brown to IND 16 for 18 yards (30-D.Strickland). ball caught at IND23,3.511,1.211
2003,Conf. Champ.,January 18,home,Indianapolis Colts,https://www.pro-football-reference.com/boxscores/200401180nwe.htm,2,13:47,1,10,IND 16,7,0,"(13:47) (No Huddle, Shotgun) PENALTY on NE-67-D.Koppen, False Start, 5 yards, enforced at IND 16 - No Play.",4.722,-0.676
2003,Conf. Champ.,January 18,home,Indianapolis Colts,https://www.pro-football-reference.com/boxscores/200401180nwe.htm,2,13:33,1,15,IND 21,7,0,"(13:33) 12-T.Brady pass to 32-A.Smith to IND 13 for 8 yards (50-D.Thornton, 53-M.Washington). ball caught at IND18",4.045,0.546
2003,Conf. Champ.,January 18,home,Indianapolis Colts,https://www.pro-football-reference.com/boxscores/200401180nwe.htm,2,12:59,2,7,IND 13,7,0,(12:59) 12-T.Brady pass incomplete to 83-D.Branch.,4.592,-0.729
2003,Conf. Champ.,January 18,home,Indianapolis Colts,https://www.pro-football-reference.com/boxscores/200401180nwe.htm,2,12:54,3,7,IND 13,7,0,(12:54) 12-T.Brady pass incomplete to 80-T.Brown (25-N.Harper).,3.863,-1.335
2003,Conf. Champ.,January 18,home,Indianapolis Colts,https://www.pro-football-reference.com/boxscores/200401180nwe.htm,2,12:48,4,7,IND 13,10,0,"(12:48) 4-A.Vinatieri 31 yard field goal is GOOD, Center-46-B.Kinchen, Holder-13-K.Walter.",2.528,0.472
2003,Conf. Champ.,January 18,home,Indianapolis Colts,https://www.pro-football-reference.com/boxscores/200401180nwe.htm,2,12:44,,,NE 30,10,0,"4-A.Vinatieri kicks 60 yards from NE 30 to IND 10. 33-D.Rhodes to IND 41 for 31 yards (30-J.Cherry, 39-S.Mayer).",-0.008,1.187
2003,Conf. Champ.,January 18,home,Indianapolis Colts,https://www.pro-football-reference.com/boxscores/200401180nwe.htm,2,12:38,1,10,IND 41,10,0,(12:38) 18-P.Manning pass intended for 88-M.Harrison INTERCEPTED by 24-T.Law at NE 35. 24-T.Law to NE 41 for 6 yards (64-R.DeMulling).,1.179,-3.266
2003,Conf. Champ.,January 18,home,Indianapolis Colts,https://www.pro-football-reference.com/boxscores/200401180nwe.htm,2,12:28,1,10,NE 41,10,0,(12:28) 32-A.Smith left end pushed ob at NE 43 for 2 yards (50-D.Thornton).,2.087,-0.293
2003,Conf. Champ.,January 18,home,Indianapolis Colts,https://www.pro-football-reference.com/boxscores/200401180nwe.htm,2,12:05,2,8,NE 43,10,0,"(12:05) 12-T.Brady pass to 88-C.Fauria to IND 49 for 8 yards (50-D.Thornton, 53-M.Washington). ball caught at 50",1.794,0.908
2003,Conf. Champ.,January 18,home,Indianapolis Colts,https://www.pro-football-reference.com/boxscores/200401180nwe.htm,2,11:30,1,10,IND 49,10,0,(11:30) 12-T.Brady pass to 87-D.Givens pushed ob at IND 31 for 18 yards (21-W.Harris). ball caught at IND34,2.702,0.997
2003,Conf. Champ.,January 18,home,Indianapolis Colts,https://www.pro-football-reference.com/boxscores/200401180nwe.htm,2,11:11,1,10,IND 31,10,0,"(11:11) 32-A.Smith left guard to IND 29 for 2 yards (94-R.Morris, 20-M.Doss).",3.699,-0.288
2003,Conf. Champ.,January 18,home,Indianapolis Colts,https://www.pro-football-reference.com/boxscores/200401180nwe.htm,2,10:34,2,8,IND 29,10,0,(10:34) 12-T.Brady pass incomplete to 87-D.Givens (21-W.Harris).,3.411,-0.623
2003,Conf. Champ.,January 18,home,Indianapolis Colts,https://www.pro-football-reference.com/boxscores/200401180nwe.htm,2,10:27,3,8,IND 29,10,0,(10:27) (Shotgun) 12-T.Brady pass incomplete to 83-D.Branch.,2.788,-1.135
2003,Conf. Champ.,January 18,home,Indianapolis Colts,https://www.pro-football-reference.com/boxscores/200401180nwe.htm,2,10:23,4,8,IND 29,10,0,(10:23) (Shotgun) 12-T.Brady pass to 80-T.Brown to IND 13 for 16 yards (20-M.Doss).,1.653,3.213
2003,Conf. Champ.,January 18,home,Indianapolis Colts,https://www.pro-football-reference.com/boxscores/200401180nwe.htm,2,09:38,1,10,IND 13,10,0,(9:38) 32-A.Smith right tackle to IND 9 for 4 yards (20-M.Doss).,4.866,-0.189
2003,Conf. Champ.,January 18,home,Indianapolis Colts,https://www.pro-football-reference.com/boxscores/200401180nwe.htm,2,09:01,2,6,IND 9,10,0,"(9:01) 32-A.Smith right end to IND 7 for 2 yards (75-L.Tripplett, 20-M.Doss).",4.677,-0.377
2003,Conf. Champ.,January 18,home,Indianapolis Colts,https://www.pro-football-reference.com/boxscores/200401180nwe.htm,2,08:16,3,4,IND 7,10,0,(8:16) 12-T.Brady pass incomplete to 80-T.Brown.,4.300,-1.460
2003,Conf. Champ.,January 18,home,Indianapolis Colts,https://www.pro-football-reference.com/boxscores/200401180nwe.htm,2,08:11,4,4,IND 7,13,0,"(8:11) 4-A.Vinatieri 25 yard field goal is GOOD, Center-46-B.Kinchen, Holder-13-K.Walter.",2.840,0.160
2003,Conf. Champ.,January 18,home,Indianapolis Colts,https://www.pro-football-reference.com/boxscores/200401180nwe.htm,2,08:06,,,NE 30,13,0,"4-A.Vinatieri kicks 67 yards from NE 30 to IND 3. 33-D.Rhodes to IND 20 for 17 yards (39-S.Mayer, 81-B.Johnson).",0.291,0.016
2003,Conf. Champ.,January 18,home,Indianapolis Colts,https://www.pro-football-reference.com/boxscores/200401180nwe.htm,2,08:00,1,10,IND 20,13,0,"(8:00) 32-E.James left guard to IND 21 for 1 yard (55-W.McGinest, 94-T.Warren).",0.307,-0.407
2003,Conf. Champ.,January 18,home,Indianapolis Colts,https://www.pro-football-reference.com/boxscores/200401180nwe.htm,2,07:22,2,9,IND 21,13,0,"(7:22) (No Huddle, Shotgun) PENALTY on IND-71-R.Diem, False Start, 5 yards, enforced at IND 21 - No Play.",-0.100,-0.690
2003,Conf. Champ.,January 18,home,Indianapolis Colts,https://www.pro-football-reference.com/boxscores/200401180nwe.htm,2,07:12,2,14,IND 16,13,0,"(7:12) (No Huddle, Shotgun) 18-P.Manning pass to 83-B.Stokley to IND 22 for 6 yards (38-T.Poole). ball caught at IND18",-0.790,0.015
2003,Conf. Champ.,January 18,home,Indianapolis Colts,https://www.pro-football-reference.com/boxscores/200401180nwe.htm,2,06:28,3,8,IND 22,13,0,"(6:28) (No Huddle, Shotgun) 18-P.Manning pass to 87-R.Wayne to IND 35 for 13 yards (37-R.Harrison).",-0.775,1.754
2003,Conf. Champ.,January 18,home,Indianapolis Colts,https://www.pro-football-reference.com/boxscores/200401180nwe.htm,2,05:53,1,10,IND 35,13,0,"(5:53) (No Huddle) 32-E.James up the middle to IND 37 for 2 yards (93-R.Seymour, 97-J.Green).",0.979,-0.320
2003,Conf. Champ.,January 18,home,Indianapolis Colts,https://www.pro-football-reference.com/boxscores/200401180nwe.htm,2,05:18,2,8,IND 37,13,0,"(5:18) (No Huddle, Shotgun) 18-P.Manning sacked at IND 28 for -9 yards (97-J.Green).",0.659,-1.475
2003,Conf. Champ.,January 18,home,Indianapolis Colts,https://www.pro-football-reference.com/boxscores/200401180nwe.htm,2,04:58,3,17,IND 28,13,0,(4:58) (Shotgun) 18-P.Manning pass to 87-R.Wayne to IND 35 for 7 yards (37-R.Harrison). ball caught at IND28,-0.816,-0.098
2003,Conf. Champ.,January 18,home,Indianapolis Colts,https://www.pro-football-reference.com/boxscores/200401180nwe.htm,2,04:13,4,10,IND 35,15,0,"(4:13) (Punt formation) 17-H.Smith Aborted. 48-J.Snow FUMBLES at IND 35, ball out of bounds in End Zone, SAFETY. Penalty on IND-17-H.Smith, Illegal Scrimmage Kick, declined. ball snapped over punter's head.",-0.914,-1.086
2003,Conf. Champ.,January 18,home,Indianapolis Colts,https://www.pro-football-reference.com/boxscores/200401180nwe.htm,2,04:08,,,IND 20,15,0,"17-H.Smith kicks 55 yards from IND 20 to NE 25. 80-T.Brown to NE 41 for 16 yards (57-J.Nelson, 58-G.Brackett).",0.535,1.061
2003,Conf. Champ.,January 18,home,Indianapolis Colts,https://www.pro-football-reference.com/boxscores/200401180nwe.htm,2,04:03,1,10,NE 41,15,0,"(4:03) 32-A.Smith left tackle to NE 40 for -1 yards (96-J.Williams, 94-R.Morris).",1.596,-0.612
2003,Conf. Champ.,January 18,home,Indianapolis Colts,https://www.pro-football-reference.com/boxscores/200401180nwe.htm,2,03:17,2,11,NE 40,15,0,"(3:17) PENALTY on NE-68-T.Ashworth, False Start, 5 yards, enforced at NE 40 - No Play.",0.984,-0.230
2003,Conf. Champ.,January 18,home,Indianapolis Colts,https://www.pro-football-reference.com/boxscores/200401180nwe.htm,2,03:04,2,16,NE 35,15,0,"(3:04) (Shotgun) 12-T.Brady pass to 81-B.Johnson to NE 41 for 6 yards (25-N.Harper). FUMBLES (25-N.Harper), RECOVERED by IND-27-D.Macklin at NE 41. ball caught at NE39",0.754,-2.960
2003,Conf. Champ.,January 18,home,Indianapolis Colts,https://www.pro-football-reference.com/boxscores/200401180nwe.htm,2,02:53,1,10,NE 41,15,0,(2:53) (Shotgun) 18-P.Manning pass to 33-D.Rhodes to NE 33 for 8 yards (54-T.Bruschi). ball caught at NE37,2.206,0.588
2003,Conf. Champ.,January 18,home,Indianapolis Colts,https://www.pro-football-reference.com/boxscores/200401180nwe.htm,2,02:22,2,2,NE 33,15,0,(2:22) (No Huddle) 32-E.James right end to NE 35 for -2 yards (91-B.Hamilton).,2.794,-0.662
2003,Conf. Champ.,January 18,home,Indianapolis Colts,https://www.pro-football-reference.com/boxscores/200401180nwe.htm,2,02:00,3,4,NE 35,15,0,"(2:00) (Shotgun) 18-P.Manning pass to 81-M.Pollard to NE 25 for 10 yards (38-T.Poole, 54-T.Bruschi).",2.132,1.151
2003,Conf. Champ.,January 18,home,Indianapolis Colts,https://www.pro-football-reference.com/boxscores/200401180nwe.htm,2,01:34,1,10,NE 25,15,0,"(1:34) (No Huddle, Shotgun) 18-P.Manning scrambles up the middle to NE 22 for 3 yards (95-R.Phifer).",3.283,-0.016
2003,Conf. Champ.,January 18,home,Indianapolis Colts,https://www.pro-football-reference.com/boxscores/200401180nwe.htm,2,01:12,2,7,NE 22,15,0,"(1:12) (No Huddle, Shotgun) 18-P.Manning pass to 88-M.Harrison to NE 16 for 6 yards (37-R.Harrison). FUMBLES (37-R.Harrison), RECOVERED by NE-38-T.Poole at NE 16. 38-T.Poole to NE 16 for no gain (64-R.DeMulling).",3.268,-3.614
2003,Conf. Champ.,January 18,home,Indianapolis Colts,https://www.pro-football-reference.com/boxscores/200401180nwe.htm,2,01:05,1,10,NE 16,15,0,(1:05) 32-A.Smith right guard to NE 21 for 5 yards (30-D.Strickland).,0.346,-0.270
2003,Conf. Champ.,January 18,home,Indianapolis Colts,https://www.pro-football-reference.com/boxscores/200401180nwe.htm,2,00:21,2,5,NE 21,15,0,(:21) 32-A.Smith left end to NE 25 for 4 yards (92-C.Bratzke).,0.076,-0.043
2003,Conf. Champ.,January 18,home,Indianapolis Colts,https://www.pro-football-reference.com/boxscores/200401180nwe.htm,2,00:12,,,NE 25,15,0,Timeout #2 by IND at 00:12.,0.033,0.000
2003,Conf. Champ.,January 18,home,Indianapolis Colts,https://www.pro-football-reference.com/boxscores/200401180nwe.htm,2,00:12,3,1,NE 25,15,0,(:12) 12-T.Brady up the middle to NE 26 for 1 yard (92-C.Bratzke).,0.033,-0.033
2003,Conf. Champ.,January 18,home,Indianapolis Colts,https://www.pro-football-reference.com/boxscores/200401180nwe.htm,2,00:08,1,10,NE 26,15,0,(:08) 12-T.Brady kneels to NE 25 for -1 yards.,0.000,0.000
2003,Conf. Champ.,January 18,home,Indianapolis Colts,https://www.pro-football-reference.com/boxscores/200401180nwe.htm,3,15:00,,,NE 30,15,0,"4-A.Vinatieri kicks 55 yards from NE 30 to IND 15. 33-D.Rhodes to IND 48 for 33 yards (4-A.Vinatieri, 53-L.Izzo).",-0.140,1.980
2003,Conf. Champ.,January 18,home,Indianapolis Colts,https://www.pro-football-reference.com/boxscores/200401180nwe.htm,3,14:53,1,10,IND 48,15,0,(14:53) 32-E.James left tackle to NE 44 for 8 yards (50-M.Vrabel).,1.840,0.550
2003,Conf. Champ.,January 18,home,Indianapolis Colts,https://www.pro-football-reference.com/boxscores/200401180nwe.htm,3,14:23,2,2,NE 44,15,0,"(14:23) 32-E.James left guard to NE 43 for 1 yard (52-T.Johnson, 92-T.Washington).",2.391,-0.423
2003,Conf. Champ.,January 18,home,Indianapolis Colts,https://www.pro-football-reference.com/boxscores/200401180nwe.htm,3,13:46,3,1,NE 43,15,0,(13:46) 18-P.Manning pass incomplete to 81-M.Pollard.,1.967,-1.810
2003,Conf. Champ.,January 18,home,Indianapolis Colts,https://www.pro-football-reference.com/boxscores/200401180nwe.htm,3,13:41,4,1,NE 43,15,0,"(13:41) 32-E.James up the middle to NE 40 for 3 yards (55-W.McGinest, 91-B.Hamilton).",0.157,2.623
2003,Conf. Champ.,January 18,home,Indianapolis Colts,https://www.pro-football-reference.com/boxscores/200401180nwe.htm,3,13:12,1,10,NE 40,15,0,(13:12) 32-E.James right end pushed ob at NE 35 for 5 yards (37-R.Harrison).,2.780,0.106
2003,Conf. Champ.,January 18,home,Indianapolis Colts,https://www.pro-football-reference.com/boxscores/200401180nwe.htm,3,12:49,2,5,NE 35,15,0,(12:49) 18-P.Manning pass to 33-D.Rhodes to NE 26 for 9 yards (50-M.Vrabel). ball caught at NE35,2.886,0.997
2003,Conf. Champ.,January 18,home,Indianapolis Colts,https://www.pro-football-reference.com/boxscores/200401180nwe.htm,3,12:10,1,10,NE 26,15,0,"(12:10) 33-D.Rhodes right end to NE 15 for 11 yards (52-T.Johnson, 91-B.Hamilton).",3.883,0.784
2003,Conf. Champ.,January 18,home,Indianapolis Colts,https://www.pro-football-reference.com/boxscores/200401180nwe.htm,3,11:26,1,10,NE 15,15,0,(11:26) 18-P.Manning pass incomplete to 32-E.James.,4.667,-0.430
2003,Conf. Champ.,January 18,home,Indianapolis Colts,https://www.pro-football-reference.com/boxscores/200401180nwe.htm,3,11:20,2,10,NE 15,15,0,"(11:20) 32-E.James up the middle to NE 8 for 7 yards (26-E.Wilson, 37-R.Harrison).",4.237,0.023
2003,Conf. Champ.,January 18,home,Indianapolis Colts,https://www.pro-football-reference.com/boxscores/200401180nwe.htm,3,10:36,3,3,NE 8,15,0,"(10:36) 32-E.James left guard to NE 2 for 6 yards (54-T.Bruschi, 24-T.Law).",4.261,1.794
2003,Conf. Champ.,January 18,home,Indianapolis Colts,https://www.pro-football-reference.com/boxscores/200401180nwe.htm,3,09:53,1,2,NE 2,15,0,(9:53) IND 56-Peko eligible 18-P.Manning pass incomplete to 36-T.Lopienski.,6.055,-0.443
2003,Conf. Champ.,January 18,home,Indianapolis Colts,https://www.pro-football-reference.com/boxscores/200401180nwe.htm,3,09:48,2,2,NE 2,15,6,"(9:48) 32-E.James left tackle for 2 yards, TOUCHDOWN. IND 56-Peko eligible",5.612,1.388
2003,Conf. Champ.,January 18,home,Indianapolis Colts,https://www.pro-football-reference.com/boxscores/200401180nwe.htm,3,09:44,,,NE 2,15,7,"13-M.Vanderjagt extra point is GOOD, Center-48-J.Snow, Holder-17-H.Smith.",0.986,0.014
2003,Conf. Champ.,January 18,home,Indianapolis Colts,https://www.pro-football-reference.com/boxscores/200401180nwe.htm,3,09:44,,,IND 30,15,7,"13-M.Vanderjagt kicks 48 yards from IND 30 to NE 22. 35-P.Pass to NE 43 for 21 yards (98-R.Mathis, 34-J.Doering).",0.802,1.573
2003,Conf. Champ.,January 18,home,Indianapolis Colts,https://www.pro-football-reference.com/boxscores/200401180nwe.htm,3,09:39,1,10,NE 43,15,7,(9:39) 12-T.Brady pass to 31-L.Centers pushed ob at IND 29 for 28 yards (20-M.Doss). ball caught at NE43,2.376,1.624
2003,Conf. Champ.,January 18,home,Indianapolis Colts,https://www.pro-football-reference.com/boxscores/200401180nwe.htm,3,09:07,1,10,IND 29,15,7,(9:07) 12-T.Brady pass to 80-T.Brown to IND 12 for 17 yards (50-D.Thornton). ball caught at IND22,4.000,0.972
2003,Conf. Champ.,January 18,home,Indianapolis Colts,https://www.pro-football-reference.com/boxscores/200401180nwe.htm,3,08:40,1,10,IND 12,15,7,(8:40) 12-T.Brady pass incomplete to 88-C.Fauria.,4.972,-0.406
2003,Conf. Champ.,January 18,home,Indianapolis Colts,https://www.pro-football-reference.com/boxscores/200401180nwe.htm,3,08:32,2,10,IND 12,15,7,(8:32) 12-T.Brady pass incomplete to 83-D.Branch.,4.566,-0.732
2003,Conf. Champ.,January 18,home,Indianapolis Colts,https://www.pro-football-reference.com/boxscores/200401180nwe.htm,3,08:28,3,10,IND 12,15,7,"(8:28) 12-T.Brady pass to 33-K.Faulk to IND 4 for 8 yards (50-D.Thornton, 25-N.Harper). ball caught at IND9",3.835,-0.732
2003,Conf. Champ.,January 18,home,Indianapolis Colts,https://www.pro-football-reference.com/boxscores/200401180nwe.htm,3,07:39,4,2,IND 4,15,7,"(7:39) (Field Goal formation) PENALTY on NE-13-K.Walter, Delay of Game, 5 yards, enforced at IND 4 - No Play.",3.102,-0.352
2003,Conf. Champ.,January 18,home,Indianapolis Colts,https://www.pro-football-reference.com/boxscores/200401180nwe.htm,3,07:24,4,7,IND 9,18,7,"(7:24) 4-A.Vinatieri 27 yard field goal is GOOD, Center-46-B.Kinchen, Holder-13-K.Walter.",2.751,0.249
2003,Conf. Champ.,January 18,home,Indianapolis Colts,https://www.pro-football-reference.com/boxscores/200401180nwe.htm,3,07:20,,,NE 30,18,7,4-A.Vinatieri kicks 68 yards from NE 30 to IND 2. 33-D.Rhodes to IND 29 for 27 yards (48-T.Banta-Cain).,-0.044,0.656
2003,Conf. Champ.,January 18,home,Indianapolis Colts,https://www.pro-football-reference.com/boxscores/200401180nwe.htm,3,07:15,1,10,IND 29,18,7,"(7:15) 32-E.James left tackle to IND 30 for 1 yard (50-M.Vrabel, 4-A.Vinatieri).",0.612,-0.488
2003,Conf. Champ.,January 18,home,Indianapolis Colts,https://www.pro-football-reference.com/boxscores/200401180nwe.htm,3,06:38,2,9,IND 30,18,7,"(6:38) (No Huddle, Shotgun) 18-P.Manning pass incomplete to 81-M.Pollard (50-M.Vrabel).",0.124,-0.679
2003,Conf. Champ.,January 18,home,Indianapolis Colts,https://www.pro-football-reference.com/boxscores/200401180nwe.htm,3,06:35,3,9,IND 30,18,7,(6:35) (Shotgun) 18-P.Manning pass incomplete to 88-M.Harrison.,-0.555,-1.165
2003,Conf. Champ.,January 18,home,Indianapolis Colts,https://www.pro-football-reference.com/boxscores/200401180nwe.htm,3,06:30,4,9,IND 30,18,7,"(6:30) 17-H.Smith punts 55 yards to NE 15, Center-48-J.Snow. 80-T.Brown to NE 31 for 16 yards (34-J.Doering, 58-G.Brackett).",-1.720,0.157
2003,Conf. Champ.,January 18,home,Indianapolis Colts,https://www.pro-football-reference.com/boxscores/200401180nwe.htm,3,06:17,1,10,NE 31,18,7,"(6:17) 32-A.Smith up the middle to IND 34 for 35 yards (50-D.Thornton, 53-M.Washington).",1.563,2.058
2003,Conf. Champ.,January 18,home,Indianapolis Colts,https://www.pro-football-reference.com/boxscores/200401180nwe.htm,3,05:27,1,10,IND 34,18,7,(5:27) 32-A.Smith up the middle to IND 20 for 14 yards (30-D.Strickland).,3.621,0.919
2003,Conf. Champ.,January 18,home,Indianapolis Colts,https://www.pro-football-reference.com/boxscores/200401180nwe.htm,3,04:45,1,10,IND 20,18,7,"(4:45) 32-A.Smith left guard to IND 20 for no gain (75-L.Tripplett, 20-M.Doss).",4.540,-0.417
2003,Conf. Champ.,January 18,home,Indianapolis Colts,https://www.pro-football-reference.com/boxscores/200401180nwe.htm,3,04:09,2,10,IND 20,18,7,"(4:09) 12-T.Brady FUMBLES (Aborted) at IND 20, and recovers at IND 21. PENALTY on IND-96-J.Williams, Defensive Offside, 5 yards, enforced at IND 20 - No Play.",4.123,0.652
2003,Conf. Champ.,January 18,home,Indianapolis Colts,https://www.pro-football-reference.com/boxscores/200401180nwe.htm,3,03:49,2,5,IND 15,18,7,"(3:49) 12-T.Brady pass to 80-T.Brown to IND 6 for 9 yards (50-D.Thornton, 21-W.Harris). ball caught at IND10",4.775,0.827
2003,Conf. Champ.,January 18,home,Indianapolis Colts,https://www.pro-football-reference.com/boxscores/200401180nwe.htm,3,03:01,1,6,IND 6,18,7,(3:01) 32-A.Smith left tackle to IND 5 for 1 yard (20-M.Doss).,5.602,-0.283
2003,Conf. Champ.,January 18,home,Indianapolis Colts,https://www.pro-football-reference.com/boxscores/200401180nwe.htm,3,02:20,2,5,IND 5,18,7,(2:20) 32-A.Smith up the middle to IND 3 for 2 yards (94-R.Morris).,5.318,-0.633
2003,Conf. Champ.,January 18,home,Indianapolis Colts,https://www.pro-football-reference.com/boxscores/200401180nwe.htm,3,01:41,3,3,IND 3,18,7,(1:41) 12-T.Brady pass incomplete to 88-C.Fauria.,4.685,-1.742
2003,Conf. Champ.,January 18,home,Indianapolis Colts,https://www.pro-football-reference.com/boxscores/200401180nwe.htm,3,01:36,4,3,IND 3,21,7,"(1:36) 4-A.Vinatieri 21 yard field goal is GOOD, Center-46-B.Kinchen, Holder-13-K.Walter.",2.944,0.056
2003,Conf. Champ.,January 18,home,Indianapolis Colts,https://www.pro-football-reference.com/boxscores/200401180nwe.htm,3,01:32,,,NE 30,21,7,"4-A.Vinatieri kicks 50 yards from NE 30 to IND 20. 35-R.Williams to IND 33 for 13 yards (51-D.Davis, 53-L.Izzo).",0.001,0.796
2003,Conf. Champ.,January 18,home,Indianapolis Colts,https://www.pro-football-reference.com/boxscores/200401180nwe.htm,3,01:29,1,10,IND 33,21,7,(1:29) 18-P.Manning sacked at IND 26 for -7 yards (55-W.McGinest).,0.797,-1.214
2003,Conf. Champ.,January 18,home,Indianapolis Colts,https://www.pro-football-reference.com/boxscores/200401180nwe.htm,3,01:00,2,17,IND 26,21,7,(1:00) (Shotgun) 18-P.Manning pass intended for 32-E.James INTERCEPTED by 24-T.Law at IND 31. 24-T.Law ran ob at IND 31 for no gain.,-0.417,-3.392
2003,Conf. Champ.,January 18,home,Indianapolis Colts,https://www.pro-football-reference.com/boxscores/200401180nwe.htm,3,00:54,1,10,IND 31,21,7,"(:54) 12-T.Brady pass to 87-D.Givens to IND 18 for 13 yards (30-D.Strickland, 21-W.Harris).",3.809,0.891
2003,Conf. Champ.,January 18,home,Indianapolis Colts,https://www.pro-football-reference.com/boxscores/200401180nwe.htm,3,00:10,1,10,IND 18,21,7,"(:10) 32-A.Smith up the middle to IND 17 for 1 yard (20-M.Doss, 94-R.Morris).",4.700,-0.411
2003,Conf. Champ.,January 18,home,Indianapolis Colts,https://www.pro-football-reference.com/boxscores/200401180nwe.htm,4,15:00,2,9,IND 17,21,7,"(15:00) 12-T.Brady pass to 80-T.Brown to IND 8 for 9 yards (39-A.Floyd, 27-D.Macklin). ball caught at IND10 intended for Ward, tiipped ball",4.290,1.001
2003,Conf. Champ.,January 18,home,Indianapolis Colts,https://www.pro-football-reference.com/boxscores/200401180nwe.htm,4,14:18,1,8,IND 8,21,7,(14:18) 12-T.Brady pass to 87-D.Givens to IND 3 for 5 yards (27-D.Macklin).,5.291,0.299
2003,Conf. Champ.,January 18,home,Indianapolis Colts,https://www.pro-football-reference.com/boxscores/200401180nwe.htm,4,13:40,2,3,IND 3,21,7,(13:40) 12-T.Brady pass incomplete to 88-C.Fauria.,5.590,-0.969
2003,Conf. Champ.,January 18,home,Indianapolis Colts,https://www.pro-football-reference.com/boxscores/200401180nwe.htm,4,13:34,3,3,IND 3,21,7,(13:34) (Shotgun) 12-T.Brady pass intended for 17-D.Ward INTERCEPTED by 21-W.Harris at IND 0. Touchback.,4.621,-4.671
2003,Conf. Champ.,January 18,home,Indianapolis Colts,https://www.pro-football-reference.com/boxscores/200401180nwe.htm,4,13:28,1,10,IND 20,21,7,(13:28) 32-E.James right end to IND 21 for 1 yard (37-R.Harrison).,0.050,-0.456
2003,Conf. Champ.,January 18,home,Indianapolis Colts,https://www.pro-football-reference.com/boxscores/200401180nwe.htm,4,12:54,2,9,IND 21,21,7,(12:54) (No Huddle) 18-P.Manning pass to 81-M.Pollard to IND 32 for 11 yards (95-R.Phifer). ball caught at IND26,-0.406,1.263
2003,Conf. Champ.,January 18,home,Indianapolis Colts,https://www.pro-football-reference.com/boxscores/200401180nwe.htm,4,12:18,1,10,IND 32,21,7,"(12:18) (No Huddle, Shotgun) 18-P.Manning pass incomplete to 83-B.Stokley.",0.857,-0.462
2003,Conf. Champ.,January 18,home,Indianapolis Colts,https://www.pro-football-reference.com/boxscores/200401180nwe.htm,4,12:13,2,10,IND 32,21,7,(12:13) (Shotgun) 18-P.Manning pass to 87-R.Wayne to NE 48 for 20 yards (26-E.Wilson). ball caught at IND45,0.395,1.673
2003,Conf. Champ.,January 18,home,Indianapolis Colts,https://www.pro-football-reference.com/boxscores/200401180nwe.htm,4,11:45,1,10,NE 48,21,7,"(11:45) (No Huddle, Shotgun) 18-P.Manning pass to 88-M.Harrison to NE 43 for 5 yards (95-R.Phifer). ball caught at NE45",2.069,0.040
2003,Conf. Champ.,January 18,home,Indianapolis Colts,https://www.pro-football-reference.com/boxscores/200401180nwe.htm,4,11:11,2,5,NE 43,21,7,(11:11) 32-E.James up the middle to NE 40 for 3 yards (97-J.Green).,2.108,-0.143
2003,Conf. Champ.,January 18,home,Indianapolis Colts,https://www.pro-football-reference.com/boxscores/200401180nwe.htm,4,10:42,3,2,NE 40,21,7,(10:42) (Shotgun) 18-P.Manning pass incomplete to 83-B.Stokley.,1.965,-1.844
2003,Conf. Champ.,January 18,home,Indianapolis Colts,https://www.pro-football-reference.com/boxscores/200401180nwe.htm,4,10:39,4,2,NE 40,21,7,(10:39) (No Huddle) 32-E.James up the middle to NE 37 for 3 yards (95-R.Phifer).,0.121,2.853
2003,Conf. Champ.,January 18,home,Indianapolis Colts,https://www.pro-football-reference.com/boxscores/200401180nwe.htm,4,10:10,1,10,NE 37,21,7,"(10:10) (No Huddle, Shotgun) 18-P.Manning pass incomplete to 83-B.Stokley.",2.974,-0.509
2003,Conf. Champ.,January 18,home,Indianapolis Colts,https://www.pro-football-reference.com/boxscores/200401180nwe.htm,4,10:02,2,10,NE 37,21,7,(10:02) (Shotgun) 18-P.Manning pass to 86-T.Walters pushed ob at NE 27 for 10 yards (37-R.Harrison). ball caught at NE35,2.465,1.237
2003,Conf. Champ.,January 18,home,Indianapolis Colts,https://www.pro-football-reference.com/boxscores/200401180nwe.htm,4,09:39,1,10,NE 27,21,7,(9:39) (Shotgun) 18-P.Manning pass incomplete to 87-R.Wayne.,3.702,-0.381
2003,Conf. Champ.,January 18,home,Indianapolis Colts,https://www.pro-football-reference.com/boxscores/200401180nwe.htm,4,09:35,2,10,NE 27,21,7,"(9:35) (No Huddle) 33-D.Rhodes right guard to NE 23 for 4 yards (50-M.Vrabel, 54-T.Bruschi).",3.321,-0.063
2003,Conf. Champ.,January 18,home,Indianapolis Colts,https://www.pro-football-reference.com/boxscores/200401180nwe.htm,4,09:03,3,6,NE 23,21,7,"(9:03) (No Huddle, Shotgun) 18-P.Manning sacked at NE 30 for -7 yards (sack split by 97-J.Green and 95-R.Phifer).",3.258,-2.371
2003,Conf. Champ.,January 18,home,Indianapolis Colts,https://www.pro-football-reference.com/boxscores/200401180nwe.htm,4,08:31,4,13,NE 30,21,7,"(8:31) (No Huddle, Shotgun) 18-P.Manning pass intended for 88-M.Harrison INTERCEPTED by 24-T.Law at NE 11. 24-T.Law to NE 31 for 20 yards (86-T.Walters). 4th career postseason INT-new Patriots record",0.887,-2.273
2003,Conf. Champ.,January 18,home,Indianapolis Colts,https://www.pro-football-reference.com/boxscores/200401180nwe.htm,4,08:17,1,10,NE 31,21,7,(8:17) 33-K.Faulk right guard to NE 37 for 6 yards (90-M.Reagor).,1.386,0.393
2003,Conf. Champ.,January 18,home,Indianapolis Colts,https://www.pro-football-reference.com/boxscores/200401180nwe.htm,4,07:44,2,4,NE 37,21,7,(7:44) 81-B.Johnson right end to NE 40 for 3 yards (27-D.Macklin). reverse,1.779,-0.278
2003,Conf. Champ.,January 18,home,Indianapolis Colts,https://www.pro-football-reference.com/boxscores/200401180nwe.htm,4,06:59,,,NE 40,21,7,Timeout #1 by NE at 06:59.,1.501,0.000
2003,Conf. Champ.,January 18,home,Indianapolis Colts,https://www.pro-football-reference.com/boxscores/200401180nwe.htm,4,06:59,3,1,NE 40,21,7,(6:59) 33-K.Faulk left end to NE 37 for -3 yards (92-C.Bratzke).,1.501,-1.977
2003,Conf. Champ.,January 18,home,Indianapolis Colts,https://www.pro-football-reference.com/boxscores/200401180nwe.htm,4,06:16,4,4,NE 37,21,7,"(6:16) 13-K.Walter punts 30 yards to IND 33, Center-46-B.Kinchen, fair catch by 86-T.Walters.",-0.476,-0.725
2003,Conf. Champ.,January 18,home,Indianapolis Colts,https://www.pro-football-reference.com/boxscores/200401180nwe.htm,4,06:10,1,10,IND 33,21,7,"(6:10) (Shotgun) 18-P.Manning pass to 32-E.James to IND 38 for 5 yards (54-T.Bruschi, 38-T.Poole). ball caught at IND30",1.201,-0.011
2003,Conf. Champ.,January 18,home,Indianapolis Colts,https://www.pro-football-reference.com/boxscores/200401180nwe.htm,4,05:41,2,5,IND 38,21,7,"(5:41) (No Huddle, Shotgun) 18-P.Manning pass to 83-B.Stokley ran ob at 50 for 12 yards.",1.189,1.030
2003,Conf. Champ.,January 18,home,Indianapolis Colts,https://www.pro-football-reference.com/boxscores/200401180nwe.htm,4,05:21,1,10,MID 50,21,7,"(5:21) (No Huddle, Shotgun) 18-P.Manning pass to 32-E.James pushed ob at NE 42 for 8 yards (22-A.Samuel). ball caught at NE48",2.220,0.551
2003,Conf. Champ.,January 18,home,Indianapolis Colts,https://www.pro-football-reference.com/boxscores/200401180nwe.htm,4,05:03,2,2,NE 42,21,7,(5:03) (No Huddle) 18-P.Manning pass incomplete to 87-R.Wayne.,2.770,-0.683
2003,Conf. Champ.,January 18,home,Indianapolis Colts,https://www.pro-football-reference.com/boxscores/200401180nwe.htm,4,05:00,3,2,NE 42,21,7,"(5:00) (No Huddle, Shotgun) 18-P.Manning sacked at NE 48 for -6 yards (97-J.Green).",2.088,-2.332
2003,Conf. Champ.,January 18,home,Indianapolis Colts,https://www.pro-football-reference.com/boxscores/200401180nwe.htm,4,04:32,4,8,NE 48,21,7,"(4:32) (No Huddle, Shotgun) 18-P.Manning pass to 86-T.Walters to NE 37 for 11 yards (38-T.Poole).",-0.244,3.097
2003,Conf. Champ.,January 18,home,Indianapolis Colts,https://www.pro-football-reference.com/boxscores/200401180nwe.htm,4,04:04,1,10,NE 37,21,7,(4:04) (No Huddle) 18-P.Manning pass incomplete to 88-M.Harrison (93-R.Seymour).,2.853,-0.407
2003,Conf. Champ.,January 18,home,Indianapolis Colts,https://www.pro-football-reference.com/boxscores/200401180nwe.htm,4,04:02,2,10,NE 37,21,7,"(4:02) (No Huddle, Shotgun) 18-P.Manning pass to 83-B.Stokley to NE 33 for 4 yards (95-R.Phifer). ball caught at NE35",2.446,-0.176
2003,Conf. Champ.,January 18,home,Indianapolis Colts,https://www.pro-football-reference.com/boxscores/200401180nwe.htm,4,03:36,3,6,NE 33,21,7,"(3:36) (No Huddle, Shotgun) 18-P.Manning pass to 88-M.Harrison to NE 25 for 8 yards (24-T.Law, 95-R.Phifer).",2.270,1.367
2003,Conf. Champ.,January 18,home,Indianapolis Colts,https://www.pro-football-reference.com/boxscores/200401180nwe.htm,4,03:11,1,10,NE 25,21,7,"(3:11) (No Huddle, Shotgun) 18-P.Manning scrambles right end ran ob at NE 24 for 1 yard.",3.638,-0.520
2003,Conf. Champ.,January 18,home,Indianapolis Colts,https://www.pro-football-reference.com/boxscores/200401180nwe.htm,4,03:05,2,9,NE 24,21,7,(3:05) (No Huddle) 18-P.Manning pass to 81-M.Pollard ran ob at NE 10 for 14 yards. ball caught at NE20,3.117,1.578
2003,Conf. Champ.,January 18,home,Indianapolis Colts,https://www.pro-football-reference.com/boxscores/200401180nwe.htm,4,02:57,1,10,NE 10,21,7,(2:57) (No Huddle) 32-E.James left end to NE 7 for 3 yards (22-A.Samuel).,4.695,-0.092
2003,Conf. Champ.,January 18,home,Indianapolis Colts,https://www.pro-football-reference.com/boxscores/200401180nwe.htm,4,02:30,2,7,NE 7,21,13,"(2:30) (No Huddle) 18-P.Manning pass to 81-M.Pollard for 7 yards, TOUCHDOWN.",4.603,2.397
2003,Conf. Champ.,January 18,home,Indianapolis Colts,https://www.pro-football-reference.com/boxscores/200401180nwe.htm,4,02:27,,,NE 2,21,14,"13-M.Vanderjagt extra point is GOOD, Center-48-J.Snow, Holder-17-H.Smith.",0.986,0.014
2003,Conf. Champ.,January 18,home,Indianapolis Colts,https://www.pro-football-reference.com/boxscores/200401180nwe.htm,4,02:27,,,IND 30,21,14,(Onside Kick formation) 13-M.Vanderjagt kicks onside 14 yards from IND 30 to IND 44. 88-C.Fauria (didn't try to advance) to IND 44 for no gain (34-J.Doering).,0.592,1.711
2003,Conf. Champ.,January 18,home,Indianapolis Colts,https://www.pro-football-reference.com/boxscores/200401180nwe.htm,4,02:24,1,10,IND 44,21,14,(2:24) 32-A.Smith up the middle to IND 44 for no gain (90-M.Reagor).,2.303,-0.411
2003,Conf. Champ.,January 18,home,Indianapolis Colts,https://www.pro-football-reference.com/boxscores/200401180nwe.htm,4,02:19,,,IND 44,21,14,Timeout #1 by IND at 02:19.,1.892,0.000
2003,Conf. Champ.,January 18,home,Indianapolis Colts,https://www.pro-football-reference.com/boxscores/200401180nwe.htm,4,02:19,2,10,IND 44,21,14,(2:19) 12-T.Brady pass incomplete to 17-D.Ward (90-M.Reagor).,1.892,-0.481
2003,Conf. Champ.,January 18,home,Indianapolis Colts,https://www.pro-football-reference.com/boxscores/200401180nwe.htm,4,02:16,3,10,IND 44,21,14,(2:16) (Shotgun) 12-T.Brady pass incomplete to 80-T.Brown (50-D.Thornton).,1.411,-1.185
2003,Conf. Champ.,January 18,home,Indianapolis Colts,https://www.pro-football-reference.com/boxscores/200401180nwe.htm,4,02:12,4,10,IND 44,21,14,"(2:12) 13-K.Walter punts 44 yards to end zone, Center-46-B.Kinchen, Touchback.",0.226,-0.661
2003,Conf. Champ.,January 18,home,Indianapolis Colts,https://www.pro-football-reference.com/boxscores/200401180nwe.htm,4,02:01,1,10,IND 20,21,14,(2:01) (Shotgun) 18-P.Manning pass incomplete to 32-E.James.,0.435,-0.476
2003,Conf. Champ.,January 18,home,Indianapolis Colts,https://www.pro-football-reference.com/boxscores/200401180nwe.htm,4,01:55,2,10,IND 20,21,14,(1:55) (Shotgun) 18-P.Manning pass incomplete to 33-D.Rhodes. NE 54-Bruschi injured on play,-0.041,-0.276
2003,Conf. Champ.,January 18,home,Indianapolis Colts,https://www.pro-football-reference.com/boxscores/200401180nwe.htm,4,01:51,,,IND 20,21,14,Timeout #2 by NE at 01:51. by rule on Bruschi injury in last 2 minutes,-0.317,0.000
2003,Conf. Champ.,January 18,home,Indianapolis Colts,https://www.pro-football-reference.com/boxscores/200401180nwe.htm,4,01:51,3,10,IND 20,21,14,(1:51) (Shotgun) 18-P.Manning pass incomplete to 81-M.Pollard.,-0.317,-0.703
2003,Conf. Champ.,January 18,home,Indianapolis Colts,https://www.pro-football-reference.com/boxscores/200401180nwe.htm,4,01:46,4,10,IND 20,21,14,"(1:46) (No Huddle, Shotgun) 18-P.Manning pass incomplete to 81-M.Pollard.",-1.020,-2.851
2003,Conf. Champ.,January 18,home,Indianapolis Colts,https://www.pro-football-reference.com/boxscores/200401180nwe.htm,4,01:41,1,10,IND 20,21,14,(1:41) 32-A.Smith up the middle to IND 20 for no gain (90-M.Reagor).,3.871,-0.561
2003,Conf. Champ.,January 18,home,Indianapolis Colts,https://www.pro-football-reference.com/boxscores/200401180nwe.htm,4,01:36,,,IND 20,21,14,Timeout #2 by IND at 01:36.,3.310,0.000
2003,Conf. Champ.,January 18,home,Indianapolis Colts,https://www.pro-football-reference.com/boxscores/200401180nwe.htm,4,01:36,2,10,IND 20,21,14,"(1:36) NE 50-Vrabel & 93-Seymour eligible  PENALTY on IND-90-M.Reagor, Encroachment, 5 yards, enforced at IND 20 - No Play.",3.310,0.697
2003,Conf. Champ.,January 18,home,Indianapolis Colts,https://www.pro-football-reference.com/boxscores/200401180nwe.htm,4,01:36,2,5,IND 15,21,14,(1:36) NE 50-Vrabel & 93-Seymour eligible 32-A.Smith right guard to IND 16 for -1 yards (93-D.Freeney).,4.006,-1.513
2003,Conf. Champ.,January 18,home,Indianapolis Colts,https://www.pro-football-reference.com/boxscores/200401180nwe.htm,4,01:29,,,IND 16,21,14,Timeout #3 by IND at 01:29.,2.493,0.000
2003,Conf. Champ.,January 18,home,Indianapolis Colts,https://www.pro-football-reference.com/boxscores/200401180nwe.htm,4,01:29,3,6,IND 16,21,14,"(1:29) 12-T.Brady left end to IND 16 for no gain (27-D.Macklin). FUMBLES (27-D.Macklin), RECOVERED by IND-93-D.Freeney at IND 13. 93-D.Freeney to IND 13 for no gain (50-M.Vrabel). NE 50-Vrabel & 93-Seymour eligible Play Challenged by Replay Official and REVERSED. 12-T.Brady left end to IND 16 for no gain (27-D.Macklin). NE 50-Vrabel & 93-Seymour eligible",2.493,-0.000
2003,Conf. Champ.,January 18,home,Indianapolis Colts,https://www.pro-football-reference.com/boxscores/200401180nwe.htm,4,00:55,,,IND 16,21,14,Timeout #3 by NE at 00:55.,2.493,0.000
2003,Conf. Champ.,January 18,home,Indianapolis Colts,https://www.pro-football-reference.com/boxscores/200401180nwe.htm,4,00:55,4,6,IND 16,24,14,"(:55) 4-A.Vinatieri 34 yard field goal is GOOD, Center-46-B.Kinchen, Holder-13-K.Walter.",2.493,0.507
2003,Conf. Champ.,January 18,home,Indianapolis Colts,https://www.pro-football-reference.com/boxscores/200401180nwe.htm,4,00:50,,,NE 30,24,14,4-A.Vinatieri kicks 40 yards from NE 30 to IND 30. 56-T.Peko to IND 41 for 11 yards (34-C.Akins).,0.109,0.359
2003,Conf. Champ.,January 18,home,Indianapolis Colts,https://www.pro-football-reference.com/boxscores/200401180nwe.htm,4,00:46,1,10,IND 41,24,14,(:46) (Shotgun) 18-P.Manning pass to 81-M.Pollard to NE 43 for 16 yards (53-L.Izzo). ball caught at 50,0.469,0.338
2003,Conf. Champ.,January 18,home,Indianapolis Colts,https://www.pro-football-reference.com/boxscores/200401180nwe.htm,4,00:25,1,10,NE 43,24,14,(:25) (No Huddle) 18-P.Manning pass incomplete to 87-R.Wayne (22-A.Samuel).,0.807,-0.150
2003,Conf. Champ.,January 18,home,Indianapolis Colts,https://www.pro-football-reference.com/boxscores/200401180nwe.htm,4,00:21,2,10,NE 43,24,14,"(:21) (No Huddle, Shotgun) 18-P.Manning pass incomplete to 32-E.James.",0.657,-0.232
2003,Conf. Champ.,January 18,home,Indianapolis Colts,https://www.pro-football-reference.com/boxscores/200401180nwe.htm,4,00:16,3,10,NE 43,24,14,"(:16) (No Huddle, Shotgun) 18-P.Manning pass incomplete to 87-R.Wayne.",0.425,-0.249
2003,Conf. Champ.,January 18,home,Indianapolis Colts,https://www.pro-football-reference.com/boxscores/200401180nwe.htm,4,00:11,4,10,NE 43,24,14,(:11) (Shotgun) 18-P.Manning pass to 86-T.Walters pushed ob at NE 34 for 9 yards (22-A.Samuel).,0.175,-0.175
2003,Conf. Champ.,January 18,home,Indianapolis Colts,https://www.pro-football-reference.com/boxscores/200401180nwe.htm,4,00:07,1,10,NE 34,24,14,(:07) 12-T.Brady kneels to NE 33 for -1 yards.,0.000,0.000
2003,SuperBowl,February 1,neutral,Carolina Panthers,https://www.pro-football-reference.com/boxscores/200402010nwe.htm,1,15:00,,,NE 30,0,0,4-A.Vinatieri kicks 65 yards from NE 30 to CAR 5. 32-R.Smart to CAR 23 for 18 yards (58-M.Chatham).,0.447,0.120
2003,SuperBowl,February 1,neutral,Carolina Panthers,https://www.pro-football-reference.com/boxscores/200402010nwe.htm,1,14:54,1,10,CAR 23,0,0,(14:54) 48-S.Davis left guard to CAR 25 for 2 yards (50-M.Vrabel).,0.567,-0.276
2003,SuperBowl,February 1,neutral,Carolina Panthers,https://www.pro-football-reference.com/boxscores/200402010nwe.htm,1,14:16,2,8,CAR 25,0,0,"(14:16) 48-S.Davis left guard to CAR 30 for 5 yards (93-R.Seymour, 54-T.Bruschi).",0.291,0.051
2003,SuperBowl,February 1,neutral,Carolina Panthers,https://www.pro-football-reference.com/boxscores/200402010nwe.htm,1,13:34,3,3,CAR 30,0,0,(13:34) 17-J.Delhomme pass incomplete to 89-S.Smith (37-R.Harrison).,0.342,-1.645
2003,SuperBowl,February 1,neutral,Carolina Panthers,https://www.pro-football-reference.com/boxscores/200402010nwe.htm,1,13:25,4,3,CAR 30,0,0,"(13:25) 10-T.Sauerbrun punts 45 yards to NE 25, Center-56-J.Kyle. 80-T.Brown to CAR 47 for 28 yards (88-K.Hankton).",-1.302,-1.303
2003,SuperBowl,February 1,neutral,Carolina Panthers,https://www.pro-football-reference.com/boxscores/200402010nwe.htm,1,13:12,1,10,CAR 47,0,0,(13:12) 12-T.Brady pass to 83-D.Branch to CAR 31 for 16 yards (23-R.Howard).,2.605,1.231
2003,SuperBowl,February 1,neutral,Carolina Panthers,https://www.pro-football-reference.com/boxscores/200402010nwe.htm,1,12:38,1,10,CAR 31,0,0,"(12:38) 33-K.Faulk up the middle to CAR 26 for 5 yards (53-G.Favors, 54-W.Witherspoon).",3.836,0.186
2003,SuperBowl,February 1,neutral,Carolina Panthers,https://www.pro-football-reference.com/boxscores/200402010nwe.htm,1,12:04,2,5,CAR 26,0,0,(12:04) 12-T.Brady pass to 80-T.Brown to CAR 14 for 12 yards (55-D.Morgan). (6 yards after catch.),4.022,0.996
2003,SuperBowl,February 1,neutral,Carolina Panthers,https://www.pro-football-reference.com/boxscores/200402010nwe.htm,1,11:27,1,10,CAR 14,0,0,(11:27) 12-T.Brady pass incomplete to 31-L.Centers.,5.018,-0.430
2003,SuperBowl,February 1,neutral,Carolina Panthers,https://www.pro-football-reference.com/boxscores/200402010nwe.htm,1,11:21,2,10,CAR 14,0,0,"(11:21) PENALTY on NE-12-T.Brady, False Start, 5 yards, enforced at CAR 14 - No Play. (Quarterback simulated the snap from center.)",4.588,-0.875
2003,SuperBowl,February 1,neutral,Carolina Panthers,https://www.pro-football-reference.com/boxscores/200402010nwe.htm,1,11:21,2,15,CAR 19,0,0,(11:21) 12-T.Brady pass incomplete to 17-D.Ward.,3.713,-0.625
2003,SuperBowl,February 1,neutral,Carolina Panthers,https://www.pro-football-reference.com/boxscores/200402010nwe.htm,1,11:16,3,15,CAR 19,0,0,"(11:16) 32-A.Smith up the middle to CAR 18 for 1 yard (54-W.Witherspoon, 30-M.Minter).",3.088,-0.484
2003,SuperBowl,February 1,neutral,Carolina Panthers,https://www.pro-football-reference.com/boxscores/200402010nwe.htm,1,10:40,4,14,CAR 18,0,0,"(10:40) (Field Goal formation) PENALTY on CAR-71-M.Willig, Defensive Delay of Game, 5 yards, enforced at CAR 18 - No Play. (Defense simulated a snap.)",2.603,0.096
2003,SuperBowl,February 1,neutral,Carolina Panthers,https://www.pro-football-reference.com/boxscores/200402010nwe.htm,1,10:33,4,9,CAR 13,0,0,"(10:33) 4-A.Vinatieri 31 yard field goal is No Good, Wide Right, Center-46-B.Kinchen, Holder-13-K.Walter.",2.700,-3.293
2003,SuperBowl,February 1,neutral,Carolina Panthers,https://www.pro-football-reference.com/boxscores/200402010nwe.htm,1,10:29,1,10,CAR 21,0,0,(10:29) 48-S.Davis up the middle to CAR 23 for 2 yards (95-R.Phifer).,0.593,-0.462
2003,SuperBowl,February 1,neutral,Carolina Panthers,https://www.pro-football-reference.com/boxscores/200402010nwe.htm,1,09:47,2,8,CAR 23,0,0,(9:47) 17-J.Delhomme pass incomplete to 87-M.Muhammad (26-E.Wilson).,0.132,-0.679
2003,SuperBowl,February 1,neutral,Carolina Panthers,https://www.pro-football-reference.com/boxscores/200402010nwe.htm,1,09:41,3,8,CAR 23,0,0,(9:41) 17-J.Delhomme sacked at CAR 14 for -9 yards (50-M.Vrabel).,-0.548,-1.906
2003,SuperBowl,February 1,neutral,Carolina Panthers,https://www.pro-football-reference.com/boxscores/200402010nwe.htm,1,09:27,4,17,CAR 14,0,0,"(9:27) 10-T.Sauerbrun punts 50 yards to NE 36, Center-56-J.Kyle. 80-T.Brown ran ob at NE 49 for 13 yards (10-T.Sauerbrun). PENALTY on NE-35-P.Pass, Offensive Holding, 10 yards, enforced at NE 48.",-2.453,0.844
2003,SuperBowl,February 1,neutral,Carolina Panthers,https://www.pro-football-reference.com/boxscores/200402010nwe.htm,1,09:12,1,10,NE 38,0,0,(9:12) 12-T.Brady pass incomplete to 87-D.Givens (27-D.Grant).,1.609,-0.445
2003,SuperBowl,February 1,neutral,Carolina Panthers,https://www.pro-football-reference.com/boxscores/200402010nwe.htm,1,09:05,2,10,NE 38,0,0,"(9:05) 32-A.Smith left guard to NE 40 for 2 yards (53-G.Favors, 54-W.Witherspoon).",1.164,-0.649
2003,SuperBowl,February 1,neutral,Carolina Panthers,https://www.pro-football-reference.com/boxscores/200402010nwe.htm,1,08:17,3,8,NE 40,0,0,"(8:17) (Shotgun) 12-T.Brady pass to 83-D.Branch to NE 45 for 5 yards (55-D.Morgan, 29-D.Wesley). (3 yards after catch.)",0.515,-1.006
2003,SuperBowl,February 1,neutral,Carolina Panthers,https://www.pro-football-reference.com/boxscores/200402010nwe.htm,1,07:42,4,3,NE 45,0,0,"(7:42) 13-K.Walter punts 44 yards to CAR 11, Center-46-B.Kinchen, downed by NE-58-M.Chatham. (Punt hang time 3.6 seconds.)",-0.491,0.538
2003,SuperBowl,February 1,neutral,Carolina Panthers,https://www.pro-football-reference.com/boxscores/200402010nwe.htm,1,07:29,1,10,CAR 11,0,0,(7:29) 48-S.Davis left guard to CAR 13 for 2 yards (50-M.Vrabel).,-0.046,-0.445
2003,SuperBowl,February 1,neutral,Carolina Panthers,https://www.pro-football-reference.com/boxscores/200402010nwe.htm,1,06:51,2,8,CAR 13,0,0,(6:51) 17-J.Delhomme pass to 89-S.Smith pushed ob at CAR 14 for 1 yard (24-T.Law).,-0.491,-0.517
2003,SuperBowl,February 1,neutral,Carolina Panthers,https://www.pro-football-reference.com/boxscores/200402010nwe.htm,1,06:20,3,7,CAR 14,0,0,"(6:20) 17-J.Delhomme pass incomplete (97-J.Green). (CAR Delhomme threw incomplete from outside the tackle, while being chased by NE Green.)",-1.008,-1.244
2003,SuperBowl,February 1,neutral,Carolina Panthers,https://www.pro-football-reference.com/boxscores/200402010nwe.htm,1,06:10,4,7,CAR 14,0,0,"(6:10) (Punt formation) PENALTY on CAR-10-T.Sauerbrun, Delay of Game, 5 yards, enforced at CAR 14 - No Play.",-2.252,-0.371
2003,SuperBowl,February 1,neutral,Carolina Panthers,https://www.pro-football-reference.com/boxscores/200402010nwe.htm,1,06:10,4,12,CAR 9,0,0,"(6:10) 10-T.Sauerbrun punts 40 yards to CAR 49, Center-56-J.Kyle. 80-T.Brown MUFFS catch, and recovers at CAR 49. 80-T.Brown to CAR 49 for no gain (32-R.Smart). (Punt hang time 3.9 seconds.)",-2.624,0.191
2003,SuperBowl,February 1,neutral,Carolina Panthers,https://www.pro-football-reference.com/boxscores/200402010nwe.htm,1,06:02,1,10,CAR 49,0,0,"(6:02) 32-A.Smith up the middle to CAR 42 for 7 yards (77-K.Jenkins, 30-M.Minter).",2.432,0.361
2003,SuperBowl,February 1,neutral,Carolina Panthers,https://www.pro-football-reference.com/boxscores/200402010nwe.htm,1,05:26,2,3,CAR 42,0,0,(5:26) 12-T.Brady pass to 83-D.Branch to CAR 38 for 4 yards (23-R.Howard).,2.793,0.459
2003,SuperBowl,February 1,neutral,Carolina Panthers,https://www.pro-football-reference.com/boxscores/200402010nwe.htm,1,04:52,1,10,CAR 38,0,0,"(4:52) 32-A.Smith right guard to CAR 37 for 1 yard (77-K.Jenkins, 96-A.Wallace).",3.252,-0.436
2003,SuperBowl,February 1,neutral,Carolina Panthers,https://www.pro-football-reference.com/boxscores/200402010nwe.htm,1,04:21,2,9,CAR 37,0,0,(4:21) 12-T.Brady pass to 83-D.Branch pushed ob at CAR 31 for 6 yards (21-T.Cousin).,2.817,0.343
2003,SuperBowl,February 1,neutral,Carolina Panthers,https://www.pro-football-reference.com/boxscores/200402010nwe.htm,1,03:51,3,3,CAR 31,0,0,(3:51) 80-T.Brown right end to CAR 41 for -10 yards (54-W.Witherspoon).,3.160,-3.416
2003,SuperBowl,February 1,neutral,Carolina Panthers,https://www.pro-football-reference.com/boxscores/200402010nwe.htm,1,03:12,4,13,CAR 41,0,0,"(3:12) 13-K.Walter punts 33 yards to CAR 8, Center-46-B.Kinchen, fair catch by 89-S.Smith. (Punt hang time 4.1 seconds.) (The snap from center bounced before reaching the punter.)",-0.256,0.564
2003,SuperBowl,February 1,neutral,Carolina Panthers,https://www.pro-football-reference.com/boxscores/200402010nwe.htm,1,03:04,1,10,CAR 8,0,0,(3:04) 17-J.Delhomme pass incomplete to 87-M.Muhammad (55-W.McGinest).,-0.308,-0.560
2003,SuperBowl,February 1,neutral,Carolina Panthers,https://www.pro-football-reference.com/boxscores/200402010nwe.htm,1,02:58,2,10,CAR 8,0,0,"(2:58) 48-S.Davis right end to CAR 11 for 3 yards (91-B.Hamilton, 54-T.Bruschi).",-0.868,-0.201
2003,SuperBowl,February 1,neutral,Carolina Panthers,https://www.pro-football-reference.com/boxscores/200402010nwe.htm,1,02:14,3,7,CAR 11,0,0,"(2:14) 17-J.Delhomme pass incomplete to 87-M.Muhammad. PENALTY on NE-24-T.Law, Defensive Holding, 5 yards, enforced at CAR 11 - No Play.",-1.069,1.421
2003,SuperBowl,February 1,neutral,Carolina Panthers,https://www.pro-football-reference.com/boxscores/200402010nwe.htm,1,02:07,1,10,CAR 16,0,0,"(2:07) 48-S.Davis right end to CAR 20 for 4 yards (24-T.Law, 50-M.Vrabel).",0.352,-0.065
2003,SuperBowl,February 1,neutral,Carolina Panthers,https://www.pro-football-reference.com/boxscores/200402010nwe.htm,1,01:24,2,6,CAR 20,0,0,(1:24) 17-J.Delhomme pass incomplete to 20-D.Foster (94-T.Warren).,0.288,-0.700
2003,SuperBowl,February 1,neutral,Carolina Panthers,https://www.pro-football-reference.com/boxscores/200402010nwe.htm,1,01:19,3,6,CAR 20,0,0,"(1:19) 20-D.Foster up the middle to CAR 23 for 3 yards (95-R.Phifer, 55-W.McGinest).",-0.412,-1.211
2003,SuperBowl,February 1,neutral,Carolina Panthers,https://www.pro-football-reference.com/boxscores/200402010nwe.htm,1,00:46,4,3,CAR 23,0,0,"(:46) 10-T.Sauerbrun punts 47 yards to NE 30, Center-56-J.Kyle. 83-D.Branch to NE 32 for 2 yards (45-B.Hoover, 40-J.Cooper). (Punt hang time 3.9 seconds.)",-1.623,0.299
2003,SuperBowl,February 1,neutral,Carolina Panthers,https://www.pro-football-reference.com/boxscores/200402010nwe.htm,1,00:35,1,10,NE 32,0,0,(:35) 12-T.Brady pass incomplete to 80-T.Brown.,1.325,-0.469
2003,SuperBowl,February 1,neutral,Carolina Panthers,https://www.pro-football-reference.com/boxscores/200402010nwe.htm,1,00:29,2,10,NE 32,0,0,"(:29) 32-A.Smith right end to NE 41 for 9 yards (30-M.Minter, 21-T.Cousin).",0.856,0.617
2003,SuperBowl,February 1,neutral,Carolina Panthers,https://www.pro-football-reference.com/boxscores/200402010nwe.htm,2,15:00,3,1,NE 41,0,0,"(15:00) 32-A.Smith right tackle to NE 41 for no gain (53-G.Favors, 50-V.Ciurciu).",1.473,-1.629
2003,SuperBowl,February 1,neutral,Carolina Panthers,https://www.pro-football-reference.com/boxscores/200402010nwe.htm,2,14:24,4,1,NE 41,0,0,"(14:24) 13-K.Walter punts 22 yards to CAR 37, Center-46-B.Kinchen, downed by NE-58-M.Chatham. (Punt hang time 4.1 seconds.)",-0.156,-1.427
2003,SuperBowl,February 1,neutral,Carolina Panthers,https://www.pro-football-reference.com/boxscores/200402010nwe.htm,2,14:12,1,10,CAR 37,0,0,(14:12) 17-J.Delhomme pass incomplete to 89-S.Smith (26-E.Wilson).,1.583,-0.471
2003,SuperBowl,February 1,neutral,Carolina Panthers,https://www.pro-football-reference.com/boxscores/200402010nwe.htm,2,14:06,2,10,CAR 37,0,0,"(14:06) 48-S.Davis right end to CAR 35 for -2 yards (37-R.Harrison, 91-B.Hamilton).",1.113,-1.104
2003,SuperBowl,February 1,neutral,Carolina Panthers,https://www.pro-football-reference.com/boxscores/200402010nwe.htm,2,13:22,3,12,CAR 35,0,0,(13:22) 17-J.Delhomme sacked at CAR 24 for -11 yards (55-W.McGinest).,0.009,-1.863
2003,SuperBowl,February 1,neutral,Carolina Panthers,https://www.pro-football-reference.com/boxscores/200402010nwe.htm,2,13:14,4,23,CAR 24,0,0,"(13:14) 10-T.Sauerbrun punts 51 yards to NE 25, Center-56-J.Kyle, fair catch by 83-D.Branch. (Punt hang time 4.6 seconds.)",-1.854,0.810
2003,SuperBowl,February 1,neutral,Carolina Panthers,https://www.pro-football-reference.com/boxscores/200402010nwe.htm,2,13:05,1,10,NE 25,0,0,(13:05) 32-A.Smith right guard to NE 31 for 6 yards (54-W.Witherspoon; 98-S.Burton).,1.045,0.096
2003,SuperBowl,February 1,neutral,Carolina Panthers,https://www.pro-football-reference.com/boxscores/200402010nwe.htm,2,12:32,2,4,NE 31,0,0,"(12:32) 32-A.Smith right tackle to NE 33 for 2 yards (93-M.Rucker, 99-B.Buckner).",1.141,-0.273
2003,SuperBowl,February 1,neutral,Carolina Panthers,https://www.pro-football-reference.com/boxscores/200402010nwe.htm,2,11:52,3,2,NE 33,0,0,"(11:52) 12-T.Brady pass to 80-T.Brown pushed ob at NE 36 for 3 yards (55-D.Morgan). PENALTY on CAR-77-K.Jenkins, Defensive Offside, 5 yards, enforced at NE 33 - No Play.",0.868,0.871
2003,SuperBowl,February 1,neutral,Carolina Panthers,https://www.pro-football-reference.com/boxscores/200402010nwe.htm,2,11:25,1,10,NE 38,0,0,(11:25) 12-T.Brady pass to 80-T.Brown pushed ob at NE 44 for 6 yards (23-R.Howard).,1.739,0.288
2003,SuperBowl,February 1,neutral,Carolina Panthers,https://www.pro-football-reference.com/boxscores/200402010nwe.htm,2,10:55,2,4,NE 44,0,0,"(10:55) 33-K.Faulk left end to CAR 47 for 9 yards (30-M.Minter, 55-D.Morgan).",2.027,0.635
2003,SuperBowl,February 1,neutral,Carolina Panthers,https://www.pro-football-reference.com/boxscores/200402010nwe.htm,2,10:18,1,10,CAR 47,0,0,"(10:18) 33-K.Faulk up the middle to CAR 47 for no gain (99-B.Buckner, 96-A.Wallace).",2.661,-0.423
2003,SuperBowl,February 1,neutral,Carolina Panthers,https://www.pro-football-reference.com/boxscores/200402010nwe.htm,2,09:41,2,10,CAR 47,0,0,(9:41) 12-T.Brady pass to 80-T.Brown pushed ob at CAR 38 for 9 yards (21-T.Cousin).,2.238,0.647
2003,SuperBowl,February 1,neutral,Carolina Panthers,https://www.pro-football-reference.com/boxscores/200402010nwe.htm,2,09:27,3,1,CAR 38,0,0,"(9:27) 12-T.Brady up the middle to CAR 38 for no gain (98-S.Burton, 93-M.Rucker).",2.885,-1.438
2003,SuperBowl,February 1,neutral,Carolina Panthers,https://www.pro-football-reference.com/boxscores/200402010nwe.htm,2,09:04,4,1,CAR 38,0,0,"(9:04) 32-A.Smith right guard to CAR 37 for 1 yard (54-W.Witherspoon, 55-D.Morgan). Play Challenged by CAR and Upheld. (Timeout #1.)",1.448,2.001
2003,SuperBowl,February 1,neutral,Carolina Panthers,https://www.pro-football-reference.com/boxscores/200402010nwe.htm,2,08:52,1,10,CAR 37,0,0,(8:52) 12-T.Brady pass to 82-D.Graham to CAR 34 for 3 yards (55-D.Morgan).,3.449,-0.288
2003,SuperBowl,February 1,neutral,Carolina Panthers,https://www.pro-football-reference.com/boxscores/200402010nwe.htm,2,08:09,2,7,CAR 34,0,0,"(8:09) PENALTY on CAR-77-K.Jenkins, Defensive Offside, 5 yards, enforced at CAR 34 - No Play. (Play was stopped due to unabated access to the quarterback.)",3.161,0.864
2003,SuperBowl,February 1,neutral,Carolina Panthers,https://www.pro-football-reference.com/boxscores/200402010nwe.htm,2,07:50,2,2,CAR 29,0,0,"(7:50) 32-A.Smith left tackle to CAR 20 for 9 yards (54-W.Witherspoon, 55-D.Morgan).",4.026,0.489
2003,SuperBowl,February 1,neutral,Carolina Panthers,https://www.pro-football-reference.com/boxscores/200402010nwe.htm,2,07:03,1,10,CAR 20,0,0,(7:03) 12-T.Brady pass incomplete to 83-D.Branch.,4.515,-0.391
2003,SuperBowl,February 1,neutral,Carolina Panthers,https://www.pro-football-reference.com/boxscores/200402010nwe.htm,2,06:57,2,10,CAR 20,0,0,"(6:57) 32-A.Smith right guard to CAR 18 for 2 yards (24-R.Manning, 55-D.Morgan).",4.124,-0.554
2003,SuperBowl,February 1,neutral,Carolina Panthers,https://www.pro-football-reference.com/boxscores/200402010nwe.htm,2,06:13,3,8,CAR 18,0,0,(6:13) (Shotgun) 12-T.Brady pass incomplete to 87-D.Givens.,3.569,-1.160
2003,SuperBowl,February 1,neutral,Carolina Panthers,https://www.pro-football-reference.com/boxscores/200402010nwe.htm,2,06:08,4,8,CAR 18,0,0,"(6:08) 4-A.Vinatieri 36 yard field goal is BLOCKED (98-S.Burton), Center-46-B.Kinchen, Holder-13-K.Walter. (Ball rolled dead in the end zone.)",2.410,-3.349
2003,SuperBowl,February 1,neutral,Carolina Panthers,https://www.pro-football-reference.com/boxscores/200402010nwe.htm,2,06:00,1,10,CAR 27,0,0,"(6:00) 48-S.Davis right tackle to CAR 25 for -2 yards (91-B.Hamilton, 38-T.Poole).",0.939,-0.829
2003,SuperBowl,February 1,neutral,Carolina Panthers,https://www.pro-football-reference.com/boxscores/200402010nwe.htm,2,05:29,2,12,CAR 25,0,0,(5:29) (Shotgun) 17-J.Delhomme pass incomplete to 86-K.Mangum.,0.110,-0.614
2003,SuperBowl,February 1,neutral,Carolina Panthers,https://www.pro-football-reference.com/boxscores/200402010nwe.htm,2,05:22,3,12,CAR 25,0,0,"(5:22) 17-J.Delhomme sacked at CAR 19 for -6 yards (50-M.Vrabel). FUMBLES (50-M.Vrabel), RECOVERED by NE-93-R.Seymour at CAR 20. 93-R.Seymour to CAR 20 for no gain (75-T.Steussie).",-0.504,-4.055
2003,SuperBowl,February 1,neutral,Carolina Panthers,https://www.pro-football-reference.com/boxscores/200402010nwe.htm,2,05:15,1,10,CAR 20,0,0,(5:15) 32-A.Smith up the middle to CAR 14 for 6 yards (96-A.Wallace).,4.560,0.357
2003,SuperBowl,February 1,neutral,Carolina Panthers,https://www.pro-football-reference.com/boxscores/200402010nwe.htm,2,04:37,2,4,CAR 14,0,0,"(4:37) 32-A.Smith right guard to CAR 17 for -3 yards (98-S.Burton, 55-D.Morgan).",4.917,-1.198
2003,SuperBowl,February 1,neutral,Carolina Panthers,https://www.pro-football-reference.com/boxscores/200402010nwe.htm,2,03:53,3,7,CAR 17,0,0,(3:53) 12-T.Brady scrambles up the middle to CAR 5 for 12 yards (30-M.Minter).,3.719,2.046
2003,SuperBowl,February 1,neutral,Carolina Panthers,https://www.pro-football-reference.com/boxscores/200402010nwe.htm,2,03:10,1,5,CAR 5,6,0,"(3:10) 12-T.Brady pass to 83-D.Branch for 5 yards, TOUCHDOWN.",5.765,1.235
2003,SuperBowl,February 1,neutral,Carolina Panthers,https://www.pro-football-reference.com/boxscores/200402010nwe.htm,2,03:05,,,CAR 2,7,0,"4-A.Vinatieri extra point is GOOD, Center-46-B.Kinchen, Holder-13-K.Walter.",0.976,0.024
2003,SuperBowl,February 1,neutral,Carolina Panthers,https://www.pro-football-reference.com/boxscores/200402010nwe.htm,2,03:05,,,NE 30,7,0,"4-A.Vinatieri kicks 73 yards from NE 30 to CAR -3. 32-R.Smart to CAR 11 for 14 yards (34-C.Akins). PENALTY on CAR-52-B.Allen, Unnecessary Roughness, 6 yards, enforced at CAR 11. Penalty on CAR-57-L.Towns, Offensive Holding, declined.",0.653,-0.886
2003,SuperBowl,February 1,neutral,Carolina Panthers,https://www.pro-football-reference.com/boxscores/200402010nwe.htm,2,02:58,1,10,CAR 5,7,0,(2:58) 17-J.Delhomme pass incomplete to 89-S.Smith (38-T.Poole).,-0.233,-0.358
2003,SuperBowl,February 1,neutral,Carolina Panthers,https://www.pro-football-reference.com/boxscores/200402010nwe.htm,2,02:52,2,10,CAR 5,7,0,"(2:52) 48-S.Davis up the middle to CAR 10 for 5 yards (54-T.Bruschi, 37-R.Harrison).",-0.591,-0.051
2003,SuperBowl,February 1,neutral,Carolina Panthers,https://www.pro-football-reference.com/boxscores/200402010nwe.htm,2,02:03,3,5,CAR 10,7,0,(2:03) 17-J.Delhomme pass to 81-R.Proehl to CAR 23 for 13 yards (95-R.Phifer; 55-W.McGinest).,-0.642,1.334
2003,SuperBowl,February 1,neutral,Carolina Panthers,https://www.pro-football-reference.com/boxscores/200402010nwe.htm,2,01:56,1,10,CAR 23,7,0,"(1:56) 17-J.Delhomme pass to 87-M.Muhammad pushed ob at CAR 46 for 23 yards (24-T.Law). Penalty on NE-24-T.Law, Illegal Contact, declined.",0.692,1.064
2003,SuperBowl,February 1,neutral,Carolina Panthers,https://www.pro-football-reference.com/boxscores/200402010nwe.htm,2,01:49,1,10,CAR 46,7,0,(1:49) (Shotgun) 17-J.Delhomme pass to 81-R.Proehl to NE 39 for 15 yards (37-R.Harrison).,1.756,0.987
2003,SuperBowl,February 1,neutral,Carolina Panthers,https://www.pro-football-reference.com/boxscores/200402010nwe.htm,2,01:26,1,10,NE 39,7,0,(1:26) (Shotgun) 17-J.Delhomme pass incomplete to 87-M.Muhammad.,2.743,-0.317
2003,SuperBowl,February 1,neutral,Carolina Panthers,https://www.pro-football-reference.com/boxscores/200402010nwe.htm,2,01:22,2,10,NE 39,7,0,(1:22) 17-J.Delhomme pass incomplete to 87-M.Muhammad.,2.426,-0.471
2003,SuperBowl,February 1,neutral,Carolina Panthers,https://www.pro-football-reference.com/boxscores/200402010nwe.htm,2,01:14,,,NE 39,7,0,Timeout #1 by NE at 01:14.,1.956,0.000
2003,SuperBowl,February 1,neutral,Carolina Panthers,https://www.pro-football-reference.com/boxscores/200402010nwe.htm,2,01:14,3,10,NE 39,7,6,"(1:14) 17-J.Delhomme pass to 89-S.Smith for 39 yards, TOUCHDOWN.",1.956,5.044
2003,SuperBowl,February 1,neutral,Carolina Panthers,https://www.pro-football-reference.com/boxscores/200402010nwe.htm,2,01:07,,,NE 2,7,7,"4-J.Kasay extra point is GOOD, Center-56-J.Kyle, Holder-10-T.Sauerbrun.",0.976,0.024
2003,SuperBowl,February 1,neutral,Carolina Panthers,https://www.pro-football-reference.com/boxscores/200402010nwe.htm,2,01:07,,,CAR 30,7,7,4-J.Kasay kicks 64 yards from CAR 30 to NE 6. 81-B.Johnson to NE 22 for 16 yards (28-C.Branch).,0.526,0.008
2003,SuperBowl,February 1,neutral,Carolina Panthers,https://www.pro-football-reference.com/boxscores/200402010nwe.htm,2,00:59,1,10,NE 22,7,7,(:59) (Shotgun) 12-T.Brady pass to 87-D.Givens ran ob at NE 34 for 12 yards (30-M.Minter).,0.533,0.305
2003,SuperBowl,February 1,neutral,Carolina Panthers,https://www.pro-football-reference.com/boxscores/200402010nwe.htm,2,00:54,1,10,NE 34,7,7,(:54) (Shotgun) 12-T.Brady pass incomplete to 87-D.Givens.,0.838,-0.314
2003,SuperBowl,February 1,neutral,Carolina Panthers,https://www.pro-football-reference.com/boxscores/200402010nwe.htm,2,00:47,2,10,NE 34,7,7,(:47) (Shotgun) 12-T.Brady pass to 83-D.Branch to CAR 14 for 52 yards (24-R.Manning). (10 yards after the catch.),0.524,4.023
2003,SuperBowl,February 1,neutral,Carolina Panthers,https://www.pro-football-reference.com/boxscores/200402010nwe.htm,2,00:37,,,CAR 14,7,7,Timeout #2 by NE at 00:37.,4.548,0.000
2003,SuperBowl,February 1,neutral,Carolina Panthers,https://www.pro-football-reference.com/boxscores/200402010nwe.htm,2,00:37,1,10,CAR 14,7,7,(:37) (Shotgun) 12-T.Brady pass incomplete to 87-D.Givens.,4.548,-0.381
2003,SuperBowl,February 1,neutral,Carolina Panthers,https://www.pro-football-reference.com/boxscores/200402010nwe.htm,2,00:32,2,10,CAR 14,7,7,"(:32) (Shotgun) 12-T.Brady pass to 87-D.Givens to CAR 5 for 9 yards (55-D.Morgan, 21-T.Cousin).",4.166,0.287
2003,SuperBowl,February 1,neutral,Carolina Panthers,https://www.pro-football-reference.com/boxscores/200402010nwe.htm,2,00:23,,,CAR 5,7,7,Timeout #3 by NE at 00:23.,4.453,0.000
2003,SuperBowl,February 1,neutral,Carolina Panthers,https://www.pro-football-reference.com/boxscores/200402010nwe.htm,2,00:23,3,1,CAR 5,13,7,"(:23) 12-T.Brady pass to 87-D.Givens for 5 yards, TOUCHDOWN.",4.453,2.547
2003,SuperBowl,February 1,neutral,Carolina Panthers,https://www.pro-football-reference.com/boxscores/200402010nwe.htm,2,00:18,,,CAR 2,14,7,"4-A.Vinatieri extra point is GOOD, Center-46-B.Kinchen, Holder-13-K.Walter.",0.976,0.024
2003,SuperBowl,February 1,neutral,Carolina Panthers,https://www.pro-football-reference.com/boxscores/200402010nwe.htm,2,00:18,,,NE 30,14,7,4-A.Vinatieri kicks 35 yards from NE 30 to CAR 35. 86-K.Mangum to CAR 47 for 12 yards (81-B.Johnson).,0.069,0.467
2003,SuperBowl,February 1,neutral,Carolina Panthers,https://www.pro-football-reference.com/boxscores/200402010nwe.htm,2,00:12,1,10,CAR 47,14,7,"(:12) 48-S.Davis right guard to NE 32 for 21 yards (37-R.Harrison, 50-M.Vrabel).",0.536,1.048
2003,SuperBowl,February 1,neutral,Carolina Panthers,https://www.pro-football-reference.com/boxscores/200402010nwe.htm,2,00:05,,,NE 32,14,7,Timeout #2 by CAR at 00:05.,1.584,0.000
2003,SuperBowl,February 1,neutral,Carolina Panthers,https://www.pro-football-reference.com/boxscores/200402010nwe.htm,2,00:00,1,10,NE 32,14,10,"(:00) 4-J.Kasay 50 yard field goal is GOOD, Center-56-J.Kyle, Holder-10-T.Sauerbrun.",1.584,1.416
2003,SuperBowl,February 1,neutral,Carolina Panthers,https://www.pro-football-reference.com/boxscores/200402010nwe.htm,3,15:00,,,CAR 30,14,10,4-J.Kasay kicks 63 yards from CAR 30 to NE 7. 81-B.Johnson to NE 26 for 19 yards (97-K.Rasmussen).,0.447,0.415
2003,SuperBowl,February 1,neutral,Carolina Panthers,https://www.pro-football-reference.com/boxscores/200402010nwe.htm,3,14:55,1,10,NE 26,14,10,"(14:55) 32-A.Smith right tackle to NE 27 for 1 yard (90-J.Peppers, 99-B.Buckner).",0.861,-0.478
2003,SuperBowl,February 1,neutral,Carolina Panthers,https://www.pro-football-reference.com/boxscores/200402010nwe.htm,3,14:14,2,9,NE 27,14,10,(14:14) 32-A.Smith left guard to NE 30 for 3 yards (21-T.Cousin; 71-M.Willig).,0.384,-0.256
2003,SuperBowl,February 1,neutral,Carolina Panthers,https://www.pro-football-reference.com/boxscores/200402010nwe.htm,3,13:27,3,6,NE 30,14,10,"(13:27) (Shotgun) 12-T.Brady pass to 33-K.Faulk to NE 35 for 5 yards (55-D.Morgan, 27-D.Grant). (4 yards after catch.)",0.128,-0.671
2003,SuperBowl,February 1,neutral,Carolina Panthers,https://www.pro-football-reference.com/boxscores/200402010nwe.htm,3,12:40,4,1,NE 35,14,10,"(12:40) 13-K.Walter punts 23 yards to CAR 42, Center-46-B.Kinchen, downed by NE-46-B.Kinchen. (Punt hang time 4.0 seconds.)",-0.543,-1.295
2003,SuperBowl,February 1,neutral,Carolina Panthers,https://www.pro-football-reference.com/boxscores/200402010nwe.htm,3,12:28,1,10,CAR 42,14,10,"(12:28) 48-S.Davis left guard to CAR 44 for 2 yards (93-R.Seymour, 38-T.Poole).",1.838,-0.288
2003,SuperBowl,February 1,neutral,Carolina Panthers,https://www.pro-football-reference.com/boxscores/200402010nwe.htm,3,11:40,2,8,CAR 44,14,10,"(11:40) 48-S.Davis up the middle to NE 42 for 14 yards (24-T.Law, 26-E.Wilson). PENALTY on CAR-78-J.James, Offensive Holding, 10 yards, enforced at CAR 44 - No Play.",1.549,-0.962
2003,SuperBowl,February 1,neutral,Carolina Panthers,https://www.pro-football-reference.com/boxscores/200402010nwe.htm,3,11:10,2,18,CAR 34,14,10,"(11:10) 48-S.Davis right guard to CAR 35 for 1 yard (92-T.Washington). PENALTY on NE-50-M.Vrabel, Defensive Offside, 5 yards, enforced at CAR 34 - No Play.",0.587,0.373
2003,SuperBowl,February 1,neutral,Carolina Panthers,https://www.pro-football-reference.com/boxscores/200402010nwe.htm,3,10:55,2,13,CAR 39,14,10,(10:55) 17-J.Delhomme pass to 84-J.Wiggins pushed ob at NE 46 for 15 yards (95-R.Phifer).,0.960,1.727
2003,SuperBowl,February 1,neutral,Carolina Panthers,https://www.pro-football-reference.com/boxscores/200402010nwe.htm,3,10:25,1,10,NE 46,14,10,(10:25) 17-J.Delhomme pass to 84-J.Wiggins to NE 40 for 6 yards (37-R.Harrison).,2.687,0.310
2003,SuperBowl,February 1,neutral,Carolina Panthers,https://www.pro-football-reference.com/boxscores/200402010nwe.htm,3,09:36,2,4,NE 40,14,10,(9:36) 17-J.Delhomme pass incomplete to 87-M.Muhammad (24-T.Law). (NE #24 Law knocked the ball loose before CAR #87 Muhammad had possession.),2.997,-0.773
2003,SuperBowl,February 1,neutral,Carolina Panthers,https://www.pro-football-reference.com/boxscores/200402010nwe.htm,3,09:28,3,4,NE 40,14,10,(9:28) 17-J.Delhomme pass incomplete to 81-R.Proehl.,2.224,-2.008
2003,SuperBowl,February 1,neutral,Carolina Panthers,https://www.pro-football-reference.com/boxscores/200402010nwe.htm,3,09:21,4,4,NE 40,14,10,"(9:21) 10-T.Sauerbrun punts 30 yards to NE 10, Center-56-J.Kyle, fair catch by 80-T.Brown. (Punt hang time 4.3 seconds.)",0.216,-0.078
2003,SuperBowl,February 1,neutral,Carolina Panthers,https://www.pro-football-reference.com/boxscores/200402010nwe.htm,3,09:13,1,10,NE 10,14,10,(9:13) 12-T.Brady pass incomplete to 83-D.Branch.,-0.138,-0.536
2003,SuperBowl,February 1,neutral,Carolina Panthers,https://www.pro-football-reference.com/boxscores/200402010nwe.htm,3,09:08,2,10,NE 10,14,10,"(9:08) 12-T.Brady pass to 80-T.Brown to NE 15 for 5 yards (55-D.Morgan, 54-W.Witherspoon).",-0.674,-0.146
2003,SuperBowl,February 1,neutral,Carolina Panthers,https://www.pro-football-reference.com/boxscores/200402010nwe.htm,3,08:28,3,5,NE 15,14,10,(8:28) 12-T.Brady pass to 33-K.Faulk to NE 22 for 7 yards (24-R.Manning). (4 yards after catch.),-0.820,1.444
2003,SuperBowl,February 1,neutral,Carolina Panthers,https://www.pro-football-reference.com/boxscores/200402010nwe.htm,3,07:43,1,10,NE 22,14,10,(7:43) 32-A.Smith right tackle to NE 26 for 4 yards (55-D.Morgan).,0.624,0.023
2003,SuperBowl,February 1,neutral,Carolina Panthers,https://www.pro-football-reference.com/boxscores/200402010nwe.htm,3,07:05,2,6,NE 26,14,10,"(7:05) 32-A.Smith up the middle to NE 29 for 3 yards (55-D.Morgan, 96-A.Wallace).",0.647,-0.267
2003,SuperBowl,February 1,neutral,Carolina Panthers,https://www.pro-football-reference.com/boxscores/200402010nwe.htm,3,06:26,3,3,NE 29,14,10,"(6:26) 33-K.Faulk up the middle to NE 31 for 2 yards (96-A.Wallace, 55-D.Morgan).",0.380,-1.152
2003,SuperBowl,February 1,neutral,Carolina Panthers,https://www.pro-football-reference.com/boxscores/200402010nwe.htm,3,06:05,4,1,NE 31,14,10,"(6:05) 13-K.Walter punts 51 yards to CAR 18, Center-46-B.Kinchen. 89-S.Smith to CAR 20 for 2 yards (30-J.Cherry). PENALTY on CAR-52-B.Allen, Illegal Block Above the Waist, 10 yards, enforced at CAR 20. (Punt hang time 4.2 seconds.)",-0.771,0.911
2003,SuperBowl,February 1,neutral,Carolina Panthers,https://www.pro-football-reference.com/boxscores/200402010nwe.htm,3,05:53,1,10,CAR 10,14,10,(5:53) 48-S.Davis right guard to CAR 12 for 2 yards (91-B.Hamilton).,-0.139,-0.366
2003,SuperBowl,February 1,neutral,Carolina Panthers,https://www.pro-football-reference.com/boxscores/200402010nwe.htm,3,05:15,2,8,CAR 12,14,10,"(5:15) 48-S.Davis right guard to CAR 17 for 5 yards (95-R.Phifer, 55-W.McGinest).",-0.505,0.083
2003,SuperBowl,February 1,neutral,Carolina Panthers,https://www.pro-football-reference.com/boxscores/200402010nwe.htm,3,04:32,3,3,CAR 17,14,10,(4:32) 17-J.Delhomme sacked at CAR 14 for -3 yards (37-R.Harrison).,-0.422,-1.735
2003,SuperBowl,February 1,neutral,Carolina Panthers,https://www.pro-football-reference.com/boxscores/200402010nwe.htm,3,04:10,4,6,CAR 14,14,10,"(4:10) 10-T.Sauerbrun punts 47 yards to NE 39, Center-56-J.Kyle. 80-T.Brown to NE 44 for 5 yards (40-J.Cooper). PENALTY on NE-58-M.Chatham, Offensive Holding, 10 yards, enforced at NE 39.",-2.157,1.029
2003,SuperBowl,February 1,neutral,Carolina Panthers,https://www.pro-football-reference.com/boxscores/200402010nwe.htm,3,03:57,1,10,NE 29,14,10,(3:57) (Shotgun) 12-T.Brady pass to 83-D.Branch to NE 45 for 16 yards (23-R.Howard). (2 yards after catch.),1.128,0.897
2003,SuperBowl,February 1,neutral,Carolina Panthers,https://www.pro-football-reference.com/boxscores/200402010nwe.htm,3,03:25,1,10,NE 45,14,10,"(3:25) PENALTY on CAR-77-K.Jenkins, Encroachment, 5 yards, enforced at NE 45 - No Play.",2.024,0.619
2003,SuperBowl,February 1,neutral,Carolina Panthers,https://www.pro-football-reference.com/boxscores/200402010nwe.htm,3,03:10,1,5,MID 50,14,10,(3:10) 12-T.Brady pass incomplete to 81-B.Johnson (30-M.Minter).,2.643,-0.448
2003,SuperBowl,February 1,neutral,Carolina Panthers,https://www.pro-football-reference.com/boxscores/200402010nwe.htm,3,03:03,2,5,MID 50,14,10,"(3:03) 32-A.Smith left tackle to CAR 46 for 4 yards (27-D.Grant, 30-M.Minter).",2.195,0.129
2003,SuperBowl,February 1,neutral,Carolina Panthers,https://www.pro-football-reference.com/boxscores/200402010nwe.htm,3,02:23,3,1,CAR 46,14,10,(2:23) 32-A.Smith right end to CAR 40 for 6 yards (55-D.Morgan).,2.324,0.751
2003,SuperBowl,February 1,neutral,Carolina Panthers,https://www.pro-football-reference.com/boxscores/200402010nwe.htm,3,01:42,1,10,CAR 40,14,10,(1:42) (Shotgun) 12-T.Brady pass to 83-D.Branch pushed ob at CAR 32 for 8 yards (23-R.Howard). (5 yards after catch.),3.075,0.629
2003,SuperBowl,February 1,neutral,Carolina Panthers,https://www.pro-football-reference.com/boxscores/200402010nwe.htm,3,01:20,2,2,CAR 32,14,10,"(1:20) 33-K.Faulk up the middle to CAR 28 for 4 yards (30-M.Minter). PENALTY on NE-63-J.Andruzzi, Offensive Holding, 10 yards, enforced at CAR 32 - No Play.",3.704,-1.597
2003,SuperBowl,February 1,neutral,Carolina Panthers,https://www.pro-football-reference.com/boxscores/200402010nwe.htm,3,00:55,2,12,CAR 42,14,10,"(:55) 12-T.Brady pass to 82-D.Graham to CAR 9 for 33 yards (30-M.Minter, 27-D.Grant). (16 yards after catch.)",2.107,2.953
2003,SuperBowl,February 1,neutral,Carolina Panthers,https://www.pro-football-reference.com/boxscores/200402010nwe.htm,3,00:13,1,9,CAR 9,14,10,"(:13) 32-A.Smith up the middle to CAR 4 for 5 yards (27-D.Grant, 98-S.Burton).",5.060,0.319
2003,SuperBowl,February 1,neutral,Carolina Panthers,https://www.pro-football-reference.com/boxscores/200402010nwe.htm,4,15:00,2,4,CAR 4,14,10,"(15:00) 12-T.Brady pass incomplete to 88-C.Fauria. PENALTY on CAR-53-G.Favors, Defensive Holding, 2 yards, enforced at CAR 4 - No Play. (Ball was caught out of bounds by NE #88 Fauria.)",5.378,0.803
2003,SuperBowl,February 1,neutral,Carolina Panthers,https://www.pro-football-reference.com/boxscores/200402010nwe.htm,4,14:53,1,2,CAR 2,20,10,"(14:53) 32-A.Smith right end for 2 yards, TOUCHDOWN.",6.181,0.819
2003,SuperBowl,February 1,neutral,Carolina Panthers,https://www.pro-football-reference.com/boxscores/200402010nwe.htm,4,14:49,,,CAR 2,21,10,"4-A.Vinatieri extra point is GOOD, Center-46-B.Kinchen, Holder-13-K.Walter.",0.976,0.024
2003,SuperBowl,February 1,neutral,Carolina Panthers,https://www.pro-football-reference.com/boxscores/200402010nwe.htm,4,14:49,,,NE 30,21,10,4-A.Vinatieri kicks 73 yards from NE 30 to CAR -3. 32-R.Smart to CAR 19 for 22 yards (53-L.Izzo).,0.602,-0.115
2003,SuperBowl,February 1,neutral,Carolina Panthers,https://www.pro-football-reference.com/boxscores/200402010nwe.htm,4,14:44,1,10,CAR 19,21,10,(14:44) 17-J.Delhomme pass to 87-M.Muhammad to CAR 32 for 13 yards (54-T.Bruschi). (3 yards after catch.),0.487,0.827
2003,SuperBowl,February 1,neutral,Carolina Panthers,https://www.pro-football-reference.com/boxscores/200402010nwe.htm,4,14:22,1,10,CAR 32,21,10,"(14:22) (Shotgun) PENALTY on CAR-65-K.Donnalley, False Start, 5 yards, enforced at CAR 32 - No Play.",1.314,-0.546
2003,SuperBowl,February 1,neutral,Carolina Panthers,https://www.pro-football-reference.com/boxscores/200402010nwe.htm,4,13:59,1,15,CAR 27,21,10,(13:59) 17-J.Delhomme pass to 89-S.Smith to CAR 45 for 18 yards (37-R.Harrison).,0.768,1.289
2003,SuperBowl,February 1,neutral,Carolina Panthers,https://www.pro-football-reference.com/boxscores/200402010nwe.htm,4,13:26,1,10,CAR 45,21,10,(13:26) (Shotgun) 17-J.Delhomme pass incomplete to 45-B.Hoover.,2.058,-0.433
2003,SuperBowl,February 1,neutral,Carolina Panthers,https://www.pro-football-reference.com/boxscores/200402010nwe.htm,4,13:20,2,10,CAR 45,21,10,(13:20) 17-J.Delhomme pass to 89-S.Smith to NE 33 for 22 yards (38-T.Poole). (3 yards after catch.),1.625,1.938
2003,SuperBowl,February 1,neutral,Carolina Panthers,https://www.pro-football-reference.com/boxscores/200402010nwe.htm,4,12:51,1,10,NE 33,21,10,(12:51) (Shotgun) 17-J.Delhomme pass incomplete to 89-S.Smith (92-T.Washington).,3.562,-0.363
2003,SuperBowl,February 1,neutral,Carolina Panthers,https://www.pro-football-reference.com/boxscores/200402010nwe.htm,4,12:48,2,10,NE 33,21,16,"(12:48) (Shotgun) 20-D.Foster left guard for 33 yards, TOUCHDOWN.",3.200,3.800
2003,SuperBowl,February 1,neutral,Carolina Panthers,https://www.pro-football-reference.com/boxscores/200402010nwe.htm,4,12:39,,,NE 2,21,16,TWO-POINT CONVERSION ATTEMPT. 17-J.Delhomme pass to 87-M.Muhammad is incomplete. ATTEMPT FAILS.,0.947,-0.947
2003,SuperBowl,February 1,neutral,Carolina Panthers,https://www.pro-football-reference.com/boxscores/200402010nwe.htm,4,12:39,,,CAR 30,21,16,"4-J.Kasay kicks 57 yards from CAR 30 to NE 13. 81-B.Johnson to NE 27 for 14 yards (52-B.Allen, 40-J.Cooper).",0.708,0.382
2003,SuperBowl,February 1,neutral,Carolina Panthers,https://www.pro-football-reference.com/boxscores/200402010nwe.htm,4,12:32,1,10,NE 27,21,16,(12:32) 12-T.Brady pass to 83-D.Branch to NE 41 for 14 yards (23-R.Howard). (2 yards after catch.),1.090,0.799
2003,SuperBowl,February 1,neutral,Carolina Panthers,https://www.pro-football-reference.com/boxscores/200402010nwe.htm,4,11:56,1,10,NE 41,21,16,(11:56) 12-T.Brady pass incomplete to 80-T.Brown. (6 yards after catch.),1.889,-0.439
2003,SuperBowl,February 1,neutral,Carolina Panthers,https://www.pro-football-reference.com/boxscores/200402010nwe.htm,4,11:51,2,10,NE 41,21,16,(11:51) (Shotgun) 12-T.Brady pass to 80-T.Brown to CAR 47 for 12 yards (90-J.Peppers).,1.450,1.196
2003,SuperBowl,February 1,neutral,Carolina Panthers,https://www.pro-football-reference.com/boxscores/200402010nwe.htm,4,11:13,1,10,CAR 47,21,16,(11:13) 32-A.Smith right guard to CAR 41 for 6 yards (30-M.Minter).,2.646,0.320
2003,SuperBowl,February 1,neutral,Carolina Panthers,https://www.pro-football-reference.com/boxscores/200402010nwe.htm,4,10:30,2,4,CAR 41,21,16,(10:30) 32-A.Smith right end to CAR 39 for 2 yards (77-K.Jenkins).,2.966,-0.510
2003,SuperBowl,February 1,neutral,Carolina Panthers,https://www.pro-football-reference.com/boxscores/200402010nwe.htm,4,09:48,3,2,CAR 39,21,16,(9:48) 12-T.Brady pass to 82-D.Graham ran ob at CAR 33 for 6 yards (54-W.Witherspoon). (5 yards after catch.),2.457,1.152
2003,SuperBowl,February 1,neutral,Carolina Panthers,https://www.pro-football-reference.com/boxscores/200402010nwe.htm,4,09:21,1,10,CAR 33,21,16,(9:21) 33-K.Faulk right tackle to CAR 10 for 23 yards (54-W.Witherspoon; 24-R.Manning).,3.609,1.386
2003,SuperBowl,February 1,neutral,Carolina Panthers,https://www.pro-football-reference.com/boxscores/200402010nwe.htm,4,07:53,1,10,CAR 10,21,16,(7:53) 32-A.Smith left guard to CAR 9 for 1 yard (98-S.Burton).,4.995,-0.432
2003,SuperBowl,February 1,neutral,Carolina Panthers,https://www.pro-football-reference.com/boxscores/200402010nwe.htm,4,07:53,2,9,CAR 9,21,16,(7:53) 12-T.Brady pass incomplete to 87-D.Givens (21-T.Cousin).,4.563,-0.701
2003,SuperBowl,February 1,neutral,Carolina Panthers,https://www.pro-football-reference.com/boxscores/200402010nwe.htm,4,07:48,3,9,CAR 9,21,16,(7:48) 12-T.Brady pass intended for 88-C.Fauria INTERCEPTED by 23-R.Howard at CAR -2. 23-R.Howard to CAR 10 for 12 yards (67-D.Koppen).,3.863,-4.049
2003,SuperBowl,February 1,neutral,Carolina Panthers,https://www.pro-football-reference.com/boxscores/200402010nwe.htm,4,07:38,1,10,CAR 10,21,16,"(7:38) 17-J.Delhomme pass to 81-R.Proehl to CAR 15 for 5 yards (38-T.Poole). PENALTY on NE-55-W.McGinest, Illegal Use of Hands, 5 yards, enforced at CAR 10 - No Play.",0.187,0.290
2003,SuperBowl,February 1,neutral,Carolina Panthers,https://www.pro-football-reference.com/boxscores/200402010nwe.htm,4,07:19,1,10,CAR 15,21,16,"(7:19) 17-J.Delhomme pass incomplete to 86-K.Mangum (93-R.Seymour). Penalty on CAR-69-J.Gross, Ineligible Downfield Pass, declined.",0.476,-0.530
2003,SuperBowl,February 1,neutral,Carolina Panthers,https://www.pro-football-reference.com/boxscores/200402010nwe.htm,4,07:12,2,10,CAR 15,21,16,(7:12) 17-J.Delhomme pass incomplete to 89-S.Smith. (35 yards after catch.),-0.054,-0.621
2003,SuperBowl,February 1,neutral,Carolina Panthers,https://www.pro-football-reference.com/boxscores/200402010nwe.htm,4,07:06,3,10,CAR 15,21,22,"(7:06) 17-J.Delhomme pass to 87-M.Muhammad for 85 yards, TOUCHDOWN. (NE #26 Wilson was injured on the play.)",-0.675,7.675
2003,SuperBowl,February 1,neutral,Carolina Panthers,https://www.pro-football-reference.com/boxscores/200402010nwe.htm,4,06:53,,,NE 2,21,22,TWO-POINT CONVERSION ATTEMPT. 17-J.Delhomme pass to 85-K.Dyson is incomplete. ATTEMPT FAILS.,0.947,-0.947
2003,SuperBowl,February 1,neutral,Carolina Panthers,https://www.pro-football-reference.com/boxscores/200402010nwe.htm,4,06:53,,,CAR 30,21,22,4-J.Kasay kicks 67 yards from CAR 30 to NE 3. 81-B.Johnson to NE 32 for 29 yards (21-T.Cousin).,0.868,0.725
2003,SuperBowl,February 1,neutral,Carolina Panthers,https://www.pro-football-reference.com/boxscores/200402010nwe.htm,4,06:47,1,10,NE 32,21,22,(6:47) (Shotgun) 12-T.Brady pass to 33-K.Faulk to NE 34 for 2 yards (55-D.Morgan).,1.593,-0.441
2003,SuperBowl,February 1,neutral,Carolina Panthers,https://www.pro-football-reference.com/boxscores/200402010nwe.htm,4,06:16,2,8,NE 34,21,22,"(6:16) (Shotgun) 12-T.Brady pass incomplete to 83-D.Branch. PENALTY on CAR-55-D.Morgan, Defensive Holding, 5 yards, enforced at NE 34 - No Play.",1.152,0.804
2003,SuperBowl,February 1,neutral,Carolina Panthers,https://www.pro-football-reference.com/boxscores/200402010nwe.htm,4,06:10,1,10,NE 39,21,22,(6:10) (Shotgun) 12-T.Brady pass to 33-K.Faulk to NE 44 for 5 yards (54-W.Witherspoon).,1.956,-0.007
2003,SuperBowl,February 1,neutral,Carolina Panthers,https://www.pro-football-reference.com/boxscores/200402010nwe.htm,4,05:41,2,5,NE 44,21,22,(5:41) (Shotgun) 12-T.Brady pass incomplete to 87-D.Givens (21-T.Cousin).,1.949,-0.644
2003,SuperBowl,February 1,neutral,Carolina Panthers,https://www.pro-football-reference.com/boxscores/200402010nwe.htm,4,05:36,3,5,NE 44,21,22,(5:36) 12-T.Brady pass to 80-T.Brown to 50 for 6 yards (54-W.Witherspoon). (2 yards after catch.),1.305,1.271
2003,SuperBowl,February 1,neutral,Carolina Panthers,https://www.pro-football-reference.com/boxscores/200402010nwe.htm,4,05:03,1,10,MID 50,21,22,(5:03) (Shotgun) 33-K.Faulk right guard to CAR 47 for 3 yards (96-A.Wallace).,2.576,-0.285
2003,SuperBowl,February 1,neutral,Carolina Panthers,https://www.pro-football-reference.com/boxscores/200402010nwe.htm,4,04:28,2,7,CAR 47,21,22,(4:28) (Shotgun) 12-T.Brady pass to 87-D.Givens pushed ob at CAR 22 for 25 yards (27-D.Grant). (9 yards after catch.),2.292,2.002
2003,SuperBowl,February 1,neutral,Carolina Panthers,https://www.pro-football-reference.com/boxscores/200402010nwe.htm,4,04:21,1,10,CAR 22,21,22,"(4:21) 32-A.Smith left guard to CAR 21 for 1 yard (30-M.Minter, 55-D.Morgan).",4.294,-0.600
2003,SuperBowl,February 1,neutral,Carolina Panthers,https://www.pro-football-reference.com/boxscores/200402010nwe.htm,4,03:45,2,9,CAR 21,21,22,"(3:45) 12-T.Brady pass incomplete. Penalty on NE-68-T.Ashworth, Illegal Touch Pass, declined.",3.693,-0.493
2003,SuperBowl,February 1,neutral,Carolina Panthers,https://www.pro-football-reference.com/boxscores/200402010nwe.htm,4,03:40,3,9,CAR 21,21,22,(3:40) 12-T.Brady pass to 87-D.Givens pushed ob at CAR 3 for 18 yards (24-R.Manning). (4 yards after catch.),3.201,2.797
2003,SuperBowl,February 1,neutral,Carolina Panthers,https://www.pro-football-reference.com/boxscores/200402010nwe.htm,4,03:33,1,3,CAR 3,21,22,"(3:33) 32-A.Smith right tackle to CAR 1 for 2 yards (55-D.Morgan, 30-M.Minter).",5.997,0.087
2003,SuperBowl,February 1,neutral,Carolina Panthers,https://www.pro-football-reference.com/boxscores/200402010nwe.htm,4,02:55,2,1,CAR 1,27,22,"(2:55) 12-T.Brady pass to 50-M.Vrabel for 1 yard, TOUCHDOWN.",6.084,0.916
2003,SuperBowl,February 1,neutral,Carolina Panthers,https://www.pro-football-reference.com/boxscores/200402010nwe.htm,4,02:51,,,CAR 2,29,22,(Pass formation) TWO-POINT CONVERSION ATTEMPT. 33-K.Faulk rushes up the middle. ATTEMPT SUCCEEDS. (NE lined up in a shotgun formation and snapped the ball directly to #33 Faulk.),0.947,1.053
2003,SuperBowl,February 1,neutral,Carolina Panthers,https://www.pro-football-reference.com/boxscores/200402010nwe.htm,4,02:51,,,NE 30,29,22,"4-A.Vinatieri kicks 70 yards from NE 30 to CAR 0. 89-S.Smith ran ob at CAR 37 for 37 yards (4-A.Vinatieri). PENALTY on CAR-57-L.Towns, Offensive Holding, 10 yards, enforced at CAR 30.",0.739,-0.015
2003,SuperBowl,February 1,neutral,Carolina Panthers,https://www.pro-football-reference.com/boxscores/200402010nwe.htm,4,02:43,1,10,CAR 20,29,22,(2:43) 17-J.Delhomme pass to 20-D.Foster to CAR 29 for 9 yards (24-T.Law).,0.724,0.580
2003,SuperBowl,February 1,neutral,Carolina Panthers,https://www.pro-football-reference.com/boxscores/200402010nwe.htm,4,02:19,2,1,CAR 29,29,22,(2:19) (Shotgun) 20-D.Foster up the middle to CAR 36 for 7 yards (37-R.Harrison).,1.304,0.304
2003,SuperBowl,February 1,neutral,Carolina Panthers,https://www.pro-football-reference.com/boxscores/200402010nwe.htm,4,02:01,1,10,CAR 36,29,22,(2:01) (Shotgun) 17-J.Delhomme pass to 87-M.Muhammad pushed ob at NE 45 for 19 yards (37-R.Harrison).,1.609,0.953
2003,SuperBowl,February 1,neutral,Carolina Panthers,https://www.pro-football-reference.com/boxscores/200402010nwe.htm,4,01:56,1,10,NE 45,29,22,(1:56) 17-J.Delhomme pass to 81-R.Proehl to NE 14 for 31 yards (39-S.Mayer). (9 yards after catch.),2.562,1.961
2003,SuperBowl,February 1,neutral,Carolina Panthers,https://www.pro-football-reference.com/boxscores/200402010nwe.htm,4,01:43,,,NE 14,29,22,Timeout #1 by CAR at 01:43.,4.523,0.000
2003,SuperBowl,February 1,neutral,Carolina Panthers,https://www.pro-football-reference.com/boxscores/200402010nwe.htm,4,01:43,1,10,NE 14,29,22,(1:43) 17-J.Delhomme pass incomplete to 87-M.Muhammad (34-C.Akins).,4.523,-0.385
2003,SuperBowl,February 1,neutral,Carolina Panthers,https://www.pro-football-reference.com/boxscores/200402010nwe.htm,4,01:38,2,10,NE 14,29,22,(1:38) 17-J.Delhomme pass to 86-K.Mangum to NE 12 for 2 yards (24-T.Law).,4.138,-0.588
2003,SuperBowl,February 1,neutral,Carolina Panthers,https://www.pro-football-reference.com/boxscores/200402010nwe.htm,4,01:13,3,8,NE 12,29,28,"(1:13) (Shotgun) 17-J.Delhomme pass to 81-R.Proehl for 12 yards, TOUCHDOWN.",3.550,3.450
2003,SuperBowl,February 1,neutral,Carolina Panthers,https://www.pro-football-reference.com/boxscores/200402010nwe.htm,4,01:08,,,NE 2,29,29,"4-J.Kasay extra point is GOOD, Center-56-J.Kyle, Holder-10-T.Sauerbrun.",0.976,0.024
2003,SuperBowl,February 1,neutral,Carolina Panthers,https://www.pro-football-reference.com/boxscores/200402010nwe.htm,4,01:08,,,CAR 30,29,29,"4-J.Kasay kicks 52 yards from CAR 30 to NE 18, out of bounds.",0.580,0.959
2003,SuperBowl,February 1,neutral,Carolina Panthers,https://www.pro-football-reference.com/boxscores/200402010nwe.htm,4,01:08,1,10,NE 40,29,29,(1:08) 12-T.Brady pass incomplete to 83-D.Branch.,1.539,-0.329
2003,SuperBowl,February 1,neutral,Carolina Panthers,https://www.pro-football-reference.com/boxscores/200402010nwe.htm,4,01:04,2,10,NE 40,29,29,(1:04) (Shotgun) 12-T.Brady pass to 80-T.Brown to CAR 47 for 13 yards (30-M.Minter; 24-R.Manning).,1.210,0.901
2003,SuperBowl,February 1,neutral,Carolina Panthers,https://www.pro-football-reference.com/boxscores/200402010nwe.htm,4,00:51,,,CAR 47,29,29,Timeout #1 by NE at 00:51.,2.111,0.000
2003,SuperBowl,February 1,neutral,Carolina Panthers,https://www.pro-football-reference.com/boxscores/200402010nwe.htm,4,00:51,1,10,CAR 47,29,29,"(:51) (Shotgun) 12-T.Brady pass to 80-T.Brown to CAR 27 for 20 yards (21-T.Cousin). PENALTY on NE-80-T.Brown, Offensive Pass Interference, 10 yards, enforced at CAR 47 - No Play.",2.111,-1.066
2003,SuperBowl,February 1,neutral,Carolina Panthers,https://www.pro-football-reference.com/boxscores/200402010nwe.htm,4,00:44,1,20,NE 43,29,29,(:44) (Shotgun) 12-T.Brady pass to 80-T.Brown to CAR 44 for 13 yards (21-T.Cousin; 54-W.Witherspoon).,1.045,0.368
2003,SuperBowl,February 1,neutral,Carolina Panthers,https://www.pro-football-reference.com/boxscores/200402010nwe.htm,4,00:20,2,7,CAR 44,29,29,(:20) (Shotgun) 12-T.Brady pass to 82-D.Graham to CAR 40 for 4 yards (30-M.Minter).,1.413,-0.136
2003,SuperBowl,February 1,neutral,Carolina Panthers,https://www.pro-football-reference.com/boxscores/200402010nwe.htm,4,00:14,,,CAR 40,29,29,Timeout #2 by NE at 00:14.,1.276,0.000
2003,SuperBowl,February 1,neutral,Carolina Panthers,https://www.pro-football-reference.com/boxscores/200402010nwe.htm,4,00:14,3,3,CAR 40,29,29,(:14) (Shotgun) 12-T.Brady pass to 83-D.Branch to CAR 23 for 17 yards (30-M.Minter).,1.276,1.021
2003,SuperBowl,February 1,neutral,Carolina Panthers,https://www.pro-football-reference.com/boxscores/200402010nwe.htm,4,00:09,,,,29,29,Timeout #3 by NE at 00:09.,2.298,0.000
2003,SuperBowl,February 1,neutral,Carolina Panthers,https://www.pro-football-reference.com/boxscores/200402010nwe.htm,4,00:09,,,CAR 23,29,29,Timeout #2 by CAR at 00:09.,2.298,0.000
2003,SuperBowl,February 1,neutral,Carolina Panthers,https://www.pro-football-reference.com/boxscores/200402010nwe.htm,4,00:09,1,10,CAR 23,32,29,"(:09) 4-A.Vinatieri 41 yard field goal is GOOD, Center-46-B.Kinchen, Holder-13-K.Walter.",2.298,0.702
2003,SuperBowl,February 1,neutral,Carolina Panthers,https://www.pro-football-reference.com/boxscores/200402010nwe.htm,4,00:04,,,NE 30,32,29,4-A.Vinatieri kicks 68 yards from NE 30 to CAR 2. 32-R.Smart to CAR 22 for 20 yards (58-M.Chatham).,-0.005,0.005
